Time (BJD_TBD - 2450000), F_star + F_c (mJy)
9.903683680555783212e+03,3.860735817667229064e+00
9.903683703452748887e+03,3.860735865135194622e+00
9.903683726349714561e+03,3.860735912604089659e+00
9.903683749246680236e+03,3.860735960073913287e+00
9.903683772143645911e+03,3.860736007544664616e+00
9.903683795040611585e+03,3.860736055016344537e+00
9.903683817937577260e+03,3.860736102488952159e+00
9.903683840834542934e+03,3.860736149962488373e+00
9.903683863731508609e+03,3.860736197436951400e+00
9.903683886628474283e+03,3.860736244912342130e+00
9.903683909525439958e+03,3.860736292388660562e+00
9.903683932422405633e+03,3.860736339865905364e+00
9.903683955319371307e+03,3.860736387344077869e+00
9.903683978216336982e+03,3.860736434823176744e+00
9.903684001113302656e+03,3.860736482303202433e+00
9.903684024010268331e+03,3.860736529784154492e+00
9.903684046907234006e+03,3.860736577266032921e+00
9.903684069804199680e+03,3.860736624748837276e+00
9.903684092701163536e+03,3.860736672232564448e+00
9.903684115598129210e+03,3.860736719717220211e+00
9.903684138495094885e+03,3.860736767202802788e+00
9.903684161392060560e+03,3.860736814689309515e+00
9.903684184289026234e+03,3.860736862176742612e+00
9.903684207185991909e+03,3.860736909665100747e+00
9.903684230082957583e+03,3.860736957154383475e+00
9.903684252979923258e+03,3.860737004644590797e+00
9.903684275876888933e+03,3.860737052135722713e+00
9.903684298773854607e+03,3.860737099627779667e+00
9.903684321670820282e+03,3.860737147120760770e+00
9.903684344567785956e+03,3.860737194614665579e+00
9.903684367464751631e+03,3.860737242109494538e+00
9.903684390361717305e+03,3.860737289605247646e+00
9.903684413258682980e+03,3.860737337101924460e+00
9.903684436155648655e+03,3.860737384599524535e+00
9.903684459052614329e+03,3.860737432098047428e+00
9.903684481949580004e+03,3.860737479597493582e+00
9.903684504846545678e+03,3.860737527097862998e+00
9.903684527743511353e+03,3.860737574599154787e+00
9.903684550640477028e+03,3.860737622101369837e+00
9.903684573537442702e+03,3.860737669604506817e+00
9.903684596434408377e+03,3.860737717108566169e+00
9.903684619331374051e+03,3.860737764613547451e+00
9.903684642228339726e+03,3.860737812119451551e+00
9.903684665125305401e+03,3.860737859626275803e+00
9.903684688022271075e+03,3.860737907134023317e+00
9.903684710919236750e+03,3.860737954642691427e+00
9.903684733816202424e+03,3.860738002152281023e+00
9.903684756713168099e+03,3.860738049662792104e+00
9.903684779610133774e+03,3.860738097174223338e+00
9.903684802507099448e+03,3.860738144686575612e+00
9.903684825404065123e+03,3.860738192199848040e+00
9.903684848301030797e+03,3.860738239714041953e+00
9.903684871197996472e+03,3.860738287229155574e+00
9.903684894094960327e+03,3.860738334745185796e+00
9.903684916991926002e+03,3.860738382262138835e+00
9.903684939888891677e+03,3.860738429780012471e+00
9.903684962785857351e+03,3.860738477298805815e+00
9.903684985682823026e+03,3.860738524818517980e+00
9.903685008579788700e+03,3.860738572339149854e+00
9.903685031476754375e+03,3.860738619860700549e+00
9.903685054373720050e+03,3.860738667383170064e+00
9.903685077270685724e+03,3.860738714906559288e+00
9.903685100167651399e+03,3.860738762430865556e+00
9.903685123064617073e+03,3.860738809956091977e+00
9.903685145961582748e+03,3.860738857482235886e+00
9.903685168858548423e+03,3.860738905009297284e+00
9.903685191755514097e+03,3.860738952537277058e+00
9.903685214652479772e+03,3.860739000066175208e+00
9.903685237549445446e+03,3.860739047595990403e+00
9.903685260446411121e+03,3.860739095126722642e+00
9.903685283343376796e+03,3.860739142658371925e+00
9.903685306240342470e+03,3.860739190190939141e+00
9.903685329137308145e+03,3.860739237724422956e+00
9.903685352034273819e+03,3.860739285258823816e+00
9.903685374931239494e+03,3.860739332794140832e+00
9.903685397828205168e+03,3.860739380330374004e+00
9.903685420725170843e+03,3.860739427867523776e+00
9.903685443622136518e+03,3.860739475405589705e+00
9.903685466519102192e+03,3.860739522944571789e+00
9.903685489416067867e+03,3.860739570484469141e+00
9.903685512313033541e+03,3.860739618025282205e+00
9.903685535209999216e+03,3.860739665567010537e+00
9.903685558106964891e+03,3.860739713109654137e+00
9.903685581003930565e+03,3.860739760653213448e+00
9.903685603900896240e+03,3.860739808197687140e+00
9.903685626797861914e+03,3.860739855743075211e+00
9.903685649694827589e+03,3.860739903289378105e+00
9.903685672591793264e+03,3.860739950836595824e+00
9.903685695488757119e+03,3.860739998384723481e+00
9.903685718385722794e+03,3.860740045933769071e+00
9.903685741282688468e+03,3.860740093483728153e+00
9.903685764179654143e+03,3.860740141034602058e+00
9.903685787076619818e+03,3.860740188586389010e+00
9.903685809973585492e+03,3.860740236139089454e+00
9.903685832870551167e+03,3.860740283692702501e+00
9.903685855767516841e+03,3.860740331247228596e+00
9.903685878664482516e+03,3.860740378802668626e+00
9.903685901561448190e+03,3.860740426359020372e+00
9.903685924458413865e+03,3.860740473916285165e+00
9.903685947355379540e+03,3.860740521474462561e+00
9.903685970252345214e+03,3.860740569033551228e+00
9.903685993149310889e+03,3.860740616593552499e+00
9.903686016046276563e+03,3.860740664154465929e+00
9.903686038943242238e+03,3.860740711716290630e+00
9.903686061840207913e+03,3.860740759279027046e+00
9.903686084737173587e+03,3.860740806842674733e+00
9.903686107634139262e+03,3.860740854407234579e+00
9.903686130531104936e+03,3.860740901972704364e+00
9.903686153428070611e+03,3.860740949539085420e+00
9.903686176325036286e+03,3.860740997106376859e+00
9.903686199222001960e+03,3.860741044674579125e+00
9.903686222118967635e+03,3.860741092243691774e+00
9.903686245015933309e+03,3.860741139813714806e+00
9.903686267912898984e+03,3.860741187384647333e+00
9.903686290809864659e+03,3.860741234956489798e+00
9.903686313706830333e+03,3.860741282529241758e+00
9.903686336603796008e+03,3.860741330102904101e+00
9.903686359500761682e+03,3.860741377677475050e+00
9.903686382397727357e+03,3.860741425252955494e+00
9.903686405294693031e+03,3.860741472829344989e+00
9.903686428191658706e+03,3.860741520406643534e+00
9.903686451088624381e+03,3.860741567984850242e+00
9.903686473985590055e+03,3.860741615563966445e+00
9.903686496882553911e+03,3.860741663143986369e+00
9.903686519779519585e+03,3.860741710724918452e+00
9.903686542676485260e+03,3.860741758306758697e+00
9.903686565573450935e+03,3.860741805889506661e+00
9.903686588470416609e+03,3.860741853473162344e+00
9.903686611367382284e+03,3.860741901057725745e+00
9.903686634264347958e+03,3.860741948643195531e+00
9.903686657161313633e+03,3.860741996229573481e+00
9.903686680058279308e+03,3.860742043816858260e+00
9.903686702955244982e+03,3.860742091405049869e+00
9.903686725852210657e+03,3.860742138994147865e+00
9.903686748749176331e+03,3.860742186584152247e+00
9.903686771646142006e+03,3.860742234175063459e+00
9.903686794543107681e+03,3.860742281766880613e+00
9.903686817440073355e+03,3.860742329359603708e+00
9.903686840337039030e+03,3.860742376953232746e+00
9.903686863234004704e+03,3.860742424547768170e+00
9.903686886130970379e+03,3.860742472143208204e+00
9.903686909027936053e+03,3.860742519739553735e+00
9.903686931924901728e+03,3.860742567336804321e+00
9.903686954821867403e+03,3.860742614934959516e+00
9.903686977718833077e+03,3.860742662534020653e+00
9.903687000615798752e+03,3.860742710133986400e+00
9.903687023512764426e+03,3.860742757734855424e+00
9.903687046409730101e+03,3.860742805336629946e+00
9.903687069306695776e+03,3.860742852939307745e+00
9.903687092203661450e+03,3.860742900542889711e+00
9.903687115100627125e+03,3.860742948147376286e+00
9.903687137997592799e+03,3.860742995752766138e+00
9.903687160894558474e+03,3.860743043359059268e+00
9.903687183791524149e+03,3.860743090966254787e+00
9.903687206688489823e+03,3.860743138574354916e+00
9.903687229585455498e+03,3.860743186183357434e+00
9.903687252482421172e+03,3.860743233793262341e+00
9.903687275379386847e+03,3.860743281404070970e+00
9.903687298276350703e+03,3.860743329015777991e+00
9.903687321173316377e+03,3.860743376628390511e+00
9.903687344070282052e+03,3.860743424241904975e+00
9.903687366967247726e+03,3.860743471856322273e+00
9.903687389864213401e+03,3.860743519471640628e+00
9.903687412761179075e+03,3.860743567087861372e+00
9.903687435658144750e+03,3.860743614704983173e+00
9.903687458555110425e+03,3.860743662323006475e+00
9.903687481452076099e+03,3.860743709941930835e+00
9.903687504349041774e+03,3.860743757561755807e+00
9.903687527246007448e+03,3.860743805182481836e+00
9.903687550142973123e+03,3.860743852804108478e+00
9.903687573039938798e+03,3.860743900426635289e+00
9.903687595936904472e+03,3.860743948050062713e+00
9.903687618833870147e+03,3.860743995674390749e+00
9.903687641730835821e+03,3.860744043299617623e+00
9.903687664627801496e+03,3.860744090925745553e+00
9.903687687524767171e+03,3.860744138552771876e+00
9.903687710421732845e+03,3.860744186180698811e+00
9.903687733318698520e+03,3.860744233809524140e+00
9.903687756215664194e+03,3.860744281439248748e+00
9.903687779112629869e+03,3.860744329069872194e+00
9.903687802009595543e+03,3.860744376701394920e+00
9.903687824906561218e+03,3.860744424333816038e+00
9.903687847803526893e+03,3.860744471967135105e+00
9.903687870700492567e+03,3.860744519601353453e+00
9.903687893597458242e+03,3.860744567236469305e+00
9.903687916494423916e+03,3.860744614872483549e+00
9.903687939391389591e+03,3.860744662509394853e+00
9.903687962288355266e+03,3.860744710147203662e+00
9.903687985185320940e+03,3.860744757785910863e+00
9.903688008082286615e+03,3.860744805425514681e+00
9.903688030979252289e+03,3.860744853066016002e+00
9.903688053876217964e+03,3.860744900707413496e+00
9.903688076773183639e+03,3.860744948349708494e+00
9.903688099670147494e+03,3.860744995992896111e+00
9.903688122567113169e+03,3.860745043636983453e+00
9.903688145464078843e+03,3.860745091281966968e+00
9.903688168361044518e+03,3.860745138927847542e+00
9.903688191258010193e+03,3.860745186574623844e+00
9.903688214154975867e+03,3.860745234222295430e+00
9.903688237051941542e+03,3.860745281870862300e+00
9.903688259948907216e+03,3.860745329520325342e+00
9.903688282845872891e+03,3.860745377170683668e+00
9.903688305742838565e+03,3.860745424821936389e+00
9.903688328639804240e+03,3.860745472474084394e+00
9.903688351536769915e+03,3.860745520127126795e+00
9.903688374433735589e+03,3.860745567781064480e+00
9.903688397330701264e+03,3.860745615435895672e+00
9.903688420227666938e+03,3.860745663091622148e+00
9.903688443124632613e+03,3.860745710748242132e+00
9.903688466021598288e+03,3.860745758405755623e+00
9.903688488918563962e+03,3.860745806064163954e+00
9.903688511815529637e+03,3.860745853723465348e+00
9.903688534712495311e+03,3.860745901383659806e+00
9.903688557609460986e+03,3.860745949044747327e+00
9.903688580506426661e+03,3.860745996706727912e+00
9.903688603403392335e+03,3.860746044369602004e+00
9.903688626300358010e+03,3.860746092033368715e+00
9.903688649197323684e+03,3.860746139698028045e+00
9.903688672094289359e+03,3.860746187363579551e+00
9.903688694991255034e+03,3.860746235030022344e+00
9.903688717888220708e+03,3.860746282697358644e+00
9.903688740785186383e+03,3.860746330365586232e+00
9.903688763682152057e+03,3.860746378034705995e+00
9.903688786579117732e+03,3.860746425704717044e+00
9.903688809476083406e+03,3.860746473375618493e+00
9.903688832373049081e+03,3.860746521047412561e+00
9.903688855270014756e+03,3.860746568720097027e+00
9.903688878166980430e+03,3.860746616393672337e+00
9.903688901063944286e+03,3.860746664068134493e+00
9.903688923960909960e+03,3.860746711743491488e+00
9.903688946857875635e+03,3.860746759419738439e+00
9.903688969754841310e+03,3.860746807096875788e+00
9.903688992651806984e+03,3.860746854774902648e+00
9.903689015548772659e+03,3.860746902453820351e+00
9.903689038445738333e+03,3.860746950133626676e+00
9.903689061342704008e+03,3.860746997814323400e+00
9.903689084239669683e+03,3.860747045495909191e+00
9.903689107136635357e+03,3.860747093178384048e+00
9.903689130033601032e+03,3.860747140861747528e+00
9.903689152930566706e+03,3.860747188546000519e+00
9.903689175827532381e+03,3.860747236231141688e+00
9.903689198724498056e+03,3.860747283917171924e+00
9.903689221621463730e+03,3.860747331604090782e+00
9.903689244518429405e+03,3.860747379291897374e+00
9.903689267415395079e+03,3.860747426980591257e+00
9.903689290312360754e+03,3.860747474670174206e+00
9.903689313209326428e+03,3.860747522360644002e+00
9.903689336106292103e+03,3.860747570052001976e+00
9.903689359003257778e+03,3.860747617744246352e+00
9.903689381900223452e+03,3.860747665437378462e+00
9.903689404797189127e+03,3.860747713131397418e+00
9.903689427694154801e+03,3.860747760826304109e+00
9.903689450591120476e+03,3.860747808522096758e+00
9.903689473488086151e+03,3.860747856218775809e+00
9.903689496385051825e+03,3.860747903916340817e+00
9.903689519282017500e+03,3.860747951614792228e+00
9.903689542178983174e+03,3.860747999314130041e+00
9.903689565075948849e+03,3.860748047014353368e+00
9.903689587972914524e+03,3.860748094715462653e+00
9.903689610869880198e+03,3.860748142417457451e+00
9.903689633766845873e+03,3.860748190120336876e+00
9.903689656663811547e+03,3.860748237824102702e+00
9.903689679560777222e+03,3.860748285528752266e+00
9.903689702457741078e+03,3.860748333234283347e+00
9.903689725354706752e+03,3.860748380940702607e+00
9.903689748251672427e+03,3.860748428648006492e+00
9.903689771148638101e+03,3.860748476356195003e+00
9.903689794045603776e+03,3.860748524065267251e+00
9.903689816942569450e+03,3.860748571775224125e+00
9.903689839839535125e+03,3.860748619486064293e+00
9.903689862736500800e+03,3.860748667197788642e+00
9.903689885633466474e+03,3.860748714910395396e+00
9.903689908530432149e+03,3.860748762623885888e+00
9.903689931427397823e+03,3.860748810338259673e+00
9.903689954324363498e+03,3.860748858053516752e+00
9.903689977221329173e+03,3.860748905769655792e+00
9.903690000118294847e+03,3.860748953486678570e+00
9.903690023015260522e+03,3.860749001204582864e+00
9.903690045912226196e+03,3.860749048923369564e+00
9.903690068809191871e+03,3.860749096643039113e+00
9.903690091706157546e+03,3.860749144363590180e+00
9.903690114603123220e+03,3.860749192085022763e+00
9.903690137500088895e+03,3.860749239807336863e+00
9.903690160397054569e+03,3.860749287530532481e+00
9.903690183294020244e+03,3.860749335254609615e+00
9.903690206190985919e+03,3.860749382979568711e+00
9.903690229087951593e+03,3.860749430705407104e+00
9.903690251984917268e+03,3.860749478432127457e+00
9.903690274881882942e+03,3.860749526159727996e+00
9.903690297778848617e+03,3.860749573888209163e+00
9.903690320675814291e+03,3.860749621617570515e+00
9.903690343572779966e+03,3.860749669347811608e+00
9.903690366469745641e+03,3.860749717078932886e+00
9.903690389366711315e+03,3.860749764810933904e+00
9.903690412263676990e+03,3.860749812543814219e+00
9.903690435160642664e+03,3.860749860277574275e+00
9.903690458057608339e+03,3.860749908012213627e+00
9.903690480954574014e+03,3.860749955747732720e+00
9.903690503851537869e+03,3.860750003484126669e+00
9.903690526748503544e+03,3.860750051221402579e+00
9.903690549645469218e+03,3.860750098959556897e+00
9.903690572542434893e+03,3.860750146698590068e+00
9.903690595439400568e+03,3.860750194438501648e+00
9.903690618336366242e+03,3.860750242179290748e+00
9.903690641233331917e+03,3.860750289920958700e+00
9.903690664130297591e+03,3.860750337663503284e+00
9.903690687027263266e+03,3.860750385406925833e+00
9.903690709924228941e+03,3.860750433151226790e+00
9.903690732821194615e+03,3.860750480896403491e+00
9.903690755718160290e+03,3.860750528642458157e+00
9.903690778615125964e+03,3.860750576389389899e+00
9.903690801512091639e+03,3.860750624137196940e+00
9.903690824409057313e+03,3.860750671885882390e+00
9.903690847306022988e+03,3.860750719635442696e+00
9.903690870202988663e+03,3.860750767385880522e+00
9.903690893099954337e+03,3.860750815137193648e+00
9.903690915996920012e+03,3.860750862889382518e+00
9.903690938893885686e+03,3.860750910642447575e+00
9.903690961790851361e+03,3.860750958396387933e+00
9.903690984687817036e+03,3.860751006151204034e+00
9.903691007584782710e+03,3.860751053906894548e+00
9.903691030481748385e+03,3.860751101663460805e+00
9.903691053378714059e+03,3.860751149420901474e+00
9.903691076275679734e+03,3.860751197179217442e+00
9.903691099172645409e+03,3.860751244938407822e+00
9.903691122069611083e+03,3.860751292698472614e+00
9.903691144966576758e+03,3.860751340459411374e+00
9.903691167863542432e+03,3.860751388221224545e+00
9.903691190760508107e+03,3.860751435983910795e+00
9.903691213657473781e+03,3.860751483747471458e+00
9.903691236554439456e+03,3.860751531511905199e+00
9.903691259451405131e+03,3.860751579277212464e+00
9.903691282348370805e+03,3.860751627043392809e+00
9.903691305245334661e+03,3.860751674810442680e+00
9.903691328142300335e+03,3.860751722578369183e+00
9.903691351039266010e+03,3.860751770347167877e+00
9.903691373936231685e+03,3.860751818116839651e+00
9.903691396833197359e+03,3.860751865887383172e+00
9.903691419730163034e+03,3.860751913658799328e+00
9.903691442627128708e+03,3.860751961431088120e+00
9.903691465524094383e+03,3.860752009204247770e+00
9.903691488421060058e+03,3.860752056978280056e+00
9.903691511318025732e+03,3.860752104753182756e+00
9.903691534214991407e+03,3.860752152528957648e+00
9.903691557111957081e+03,3.860752200305602955e+00
9.903691580008922756e+03,3.860752248083119120e+00
9.903691602905888431e+03,3.860752295861507477e+00
9.903691625802854105e+03,3.860752343640765361e+00
9.903691648699819780e+03,3.860752391420894103e+00
9.903691671596785454e+03,3.860752439201893260e+00
9.903691694493751129e+03,3.860752486983761944e+00
9.903691717390716803e+03,3.860752534766501487e+00
9.903691740287682478e+03,3.860752582550110112e+00
9.903691763184648153e+03,3.860752630334589153e+00
9.903691786081613827e+03,3.860752678119936832e+00
9.903691808978579502e+03,3.860752725906154037e+00
9.903691831875545176e+03,3.860752773693241213e+00
9.903691854772510851e+03,3.860752821481196140e+00
9.903691877669476526e+03,3.860752869270020593e+00
9.903691900566442200e+03,3.860752917059713241e+00
9.903691923463407875e+03,3.860752964850275415e+00
9.903691946360373549e+03,3.860753012641705340e+00
9.903691969257339224e+03,3.860753060434002570e+00
9.903691992154304899e+03,3.860753108227168440e+00
9.903692015051270573e+03,3.860753156021202503e+00
9.903692037948236248e+03,3.860753203816103873e+00
9.903692060845201922e+03,3.860753251611872994e+00
9.903692083742167597e+03,3.860753299408508088e+00
9.903692106639131453e+03,3.860753347206007824e+00
9.903692129536097127e+03,3.860753395004377975e+00
9.903692152433062802e+03,3.860753442803614544e+00
9.903692175330028476e+03,3.860753490603718863e+00
9.903692198226994151e+03,3.860753538404688712e+00
9.903692221123959825e+03,3.860753586206525423e+00
9.903692244020925500e+03,3.860753634009227220e+00
9.903692266917891175e+03,3.860753681812795435e+00
9.903692289814856849e+03,3.860753729617229624e+00
9.903692312711822524e+03,3.860753777422528898e+00
9.903692335608788198e+03,3.860753825228694591e+00
9.903692358505753873e+03,3.860753873035724482e+00
9.903692381402719548e+03,3.860753920843619902e+00
9.903692404299685222e+03,3.860753968652381296e+00
9.903692427196650897e+03,3.860754016462006444e+00
9.903692450093616571e+03,3.860754064272495345e+00
9.903692472990582246e+03,3.860754112083850220e+00
9.903692495887547921e+03,3.860754159896068405e+00
9.903692518784513595e+03,3.860754207709151231e+00
9.903692541681479270e+03,3.860754255523096923e+00
9.903692564578444944e+03,3.860754303337908144e+00
9.903692587475410619e+03,3.860754351153581787e+00
9.903692610372376294e+03,3.860754398970118739e+00
9.903692633269341968e+03,3.860754446787519001e+00
9.903692656166307643e+03,3.860754494605782572e+00
9.903692679063273317e+03,3.860754542424909008e+00
9.903692701960238992e+03,3.860754590244898310e+00
9.903692724857204666e+03,3.860754638065750033e+00
9.903692747754170341e+03,3.860754685887464177e+00
9.903692770651136016e+03,3.860754733710040743e+00
9.903692793548101690e+03,3.860754781533479285e+00
9.903692816445067365e+03,3.860754829357779361e+00
9.903692839342033039e+03,3.860754877182941414e+00
9.903692862238998714e+03,3.860754925008965444e+00
9.903692885135964389e+03,3.860754972835849674e+00
9.903692908032928244e+03,3.860755020663592774e+00
9.903692930929893919e+03,3.860755068492200071e+00
9.903692953826859593e+03,3.860755116321667568e+00
9.903692976723825268e+03,3.860755164151996599e+00
9.903692999620790943e+03,3.860755211983186275e+00
9.903693022517756617e+03,3.860755259815235707e+00
9.903693045414722292e+03,3.860755307648145340e+00
9.903693068311687966e+03,3.860755355481916062e+00
9.903693091208653641e+03,3.860755403316545209e+00
9.903693114105619316e+03,3.860755451152035000e+00
9.903693137002584990e+03,3.860755498988384549e+00
9.903693159899550665e+03,3.860755546825592965e+00
9.903693182796516339e+03,3.860755594663660251e+00
9.903693205693482014e+03,3.860755642502587293e+00
9.903693228590447688e+03,3.860755690342372759e+00
9.903693251487413363e+03,3.860755738183016650e+00
9.903693274384379038e+03,3.860755786024519409e+00
9.903693297281344712e+03,3.860755833866880593e+00
9.903693320178310387e+03,3.860755881710100201e+00
9.903693343075276061e+03,3.860755929554177346e+00
9.903693365972241736e+03,3.860755977399112027e+00
9.903693388869207411e+03,3.860756025244905576e+00
9.903693411766173085e+03,3.860756073091555773e+00
9.903693434663138760e+03,3.860756120939063507e+00
9.903693457560104434e+03,3.860756168787428333e+00
9.903693480457070109e+03,3.860756216636650251e+00
9.903693503354035784e+03,3.860756264486728373e+00
9.903693526251001458e+03,3.860756312337663587e+00
9.903693549147967133e+03,3.860756360189455005e+00
9.903693572044932807e+03,3.860756408042103960e+00
9.903693594941898482e+03,3.860756455895607786e+00
9.903693617838864157e+03,3.860756503749968260e+00
9.903693640735829831e+03,3.860756551605184050e+00
9.903693663632795506e+03,3.860756599461256044e+00
9.903693686529761180e+03,3.860756647318182466e+00
9.903693709426725036e+03,3.860756695175961095e+00
9.903693732323690710e+03,3.860756743034599481e+00
9.903693755220656385e+03,3.860756790894091406e+00
9.903693778117622060e+03,3.860756838754438647e+00
9.903693801014587734e+03,3.860756886615641648e+00
9.903693823911553409e+03,3.860756934477698188e+00
9.903693846808519083e+03,3.860756982340608268e+00
9.903693869705484758e+03,3.860757030204373219e+00
9.903693892602450433e+03,3.860757078068992598e+00
9.903693915499416107e+03,3.860757125934465517e+00
9.903693938396381782e+03,3.860757173800791087e+00
9.903693961293347456e+03,3.860757221667970640e+00
9.903693984190313131e+03,3.860757269536004177e+00
9.903694007087278806e+03,3.860757317404889921e+00
9.903694029984244480e+03,3.860757365274629205e+00
9.903694052881210155e+03,3.860757413145220696e+00
9.903694075778175829e+03,3.860757461016665282e+00
9.903694098675141504e+03,3.860757508888962075e+00
9.903694121572107179e+03,3.860757556762111520e+00
9.903694144469072853e+03,3.860757604636112728e+00
9.903694167366038528e+03,3.860757652510966143e+00
9.903694190263004202e+03,3.860757700386670876e+00
9.903694213159969877e+03,3.860757748263227374e+00
9.903694236056935551e+03,3.860757796140636078e+00
9.903694258953901226e+03,3.860757844018894769e+00
9.903694281850866901e+03,3.860757891898005223e+00
9.903694304747832575e+03,3.860757939777966552e+00
9.903694327644798250e+03,3.860757987658778756e+00
9.903694350541763924e+03,3.860758035540440947e+00
9.903694373438729599e+03,3.860758083422953568e+00
9.903694396335695274e+03,3.860758131306316621e+00
9.903694419232660948e+03,3.860758179190530104e+00
9.903694442129626623e+03,3.860758227075593574e+00
9.903694465026592297e+03,3.860758274961506586e+00
9.903694487923556153e+03,3.860758322848265145e+00
9.903694510820521828e+03,3.860758370735876799e+00
9.903694533717487502e+03,3.860758418624337995e+00
9.903694556614453177e+03,3.860758466513647846e+00
9.903694579511418851e+03,3.860758514403807240e+00
9.903694602408384526e+03,3.860758562294814844e+00
9.903694625305350201e+03,3.860758610186671103e+00
9.903694648202315875e+03,3.860758658079375572e+00
9.903694671099281550e+03,3.860758705972929139e+00
9.903694693996247224e+03,3.860758753867330029e+00
9.903694716893212899e+03,3.860758801762578685e+00
9.903694739790178573e+03,3.860758849658675551e+00
9.903694762687144248e+03,3.860758897555619296e+00
9.903694785584109923e+03,3.860758945453410362e+00
9.903694808481075597e+03,3.860758993352049195e+00
9.903694831378041272e+03,3.860759041251534907e+00
9.903694854275006946e+03,3.860759089151867940e+00
9.903694877171972621e+03,3.860759137053046963e+00
9.903694900068938296e+03,3.860759184955072421e+00
9.903694922965903970e+03,3.860759232857944312e+00
9.903694945862869645e+03,3.860759280761663081e+00
9.903694968759835319e+03,3.860759328666227397e+00
9.903694991656800994e+03,3.860759376571637258e+00
9.903695014553766669e+03,3.860759424477893109e+00
9.903695037450732343e+03,3.860759472384994506e+00
9.903695060347698018e+03,3.860759520292941449e+00
9.903695083244663692e+03,3.860759568201732606e+00
9.903695106141629367e+03,3.860759616111370196e+00
9.903695129038595041e+03,3.860759664021851556e+00
9.903695151935560716e+03,3.860759711933177574e+00
9.903695174832526391e+03,3.860759759845348693e+00
9.903695197729492065e+03,3.860759807758364026e+00
9.903695220626457740e+03,3.860759855672223573e+00
9.903695243523423414e+03,3.860759903586926445e+00
9.903695266420389089e+03,3.860759951502473530e+00
9.903695289317352945e+03,3.860759999418860833e+00
9.903695312214318619e+03,3.860760047336095013e+00
9.903695335111284294e+03,3.860760095254172519e+00
9.903695358008249968e+03,3.860760143173093351e+00
9.903695380905215643e+03,3.860760191092856619e+00
9.903695403802181318e+03,3.860760239013463657e+00
9.903695426699146992e+03,3.860760286934912244e+00
9.903695449596112667e+03,3.860760334857204157e+00
9.903695472493078341e+03,3.860760382780338063e+00
9.903695495390044016e+03,3.860760430704313961e+00
9.903695518287009691e+03,3.860760478629131853e+00
9.903695541183975365e+03,3.860760526554791738e+00
9.903695564080941040e+03,3.860760574481293173e+00
9.903695586977906714e+03,3.860760622408636156e+00
9.903695609874872389e+03,3.860760670336819800e+00
9.903695632771838063e+03,3.860760718265845437e+00
9.903695655668803738e+03,3.860760766195710847e+00
9.903695678565769413e+03,3.860760814126418250e+00
9.903695701462735087e+03,3.860760862057965426e+00
9.903695724359700762e+03,3.860760909990353706e+00
9.903695747256666436e+03,3.860760957923581760e+00
9.903695770153632111e+03,3.860761005857650474e+00
9.903695793050597786e+03,3.860761053792558517e+00
9.903695815947563460e+03,3.860761101728306333e+00
9.903695838844529135e+03,3.860761149664894365e+00
9.903695861741494809e+03,3.860761197602320838e+00
9.903695884638460484e+03,3.860761245540587083e+00
9.903695907535426159e+03,3.860761293479692213e+00
9.903695930432391833e+03,3.860761341419637116e+00
9.903695953329357508e+03,3.860761389360419571e+00
9.903695976226323182e+03,3.860761437302041355e+00
9.903695999123288857e+03,3.860761485244501579e+00
9.903696022020254532e+03,3.860761533187800243e+00
9.903696044917220206e+03,3.860761581131936016e+00
9.903696067814185881e+03,3.860761629076910229e+00
9.903696090711149736e+03,3.860761677022718441e+00
9.903696113608115411e+03,3.860761724969368203e+00
9.903696136505081085e+03,3.860761772916854628e+00
9.903696159402046760e+03,3.860761820865179050e+00
9.903696182299012435e+03,3.860761868814340136e+00
9.903696205195978109e+03,3.860761916764337887e+00
9.903696228092943784e+03,3.860761964715173189e+00
9.903696250989909458e+03,3.860762012666844267e+00
9.903696273886875133e+03,3.860762060619351566e+00
9.903696296783840808e+03,3.860762108572695528e+00
9.903696319680806482e+03,3.860762156526876154e+00
9.903696342577772157e+03,3.860762204481891224e+00
9.903696365474737831e+03,3.860762252437742514e+00
9.903696388371703506e+03,3.860762300394430024e+00
9.903696411268669181e+03,3.860762348351952422e+00
9.903696434165634855e+03,3.860762396310309708e+00
9.903696457062600530e+03,3.860762444269501881e+00
9.903696479959566204e+03,3.860762492229529830e+00
9.903696502856531879e+03,3.860762540190391778e+00
9.903696525753497554e+03,3.860762588152088171e+00
9.903696548650463228e+03,3.860762636114619006e+00
9.903696571547428903e+03,3.860762684077984730e+00
9.903696594444394577e+03,3.860762732042184009e+00
9.903696617341360252e+03,3.860762780007216843e+00
9.903696640238325926e+03,3.860762827973083233e+00
9.903696663135291601e+03,3.860762875939784067e+00
9.903696686032257276e+03,3.860762923907316679e+00
9.903696708929222950e+03,3.860762971875683736e+00
9.903696731826188625e+03,3.860763019844883459e+00
9.903696754723154299e+03,3.860763067814915850e+00
9.903696777620119974e+03,3.860763115785781352e+00
9.903696800517085649e+03,3.860763163757477745e+00
9.903696823414051323e+03,3.860763211730007693e+00
9.903696846311016998e+03,3.860763259703369865e+00
9.903696869207982672e+03,3.860763307677564260e+00
9.903696892104946528e+03,3.860763355652585993e+00
9.903696915001912203e+03,3.860763403628443502e+00
9.903696937898877877e+03,3.860763451605132790e+00
9.903696960795843552e+03,3.860763499582652969e+00
9.903696983692809226e+03,3.860763547561004483e+00
9.903697006589774901e+03,3.860763595540186444e+00
9.903697029486740576e+03,3.860763643520199295e+00
9.903697052383706250e+03,3.860763691501043038e+00
9.903697075280671925e+03,3.860763739482716783e+00
9.903697098177637599e+03,3.860763787465222308e+00
9.903697121074603274e+03,3.860763835448556058e+00
9.903697143971568948e+03,3.860763883432720700e+00
9.903697166868534623e+03,3.860763931417714900e+00
9.903697189765500298e+03,3.860763979403539103e+00
9.903697212662465972e+03,3.860764027390192421e+00
9.903697235559431647e+03,3.860764075377674853e+00
9.903697258456397321e+03,3.860764123365986400e+00
9.903697281353362996e+03,3.860764171355127505e+00
9.903697304250328671e+03,3.860764219345096393e+00
9.903697327147294345e+03,3.860764267335894395e+00
9.903697350044260020e+03,3.860764315327521068e+00
9.903697372941225694e+03,3.860764363319975523e+00
9.903697395838191369e+03,3.860764411313258204e+00
9.903697418735157044e+03,3.860764459307369112e+00
9.903697441632122718e+03,3.860764507302306914e+00
9.903697464529088393e+03,3.860764555298072498e+00
9.903697487426054067e+03,3.860764603294666308e+00
9.903697510323019742e+03,3.860764651292086569e+00
9.903697533219985417e+03,3.860764699290334612e+00
9.903697556116951091e+03,3.860764747289408660e+00
9.903697579013916766e+03,3.860764795289310047e+00
9.903697601910882440e+03,3.860764843290037884e+00
9.903697624807848115e+03,3.860764891291591727e+00
9.903697647704813789e+03,3.860764939293972908e+00
9.903697670601779464e+03,3.860764987297178319e+00
9.903697693498743320e+03,3.860765035301207959e+00
9.903697716395708994e+03,3.860765083306064938e+00
9.903697739292674669e+03,3.860765131311748810e+00
9.903697762189640343e+03,3.860765179318257800e+00
9.903697785086606018e+03,3.860765227325591908e+00
9.903697807983571693e+03,3.860765275333751134e+00
9.903697830880537367e+03,3.860765323342735478e+00
9.903697853777503042e+03,3.860765371352543607e+00
9.903697876674468716e+03,3.860765419363176854e+00
9.903697899571434391e+03,3.860765467374634330e+00
9.903697922468400066e+03,3.860765515386916924e+00
9.903697945365365740e+03,3.860765563400022415e+00
9.903697968262331415e+03,3.860765611413951692e+00
9.903697991159297089e+03,3.860765659428705199e+00
9.903698014056262764e+03,3.860765707444281603e+00
9.903698036953228439e+03,3.860765755460681792e+00
9.903698059850194113e+03,3.860765803477904878e+00
9.903698082747159788e+03,3.860765851495951750e+00
9.903698105644125462e+03,3.860765899514820632e+00
9.903698128541091137e+03,3.860765947534512410e+00
9.903698151438056811e+03,3.860765995555026642e+00
9.903698174335022486e+03,3.860766043576363327e+00
9.903698197231988161e+03,3.860766091598522465e+00
9.903698220128953835e+03,3.860766139621502724e+00
9.903698243025919510e+03,3.860766187645305436e+00
9.903698265922885184e+03,3.860766235669929713e+00
9.903698288819850859e+03,3.860766283695375112e+00
9.903698311716816534e+03,3.860766331721642519e+00
9.903698334613782208e+03,3.860766379748730603e+00
9.903698357510747883e+03,3.860766427776639365e+00
9.903698380407713557e+03,3.860766475805369247e+00
9.903698403304679232e+03,3.860766523834919806e+00
9.903698426201644907e+03,3.860766571865291041e+00
9.903698449098610581e+03,3.860766619896482066e+00
9.903698471995576256e+03,3.860766667928492879e+00
9.903698494892540111e+03,3.860766715961320816e+00
9.903698517789505786e+03,3.860766763994971651e+00
9.903698540686471461e+03,3.860766812029442718e+00
9.903698563583437135e+03,3.860766860064732686e+00
9.903698586480402810e+03,3.860766908100842443e+00
9.903698609377368484e+03,3.860766956137770656e+00
9.903698632274334159e+03,3.860767004175517769e+00
9.903698655171299833e+03,3.860767052214084227e+00
9.903698678068265508e+03,3.860767100253469142e+00
9.903698700965231183e+03,3.860767148293672069e+00
9.903698723862196857e+03,3.860767196334693008e+00
9.903698746759162532e+03,3.860767244376532847e+00
9.903698769656128206e+03,3.860767292419190255e+00
9.903698792553093881e+03,3.860767340462665675e+00
9.903698815450059556e+03,3.860767388506958664e+00
9.903698838347025230e+03,3.860767436552068332e+00
9.903698861243990905e+03,3.860767484597995569e+00
9.903698884140956579e+03,3.860767532644739930e+00
9.903698907037922254e+03,3.860767580692301859e+00
9.903698929934887929e+03,3.860767628740680024e+00
9.903698952831853603e+03,3.860767676789874425e+00
9.903698975728819278e+03,3.860767724839885506e+00
9.903698998625784952e+03,3.860767772890712379e+00
9.903699021522750627e+03,3.860767820942355932e+00
9.903699044419716301e+03,3.860767868994815277e+00
9.903699067316681976e+03,3.860767917048089970e+00
9.903699090213647651e+03,3.860767965102180010e+00
9.903699113110613325e+03,3.860768013157085843e+00
9.903699136007579000e+03,3.860768061212806579e+00
9.903699158904544674e+03,3.860768109269342663e+00
9.903699181801510349e+03,3.860768157326694094e+00
9.903699204698476024e+03,3.860768205384859542e+00
9.903699227595441698e+03,3.860768253443839448e+00
9.903699250492407373e+03,3.860768301503634259e+00
9.903699273389373047e+03,3.860768349564242641e+00
9.903699296286336903e+03,3.860768397625661486e+00
9.903699319183302578e+03,3.860768445687897454e+00
9.903699342080268252e+03,3.860768493750947883e+00
9.903699364977233927e+03,3.860768541814811439e+00
9.903699387874199601e+03,3.860768589879488566e+00
9.903699410771165276e+03,3.860768637944979265e+00
9.903699433668130951e+03,3.860768686011282202e+00
9.903699456565096625e+03,3.860768734078397824e+00
9.903699479462062300e+03,3.860768782146327016e+00
9.903699502359027974e+03,3.860768830215067560e+00
9.903699525255993649e+03,3.860768878284620786e+00
9.903699548152959323e+03,3.860768926354986696e+00
9.903699571049924998e+03,3.860768974426164402e+00
9.903699593946890673e+03,3.860769022498153458e+00
9.903699616843856347e+03,3.860769070570954309e+00
9.903699639740822022e+03,3.860769118644566955e+00
9.903699662637787696e+03,3.860769166718990508e+00
9.903699685534753371e+03,3.860769214794225856e+00
9.903699708431719046e+03,3.860769262870271668e+00
9.903699731328684720e+03,3.860769310947127497e+00
9.903699754225650395e+03,3.860769359024795566e+00
9.903699777122616069e+03,3.860769407103273210e+00
9.903699800019581744e+03,3.860769455182560872e+00
9.903699822916547419e+03,3.860769503262659441e+00
9.903699845813513093e+03,3.860769551343566697e+00
9.903699868710478768e+03,3.860769599425284415e+00
9.903699891607444442e+03,3.860769647507812152e+00
9.903699914504410117e+03,3.860769695591149020e+00
9.903699937401375792e+03,3.860769743675294574e+00
9.903699960298341466e+03,3.860769791760250591e+00
9.903699983195307141e+03,3.860769839846014850e+00
9.903700006092272815e+03,3.860769887932587352e+00
9.903700028989238490e+03,3.860769936019968540e+00
9.903700051886204164e+03,3.860769984108158415e+00
9.903700074783169839e+03,3.860770032197156532e+00
9.903700097680133695e+03,3.860770080286959338e+00
9.903700120577099369e+03,3.860770128377573052e+00
9.903700143474065044e+03,3.860770176468995007e+00
9.903700166371030718e+03,3.860770224561224762e+00
9.903700189267996393e+03,3.860770272654261426e+00
9.903700212164962068e+03,3.860770320748105000e+00
9.903700235061927742e+03,3.860770368842756817e+00
9.903700257958893417e+03,3.860770416938213767e+00
9.903700280855859091e+03,3.860770465034478960e+00
9.903700303752824766e+03,3.860770513131550175e+00
9.903700326649790441e+03,3.860770561229427855e+00
9.903700349546756115e+03,3.860770609328111558e+00
9.903700372443721790e+03,3.860770657427601726e+00
9.903700395340687464e+03,3.860770705527896585e+00
9.903700418237653139e+03,3.860770753628998353e+00
9.903700441134618814e+03,3.860770801730905699e+00
9.903700464031584488e+03,3.860770849833617735e+00
9.903700486928550163e+03,3.860770897937135349e+00
9.903700509825515837e+03,3.860770946041458096e+00
9.903700532722481512e+03,3.860770994146584645e+00
9.903700555619447186e+03,3.860771042252517216e+00
9.903700578516412861e+03,3.860771090359253588e+00
9.903700601413378536e+03,3.860771138466794650e+00
9.903700624310344210e+03,3.860771186575139957e+00
9.903700647207309885e+03,3.860771234684289066e+00
9.903700670104275559e+03,3.860771282794241976e+00
9.903700693001241234e+03,3.860771330904998244e+00
9.903700715898206909e+03,3.860771379016558313e+00
9.903700738795172583e+03,3.860771427128921740e+00
9.903700761692138258e+03,3.860771475242088524e+00
9.903700784589103932e+03,3.860771523356057777e+00
9.903700807486069607e+03,3.860771571470829944e+00
9.903700830383035282e+03,3.860771619586405023e+00
9.903700853280000956e+03,3.860771667702782128e+00
9.903700876176966631e+03,3.860771715819962591e+00
9.903700899073930486e+03,3.860771763937940193e+00
9.903700921970896161e+03,3.860771812056724261e+00
9.903700944867861836e+03,3.860771860176309467e+00
9.903700967764827510e+03,3.860771908296696697e+00
9.903700990661793185e+03,3.860771956417885953e+00
9.903701013558758859e+03,3.860772004539875457e+00
9.903701036455724534e+03,3.860772052662666542e+00
9.903701059352690208e+03,3.860772100786258321e+00
9.903701082249655883e+03,3.860772148910651680e+00
9.903701105146621558e+03,3.860772197035845288e+00
9.903701128043587232e+03,3.860772245161838701e+00
9.903701150940552907e+03,3.860772293288633250e+00
9.903701173837518581e+03,3.860772341416227160e+00
9.903701196734484256e+03,3.860772389544621319e+00
9.903701219631449931e+03,3.860772437673815283e+00
9.903701242528415605e+03,3.860772485803808607e+00
9.903701265425381280e+03,3.860772533934602180e+00
9.903701288322346954e+03,3.860772582066194225e+00
9.903701311219312629e+03,3.860772630198585187e+00
9.903701334116278304e+03,3.860772678331775065e+00
9.903701357013243978e+03,3.860772726465763860e+00
9.903701379910209653e+03,3.860772774600551127e+00
9.903701402807175327e+03,3.860772822736137755e+00
9.903701425704141002e+03,3.860772870872521079e+00
9.903701448601106677e+03,3.860772919009703319e+00
9.903701471498072351e+03,3.860772967147683588e+00
9.903701494395038026e+03,3.860773015286460996e+00
9.903701517292003700e+03,3.860773063426036433e+00
9.903701540188969375e+03,3.860773111566409010e+00
9.903701563085935049e+03,3.860773159707578728e+00
9.903701585982900724e+03,3.860773207849545585e+00
9.903701608879866399e+03,3.860773255992309583e+00
9.903701631776832073e+03,3.860773304135870720e+00
9.903701654673797748e+03,3.860773352280227222e+00
9.903701677570763422e+03,3.860773400425380864e+00
9.903701700467727278e+03,3.860773448571326316e+00
9.903701723364692953e+03,3.860773496718071573e+00
9.903701746261658627e+03,3.860773544865613083e+00
9.903701769158624302e+03,3.860773593013950400e+00
9.903701792055589976e+03,3.860773641163082637e+00
9.903701814952555651e+03,3.860773689313011126e+00
9.903701837849521326e+03,3.860773737463733646e+00
9.903701860746487000e+03,3.860773785615252418e+00
9.903701883643452675e+03,3.860773833767564778e+00
9.903701906540418349e+03,3.860773881920672501e+00
9.903701929437384024e+03,3.860773930074574700e+00
9.903701952334349699e+03,3.860773978229270931e+00
9.903701975231315373e+03,3.860774026384761193e+00
9.903701998128281048e+03,3.860774074541046375e+00
9.903702021025246722e+03,3.860774122698124255e+00
9.903702043922212397e+03,3.860774170855997056e+00
9.903702066819178071e+03,3.860774219014662112e+00
9.903702089716143746e+03,3.860774267174120311e+00
9.903702112613109421e+03,3.860774315334372542e+00
9.903702135510075095e+03,3.860774363495417028e+00
9.903702158407040770e+03,3.860774411657254657e+00
9.903702181304006444e+03,3.860774459819885429e+00
9.903702204200972119e+03,3.860774507983308457e+00
9.903702227097937794e+03,3.860774556147522851e+00
9.903702249994903468e+03,3.860774604312529945e+00
9.903702272891869143e+03,3.860774652478329294e+00
9.903702295788834817e+03,3.860774700644919566e+00
9.903702318685800492e+03,3.860774748812302093e+00
9.903702341582766167e+03,3.860774796980476431e+00
9.903702364479731841e+03,3.860774845149441248e+00
9.903702387376697516e+03,3.860774893319197432e+00
9.903702410273663190e+03,3.860774941489744538e+00
9.903702433170628865e+03,3.860774989661082568e+00
9.903702456067594539e+03,3.860775037833210632e+00
9.903702478964560214e+03,3.860775086006129175e+00
9.903702501861524070e+03,3.860775134179834644e+00
9.903702524758489744e+03,3.860775182354333701e+00
9.903702547655455419e+03,3.860775230529623236e+00
9.903702570552421093e+03,3.860775278705701918e+00
9.903702593449386768e+03,3.860775326882570191e+00
9.903702616346352443e+03,3.860775375060227610e+00
9.903702639243318117e+03,3.860775423238674620e+00
9.903702662140283792e+03,3.860775471417911220e+00
9.903702685037249466e+03,3.860775519597936078e+00
9.903702707934215141e+03,3.860775567778749640e+00
9.903702730831180816e+03,3.860775615960351459e+00
9.903702753728146490e+03,3.860775664142742425e+00
9.903702776625112165e+03,3.860775712325920761e+00
9.903702799522077839e+03,3.860775760509887355e+00
9.903702822419043514e+03,3.860775808694642208e+00
9.903702845316009189e+03,3.860775856880184431e+00
9.903702868212974863e+03,3.860775905066514468e+00
9.903702891109940538e+03,3.860775953253631432e+00
9.903702914006906212e+03,3.860776001441535765e+00
9.903702936903871887e+03,3.860776049630227469e+00
9.903702959800837561e+03,3.860776097819705655e+00
9.903702982697803236e+03,3.860776146009969878e+00
9.903703005594768911e+03,3.860776194201021472e+00
9.903703028491734585e+03,3.860776242392859547e+00
9.903703051388700260e+03,3.860776290585482773e+00
9.903703074285665934e+03,3.860776338778892480e+00
9.903703097182631609e+03,3.860776386973088226e+00
9.903703120079597284e+03,3.860776435168070009e+00
9.903703142976562958e+03,3.860776483363836498e+00
9.903703165873528633e+03,3.860776531560388580e+00
9.903703188770494307e+03,3.860776579757725813e+00
9.903703211667459982e+03,3.860776627955848195e+00
9.903703234564425657e+03,3.860776676154754394e+00
9.903703257461391331e+03,3.860776724354446188e+00
9.903703280358357006e+03,3.860776772554922243e+00
9.903703303255320861e+03,3.860776820756179450e+00
9.903703326152286536e+03,3.860776868958224028e+00
9.903703349049252211e+03,3.860776917161051980e+00
9.903703371946217885e+03,3.860776965364664193e+00
9.903703394843183560e+03,3.860777013569060667e+00
9.903703417740149234e+03,3.860777061774239627e+00
9.903703440637114909e+03,3.860777109980202404e+00
9.903703463534080583e+03,3.860777158186947222e+00
9.903703486431046258e+03,3.860777206394476746e+00
9.903703509328011933e+03,3.860777254602787867e+00
9.903703532224977607e+03,3.860777302811881029e+00
9.903703555121943282e+03,3.860777351021757564e+00
9.903703578018908956e+03,3.860777399232416141e+00
9.903703600915874631e+03,3.860777447443857202e+00
9.903703623812840306e+03,3.860777495656079417e+00
9.903703646709805980e+03,3.860777543869084116e+00
9.903703669606771655e+03,3.860777592082869525e+00
9.903703692503737329e+03,3.860777640297436974e+00
9.903703715400703004e+03,3.860777688512785577e+00
9.903703738297668679e+03,3.860777736728914444e+00
9.903703761194634353e+03,3.860777784945825353e+00
9.903703784091600028e+03,3.860777833163516526e+00
9.903703806988565702e+03,3.860777881381987964e+00
9.903703829885531377e+03,3.860777929601240110e+00
9.903703852782497052e+03,3.860777977821272522e+00
9.903703875679462726e+03,3.860778026042084754e+00
9.903703898576428401e+03,3.860778074263676807e+00
9.903703921473394075e+03,3.860778122486048236e+00
9.903703944370359750e+03,3.860778170709200374e+00
9.903703967267325424e+03,3.860778218933131001e+00
9.903703990164291099e+03,3.860778267157840560e+00
9.903704013061256774e+03,3.860778315383329495e+00
9.903704035958222448e+03,3.860778363609597363e+00
9.903704058855188123e+03,3.860778411836644164e+00
9.903704081752153797e+03,3.860778460064468565e+00
9.903704104649117653e+03,3.860778508293068789e+00
9.903704127546083328e+03,3.860778556522449723e+00
9.903704150443049002e+03,3.860778604752609589e+00
9.903704173340014677e+03,3.860778652983546166e+00
9.903704196236980351e+03,3.860778701215261233e+00
9.903704219133946026e+03,3.860778749447754343e+00
9.903704242030911701e+03,3.860778797681024166e+00
9.903704264927877375e+03,3.860778845915070256e+00
9.903704287824843050e+03,3.860778894149893947e+00
9.903704310721808724e+03,3.860778942385495238e+00
9.903704333618774399e+03,3.860778990621871909e+00
9.903704356515740074e+03,3.860779038859026180e+00
9.903704379412705748e+03,3.860779087096955831e+00
9.903704402309671423e+03,3.860779135335661749e+00
9.903704425206637097e+03,3.860779183575143936e+00
9.903704448103602772e+03,3.860779231815401502e+00
9.903704471000568446e+03,3.860779280056435336e+00
9.903704493897534121e+03,3.860779328298244550e+00
9.903704516794499796e+03,3.860779376540828700e+00
9.903704539691465470e+03,3.860779424784187785e+00
9.903704562588431145e+03,3.860779473028322251e+00
9.903704585485396819e+03,3.860779521273230763e+00
9.903704608382362494e+03,3.860779569518914212e+00
9.903704631279328169e+03,3.860779617765372596e+00
9.903704654176293843e+03,3.860779666012605027e+00
9.903704677073259518e+03,3.860779714260611506e+00
9.903704699970225192e+03,3.860779762509391588e+00
9.903704722867190867e+03,3.860779810758945274e+00
9.903704745764156542e+03,3.860779859009272563e+00
9.903704768661122216e+03,3.860779907260373900e+00
9.903704791558087891e+03,3.860779955512247508e+00
9.903704814455053565e+03,3.860780003764895163e+00
9.903704837352019240e+03,3.860780052018315089e+00
9.903704860248984915e+03,3.860780100272508175e+00
9.903704883145950589e+03,3.860780148527473532e+00
9.903704906042914445e+03,3.860780196783206719e+00
9.903704928939880119e+03,3.860780245039716618e+00
9.903704951836845794e+03,3.860780293296998789e+00
9.903704974733811468e+03,3.860780341555053230e+00
9.903704997630777143e+03,3.860780389813878166e+00
9.903705020527742818e+03,3.860780438073475374e+00
9.903705043424708492e+03,3.860780486333843964e+00
9.903705066321674167e+03,3.860780534594983493e+00
9.903705089218639841e+03,3.860780582856893961e+00
9.903705112115605516e+03,3.860780631119574924e+00
9.903705135012571191e+03,3.860780679383027714e+00
9.903705157909536865e+03,3.860780727647250110e+00
9.903705180806502540e+03,3.860780775912243001e+00
9.903705203703468214e+03,3.860780824178006387e+00
9.903705226600433889e+03,3.860780872444539380e+00
9.903705249497399564e+03,3.860780920711841979e+00
9.903705272394365238e+03,3.860780968979914629e+00
9.903705295291330913e+03,3.860781017248756886e+00
9.903705318188296587e+03,3.860781065518367861e+00
9.903705341085262262e+03,3.860781113788748886e+00
9.903705363982227937e+03,3.860781162059898186e+00
9.903705386879193611e+03,3.860781210331815760e+00
9.903705409776159286e+03,3.860781258604502941e+00
9.903705432673124960e+03,3.860781306877958396e+00
9.903705455570090635e+03,3.860781355152182570e+00
9.903705478467056309e+03,3.860781403427173686e+00
9.903705501364021984e+03,3.860781451702933964e+00
9.903705524260987659e+03,3.860781499979461184e+00
9.903705547157953333e+03,3.860781548256756235e+00
9.903705570054919008e+03,3.860781596534818672e+00
9.903705592951884682e+03,3.860781644813648050e+00
9.903705615848850357e+03,3.860781693093245703e+00
9.903705638745816032e+03,3.860781741373609410e+00
9.903705661642781706e+03,3.860781789654739171e+00
9.903705684539747381e+03,3.860781837936636318e+00
9.903705707436711236e+03,3.860781886219296410e+00
9.903705730333676911e+03,3.860781934502726109e+00
9.903705753230642586e+03,3.860781982786921862e+00
9.903705776127608260e+03,3.860782031071884113e+00
9.903705799024573935e+03,3.860782079357611529e+00
9.903705821921539609e+03,3.860782127644104555e+00
9.903705844818505284e+03,3.860782175931363192e+00
9.903705867715470959e+03,3.860782224219386105e+00
9.903705890612436633e+03,3.860782272508175517e+00
9.903705913509402308e+03,3.860782320797728318e+00
9.903705936406367982e+03,3.860782369088046728e+00
9.903705959303333657e+03,3.860782417379129861e+00
9.903705982200299331e+03,3.860782465670977270e+00
9.903706005097265006e+03,3.860782513963588514e+00
9.903706027994230681e+03,3.860782562256964034e+00
9.903706050891196355e+03,3.860782610551103833e+00
9.903706073788162030e+03,3.860782658846006132e+00
9.903706096685127704e+03,3.860782707141672709e+00
9.903706119582093379e+03,3.860782755438102676e+00
9.903706142479059054e+03,3.860782803735296032e+00
9.903706165376024728e+03,3.860782852033251444e+00
9.903706188272990403e+03,3.860782900331970691e+00
9.903706211169956077e+03,3.860782948631452438e+00
9.903706234066921752e+03,3.860782996931696243e+00
9.903706256963887427e+03,3.860783045232702104e+00
9.903706279860853101e+03,3.860783093534470911e+00
9.903706302757818776e+03,3.860783141837001775e+00
9.903706325654784450e+03,3.860783190140293808e+00
9.903706348551750125e+03,3.860783238444347454e+00
9.903706371448715799e+03,3.860783286749163157e+00
9.903706394345681474e+03,3.860783335054739585e+00
9.903706417242647149e+03,3.860783383361077625e+00
9.903706440139612823e+03,3.860783431668175947e+00
9.903706463036578498e+03,3.860783479976036325e+00
9.903706485933544172e+03,3.860783528284656096e+00
9.903706508830508028e+03,3.860783576594032596e+00
9.903706531727473703e+03,3.860783624904173816e+00
9.903706554624439377e+03,3.860783673215075318e+00
9.903706577521405052e+03,3.860783721526736212e+00
9.903706600418370726e+03,3.860783769839156498e+00
9.903706623315336401e+03,3.860783818152337066e+00
9.903706646212302076e+03,3.860783866466277026e+00
9.903706669109267750e+03,3.860783914780975490e+00
9.903706692006233425e+03,3.860783963096433347e+00
9.903706714903199099e+03,3.860784011412650596e+00
9.903706737800164774e+03,3.860784059729626794e+00
9.903706760697130449e+03,3.860784108047361052e+00
9.903706783594096123e+03,3.860784156365853370e+00
9.903706806491061798e+03,3.860784204685104637e+00
9.903706829388027472e+03,3.860784253005113076e+00
9.903706852284993147e+03,3.860784301325880019e+00
9.903706875181958821e+03,3.860784349647405023e+00
9.903706898078924496e+03,3.860784397969687198e+00
9.903706920975890171e+03,3.860784446292726546e+00
9.903706943872855845e+03,3.860784494616523510e+00
9.903706966769821520e+03,3.860784542941077202e+00
9.903706989666787194e+03,3.860784591266387622e+00
9.903707012563752869e+03,3.860784639592455214e+00
9.903707035460718544e+03,3.860784687919279534e+00
9.903707058357684218e+03,3.860784736246859694e+00
9.903707081254649893e+03,3.860784784575196138e+00
9.903707104151615567e+03,3.860784832904288422e+00
9.903707127048581242e+03,3.860784881234136545e+00
9.903707149945546917e+03,3.860784929564740953e+00
9.903707172842512591e+03,3.860784977896100312e+00
9.903707195739478266e+03,3.860785026228214623e+00
9.903707218636443940e+03,3.860785074561085217e+00
9.903707241533409615e+03,3.860785122894709875e+00
9.903707264430375290e+03,3.860785171229089485e+00
9.903707287327340964e+03,3.860785219564224047e+00
9.903707310224304820e+03,3.860785267900108675e+00
9.903707333121270494e+03,3.860785316236752251e+00
9.903707356018236169e+03,3.860785364574149447e+00
9.903707378915201843e+03,3.860785412912301595e+00
9.903707401812167518e+03,3.860785461251206030e+00
9.903707424709133193e+03,3.860785509590864972e+00
9.903707447606098867e+03,3.860785557931277090e+00
9.903707470503064542e+03,3.860785606272442383e+00
9.903707493400030216e+03,3.860785654614361295e+00
9.903707516296995891e+03,3.860785702957032939e+00
9.903707539193961566e+03,3.860785751300457314e+00
9.903707562090927240e+03,3.860785799644633975e+00
9.903707584987892915e+03,3.860785847989563369e+00
9.903707607884858589e+03,3.860785896335244605e+00
9.903707630781824264e+03,3.860785944681678128e+00
9.903707653678789939e+03,3.860785993028864382e+00
9.903707676575755613e+03,3.860786041376801592e+00
9.903707699472721288e+03,3.860786089725490200e+00
9.903707722369686962e+03,3.860786138074930651e+00
9.903707745266652637e+03,3.860786186425122946e+00
9.903707768163618312e+03,3.860786234776065307e+00
9.903707791060583986e+03,3.860786283127759067e+00
9.903707813957549661e+03,3.860786331480203781e+00
9.903707836854515335e+03,3.860786379833398119e+00
9.903707859751481010e+03,3.860786428187343855e+00
9.903707882648446684e+03,3.860786476542038326e+00
9.903707905545412359e+03,3.860786524897483751e+00
9.903707928442378034e+03,3.860786573253679244e+00
9.903707951339343708e+03,3.860786621610624803e+00
9.903707974236309383e+03,3.860786669968319540e+00
9.903707997133275057e+03,3.860786718326763012e+00
9.903708020030240732e+03,3.860786766685956994e+00
9.903708042927206407e+03,3.860786815045898823e+00
9.903708065824172081e+03,3.860786863406589831e+00
9.903708088721137756e+03,3.860786911768029128e+00
9.903708111618101611e+03,3.860786960130213608e+00
9.903708134515067286e+03,3.860787008493150374e+00
9.903708157412032961e+03,3.860787056856835431e+00
9.903708180308998635e+03,3.860787105221267890e+00
9.903708203205964310e+03,3.860787153586448639e+00
9.903708226102929984e+03,3.860787201952376790e+00
9.903708248999895659e+03,3.860787250319052344e+00
9.903708271896861334e+03,3.860787298686475300e+00
9.903708294793827008e+03,3.860787347054645657e+00
9.903708317690792683e+03,3.860787395423562529e+00
9.903708340587758357e+03,3.860787443793226359e+00
9.903708363484724032e+03,3.860787492163637147e+00
9.903708386381689706e+03,3.860787540534793560e+00
9.903708409278655381e+03,3.860787588906697820e+00
9.903708432175621056e+03,3.860787637279346818e+00
9.903708455072586730e+03,3.860787685652741885e+00
9.903708477969552405e+03,3.860787734026883022e+00
9.903708500866518079e+03,3.860787782401770230e+00
9.903708523763483754e+03,3.860787830777401730e+00
9.903708546660449429e+03,3.860787879153780189e+00
9.903708569557415103e+03,3.860787927530902053e+00
9.903708592454380778e+03,3.860787975908769543e+00
9.903708615351346452e+03,3.860788024287382214e+00
9.903708638248312127e+03,3.860788072666738735e+00
9.903708661145277802e+03,3.860788121046839549e+00
9.903708684042243476e+03,3.860788169427685101e+00
9.903708706939209151e+03,3.860788217809274947e+00
9.903708729836174825e+03,3.860788266191608198e+00
9.903708752733140500e+03,3.860788314574684854e+00
9.903708775630106175e+03,3.860788362958505804e+00
9.903708798527071849e+03,3.860788411343070603e+00
9.903708821424037524e+03,3.860788459728377475e+00
9.903708844321003198e+03,3.860788508114428197e+00
9.903708867217968873e+03,3.860788556501221436e+00
9.903708890114934547e+03,3.860788604888756748e+00
9.903708913011898403e+03,3.860788653277031468e+00
9.903708935908864078e+03,3.860788701666052258e+00
9.903708958805829752e+03,3.860788750055815122e+00
9.903708981702795427e+03,3.860788798446320502e+00
9.903709004599761101e+03,3.860788846837567512e+00
9.903709027496726776e+03,3.860788895229555706e+00
9.903709050393692451e+03,3.860788943622286418e+00
9.903709073290658125e+03,3.860788992015757426e+00
9.903709096187623800e+03,3.860789040409970063e+00
9.903709119084589474e+03,3.860789088804923885e+00
9.903709141981555149e+03,3.860789137200618448e+00
9.903709164878520824e+03,3.860789185597053308e+00
9.903709187775486498e+03,3.860789233994228908e+00
9.903709210672452173e+03,3.860789282392144806e+00
9.903709233569417847e+03,3.860789330790800999e+00
9.903709256466383522e+03,3.860789379190196158e+00
9.903709279363349197e+03,3.860789427590332501e+00
9.903709302260314871e+03,3.860789475991207365e+00
9.903709325157280546e+03,3.860789524392822969e+00
9.903709348054246220e+03,3.860789572795176205e+00
9.903709370951211895e+03,3.860789621198269739e+00
9.903709393848177569e+03,3.860789669602102681e+00
9.903709416745143244e+03,3.860789718006673255e+00
9.903709439642108919e+03,3.860789766411983237e+00
9.903709462539074593e+03,3.860789814818030852e+00
9.903709485436040268e+03,3.860789863224817431e+00
9.903709508333005942e+03,3.860789911632341642e+00
9.903709531229971617e+03,3.860789960040603486e+00
9.903709554126937292e+03,3.860790008449603850e+00
9.903709577023902966e+03,3.860790056859341846e+00
9.903709599920868641e+03,3.860790105269816586e+00
9.903709622817834315e+03,3.860790153681029402e+00
9.903709645714799990e+03,3.860790202092978074e+00
9.903709668611765665e+03,3.860790250505664378e+00
9.903709691508731339e+03,3.860790298919087427e+00
9.903709714405695195e+03,3.860790347333242778e+00
9.903709737302660869e+03,3.860790395748138870e+00
9.903709760199626544e+03,3.860790444163770818e+00
9.903709783096592218e+03,3.860790492580139066e+00
9.903709805993557893e+03,3.860790540997243170e+00
9.903709828890523568e+03,3.860790589415083129e+00
9.903709851787489242e+03,3.860790637833658501e+00
9.903709874684454917e+03,3.860790686252969284e+00
9.903709897581420591e+03,3.860790734673015034e+00
9.903709920478386266e+03,3.860790783093795753e+00
9.903709943375351941e+03,3.860790831515310995e+00
9.903709966272317615e+03,3.860790879937562092e+00
9.903709989169283290e+03,3.860790928360546381e+00
9.903710012066248964e+03,3.860790976784265638e+00
9.903710034963214639e+03,3.860791025208719418e+00
9.903710057860180314e+03,3.860791073633906834e+00
9.903710080757145988e+03,3.860791122059827885e+00
9.903710103654111663e+03,3.860791170486482571e+00
9.903710126551077337e+03,3.860791218913870892e+00
9.903710149448043012e+03,3.860791267341992405e+00
9.903710172345008687e+03,3.860791315770847110e+00
9.903710195241974361e+03,3.860791364200435005e+00
9.903710218138940036e+03,3.860791412630755648e+00
9.903710241035905710e+03,3.860791461061808594e+00
9.903710263932871385e+03,3.860791509493593843e+00
9.903710286829837059e+03,3.860791557926112283e+00
9.903710309726802734e+03,3.860791606359361694e+00
9.903710332623768409e+03,3.860791654793344296e+00
9.903710355520734083e+03,3.860791703228057425e+00
9.903710378417699758e+03,3.860791751663503302e+00
9.903710401314665432e+03,3.860791800099679705e+00
9.903710424211631107e+03,3.860791848536588411e+00
9.903710447108596782e+03,3.860791896974227200e+00
9.903710470005562456e+03,3.860791945412596959e+00
9.903710492902528131e+03,3.860791993851697246e+00
9.903710515799491986e+03,3.860792042291525394e+00
9.903710538696457661e+03,3.860792090732086734e+00
9.903710561593423336e+03,3.860792139173378601e+00
9.903710584490389010e+03,3.860792187615400994e+00
9.903710607387354685e+03,3.860792236058152582e+00
9.903710630284320359e+03,3.860792284501634697e+00
9.903710653181286034e+03,3.860792332945845562e+00
9.903710676078251709e+03,3.860792381390785621e+00
9.903710698975217383e+03,3.860792429836455764e+00
9.903710721872183058e+03,3.860792478282854212e+00
9.903710744769148732e+03,3.860792526729982743e+00
9.903710767666114407e+03,3.860792575177838248e+00
9.903710790563080081e+03,3.860792623626423392e+00
9.903710813460045756e+03,3.860792672075736398e+00
9.903710836357011431e+03,3.860792720525777710e+00
9.903710859253977105e+03,3.860792768976546885e+00
9.903710882150942780e+03,3.860792817428044810e+00
9.903710905047908454e+03,3.860792865880269265e+00
9.903710927944874129e+03,3.860792914333221582e+00
9.903710950841839804e+03,3.860792962786901761e+00
9.903710973738805478e+03,3.860793011241308470e+00
9.903710996635771153e+03,3.860793059696442153e+00
9.903711019532736827e+03,3.860793108152303699e+00
9.903711042429702502e+03,3.860793156608890886e+00
9.903711065326668177e+03,3.860793205066204159e+00
9.903711088223633851e+03,3.860793253524244406e+00
9.903711111120599526e+03,3.860793301983010739e+00
9.903711134017565200e+03,3.860793350442502714e+00
9.903711156914530875e+03,3.860793398902720774e+00
9.903711179811496550e+03,3.860793447363664033e+00
9.903711202708462224e+03,3.860793495825333377e+00
9.903711225605427899e+03,3.860793544287727919e+00
9.903711248502393573e+03,3.860793592750847214e+00
9.903711271399359248e+03,3.860793641214691263e+00
9.903711294296324922e+03,3.860793689679260954e+00
9.903711317193288778e+03,3.860793738144550513e+00
9.903711340090254453e+03,3.860793786610567935e+00
9.903711362987220127e+03,3.860793835077310554e+00
9.903711385884185802e+03,3.860793883544777483e+00
9.903711408781151476e+03,3.860793932012967833e+00
9.903711431678117151e+03,3.860793980481881604e+00
9.903711454575082826e+03,3.860794028951519685e+00
9.903711477472048500e+03,3.860794077421879855e+00
9.903711500369014175e+03,3.860794125892964779e+00
9.903711523265979849e+03,3.860794174364772235e+00
9.903711546162945524e+03,3.860794222837302225e+00
9.903711569059911199e+03,3.860794271310554748e+00
9.903711591956876873e+03,3.860794319784530693e+00
9.903711614853842548e+03,3.860794368259228282e+00
9.903711637750808222e+03,3.860794416734648404e+00
9.903711660647773897e+03,3.860794465210790172e+00
9.903711683544739572e+03,3.860794513687653584e+00
9.903711706441705246e+03,3.860794562165239974e+00
9.903711729338670921e+03,3.860794610643546676e+00
9.903711752235636595e+03,3.860794659122574579e+00
9.903711775132602270e+03,3.860794707602325015e+00
9.903711798029567944e+03,3.860794756082795320e+00
9.903711820926533619e+03,3.860794804563986382e+00
9.903711843823499294e+03,3.860794853045898645e+00
9.903711866720464968e+03,3.860794901528531220e+00
9.903711889617430643e+03,3.860794950011884108e+00
9.903711912514396317e+03,3.860794998495956865e+00
9.903711935411361992e+03,3.860795046980749934e+00
9.903711958308327667e+03,3.860795095466262872e+00
9.903711981205293341e+03,3.860795143952494790e+00
9.903712004102259016e+03,3.860795192439446577e+00
9.903712026999224690e+03,3.860795240927117788e+00
9.903712049896190365e+03,3.860795289415507980e+00
9.903712072793156040e+03,3.860795337904617153e+00
9.903712095690121714e+03,3.860795386394444861e+00
9.903712118587085570e+03,3.860795434884987998e+00
9.903712141484051244e+03,3.860795483376253223e+00
9.903712164381016919e+03,3.860795531868236541e+00
9.903712187277982594e+03,3.860795580360937063e+00
9.903712210174948268e+03,3.860795628854357009e+00
9.903712233071913943e+03,3.860795677348493271e+00
9.903712255968879617e+03,3.860795725843348070e+00
9.903712278865845292e+03,3.860795774338920072e+00
9.903712301762810966e+03,3.860795822835209723e+00
9.903712324659776641e+03,3.860795871332215690e+00
9.903712347556742316e+03,3.860795919829938860e+00
9.903712370453707990e+03,3.860795968328379235e+00
9.903712393350673665e+03,3.860796016827534594e+00
9.903712416247639339e+03,3.860796065327408044e+00
9.903712439144605014e+03,3.860796113827996923e+00
9.903712462041570689e+03,3.860796162329302117e+00
9.903712484938536363e+03,3.860796210831323183e+00
9.903712507835502038e+03,3.860796259334059233e+00
9.903712530732467712e+03,3.860796307837511598e+00
9.903712553629433387e+03,3.860796356341678948e+00
9.903712576526399062e+03,3.860796404846562169e+00
9.903712599423364736e+03,3.860796453352159041e+00
9.903712622320330411e+03,3.860796501858471785e+00
9.903712645217296085e+03,3.860796550365499513e+00
9.903712668114261760e+03,3.860796598873240892e+00
9.903712691011227435e+03,3.860796647381696367e+00
9.903712713908193109e+03,3.860796695890866825e+00
9.903712736805158784e+03,3.860796744400751379e+00
9.903712759702124458e+03,3.860796792911348696e+00
9.903712782599090133e+03,3.860796841422660108e+00
9.903712805496055807e+03,3.860796889934685616e+00
9.903712828393021482e+03,3.860796938447423443e+00
9.903712851289987157e+03,3.860796986960875365e+00
9.903712874186952831e+03,3.860797035475039163e+00
9.903712897083918506e+03,3.860797083989916612e+00
9.903712919980882361e+03,3.860797132505502383e+00
9.903712942877848036e+03,3.860797181021804914e+00
9.903712965774813711e+03,3.860797229538819764e+00
9.903712988671779385e+03,3.860797278056546045e+00
9.903713011568745060e+03,3.860797326574984645e+00
9.903713034465710734e+03,3.860797375094135120e+00
9.903713057362676409e+03,3.860797423613996582e+00
9.903713080259642084e+03,3.860797472134570363e+00
9.903713103156607758e+03,3.860797520655854242e+00
9.903713126053573433e+03,3.860797569177849997e+00
9.903713148950539107e+03,3.860797617700557183e+00
9.903713171847504782e+03,3.860797666223973579e+00
9.903713194744470456e+03,3.860797714748101850e+00
9.903713217641436131e+03,3.860797763272939775e+00
9.903713240538401806e+03,3.860797811798488244e+00
9.903713263435367480e+03,3.860797860324746811e+00
9.903713286332333155e+03,3.860797908851714588e+00
9.903713309229298829e+03,3.860797957379392908e+00
9.903713332126264504e+03,3.860798005907780439e+00
9.903713355023230179e+03,3.860798054436877180e+00
9.903713377920195853e+03,3.860798102966682688e+00
9.903713400817161528e+03,3.860798151497198294e+00
9.903713423714127202e+03,3.860798200028422666e+00
9.903713446611092877e+03,3.860798248560354917e+00
9.903713469508058552e+03,3.860798297092995934e+00
9.903713492405024226e+03,3.860798345626344830e+00
9.903713515301989901e+03,3.860798394160402935e+00
9.903713538198955575e+03,3.860798442695168919e+00
9.903713561095921250e+03,3.860798491230641893e+00
9.903713583992886925e+03,3.860798539766823190e+00
9.903713606889852599e+03,3.860798588303711032e+00
9.903713629786818274e+03,3.860798636841307196e+00
9.903713652683783948e+03,3.860798685379610795e+00
9.903713675580749623e+03,3.860798733918620051e+00
9.903713698477715297e+03,3.860798782458336742e+00
9.903713721374679153e+03,3.860798830998756426e+00
9.903713744271644828e+03,3.860798879539885764e+00
9.903713767168610502e+03,3.860798928081722092e+00
9.903713790065576177e+03,3.860798976624263634e+00
9.903713812962541851e+03,3.860799025167511722e+00
9.903713835859507526e+03,3.860799073711466356e+00
9.903713858756473201e+03,3.860799122256124871e+00
9.903713881653438875e+03,3.860799170801490376e+00
9.903713904550404550e+03,3.860799219347560651e+00
9.903713927447370224e+03,3.860799267894336140e+00
9.903713950344335899e+03,3.860799316441815510e+00
9.903713973241301574e+03,3.860799364990000537e+00
9.903713996138267248e+03,3.860799413538889446e+00
9.903714019035232923e+03,3.860799462088483569e+00
9.903714041932198597e+03,3.860799510638781573e+00
9.903714064829164272e+03,3.860799559189783459e+00
9.903714087726129947e+03,3.860799607741489670e+00
9.903714110623095621e+03,3.860799656293898430e+00
9.903714133520061296e+03,3.860799704847011959e+00
9.903714156417026970e+03,3.860799753400828482e+00
9.903714179313992645e+03,3.860799801955347998e+00
9.903714202210958319e+03,3.860799850510570952e+00
9.903714225107923994e+03,3.860799899066496454e+00
9.903714248004889669e+03,3.860799947623124506e+00
9.903714270901855343e+03,3.860799996180455107e+00
9.903714293798821018e+03,3.860800044738488701e+00
9.903714316695786692e+03,3.860800093297223956e+00
9.903714339592752367e+03,3.860800141856660872e+00
9.903714362489718042e+03,3.860800190416800337e+00
9.903714385386683716e+03,3.860800238977640575e+00
9.903714408283649391e+03,3.860800287539182474e+00
9.903714431180615065e+03,3.860800336101426034e+00
9.903714454077580740e+03,3.860800384664371254e+00
9.903714476974546415e+03,3.860800433228016360e+00
9.903714499871512089e+03,3.860800481792363126e+00
9.903714522768475945e+03,3.860800530357406224e+00
9.903714545665441619e+03,3.860800578923153203e+00
9.903714568562407294e+03,3.860800627489600956e+00
9.903714591459372969e+03,3.860800676056749037e+00
9.903714614356338643e+03,3.860800724624597002e+00
9.903714637253304318e+03,3.860800773193143964e+00
9.903714660150269992e+03,3.860800821762391255e+00
9.903714683047235667e+03,3.860800870332337986e+00
9.903714705944201341e+03,3.860800918902984158e+00
9.903714728841167016e+03,3.860800967474328882e+00
9.903714751738132691e+03,3.860801016046372158e+00
9.903714774635098365e+03,3.860801064619114431e+00
9.903714797532064040e+03,3.860801113192555700e+00
9.903714820429029714e+03,3.860801161766695522e+00
9.903714843325995389e+03,3.860801210341533007e+00
9.903714866222961064e+03,3.860801258917069045e+00
9.903714889119926738e+03,3.860801307493301859e+00
9.903714912016892413e+03,3.860801356070233226e+00
9.903714934913858087e+03,3.860801404647862700e+00
9.903714957810823762e+03,3.860801453226188507e+00
9.903714980707789437e+03,3.860801501805212421e+00
9.903715003604755111e+03,3.860801550384932668e+00
9.903715026501720786e+03,3.860801598965350134e+00
9.903715049398686460e+03,3.860801647546463489e+00
9.903715072295652135e+03,3.860801696128274507e+00
9.903715095192617810e+03,3.860801744710780969e+00
9.903715118089583484e+03,3.860801793293983764e+00
9.903715140986549159e+03,3.860801841877882890e+00
9.903715163883514833e+03,3.860801890462477903e+00
9.903715186780480508e+03,3.860801939047767917e+00
9.903715209677446182e+03,3.860801987633754262e+00
9.903715232574411857e+03,3.860802036220435607e+00
9.903715255471377532e+03,3.860802084807811951e+00
9.903715278368343206e+03,3.860802133395883295e+00
9.903715301265307062e+03,3.860802181984644754e+00
9.903715324162272736e+03,3.860802230574105653e+00
9.903715347059238411e+03,3.860802279164261108e+00
9.903715369956204086e+03,3.860802327755110230e+00
9.903715392853169760e+03,3.860802376346654352e+00
9.903715415750135435e+03,3.860802424938891253e+00
9.903715438647101109e+03,3.860802473531822709e+00
9.903715461544066784e+03,3.860802522125447833e+00
9.903715484441032459e+03,3.860802570719765736e+00
9.903715507337998133e+03,3.860802619314777751e+00
9.903715530234963808e+03,3.860802667910481656e+00
9.903715553131929482e+03,3.860802716506879673e+00
9.903715576028895157e+03,3.860802765103969580e+00
9.903715598925860832e+03,3.860802813701752267e+00
9.903715621822826506e+03,3.860802862300227734e+00
9.903715644719792181e+03,3.860802910899394647e+00
9.903715667616757855e+03,3.860802959499254339e+00
9.903715690513723530e+03,3.860803008099805922e+00
9.903715713410689204e+03,3.860803056701048508e+00
9.903715736307654879e+03,3.860803105302983429e+00
9.903715759204620554e+03,3.860803153905609797e+00
9.903715782101586228e+03,3.860803202508926280e+00
9.903715804998551903e+03,3.860803251112934209e+00
9.903715827895517577e+03,3.860803299717634030e+00
9.903715850792483252e+03,3.860803348323023076e+00
9.903715873689448927e+03,3.860803396929103570e+00
9.903715896586414601e+03,3.860803445535874179e+00
9.903715919483380276e+03,3.860803494143334902e+00
9.903715942380345950e+03,3.860803542751485296e+00
9.903715965277311625e+03,3.860803591360325804e+00
9.903715988174277300e+03,3.860803639969855539e+00
9.903716011071242974e+03,3.860803688580075388e+00
9.903716033968208649e+03,3.860803737190984020e+00
9.903716056865174323e+03,3.860803785802582322e+00
9.903716079762139998e+03,3.860803834414869407e+00
9.903716102659103854e+03,3.860803883027841277e+00
9.903716125556069528e+03,3.860803931641505482e+00
9.903716148453035203e+03,3.860803980255858470e+00
9.903716171350000877e+03,3.860804028870899351e+00
9.903716194246966552e+03,3.860804077486628572e+00
9.903716217143932226e+03,3.860804126103046130e+00
9.903716240040897901e+03,3.860804174720151138e+00
9.903716262937863576e+03,3.860804223337943597e+00
9.903716285834829250e+03,3.860804271956423506e+00
9.903716308731794925e+03,3.860804320575590864e+00
9.903716331628760599e+03,3.860804369195444341e+00
9.903716354525726274e+03,3.860804417815985712e+00
9.903716377422691949e+03,3.860804466437214533e+00
9.903716400319657623e+03,3.860804515059128583e+00
9.903716423216623298e+03,3.860804563681729640e+00
9.903716446113588972e+03,3.860804612305016370e+00
9.903716469010554647e+03,3.860804660928989218e+00
9.903716491907520322e+03,3.860804709553648184e+00
9.903716514804485996e+03,3.860804758178992824e+00
9.903716537701451671e+03,3.860804806805023137e+00
9.903716560598417345e+03,3.860804855431739124e+00
9.903716583495383020e+03,3.860804904059139897e+00
9.903716606392348694e+03,3.860804952687225455e+00
9.903716629289314369e+03,3.860805001315995799e+00
9.903716652186280044e+03,3.860805049945451373e+00
9.903716675083245718e+03,3.860805098575590399e+00
9.903716697980211393e+03,3.860805147206414656e+00
9.903716720877177067e+03,3.860805195837922810e+00
9.903716743774142742e+03,3.860805244470114861e+00
9.903716766671108417e+03,3.860805293102991254e+00
9.903716789568074091e+03,3.860805341736551544e+00
9.903716812465039766e+03,3.860805390370794399e+00
9.903716835362005440e+03,3.860805439005721151e+00
9.903716858258971115e+03,3.860805487641330469e+00
9.903716881155936790e+03,3.860805536277623240e+00
9.903716904052900645e+03,3.860805584914594579e+00
9.903716926949866320e+03,3.860805633552252480e+00
9.903716949846831994e+03,3.860805682190592947e+00
9.903716972743797669e+03,3.860805730829615534e+00
9.903716995640763344e+03,3.860805779469320242e+00
9.903717018537729018e+03,3.860805828109706628e+00
9.903717041434694693e+03,3.860805876750775134e+00
9.903717064331660367e+03,3.860805925392525317e+00
9.903717087228626042e+03,3.860805974034956733e+00
9.903717110125591716e+03,3.860806022678069382e+00
9.903717133022557391e+03,3.860806071321862820e+00
9.903717155919523066e+03,3.860806119966337491e+00
9.903717178816488740e+03,3.860806168611492950e+00
9.903717201713454415e+03,3.860806217257328754e+00
9.903717224610420089e+03,3.860806265903845347e+00
9.903717247507385764e+03,3.860806314551041396e+00
9.903717270404351439e+03,3.860806363198918234e+00
9.903717293301317113e+03,3.860806411847474529e+00
9.903717316198282788e+03,3.860806460496710724e+00
9.903717339095248462e+03,3.860806509146626375e+00
9.903717361992214137e+03,3.860806557797221039e+00
9.903717384889179812e+03,3.860806606448495604e+00
9.903717407786145486e+03,3.860806655100448737e+00
9.903717430683111161e+03,3.860806703753080882e+00
9.903717453580076835e+03,3.860806752406390707e+00
9.903717476477042510e+03,3.860806801060380433e+00
9.903717499374008185e+03,3.860806849715047395e+00
9.903717522270973859e+03,3.860806898370393370e+00
9.903717545167939534e+03,3.860806947026417024e+00
9.903717568064905208e+03,3.860806995683118803e+00
9.903717590961870883e+03,3.860807044340497374e+00
9.903717613858836557e+03,3.860807092998553181e+00
9.903717636755802232e+03,3.860807141657287112e+00
9.903717659652767907e+03,3.860807190316698279e+00
9.903717682549733581e+03,3.860807238976786682e+00
9.903717705446697437e+03,3.860807287637546992e+00
9.903717728343663111e+03,3.860807336298988535e+00
9.903717751240628786e+03,3.860807384961105537e+00
9.903717774137594461e+03,3.860807433623899776e+00
9.903717797034560135e+03,3.860807482287369918e+00
9.903717819931525810e+03,3.860807530951515965e+00
9.903717842828491484e+03,3.860807579616337026e+00
9.903717865725457159e+03,3.860807628281834880e+00
9.903717888622422834e+03,3.860807676948006861e+00
9.903717911519388508e+03,3.860807725614855190e+00
9.903717934416354183e+03,3.860807774282378091e+00
9.903717957313319857e+03,3.860807822950575563e+00
9.903717980210285532e+03,3.860807871619448495e+00
9.903718003107251207e+03,3.860807920288995110e+00
9.903718026004216881e+03,3.860807968959217185e+00
9.903718048901182556e+03,3.860808017630112943e+00
9.903718071798148230e+03,3.860808066301682384e+00
9.903718094695113905e+03,3.860808114973925509e+00
9.903718117592079579e+03,3.860808163646843205e+00
9.903718140489045254e+03,3.860808212320433697e+00
9.903718163386010929e+03,3.860808260994697871e+00
9.903718186282976603e+03,3.860808309669634841e+00
9.903718209179942278e+03,3.860808358345244606e+00
9.903718232076907952e+03,3.860808407021527611e+00
9.903718254973873627e+03,3.860808455698483854e+00
9.903718277870839302e+03,3.860808504376111561e+00
9.903718300767804976e+03,3.860808553054412062e+00
9.903718323664770651e+03,3.860808601733384471e+00
9.903718346561736325e+03,3.860808650413029675e+00
9.903718369458702000e+03,3.860808699093346341e+00
9.903718392355667675e+03,3.860808747774333582e+00
9.903718415252633349e+03,3.860808796455993175e+00
9.903718438149599024e+03,3.860808845138323786e+00
9.903718461046564698e+03,3.860808893821325860e+00
9.903718483943530373e+03,3.860808942504998509e+00
9.903718506840494229e+03,3.860808991189338624e+00
9.903718529737459903e+03,3.860809039874352866e+00
9.903718552634425578e+03,3.860809088560037239e+00
9.903718575531391252e+03,3.860809137246392186e+00
9.903718598428356927e+03,3.860809185933416376e+00
9.903718621325322601e+03,3.860809234621112029e+00
9.903718644222288276e+03,3.860809283309476037e+00
9.903718667119253951e+03,3.860809331998510174e+00
9.903718690016219625e+03,3.860809380688213999e+00
9.903718712913185300e+03,3.860809429378586177e+00
9.903718735810150974e+03,3.860809478069627598e+00
9.903718758707116649e+03,3.860809526761338706e+00
9.903718781604082324e+03,3.860809575453717279e+00
9.903718804501047998e+03,3.860809624146765540e+00
9.903718827398013673e+03,3.860809672840481710e+00
9.903718850294979347e+03,3.860809721534865790e+00
9.903718873191945022e+03,3.860809770229919113e+00
9.903718896088910697e+03,3.860809818925639014e+00
9.903718918985876371e+03,3.860809867622027269e+00
9.903718941882842046e+03,3.860809916319082546e+00
9.903718964779807720e+03,3.860809965016804401e+00
9.903718987676773395e+03,3.860810013715195055e+00
9.903719010573739070e+03,3.860810062414251842e+00
9.903719033470704744e+03,3.860810111113975207e+00
9.903719056367670419e+03,3.860810159814365594e+00
9.903719079264636093e+03,3.860810208515423003e+00
9.903719102161601768e+03,3.860810257217145214e+00
9.903719125058567442e+03,3.860810305919535335e+00
9.903719147955533117e+03,3.860810354622590257e+00
9.903719170852498792e+03,3.860810403326310425e+00
9.903719193749464466e+03,3.860810452030697615e+00
9.903719216646430141e+03,3.860810500735749162e+00
9.903719239543395815e+03,3.860810549441466399e+00
9.903719262440361490e+03,3.860810598147848882e+00
9.903719285337327165e+03,3.860810646854896611e+00
9.903719308234291020e+03,3.860810695562604256e+00
9.903719331131256695e+03,3.860810744270981143e+00
9.903719354028222369e+03,3.860810792980021500e+00
9.903719376925188044e+03,3.860810841689727102e+00
9.903719399822153719e+03,3.860810890400096174e+00
9.903719422719119393e+03,3.860810939111129603e+00
9.903719445616085068e+03,3.860810987822826057e+00
9.903719468513050742e+03,3.860811036535187313e+00
9.903719491410016417e+03,3.860811085248210706e+00
9.903719514306982092e+03,3.860811133961897568e+00
9.903719537203947766e+03,3.860811182676247899e+00
9.903719560100913441e+03,3.860811231391260812e+00
9.903719582997879115e+03,3.860811280106936305e+00
9.903719605894844790e+03,3.860811328823274380e+00
9.903719628791810464e+03,3.860811377540275036e+00
9.903719651688776139e+03,3.860811426257937384e+00
9.903719674585741814e+03,3.860811474976262314e+00
9.903719697482707488e+03,3.860811523695248937e+00
9.903719720379673163e+03,3.860811572414896808e+00
9.903719743276638837e+03,3.860811621135205929e+00
9.903719766173604512e+03,3.860811669856176742e+00
9.903719789070570187e+03,3.860811718577809248e+00
9.903719811967535861e+03,3.860811767300102115e+00
9.903719834864501536e+03,3.860811816023056231e+00
9.903719857761467210e+03,3.860811864746670263e+00
9.903719880658432885e+03,3.860811913470945544e+00
9.903719903555398560e+03,3.860811962195880298e+00
9.903719926452364234e+03,3.860812010921475412e+00
9.903719949349329909e+03,3.860812059647730443e+00
9.903719972246295583e+03,3.860812108374645391e+00
9.903719995143261258e+03,3.860812157102220255e+00
9.903720018040226932e+03,3.860812205830454591e+00
9.903720040937192607e+03,3.860812254559347512e+00
9.903720063834158282e+03,3.860812303288899905e+00
9.903720086731123956e+03,3.860812352019110882e+00
9.903720109628087812e+03,3.860812400749976891e+00
9.903720132525053486e+03,3.860812449481505038e+00
9.903720155422019161e+03,3.860812498213692212e+00
9.903720178318984836e+03,3.860812546946537527e+00
9.903720201215950510e+03,3.860812595680040538e+00
9.903720224112916185e+03,3.860812644414201689e+00
9.903720247009881859e+03,3.860812693149020092e+00
9.903720269906847534e+03,3.860812741884496191e+00
9.903720292803813209e+03,3.860812790620629542e+00
9.903720315700778883e+03,3.860812839357420589e+00
9.903720338597744558e+03,3.860812888094868889e+00
9.903720361494710232e+03,3.860812936832973552e+00
9.903720384391675907e+03,3.860812985571735023e+00
9.903720407288641582e+03,3.860813034311151970e+00
9.903720430185607256e+03,3.860813083051226169e+00
9.903720453082572931e+03,3.860813131791956287e+00
9.903720475979538605e+03,3.860813180533343214e+00
9.903720498876504280e+03,3.860813229275384728e+00
9.903720521773469954e+03,3.860813278018083050e+00
9.903720544670435629e+03,3.860813326761435960e+00
9.903720567567401304e+03,3.860813375505444345e+00
9.903720590464366978e+03,3.860813424250108206e+00
9.903720613361332653e+03,3.860813472995426210e+00
9.903720636258298327e+03,3.860813521741399690e+00
9.903720659155264002e+03,3.860813570488027757e+00
9.903720682052229677e+03,3.860813619235309524e+00
9.903720704949195351e+03,3.860813667983246766e+00
9.903720727846161026e+03,3.860813716731836820e+00
9.903720750743126700e+03,3.860813765481081461e+00
9.903720773640092375e+03,3.860813814230979357e+00
9.903720796537058050e+03,3.860813862981531397e+00
9.903720819434023724e+03,3.860813911732736692e+00
9.903720842330989399e+03,3.860813960484595686e+00
9.903720865227955073e+03,3.860814009237107047e+00
9.903720888124920748e+03,3.860814057990271664e+00
9.903720911021884604e+03,3.860814106744085095e+00
9.903720933918850278e+03,3.860814155498554889e+00
9.903720956815815953e+03,3.860814204253677051e+00
9.903720979712781627e+03,3.860814253009450692e+00
9.903721002609747302e+03,3.860814301765877143e+00
9.903721025506712976e+03,3.860814350522955518e+00
9.903721048403678651e+03,3.860814399280684928e+00
9.903721071300644326e+03,3.860814448039066704e+00
9.903721094197610000e+03,3.860814496798099515e+00
9.903721117094575675e+03,3.860814545557782917e+00
9.903721139991541349e+03,3.860814594318117354e+00
9.903721162888507024e+03,3.860814643079103270e+00
9.903721185785472699e+03,3.860814691840739776e+00
9.903721208682438373e+03,3.860814740603026429e+00
9.903721231579404048e+03,3.860814789365963229e+00
9.903721254476369722e+03,3.860814838129550175e+00
9.903721277373335397e+03,3.860814886893788156e+00
9.903721300270301072e+03,3.860814935658674507e+00
9.903721323167266746e+03,3.860814984424211893e+00
9.903721346064232421e+03,3.860815033190397649e+00
9.903721368961198095e+03,3.860815081957232664e+00
9.903721391858163770e+03,3.860815130724716937e+00
9.903721414755129445e+03,3.860815179492850469e+00
9.903721437652095119e+03,3.860815228261632814e+00
9.903721460549060794e+03,3.860815277031063086e+00
9.903721483446026468e+03,3.860815325801142173e+00
9.903721506342992143e+03,3.860815374571869185e+00
9.903721529239957817e+03,3.860815423343245012e+00
9.903721552136923492e+03,3.860815472115267877e+00
9.903721575033889167e+03,3.860815520887939112e+00
9.903721597930854841e+03,3.860815569661256941e+00
9.903721620827820516e+03,3.860815618435223140e+00
9.903721643724786190e+03,3.860815667209836377e+00
9.903721666621751865e+03,3.860815715985096208e+00
9.903721689518717540e+03,3.860815764761003521e+00
9.903721712415681395e+03,3.860815813537552987e+00
9.903721735312647070e+03,3.860815862314753044e+00
9.903721758209612744e+03,3.860815911092599251e+00
9.903721781106578419e+03,3.860815959871092939e+00
9.903721804003544094e+03,3.860816008650231002e+00
9.903721826900509768e+03,3.860816057430016102e+00
9.903721849797475443e+03,3.860816106210446019e+00
9.903721872694441117e+03,3.860816154991521643e+00
9.903721895591406792e+03,3.860816203773242528e+00
9.903721918488372467e+03,3.860816252555608230e+00
9.903721941385338141e+03,3.860816301338619638e+00
9.903721964282303816e+03,3.860816350122275864e+00
9.903721987179269490e+03,3.860816398906576019e+00
9.903722010076235165e+03,3.860816447691521436e+00
9.903722032973200839e+03,3.860816496477109894e+00
9.903722055870166514e+03,3.860816545263343169e+00
9.903722078767132189e+03,3.860816594050221262e+00
9.903722101664097863e+03,3.860816642837741952e+00
9.903722124561063538e+03,3.860816691625906572e+00
9.903722147458029212e+03,3.860816740414714676e+00
9.903722170354994887e+03,3.860816789204165378e+00
9.903722193251960562e+03,3.860816837994260453e+00
9.903722216148926236e+03,3.860816886784997681e+00
9.903722239045891911e+03,3.860816935576377507e+00
9.903722261942857585e+03,3.860816984368399485e+00
9.903722284839823260e+03,3.860817033161064948e+00
9.903722307736788935e+03,3.860817081954372121e+00
9.903722330633754609e+03,3.860817130748321446e+00
9.903722353530720284e+03,3.860817179542912481e+00
9.903722376427685958e+03,3.860817228338144780e+00
9.903722399324651633e+03,3.860817277134019232e+00
9.903722422221617308e+03,3.860817325930534505e+00
9.903722445118582982e+03,3.860817374727691931e+00
9.903722468015548657e+03,3.860817423525489733e+00
9.903722490912514331e+03,3.860817472323928357e+00
9.903722513809478187e+03,3.860817521123003360e+00
9.903722536706443861e+03,3.860817569922723624e+00
9.903722559603409536e+03,3.860817618723082933e+00
9.903722582500375211e+03,3.860817667524083951e+00
9.903722605397340885e+03,3.860817716325724014e+00
9.903722628294306560e+03,3.860817765128003565e+00
9.903722651191272234e+03,3.860817813930923492e+00
9.903722674088237909e+03,3.860817862734482908e+00
9.903722696985203584e+03,3.860817911538680924e+00
9.903722719882169258e+03,3.860817960343518873e+00
9.903722742779134933e+03,3.860818009148994534e+00
9.903722765676100607e+03,3.860818057955110127e+00
9.903722788573066282e+03,3.860818106761863877e+00
9.903722811470031957e+03,3.860818155569256227e+00
9.903722834366997631e+03,3.860818204377287177e+00
9.903722857263963306e+03,3.860818253185954951e+00
9.903722880160928980e+03,3.860818301995262214e+00
9.903722903057894655e+03,3.860818350805206300e+00
9.903722925954860330e+03,3.860818399615787655e+00
9.903722948851826004e+03,3.860818448427007166e+00
9.903722971748791679e+03,3.860818497238863500e+00
9.903722994645757353e+03,3.860818546051356659e+00
9.903723017542723028e+03,3.860818594864486641e+00
9.903723040439688702e+03,3.860818643678254336e+00
9.903723063336654377e+03,3.860818692492657078e+00
9.903723086233620052e+03,3.860818741307697533e+00
9.903723109130585726e+03,3.860818790123373478e+00
9.903723132027551401e+03,3.860818838939685804e+00
9.903723154924517075e+03,3.860818887756633622e+00
9.903723177821482750e+03,3.860818936574216931e+00
9.903723200718448425e+03,3.860818985392435732e+00
9.903723223615414099e+03,3.860819034211290468e+00
9.903723246512379774e+03,3.860819083030780252e+00
9.903723269409345448e+03,3.860819131850904640e+00
9.903723292306311123e+03,3.860819180671664075e+00
9.903723315203274979e+03,3.860819229493054117e+00
9.903723338100240653e+03,3.860819278315082759e+00
9.903723360997206328e+03,3.860819327137745560e+00
9.903723383894172002e+03,3.860819375961042077e+00
9.903723406791137677e+03,3.860819424784972753e+00
9.903723429688103352e+03,3.860819473609537589e+00
9.903723452585069026e+03,3.860819522434735696e+00
9.903723475482034701e+03,3.860819571260566629e+00
9.903723498379000375e+03,3.860819620087032167e+00
9.903723521275966050e+03,3.860819668914129643e+00
9.903723544172931724e+03,3.860819717741860835e+00
9.903723567069897399e+03,3.860819766570224409e+00
9.903723589966863074e+03,3.860819815399220811e+00
9.903723612863828748e+03,3.860819864228848708e+00
9.903723635760794423e+03,3.860819913059110320e+00
9.903723658657760097e+03,3.860819961890002538e+00
9.903723681554725772e+03,3.860820010721527140e+00
9.903723704451691447e+03,3.860820059553683681e+00
9.903723727348657121e+03,3.860820108386471716e+00
9.903723750245622796e+03,3.860820157219890802e+00
9.903723773142588470e+03,3.860820206053941828e+00
9.903723796039554145e+03,3.860820254888623015e+00
9.903723818936519820e+03,3.860820303723934810e+00
9.903723841833485494e+03,3.860820352559878099e+00
9.903723864730451169e+03,3.860820401396451551e+00
9.903723887627416843e+03,3.860820450233655610e+00
9.903723910524382518e+03,3.860820499071489387e+00
9.903723933421348192e+03,3.860820547909953770e+00
9.903723956318313867e+03,3.860820596749046985e+00
9.903723979215279542e+03,3.860820645588770805e+00
9.903724002112245216e+03,3.860820694429123456e+00
9.903724025009210891e+03,3.860820743270105826e+00
9.903724047906176565e+03,3.860820792111717026e+00
9.903724070803142240e+03,3.860820840953956612e+00
9.903724093700107915e+03,3.860820889796826361e+00
9.903724116597071770e+03,3.860820938640320055e+00
9.903724139494037445e+03,3.860820987484445688e+00
9.903724162391003119e+03,3.860821036329200151e+00
9.903724185287968794e+03,3.860821085174582112e+00
9.903724208184934469e+03,3.860821134020593348e+00
9.903724231081900143e+03,3.860821182867230750e+00
9.903724253978865818e+03,3.860821231714496982e+00
9.903724276875831492e+03,3.860821280562389379e+00
9.903724299772797167e+03,3.860821329410910163e+00
9.903724322669762842e+03,3.860821378260056669e+00
9.903724345566728516e+03,3.860821427109831117e+00
9.903724368463694191e+03,3.860821475960231730e+00
9.903724391360659865e+03,3.860821524811259842e+00
9.903724414257625540e+03,3.860821573662913231e+00
9.903724437154591214e+03,3.860821622515193230e+00
9.903724460051556889e+03,3.860821671368098951e+00
9.903724482948522564e+03,3.860821720221630837e+00
9.903724505845488238e+03,3.860821769075788001e+00
9.903724528742453913e+03,3.860821817930570887e+00
9.903724551639419587e+03,3.860821866785979495e+00
9.903724574536385262e+03,3.860821915642012936e+00
9.903724597433350937e+03,3.860821964498671210e+00
9.903724620330316611e+03,3.860822013355954319e+00
9.903724643227282286e+03,3.860822062213862704e+00
9.903724666124247960e+03,3.860822111072394591e+00
9.903724689021213635e+03,3.860822159931551312e+00
9.903724711918179310e+03,3.860822208791332422e+00
9.903724734815144984e+03,3.860822257651737033e+00
9.903724757712110659e+03,3.860822306512766033e+00
9.903724780609076333e+03,3.860822355374417647e+00
9.903724803506042008e+03,3.860822404236692762e+00
9.903724826403007683e+03,3.860822453099591822e+00
9.903724849299973357e+03,3.860822501963114384e+00
9.903724872196939032e+03,3.860822550827258670e+00
9.903724895093904706e+03,3.860822599692026458e+00
9.903724917990868562e+03,3.860822648557411974e+00
9.903724940887834236e+03,3.860822697423424987e+00
9.903724963784799911e+03,3.860822746290059282e+00
9.903724986681765586e+03,3.860822795157316190e+00
9.903725009578731260e+03,3.860822844025194822e+00
9.903725032475696935e+03,3.860822892893695624e+00
9.903725055372662609e+03,3.860822941762817262e+00
9.903725078269628284e+03,3.860822990632560625e+00
9.903725101166593959e+03,3.860823039502925269e+00
9.903725124063559633e+03,3.860823088373910306e+00
9.903725146960525308e+03,3.860823137245516179e+00
9.903725169857490982e+03,3.860823186117743333e+00
9.903725192754456657e+03,3.860823234990590880e+00
9.903725215651422332e+03,3.860823283864058375e+00
9.903725238548388006e+03,3.860823332738146707e+00
9.903725261445353681e+03,3.860823381612854099e+00
9.903725284342319355e+03,3.860823430488182328e+00
9.903725307239285030e+03,3.860823479364129618e+00
9.903725330136250705e+03,3.860823528240696412e+00
9.903725353033216379e+03,3.860823577117883154e+00
9.903725375930182054e+03,3.860823625995687625e+00
9.903725398827147728e+03,3.860823674874111600e+00
9.903725421724113403e+03,3.860823723753154635e+00
9.903725444621079077e+03,3.860823772632816731e+00
9.903725467518044752e+03,3.860823821513096554e+00
9.903725490415010427e+03,3.860823870393994550e+00
9.903725513311976101e+03,3.860823919275511162e+00
9.903725536208941776e+03,3.860823968157645059e+00
9.903725559105907450e+03,3.860824017040397127e+00
9.903725582002873125e+03,3.860824065923766923e+00
9.903725604899838800e+03,3.860824114807753560e+00
9.903725627796804474e+03,3.860824163692357924e+00
9.903725650693770149e+03,3.860824212577579129e+00
9.903725673590735823e+03,3.860824261463417617e+00
9.903725696487701498e+03,3.860824310349872057e+00
9.903725719384665354e+03,3.860824359236939785e+00
9.903725742281631028e+03,3.860824408124627460e+00
9.903725765178596703e+03,3.860824457012931088e+00
9.903725788075562377e+03,3.860824505901850667e+00
9.903725810972528052e+03,3.860824554791386642e+00
9.903725833869493727e+03,3.860824603681538125e+00
9.903725856766459401e+03,3.860824652572305116e+00
9.903725879663425076e+03,3.860824701463687614e+00
9.903725902560390750e+03,3.860824750355684287e+00
9.903725925457356425e+03,3.860824799248297357e+00
9.903725948354322099e+03,3.860824848141524157e+00
9.903725971251287774e+03,3.860824897035365577e+00
9.903725994148253449e+03,3.860824945929822061e+00
9.903726017045219123e+03,3.860824994824892720e+00
9.903726039942184798e+03,3.860825043720577110e+00
9.903726062839150472e+03,3.860825092616875676e+00
9.903726085736116147e+03,3.860825141513787973e+00
9.903726108633081822e+03,3.860825190411314445e+00
9.903726131530047496e+03,3.860825239309453316e+00
9.903726154427013171e+03,3.860825288208205919e+00
9.903726177323978845e+03,3.860825337107572253e+00
9.903726200220944520e+03,3.860825386007550986e+00
9.903726223117910195e+03,3.860825434908142118e+00
9.903726246014875869e+03,3.860825483809346093e+00
9.903726268911841544e+03,3.860825532711162023e+00
9.903726291808807218e+03,3.860825581613591240e+00
9.903726314705772893e+03,3.860825630516631080e+00
9.903726337602738568e+03,3.860825679420284207e+00
9.903726360499704242e+03,3.860825728324547956e+00
9.903726383396669917e+03,3.860825777229423217e+00
9.903726406293635591e+03,3.860825826134910432e+00
9.903726429190601266e+03,3.860825875041008715e+00
9.903726452087566940e+03,3.860825923947718064e+00
9.903726474984532615e+03,3.860825972855038479e+00
9.903726497881498290e+03,3.860826021762968630e+00
9.903726520778462145e+03,3.860826070671506294e+00
9.903726543675427820e+03,3.860826119580657689e+00
9.903726566572393494e+03,3.860826168490419263e+00
9.903726589469359169e+03,3.860826217400791460e+00
9.903726612366324844e+03,3.860826266311772503e+00
9.903726635263290518e+03,3.860826315223364169e+00
9.903726658160256193e+03,3.860826364135564237e+00
9.903726681057221867e+03,3.860826413048374040e+00
9.903726703954187542e+03,3.860826461961793132e+00
9.903726726851153217e+03,3.860826510875821516e+00
9.903726749748118891e+03,3.860826559790457413e+00
9.903726772645084566e+03,3.860826608705703045e+00
9.903726795542050240e+03,3.860826657621556190e+00
9.903726818439015915e+03,3.860826706538019071e+00
9.903726841335981590e+03,3.860826755455088577e+00
9.903726864232947264e+03,3.860826804372766485e+00
9.903726887129912939e+03,3.860826853291052352e+00
9.903726910026878613e+03,3.860826902209945732e+00
9.903726932923844288e+03,3.860826951129446183e+00
9.903726955820809962e+03,3.860827000049554147e+00
9.903726978717775637e+03,3.860827048970268294e+00
9.903727001614741312e+03,3.860827097891589954e+00
9.903727024511706986e+03,3.860827146813518684e+00
9.903727047408672661e+03,3.860827195736054041e+00
9.903727070305638335e+03,3.860827244659194246e+00
9.903727093202604010e+03,3.860827293582942854e+00
9.903727116099569685e+03,3.860827342507295867e+00
9.903727138996535359e+03,3.860827391432255506e+00
9.903727161893501034e+03,3.860827440357819995e+00
9.903727184790466708e+03,3.860827489283990221e+00
9.903727207687432383e+03,3.860827538210766186e+00
9.903727230584398058e+03,3.860827587138146999e+00
9.903727253481363732e+03,3.860827636066132662e+00
9.903727276378329407e+03,3.860827684994723619e+00
9.903727299275295081e+03,3.860827733923918981e+00
9.903727322172258937e+03,3.860827782853714307e+00
9.903727345069224612e+03,3.860827831784118036e+00
9.903727367966190286e+03,3.860827880715126170e+00
9.903727390863155961e+03,3.860827929646738710e+00
9.903727413760121635e+03,3.860827978578954323e+00
9.903727436657087310e+03,3.860828027511773453e+00
9.903727459554052984e+03,3.860828076445196100e+00
9.903727482451018659e+03,3.860828125379222264e+00
9.903727505347984334e+03,3.860828174313851946e+00
9.903727528244950008e+03,3.860828223249083813e+00
9.903727551141915683e+03,3.860828272184918308e+00
9.903727574038881357e+03,3.860828321121355433e+00
9.903727596935847032e+03,3.860828370058395187e+00
9.903727619832812707e+03,3.860828418996036682e+00
9.903727642729778381e+03,3.860828467934280805e+00
9.903727665626744056e+03,3.860828516873126226e+00
9.903727688523709730e+03,3.860828565812573832e+00
9.903727711420675405e+03,3.860828614752622734e+00
9.903727734317641080e+03,3.860828663693273821e+00
9.903727757214606754e+03,3.860828712634525317e+00
9.903727780111572429e+03,3.860828761576376777e+00
9.903727803008538103e+03,3.860828810518830423e+00
9.903727825905503778e+03,3.860828859461884477e+00
9.903727848802469452e+03,3.860828908405538495e+00
9.903727871699435127e+03,3.860828957349793811e+00
9.903727894596400802e+03,3.860829006294648647e+00
9.903727917493366476e+03,3.860829055240103891e+00
9.903727940390332151e+03,3.860829104186157767e+00
9.903727963287297825e+03,3.860829153132812053e+00
9.903727986184263500e+03,3.860829202080065858e+00
9.903728009081229175e+03,3.860829251027918296e+00
9.903728031978194849e+03,3.860829299976370699e+00
9.903728054875160524e+03,3.860829348925421289e+00
9.903728077772126198e+03,3.860829397875071400e+00
9.903728100669091873e+03,3.860829446825319256e+00
9.903728123566055729e+03,3.860829495776162190e+00
9.903728146463021403e+03,3.860829544727607754e+00
9.903728169359987078e+03,3.860829593679650618e+00
9.903728192256952752e+03,3.860829642632290781e+00
9.903728215153918427e+03,3.860829691585529133e+00
9.903728238050884102e+03,3.860829740539366117e+00
9.903728260947849776e+03,3.860829789493799513e+00
9.903728283844815451e+03,3.860829838448829321e+00
9.903728306741781125e+03,3.860829887404457761e+00
9.903728329638746800e+03,3.860829936360682613e+00
9.903728352535712474e+03,3.860829985317502988e+00
9.903728375432678149e+03,3.860830034274921108e+00
9.903728398329643824e+03,3.860830083232935639e+00
9.903728421226609498e+03,3.860830132191545694e+00
9.903728444123575173e+03,3.860830181150751717e+00
9.903728467020540847e+03,3.860830230110554151e+00
9.903728489917506522e+03,3.860830279070951221e+00
9.903728512814472197e+03,3.860830328031944259e+00
9.903728535711437871e+03,3.860830376993532820e+00
9.903728558608403546e+03,3.860830425955716461e+00
9.903728581505369220e+03,3.860830474918494737e+00
9.903728604402334895e+03,3.860830523881868093e+00
9.903728627299300570e+03,3.860830572845836084e+00
9.903728650196266244e+03,3.860830621810398267e+00
9.903728673093231919e+03,3.860830670775555085e+00
9.903728695990197593e+03,3.860830719741305206e+00
9.903728718887163268e+03,3.860830768707649963e+00
9.903728741784128943e+03,3.860830817674588022e+00
9.903728764681094617e+03,3.860830866642120274e+00
9.903728787578060292e+03,3.860830915610245384e+00
9.903728810475025966e+03,3.860830964578964686e+00
9.903728833371991641e+03,3.860831013548275958e+00
9.903728856268957315e+03,3.860831062518180534e+00
9.903728879165922990e+03,3.860831111488677081e+00
9.903728902062888665e+03,3.860831160459767375e+00
9.903728924959852520e+03,3.860831209431445199e+00
9.903728947856818195e+03,3.860831258403718991e+00
9.903728970753783869e+03,3.860831307376585642e+00
9.903728993650749544e+03,3.860831356350043819e+00
9.903729016547715219e+03,3.860831405324093524e+00
9.903729039444680893e+03,3.860831454298734311e+00
9.903729062341646568e+03,3.860831503273967069e+00
9.903729085238612242e+03,3.860831552249790910e+00
9.903729108135577917e+03,3.860831601226205390e+00
9.903729131032543592e+03,3.860831650203210952e+00
9.903729153929509266e+03,3.860831699180806709e+00
9.903729176826474941e+03,3.860831748158993548e+00
9.903729199723440615e+03,3.860831797137770138e+00
9.903729222620406290e+03,3.860831846117137367e+00
9.903729245517371965e+03,3.860831895097094346e+00
9.903729268414337639e+03,3.860831944077641076e+00
9.903729291311303314e+03,3.860831993058777556e+00
9.903729314208268988e+03,3.860832042040502454e+00
9.903729337105234663e+03,3.860832091022817547e+00
9.903729360002200337e+03,3.860832140005721058e+00
9.903729382899166012e+03,3.860832188989214764e+00
9.903729405796131687e+03,3.860832237973295999e+00
9.903729428693097361e+03,3.860832286957966542e+00
9.903729451590063036e+03,3.860832335943224614e+00
9.903729474487028710e+03,3.860832384929071548e+00
9.903729497383994385e+03,3.860832433915506012e+00
9.903729520280960060e+03,3.860832482902528895e+00
9.903729543177925734e+03,3.860832531890139308e+00
9.903729566074891409e+03,3.860832580878337694e+00
9.903729588971857083e+03,3.860832629867122723e+00
9.903729611868822758e+03,3.860832678856494393e+00
9.903729634765788433e+03,3.860832727846454038e+00
9.903729657662754107e+03,3.860832776837000768e+00
9.903729680559719782e+03,3.860832825828132808e+00
9.903729703456685456e+03,3.860832874819852378e+00
9.903729726353649312e+03,3.860832923812154593e+00
9.903729749250614987e+03,3.860832972805046115e+00
9.903729772147580661e+03,3.860833021798524278e+00
9.903729795044546336e+03,3.860833070792587751e+00
9.903729817941512010e+03,3.860833119787236978e+00
9.903729840838477685e+03,3.860833168782471070e+00
9.903729863735443359e+03,3.860833217778290916e+00
9.903729886632409034e+03,3.860833266774696071e+00
9.903729909529374709e+03,3.860833315771686092e+00
9.903729932426340383e+03,3.860833364769260978e+00
9.903729955323306058e+03,3.860833413767420286e+00
9.903729978220271732e+03,3.860833462766163571e+00
9.903730001117237407e+03,3.860833511765491721e+00
9.903730024014203082e+03,3.860833560765403405e+00
9.903730046911168756e+03,3.860833609765899510e+00
9.903730069808134431e+03,3.860833658766978704e+00
9.903730092705100105e+03,3.860833707768642320e+00
9.903730115602065780e+03,3.860833756770888137e+00
9.903730138499031455e+03,3.860833805773718375e+00
9.903730161395997129e+03,3.860833854777130369e+00
9.903730184292962804e+03,3.860833903781126342e+00
9.903730207189928478e+03,3.860833952785704071e+00
9.903730230086894153e+03,3.860834001790864889e+00
9.903730252983859828e+03,3.860834050796607908e+00
9.903730275880825502e+03,3.860834099802933572e+00
9.903730298777791177e+03,3.860834148809840105e+00
9.903730321674756851e+03,3.860834197817329727e+00
9.903730344571722526e+03,3.860834246825400218e+00
9.903730367468688200e+03,3.860834295834052021e+00
9.903730390365653875e+03,3.860834344843286026e+00
9.903730413262619550e+03,3.860834393853100011e+00
9.903730436159585224e+03,3.860834442863495308e+00
9.903730459056550899e+03,3.860834491874471919e+00
9.903730481953516573e+03,3.860834540886028510e+00
9.903730504850482248e+03,3.860834589898165969e+00
9.903730527747446104e+03,3.860834638910879857e+00
9.903730550644411778e+03,3.860834687924177278e+00
9.903730573541377453e+03,3.860834736938054235e+00
9.903730596438343127e+03,3.860834785952512505e+00
9.903730619335308802e+03,3.860834834967548979e+00
9.903730642232274477e+03,3.860834883983164989e+00
9.903730665129240151e+03,3.860834932999360536e+00
9.903730688026205826e+03,3.860834982016135175e+00
9.903730710923171500e+03,3.860835031033488463e+00
9.903730733820137175e+03,3.860835080051420398e+00
9.903730756717102850e+03,3.860835129069930982e+00
9.903730779614068524e+03,3.860835178089020214e+00
9.903730802511034199e+03,3.860835227108686762e+00
9.903730825407999873e+03,3.860835276128932403e+00
9.903730848304965548e+03,3.860835325149755359e+00
9.903730871201931222e+03,3.860835374171155188e+00
9.903730894098896897e+03,3.860835423193133664e+00
9.903730916995862572e+03,3.860835472215689013e+00
9.903730939892828246e+03,3.860835521238822121e+00
9.903730962789793921e+03,3.860835570262530769e+00
9.903730985686759595e+03,3.860835619286817622e+00
9.903731008583725270e+03,3.860835668311680458e+00
9.903731031480690945e+03,3.860835717337119721e+00
9.903731054377656619e+03,3.860835766363135413e+00
9.903731077274622294e+03,3.860835815389726644e+00
9.903731100171587968e+03,3.860835864416895191e+00
9.903731123068553643e+03,3.860835913444638834e+00
9.903731145965519318e+03,3.860835962472957128e+00
9.903731168862484992e+03,3.860836011501851850e+00
9.903731191759450667e+03,3.860836060531321667e+00
9.903731214656416341e+03,3.860836109561366580e+00
9.903731237553382016e+03,3.860836158591985701e+00
9.903731260450347690e+03,3.860836207623179916e+00
9.903731283347313365e+03,3.860836256654949228e+00
9.903731306244279040e+03,3.860836305687292302e+00
9.903731329141242895e+03,3.860836354720206032e+00
9.903731352038208570e+03,3.860836403753697521e+00
9.903731374935174244e+03,3.860836452787762774e+00
9.903731397832139919e+03,3.860836501822402234e+00
9.903731420729105594e+03,3.860836550857614569e+00
9.903731443626071268e+03,3.860836599893400667e+00
9.903731466523036943e+03,3.860836648929759640e+00
9.903731489420002617e+03,3.860836697966691489e+00
9.903731512316968292e+03,3.860836747004197100e+00
9.903731535213933967e+03,3.860836796042273811e+00
9.903731558110899641e+03,3.860836845080924284e+00
9.903731581007865316e+03,3.860836894120146745e+00
9.903731603904830990e+03,3.860836943159941193e+00
9.903731626801796665e+03,3.860836992200306739e+00
9.903731649698762340e+03,3.860837041241245604e+00
9.903731672595728014e+03,3.860837090282754680e+00
9.903731695492693689e+03,3.860837139324836187e+00
9.903731718389659363e+03,3.860837188367488793e+00
9.903731741286625038e+03,3.860837237410712497e+00
9.903731764183590712e+03,3.860837286454506856e+00
9.903731787080556387e+03,3.860837335498871870e+00
9.903731809977522062e+03,3.860837384543807538e+00
9.903731832874487736e+03,3.860837433589313861e+00
9.903731855771453411e+03,3.860837482635390394e+00
9.903731878668419085e+03,3.860837531682036250e+00
9.903731901565384760e+03,3.860837580729252760e+00
9.903731924462350435e+03,3.860837629777038593e+00
9.903731947359316109e+03,3.860837678825394192e+00
9.903731970256281784e+03,3.860837727874319114e+00
9.903731993153247458e+03,3.860837776923812914e+00
9.903732016050213133e+03,3.860837825973876036e+00
9.903732038947178808e+03,3.860837875024508481e+00
9.903732061844144482e+03,3.860837924075708916e+00
9.903732084741110157e+03,3.860837973127477785e+00
9.903732107638075831e+03,3.860838022179815532e+00
9.903732130535039687e+03,3.860838071232716384e+00
9.903732153432005362e+03,3.860838120286190112e+00
9.903732176328971036e+03,3.860838169340231829e+00
9.903732199225936711e+03,3.860838218394840204e+00
9.903732222122902385e+03,3.860838267450017014e+00
9.903732245019868060e+03,3.860838316505760481e+00
9.903732267916833734e+03,3.860838365562071051e+00
9.903732290813799409e+03,3.860838414618949166e+00
9.903732313710765084e+03,3.860838463676393939e+00
9.903732336607730758e+03,3.860838512734404038e+00
9.903732359504696433e+03,3.860838561792982127e+00
9.903732382401662107e+03,3.860838610852125541e+00
9.903732405298627782e+03,3.860838659911835613e+00
9.903732428195593457e+03,3.860838708972111455e+00
9.903732451092559131e+03,3.860838758032951734e+00
9.903732473989524806e+03,3.860838807094359115e+00
9.903732496886490480e+03,3.860838856156330934e+00
9.903732519783456155e+03,3.860838905218868522e+00
9.903732542680421830e+03,3.860838954281971436e+00
9.903732565577387504e+03,3.860839003345638787e+00
9.903732588474353179e+03,3.860839052409871019e+00
9.903732611371318853e+03,3.860839101474667245e+00
9.903732634268284528e+03,3.860839150540028353e+00
9.903732657165250203e+03,3.860839199605953453e+00
9.903732680062215877e+03,3.860839248672442547e+00
9.903732702959181552e+03,3.860839297739495635e+00
9.903732725856147226e+03,3.860839346807111827e+00
9.903732748753112901e+03,3.860839395875292013e+00
9.903732771650078575e+03,3.860839444944035304e+00
9.903732794547044250e+03,3.860839494013340811e+00
9.903732817444009925e+03,3.860839543083210312e+00
9.903732840340975599e+03,3.860839592153642030e+00
9.903732863237941274e+03,3.860839641224637298e+00
9.903732886134906948e+03,3.860839690296194338e+00
9.903732909031872623e+03,3.860839739368314039e+00
9.903732931928836479e+03,3.860839788440991516e+00
9.903732954825802153e+03,3.860839837514234762e+00
9.903732977722767828e+03,3.860839886588040226e+00
9.903733000619733502e+03,3.860839935662406130e+00
9.903733023516699177e+03,3.860839984737334696e+00
9.903733046413664852e+03,3.860840033812824590e+00
9.903733069310630526e+03,3.860840082888874925e+00
9.903733092207596201e+03,3.860840131965485700e+00
9.903733115104561875e+03,3.860840181042656916e+00
9.903733138001527550e+03,3.860840230120389904e+00
9.903733160898493225e+03,3.860840279198682445e+00
9.903733183795458899e+03,3.860840328277535427e+00
9.903733206692424574e+03,3.860840377356948405e+00
9.903733229589390248e+03,3.860840426436921824e+00
9.903733252486355923e+03,3.860840475517453907e+00
9.903733275383321597e+03,3.860840524598545986e+00
9.903733298280287272e+03,3.860840573680196730e+00
9.903733321177252947e+03,3.860840622762407470e+00
9.903733344074218621e+03,3.860840671845176875e+00
9.903733366971184296e+03,3.860840720928504943e+00
9.903733389868149970e+03,3.860840770012391676e+00
9.903733412765115645e+03,3.860840819096837073e+00
9.903733435662081320e+03,3.860840868181840690e+00
9.903733458559046994e+03,3.860840917267401640e+00
9.903733481456012669e+03,3.860840966353521697e+00
9.903733504352978343e+03,3.860841015440198642e+00
9.903733527249944018e+03,3.860841064527433808e+00
9.903733550146909693e+03,3.860841113615226750e+00
9.903733573043875367e+03,3.860841162703575691e+00
9.903733595940841042e+03,3.860841211792481964e+00
9.903733618837806716e+03,3.860841260881945569e+00
9.903733641734772391e+03,3.860841309971965618e+00
9.903733664631738066e+03,3.860841359062542555e+00
9.903733687528703740e+03,3.860841408153675491e+00
9.903733710425669415e+03,3.860841457245364872e+00
9.903733733322633270e+03,3.860841506337606699e+00
9.903733756219598945e+03,3.860841555430407634e+00
9.903733779116564619e+03,3.860841604523764126e+00
9.903733802013530294e+03,3.860841653617676172e+00
9.903733824910495969e+03,3.860841702712144663e+00
9.903733847807461643e+03,3.860841751807167377e+00
9.903733870704427318e+03,3.860841800902744758e+00
9.903733893601392992e+03,3.860841849998877695e+00
9.903733916498358667e+03,3.860841899095564855e+00
9.903733939395324342e+03,3.860841948192806683e+00
9.903733962292290016e+03,3.860841997290602290e+00
9.903733985189255691e+03,3.860842046388952564e+00
9.903734008086221365e+03,3.860842095487856618e+00
9.903734030983187040e+03,3.860842144587314007e+00
9.903734053880152715e+03,3.860842193687325619e+00
9.903734076777118389e+03,3.860842242787890566e+00
9.903734099674084064e+03,3.860842291889008404e+00
9.903734122571049738e+03,3.860842340990680022e+00
9.903734145468015413e+03,3.860842390092904530e+00
9.903734168364981088e+03,3.860842439195680598e+00
9.903734191261946762e+03,3.860842488299010000e+00
9.903734214158912437e+03,3.860842537402892294e+00
9.903734237055878111e+03,3.860842586507325258e+00
9.903734259952843786e+03,3.860842635612311557e+00
9.903734282849809460e+03,3.860842684717849416e+00
9.903734305746775135e+03,3.860842733823938833e+00
9.903734328643740810e+03,3.860842782930579808e+00
9.903734351540706484e+03,3.860842832037772343e+00
9.903734374437672159e+03,3.860842881145516436e+00
9.903734397334637833e+03,3.860842930253810312e+00
9.903734420231603508e+03,3.860842979362656191e+00
9.903734443128569183e+03,3.860843028472051852e+00
9.903734466025534857e+03,3.860843077581998184e+00
9.903734488922500532e+03,3.860843126692495630e+00
9.903734511819466206e+03,3.860843175803542415e+00
9.903734534716430062e+03,3.860843224915135430e+00
9.903734557613395737e+03,3.860843274027281780e+00
9.903734580510361411e+03,3.860843323139978800e+00
9.903734603407327086e+03,3.860843372253223826e+00
9.903734626304292760e+03,3.860843421367018635e+00
9.903734649201258435e+03,3.860843470481362782e+00
9.903734672098224110e+03,3.860843519596256712e+00
9.903734694995189784e+03,3.860843568711697760e+00
9.903734717892155459e+03,3.860843617827688590e+00
9.903734740789121133e+03,3.860843666944226982e+00
9.903734763686086808e+03,3.860843716061314268e+00
9.903734786583052482e+03,3.860843765178948672e+00
9.903734809480018157e+03,3.860843814297131971e+00
9.903734832376983832e+03,3.860843863415862387e+00
9.903734855273949506e+03,3.860843912535140809e+00
9.903734878170915181e+03,3.860843961654965462e+00
9.903734901067880855e+03,3.860844010775338564e+00
9.903734923964846530e+03,3.860844059896257896e+00
9.903734946861812205e+03,3.860844109017724790e+00
9.903734969758777879e+03,3.860844158139737914e+00
9.903734992655743554e+03,3.860844207262297711e+00
9.903735015552709228e+03,3.860844256385403295e+00
9.903735038449674903e+03,3.860844305509055996e+00
9.903735061346640578e+03,3.860844354633253594e+00
9.903735084243606252e+03,3.860844403757997423e+00
9.903735107140571927e+03,3.860844452883287037e+00
9.903735130037537601e+03,3.860844502009121992e+00
9.903735152934503276e+03,3.860844551135501845e+00
9.903735175831468950e+03,3.860844600262427928e+00
9.903735198728434625e+03,3.860844649389898020e+00
9.903735221625400300e+03,3.860844698517912565e+00
9.903735244522365974e+03,3.860844747646472452e+00
9.903735267419331649e+03,3.860844796775576349e+00
9.903735290316297323e+03,3.860844845905224254e+00
9.903735313213262998e+03,3.860844895035416613e+00
9.903735336110226854e+03,3.860844944166149428e+00
9.903735359007192528e+03,3.860844993297429362e+00
9.903735381904158203e+03,3.860845042429252860e+00
9.903735404801123877e+03,3.860845091561619036e+00
9.903735427698089552e+03,3.860845140694529665e+00
9.903735450595055227e+03,3.860845189827982527e+00
9.903735473492020901e+03,3.860845238961978065e+00
9.903735496388986576e+03,3.860845288096517169e+00
9.903735519285952250e+03,3.860845337231597618e+00
9.903735542182917925e+03,3.860845386367222076e+00
9.903735565079883600e+03,3.860845435503386991e+00
9.903735587976849274e+03,3.860845484640094138e+00
9.903735610873814949e+03,3.860845533777344407e+00
9.903735633770780623e+03,3.860845582915135132e+00
9.903735656667746298e+03,3.860845632053467202e+00
9.903735679564711972e+03,3.860845681192341505e+00
9.903735702461677647e+03,3.860845730331755821e+00
9.903735725358643322e+03,3.860845779471711925e+00
9.903735748255608996e+03,3.860845828612208486e+00
9.903735771152574671e+03,3.860845877753245503e+00
9.903735794049540345e+03,3.860845926894822977e+00
9.903735816946506020e+03,3.860845976036940908e+00
9.903735839843471695e+03,3.860846025179599295e+00
9.903735862740437369e+03,3.860846074322796806e+00
9.903735885637403044e+03,3.860846123466534774e+00
9.903735908534368718e+03,3.860846172610811422e+00
9.903735931431334393e+03,3.860846221755628083e+00
9.903735954328300068e+03,3.860846270900983424e+00
9.903735977225265742e+03,3.860846320046878333e+00
9.903736000122231417e+03,3.860846369193311478e+00
9.903736023019197091e+03,3.860846418340284192e+00
9.903736045916162766e+03,3.860846467487794698e+00
9.903736068813128441e+03,3.860846516635843884e+00
9.903736091710094115e+03,3.860846565784431306e+00
9.903736114607057971e+03,3.860846614933552523e+00
9.903736137504023645e+03,3.860846664083216417e+00
9.903736160400989320e+03,3.860846713233416772e+00
9.903736183297954994e+03,3.860846762384154474e+00
9.903736206194920669e+03,3.860846811535430412e+00
9.903736229091886344e+03,3.860846860687243254e+00
9.903736251988852018e+03,3.860846909839592556e+00
9.903736274885817693e+03,3.860846958992479205e+00
9.903736297782783367e+03,3.860847008145902315e+00
9.903736320679749042e+03,3.860847057299860996e+00
9.903736343576714717e+03,3.860847106454357469e+00
9.903736366473680391e+03,3.860847155609388626e+00
9.903736389370646066e+03,3.860847204764956242e+00
9.903736412267611740e+03,3.860847253921059874e+00
9.903736435164577415e+03,3.860847303077699078e+00
9.903736458061543090e+03,3.860847352234873853e+00
9.903736480958508764e+03,3.860847401392582423e+00
9.903736503855474439e+03,3.860847450550827897e+00
9.903736526752440113e+03,3.860847499709607167e+00
9.903736549649405788e+03,3.860847548868921564e+00
9.903736572546371463e+03,3.860847598028769756e+00
9.903736595443337137e+03,3.860847647189153076e+00
9.903736618340302812e+03,3.860847696350070635e+00
9.903736641237268486e+03,3.860847745511521989e+00
9.903736664134234161e+03,3.860847794673506694e+00
9.903736687031199835e+03,3.860847843836026083e+00
9.903736709928165510e+03,3.860847892999077935e+00
9.903736732825131185e+03,3.860847942162663582e+00
9.903736755722096859e+03,3.860847991326781692e+00
9.903736778619062534e+03,3.860848040491434041e+00
9.903736801516028208e+03,3.860848089656617965e+00
9.903736824412993883e+03,3.860848138822334796e+00
9.903736847309959558e+03,3.860848187988584979e+00
9.903736870206925232e+03,3.860848237155366736e+00
9.903736893103890907e+03,3.860848286322680512e+00
9.903736916000854762e+03,3.860848335490522309e+00
9.903736938897820437e+03,3.860848384658899679e+00
9.903736961794786112e+03,3.860848433827808623e+00
9.903736984691751786e+03,3.860848482997250031e+00
9.903737007588717461e+03,3.860848532167221681e+00
9.903737030485683135e+03,3.860848581337724017e+00
9.903737053382648810e+03,3.860848630508757484e+00
9.903737076279614485e+03,3.860848679680322082e+00
9.903737099176580159e+03,3.860848728852416922e+00
9.903737122073545834e+03,3.860848778025042005e+00
9.903737144970511508e+03,3.860848827198198219e+00
9.903737167867477183e+03,3.860848876371882898e+00
9.903737190764442857e+03,3.860848925546098265e+00
9.903737213661408532e+03,3.860848974720843430e+00
9.903737236558374207e+03,3.860849023896118393e+00
9.903737259455339881e+03,3.860849073071921822e+00
9.903737282352305556e+03,3.860849122248255050e+00
9.903737305249271230e+03,3.860849171425116744e+00
9.903737328146236905e+03,3.860849220602507792e+00
9.903737351043202580e+03,3.860849269780426862e+00
9.903737373940168254e+03,3.860849318958874399e+00
9.903737396837133929e+03,3.860849368137851290e+00
9.903737419734099603e+03,3.860849417317355314e+00
9.903737442631065278e+03,3.860849466497386917e+00
9.903737465528030953e+03,3.860849515677946986e+00
9.903737488424996627e+03,3.860849564859034633e+00
9.903737511321962302e+03,3.860849614040649413e+00
9.903737534218927976e+03,3.860849663222791772e+00
9.903737557115893651e+03,3.860849712405460821e+00
9.903737580012859326e+03,3.860849761588656559e+00
9.903737602909825000e+03,3.860849810772379875e+00
9.903737625806790675e+03,3.860849859956628993e+00
9.903737648703756349e+03,3.860849909141404801e+00
9.903737671600722024e+03,3.860849958326706410e+00
9.903737694497687698e+03,3.860850007512534265e+00
9.903737717394651554e+03,3.860850056698883925e+00
9.903737740291617229e+03,3.860850105885763384e+00
9.903737763188582903e+03,3.860850155073169088e+00
9.903737786085548578e+03,3.860850204261099261e+00
9.903737808982514252e+03,3.860850253449554348e+00
9.903737831879479927e+03,3.860850302638534348e+00
9.903737854776445602e+03,3.860850351828040150e+00
9.903737877673411276e+03,3.860850401018069533e+00
9.903737900570376951e+03,3.860850450208624274e+00
9.903737923467342625e+03,3.860850499399702596e+00
9.903737946364308300e+03,3.860850548591304943e+00
9.903737969261273975e+03,3.860850597783431759e+00
9.903737992158239649e+03,3.860850646976082157e+00
9.903738015055205324e+03,3.860850696169256580e+00
9.903738037952170998e+03,3.860850745362953251e+00
9.903738060849136673e+03,3.860850794557174392e+00
9.903738083746102348e+03,3.860850843751917782e+00
9.903738106643068022e+03,3.860850892947185198e+00
9.903738129540033697e+03,3.860850942142974418e+00
9.903738152436999371e+03,3.860850991339285443e+00
9.903738175333965046e+03,3.860851040536120493e+00
9.903738198230930720e+03,3.860851089733476460e+00
9.903738221127896395e+03,3.860851138931355564e+00
9.903738244024862070e+03,3.860851188129755585e+00
9.903738266921827744e+03,3.860851237328677854e+00
9.903738289818793419e+03,3.860851286528121040e+00
9.903738312715759093e+03,3.860851335728086031e+00
9.903738335612724768e+03,3.860851384928572383e+00
9.903738358509690443e+03,3.860851434129579207e+00
9.903738381406656117e+03,3.860851483331106948e+00
9.903738404303621792e+03,3.860851532533155606e+00
9.903738427200587466e+03,3.860851581735724736e+00
9.903738450097553141e+03,3.860851630938813450e+00
9.903738472994518816e+03,3.860851680142423081e+00
9.903738495891484490e+03,3.860851729346552297e+00
9.903738518788448346e+03,3.860851778551197544e+00
9.903738541685414020e+03,3.860851827756366372e+00
9.903738564582379695e+03,3.860851876962054341e+00
9.903738587479345370e+03,3.860851926168262338e+00
9.903738610376311044e+03,3.860851975374988587e+00
9.903738633273276719e+03,3.860852024582233977e+00
9.903738656170242393e+03,3.860852073789997174e+00
9.903738679067208068e+03,3.860852122998279956e+00
9.903738701964173742e+03,3.860852172207081434e+00
9.903738724861139417e+03,3.860852221416400276e+00
9.903738747758105092e+03,3.860852270626238258e+00
9.903738770655070766e+03,3.860852319836593605e+00
9.903738793552036441e+03,3.860852369047465427e+00
9.903738816449002115e+03,3.860852418258856389e+00
9.903738839345967790e+03,3.860852467470763827e+00
9.903738862242933465e+03,3.860852516683189073e+00
9.903738885139899139e+03,3.860852565896130351e+00
9.903738908036864814e+03,3.860852615109589436e+00
9.903738930933830488e+03,3.860852664323564110e+00
9.903738953830796163e+03,3.860852713538056147e+00
9.903738976727761838e+03,3.860852762753064660e+00
9.903738999624727512e+03,3.860852811968588316e+00
9.903739022521693187e+03,3.860852861184628892e+00
9.903739045418658861e+03,3.860852910401184612e+00
9.903739068315624536e+03,3.860852959618255476e+00
9.903739091212590210e+03,3.860853008835843259e+00
9.903739114109555885e+03,3.860853058053945297e+00
9.903739137006521560e+03,3.860853107272562479e+00
9.903739159903487234e+03,3.860853156491694804e+00
9.903739182800452909e+03,3.860853205711341385e+00
9.903739205697418583e+03,3.860853254931503109e+00
9.903739228594384258e+03,3.860853304152179089e+00
9.903739251491349933e+03,3.860853353373369323e+00
9.903739274388315607e+03,3.860853402595073813e+00
9.903739297285281282e+03,3.860853451817291671e+00
9.903739320182245137e+03,3.860853501040018898e+00
9.903739343079210812e+03,3.860853550263264378e+00
9.903739365976176487e+03,3.860853599487022780e+00
9.903739388873142161e+03,3.860853648711294994e+00
9.903739411770107836e+03,3.860853697936079243e+00
9.903739434667073510e+03,3.860853747161376859e+00
9.903739457564039185e+03,3.860853796387186954e+00
9.903739480461004860e+03,3.860853845613509971e+00
9.903739503357970534e+03,3.860853894840345024e+00
9.903739526254936209e+03,3.860853944067692112e+00
9.903739549151901883e+03,3.860853993295551678e+00
9.903739572048867558e+03,3.860854042523921947e+00
9.903739594945833232e+03,3.860854091752805139e+00
9.903739617842798907e+03,3.860854140982198590e+00
9.903739640739764582e+03,3.860854190212104076e+00
9.903739663636730256e+03,3.860854239442519820e+00
9.903739686533695931e+03,3.860854288673447154e+00
9.903739709430661605e+03,3.860854337904885192e+00
9.903739732327627280e+03,3.860854387136833932e+00
9.903739755224592955e+03,3.860854436369292930e+00
9.903739778121558629e+03,3.860854485602261743e+00
9.903739801018524304e+03,3.860854534835740814e+00
9.903739823915489978e+03,3.860854584069730144e+00
9.903739846812455653e+03,3.860854633304228400e+00
9.903739869709421328e+03,3.860854682539237359e+00
9.903739892606387002e+03,3.860854731774754356e+00
9.903739915503352677e+03,3.860854781010781611e+00
9.903739938400318351e+03,3.860854830247316904e+00
9.903739961297284026e+03,3.860854879484361124e+00
9.903739984194249701e+03,3.860854928721915158e+00
9.903740007091215375e+03,3.860854977959976786e+00
9.903740029988181050e+03,3.860855027198547340e+00
9.903740052885146724e+03,3.860855076437624600e+00
9.903740075782112399e+03,3.860855125677211674e+00
9.903740098679078073e+03,3.860855174917305010e+00
9.903740121576041929e+03,3.860855224157902832e+00
9.903740144473007604e+03,3.860855273399012244e+00
9.903740167369973278e+03,3.860855322640627474e+00
9.903740190266938953e+03,3.860855371882751630e+00
9.903740213163904627e+03,3.860855421125382048e+00
9.903740236060870302e+03,3.860855470368518727e+00
9.903740258957835977e+03,3.860855519612162556e+00
9.903740281854801651e+03,3.860855568856312647e+00
9.903740304751767326e+03,3.860855618100968556e+00
9.903740327648733000e+03,3.860855667346130726e+00
9.903740350545698675e+03,3.860855716591798714e+00
9.903740373442664350e+03,3.860855765837972520e+00
9.903740396339630024e+03,3.860855815084652143e+00
9.903740419236595699e+03,3.860855864331836251e+00
9.903740442133561373e+03,3.860855913579526622e+00
9.903740465030527048e+03,3.860855962827721477e+00
9.903740487927492723e+03,3.860856012076421262e+00
9.903740510824458397e+03,3.860856061325625532e+00
9.903740533721424072e+03,3.860856110575334288e+00
9.903740556618389746e+03,3.860856159825547529e+00
9.903740579515355421e+03,3.860856209076265255e+00
9.903740602412321095e+03,3.860856258327486579e+00
9.903740625309286770e+03,3.860856307579211055e+00
9.903740648206252445e+03,3.860856356831440461e+00
9.903740671103218119e+03,3.860856406084172132e+00
9.903740694000183794e+03,3.860856455337407844e+00
9.903740716897149468e+03,3.860856504591146710e+00
9.903740739794115143e+03,3.860856553845387840e+00
9.903740762691080818e+03,3.860856603100131679e+00
9.903740785588046492e+03,3.860856652355378227e+00
9.903740808485012167e+03,3.860856701611127928e+00
9.903740831381977841e+03,3.860856750867379006e+00
9.903740854278943516e+03,3.860856800124132349e+00
9.903740877175909191e+03,3.860856849381387956e+00
9.903740900072874865e+03,3.860856898639144941e+00
9.903740922969838721e+03,3.860856947897398861e+00
9.903740945866804395e+03,3.860856997156159043e+00
9.903740968763770070e+03,3.860857046415420157e+00
9.903740991660735745e+03,3.860857095675182649e+00
9.903741014557701419e+03,3.860857144935445184e+00
9.903741037454667094e+03,3.860857194196209097e+00
9.903741060351632768e+03,3.860857243457473498e+00
9.903741083248598443e+03,3.860857292719237499e+00
9.903741106145564117e+03,3.860857341981501989e+00
9.903741129042529792e+03,3.860857391244266523e+00
9.903741151939495467e+03,3.860857440507530214e+00
9.903741174836461141e+03,3.860857489771294393e+00
9.903741197733426816e+03,3.860857539035557728e+00
9.903741220630392490e+03,3.860857588300320664e+00
9.903741243527358165e+03,3.860857637565581868e+00
9.903741266424323840e+03,3.860857686831342672e+00
9.903741289321289514e+03,3.860857736097602633e+00
9.903741312218255189e+03,3.860857785364360417e+00
9.903741335115220863e+03,3.860857834631616914e+00
9.903741358012186538e+03,3.860857883899371235e+00
9.903741380909152213e+03,3.860857933167623823e+00
9.903741403806117887e+03,3.860857982436374236e+00
9.903741426703083562e+03,3.860858031705622029e+00
9.903741449600049236e+03,3.860858080975368534e+00
9.903741472497014911e+03,3.860858130245611086e+00
9.903741495393980586e+03,3.860858179516351019e+00
9.903741518290946260e+03,3.860858228787589219e+00
9.903741541187911935e+03,3.860858278059323023e+00
9.903741564084877609e+03,3.860858327331553763e+00
9.903741586981843284e+03,3.860858376604281439e+00
9.903741609878808958e+03,3.860858425877504274e+00
9.903741632775774633e+03,3.860858475151224489e+00
9.903741655672740308e+03,3.860858524425439864e+00
9.903741678569705982e+03,3.860858573700151730e+00
9.903741701466671657e+03,3.860858622975359200e+00
9.903741724363635512e+03,3.860858672251057389e+00
9.903741747260601187e+03,3.860858721527255621e+00
9.903741770157566862e+03,3.860858770803948126e+00
9.903741793054532536e+03,3.860858820081136233e+00
9.903741815951498211e+03,3.860858869358819057e+00
9.903741838848463885e+03,3.860858918636996151e+00
9.903741861745429560e+03,3.860858967915667073e+00
9.903741884642395235e+03,3.860859017194833154e+00
9.903741907539360909e+03,3.860859066474493506e+00
9.903741930436326584e+03,3.860859115754647242e+00
9.903741953333292258e+03,3.860859165035294360e+00
9.903741976230257933e+03,3.860859214316434862e+00
9.903741999127223608e+03,3.860859263598069635e+00
9.903742022024189282e+03,3.860859312880197347e+00
9.903742044921154957e+03,3.860859362162817998e+00
9.903742067818120631e+03,3.860859411445931144e+00
9.903742090715086306e+03,3.860859460729536785e+00
9.903742113612051980e+03,3.860859510013635809e+00
9.903742136509017655e+03,3.860859559298225996e+00
9.903742159405983330e+03,3.860859608583309122e+00
9.903742182302949004e+03,3.860859657868884298e+00
9.903742205199914679e+03,3.860859707154951082e+00
9.903742228096880353e+03,3.860859756441509472e+00
9.903742250993846028e+03,3.860859805728559468e+00
9.903742273890811703e+03,3.860859855016100184e+00
9.903742296787777377e+03,3.860859904304132506e+00
9.903742319684743052e+03,3.860859953592655991e+00
9.903742342581708726e+03,3.860860002881670194e+00
9.903742365478674401e+03,3.860860052171174228e+00
9.903742388375640076e+03,3.860860101461168536e+00
9.903742411272605750e+03,3.860860150751654007e+00
9.903742434169571425e+03,3.860860200042628865e+00
9.903742457066537099e+03,3.860860249334094441e+00
9.903742479963502774e+03,3.860860298626048959e+00
9.903742502860468448e+03,3.860860347918492863e+00
9.903742525757432304e+03,3.860860397211422157e+00
9.903742548654397979e+03,3.860860446504845278e+00
9.903742571551363653e+03,3.860860495798757341e+00
9.903742594448329328e+03,3.860860545093157459e+00
9.903742617345295002e+03,3.860860594388046962e+00
9.903742640242260677e+03,3.860860643683424964e+00
9.903742663139226352e+03,3.860860692979291020e+00
9.903742686036192026e+03,3.860860742275645130e+00
9.903742708933157701e+03,3.860860791572487294e+00
9.903742731830123375e+03,3.860860840869817512e+00
9.903742754727089050e+03,3.860860890167634896e+00
9.903742777624054725e+03,3.860860939465940334e+00
9.903742800521020399e+03,3.860860988764732049e+00
9.903742823417986074e+03,3.860861038064011819e+00
9.903742846314951748e+03,3.860861087363778310e+00
9.903742869211917423e+03,3.860861136664031079e+00
9.903742892108883098e+03,3.860861185964771014e+00
9.903742915005848772e+03,3.860861235265996338e+00
9.903742937902814447e+03,3.860861284567709717e+00
9.903742960799780121e+03,3.860861333869907597e+00
9.903742983696745796e+03,3.860861383172591754e+00
9.903743006593711470e+03,3.860861432475761301e+00
9.903743029490677145e+03,3.860861481779417570e+00
9.903743052387642820e+03,3.860861531083557896e+00
9.903743075284608494e+03,3.860861580388184056e+00
9.903743098181574169e+03,3.860861629693295161e+00
9.903743121078539843e+03,3.860861678998890767e+00
9.903743143975505518e+03,3.860861728304970875e+00
9.903743166872471193e+03,3.860861777611536372e+00
9.903743189769436867e+03,3.860861826918585482e+00
9.903743212666402542e+03,3.860861876226118650e+00
9.903743235563368216e+03,3.860861925534136763e+00
9.903743258460333891e+03,3.860861974842637157e+00
9.903743281357299566e+03,3.860862024151622496e+00
9.903743304254265240e+03,3.860862073461090560e+00
9.903743327151229096e+03,3.860862122771038241e+00
9.903743350048194770e+03,3.860862172081472643e+00
9.903743372945160445e+03,3.860862221392390214e+00
9.903743395842126120e+03,3.860862270703790511e+00
9.903743418739091794e+03,3.860862320015673532e+00
9.903743441636057469e+03,3.860862369328038834e+00
9.903743464533023143e+03,3.860862418640885974e+00
9.903743487429988818e+03,3.860862467954215838e+00
9.903743510326954492e+03,3.860862517268027094e+00
9.903743533223920167e+03,3.860862566582320188e+00
9.903743556120885842e+03,3.860862615897095118e+00
9.903743579017851516e+03,3.860862665212350553e+00
9.903743601914817191e+03,3.860862714528087825e+00
9.903743624811782865e+03,3.860862763844306045e+00
9.903743647708748540e+03,3.860862813161005214e+00
9.903743670605714215e+03,3.860862862478185331e+00
9.903743693502679889e+03,3.860862911795845065e+00
9.903743716399645564e+03,3.860862961113985747e+00
9.903743739296611238e+03,3.860863010432605602e+00
9.903743762193576913e+03,3.860863059751706405e+00
9.903743785090542588e+03,3.860863109071287269e+00
9.903743807987508262e+03,3.860863158391347305e+00
9.903743830884473937e+03,3.860863207711886069e+00
9.903743853781439611e+03,3.860863257032905338e+00
9.903743876678405286e+03,3.860863306354403335e+00
9.903743899575370961e+03,3.860863355676379616e+00
9.903743922472336635e+03,3.860863404998835069e+00
9.903743945369302310e+03,3.860863454321768806e+00
9.903743968266267984e+03,3.860863503645181272e+00
9.903743991163233659e+03,3.860863552969072465e+00
9.903744014060199333e+03,3.860863602293441055e+00
9.903744036957165008e+03,3.860863651618287040e+00
9.903744059854130683e+03,3.860863700943611310e+00
9.903744082751096357e+03,3.860863750269412975e+00
9.903744105648062032e+03,3.860863799595692480e+00
9.903744128545025887e+03,3.860863848922444497e+00
9.903744151441991562e+03,3.860863898249677906e+00
9.903744174338957237e+03,3.860863947577388267e+00
9.903744197235922911e+03,3.860863996905574691e+00
9.903744220132888586e+03,3.860864046234238511e+00
9.903744243029854260e+03,3.860864095563377951e+00
9.903744265926819935e+03,3.860864144892993899e+00
9.903744288823785610e+03,3.860864194223085466e+00
9.903744311720751284e+03,3.860864243553652653e+00
9.903744334617716959e+03,3.860864292884695903e+00
9.903744357514682633e+03,3.860864342216213885e+00
9.903744380411648308e+03,3.860864391548207486e+00
9.903744403308613983e+03,3.860864440880676707e+00
9.903744426205579657e+03,3.860864490213620215e+00
9.903744449102545332e+03,3.860864539547039342e+00
9.903744471999511006e+03,3.860864588880932313e+00
9.903744494896476681e+03,3.860864638215299127e+00
9.903744517793442355e+03,3.860864687550141117e+00
9.903744540690408030e+03,3.860864736885456949e+00
9.903744563587373705e+03,3.860864786221246181e+00
9.903744586484339379e+03,3.860864835557509700e+00
9.903744609381305054e+03,3.860864884894246174e+00
9.903744632278270728e+03,3.860864934231456047e+00
9.903744655175236403e+03,3.860864983569140207e+00
9.903744678072202078e+03,3.860865032907295991e+00
9.903744700969167752e+03,3.860865082245925173e+00
9.903744723866133427e+03,3.860865131585027310e+00
9.903744746763099101e+03,3.860865180924601070e+00
9.903744769660064776e+03,3.860865230264647785e+00
9.903744792557030451e+03,3.860865279605167011e+00
9.903744815453996125e+03,3.860865328946156971e+00
9.903744838350961800e+03,3.860865378287619443e+00
9.903744861247927474e+03,3.860865427629553981e+00
9.903744884144893149e+03,3.860865476971959254e+00
9.903744907041858824e+03,3.860865526314835705e+00
9.903744929938822679e+03,3.860865575658179338e+00
9.903744952835788354e+03,3.860865625001999035e+00
9.903744975732754028e+03,3.860865674346288134e+00
9.903744998629719703e+03,3.860865723691047968e+00
9.903745021526685377e+03,3.860865773036278981e+00
9.903745044423651052e+03,3.860865822381978951e+00
9.903745067320616727e+03,3.860865871728150100e+00
9.903745090217582401e+03,3.860865921074790652e+00
9.903745113114548076e+03,3.860865970421900606e+00
9.903745136011513750e+03,3.860866019769479962e+00
9.903745158908479425e+03,3.860866069117529609e+00
9.903745181805445100e+03,3.860866118466047769e+00
9.903745204702410774e+03,3.860866167815034888e+00
9.903745227599376449e+03,3.860866217164491410e+00
9.903745250496342123e+03,3.860866266514415557e+00
9.903745273393307798e+03,3.860866315864809106e+00
9.903745296290273473e+03,3.860866365215670726e+00
9.903745319187239147e+03,3.860866414566999971e+00
9.903745342084204822e+03,3.860866463918797731e+00
9.903745364981170496e+03,3.860866513271063116e+00
9.903745387878136171e+03,3.860866562623796128e+00
9.903745410775101846e+03,3.860866611976996765e+00
9.903745433672067520e+03,3.860866661330663696e+00
9.903745456569033195e+03,3.860866710684798697e+00
9.903745479465998869e+03,3.860866760039399992e+00
9.903745502362964544e+03,3.860866809394468024e+00
9.903745525259930218e+03,3.860866858750003683e+00
9.903745548156895893e+03,3.860866908106004747e+00
9.903745571053861568e+03,3.860866957462471660e+00
9.903745593950827242e+03,3.860867006819405312e+00
9.903745616847792917e+03,3.860867056176804812e+00
9.903745639744758591e+03,3.860867105534670163e+00
9.903745662641724266e+03,3.860867154893000919e+00
9.903745685538689941e+03,3.860867204251796636e+00
9.903745708435655615e+03,3.860867253611057315e+00
9.903745731332619471e+03,3.860867302970779846e+00
9.903745754229585145e+03,3.860867352330970448e+00
9.903745777126550820e+03,3.860867401691625567e+00
9.903745800023516495e+03,3.860867451052746091e+00
9.903745822920482169e+03,3.860867500414330244e+00
9.903745845817447844e+03,3.860867549776378471e+00
9.903745868714413518e+03,3.860867599138890771e+00
9.903745891611379193e+03,3.860867648501867144e+00
9.903745914508344867e+03,3.860867697865307147e+00
9.903745937405310542e+03,3.860867747229209890e+00
9.903745960302276217e+03,3.860867796593576262e+00
9.903745983199241891e+03,3.860867845958405820e+00
9.903746006096207566e+03,3.860867895323697674e+00
9.903746028993173240e+03,3.860867944689452713e+00
9.903746051890138915e+03,3.860867994055670938e+00
9.903746074787104590e+03,3.860868043422350571e+00
9.903746097684070264e+03,3.860868092789492501e+00
9.903746120581035939e+03,3.860868142157097171e+00
9.903746143478001613e+03,3.860868191525163251e+00
9.903746166374967288e+03,3.860868240893690739e+00
9.903746189271932963e+03,3.860868290262679636e+00
9.903746212168898637e+03,3.860868339632130830e+00
9.903746235065864312e+03,3.860868389002042100e+00
9.903746257962829986e+03,3.860868438372415223e+00
9.903746280859795661e+03,3.860868487743248867e+00
9.903746303756761336e+03,3.860868537114542587e+00
9.903746326653727010e+03,3.860868586486297271e+00
9.903746349550692685e+03,3.860868635858512032e+00
9.903746372447658359e+03,3.860868685231187314e+00
9.903746395344624034e+03,3.860868734604322228e+00
9.903746418241589708e+03,3.860868783977916330e+00
9.903746441138555383e+03,3.860868833351970952e+00
9.903746464035521058e+03,3.860868882726484319e+00
9.903746486932486732e+03,3.860868932101457762e+00
9.903746509829452407e+03,3.860868981476889505e+00
9.903746532726416262e+03,3.860869030852776884e+00
9.903746555623381937e+03,3.860869080229126116e+00
9.903746578520347612e+03,3.860869129605934535e+00
9.903746601417313286e+03,3.860869178983200811e+00
9.903746624314278961e+03,3.860869228360925387e+00
9.903746647211244635e+03,3.860869277739108263e+00
9.903746670108210310e+03,3.860869327117748995e+00
9.903746693005175985e+03,3.860869376496847138e+00
9.903746715902141659e+03,3.860869425876402694e+00
9.903746738799107334e+03,3.860869475256416106e+00
9.903746761696073008e+03,3.860869524636886041e+00
9.903746784593038683e+03,3.860869574017813388e+00
9.903746807490004358e+03,3.860869623399197259e+00
9.903746830386970032e+03,3.860869672781038098e+00
9.903746853283935707e+03,3.860869722163335460e+00
9.903746876180901381e+03,3.860869771546088014e+00
9.903746899077867056e+03,3.860869820929297980e+00
9.903746921974832730e+03,3.860869870312963137e+00
9.903746944871798405e+03,3.860869919697083930e+00
9.903746967768764080e+03,3.860869969081660802e+00
9.903746990665729754e+03,3.860870018466693310e+00
9.903747013562695429e+03,3.860870067852180565e+00
9.903747036459661103e+03,3.860870117238123456e+00
9.903747059356626778e+03,3.860870166624520650e+00
9.903747082253592453e+03,3.860870216011372147e+00
9.903747105150558127e+03,3.860870265398678836e+00
9.903747128047523802e+03,3.860870314786439383e+00
9.903747150944489476e+03,3.860870364174654679e+00
9.903747173841455151e+03,3.860870413563324277e+00
9.903747196738420826e+03,3.860870462952447291e+00
9.903747219635386500e+03,3.860870512342023275e+00
9.903747242532352175e+03,3.860870561732053119e+00
9.903747265429317849e+03,3.860870611122537266e+00
9.903747288326283524e+03,3.860870660513473940e+00
9.903747311223249199e+03,3.860870709904862697e+00
9.903747334120213054e+03,3.860870759296701316e+00
9.903747357017178729e+03,3.860870808688996458e+00
9.903747379914144403e+03,3.860870858081744128e+00
9.903747402811110078e+03,3.860870907474943436e+00
9.903747425708075752e+03,3.860870956868595272e+00
9.903747448605041427e+03,3.860871006262698746e+00
9.903747471502007102e+03,3.860871055657254303e+00
9.903747494398972776e+03,3.860871105052260610e+00
9.903747517295938451e+03,3.860871154447719444e+00
9.903747540192904125e+03,3.860871203843629029e+00
9.903747563089869800e+03,3.860871253239989365e+00
9.903747585986835475e+03,3.860871302636800895e+00
9.903747608883801149e+03,3.860871352034062731e+00
9.903747631780766824e+03,3.860871401431775762e+00
9.903747654677732498e+03,3.860871450829938656e+00
9.903747677574698173e+03,3.860871500228551856e+00
9.903747700471663848e+03,3.860871549627615806e+00
9.903747723368629522e+03,3.860871599027128731e+00
9.903747746265595197e+03,3.860871648427090630e+00
9.903747769162560871e+03,3.860871697827503723e+00
9.903747792059526546e+03,3.860871747228364903e+00
9.903747814956492221e+03,3.860871796629675501e+00
9.903747837853457895e+03,3.860871846031435073e+00
9.903747860750423570e+03,3.860871895433643619e+00
9.903747883647389244e+03,3.860871944836300695e+00
9.903747906544354919e+03,3.860871994239405858e+00
9.903747929441320593e+03,3.860872043642959994e+00
9.903747952338286268e+03,3.860872093046961773e+00
9.903747975235251943e+03,3.860872142451411193e+00
9.903747998132217617e+03,3.860872191856308255e+00
9.903748021029183292e+03,3.860872241261653404e+00
9.903748043926148966e+03,3.860872290667445750e+00
9.903748066823114641e+03,3.860872340073685294e+00
9.903748089720080316e+03,3.860872389480372480e+00
9.903748112617045990e+03,3.860872438887505531e+00
9.903748135514009846e+03,3.860872488295082228e+00
9.903748158410975520e+03,3.860872537703108787e+00
9.903748181307941195e+03,3.860872587111581655e+00
9.903748204204906870e+03,3.860872636520500834e+00
9.903748227101872544e+03,3.860872685929866321e+00
9.903748249998838219e+03,3.860872735339676787e+00
9.903748272895803893e+03,3.860872784749934006e+00
9.903748295792769568e+03,3.860872834160635758e+00
9.903748318689735243e+03,3.860872883571783376e+00
9.903748341586700917e+03,3.860872932983375971e+00
9.903748364483666592e+03,3.860872982395413100e+00
9.903748387380632266e+03,3.860873031807895206e+00
9.903748410277597941e+03,3.860873081220822289e+00
9.903748433174563615e+03,3.860873130634193462e+00
9.903748456071529290e+03,3.860873180048009168e+00
9.903748478968494965e+03,3.860873229462269407e+00
9.903748501865460639e+03,3.860873278876971959e+00
9.903748524762426314e+03,3.860873328292119044e+00
9.903748547659391988e+03,3.860873377707710219e+00
9.903748570556357663e+03,3.860873427123744150e+00
9.903748593453323338e+03,3.860873476540221283e+00
9.903748616350289012e+03,3.860873525957142061e+00
9.903748639247254687e+03,3.860873575374505595e+00
9.903748662144220361e+03,3.860873624792310999e+00
9.903748685041186036e+03,3.860873674210560047e+00
9.903748707938151711e+03,3.860873723629250520e+00
9.903748730835117385e+03,3.860873773048383306e+00
9.903748753732083060e+03,3.860873822467957961e+00
9.903748776629048734e+03,3.860873871887975373e+00
9.903748799526014409e+03,3.860873921308433765e+00
9.903748822422980084e+03,3.860873970729333138e+00
9.903748845319945758e+03,3.860874020150674379e+00
9.903748868216911433e+03,3.860874069572456602e+00
9.903748891113877107e+03,3.860874118994679804e+00
9.903748914010842782e+03,3.860874168417343988e+00
9.903748936907806637e+03,3.860874217840444267e+00
9.903748959804772312e+03,3.860874267263989079e+00
9.903748982701737987e+03,3.860874316687973984e+00
9.903749005598703661e+03,3.860874366112399425e+00
9.903749028495669336e+03,3.860874415537264515e+00
9.903749051392635010e+03,3.860874464962569252e+00
9.903749074289600685e+03,3.860874514388313639e+00
9.903749097186566360e+03,3.860874563814497229e+00
9.903749120083532034e+03,3.860874613241120024e+00
9.903749142980497709e+03,3.860874662668182022e+00
9.903749165877463383e+03,3.860874712095682781e+00
9.903749188774429058e+03,3.860874761523622301e+00
9.903749211671394733e+03,3.860874810952000136e+00
9.903749234568360407e+03,3.860874860380816731e+00
9.903749257465326082e+03,3.860874909810071198e+00
9.903749280362291756e+03,3.860874959239762649e+00
9.903749303259257431e+03,3.860875008669892861e+00
9.903749326156223105e+03,3.860875058100460500e+00
9.903749349053188780e+03,3.860875107531466011e+00
9.903749371950154455e+03,3.860875156962908950e+00
9.903749394847120129e+03,3.860875206394787540e+00
9.903749417744085804e+03,3.860875255827104890e+00
9.903749440641051478e+03,3.860875305259857893e+00
9.903749463538017153e+03,3.860875354693047434e+00
9.903749486434982828e+03,3.860875404126673960e+00
9.903749509331948502e+03,3.860875453560736137e+00
9.903749532228914177e+03,3.860875502995234410e+00
9.903749555125879851e+03,3.860875552430169222e+00
9.903749578022845526e+03,3.860875601865539242e+00
9.903749600919811201e+03,3.860875651301344469e+00
9.903749623816776875e+03,3.860875700737585348e+00
9.903749646713742550e+03,3.860875750174261878e+00
9.903749669610708224e+03,3.860875799611373616e+00
9.903749692507673899e+03,3.860875849048918784e+00
9.903749715404639574e+03,3.860875898486900049e+00
9.903749738301603429e+03,3.860875947925311191e+00
9.903749761198569104e+03,3.860875997364160206e+00
9.903749784095534778e+03,3.860876046803443984e+00
9.903749806992500453e+03,3.860876096243161193e+00
9.903749829889466127e+03,3.860876145683313165e+00
9.903749852786431802e+03,3.860876195123898125e+00
9.903749875683397477e+03,3.860876244564916515e+00
9.903749898580363151e+03,3.860876294006367893e+00
9.903749921477328826e+03,3.860876343448252257e+00
9.903749944374294500e+03,3.860876392890570052e+00
9.903749967271260175e+03,3.860876442333320835e+00
9.903749990168225850e+03,3.860876491776503272e+00
9.903750013065191524e+03,3.860876541220118252e+00
9.903750035962157199e+03,3.860876590664165775e+00
9.903750058859122873e+03,3.860876640108645397e+00
9.903750081756088548e+03,3.860876689553557117e+00
9.903750104653054223e+03,3.860876738998899604e+00
9.903750127550019897e+03,3.860876788444674634e+00
9.903750150446985572e+03,3.860876837890880431e+00
9.903750173343951246e+03,3.860876887337518326e+00
9.903750196240916921e+03,3.860876936784586100e+00
9.903750219137882596e+03,3.860876986232084640e+00
9.903750242034848270e+03,3.860877035680013947e+00
9.903750264931813945e+03,3.860877085128374020e+00
9.903750287828779619e+03,3.860877134577164860e+00
9.903750310725745294e+03,3.860877184026385134e+00
9.903750333622710968e+03,3.860877233476035730e+00
9.903750356519676643e+03,3.860877282926115761e+00
9.903750379416642318e+03,3.860877332376625670e+00
9.903750402313607992e+03,3.860877381827564570e+00
9.903750425210573667e+03,3.860877431278932459e+00
9.903750448107539341e+03,3.860877480730730227e+00
9.903750471004505016e+03,3.860877530182956541e+00
9.903750493901470691e+03,3.860877579635612289e+00
9.903750516798436365e+03,3.860877629088695695e+00
9.903750539695400221e+03,3.860877678542203650e+00
9.903750562592365895e+03,3.860877727996144149e+00
9.903750585489331570e+03,3.860877777450512305e+00
9.903750608386297245e+03,3.860877826905308563e+00
9.903750631283262919e+03,3.860877876360532035e+00
9.903750654180228594e+03,3.860877925816183609e+00
9.903750677077194268e+03,3.860877975272262397e+00
9.903750699974159943e+03,3.860878024728767510e+00
9.903750722871125618e+03,3.860878074185700282e+00
9.903750745768091292e+03,3.860878123643060267e+00
9.903750768665056967e+03,3.860878173100846578e+00
9.903750791562022641e+03,3.860878222559059214e+00
9.903750814458988316e+03,3.860878272017698620e+00
9.903750837355953990e+03,3.860878321476763020e+00
9.903750860252919665e+03,3.860878370936254189e+00
9.903750883149885340e+03,3.860878420396170796e+00
9.903750906046851014e+03,3.860878469856513284e+00
9.903750928943816689e+03,3.860878519317280766e+00
9.903750951840782363e+03,3.860878568778473241e+00
9.903750974737748038e+03,3.860878618240092042e+00
9.903750997634713713e+03,3.860878667702134059e+00
9.903751020531679387e+03,3.860878717164602403e+00
9.903751043428645062e+03,3.860878766627494851e+00
9.903751066325610736e+03,3.860878816090810517e+00
9.903751089222576411e+03,3.860878865554551620e+00
9.903751112119542086e+03,3.860878915018715940e+00
9.903751135016507760e+03,3.860878964483304365e+00
9.903751157913473435e+03,3.860879013948316452e+00
9.903751180810439109e+03,3.860879063413752199e+00
9.903751203707404784e+03,3.860879112879612052e+00
9.903751226604370459e+03,3.860879162345893345e+00
9.903751249501336133e+03,3.860879211812598300e+00
9.903751272398301808e+03,3.860879261279726471e+00
9.903751295295267482e+03,3.860879310747276527e+00
9.903751318192233157e+03,3.860879360215250244e+00
9.903751341089197012e+03,3.860879409683640962e+00
9.903751363986162687e+03,3.860879459152458448e+00
9.903751386883128362e+03,3.860879508621698264e+00
9.903751409780094036e+03,3.860879558091358188e+00
9.903751432677059711e+03,3.860879607561441329e+00
9.903751455574025385e+03,3.860879657031945023e+00
9.903751478470991060e+03,3.860879706502870157e+00
9.903751501367956735e+03,3.860879755974216287e+00
9.903751524264922409e+03,3.860879805445983415e+00
9.903751547161888084e+03,3.860879854918170651e+00
9.903751570058853758e+03,3.860879904390779327e+00
9.903751592955819433e+03,3.860879953863808112e+00
9.903751615852785108e+03,3.860880003337256117e+00
9.903751638749750782e+03,3.860880052811125118e+00
9.903751661646716457e+03,3.860880102285413784e+00
9.903751684543682131e+03,3.860880151760122558e+00
9.903751707440647806e+03,3.860880201235249665e+00
9.903751730337613481e+03,3.860880250710796435e+00
9.903751753234579155e+03,3.860880300186762870e+00
9.903751776131544830e+03,3.860880349663148081e+00
9.903751799028510504e+03,3.860880399139951624e+00
9.903751821925476179e+03,3.860880448617174387e+00
9.903751844822441853e+03,3.860880498094815039e+00
9.903751867719407528e+03,3.860880547572874466e+00
9.903751890616373203e+03,3.860880597051351337e+00
9.903751913513338877e+03,3.860880646530246096e+00
9.903751936410304552e+03,3.860880696009559188e+00
9.903751959307270226e+03,3.860880745489290167e+00
9.903751982204235901e+03,3.860880794969437257e+00
9.903752005101201576e+03,3.860880844450001792e+00
9.903752027998167250e+03,3.860880893930984215e+00
9.903752050895132925e+03,3.860880943412383637e+00
9.903752073792098599e+03,3.860880992894198727e+00
9.903752096689064274e+03,3.860881042376430372e+00
9.903752119586029949e+03,3.860881091859078573e+00
9.903752142482993804e+03,3.860881141342139333e+00
9.903752165379959479e+03,3.860881190825619758e+00
9.903752188276925153e+03,3.860881240309516294e+00
9.903752211173890828e+03,3.860881289793828053e+00
9.903752234070856503e+03,3.860881339278555036e+00
9.903752256967822177e+03,3.860881388763697686e+00
9.903752279864787852e+03,3.860881438249256004e+00
9.903752302761753526e+03,3.860881487735228212e+00
9.903752325658719201e+03,3.860881537221616089e+00
9.903752348555684875e+03,3.860881586708418300e+00
9.903752371452650550e+03,3.860881636195633959e+00
9.903752394349616225e+03,3.860881685683264841e+00
9.903752417246581899e+03,3.860881735171309614e+00
9.903752440143547574e+03,3.860881784659768279e+00
9.903752463040513248e+03,3.860881834148640390e+00
9.903752485937478923e+03,3.860881883637926393e+00
9.903752508834444598e+03,3.860881933127625398e+00
9.903752531731410272e+03,3.860881982617738295e+00
9.903752554628375947e+03,3.860882032108263751e+00
9.903752577525341621e+03,3.860882081599201321e+00
9.903752600422307296e+03,3.860882131090552782e+00
9.903752623319272971e+03,3.860882180582315915e+00
9.903752646216238645e+03,3.860882230074492050e+00
9.903752669113204320e+03,3.860882279567079856e+00
9.903752692010169994e+03,3.860882329060079332e+00
9.903752714907135669e+03,3.860882378553490923e+00
9.903752737804101343e+03,3.860882428047314185e+00
9.903752760701067018e+03,3.860882477541548674e+00
9.903752783598032693e+03,3.860882527036194833e+00
9.903752806494998367e+03,3.860882576531251775e+00
9.903752829391964042e+03,3.860882626026719500e+00
9.903752852288929716e+03,3.860882675522598451e+00
9.903752875185895391e+03,3.860882725018887740e+00
9.903752898082861066e+03,3.860882774515586924e+00
9.903752920979826740e+03,3.860882824012696890e+00
9.903752943876790596e+03,3.860882873510212754e+00
9.903752966773756270e+03,3.860882923008142953e+00
9.903752989670721945e+03,3.860882972506481714e+00
9.903753012567687620e+03,3.860883022005231258e+00
9.903753035464653294e+03,3.860883071504389363e+00
9.903753058361618969e+03,3.860883121003956475e+00
9.903753081258584643e+03,3.860883170503933481e+00
9.903753104155550318e+03,3.860883220004318162e+00
9.903753127052515993e+03,3.860883269505112292e+00
9.903753149949481667e+03,3.860883319006314540e+00
9.903753172846447342e+03,3.860883368507925351e+00
9.903753195743413016e+03,3.860883418009944723e+00
9.903753218640378691e+03,3.860883467512371325e+00
9.903753241537344365e+03,3.860883517015205602e+00
9.903753264434310040e+03,3.860883566518447108e+00
9.903753287331275715e+03,3.860883616022096732e+00
9.903753310228241389e+03,3.860883665526153585e+00
9.903753333125207064e+03,3.860883715030617669e+00
9.903753356022172738e+03,3.860883764535488538e+00
9.903753378919138413e+03,3.860883814040766193e+00
9.903753401816104088e+03,3.860883863546449746e+00
9.903753424713069762e+03,3.860883913052540528e+00
9.903753447610035437e+03,3.860883962559036764e+00
9.903753470507001111e+03,3.860884012065939785e+00
9.903753493403966786e+03,3.860884061573247816e+00
9.903753516300932461e+03,3.860884111080961745e+00
9.903753539197898135e+03,3.860884160589081571e+00
9.903753562094863810e+03,3.860884210097606406e+00
9.903753584991829484e+03,3.860884259606537139e+00
9.903753607888795159e+03,3.860884309115871993e+00
9.903753630785760834e+03,3.860884358625611412e+00
9.903753653682726508e+03,3.860884408135756285e+00
9.903753676579692183e+03,3.860884457646305279e+00
9.903753699476657857e+03,3.860884507157258394e+00
9.903753722373623532e+03,3.860884556668616074e+00
9.903753745270587387e+03,3.860884606180373435e+00
9.903753768167553062e+03,3.860884655692538470e+00
9.903753791064518737e+03,3.860884705205106737e+00
9.903753813961484411e+03,3.860884754718079126e+00
9.903753836858450086e+03,3.860884804231453860e+00
9.903753859755415760e+03,3.860884853745232270e+00
9.903753882652381435e+03,3.860884903259413470e+00
9.903753905549347110e+03,3.860884952773997458e+00
9.903753928446312784e+03,3.860885002288984236e+00
9.903753951343278459e+03,3.860885051804372470e+00
9.903753974240244133e+03,3.860885101320163937e+00
9.903753997137209808e+03,3.860885150836356861e+00
9.903754020034175483e+03,3.860885200352951685e+00
9.903754042931141157e+03,3.860885249869947522e+00
9.903754065828106832e+03,3.860885299387345704e+00
9.903754088725072506e+03,3.860885348905144898e+00
9.903754111622038181e+03,3.860885398423345105e+00
9.903754134519003856e+03,3.860885447941946325e+00
9.903754157415969530e+03,3.860885497460949001e+00
9.903754180312935205e+03,3.860885546980351801e+00
9.903754203209900879e+03,3.860885596500154726e+00
9.903754226106866554e+03,3.860885646020358219e+00
9.903754249003832228e+03,3.860885695540960949e+00
9.903754271900797903e+03,3.860885745061964691e+00
9.903754294797763578e+03,3.860885794583368114e+00
9.903754317694729252e+03,3.860885844105170772e+00
9.903754340591694927e+03,3.860885893627372223e+00
9.903754363488660601e+03,3.860885943149973798e+00
9.903754386385626276e+03,3.860885992672973721e+00
9.903754409282591951e+03,3.860886042196373324e+00
9.903754432179557625e+03,3.860886091720170832e+00
9.903754455076523300e+03,3.860886141244367575e+00
9.903754477973488974e+03,3.860886190768961779e+00
9.903754500870454649e+03,3.860886240293954774e+00
9.903754523767420324e+03,3.860886289819345674e+00
9.903754546664384179e+03,3.860886339345130480e+00
9.903754569561349854e+03,3.860886388871316743e+00
9.903754592458315528e+03,3.860886438397900466e+00
9.903754615355281203e+03,3.860886487924882093e+00
9.903754638252246878e+03,3.860886537452259404e+00
9.903754661149212552e+03,3.860886586980034618e+00
9.903754684046178227e+03,3.860886636508206848e+00
9.903754706943143901e+03,3.860886686036774762e+00
9.903754729840109576e+03,3.860886735565739691e+00
9.903754752737075250e+03,3.860886785095101637e+00
9.903754775634040925e+03,3.860886834624858377e+00
9.903754798531006600e+03,3.860886884155011245e+00
9.903754821427972274e+03,3.860886933685560241e+00
9.903754844324937949e+03,3.860886983216504031e+00
9.903754867221903623e+03,3.860887032747843950e+00
9.903754890118869298e+03,3.860887082279578220e+00
9.903754913015834973e+03,3.860887131811708617e+00
9.903754935912800647e+03,3.860887181344233365e+00
9.903754958809766322e+03,3.860887230877152909e+00
9.903754981706731996e+03,3.860887280410466804e+00
9.903755004603697671e+03,3.860887329944175050e+00
9.903755027500663346e+03,3.860887379478276760e+00
9.903755050397629020e+03,3.860887429012773708e+00
9.903755073294594695e+03,3.860887478547662788e+00
9.903755096191560369e+03,3.860887528082947551e+00
9.903755119088526044e+03,3.860887577618624444e+00
9.903755141985491719e+03,3.860887627154694357e+00
9.903755164882457393e+03,3.860887676691158177e+00
9.903755187779423068e+03,3.860887726228014571e+00
9.903755210676388742e+03,3.860887775765263541e+00
9.903755233573354417e+03,3.860887825302905085e+00
9.903755256470320091e+03,3.860887874840939205e+00
9.903755279367285766e+03,3.860887924379366343e+00
9.903755302264251441e+03,3.860887973918184723e+00
9.903755325161217115e+03,3.860888023457394791e+00
9.903755348058180971e+03,3.860888072996992104e+00
9.903755370955146645e+03,3.860888122536985989e+00
9.903755393852112320e+03,3.860888172077370228e+00
9.903755416749077995e+03,3.860888221618146154e+00
9.903755439646043669e+03,3.860888271159313323e+00
9.903755462543009344e+03,3.860888320700871290e+00
9.903755485439975018e+03,3.860888370242819612e+00
9.903755508336940693e+03,3.860888419785158288e+00
9.903755531233906368e+03,3.860888469327888206e+00
9.903755554130872042e+03,3.860888518871007591e+00
9.903755577027837717e+03,3.860888568414515998e+00
9.903755599924803391e+03,3.860888617958415647e+00
9.903755622821769066e+03,3.860888667502704319e+00
9.903755645718734741e+03,3.860888717047382013e+00
9.903755668615700415e+03,3.860888766592448729e+00
9.903755691512666090e+03,3.860888816137905799e+00
9.903755714409631764e+03,3.860888865683751003e+00
9.903755737306597439e+03,3.860888915229984342e+00
9.903755760203563113e+03,3.860888964776607146e+00
9.903755783100528788e+03,3.860889014323618085e+00
9.903755805997494463e+03,3.860889063871017157e+00
9.903755828894460137e+03,3.860889113418804364e+00
9.903755851791425812e+03,3.860889162966979260e+00
9.903755874688391486e+03,3.860889212515542290e+00
9.903755897585357161e+03,3.860889262064492122e+00
9.903755920482322836e+03,3.860889311613829200e+00
9.903755943379288510e+03,3.860889361163554412e+00
9.903755966276254185e+03,3.860889410713665537e+00
9.903755989173219859e+03,3.860889460264164352e+00
9.903756012070185534e+03,3.860889509815049081e+00
9.903756034967151209e+03,3.860889559366321055e+00
9.903756057864116883e+03,3.860889608917978055e+00
9.903756080761082558e+03,3.860889658470022301e+00
9.903756103658048232e+03,3.860889708022451572e+00
9.903756126555013907e+03,3.860889757575267200e+00
9.903756149451977763e+03,3.860889807128464746e+00
9.903756172348943437e+03,3.860889856682050425e+00
9.903756195245909112e+03,3.860889906236022018e+00
9.903756218142874786e+03,3.860889955790379524e+00
9.903756241039840461e+03,3.860890005345120723e+00
9.903756263936806135e+03,3.860890054900246948e+00
9.903756286833771810e+03,3.860890104455757754e+00
9.903756309730737485e+03,3.860890154011652697e+00
9.903756332627703159e+03,3.860890203567932666e+00
9.903756355524668834e+03,3.860890253124595883e+00
9.903756378421634508e+03,3.860890302681642794e+00
9.903756401318600183e+03,3.860890352239073398e+00
9.903756424215565858e+03,3.860890401796887694e+00
9.903756447112531532e+03,3.860890451355085684e+00
9.903756470009497207e+03,3.860890500913666035e+00
9.903756492906462881e+03,3.860890550472629634e+00
9.903756515803428556e+03,3.860890600031976483e+00
9.903756538700394231e+03,3.860890649591705248e+00
9.903756561597359905e+03,3.860890699151817262e+00
9.903756584494325580e+03,3.860890748712310749e+00
9.903756607391291254e+03,3.860890798273186597e+00
9.903756630288256929e+03,3.860890847834444362e+00
9.903756653185222603e+03,3.860890897396084043e+00
9.903756676082188278e+03,3.860890946958104752e+00
9.903756698979153953e+03,3.860890996520506935e+00
9.903756721876119627e+03,3.860891046083291034e+00
9.903756744773085302e+03,3.860891095646455273e+00
9.903756767670050976e+03,3.860891145210000985e+00
9.903756790567016651e+03,3.860891194773927282e+00
9.903756813463982326e+03,3.860891244338233275e+00
9.903756836360948000e+03,3.860891293902920296e+00
9.903756859257913675e+03,3.860891343467987458e+00
9.903756882154879349e+03,3.860891393033434316e+00
9.903756905051845024e+03,3.860891442599261758e+00
9.903756927948808880e+03,3.860891492165463568e+00
9.903756950845774554e+03,3.860891541732049514e+00
9.903756973742740229e+03,3.860891591299015158e+00
9.903756996639705903e+03,3.860891640866359609e+00
9.903757019536671578e+03,3.860891690434083312e+00
9.903757042433637253e+03,3.860891740002184491e+00
9.903757065330602927e+03,3.860891789570665367e+00
9.903757088227568602e+03,3.860891839139524606e+00
9.903757111124534276e+03,3.860891888708761321e+00
9.903757134021499951e+03,3.860891938278376401e+00
9.903757156918465625e+03,3.860891987848370288e+00
9.903757179815431300e+03,3.860892037418740763e+00
9.903757202712396975e+03,3.860892086989489602e+00
9.903757225609362649e+03,3.860892136560615029e+00
9.903757248506328324e+03,3.860892186132117931e+00
9.903757271403293998e+03,3.860892235703997866e+00
9.903757294300259673e+03,3.860892285276254388e+00
9.903757317197225348e+03,3.860892334848888385e+00
9.903757340094191022e+03,3.860892384421898083e+00
9.903757362991156697e+03,3.860892433995283923e+00
9.903757385888122371e+03,3.860892483569046352e+00
9.903757408785088046e+03,3.860892533143184480e+00
9.903757431682053721e+03,3.860892582717698751e+00
9.903757454579019395e+03,3.860892632292588722e+00
9.903757477475985070e+03,3.860892681867853948e+00
9.903757500372950744e+03,3.860892731443493542e+00
9.903757523269916419e+03,3.860892781019508835e+00
9.903757546166882094e+03,3.860892830595899383e+00
9.903757569063847768e+03,3.860892880172664743e+00
9.903757591960813443e+03,3.860892929749804470e+00
9.903757614857779117e+03,3.860892979327318564e+00
9.903757637754744792e+03,3.860893028905206581e+00
9.903757660651710466e+03,3.860893078483468521e+00
9.903757683548676141e+03,3.860893128062104829e+00
9.903757706445641816e+03,3.860893177641114615e+00
9.903757729342605671e+03,3.860893227220493884e+00
9.903757752239571346e+03,3.860893276800250629e+00
9.903757775136537020e+03,3.860893326380379964e+00
9.903757798033502695e+03,3.860893375960883223e+00
9.903757820930468370e+03,3.860893425541758184e+00
9.903757843827434044e+03,3.860893475123006180e+00
9.903757866724399719e+03,3.860893524704627211e+00
9.903757889621365393e+03,3.860893574286619945e+00
9.903757912518331068e+03,3.860893623868985269e+00
9.903757935415296743e+03,3.860893673451722297e+00
9.903757958312262417e+03,3.860893723034831027e+00
9.903757981209228092e+03,3.860893772618311015e+00
9.903758004106193766e+03,3.860893822202162706e+00
9.903758027003159441e+03,3.860893871786385656e+00
9.903758049900125116e+03,3.860893921370978976e+00
9.903758072797090790e+03,3.860893970955944443e+00
9.903758095694056465e+03,3.860894020541280280e+00
9.903758118591022139e+03,3.860894070126986044e+00
9.903758141487987814e+03,3.860894119713062178e+00
9.903758164384953488e+03,3.860894169299509571e+00
9.903758187281919163e+03,3.860894218886326001e+00
9.903758210178884838e+03,3.860894268473512358e+00
9.903758233075850512e+03,3.860894318061068642e+00
9.903758255972816187e+03,3.860894367648993519e+00
9.903758278869781861e+03,3.860894417237288767e+00
9.903758301766747536e+03,3.860894466825952609e+00
9.903758324663713211e+03,3.860894516414985933e+00
9.903758347560678885e+03,3.860894566004387851e+00
9.903758370457644560e+03,3.860894615594157919e+00
9.903758393354610234e+03,3.860894665184296137e+00
9.903758416251575909e+03,3.860894714774803393e+00
9.903758439148541584e+03,3.860894764365678800e+00
9.903758462045507258e+03,3.860894813956921912e+00
9.903758484942472933e+03,3.860894863548532285e+00
9.903758507839438607e+03,3.860894913140510809e+00
9.903758530736402463e+03,3.860894962732852598e+00
9.903758553633368138e+03,3.860895012325565201e+00
9.903758576530333812e+03,3.860895061918645066e+00
9.903758599427299487e+03,3.860895111512092637e+00
9.903758622324265161e+03,3.860895161105905693e+00
9.903758645221230836e+03,3.860895210700085123e+00
9.903758668118196510e+03,3.860895260294631814e+00
9.903758691015162185e+03,3.860895309889544880e+00
9.903758713912127860e+03,3.860895359484822986e+00
9.903758736809093534e+03,3.860895409080467466e+00
9.903758759706059209e+03,3.860895458676476544e+00
9.903758782603024883e+03,3.860895508272851995e+00
9.903758805499990558e+03,3.860895557869592487e+00
9.903758828396956233e+03,3.860895607466698021e+00
9.903758851293921907e+03,3.860895657064169040e+00
9.903758874190887582e+03,3.860895706662005100e+00
9.903758897087853256e+03,3.860895756260204426e+00
9.903758919984818931e+03,3.860895805858768792e+00
9.903758942881784606e+03,3.860895855457697756e+00
9.903758965778750280e+03,3.860895905056990429e+00
9.903758988675715955e+03,3.860895954656647255e+00
9.903759011572681629e+03,3.860896004256666902e+00
9.903759034469647304e+03,3.860896053857051147e+00
9.903759057366612979e+03,3.860896103457797768e+00
9.903759080263578653e+03,3.860896153058908098e+00
9.903759103160544328e+03,3.860896202660381693e+00
9.903759126057510002e+03,3.860896252262217665e+00
9.903759148954475677e+03,3.860896301864416458e+00
9.903759171851441351e+03,3.860896351466977627e+00
9.903759194748407026e+03,3.860896401069901618e+00
9.903759217645372701e+03,3.860896450673187097e+00
9.903759240542338375e+03,3.860896500276834509e+00
9.903759263439304050e+03,3.860896549880844297e+00
9.903759286336269724e+03,3.860896599485215130e+00
9.903759309233235399e+03,3.860896649089948340e+00
9.903759332130199255e+03,3.860896698695038154e+00
9.903759355027164929e+03,3.860896748300492121e+00
9.903759377924130604e+03,3.860896797906308020e+00
9.903759400821096278e+03,3.860896847512484520e+00
9.903759423718061953e+03,3.860896897119022064e+00
9.903759446615027628e+03,3.860896946725918433e+00
9.903759469511993302e+03,3.860896996333176734e+00
9.903759492408958977e+03,3.860897045940794303e+00
9.903759515305924651e+03,3.860897095548772029e+00
9.903759538202890326e+03,3.860897145157108579e+00
9.903759561099856001e+03,3.860897194765805729e+00
9.903759583996821675e+03,3.860897244374861703e+00
9.903759606893787350e+03,3.860897293984276502e+00
9.903759629790753024e+03,3.860897343594050568e+00
9.903759652687718699e+03,3.860897393204183459e+00
9.903759675584684373e+03,3.860897442814675173e+00
9.903759698481650048e+03,3.860897492425525712e+00
9.903759721378615723e+03,3.860897542036733743e+00
9.903759744275581397e+03,3.860897591648299709e+00
9.903759767172547072e+03,3.860897641260224500e+00
9.903759790069512746e+03,3.860897690872506338e+00
9.903759812966478421e+03,3.860897740485145668e+00
9.903759835863444096e+03,3.860897790098142490e+00
9.903759858760409770e+03,3.860897839711497692e+00
9.903759881657375445e+03,3.860897889325208165e+00
9.903759904554341119e+03,3.860897938939276575e+00
9.903759927451306794e+03,3.860897988553701143e+00
9.903759950348272469e+03,3.860898038168482760e+00
9.903759973245238143e+03,3.860898087783620536e+00
9.903759996142203818e+03,3.860898137399114916e+00
9.903760019039169492e+03,3.860898187014964567e+00
9.903760041936135167e+03,3.860898236631170377e+00
9.903760064833100841e+03,3.860898286247731903e+00
9.903760087730066516e+03,3.860898335864649145e+00
9.903760110627032191e+03,3.860898385481921213e+00
9.903760133523996046e+03,3.860898435099545001e+00
9.903760156420961721e+03,3.860898484717526724e+00
9.903760179317927395e+03,3.860898534335864163e+00
9.903760202214893070e+03,3.860898583954555985e+00
9.903760225111858745e+03,3.860898633573601302e+00
9.903760248008824419e+03,3.860898683193001890e+00
9.903760270905790094e+03,3.860898732812755973e+00
9.903760293802755768e+03,3.860898782432864440e+00
9.903760316699721443e+03,3.860898832053326846e+00
9.903760339596687118e+03,3.860898881674142302e+00
9.903760362493652792e+03,3.860898931295311254e+00
9.903760385390618467e+03,3.860898980916833700e+00
9.903760408287584141e+03,3.860899030538708754e+00
9.903760431184549816e+03,3.860899080160936858e+00
9.903760454081515491e+03,3.860899129783518013e+00
9.903760476978481165e+03,3.860899179406450443e+00
9.903760499875446840e+03,3.860899229029736368e+00
9.903760522772412514e+03,3.860899278653374456e+00
9.903760545669378189e+03,3.860899328277363818e+00
9.903760568566343863e+03,3.860899377901705343e+00
9.903760591463309538e+03,3.860899427526398586e+00
9.903760614360275213e+03,3.860899477151443104e+00
9.903760637257240887e+03,3.860899526776839341e+00
9.903760660154206562e+03,3.860899576402585964e+00
9.903760683051172236e+03,3.860899626028683862e+00
9.903760705948137911e+03,3.860899675655132146e+00
9.903760728845103586e+03,3.860899725281931261e+00
9.903760751742069260e+03,3.860899774909081206e+00
9.903760774639034935e+03,3.860899824536580649e+00
9.903760797536000609e+03,3.860899874164430479e+00
9.903760820432966284e+03,3.860899923792630251e+00
9.903760843329931959e+03,3.860899973421179521e+00
9.903760866226897633e+03,3.860900023050078733e+00
9.903760889123863308e+03,3.860900072679327444e+00
9.903760912020828982e+03,3.860900122308924320e+00
9.903760934917792838e+03,3.860900171938867143e+00
9.903760957814758513e+03,3.860900221569162571e+00
9.903760980711724187e+03,3.860900271199805722e+00
9.903761003608689862e+03,3.860900320830798815e+00
9.903761026505655536e+03,3.860900370462139186e+00
9.903761049402621211e+03,3.860900420093828167e+00
9.903761072299586885e+03,3.860900469725865314e+00
9.903761095196552560e+03,3.860900519358249294e+00
9.903761118093518235e+03,3.860900568990981441e+00
9.903761140990483909e+03,3.860900618624060865e+00
9.903761163887449584e+03,3.860900668257488011e+00
9.903761186784415258e+03,3.860900717891261547e+00
9.903761209681380933e+03,3.860900767525382360e+00
9.903761232578346608e+03,3.860900817159850007e+00
9.903761255475312282e+03,3.860900866794664044e+00
9.903761278372277957e+03,3.860900916429824470e+00
9.903761301269243631e+03,3.860900966065331286e+00
9.903761324166209306e+03,3.860901015701183603e+00
9.903761347063174981e+03,3.860901065337382754e+00
9.903761369960140655e+03,3.860901114973926518e+00
9.903761392857106330e+03,3.860901164610815783e+00
9.903761415754072004e+03,3.860901214248050994e+00
9.903761438651037679e+03,3.860901263885631263e+00
9.903761461548003354e+03,3.860901313523555700e+00
9.903761484444969028e+03,3.860901363161826083e+00
9.903761507341934703e+03,3.860901412800440635e+00
9.903761530238900377e+03,3.860901462439399801e+00
9.903761553135866052e+03,3.860901512078702691e+00
9.903761576032831726e+03,3.860901561718350194e+00
9.903761598929797401e+03,3.860901611358341423e+00
9.903761621826763076e+03,3.860901660998675933e+00
9.903761644723728750e+03,3.860901710639354611e+00
9.903761667620694425e+03,3.860901760280376127e+00
9.903761690517660099e+03,3.860901809921741368e+00
9.903761713414625774e+03,3.860901859563449889e+00
9.903761736311589630e+03,3.860901909205496807e+00
9.903761759208555304e+03,3.860901958847890114e+00
9.903761782105520979e+03,3.860902008490626702e+00
9.903761805002486653e+03,3.860902058133705239e+00
9.903761827899452328e+03,3.860902107777125725e+00
9.903761850796418003e+03,3.860902157420888603e+00
9.903761873693383677e+03,3.860902207064992986e+00
9.903761896590349352e+03,3.860902256709439317e+00
9.903761919487315026e+03,3.860902306354227154e+00
9.903761942384280701e+03,3.860902355999356050e+00
9.903761965281246376e+03,3.860902405644826008e+00
9.903761988178212050e+03,3.860902455290637025e+00
9.903762011075177725e+03,3.860902504936789104e+00
9.903762033972143399e+03,3.860902554583281354e+00
9.903762056869109074e+03,3.860902604230114221e+00
9.903762079766074748e+03,3.860902653877287261e+00
9.903762102663040423e+03,3.860902703524800472e+00
9.903762125560006098e+03,3.860902753172653412e+00
9.903762148456971772e+03,3.860902802820845636e+00
9.903762171353937447e+03,3.860902852469378033e+00
9.903762194250903121e+03,3.860902902118249713e+00
9.903762217147868796e+03,3.860902951767460234e+00
9.903762240044834471e+03,3.860903001417010039e+00
9.903762262941800145e+03,3.860903051066898684e+00
9.903762285838765820e+03,3.860903100717126168e+00
9.903762308735731494e+03,3.860903150367692049e+00
9.903762331632697169e+03,3.860903200018595882e+00
9.903762354529662844e+03,3.860903249669837667e+00
9.903762377426628518e+03,3.860903299321418292e+00
9.903762400323594193e+03,3.860903348973336424e+00
9.903762423220559867e+03,3.860903398625592065e+00
9.903762446117525542e+03,3.860903448278184769e+00
9.903762469014491217e+03,3.860903497931114980e+00
9.903762491911456891e+03,3.860903547584382256e+00
9.903762514808422566e+03,3.860903597237987039e+00
9.903762537705386421e+03,3.860903646891924001e+00
9.903762560602352096e+03,3.860903696546201580e+00
9.903762583499317770e+03,3.860903746200815334e+00
9.903762606396283445e+03,3.860903795855765264e+00
9.903762629293249120e+03,3.860903845511051813e+00
9.903762652190214794e+03,3.860903895166673205e+00
9.903762675087180469e+03,3.860903944822631217e+00
9.903762697984146143e+03,3.860903994478924961e+00
9.903762720881111818e+03,3.860904044135552660e+00
9.903762743778077493e+03,3.860904093792516978e+00
9.903762766675043167e+03,3.860904143449816139e+00
9.903762789572008842e+03,3.860904193107449256e+00
9.903762812468974516e+03,3.860904242765417216e+00
9.903762835365940191e+03,3.860904292423720019e+00
9.903762858262905866e+03,3.860904342082357221e+00
9.903762881159871540e+03,3.860904391741327490e+00
9.903762904056837215e+03,3.860904441400633047e+00
9.903762926953802889e+03,3.860904491060271670e+00
9.903762949850768564e+03,3.860904540720243805e+00
9.903762972747734239e+03,3.860904590380549006e+00
9.903762995644699913e+03,3.860904640041188607e+00
9.903763018541665588e+03,3.860904689702160386e+00
9.903763041438631262e+03,3.860904739363464788e+00
9.903763064335596937e+03,3.860904789025102701e+00
9.903763087232562611e+03,3.860904838687072349e+00
9.903763110129528286e+03,3.860904888349375508e+00
9.903763133026493961e+03,3.860904938012009957e+00
9.903763155923459635e+03,3.860904987674976585e+00
9.903763178820425310e+03,3.860905037338274948e+00
9.903763201717390984e+03,3.860905087001904601e+00
9.903763224614356659e+03,3.860905136665866433e+00
9.903763247511322334e+03,3.860905186330159555e+00
9.903763270408288008e+03,3.860905235994783524e+00
9.903763293305253683e+03,3.860905285659737896e+00
9.903763316202219357e+03,3.860905335325023557e+00
9.903763339099183213e+03,3.860905384990636069e+00
9.903763361996148888e+03,3.860905434656582536e+00
9.903763384893114562e+03,3.860905484322860293e+00
9.903763407790080237e+03,3.860905533989467120e+00
9.903763430687045911e+03,3.860905583656404350e+00
9.903763453584011586e+03,3.860905633323671093e+00
9.903763476480977261e+03,3.860905682991266907e+00
9.903763499377942935e+03,3.860905732659192680e+00
9.903763522274908610e+03,3.860905782327447522e+00
9.903763545171874284e+03,3.860905831996030990e+00
9.903763568068839959e+03,3.860905881664943973e+00
9.903763590965805633e+03,3.860905931334185581e+00
9.903763613862771308e+03,3.860905981003755372e+00
9.903763636759736983e+03,3.860906030673653344e+00
9.903763659656702657e+03,3.860906080343879498e+00
9.903763682553668332e+03,3.860906130014434279e+00
9.903763705450634006e+03,3.860906179685316353e+00
9.903763728347599681e+03,3.860906229356525721e+00
9.903763751244565356e+03,3.860906279028062826e+00
9.903763774141531030e+03,3.860906328699927670e+00
9.903763797038496705e+03,3.860906378372118475e+00
9.903763819935462379e+03,3.860906428044637906e+00
9.903763842832428054e+03,3.860906477717482854e+00
9.903763865729393729e+03,3.860906527390654208e+00
9.903763888626359403e+03,3.860906577064152856e+00
9.903763911523325078e+03,3.860906626737976577e+00
9.903763934420290752e+03,3.860906676412127592e+00
9.903763957317256427e+03,3.860906726086603680e+00
9.903763980214222101e+03,3.860906775761405285e+00
9.903764003111187776e+03,3.860906825436533740e+00
9.903764026008153451e+03,3.860906875111985936e+00
9.903764048905119125e+03,3.860906924787763650e+00
9.903764071802084800e+03,3.860906974463867325e+00
9.903764094699050474e+03,3.860907024140295185e+00
9.903764117596016149e+03,3.860907073817047674e+00
9.903764140492980005e+03,3.860907123494120796e+00
9.903764163389945679e+03,3.860907173171522100e+00
9.903764186286911354e+03,3.860907222849247145e+00
9.903764209183877028e+03,3.860907272527296374e+00
9.903764232080842703e+03,3.860907322205668901e+00
9.903764254977808378e+03,3.860907371884366501e+00
9.903764277874774052e+03,3.860907421563386066e+00
9.903764300771739727e+03,3.860907471242729372e+00
9.903764323668705401e+03,3.860907520922395531e+00
9.903764346565671076e+03,3.860907570602385430e+00
9.903764369462636751e+03,3.860907620282696406e+00
9.903764392359602425e+03,3.860907669963332012e+00
9.903764415256568100e+03,3.860907719644288694e+00
9.903764438153533774e+03,3.860907769325567340e+00
9.903764461050499449e+03,3.860907819007168840e+00
9.903764483947465123e+03,3.860907868689091416e+00
9.903764506844430798e+03,3.860907918371335512e+00
9.903764529741396473e+03,3.860907968053902017e+00
9.903764552638362147e+03,3.860908017736788711e+00
9.903764575535327822e+03,3.860908067419998257e+00
9.903764598432293496e+03,3.860908117103527104e+00
9.903764621329259171e+03,3.860908166787377471e+00
9.903764644226224846e+03,3.860908216471548471e+00
9.903764667123190520e+03,3.860908266156039659e+00
9.903764690020156195e+03,3.860908315840851035e+00
9.903764712917121869e+03,3.860908365525982600e+00
9.903764735814087544e+03,3.860908415211434352e+00
9.903764758711053219e+03,3.860908464897205405e+00
9.903764781608018893e+03,3.860908514583296203e+00
9.903764804504984568e+03,3.860908564269706300e+00
9.903764827401950242e+03,3.860908613956435698e+00
9.903764850298915917e+03,3.860908663643483951e+00
9.903764873195881592e+03,3.860908713330851949e+00
9.903764896092847266e+03,3.860908763018537915e+00
9.903764918989812941e+03,3.860908812706541848e+00
9.903764941886776796e+03,3.860908862394861085e+00
9.903764964783742471e+03,3.860908912083502287e+00
9.903764987680708145e+03,3.860908961772461012e+00
9.903765010577673820e+03,3.860909011461737705e+00
9.903765033474639495e+03,3.860909061151331922e+00
9.903765056371605169e+03,3.860909110841243663e+00
9.903765079268570844e+03,3.860909160531472928e+00
9.903765102165536518e+03,3.860909210222019272e+00
9.903765125062502193e+03,3.860909259912882252e+00
9.903765147959467868e+03,3.860909309604062312e+00
9.903765170856433542e+03,3.860909359295559007e+00
9.903765193753399217e+03,3.860909408987371005e+00
9.903765216650364891e+03,3.860909458679500528e+00
9.903765239547330566e+03,3.860909508371945353e+00
9.903765262444296241e+03,3.860909558064706371e+00
9.903765285341261915e+03,3.860909607757783579e+00
9.903765308238227590e+03,3.860909657451175647e+00
9.903765331135193264e+03,3.860909707144883019e+00
9.903765354032158939e+03,3.860909756838905693e+00
9.903765376929124614e+03,3.860909806533243671e+00
9.903765399826090288e+03,3.860909856227896508e+00
9.903765422723055963e+03,3.860909905922863761e+00
9.903765445620021637e+03,3.860909955618144984e+00
9.903765468516987312e+03,3.860910005313741067e+00
9.903765491413952986e+03,3.860910055009651565e+00
9.903765514310918661e+03,3.860910104705875145e+00
9.903765537207884336e+03,3.860910154402412697e+00
9.903765560104850010e+03,3.860910204099265108e+00
9.903765583001815685e+03,3.860910253796429270e+00
9.903765605898781359e+03,3.860910303493907847e+00
9.903765628795747034e+03,3.860910353191698619e+00
9.903765651692712709e+03,3.860910402889802917e+00
9.903765674589678383e+03,3.860910452588219410e+00
9.903765697486644058e+03,3.860910502286949431e+00
9.903765720383609732e+03,3.860910551985990313e+00
9.903765743280573588e+03,3.860910601685340282e+00
9.903765766177539263e+03,3.860910651385006442e+00
9.903765789074504937e+03,3.860910701084984353e+00
9.903765811971470612e+03,3.860910750785273571e+00
9.903765834868436286e+03,3.860910800485874095e+00
9.903765857765401961e+03,3.860910850186786369e+00
9.903765880662367636e+03,3.860910899888009951e+00
9.903765903559333310e+03,3.860910949589544394e+00
9.903765926456298985e+03,3.860910999291389256e+00
9.903765949353264659e+03,3.860911048993545425e+00
9.903765972250230334e+03,3.860911098696011567e+00
9.903765995147196008e+03,3.860911148398787240e+00
9.903766018044161683e+03,3.860911198101874220e+00
9.903766040941127358e+03,3.860911247805270730e+00
9.903766063838093032e+03,3.860911297508977214e+00
9.903766086735058707e+03,3.860911347212992339e+00
9.903766109632024381e+03,3.860911396917317440e+00
9.903766132528990056e+03,3.860911446621951626e+00
9.903766155425955731e+03,3.860911496326894898e+00
9.903766178322921405e+03,3.860911546032146813e+00
9.903766201219887080e+03,3.860911595737708257e+00
9.903766224116852754e+03,3.860911645443577456e+00
9.903766247013818429e+03,3.860911695149755296e+00
9.903766269910784104e+03,3.860911744856241334e+00
9.903766292807749778e+03,3.860911794563035571e+00
9.903766315704715453e+03,3.860911844270137117e+00
9.903766338601681127e+03,3.860911893977546416e+00
9.903766361498646802e+03,3.860911943685262582e+00
9.903766384395612477e+03,3.860911993393287389e+00
9.903766407292578151e+03,3.860912043101618174e+00
9.903766430189543826e+03,3.860912092810256713e+00
9.903766453086509500e+03,3.860912142519201229e+00
9.903766475983475175e+03,3.860912192228452611e+00
9.903766498880440849e+03,3.860912241938010414e+00
9.903766521777406524e+03,3.860912291647873751e+00
9.903766544674370380e+03,3.860912341358040845e+00
9.903766567571336054e+03,3.860912391068517024e+00
9.903766590468301729e+03,3.860912440779298294e+00
9.903766613365267403e+03,3.860912490490385540e+00
9.903766636262233078e+03,3.860912540201777876e+00
9.903766659159198753e+03,3.860912589913475301e+00
9.903766682056164427e+03,3.860912639625478260e+00
9.903766704953130102e+03,3.860912689337785864e+00
9.903766727850095776e+03,3.860912739050398113e+00
9.903766750747061451e+03,3.860912788763314563e+00
9.903766773644027126e+03,3.860912838476536102e+00
9.903766796540992800e+03,3.860912888190060954e+00
9.903766819437958475e+03,3.860912937903890008e+00
9.903766842334924149e+03,3.860912987618022818e+00
9.903766865231889824e+03,3.860913037332458941e+00
9.903766888128855499e+03,3.860913087047199266e+00
9.903766911025821173e+03,3.860913136762242459e+00
9.903766933922786848e+03,3.860913186477588521e+00
9.903766956819752522e+03,3.860913236193237452e+00
9.903766979716718197e+03,3.860913285909189252e+00
9.903767002613683871e+03,3.860913335625443032e+00
9.903767025510649546e+03,3.860913385342000570e+00
9.903767048407615221e+03,3.860913435058858756e+00
9.903767071304580895e+03,3.860913484776019811e+00
9.903767094201546570e+03,3.860913534493482402e+00
9.903767117098512244e+03,3.860913584211246530e+00
9.903767139995477919e+03,3.860913633929312638e+00
9.903767162892443594e+03,3.860913683647680283e+00
9.903767185789409268e+03,3.860913733366348133e+00
9.903767208686374943e+03,3.860913783085317519e+00
9.903767231583340617e+03,3.860913832804587997e+00
9.903767254480306292e+03,3.860913882524159124e+00
9.903767277377271967e+03,3.860913932244030011e+00
9.903767300274237641e+03,3.860913981964201103e+00
9.903767323171203316e+03,3.860914031684672398e+00
9.903767346068167171e+03,3.860914081405440346e+00
9.903767368965132846e+03,3.860914131126511162e+00
9.903767391862098521e+03,3.860914180847882182e+00
9.903767414759064195e+03,3.860914230569552519e+00
9.903767437656029870e+03,3.860914280291522171e+00
9.903767460552995544e+03,3.860914330013789808e+00
9.903767483449961219e+03,3.860914379736357205e+00
9.903767506346926893e+03,3.860914429459223030e+00
9.903767529243892568e+03,3.860914479182387282e+00
9.903767552140858243e+03,3.860914528905849963e+00
9.903767575037823917e+03,3.860914578629611515e+00
9.903767597934789592e+03,3.860914628353669720e+00
9.903767620831755266e+03,3.860914678078027240e+00
9.903767643728720941e+03,3.860914727802680968e+00
9.903767666625686616e+03,3.860914777527633124e+00
9.903767689522652290e+03,3.860914827252881931e+00
9.903767712419617965e+03,3.860914876978428278e+00
9.903767735316583639e+03,3.860914926704271721e+00
9.903767758213549314e+03,3.860914976430410928e+00
9.903767781110514989e+03,3.860915026156847674e+00
9.903767804007480663e+03,3.860915075883580183e+00
9.903767826904446338e+03,3.860915125610609344e+00
9.903767849801412012e+03,3.860915175337934713e+00
9.903767872698377687e+03,3.860915225065554957e+00
9.903767895595343361e+03,3.860915274793472296e+00
9.903767918492309036e+03,3.860915324521684955e+00
9.903767941389274711e+03,3.860915374250192489e+00
9.903767964286240385e+03,3.860915423978994898e+00
9.903767987183206060e+03,3.860915473708093071e+00
9.903768010080171734e+03,3.860915523437484786e+00
9.903768032977137409e+03,3.860915573167171821e+00
9.903768055874103084e+03,3.860915622897153732e+00
9.903768078771068758e+03,3.860915672627430517e+00
9.903768101668034433e+03,3.860915722358000401e+00
9.903768124565000107e+03,3.860915772088863829e+00
9.903768147461963963e+03,3.860915821820018135e+00
9.903768170358929638e+03,3.860915871551469092e+00
9.903768193255895312e+03,3.860915921283214036e+00
9.903768216152860987e+03,3.860915971015252079e+00
9.903768239049826661e+03,3.860916020747583222e+00
9.903768261946792336e+03,3.860916070480207907e+00
9.903768284843758011e+03,3.860916120213124358e+00
9.903768307740723685e+03,3.860916169946333021e+00
9.903768330637689360e+03,3.860916219679835226e+00
9.903768353534655034e+03,3.860916269413628754e+00
9.903768376431620709e+03,3.860916319147715381e+00
9.903768399328586383e+03,3.860916368882092442e+00
9.903768422225552058e+03,3.860916418616761714e+00
9.903768445122517733e+03,3.860916468351722752e+00
9.903768468019483407e+03,3.860916518086975113e+00
9.903768490916449082e+03,3.860916567822518797e+00
9.903768513813414756e+03,3.860916617558352915e+00
9.903768536710380431e+03,3.860916667294477911e+00
9.903768559607346106e+03,3.860916717030893341e+00
9.903768582504311780e+03,3.860916766767600095e+00
9.903768605401277455e+03,3.860916816504595506e+00
9.903768628298243129e+03,3.860916866241882683e+00
9.903768651195208804e+03,3.860916915979458963e+00
9.903768674092174479e+03,3.860916965717325233e+00
9.903768696989140153e+03,3.860917015455480605e+00
9.903768719886105828e+03,3.860917065193925524e+00
9.903768742783071502e+03,3.860917114932659544e+00
9.903768765680037177e+03,3.860917164671683111e+00
9.903768788577002852e+03,3.860917214410995779e+00
9.903768811473968526e+03,3.860917264150596218e+00
9.903768834370934201e+03,3.860917313890485758e+00
9.903768857267899875e+03,3.860917363630663068e+00
9.903768880164865550e+03,3.860917413371129037e+00
9.903768903061831224e+03,3.860917463111882331e+00
9.903768925958796899e+03,3.860917512852924727e+00
9.903768948855760755e+03,3.860917562594249564e+00
9.903768971752726429e+03,3.860917612335866167e+00
9.903768994649692104e+03,3.860917662077770540e+00
9.903769017546657778e+03,3.860917711819961351e+00
9.903769040443623453e+03,3.860917761562439043e+00
9.903769063340589128e+03,3.860917811305204062e+00
9.903769086237554802e+03,3.860917861048255517e+00
9.903769109134520477e+03,3.860917910791592966e+00
9.903769132031486151e+03,3.860917960535216853e+00
9.903769154928451826e+03,3.860918010279126733e+00
9.903769177825417501e+03,3.860918060023323495e+00
9.903769200722383175e+03,3.860918109767804474e+00
9.903769223619348850e+03,3.860918159512571446e+00
9.903769246516314524e+03,3.860918209257624412e+00
9.903769269413280199e+03,3.860918259002961594e+00
9.903769292310245874e+03,3.860918308748584327e+00
9.903769315207211548e+03,3.860918358494491276e+00
9.903769338104177223e+03,3.860918408240684219e+00
9.903769361001142897e+03,3.860918457987160490e+00
9.903769383898108572e+03,3.860918507733921423e+00
9.903769406795074246e+03,3.860918557480966129e+00
9.903769429692039921e+03,3.860918607228295052e+00
9.903769452589005596e+03,3.860918656975907304e+00
9.903769475485971270e+03,3.860918706723803773e+00
9.903769498382936945e+03,3.860918756471983126e+00
9.903769521279902619e+03,3.860918806220446697e+00
9.903769544176868294e+03,3.860918855969191821e+00
9.903769567073833969e+03,3.860918905718220717e+00
9.903769589970799643e+03,3.860918955467532498e+00
9.903769612867765318e+03,3.860919005217126720e+00
9.903769635764730992e+03,3.860919054967002495e+00
9.903769658661696667e+03,3.860919104717161154e+00
9.903769681558662342e+03,3.860919154467602699e+00
9.903769704455628016e+03,3.860919204218324463e+00
9.903769727352593691e+03,3.860919253969328668e+00
9.903769750249557546e+03,3.860919303720610429e+00
9.903769773146523221e+03,3.860919353472177296e+00
9.903769796043488896e+03,3.860919403224025270e+00
9.903769818940454570e+03,3.860919452976154354e+00
9.903769841837420245e+03,3.860919502728564545e+00
9.903769864734385919e+03,3.860919552481254957e+00
9.903769887631351594e+03,3.860919602234226033e+00
9.903769910528317268e+03,3.860919651987476886e+00
9.903769933425282943e+03,3.860919701741007515e+00
9.903769956322248618e+03,3.860919751494819252e+00
9.903769979219214292e+03,3.860919801248909433e+00
9.903770002116179967e+03,3.860919851003279835e+00
9.903770025013145641e+03,3.860919900757929568e+00
9.903770047910111316e+03,3.860919950512858190e+00
9.903770070807076991e+03,3.860920000268066143e+00
9.903770093704042665e+03,3.860920050023553429e+00
9.903770116601008340e+03,3.860920099779318715e+00
9.903770139497974014e+03,3.860920149535362889e+00
9.903770162394939689e+03,3.860920199291685062e+00
9.903770185291905364e+03,3.860920249048285235e+00
9.903770208188871038e+03,3.860920298805163409e+00
9.903770231085836713e+03,3.860920348562319582e+00
9.903770253982802387e+03,3.860920398319753755e+00
9.903770276879768062e+03,3.860920448077465039e+00
9.903770299776733737e+03,3.860920497835453435e+00
9.903770322673699411e+03,3.860920547593718943e+00
9.903770345570665086e+03,3.860920597352262007e+00
9.903770368467630760e+03,3.860920647111080850e+00
9.903770391364596435e+03,3.860920696870176805e+00
9.903770414261562109e+03,3.860920746629549427e+00
9.903770437158527784e+03,3.860920796389198273e+00
9.903770460055493459e+03,3.860920846149122010e+00
9.903770482952459133e+03,3.860920895909322414e+00
9.903770505849424808e+03,3.860920945669798598e+00
9.903770528746390482e+03,3.860920995430550118e+00
9.903770551643354338e+03,3.860921045191572976e+00
9.903770574540320013e+03,3.860921094952875166e+00
9.903770597437285687e+03,3.860921144714452247e+00
9.903770620334251362e+03,3.860921194476304663e+00
9.903770643231217036e+03,3.860921244238430194e+00
9.903770666128182711e+03,3.860921294000831949e+00
9.903770689025148386e+03,3.860921343763507263e+00
9.903770711922114060e+03,3.860921393526456136e+00
9.903770734819079735e+03,3.860921443289679900e+00
9.903770757716045409e+03,3.860921493053176778e+00
9.903770780613011084e+03,3.860921542816947660e+00
9.903770803509976759e+03,3.860921592580991657e+00
9.903770826406942433e+03,3.860921642345309213e+00
9.903770849303908108e+03,3.860921692109898995e+00
9.903770872200873782e+03,3.860921741874762780e+00
9.903770895097839457e+03,3.860921791639898792e+00
9.903770917994805131e+03,3.860921841405306143e+00
9.903770940891770806e+03,3.860921891170987497e+00
9.903770963788736481e+03,3.860921940936940189e+00
9.903770986685702155e+03,3.860921990703165552e+00
9.903771009582667830e+03,3.860922040469662253e+00
9.903771032479633504e+03,3.860922090236430737e+00
9.903771055376599179e+03,3.860922140003470560e+00
9.903771078273564854e+03,3.860922189770782165e+00
9.903771101170530528e+03,3.860922239538364220e+00
9.903771124067496203e+03,3.860922289306217170e+00
9.903771146964461877e+03,3.860922339074341458e+00
9.903771169861427552e+03,3.860922388842736197e+00
9.903771192758393227e+03,3.860922438611400942e+00
9.903771215655358901e+03,3.860922488380336581e+00
9.903771238552324576e+03,3.860922538149542227e+00
9.903771261449290250e+03,3.860922587919016991e+00
9.903771284346255925e+03,3.860922637688762649e+00
9.903771307243221599e+03,3.860922687458776537e+00
9.903771330140187274e+03,3.860922737229060431e+00
9.903771353037151130e+03,3.860922786999610334e+00
9.903771375934116804e+03,3.860922836770432465e+00
9.903771398831082479e+03,3.860922886541522825e+00
9.903771421728048153e+03,3.860922936312882747e+00
9.903771444625013828e+03,3.860922986084510455e+00
9.903771467521979503e+03,3.860923035856407282e+00
9.903771490418945177e+03,3.860923085628571894e+00
9.903771513315910852e+03,3.860923135401004735e+00
9.903771536212876526e+03,3.860923185173704919e+00
9.903771559109842201e+03,3.860923234946672444e+00
9.903771582006807876e+03,3.860923284719908199e+00
9.903771604903773550e+03,3.860923334493410852e+00
9.903771627800739225e+03,3.860923384267180403e+00
9.903771650697704899e+03,3.860923434041216851e+00
9.903771673594670574e+03,3.860923483815520196e+00
9.903771696491636249e+03,3.860923533590090440e+00
9.903771719388601923e+03,3.860923583364926692e+00
9.903771742285567598e+03,3.860923633140029398e+00
9.903771765182533272e+03,3.860923682915397670e+00
9.903771788079498947e+03,3.860923732691031951e+00
9.903771810976464621e+03,3.860923782466931797e+00
9.903771833873430296e+03,3.860923832243097209e+00
9.903771856770395971e+03,3.860923882019528186e+00
9.903771879667361645e+03,3.860923931796224284e+00
9.903771902564327320e+03,3.860923981573185504e+00
9.903771925461292994e+03,3.860924031350411401e+00
9.903771948358258669e+03,3.860924081127901974e+00
9.903771971255224344e+03,3.860924130905656337e+00
9.903771994152190018e+03,3.860924180683675822e+00
9.903772017049155693e+03,3.860924230461958651e+00
9.903772039946121367e+03,3.860924280240506157e+00
9.903772062843087042e+03,3.860924330019316564e+00
9.903772085740052717e+03,3.860924379798391204e+00
9.903772108637018391e+03,3.860924429577729189e+00
9.903772131533984066e+03,3.860924479357330963e+00
9.903772154430947921e+03,3.860924529137190753e+00
9.903772177327913596e+03,3.860924578917317884e+00
9.903772200224879271e+03,3.860924628697707472e+00
9.903772223121844945e+03,3.860924678478359962e+00
9.903772246018810620e+03,3.860924728259274907e+00
9.903772268915776294e+03,3.860924778040450978e+00
9.903772291812741969e+03,3.860924827821889505e+00
9.903772314709707643e+03,3.860924877603590488e+00
9.903772337606673318e+03,3.860924927385552596e+00
9.903772360503638993e+03,3.860924977167776273e+00
9.903772383400604667e+03,3.860925026950260630e+00
9.903772406297570342e+03,3.860925076733007444e+00
9.903772429194536016e+03,3.860925126516014494e+00
9.903772452091501691e+03,3.860925176299282224e+00
9.903772474988467366e+03,3.860925226082810191e+00
9.903772497885433040e+03,3.860925275866599282e+00
9.903772520782398715e+03,3.860925325650647721e+00
9.903772543679364389e+03,3.860925375434956841e+00
9.903772566576330064e+03,3.860925425219525753e+00
9.903772589473295739e+03,3.860925475004354013e+00
9.903772612370261413e+03,3.860925524789442509e+00
9.903772635267227088e+03,3.860925574574790353e+00
9.903772658164192762e+03,3.860925624360397101e+00
9.903772681061158437e+03,3.860925674146262754e+00
9.903772703958124112e+03,3.860925723932387310e+00
9.903772726855089786e+03,3.860925773718769882e+00
9.903772749752055461e+03,3.860925823505411802e+00
9.903772772649021135e+03,3.860925873292311294e+00
9.903772795545986810e+03,3.860925923079469246e+00
9.903772818442952484e+03,3.860925972866885658e+00
9.903772841339918159e+03,3.860926022654559642e+00
9.903772864236883834e+03,3.860926072442491197e+00
9.903772887133849508e+03,3.860926122230679436e+00
9.903772910030815183e+03,3.860926172019126135e+00
9.903772932927780857e+03,3.860926221807828629e+00
9.903772955824744713e+03,3.860926271596785142e+00
9.903772978721710388e+03,3.860926321386001447e+00
9.903773001618676062e+03,3.860926371175474880e+00
9.903773024515641737e+03,3.860926420965204109e+00
9.903773047412607411e+03,3.860926470755190021e+00
9.903773070309573086e+03,3.860926520545432172e+00
9.903773093206538761e+03,3.860926570335929675e+00
9.903773116103504435e+03,3.860926620126682973e+00
9.903773139000470110e+03,3.860926669917692067e+00
9.903773161897435784e+03,3.860926719708956067e+00
9.903773184794401459e+03,3.860926769500474975e+00
9.903773207691367134e+03,3.860926819292249679e+00
9.903773230588332808e+03,3.860926869084278845e+00
9.903773253485298483e+03,3.860926918876562031e+00
9.903773276382264157e+03,3.860926968669100567e+00
9.903773299279229832e+03,3.860927018461892235e+00
9.903773322176195506e+03,3.860927068254939254e+00
9.903773345073161181e+03,3.860927118048239404e+00
9.903773367970126856e+03,3.860927167841793572e+00
9.903773390867092530e+03,3.860927217635601316e+00
9.903773413764058205e+03,3.860927267429661747e+00
9.903773436661023879e+03,3.860927317223976196e+00
9.903773459557989554e+03,3.860927367018543332e+00
9.903773482454955229e+03,3.860927416813363600e+00
9.903773505351920903e+03,3.860927466608436553e+00
9.903773528248886578e+03,3.860927516403762194e+00
9.903773551145852252e+03,3.860927566199339189e+00
9.903773574042817927e+03,3.860927615995168871e+00
9.903773596939783602e+03,3.860927665791250352e+00
9.903773619836749276e+03,3.860927715587584075e+00
9.903773642733714951e+03,3.860927765384169152e+00
9.903773665630680625e+03,3.860927815181006029e+00
9.903773688527646300e+03,3.860927864978094259e+00
9.903773711424611975e+03,3.860927914775433401e+00
9.903773734321577649e+03,3.860927964573022564e+00
9.903773757218541505e+03,3.860928014370859529e+00
9.903773780115507179e+03,3.860928064168950513e+00
9.903773803012472854e+03,3.860928113967292408e+00
9.903773825909438528e+03,3.860928163765883880e+00
9.903773848806404203e+03,3.860928213564725819e+00
9.903773871703369878e+03,3.860928263363817781e+00
9.903773894600335552e+03,3.860928313163158876e+00
9.903773917497301227e+03,3.860928362962749993e+00
9.903773940394266901e+03,3.860928412762590245e+00
9.903773963291232576e+03,3.860928462562679631e+00
9.903773986188198251e+03,3.860928512363018150e+00
9.903774009085163925e+03,3.860928562163604916e+00
9.903774031982129600e+03,3.860928611964440815e+00
9.903774054879095274e+03,3.860928661765524961e+00
9.903774077776060949e+03,3.860928711566857352e+00
9.903774100673026624e+03,3.860928761368438433e+00
9.903774123569992298e+03,3.860928811170267316e+00
9.903774146466957973e+03,3.860928860972344001e+00
9.903774169363923647e+03,3.860928910774667155e+00
9.903774192260889322e+03,3.860928960577239000e+00
9.903774215157854997e+03,3.860929010380057758e+00
9.903774238054820671e+03,3.860929060183123429e+00
9.903774260951786346e+03,3.860929109986436014e+00
9.903774283848752020e+03,3.860929159789995069e+00
9.903774306745717695e+03,3.860929209593800593e+00
9.903774329642683369e+03,3.860929259397852586e+00
9.903774352539649044e+03,3.860929309202151050e+00
9.903774375436614719e+03,3.860929359006695094e+00
9.903774398333580393e+03,3.860929408811485164e+00
9.903774421230546068e+03,3.860929458616521259e+00
9.903774444127511742e+03,3.860929508421802492e+00
9.903774467024477417e+03,3.860929558227328862e+00
9.903774489921443092e+03,3.860929608033100369e+00
9.903774512818408766e+03,3.860929657839117457e+00
9.903774535715374441e+03,3.860929707645378350e+00
9.903774558612338296e+03,3.860929757451880828e+00
9.903774581509303971e+03,3.860929807258631552e+00
9.903774604406269646e+03,3.860929857065626081e+00
9.903774627303235320e+03,3.860929906872863970e+00
9.903774650200200995e+03,3.860929956680346553e+00
9.903774673097166669e+03,3.860930006488073385e+00
9.903774695994132344e+03,3.860930056296043134e+00
9.903774718891098019e+03,3.860930106104255799e+00
9.903774741788063693e+03,3.860930155912712713e+00
9.903774764685029368e+03,3.860930205721411657e+00
9.903774787581995042e+03,3.860930255530354405e+00
9.903774810478960717e+03,3.860930305339539181e+00
9.903774833375926391e+03,3.860930355148966431e+00
9.903774856272892066e+03,3.860930404958636153e+00
9.903774879169857741e+03,3.860930454768547460e+00
9.903774902066823415e+03,3.860930504578701683e+00
9.903774924963789090e+03,3.860930554389097491e+00
9.903774947860754764e+03,3.860930604199733995e+00
9.903774970757720439e+03,3.860930654010613416e+00
9.903774993654686114e+03,3.860930703821732202e+00
9.903775016551651788e+03,3.860930753633094348e+00
9.903775039448617463e+03,3.860930803444695858e+00
9.903775062345583137e+03,3.860930853256538509e+00
9.903775085242548812e+03,3.860930903068620967e+00
9.903775108139514487e+03,3.860930952880944567e+00
9.903775131036480161e+03,3.860931002693507974e+00
9.903775153933445836e+03,3.860931052506312078e+00
9.903775176830411510e+03,3.860931102319355546e+00
9.903775199727377185e+03,3.860931152132639266e+00
9.903775222624342859e+03,3.860931201946161462e+00
9.903775245521308534e+03,3.860931251759923466e+00
9.903775268418274209e+03,3.860931301573925278e+00
9.903775291315239883e+03,3.860931351388165123e+00
9.903775314212205558e+03,3.860931401202643443e+00
9.903775337109171232e+03,3.860931451017361571e+00
9.903775360006135088e+03,3.860931500832312846e+00
9.903775382903100763e+03,3.860931550647507926e+00
9.903775405800066437e+03,3.860931600462940150e+00
9.903775428697032112e+03,3.860931650278610405e+00
9.903775451593997786e+03,3.860931700094518693e+00
9.903775474490963461e+03,3.860931749910663680e+00
9.903775497387929136e+03,3.860931799727046698e+00
9.903775520284894810e+03,3.860931849543666861e+00
9.903775543181860485e+03,3.860931899360523722e+00
9.903775566078826159e+03,3.860931949177617728e+00
9.903775588975791834e+03,3.860931998994948877e+00
9.903775611872757509e+03,3.860932048812515838e+00
9.903775634769723183e+03,3.860932098630319942e+00
9.903775657666688858e+03,3.860932148448359413e+00
9.903775680563654532e+03,3.860932198266634696e+00
9.903775703460620207e+03,3.860932248085146679e+00
9.903775726357585881e+03,3.860932297903893584e+00
9.903775749254551556e+03,3.860932347722875857e+00
9.903775772151517231e+03,3.860932397542094385e+00
9.903775795048482905e+03,3.860932447361547393e+00
9.903775817945448580e+03,3.860932497181235323e+00
9.903775840842414254e+03,3.860932547001157733e+00
9.903775863739379929e+03,3.860932596821314622e+00
9.903775886636345604e+03,3.860932646641705990e+00
9.903775909533311278e+03,3.860932696462332725e+00
9.903775932430276953e+03,3.860932746283192163e+00
9.903775955327242627e+03,3.860932796104285636e+00
9.903775978224208302e+03,3.860932845925613144e+00
9.903776001121173977e+03,3.860932895747174687e+00
9.903776024018139651e+03,3.860932945568968488e+00
9.903776046915105326e+03,3.860932995390996325e+00
9.903776069812071000e+03,3.860933045213256865e+00
9.903776092709036675e+03,3.860933095035750107e+00
9.903776115606002350e+03,3.860933144858476496e+00
9.903776138502968024e+03,3.860933194681434255e+00
9.903776161399931880e+03,3.860933244504620721e+00
9.903776184296897554e+03,3.860933294328043885e+00
9.903776207193863229e+03,3.860933344151698865e+00
9.903776230090828903e+03,3.860933393975584771e+00
9.903776252987794578e+03,3.860933443799703380e+00
9.903776275884760253e+03,3.860933493624052915e+00
9.903776298781725927e+03,3.860933543448633376e+00
9.903776321678691602e+03,3.860933593273445208e+00
9.903776344575657276e+03,3.860933643098487522e+00
9.903776367472622951e+03,3.860933692923761207e+00
9.903776390369588626e+03,3.860933742749264930e+00
9.903776413266554300e+03,3.860933792574998691e+00
9.903776436163519975e+03,3.860933842400963378e+00
9.903776459060485649e+03,3.860933892227157660e+00
9.903776481957451324e+03,3.860933942053582868e+00
9.903776504854416999e+03,3.860933991880236338e+00
9.903776527751382673e+03,3.860934041707119846e+00
9.903776550648348348e+03,3.860934091534232060e+00
9.903776573545314022e+03,3.860934141361574312e+00
9.903776596442279697e+03,3.860934191189145270e+00
9.903776619339245372e+03,3.860934241016944046e+00
9.903776642236211046e+03,3.860934290844972416e+00
9.903776665133176721e+03,3.860934340673229048e+00
9.903776688030142395e+03,3.860934390501713498e+00
9.903776710927108070e+03,3.860934440330426209e+00
9.903776733824073744e+03,3.860934490159366739e+00
9.903776756721039419e+03,3.860934539988535530e+00
9.903776779618005094e+03,3.860934589817932139e+00
9.903776802514970768e+03,3.860934639647554789e+00
9.903776825411936443e+03,3.860934689477405701e+00
9.903776848308902117e+03,3.860934739307482655e+00
9.903776871205867792e+03,3.860934789137787870e+00
9.903776894102833467e+03,3.860934838968318239e+00
9.903776916999799141e+03,3.860934888799075981e+00
9.903776939896764816e+03,3.860934938630060209e+00
9.903776962793728671e+03,3.860934988461266038e+00
9.903776985690694346e+03,3.860935038292701460e+00
9.903777008587660021e+03,3.860935088124363812e+00
9.903777031484625695e+03,3.860935137956250873e+00
9.903777054381591370e+03,3.860935187788363976e+00
9.903777077278557044e+03,3.860935237620702232e+00
9.903777100175522719e+03,3.860935287453264753e+00
9.903777123072488394e+03,3.860935337286052871e+00
9.903777145969454068e+03,3.860935387119065698e+00
9.903777168866419743e+03,3.860935436952303235e+00
9.903777191763385417e+03,3.860935486785764148e+00
9.903777214660351092e+03,3.860935536619450659e+00
9.903777237557316766e+03,3.860935586453360102e+00
9.903777260454282441e+03,3.860935636287493811e+00
9.903777283351248116e+03,3.860935686121851340e+00
9.903777306248213790e+03,3.860935735956431802e+00
9.903777329145179465e+03,3.860935785791236086e+00
9.903777352042145139e+03,3.860935835626264190e+00
9.903777374939110814e+03,3.860935885461513895e+00
9.903777397836076489e+03,3.860935935296986532e+00
9.903777420733042163e+03,3.860935985132682990e+00
9.903777443630007838e+03,3.860936034968600605e+00
9.903777466526973512e+03,3.860936084804741153e+00
9.903777489423939187e+03,3.860936134641103745e+00
9.903777512320904862e+03,3.860936184477687938e+00
9.903777535217870536e+03,3.860936234314494619e+00
9.903777558114836211e+03,3.860936284151522013e+00
9.903777581011801885e+03,3.860936333988771452e+00
9.903777603908767560e+03,3.860936383826241602e+00
9.903777626805733235e+03,3.860936433663933354e+00
9.903777649702698909e+03,3.860936483501845373e+00
9.903777672599664584e+03,3.860936533339978549e+00
9.903777695496630258e+03,3.860936583178331105e+00
9.903777718393595933e+03,3.860936633016905262e+00
9.903777741290559788e+03,3.860936682855694801e+00
9.903777764187525463e+03,3.860936732694709494e+00
9.903777787084491138e+03,3.860936782533943123e+00
9.903777809981456812e+03,3.860936832373396133e+00
9.903777832878422487e+03,3.860936882213068966e+00
9.903777855775388161e+03,3.860936932052961179e+00
9.903777878672353836e+03,3.860936981893071884e+00
9.903777901569319511e+03,3.860937031733401970e+00
9.903777924466285185e+03,3.860937081573950547e+00
9.903777947363250860e+03,3.860937131414718504e+00
9.903777970260216534e+03,3.860937181255704509e+00
9.903777993157182209e+03,3.860937231096907674e+00
9.903778016054147884e+03,3.860937280938329774e+00
9.903778038951113558e+03,3.860937330779969479e+00
9.903778061848079233e+03,3.860937380621827231e+00
9.903778084745044907e+03,3.860937430463902142e+00
9.903778107642010582e+03,3.860937480306195102e+00
9.903778130538976257e+03,3.860937530148704777e+00
9.903778153435941931e+03,3.860937579991431612e+00
9.903778176332907606e+03,3.860937629834375162e+00
9.903778199229873280e+03,3.860937679677534540e+00
9.903778222126838955e+03,3.860937729520910633e+00
9.903778245023804629e+03,3.860937779364503886e+00
9.903778267920770304e+03,3.860937829208312966e+00
9.903778290817735979e+03,3.860937879052337429e+00
9.903778313714701653e+03,3.860937928896578608e+00
9.903778336611667328e+03,3.860937978741034726e+00
9.903778359508633002e+03,3.860938028585706228e+00
9.903778382405598677e+03,3.860938078430592668e+00
9.903778405302564352e+03,3.860938128275694492e+00
9.903778428199530026e+03,3.860938178121011255e+00
9.903778451096495701e+03,3.860938227966542513e+00
9.903778473993461375e+03,3.860938277812288710e+00
9.903778496890427050e+03,3.860938327658249403e+00
9.903778519787392725e+03,3.860938377504423258e+00
9.903778542684356580e+03,3.860938427350808055e+00
9.903778565581322255e+03,3.860938477197410457e+00
9.903778588478287929e+03,3.860938527044226465e+00
9.903778611375253604e+03,3.860938576891256080e+00
9.903778634272219279e+03,3.860938626738498858e+00
9.903778657169184953e+03,3.860938676585953910e+00
9.903778680066150628e+03,3.860938726433623014e+00
9.903778702963116302e+03,3.860938776281504392e+00
9.903778725860081977e+03,3.860938826129598933e+00
9.903778748757047651e+03,3.860938875977905305e+00
9.903778771654013326e+03,3.860938925826423507e+00
9.903778794550979001e+03,3.860938975675154428e+00
9.903778817447944675e+03,3.860939025524097623e+00
9.903778840344910350e+03,3.860939075373252205e+00
9.903778863241876024e+03,3.860939125222618173e+00
9.903778886138841699e+03,3.860939175072195528e+00
9.903778909035807374e+03,3.860939224921983826e+00
9.903778931932773048e+03,3.860939274771983509e+00
9.903778954829738723e+03,3.860939324622193691e+00
9.903778977726704397e+03,3.860939374472614372e+00
9.903779000623670072e+03,3.860939424323246438e+00
9.903779023520635747e+03,3.860939474174088559e+00
9.903779046417601421e+03,3.860939524025140290e+00
9.903779069314567096e+03,3.860939573876402076e+00
9.903779092211532770e+03,3.860939623727873915e+00
9.903779115108498445e+03,3.860939673579554920e+00
9.903779138005464119e+03,3.860939723431445980e+00
9.903779160902429794e+03,3.860939773283545318e+00
9.903779183799395469e+03,3.860939823135854709e+00
9.903779206696361143e+03,3.860939872988371935e+00
9.903779229593326818e+03,3.860939922841098770e+00
9.903779252490292492e+03,3.860939972694034772e+00
9.903779275387258167e+03,3.860940022547178163e+00
9.903779298284223842e+03,3.860940072400529388e+00
9.903779321181189516e+03,3.860940122254089335e+00
9.903779344078153372e+03,3.860940172107853119e+00
9.903779366975119046e+03,3.860940221961827845e+00
9.903779389872084721e+03,3.860940271816010849e+00
9.903779412769050396e+03,3.860940321670401243e+00
9.903779435666016070e+03,3.860940371524998138e+00
9.903779458562981745e+03,3.860940421379802423e+00
9.903779481459947419e+03,3.860940471234813653e+00
9.903779504356913094e+03,3.860940521090030941e+00
9.903779527253878769e+03,3.860940570945455175e+00
9.903779550150844443e+03,3.860940620801085021e+00
9.903779573047810118e+03,3.860940670656921370e+00
9.903779595944775792e+03,3.860940720512963331e+00
9.903779618841741467e+03,3.860940770369211794e+00
9.903779641738707141e+03,3.860940820225665426e+00
9.903779664635672816e+03,3.860940870082323784e+00
9.903779687532638491e+03,3.860940919939187754e+00
9.903779710429604165e+03,3.860940969796257782e+00
9.903779733326569840e+03,3.860941019653531203e+00
9.903779756223535514e+03,3.860941069511010237e+00
9.903779779120501189e+03,3.860941119368693553e+00
9.903779802017466864e+03,3.860941169226581149e+00
9.903779824914432538e+03,3.860941219084672582e+00
9.903779847811398213e+03,3.860941268942967852e+00
9.903779870708363887e+03,3.860941318801467403e+00
9.903779893605329562e+03,3.860941368660169903e+00
9.903779916502295237e+03,3.860941418519076684e+00
9.903779939399260911e+03,3.860941468378186414e+00
9.903779962296226586e+03,3.860941518237499093e+00
9.903779985193192260e+03,3.860941568097015164e+00
9.903780008090157935e+03,3.860941617956733296e+00
9.903780030987123610e+03,3.860941667816653933e+00
9.903780053884089284e+03,3.860941717676777518e+00
9.903780076781054959e+03,3.860941767537103608e+00
9.903780099678020633e+03,3.860941817397631315e+00
9.903780122574986308e+03,3.860941867258360638e+00
9.903780145471950163e+03,3.860941917119287581e+00
9.903780168368915838e+03,3.860941966980420137e+00
9.903780191265881513e+03,3.860942016841754310e+00
9.903780214162847187e+03,3.860942066703289655e+00
9.903780237059812862e+03,3.860942116565025728e+00
9.903780259956778536e+03,3.860942166426962974e+00
9.903780282853744211e+03,3.860942216289100060e+00
9.903780305750709886e+03,3.860942266151438762e+00
9.903780328647675560e+03,3.860942316013976860e+00
9.903780351544641235e+03,3.860942365876714799e+00
9.903780374441606909e+03,3.860942415739653466e+00
9.903780397338572584e+03,3.860942465602791529e+00
9.903780420235538259e+03,3.860942515466129432e+00
9.903780443132503933e+03,3.860942565329666287e+00
9.903780466029469608e+03,3.860942615193402982e+00
9.903780488926435282e+03,3.860942665057338186e+00
9.903780511823400957e+03,3.860942714921472341e+00
9.903780534720366632e+03,3.860942764785805448e+00
9.903780557617332306e+03,3.860942814650336619e+00
9.903780580514297981e+03,3.860942864515066297e+00
9.903780603411263655e+03,3.860942914379994484e+00
9.903780626308229330e+03,3.860942964245120290e+00
9.903780649205195004e+03,3.860943014110443272e+00
9.903780672102160679e+03,3.860943063975965206e+00
9.903780694999126354e+03,3.860943113841684315e+00
9.903780717896092028e+03,3.860943163707599712e+00
9.903780740793057703e+03,3.860943213573712729e+00
9.903780763690023377e+03,3.860943263440023365e+00
9.903780786586989052e+03,3.860943313306529845e+00
9.903780809483954727e+03,3.860943363173233944e+00
9.903780832380920401e+03,3.860943413040132999e+00
9.903780855277886076e+03,3.860943462907229673e+00
9.903780878174851750e+03,3.860943512774521302e+00
9.903780901071817425e+03,3.860943562642009663e+00
9.903780923968783100e+03,3.860943612509693423e+00
9.903780946865746955e+03,3.860943662377569030e+00
9.903780969762712630e+03,3.860943712245643145e+00
9.903780992659678304e+03,3.860943762113913102e+00
9.903781015556643979e+03,3.860943811982377571e+00
9.903781038453609654e+03,3.860943861851037440e+00
9.903781061350575328e+03,3.860943911719891819e+00
9.903781084247541003e+03,3.860943961588939821e+00
9.903781107144506677e+03,3.860944011458183223e+00
9.903781130041472352e+03,3.860944061327620691e+00
9.903781152938438026e+03,3.860944111197251782e+00
9.903781175835403701e+03,3.860944161067076497e+00
9.903781198732369376e+03,3.860944210937094834e+00
9.903781221629335050e+03,3.860944260807306794e+00
9.903781244526300725e+03,3.860944310677711933e+00
9.903781267423266399e+03,3.860944360548309806e+00
9.903781290320232074e+03,3.860944410419100414e+00
9.903781313217197749e+03,3.860944460290084645e+00
9.903781336114163423e+03,3.860944510161260279e+00
9.903781359011129098e+03,3.860944560032629536e+00
9.903781381908094772e+03,3.860944609904189750e+00
9.903781404805060447e+03,3.860944659775943144e+00
9.903781427702026122e+03,3.860944709647887496e+00
9.903781450598991796e+03,3.860944759520023695e+00
9.903781473495957471e+03,3.860944809392351296e+00
9.903781496392923145e+03,3.860944859264870743e+00
9.903781519289888820e+03,3.860944909137580261e+00
9.903781542186854495e+03,3.860944959010481181e+00
9.903781565083820169e+03,3.860945008883573504e+00
9.903781587980785844e+03,3.860945058756855452e+00
9.903781610877751518e+03,3.860945108630329248e+00
9.903781633774717193e+03,3.860945158503992225e+00
9.903781656671682867e+03,3.860945208377845272e+00
9.903781679568648542e+03,3.860945258251887946e+00
9.903781702465614217e+03,3.860945308126120690e+00
9.903781725362579891e+03,3.860945358000543060e+00
9.903781748259543747e+03,3.860945407875151503e+00
9.903781771156509421e+03,3.860945457749952681e+00
9.903781794053475096e+03,3.860945507624942152e+00
9.903781816950440771e+03,3.860945557500120362e+00
9.903781839847406445e+03,3.860945607375488198e+00
9.903781862744372120e+03,3.860945657251043439e+00
9.903781885641337794e+03,3.860945707126788307e+00
9.903781908538303469e+03,3.860945757002720136e+00
9.903781931435269144e+03,3.860945806878841147e+00
9.903781954332234818e+03,3.860945856755149119e+00
9.903781977229200493e+03,3.860945906631644942e+00
9.903782000126166167e+03,3.860945956508327725e+00
9.903782023023131842e+03,3.860946006385197915e+00
9.903782045920097517e+03,3.860946056262255954e+00
9.903782068817063191e+03,3.860946106139499623e+00
9.903782091714028866e+03,3.860946156016930697e+00
9.903782114610994540e+03,3.860946205894548289e+00
9.903782137507960215e+03,3.860946255772352842e+00
9.903782160404925889e+03,3.860946305650342580e+00
9.903782183301891564e+03,3.860946355528518836e+00
9.903782206198857239e+03,3.860946405406880722e+00
9.903782229095822913e+03,3.860946455285429124e+00
9.903782251992788588e+03,3.860946505164161824e+00
9.903782274889754262e+03,3.860946555043080597e+00
9.903782297786719937e+03,3.860946604922184111e+00
9.903782320683685612e+03,3.860946654801472810e+00
9.903782343580651286e+03,3.860946704680946251e+00
9.903782366477616961e+03,3.860946754560603988e+00
9.903782389374582635e+03,3.860946804440446911e+00
9.903782412271548310e+03,3.860946854320473687e+00
9.903782435168513985e+03,3.860946904200684315e+00
9.903782458065479659e+03,3.860946954081079241e+00
9.903782480962445334e+03,3.860947003961657131e+00
9.903782503859411008e+03,3.860947053842419763e+00
9.903782526756376683e+03,3.860947103723364915e+00
9.903782549653340538e+03,3.860947153604489923e+00
9.903782572550306213e+03,3.860947203485801005e+00
9.903782595447271888e+03,3.860947253367295495e+00
9.903782618344237562e+03,3.860947303248973395e+00
9.903782641241203237e+03,3.860947353130832926e+00
9.903782664138168911e+03,3.860947403012874091e+00
9.903782687035134586e+03,3.860947452895099108e+00
9.903782709932100261e+03,3.860947502777504425e+00
9.903782732829065935e+03,3.860947552660092708e+00
9.903782755726031610e+03,3.860947602542861734e+00
9.903782778622997284e+03,3.860947652425813281e+00
9.903782801519962959e+03,3.860947702308945573e+00
9.903782824416928634e+03,3.860947752192259053e+00
9.903782847313894308e+03,3.860947802075753277e+00
9.903782870210859983e+03,3.860947851959428245e+00
9.903782893107825657e+03,3.860947901843283070e+00
9.903782916004791332e+03,3.860947951727319083e+00
9.903782938901757007e+03,3.860948001611535840e+00
9.903782961798722681e+03,3.860948051495931566e+00
9.903782984695688356e+03,3.860948101380507147e+00
9.903783007592654030e+03,3.860948151265263029e+00
9.903783030489619705e+03,3.860948201150198322e+00
9.903783053386585379e+03,3.860948251035313028e+00
9.903783076283551054e+03,3.860948300920606258e+00
9.903783099180516729e+03,3.860948350806079787e+00
9.903783122077482403e+03,3.860948400691730953e+00
9.903783144974448078e+03,3.860948450577561086e+00
9.903783167871413752e+03,3.860948500463569744e+00
9.903783190768379427e+03,3.860948550349756481e+00
9.903783213665345102e+03,3.860948600236121742e+00
9.903783236562310776e+03,3.860948650122663750e+00
9.903783259459276451e+03,3.860948700009385171e+00
9.903783282356242125e+03,3.860948749896282894e+00
9.903783305253207800e+03,3.860948799783359142e+00
9.903783328150173475e+03,3.860948849670611693e+00
9.903783351047137330e+03,3.860948899558037439e+00
9.903783373944103005e+03,3.860948949445643930e+00
9.903783396841068679e+03,3.860948999333427167e+00
9.903783419738034354e+03,3.860949049221387153e+00
9.903783442635000029e+03,3.860949099109523441e+00
9.903783465531965703e+03,3.860949148997836478e+00
9.903783488428931378e+03,3.860949198886324041e+00
9.903783511325897052e+03,3.860949248774988352e+00
9.903783534222862727e+03,3.860949298663828522e+00
9.903783557119828401e+03,3.860949348552843219e+00
9.903783580016794076e+03,3.860949398442033775e+00
9.903783602913759751e+03,3.860949448331400191e+00
9.903783625810725425e+03,3.860949498220940690e+00
9.903783648707691100e+03,3.860949548110655716e+00
9.903783671604656774e+03,3.860949598000545713e+00
9.903783694501622449e+03,3.860949647890610681e+00
9.903783717398588124e+03,3.860949697780848844e+00
9.903783740295553798e+03,3.860949747671261534e+00
9.903783763192519473e+03,3.860949797561847419e+00
9.903783786089485147e+03,3.860949847452608275e+00
9.903783808986450822e+03,3.860949897343541437e+00
9.903783831883416497e+03,3.860949947234648683e+00
9.903783854780382171e+03,3.860949997125929123e+00
9.903783877677347846e+03,3.860950047017382314e+00
9.903783900574313520e+03,3.860950096909008256e+00
9.903783923471279195e+03,3.860950146800806948e+00
9.903783946368244870e+03,3.860950196692777947e+00
9.903783969265210544e+03,3.860950246584921697e+00
9.903783992162176219e+03,3.860950296477237309e+00
9.903784015059141893e+03,3.860950346369725228e+00
9.903784037956107568e+03,3.860950396262383677e+00
9.903784060853073242e+03,3.860950446155214433e+00
9.903784083750038917e+03,3.860950496048217051e+00
9.903784106647004592e+03,3.860950545941390644e+00
9.903784129543970266e+03,3.860950595834734766e+00
9.903784152440934122e+03,3.860950645728247199e+00
9.903784175337899796e+03,3.860950695621932383e+00
9.903784198234865471e+03,3.860950745515789428e+00
9.903784221131831146e+03,3.860950795409816561e+00
9.903784244028796820e+03,3.860950845304013779e+00
9.903784266925762495e+03,3.860950895198380639e+00
9.903784289822728169e+03,3.860950945092918030e+00
9.903784312719693844e+03,3.860950994987624174e+00
9.903784335616659519e+03,3.860951044882500849e+00
9.903784358513625193e+03,3.860951094777545833e+00
9.903784381410590868e+03,3.860951144672760016e+00
9.903784404307556542e+03,3.860951194568144285e+00
9.903784427204522217e+03,3.860951244463696419e+00
9.903784450101487892e+03,3.860951294359416863e+00
9.903784472998453566e+03,3.860951344255306950e+00
9.903784495895419241e+03,3.860951394151364013e+00
9.903784518792384915e+03,3.860951444047589831e+00
9.903784541689350590e+03,3.860951493943982626e+00
9.903784564586316264e+03,3.860951543840543732e+00
9.903784587483281939e+03,3.860951593737272702e+00
9.903784610380247614e+03,3.860951643634169095e+00
9.903784633277213288e+03,3.860951693531232465e+00
9.903784656174178963e+03,3.860951743428461924e+00
9.903784679071144637e+03,3.860951793325859693e+00
9.903784701968110312e+03,3.860951843223423552e+00
9.903784724865075987e+03,3.860951893121153500e+00
9.903784747762041661e+03,3.860951943019049981e+00
9.903784770659007336e+03,3.860951992917112996e+00
9.903784793555973010e+03,3.860952042815340768e+00
9.903784816452938685e+03,3.860952092713735517e+00
9.903784839349904360e+03,3.860952142612295468e+00
9.903784862246870034e+03,3.860952192511020620e+00
9.903784885143835709e+03,3.860952242409911417e+00
9.903784908040801383e+03,3.860952292308967415e+00
9.903784930937767058e+03,3.860952342208188171e+00
9.903784953834730914e+03,3.860952392107569242e+00
9.903784976731696588e+03,3.860952442007119068e+00
9.903784999628662263e+03,3.860952491906833206e+00
9.903785022525627937e+03,3.860952541806711658e+00
9.903785045422593612e+03,3.860952591706754422e+00
9.903785068319559286e+03,3.860952641606960611e+00
9.903785091216524961e+03,3.860952691507329781e+00
9.903785114113490636e+03,3.860952741407863709e+00
9.903785137010456310e+03,3.860952791308560617e+00
9.903785159907421985e+03,3.860952841209420061e+00
9.903785182804387659e+03,3.860952891110443375e+00
9.903785205701353334e+03,3.860952941011628337e+00
9.903785228598319009e+03,3.860952990912976723e+00
9.903785251495284683e+03,3.860953040814487647e+00
9.903785274392250358e+03,3.860953090716160663e+00
9.903785297289216032e+03,3.860953140617995327e+00
9.903785320186181707e+03,3.860953190519992528e+00
9.903785343083147382e+03,3.860953240422150490e+00
9.903785365980113056e+03,3.860953290324470544e+00
9.903785388877078731e+03,3.860953340226952690e+00
9.903785411774044405e+03,3.860953390129595153e+00
9.903785434671010080e+03,3.860953440032398376e+00
9.903785457567975755e+03,3.860953489935363248e+00
9.903785480464941429e+03,3.860953539838488879e+00
9.903785503361907104e+03,3.860953589741773939e+00
9.903785526258872778e+03,3.860953639645220647e+00
9.903785549155838453e+03,3.860953689548826340e+00
9.903785572052804127e+03,3.860953739452592348e+00
9.903785594949769802e+03,3.860953789356518673e+00
9.903785617846735477e+03,3.860953839260604425e+00
9.903785640743701151e+03,3.860953889164848718e+00
9.903785663640666826e+03,3.860953939069253327e+00
9.903785686537632500e+03,3.860953988973816475e+00
9.903785709434598175e+03,3.860954038878539052e+00
9.903785732331563850e+03,3.860954088783419724e+00
9.903785755228527705e+03,3.860954138688454940e+00
9.903785778125493380e+03,3.860954188593653136e+00
9.903785801022459054e+03,3.860954238499009428e+00
9.903785823919424729e+03,3.860954288404522927e+00
9.903785846816390404e+03,3.860954338310195411e+00
9.903785869713356078e+03,3.860954388216024658e+00
9.903785892610321753e+03,3.860954438122012444e+00
9.903785915507287427e+03,3.860954488028156995e+00
9.903785938404253102e+03,3.860954537934458308e+00
9.903785961301218776e+03,3.860954587840916385e+00
9.903785984198184451e+03,3.860954637747531670e+00
9.903786007095150126e+03,3.860954687654303719e+00
9.903786029992115800e+03,3.860954737561232530e+00
9.903786052889081475e+03,3.860954787468317662e+00
9.903786075786047149e+03,3.860954837375558224e+00
9.903786098683012824e+03,3.860954887282954218e+00
9.903786121579978499e+03,3.860954937190506975e+00
9.903786144476944173e+03,3.860954987098215163e+00
9.903786167373909848e+03,3.860955037006078339e+00
9.903786190270875522e+03,3.860955086914096501e+00
9.903786213167841197e+03,3.860955136822270983e+00
9.903786236064806872e+03,3.860955186730599564e+00
9.903786258961772546e+03,3.860955236639082244e+00
9.903786281858738221e+03,3.860955286547720355e+00
9.903786304755703895e+03,3.860955336456511677e+00
9.903786327652669570e+03,3.860955386365457986e+00
9.903786350549635245e+03,3.860955436274557950e+00
9.903786373446600919e+03,3.860955486183812457e+00
9.903786396343566594e+03,3.860955536093219287e+00
9.903786419240532268e+03,3.860955586002780215e+00
9.903786442137497943e+03,3.860955635912494799e+00
9.903786465034463617e+03,3.860955685822361705e+00
9.903786487931429292e+03,3.860955735732382266e+00
9.903786510828394967e+03,3.860955785642555593e+00
9.903786533725360641e+03,3.860955835552881243e+00
9.903786556622324497e+03,3.860955885463354775e+00
9.903786579519290171e+03,3.860955935373985071e+00
9.903786602416255846e+03,3.860955985284767245e+00
9.903786625313221521e+03,3.860956035195700853e+00
9.903786648210187195e+03,3.860956085106786784e+00
9.903786671107152870e+03,3.860956135018024149e+00
9.903786694004118544e+03,3.860956184929412949e+00
9.903786716901084219e+03,3.860956234840952295e+00
9.903786739798049894e+03,3.860956284752643075e+00
9.903786762695015568e+03,3.860956334664485290e+00
9.903786785591981243e+03,3.860956384576477163e+00
9.903786808488946917e+03,3.860956434488620026e+00
9.903786831385912592e+03,3.860956484400912547e+00
9.903786854282878267e+03,3.860956534313355171e+00
9.903786877179843941e+03,3.860956584225947896e+00
9.903786900076809616e+03,3.860956634138690724e+00
9.903786922973775290e+03,3.860956684051583654e+00
9.903786945870740965e+03,3.860956733964624465e+00
9.903786968767706639e+03,3.860956783877815823e+00
9.903786991664672314e+03,3.860956833791155951e+00
9.903787014561637989e+03,3.860956883704644405e+00
9.903787037458603663e+03,3.860956933618282072e+00
9.903787060355569338e+03,3.860956983532067621e+00
9.903787083252535012e+03,3.860957033446001940e+00
9.903787106149500687e+03,3.860957083360084141e+00
9.903787129046466362e+03,3.860957133274315112e+00
9.903787151943432036e+03,3.860957183188693076e+00
9.903787174840397711e+03,3.860957233103219810e+00
9.903787197737363385e+03,3.860957283017892649e+00
9.903787220634329060e+03,3.860957332932712927e+00
9.903787243531294735e+03,3.860957382847681085e+00
9.903787266428260409e+03,3.860957432762795349e+00
9.903787289325226084e+03,3.860957482678057051e+00
9.903787312222191758e+03,3.860957532593465746e+00
9.903787335119157433e+03,3.860957582509019659e+00
9.903787358016121289e+03,3.860957632424716124e+00
9.903787380913086963e+03,3.860957682340563579e+00
9.903787403810052638e+03,3.860957732256555364e+00
9.903787426707018312e+03,3.860957782172694142e+00
9.903787449603983987e+03,3.860957832088977693e+00
9.903787472500949661e+03,3.860957882005406905e+00
9.903787495397915336e+03,3.860957931921981334e+00
9.903787518294881011e+03,3.860957981838700093e+00
9.903787541191846685e+03,3.860958031755564956e+00
9.903787564088812360e+03,3.860958081672573261e+00
9.903787586985778034e+03,3.860958131589726339e+00
9.903787609882743709e+03,3.860958181507023745e+00
9.903787632779709384e+03,3.860958231424465037e+00
9.903787655676675058e+03,3.860958281342050658e+00
9.903787678573640733e+03,3.860958331259780163e+00
9.903787701470606407e+03,3.860958381177653109e+00
9.903787724367572082e+03,3.860958431095669496e+00
9.903787747264537757e+03,3.860958481013829324e+00
9.903787770161503431e+03,3.860958530932131261e+00
9.903787793058469106e+03,3.860958580850577526e+00
9.903787815955434780e+03,3.860958630769165012e+00
9.903787838852400455e+03,3.860958680687895495e+00
9.903787861749366130e+03,3.860958730606768530e+00
9.903787884646331804e+03,3.860958780525783673e+00
9.903787907543297479e+03,3.860958830444941370e+00
9.903787930440263153e+03,3.860958880364240287e+00
9.903787953337228828e+03,3.860958930283681312e+00
9.903787976234194502e+03,3.860958980203263113e+00
9.903787999131160177e+03,3.860959030122986135e+00
9.903788022028125852e+03,3.860959080042850822e+00
9.903788044925091526e+03,3.860959129962857173e+00
9.903788067822057201e+03,3.860959179883002967e+00
9.903788090719022875e+03,3.860959229803289983e+00
9.903788113615988550e+03,3.860959279723716886e+00
9.903788136512954225e+03,3.860959329644284121e+00
9.903788159409918080e+03,3.860959379564988136e+00
9.903788182306883755e+03,3.860959429485836036e+00
9.903788205203849429e+03,3.860959479406822492e+00
9.903788228100815104e+03,3.860959529327949724e+00
9.903788250997780779e+03,3.860959579249215512e+00
9.903788273894746453e+03,3.860959629170620300e+00
9.903788296791712128e+03,3.860959679092164976e+00
9.903788319688677802e+03,3.860959729013847763e+00
9.903788342585643477e+03,3.860959778935669107e+00
9.903788365482609152e+03,3.860959828857629450e+00
9.903788388379574826e+03,3.860959878779728349e+00
9.903788411276540501e+03,3.860959928701964916e+00
9.903788434173506175e+03,3.860959978624339151e+00
9.903788457070471850e+03,3.860960028546851497e+00
9.903788479967437524e+03,3.860960078469501511e+00
9.903788502864403199e+03,3.860960128392289192e+00
9.903788525761368874e+03,3.860960178315213653e+00
9.903788548658334548e+03,3.860960228238274450e+00
9.903788571555300223e+03,3.860960278161473358e+00
9.903788594452265897e+03,3.860960328084808602e+00
9.903788617349231572e+03,3.860960378008280625e+00
9.903788640246197247e+03,3.860960427931888539e+00
9.903788663143162921e+03,3.860960477855632345e+00
9.903788686040128596e+03,3.860960527779512930e+00
9.903788708937094270e+03,3.860960577703529406e+00
9.903788731834059945e+03,3.860960627627681330e+00
9.903788754731025620e+03,3.860960677551968701e+00
9.903788777627991294e+03,3.860960727476390630e+00
9.903788800524956969e+03,3.860960777400948896e+00
9.903788823421922643e+03,3.860960827325640832e+00
9.903788846318888318e+03,3.860960877250469103e+00
9.903788869215853993e+03,3.860960927175431046e+00
9.903788892112819667e+03,3.860960977100526659e+00
9.903788915009785342e+03,3.860961027025757719e+00
9.903788937906751016e+03,3.860961076951122450e+00
9.903788960803714872e+03,3.860961126876617744e+00
9.903788983700680546e+03,3.860961176802249817e+00
9.903789006597646221e+03,3.860961226728016005e+00
9.903789029494611896e+03,3.860961276653914531e+00
9.903789052391577570e+03,3.860961326579947173e+00
9.903789075288543245e+03,3.860961376506112597e+00
9.903789098185508919e+03,3.860961426432410803e+00
9.903789121082474594e+03,3.860961476358841793e+00
9.903789143979440269e+03,3.860961526285405565e+00
9.903789166876405943e+03,3.860961576212101676e+00
9.903789189773371618e+03,3.860961626138929681e+00
9.903789212670337292e+03,3.860961676065889581e+00
9.903789235567302967e+03,3.860961725992980487e+00
9.903789258464268642e+03,3.860961775920203731e+00
9.903789281361234316e+03,3.860961825847558870e+00
9.903789304258199991e+03,3.860961875775045016e+00
9.903789327155165665e+03,3.860961925702661279e+00
9.903789350052131340e+03,3.860961975630409881e+00
9.903789372949097014e+03,3.860962025558287714e+00
9.903789395846062689e+03,3.860962075486297884e+00
9.903789418743028364e+03,3.860962125414436841e+00
9.903789441639994038e+03,3.860962175342706804e+00
9.903789464536959713e+03,3.860962225271106441e+00
9.903789487433925387e+03,3.860962275199635751e+00
9.903789510330891062e+03,3.860962325128295625e+00
9.903789533227856737e+03,3.860962375057083396e+00
9.903789556124822411e+03,3.860962424986002173e+00
9.903789579021788086e+03,3.860962474915049292e+00
9.903789601918753760e+03,3.860962524844225641e+00
9.903789624815719435e+03,3.860962574773530775e+00
9.903789647712685110e+03,3.860962624702963364e+00
9.903789670609650784e+03,3.860962674632525626e+00
9.903789693506616459e+03,3.860962724562216231e+00
9.903789716403582133e+03,3.860962774492034733e+00
9.903789739300547808e+03,3.860962824421980688e+00
9.903789762197511664e+03,3.860962874352050545e+00
9.903789785094477338e+03,3.860962924282251851e+00
9.903789807991443013e+03,3.860962974212580168e+00
9.903789830888408687e+03,3.860963024143036382e+00
9.903789853785374362e+03,3.860963074073619605e+00
9.903789876682340036e+03,3.860963124004330282e+00
9.903789899579305711e+03,3.860963173935166193e+00
9.903789922476271386e+03,3.860963223866129557e+00
9.903789945373237060e+03,3.860963273797219042e+00
9.903789968270202735e+03,3.860963323728434649e+00
9.903789991167168409e+03,3.860963373659776376e+00
9.903790014064134084e+03,3.860963423591242893e+00
9.903790036961099759e+03,3.860963473522836420e+00
9.903790059858065433e+03,3.860963523454554291e+00
9.903790082755031108e+03,3.860963573386398284e+00
9.903790105651996782e+03,3.860963623318367066e+00
9.903790128548962457e+03,3.860963673250460637e+00
9.903790151445928132e+03,3.860963723182678997e+00
9.903790174342893806e+03,3.860963773115021702e+00
9.903790197239859481e+03,3.860963823047489196e+00
9.903790220136825155e+03,3.860963872980080591e+00
9.903790243033790830e+03,3.860963922912795887e+00
9.903790265930756505e+03,3.860963972845635084e+00
9.903790288827722179e+03,3.860964022778598181e+00
9.903790311724687854e+03,3.860964072711684736e+00
9.903790334621653528e+03,3.860964122644895191e+00
9.903790357518619203e+03,3.860964172578227771e+00
9.903790380415584877e+03,3.860964222511683808e+00
9.903790403312550552e+03,3.860964272445262413e+00
9.903790426209516227e+03,3.860964322378963587e+00
9.903790449106481901e+03,3.860964372312787329e+00
9.903790472003447576e+03,3.860964422246733641e+00
9.903790494900413250e+03,3.860964472180802076e+00
9.903790517797378925e+03,3.860964522114991748e+00
9.903790540694344600e+03,3.860964572049303989e+00
9.903790563591308455e+03,3.860964621983733025e+00
9.903790586488274130e+03,3.860964671918287738e+00
9.903790609385239804e+03,3.860964721852963688e+00
9.903790632282205479e+03,3.860964771787761318e+00
9.903790655179171154e+03,3.860964821722678852e+00
9.903790678076136828e+03,3.860964871657717179e+00
9.903790700973102503e+03,3.860964921592876298e+00
9.903790723870068177e+03,3.860964971528155321e+00
9.903790746767033852e+03,3.860965021463555580e+00
9.903790769663999527e+03,3.860965071399074855e+00
9.903790792560965201e+03,3.860965121334714034e+00
9.903790815457930876e+03,3.860965171270473117e+00
9.903790838354896550e+03,3.860965221206351217e+00
9.903790861251862225e+03,3.860965271142348776e+00
9.903790884148827899e+03,3.860965321078465351e+00
9.903790907045793574e+03,3.860965371014701386e+00
9.903790929942759249e+03,3.860965420951055105e+00
9.903790952839724923e+03,3.860965470887528284e+00
9.903790975736690598e+03,3.860965520824120034e+00
9.903790998633656272e+03,3.860965570760829468e+00
9.903791021530621947e+03,3.860965620697656586e+00
9.903791044427587622e+03,3.860965670634602276e+00
9.903791067324553296e+03,3.860965720571665205e+00
9.903791090221518971e+03,3.860965770508846262e+00
9.903791113118484645e+03,3.860965820446144114e+00
9.903791136015450320e+03,3.860965870383559206e+00
9.903791158912415995e+03,3.860965920321091094e+00
9.903791181809381669e+03,3.860965970258740221e+00
9.903791204706347344e+03,3.860966020196505699e+00
9.903791227603313018e+03,3.860966070134387085e+00
9.903791250500278693e+03,3.860966120072386154e+00
9.903791273397244368e+03,3.860966170010499798e+00
9.903791296294210042e+03,3.860966219948730238e+00
9.903791319191175717e+03,3.860966269887076141e+00
9.903791342088141391e+03,3.860966319825537951e+00
9.903791364985105247e+03,3.860966369764110784e+00
9.903791387882070921e+03,3.860966419702803076e+00
9.903791410779036596e+03,3.860966469641610388e+00
9.903791433676002271e+03,3.860966519580532275e+00
9.903791456572967945e+03,3.860966569519569180e+00
9.903791479469933620e+03,3.860966619458720217e+00
9.903791502366899294e+03,3.860966669397985829e+00
9.903791525263864969e+03,3.860966719337365571e+00
9.903791548160830644e+03,3.860966769276859889e+00
9.903791571057796318e+03,3.860966819216466561e+00
9.903791593954761993e+03,3.860966869156188253e+00
9.903791616851727667e+03,3.860966919096023187e+00
9.903791639748693342e+03,3.860966969035970475e+00
9.903791662645659017e+03,3.860967018976031451e+00
9.903791685542624691e+03,3.860967068916205669e+00
9.903791708439590366e+03,3.860967118856492242e+00
9.903791731336556040e+03,3.860967168796892057e+00
9.903791754233521715e+03,3.860967218737402895e+00
9.903791777130487390e+03,3.860967268678027420e+00
9.903791800027453064e+03,3.860967318618762967e+00
9.903791822924418739e+03,3.860967368559610868e+00
9.903791845821384413e+03,3.860967418500570236e+00
9.903791868718350088e+03,3.860967468441641071e+00
9.903791891615315762e+03,3.860967518382823371e+00
9.903791914512281437e+03,3.860967568324117138e+00
9.903791937409247112e+03,3.860967618265521928e+00
9.903791960306212786e+03,3.860967668207036851e+00
9.903791983203178461e+03,3.860967718148663241e+00
9.903792006100144135e+03,3.860967768090398877e+00
9.903792028997109810e+03,3.860967818032245535e+00
9.903792051894075485e+03,3.860967867974202772e+00
9.903792074791041159e+03,3.860967917916269254e+00
9.903792097688006834e+03,3.860967967858445871e+00
9.903792120584972508e+03,3.860968017800732177e+00
9.903792143481938183e+03,3.860968067743127285e+00
9.903792166378902039e+03,3.860968117685627643e+00
9.903792189275867713e+03,3.860968167628241243e+00
9.903792212172833388e+03,3.860968217570963645e+00
9.903792235069799062e+03,3.860968267513795293e+00
9.903792257966764737e+03,3.860968317456735299e+00
9.903792280863730412e+03,3.860968367399783663e+00
9.903792303760696086e+03,3.860968417342939940e+00
9.903792326657661761e+03,3.860968467286204131e+00
9.903792349554627435e+03,3.860968517229576236e+00
9.903792372451593110e+03,3.860968567173055366e+00
9.903792395348558784e+03,3.860968617116642854e+00
9.903792418245524459e+03,3.860968667060337367e+00
9.903792441142490134e+03,3.860968717004138906e+00
9.903792464039455808e+03,3.860968766948047470e+00
9.903792486936421483e+03,3.860968816892062616e+00
9.903792509833387157e+03,3.860968866836184787e+00
9.903792532730352832e+03,3.860968916780413540e+00
9.903792555627318507e+03,3.860968966724747098e+00
9.903792578524284181e+03,3.860969016669188125e+00
9.903792601421249856e+03,3.860969066613734846e+00
9.903792624318215530e+03,3.860969116558386371e+00
9.903792647215181205e+03,3.860969166503144034e+00
9.903792670112146880e+03,3.860969216448007391e+00
9.903792693009112554e+03,3.860969266392975552e+00
9.903792715906078229e+03,3.860969316338048518e+00
9.903792738803043903e+03,3.860969366283226734e+00
9.903792761700009578e+03,3.860969416228509310e+00
9.903792784596975252e+03,3.860969466173895803e+00
9.903792807493940927e+03,3.860969516119387546e+00
9.903792830390906602e+03,3.860969566064983205e+00
9.903792853287872276e+03,3.860969616010682337e+00
9.903792876184837951e+03,3.860969665956485386e+00
9.903792899081803625e+03,3.860969715902392352e+00
9.903792921978769300e+03,3.860969765848402790e+00
9.903792944875734975e+03,3.860969815794515814e+00
9.903792967772698830e+03,3.860969865740728757e+00
9.903792990669664505e+03,3.860969915687047394e+00
9.903793013566630179e+03,3.860969965633469503e+00
9.903793036463595854e+03,3.860970015579994197e+00
9.903793059360561529e+03,3.860970065526621031e+00
9.903793082257527203e+03,3.860970115473350450e+00
9.903793105154492878e+03,3.860970165420181122e+00
9.903793128051458552e+03,3.860970215367113934e+00
9.903793150948424227e+03,3.860970265314148442e+00
9.903793173845389902e+03,3.860970315261284203e+00
9.903793196742355576e+03,3.860970365208522104e+00
9.903793219639321251e+03,3.860970415155860369e+00
9.903793242536286925e+03,3.860970465103299443e+00
9.903793265433252600e+03,3.860970515050839769e+00
9.903793288330218274e+03,3.860970564998480459e+00
9.903793311227183949e+03,3.860970614946221513e+00
9.903793334124149624e+03,3.860970664894062931e+00
9.903793357021115298e+03,3.860970714842004270e+00
9.903793379918080973e+03,3.860970764790045529e+00
9.903793402815046647e+03,3.860970814738186707e+00
9.903793425712012322e+03,3.860970864686427362e+00
9.903793448608977997e+03,3.860970914634767492e+00
9.903793471505943671e+03,3.860970964583206211e+00
9.903793494402909346e+03,3.860971014531743961e+00
9.903793517299875020e+03,3.860971064480380743e+00
9.903793540196840695e+03,3.860971114429117002e+00
9.903793563093806370e+03,3.860971164377950959e+00
9.903793585990772044e+03,3.860971214326883061e+00
9.903793608887737719e+03,3.860971264275913306e+00
9.903793631784703393e+03,3.860971314225041695e+00
9.903793654681669068e+03,3.860971364174268228e+00
9.903793677578634743e+03,3.860971414123591572e+00
9.903793700475600417e+03,3.860971464073012616e+00
9.903793723372566092e+03,3.860971514022530915e+00
9.903793746269531766e+03,3.860971563972146470e+00
9.903793769166495622e+03,3.860971613921854839e+00
9.903793792063461296e+03,3.860971663871664017e+00
9.903793814960426971e+03,3.860971713821570006e+00
9.903793837857392646e+03,3.860971763771571030e+00
9.903793860754358320e+03,3.860971813721669310e+00
9.903793883651323995e+03,3.860971863671863957e+00
9.903793906548289669e+03,3.860971913622153195e+00
9.903793929445255344e+03,3.860971963572539245e+00
9.903793952342221019e+03,3.860972013523020774e+00
9.903793975239186693e+03,3.860972063473596894e+00
9.903793998136152368e+03,3.860972113424268493e+00
9.903794021033118042e+03,3.860972163375034238e+00
9.903794043930083717e+03,3.860972213325895908e+00
9.903794066827049392e+03,3.860972263276852168e+00
9.903794089724015066e+03,3.860972313227901687e+00
9.903794112620980741e+03,3.860972363179046241e+00
9.903794135517946415e+03,3.860972413130284941e+00
9.903794158414912090e+03,3.860972463081617345e+00
9.903794181311877765e+03,3.860972513033043008e+00
9.903794204208843439e+03,3.860972562984563261e+00
9.903794227105809114e+03,3.860972612936175885e+00
9.903794250002774788e+03,3.860972662887882656e+00
9.903794272899740463e+03,3.860972712839681353e+00
9.903794295796706137e+03,3.860972762791573309e+00
9.903794318693671812e+03,3.860972812743558080e+00
9.903794341590637487e+03,3.860972862695635222e+00
9.903794364487603161e+03,3.860972912647804733e+00
9.903794387384568836e+03,3.860972962600066172e+00
9.903794410281534510e+03,3.860973012552420425e+00
9.903794433178500185e+03,3.860973062504865272e+00
9.903794456075465860e+03,3.860973112457402490e+00
9.903794478972431534e+03,3.860973162410031190e+00
9.903794501869397209e+03,3.860973212362750040e+00
9.903794524766362883e+03,3.860973262315561261e+00
9.903794547663328558e+03,3.860973312268462632e+00
9.903794570560292414e+03,3.860973362221451044e+00
9.903794593457258088e+03,3.860973412174533603e+00
9.903794616354223763e+03,3.860973462127707201e+00
9.903794639251189437e+03,3.860973512080970504e+00
9.903794662148155112e+03,3.860973562034323958e+00
9.903794685045120787e+03,3.860973611987766674e+00
9.903794707942086461e+03,3.860973661941299984e+00
9.903794730839052136e+03,3.860973711894922555e+00
9.903794753736017810e+03,3.860973761848634389e+00
9.903794776632983485e+03,3.860973811802434152e+00
9.903794799529949159e+03,3.860973861756324510e+00
9.903794822426914834e+03,3.860973911710302797e+00
9.903794845323880509e+03,3.860973961664369902e+00
9.903794868220846183e+03,3.860974011618525825e+00
9.903794891117811858e+03,3.860974061572769678e+00
9.903794914014777532e+03,3.860974111527101016e+00
9.903794936911743207e+03,3.860974161481520728e+00
9.903794959808708882e+03,3.860974211436028813e+00
9.903794982705674556e+03,3.860974261390623496e+00
9.903795005602640231e+03,3.860974311345306109e+00
9.903795028499605905e+03,3.860974361300075763e+00
9.903795051396571580e+03,3.860974411254932459e+00
9.903795074293537255e+03,3.860974461209875752e+00
9.903795097190502929e+03,3.860974511164905643e+00
9.903795120087468604e+03,3.860974561120022575e+00
9.903795142984434278e+03,3.860974611075225660e+00
9.903795165881399953e+03,3.860974661030514454e+00
9.903795188778365628e+03,3.860974710985888958e+00
9.903795211675331302e+03,3.860974760941350059e+00
9.903795234572296977e+03,3.860974810896895981e+00
9.903795257469262651e+03,3.860974860852528501e+00
9.903795280366228326e+03,3.860974910808244953e+00
9.903795303263194000e+03,3.860974960764047115e+00
9.903795326160159675e+03,3.860975010719934541e+00
9.903795349057125350e+03,3.860975060675906345e+00
9.903795371954089205e+03,3.860975110631958085e+00
9.903795394851054880e+03,3.860975160588099087e+00
9.903795417748020554e+03,3.860975210544323577e+00
9.903795440644986229e+03,3.860975260500632444e+00
9.903795463541951904e+03,3.860975310457025245e+00
9.903795486438917578e+03,3.860975360413501978e+00
9.903795509335883253e+03,3.860975410370062200e+00
9.903795532232848927e+03,3.860975460326705022e+00
9.903795555129814602e+03,3.860975510283431333e+00
9.903795578026780277e+03,3.860975560240240689e+00
9.903795600923745951e+03,3.860975610197132646e+00
9.903795623820711626e+03,3.860975660154107203e+00
9.903795646717677300e+03,3.860975710111164361e+00
9.903795669614642975e+03,3.860975760068303675e+00
9.903795692511608650e+03,3.860975810025525146e+00
9.903795715408574324e+03,3.860975859982828329e+00
9.903795738305539999e+03,3.860975909940213668e+00
9.903795761202505673e+03,3.860975959897680720e+00
9.903795784099471348e+03,3.860976009855228153e+00
9.903795806996437022e+03,3.860976059812857741e+00
9.903795829893402697e+03,3.860976109770567710e+00
9.903795852790368372e+03,3.860976159728358503e+00
9.903795875687334046e+03,3.860976209686231009e+00
9.903795898584299721e+03,3.860976259644182562e+00
9.903795921481265395e+03,3.860976309602215384e+00
9.903795944378231070e+03,3.860976359560327253e+00
9.903795967275196745e+03,3.860976409518520391e+00
9.903795990172162419e+03,3.860976459476792577e+00
9.903796013069128094e+03,3.860976509435144699e+00
9.903796035966093768e+03,3.860976559393575869e+00
9.903796058863059443e+03,3.860976609352086530e+00
9.903796081760025118e+03,3.860976659310676240e+00
9.903796104656990792e+03,3.860976709269345886e+00
9.903796127553956467e+03,3.860976759228093247e+00
9.903796150450922141e+03,3.860976809186919212e+00
9.903796173347885997e+03,3.860976859145819340e+00
9.903796196244851672e+03,3.860976909104802068e+00
9.903796219141817346e+03,3.860976959063862513e+00
9.903796242038783021e+03,3.860977009023000672e+00
9.903796264935748695e+03,3.860977058982216992e+00
9.903796287832714370e+03,3.860977108941510139e+00
9.903796310729680044e+03,3.860977158900881445e+00
9.903796333626645719e+03,3.860977208860329135e+00
9.903796356523611394e+03,3.860977258819854541e+00
9.903796379420577068e+03,3.860977308779456774e+00
9.903796402317542743e+03,3.860977358739134946e+00
9.903796425214508417e+03,3.860977408698889057e+00
9.903796448111474092e+03,3.860977458658720884e+00
9.903796471008439767e+03,3.860977508618627763e+00
9.903796493905405441e+03,3.860977558578611024e+00
9.903796516802371116e+03,3.860977608538669781e+00
9.903796539699336790e+03,3.860977658498804033e+00
9.903796562596302465e+03,3.860977708459013780e+00
9.903796585493268140e+03,3.860977758419298578e+00
9.903796608390233814e+03,3.860977808379659315e+00
9.903796631287199489e+03,3.860977858340093327e+00
9.903796654184165163e+03,3.860977908300602834e+00
9.903796677081130838e+03,3.860977958261186949e+00
9.903796699978096512e+03,3.860978008221845670e+00
9.903796722875062187e+03,3.860978058182578110e+00
9.903796745772027862e+03,3.860978108143384269e+00
9.903796768668993536e+03,3.860978158104265034e+00
9.903796791565959211e+03,3.860978208065218631e+00
9.903796814462924885e+03,3.860978258026245946e+00
9.903796837359890560e+03,3.860978307987346092e+00
9.903796860256856235e+03,3.860978357948519957e+00
9.903796883153821909e+03,3.860978407909766652e+00
9.903796906050787584e+03,3.860978457871086178e+00
9.903796928947753258e+03,3.860978507832478090e+00
9.903796951844718933e+03,3.860978557793942390e+00
9.903796974741682789e+03,3.860978607755474634e+00
9.903796997638648463e+03,3.860978657717082818e+00
9.903797020535614138e+03,3.860978707678763389e+00
9.903797043432579812e+03,3.860978757640515013e+00
9.903797066329545487e+03,3.860978807602338581e+00
9.903797089226511162e+03,3.860978857564234090e+00
9.903797112123476836e+03,3.860978907526199766e+00
9.903797135020442511e+03,3.860978957488236940e+00
9.903797157917408185e+03,3.860979007450344280e+00
9.903797180814373860e+03,3.860979057412522675e+00
9.903797203711339534e+03,3.860979107374771235e+00
9.903797226608305209e+03,3.860979157337090406e+00
9.903797249505270884e+03,3.860979207299479743e+00
9.903797272402236558e+03,3.860979257261939246e+00
9.903797295299202233e+03,3.860979307224467139e+00
9.903797318196167907e+03,3.860979357187065641e+00
9.903797341093133582e+03,3.860979407149733422e+00
9.903797363990099257e+03,3.860979457112470925e+00
9.903797386887064931e+03,3.860979507075276818e+00
9.903797409784030606e+03,3.860979557038151100e+00
9.903797432680996280e+03,3.860979607001094660e+00
9.903797455577961955e+03,3.860979656964107498e+00
9.903797478474927630e+03,3.860979706927187394e+00
9.903797501371893304e+03,3.860979756890336123e+00
9.903797524268858979e+03,3.860979806853552354e+00
9.903797547165824653e+03,3.860979856816836531e+00
9.903797570062790328e+03,3.860979906780188209e+00
9.903797592959756003e+03,3.860979956743607833e+00
9.903797615856721677e+03,3.860980006707094514e+00
9.903797638753687352e+03,3.860980056670648253e+00
9.903797661650653026e+03,3.860980106634268605e+00
9.903797684547618701e+03,3.860980156597956459e+00
9.903797707444584375e+03,3.860980206561710038e+00
9.903797730341550050e+03,3.860980256525530230e+00
9.903797753238515725e+03,3.860980306489416591e+00
9.903797776135479580e+03,3.860980356453365125e+00
9.903797799032445255e+03,3.860980406417383826e+00
9.903797821929410929e+03,3.860980456381467807e+00
9.903797844826376604e+03,3.860980506345617513e+00
9.903797867723342279e+03,3.860980556309832501e+00
9.903797890620307953e+03,3.860980606274112326e+00
9.903797913517273628e+03,3.860980656238457875e+00
9.903797936414239302e+03,3.860980706202867374e+00
9.903797959311204977e+03,3.860980756167341710e+00
9.903797982208170652e+03,3.860980806131880883e+00
9.903798005105136326e+03,3.860980856096484004e+00
9.903798028002102001e+03,3.860980906061151519e+00
9.903798050899067675e+03,3.860980956025882538e+00
9.903798073796033350e+03,3.860981005990677950e+00
9.903798096692999025e+03,3.860981055955535535e+00
9.903798119589964699e+03,3.860981105920457512e+00
9.903798142486930374e+03,3.860981155885442995e+00
9.903798165383896048e+03,3.860981205850491094e+00
9.903798188280861723e+03,3.860981255815601809e+00
9.903798211177827397e+03,3.860981305780776029e+00
9.903798234074793072e+03,3.860981355746011534e+00
9.903798256971758747e+03,3.860981405711310099e+00
9.903798279868724421e+03,3.860981455676670837e+00
9.903798302765690096e+03,3.860981505642093747e+00
9.903798325662655770e+03,3.860981555607577942e+00
9.903798348559621445e+03,3.860981605573124309e+00
9.903798371456587120e+03,3.860981655538731960e+00
9.903798394353552794e+03,3.860981705504400452e+00
9.903798417250518469e+03,3.860981755470131116e+00
9.903798440147484143e+03,3.860981805435921288e+00
9.903798463044449818e+03,3.860981855401773188e+00
9.903798485941415493e+03,3.860981905367685485e+00
9.903798508838381167e+03,3.860981955333657289e+00
9.903798531735346842e+03,3.860982005299690378e+00
9.903798554632310697e+03,3.860982055265779866e+00
9.903798577529276372e+03,3.860982105231931971e+00
9.903798600426242047e+03,3.860982155198144916e+00
9.903798623323207721e+03,3.860982205164416037e+00
9.903798646220173396e+03,3.860982255130747109e+00
9.903798669117139070e+03,3.860982305097137690e+00
9.903798692014104745e+03,3.860982355063586891e+00
9.903798714911070419e+03,3.860982405030095599e+00
9.903798737808036094e+03,3.860982454996661595e+00
9.903798760705001769e+03,3.860982504963287099e+00
9.903798783601967443e+03,3.860982554929970334e+00
9.903798806498933118e+03,3.860982604896712189e+00
9.903798829395898792e+03,3.860982654863512220e+00
9.903798852292864467e+03,3.860982704830369094e+00
9.903798875189830142e+03,3.860982754797283700e+00
9.903798898086795816e+03,3.860982804764256038e+00
9.903798920983761491e+03,3.860982854731285663e+00
9.903798943880727165e+03,3.860982904698372131e+00
9.903798966777692840e+03,3.860982954665515887e+00
9.903798989674658515e+03,3.860983004632715598e+00
9.903799012571624189e+03,3.860983054599972153e+00
9.903799035468589864e+03,3.860983104567285107e+00
9.903799058365555538e+03,3.860983154534654016e+00
9.903799081262521213e+03,3.860983204502078880e+00
9.903799104159486888e+03,3.860983254469559700e+00
9.903799127056452562e+03,3.860983304437096919e+00
9.903799149953418237e+03,3.860983354404688761e+00
9.903799172850383911e+03,3.860983404372335670e+00
9.903799195747349586e+03,3.860983454340038534e+00
9.903799218644315260e+03,3.860983504307795133e+00
9.903799241541280935e+03,3.860983554275607244e+00
9.903799264438246610e+03,3.860983604243473533e+00
9.903799287335212284e+03,3.860983654211394889e+00
9.903799310232177959e+03,3.860983704179369980e+00
9.903799333129143633e+03,3.860983754147399249e+00
9.903799356026107489e+03,3.860983804115477813e+00
9.903799378923073164e+03,3.860983854083614997e+00
9.903799401820038838e+03,3.860983904051805471e+00
9.903799424717004513e+03,3.860983954020048792e+00
9.903799447613970187e+03,3.860984003988345403e+00
9.903799470510935862e+03,3.860984053956695305e+00
9.903799493407901537e+03,3.860984103925098054e+00
9.903799516304867211e+03,3.860984153893553206e+00
9.903799539201832886e+03,3.860984203862060760e+00
9.903799562098798560e+03,3.860984253830621160e+00
9.903799584995764235e+03,3.860984303799233519e+00
9.903799607892729910e+03,3.860984353767896948e+00
9.903799630789695584e+03,3.860984403736612336e+00
9.903799653686661259e+03,3.860984453705380570e+00
9.903799676583626933e+03,3.860984503674198987e+00
9.903799699480592608e+03,3.860984553643068917e+00
9.903799722377558282e+03,3.860984603611989918e+00
9.903799745274523957e+03,3.860984653580961545e+00
9.903799768171489632e+03,3.860984703549984243e+00
9.903799791068455306e+03,3.860984753519057566e+00
9.903799813965420981e+03,3.860984803488181072e+00
9.903799836862386655e+03,3.860984853457354760e+00
9.903799859759352330e+03,3.860984903426577741e+00
9.903799882656318005e+03,3.860984953395851349e+00
9.903799905553283679e+03,3.860985003365174251e+00
9.903799928450249354e+03,3.860985053334547334e+00
9.903799951347215028e+03,3.860985103303968380e+00
9.903799974244180703e+03,3.860985153273439163e+00
9.903799997141146378e+03,3.860985203242958796e+00
9.903800020038112052e+03,3.860985253212527279e+00
9.903800042935077727e+03,3.860985303182145056e+00
9.903800065832043401e+03,3.860985353151810351e+00
9.903800088729009076e+03,3.860985403121523607e+00
9.903800111625974750e+03,3.860985453091286157e+00
9.903800134522940425e+03,3.860985503061095336e+00
9.903800157419904281e+03,3.860985553030949369e+00
9.903800180316869955e+03,3.860985603000854027e+00
9.903800203213835630e+03,3.860985652970806647e+00
9.903800226110801304e+03,3.860985702940805453e+00
9.903800249007766979e+03,3.860985752910852220e+00
9.903800271904732654e+03,3.860985802880945617e+00
9.903800294801698328e+03,3.860985852851084754e+00
9.903800317698664003e+03,3.860985902821271409e+00
9.903800340595629677e+03,3.860985952791504250e+00
9.903800363492595352e+03,3.860986002761782387e+00
9.903800386389561027e+03,3.860986052732107154e+00
9.903800409286526701e+03,3.860986102702478107e+00
9.903800432183492376e+03,3.860986152672893468e+00
9.903800455080458050e+03,3.860986202643355014e+00
9.903800477977423725e+03,3.860986252613861414e+00
9.903800500874389400e+03,3.860986302584413110e+00
9.903800523771355074e+03,3.860986352555010104e+00
9.903800546668320749e+03,3.860986402525651062e+00
9.903800569565286423e+03,3.860986452496336430e+00
9.903800592462252098e+03,3.860986502467067094e+00
9.903800615359217772e+03,3.860986552437840835e+00
9.903800638256183447e+03,3.860986602408658985e+00
9.903800661153149122e+03,3.860986652379521100e+00
9.903800684050114796e+03,3.860986702350426736e+00
9.903800706947080471e+03,3.860986752321376336e+00
9.903800729844046145e+03,3.860986802292368569e+00
9.903800752741011820e+03,3.860986852263404323e+00
9.903800775637977495e+03,3.860986902234483154e+00
9.903800798534943169e+03,3.860986952205604172e+00
9.903800821431908844e+03,3.860987002176767824e+00
9.903800844328874518e+03,3.860987052147974108e+00
9.903800867225840193e+03,3.860987102119223024e+00
9.903800890122805868e+03,3.860987152090513241e+00
9.903800913019771542e+03,3.860987202061846091e+00
9.903800935916737217e+03,3.860987252033219796e+00
9.903800958813701072e+03,3.860987302004631694e+00
9.903800981710666747e+03,3.860987351976088888e+00
9.903801004607632422e+03,3.860987401947586495e+00
9.903801027504598096e+03,3.860987451919125846e+00
9.903801050401563771e+03,3.860987501890706053e+00
9.903801073298529445e+03,3.860987551862326672e+00
9.903801096195495120e+03,3.860987601833987259e+00
9.903801119092460794e+03,3.860987651805688259e+00
9.903801141989426469e+03,3.860987701777429670e+00
9.903801164886392144e+03,3.860987751749211494e+00
9.903801187783357818e+03,3.860987801721032842e+00
9.903801210680323493e+03,3.860987851692894157e+00
9.903801233577289167e+03,3.860987901664794109e+00
9.903801256474254842e+03,3.860987951636733140e+00
9.903801279371220517e+03,3.860988001608711251e+00
9.903801302268186191e+03,3.860988051580728886e+00
9.903801325165151866e+03,3.860988101552784713e+00
9.903801348062117540e+03,3.860988151524880063e+00
9.903801370959083215e+03,3.860988201497012273e+00
9.903801393856048890e+03,3.860988251469184007e+00
9.903801416753014564e+03,3.860988301441392601e+00
9.903801439649980239e+03,3.860988351413639386e+00
9.903801462546945913e+03,3.860988401385924362e+00
9.903801485443911588e+03,3.860988451358246198e+00
9.903801508340877263e+03,3.860988501330605338e+00
9.903801531237842937e+03,3.860988551303001781e+00
9.903801554134808612e+03,3.860988601275435528e+00
9.903801577031774286e+03,3.860988651247905690e+00
9.903801599928739961e+03,3.860988701220412267e+00
9.903801622825705635e+03,3.860988751192955259e+00
9.903801645722671310e+03,3.860988801165534667e+00
9.903801668619636985e+03,3.860988851138150491e+00
9.903801691516602659e+03,3.860988901110801397e+00
9.903801714413568334e+03,3.860988951083487830e+00
9.903801737310534008e+03,3.860989001056210679e+00
9.903801760207497864e+03,3.860989051028964614e+00
9.903801783104463539e+03,3.860989101001757628e+00
9.903801806001429213e+03,3.860989150974585726e+00
9.903801828898394888e+03,3.860989200947449351e+00
9.903801851795360562e+03,3.860989250920345839e+00
9.903801874692326237e+03,3.860989300893277854e+00
9.903801897589291912e+03,3.860989350866244951e+00
9.903801920486257586e+03,3.860989400839244468e+00
9.903801943383223261e+03,3.860989450812279511e+00
9.903801966280188935e+03,3.860989500785347861e+00
9.903801989177154610e+03,3.860989550758449518e+00
9.903802012074120285e+03,3.860989600731584481e+00
9.903802034971085959e+03,3.860989650704752751e+00
9.903802057868051634e+03,3.860989700677953884e+00
9.903802080765017308e+03,3.860989750651188324e+00
9.903802103661982983e+03,3.860989800624455626e+00
9.903802126558948657e+03,3.860989850597755346e+00
9.903802149455914332e+03,3.860989900571086597e+00
9.903802172352880007e+03,3.860989950544450267e+00
9.903802195249845681e+03,3.860990000517846799e+00
9.903802218146811356e+03,3.860990050491274417e+00
9.903802241043777030e+03,3.860990100464734454e+00
9.903802263940742705e+03,3.860990150438225132e+00
9.903802286837708380e+03,3.860990200411747342e+00
9.903802309734674054e+03,3.860990250385301081e+00
9.903802332631639729e+03,3.860990300358885019e+00
9.903802355528605403e+03,3.860990350332500043e+00
9.903802378425571078e+03,3.860990400306146153e+00
9.903802401322536753e+03,3.860990450279822017e+00
9.903802424219502427e+03,3.860990500253528968e+00
9.903802447116468102e+03,3.860990550227264784e+00
9.903802470013433776e+03,3.860990600201031686e+00
9.903802492910399451e+03,3.860990650174827454e+00
9.903802515807365126e+03,3.860990700148653421e+00
9.903802538704330800e+03,3.860990750122507364e+00
9.903802561601294656e+03,3.860990800096388398e+00
9.903802584498260330e+03,3.860990850070300962e+00
9.903802607395226005e+03,3.860990900044243279e+00
9.903802630292191679e+03,3.860990950018214019e+00
9.903802653189157354e+03,3.860990999992213180e+00
9.903802676086123029e+03,3.860991049966240318e+00
9.903802698983088703e+03,3.860991099940295435e+00
9.903802721880054378e+03,3.860991149914379417e+00
9.903802744777020052e+03,3.860991199888490488e+00
9.903802767673985727e+03,3.860991249862629537e+00
9.903802790570951402e+03,3.860991299836795676e+00
9.903802813467917076e+03,3.860991349810988460e+00
9.903802836364882751e+03,3.860991399785209222e+00
9.903802859261848425e+03,3.860991449759456184e+00
9.903802882158814100e+03,3.860991499733730237e+00
9.903802905055779775e+03,3.860991549708030934e+00
9.903802927952745449e+03,3.860991599682358277e+00
9.903802950849711124e+03,3.860991649656711378e+00
9.903802973746676798e+03,3.860991699631090235e+00
9.903802996643642473e+03,3.860991749605495738e+00
9.903803019540608148e+03,3.860991799579925665e+00
9.903803042437573822e+03,3.860991849554382682e+00
9.903803065334539497e+03,3.860991899528863236e+00
9.903803088231505171e+03,3.860991949503370879e+00
9.903803111128470846e+03,3.860991999477902059e+00
9.903803134025436520e+03,3.860992049452458108e+00
9.903803156922402195e+03,3.860992099427039026e+00
9.903803179819367870e+03,3.860992149401644369e+00
9.903803202716333544e+03,3.860992199376273248e+00
9.903803225613299219e+03,3.860992249350927441e+00
9.903803248510264893e+03,3.860992299325605170e+00
9.903803271407230568e+03,3.860992349300305992e+00
9.903803294304196243e+03,3.860992399275030351e+00
9.903803317201161917e+03,3.860992449249778691e+00
9.903803340098127592e+03,3.860992499224550123e+00
9.903803362995091447e+03,3.860992549199340207e+00
9.903803385892057122e+03,3.860992599174157824e+00
9.903803408789022797e+03,3.860992649148997646e+00
9.903803431685988471e+03,3.860992699123859673e+00
9.903803454582954146e+03,3.860992749098744348e+00
9.903803477479919820e+03,3.860992799073651227e+00
9.903803500376885495e+03,3.860992849048579423e+00
9.903803523273851170e+03,3.860992899023529823e+00
9.903803546170816844e+03,3.860992948998501539e+00
9.903803569067782519e+03,3.860992998973495016e+00
9.903803591964748193e+03,3.860993048948509809e+00
9.903803614861713868e+03,3.860993098923545030e+00
9.903803637758679542e+03,3.860993148898601568e+00
9.903803660655645217e+03,3.860993198873678978e+00
9.903803683552610892e+03,3.860993248848776815e+00
9.903803706449576566e+03,3.860993298823895525e+00
9.903803729346542241e+03,3.860993348799033775e+00
9.903803752243507915e+03,3.860993398774192453e+00
9.903803775140473590e+03,3.860993448749370671e+00
9.903803798037439265e+03,3.860993498724567985e+00
9.903803820934404939e+03,3.860993548699786171e+00
9.903803843831370614e+03,3.860993598675023009e+00
9.903803866728336288e+03,3.860993648650278498e+00
9.903803889625301963e+03,3.860993698625553083e+00
9.903803912522267638e+03,3.860993748600846320e+00
9.903803935419233312e+03,3.860993798576158653e+00
9.903803958316198987e+03,3.860993848551489638e+00
9.903803981213164661e+03,3.860993898526838386e+00
9.903804004110130336e+03,3.860993948502204898e+00
9.903804027007096010e+03,3.860993998477589617e+00
9.903804049904061685e+03,3.860994048452992100e+00
9.903804072801027360e+03,3.860994098428411903e+00
9.903804095697993034e+03,3.860994148403849469e+00
9.903804118594958709e+03,3.860994198379303910e+00
9.903804141491924383e+03,3.860994248354775671e+00
9.903804164388888239e+03,3.860994298330259866e+00
9.903804187285853914e+03,3.860994348305764934e+00
9.903804210182819588e+03,3.860994398281287321e+00
9.903804233079785263e+03,3.860994448256824807e+00
9.903804255976750937e+03,3.860994498232378724e+00
9.903804278873716612e+03,3.860994548207948629e+00
9.903804301770682287e+03,3.860994598183534521e+00
9.903804324667647961e+03,3.860994648159135512e+00
9.903804347564613636e+03,3.860994698134752934e+00
9.903804370461579310e+03,3.860994748110384567e+00
9.903804393358544985e+03,3.860994798086032187e+00
9.903804416255510660e+03,3.860994848061694018e+00
9.903804439152476334e+03,3.860994898037370504e+00
9.903804462049442009e+03,3.860994948013061201e+00
9.903804484946407683e+03,3.860994997988766997e+00
9.903804507843373358e+03,3.860995047964487004e+00
9.903804530740339032e+03,3.860995097940221221e+00
9.903804553637304707e+03,3.860995147915968762e+00
9.903804576534270382e+03,3.860995197891730069e+00
9.903804599431236056e+03,3.860995247867504254e+00
9.903804622328201731e+03,3.860995297843292651e+00
9.903804645225167405e+03,3.860995347819093482e+00
9.903804668122133080e+03,3.860995397794908079e+00
9.903804691019098755e+03,3.860995447770734668e+00
9.903804713916064429e+03,3.860995497746574578e+00
9.903804736813030104e+03,3.860995547722426036e+00
9.903804759709995778e+03,3.860995597698289927e+00
9.903804782606961453e+03,3.860995647674167142e+00
9.903804805503927128e+03,3.860995697650055458e+00
9.903804828400892802e+03,3.860995747625954877e+00
9.903804851297858477e+03,3.860995797601865842e+00
9.903804874194824151e+03,3.860995847577789242e+00
9.903804897091789826e+03,3.860995897553722855e+00
9.903804919988755501e+03,3.860995947529668459e+00
9.903804942885721175e+03,3.860995997505624278e+00
9.903804965782685031e+03,3.860996047481586313e+00
9.903804988679650705e+03,3.860996097457563447e+00
9.903805011576616380e+03,3.860996147433551240e+00
9.903805034473582054e+03,3.860996197409548358e+00
9.903805057370547729e+03,3.860996247385555691e+00
9.903805080267513404e+03,3.860996297361573237e+00
9.903805103164479078e+03,3.860996347337600110e+00
9.903805126061444753e+03,3.860996397313635864e+00
9.903805148958410427e+03,3.860996447289681388e+00
9.903805171855376102e+03,3.860996497265736238e+00
9.903805194752341777e+03,3.860996547241799082e+00
9.903805217649307451e+03,3.860996597217871695e+00
9.903805240546273126e+03,3.860996647193952747e+00
9.903805263443238800e+03,3.860996697170041347e+00
9.903805286340204475e+03,3.860996747146138386e+00
9.903805309237170150e+03,3.860996797122243418e+00
9.903805332134135824e+03,3.860996847098357332e+00
9.903805355031101499e+03,3.860996897074477463e+00
9.903805377928067173e+03,3.860996947050606032e+00
9.903805400825032848e+03,3.860996997026741706e+00
9.903805423721998523e+03,3.860997047002884486e+00
9.903805446618964197e+03,3.860997096979033927e+00
9.903805469515929872e+03,3.860997146955190473e+00
9.903805492412895546e+03,3.860997196931353681e+00
9.903805515309861221e+03,3.860997246907523106e+00
9.903805538206826895e+03,3.860997296883699192e+00
9.903805561103792570e+03,3.860997346859880608e+00
9.903805584000758245e+03,3.860997396836068685e+00
9.903805606897723919e+03,3.860997446812262091e+00
9.903805629794689594e+03,3.860997496788461270e+00
9.903805652691655268e+03,3.860997546764665778e+00
9.903805675588620943e+03,3.860997596740875171e+00
9.903805698485586618e+03,3.860997646717089449e+00
9.903805721382552292e+03,3.860997696693309056e+00
9.903805744279517967e+03,3.860997746669533104e+00
9.903805767176481822e+03,3.860997796645757596e+00
9.903805790073447497e+03,3.860997846621990970e+00
9.903805812970413172e+03,3.860997896598227896e+00
9.903805835867378846e+03,3.860997946574468376e+00
9.903805858764344521e+03,3.860997996550713296e+00
9.903805881661310195e+03,3.860998046526962213e+00
9.903805904558275870e+03,3.860998096503213795e+00
9.903805927455241545e+03,3.860998146479468929e+00
9.903805950352207219e+03,3.860998196455727172e+00
9.903805973249172894e+03,3.860998246431988523e+00
9.903805996146138568e+03,3.860998296408252095e+00
9.903806019043104243e+03,3.860998346384518332e+00
9.903806041940069917e+03,3.860998396360786789e+00
9.903806064837035592e+03,3.860998446337058354e+00
9.903806087734001267e+03,3.860998496313330364e+00
9.903806110630966941e+03,3.860998546289605038e+00
9.903806133527932616e+03,3.860998596265881488e+00
9.903806156424898290e+03,3.860998646242159715e+00
9.903806179321863965e+03,3.860998696218438830e+00
9.903806202218829640e+03,3.860998746194719278e+00
9.903806225115795314e+03,3.860998796171001057e+00
9.903806248012760989e+03,3.860998846147282393e+00
9.903806270909726663e+03,3.860998896123565949e+00
9.903806293806692338e+03,3.860998946099848173e+00
9.903806316703658013e+03,3.860998996076132617e+00
9.903806339600623687e+03,3.860999046052415729e+00
9.903806362497589362e+03,3.860999096028699284e+00
9.903806385394555036e+03,3.860999146004982396e+00
9.903806408291520711e+03,3.860999195981265064e+00
9.903806431188486386e+03,3.860999245957547288e+00
9.903806454085452060e+03,3.860999295933828179e+00
9.903806476982417735e+03,3.860999345910108627e+00
9.903806499879383409e+03,3.860999395886387742e+00
9.903806522776349084e+03,3.860999445862665080e+00
9.903806545673314758e+03,3.860999495838941531e+00
9.903806568570278614e+03,3.860999545815212208e+00
9.903806591467244289e+03,3.860999595791485106e+00
9.903806614364209963e+03,3.860999645767755339e+00
9.903806637261175638e+03,3.860999695744024240e+00
9.903806660158141312e+03,3.860999745720290477e+00
9.903806683055106987e+03,3.860999795696554049e+00
9.903806705952072662e+03,3.860999845672814956e+00
9.903806728849038336e+03,3.860999895649072755e+00
9.903806751746004011e+03,3.860999945625327445e+00
9.903806774642969685e+03,3.860999995601579027e+00
9.903806797539935360e+03,3.861000045577827500e+00
9.903806820436901035e+03,3.861000095554071088e+00
9.903806843333866709e+03,3.861000145530312455e+00
9.903806866230832384e+03,3.861000195506548494e+00
9.903806889127798058e+03,3.861000245482781423e+00
9.903806912024763733e+03,3.861000295459009912e+00
9.903806934921729408e+03,3.861000345435233072e+00
9.903806957818695082e+03,3.861000395411452235e+00
9.903806980715660757e+03,3.861000445387666069e+00
9.903807003612626431e+03,3.861000495363875462e+00
9.903807026509592106e+03,3.861000545340079082e+00
9.903807049406557780e+03,3.861000595316277817e+00
9.903807072303523455e+03,3.861000645292471223e+00
9.903807095200489130e+03,3.861000695268658411e+00
9.903807118097454804e+03,3.861000745244839827e+00
9.903807140994420479e+03,3.861000795221015025e+00
9.903807163891386153e+03,3.861000845197183562e+00
9.903807186788351828e+03,3.861000895173345882e+00
9.903807209685317503e+03,3.861000945149502428e+00
9.903807232582283177e+03,3.861000995125650981e+00
9.903807255479248852e+03,3.861001045101792872e+00
9.903807278376214526e+03,3.861001095077928102e+00
9.903807301273180201e+03,3.861001145054056227e+00
9.903807324170145876e+03,3.861001195030175914e+00
9.903807347067111550e+03,3.861001245006288496e+00
9.903807369964075406e+03,3.861001294982389087e+00
9.903807392861041080e+03,3.861001344958485682e+00
9.903807415758006755e+03,3.861001394934573394e+00
9.903807438654972430e+03,3.861001444910653557e+00
9.903807461551938104e+03,3.861001494886725283e+00
9.903807484448903779e+03,3.861001544862787238e+00
9.903807507345869453e+03,3.861001594838842088e+00
9.903807530242835128e+03,3.861001644814885836e+00
9.903807553139800802e+03,3.861001694790921590e+00
9.903807576036766477e+03,3.861001744766948018e+00
9.903807598933732152e+03,3.861001794742963789e+00
9.903807621830697826e+03,3.861001844718970233e+00
9.903807644727663501e+03,3.861001894694967351e+00
9.903807667624629175e+03,3.861001944670952923e+00
9.903807690521594850e+03,3.861001994646929614e+00
9.903807713418560525e+03,3.861002044622894758e+00
9.903807736315526199e+03,3.861002094598849688e+00
9.903807759212491874e+03,3.861002144574793515e+00
9.903807782109457548e+03,3.861002194550727129e+00
9.903807805006423223e+03,3.861002244526648752e+00
9.903807827903388898e+03,3.861002294502559273e+00
9.903807850800354572e+03,3.861002344478457804e+00
9.903807873697320247e+03,3.861002394454345232e+00
9.903807896594285921e+03,3.861002444430220670e+00
9.903807919491251596e+03,3.861002494406083674e+00
9.903807942388217270e+03,3.861002544381934243e+00
9.903807965285182945e+03,3.861002594357772821e+00
9.903807988182148620e+03,3.861002644333598077e+00
9.903808011079114294e+03,3.861002694309411787e+00
9.903808033976079969e+03,3.861002744285211730e+00
9.903808056873045643e+03,3.861002794260998794e+00
9.903808079770011318e+03,3.861002844236772091e+00
9.903808102666976993e+03,3.861002894212532510e+00
9.903808125563942667e+03,3.861002944188278274e+00
9.903808148460908342e+03,3.861002994164011604e+00
9.903808171357872197e+03,3.861003044139725837e+00
9.903808194254837872e+03,3.861003094115430301e+00
9.903808217151803547e+03,3.861003144091119665e+00
9.903808240048769221e+03,3.861003194066795263e+00
9.903808262945734896e+03,3.861003244042456206e+00
9.903808285842700570e+03,3.861003294018102050e+00
9.903808308739666245e+03,3.861003343993732351e+00
9.903808331636631920e+03,3.861003393969347552e+00
9.903808354533597594e+03,3.861003443944948099e+00
9.903808377430563269e+03,3.861003493920531771e+00
9.903808400327528943e+03,3.861003543896100343e+00
9.903808423224494618e+03,3.861003593871653372e+00
9.903808446121460292e+03,3.861003643847189082e+00
9.903808469018425967e+03,3.861003693822709693e+00
9.903808491915391642e+03,3.861003743798212984e+00
9.903808514812357316e+03,3.861003793773699844e+00
9.903808537709322991e+03,3.861003843749169828e+00
9.903808560606288665e+03,3.861003893724623381e+00
9.903808583503254340e+03,3.861003943700059171e+00
9.903808606400220015e+03,3.861003993675477641e+00
9.903808629297185689e+03,3.861004043650877904e+00
9.903808652194151364e+03,3.861004093626261291e+00
9.903808675091117038e+03,3.861004143601626470e+00
9.903808697988082713e+03,3.861004193576973886e+00
9.903808720885048388e+03,3.861004243552303539e+00
9.903808743782014062e+03,3.861004293527613651e+00
9.903808766678979737e+03,3.861004343502905556e+00
9.903808789575945411e+03,3.861004393478178365e+00
9.903808812472911086e+03,3.861004443453432966e+00
9.903808835369876761e+03,3.861004493428667139e+00
9.903808858266842435e+03,3.861004543403883105e+00
9.903808881163808110e+03,3.861004593379079530e+00
9.903808904060773784e+03,3.861004643354255528e+00
9.903808926957739459e+03,3.861004693329412873e+00
9.903808949854705133e+03,3.861004743304549347e+00
9.903808972751668989e+03,3.861004793279661396e+00
9.903808995648634664e+03,3.861004843254757901e+00
9.903809018545600338e+03,3.861004893229833534e+00
9.903809041442566013e+03,3.861004943204887407e+00
9.903809064339531687e+03,3.861004993179921296e+00
9.903809087236497362e+03,3.861005043154934313e+00
9.903809110133463037e+03,3.861005093129926014e+00
9.903809133030428711e+03,3.861005143104895954e+00
9.903809155927394386e+03,3.861005193079844133e+00
9.903809178824360060e+03,3.861005243054771441e+00
9.903809201721325735e+03,3.861005293029675656e+00
9.903809224618291410e+03,3.861005343004558110e+00
9.903809247515257084e+03,3.861005392979418804e+00
9.903809270412222759e+03,3.861005442954255962e+00
9.903809293309188433e+03,3.861005492929070915e+00
9.903809316206154108e+03,3.861005542903863663e+00
9.903809339103119783e+03,3.861005592878632431e+00
9.903809362000085457e+03,3.861005642853378994e+00
9.903809384897051132e+03,3.861005692828101576e+00
9.903809407794016806e+03,3.861005742802800178e+00
9.903809430690982481e+03,3.861005792777475243e+00
9.903809453587948155e+03,3.861005842752127659e+00
9.903809476484913830e+03,3.861005892726754762e+00
9.903809499381879505e+03,3.861005942701357441e+00
9.903809522278845179e+03,3.861005992675936582e+00
9.903809545175810854e+03,3.861006042650490411e+00
9.903809568072776528e+03,3.861006092625019814e+00
9.903809590969742203e+03,3.861006142599523905e+00
9.903809613866707878e+03,3.861006192574003126e+00
9.903809636763673552e+03,3.861006242548457035e+00
9.903809659660639227e+03,3.861006292522885630e+00
9.903809682557604901e+03,3.861006342497288468e+00
9.903809705454570576e+03,3.861006392471664661e+00
9.903809728351536251e+03,3.861006442446015985e+00
9.903809751248501925e+03,3.861006492420340663e+00
9.903809774145465781e+03,3.861006542394634700e+00
9.903809797042431455e+03,3.861006592368906087e+00
9.903809819939397130e+03,3.861006642343151274e+00
9.903809842836362805e+03,3.861006692317369815e+00
9.903809865733328479e+03,3.861006742291560823e+00
9.903809888630294154e+03,3.861006792265724297e+00
9.903809911527259828e+03,3.861006842239860681e+00
9.903809934424225503e+03,3.861006892213969532e+00
9.903809957321191177e+03,3.861006942188049962e+00
9.903809980218156852e+03,3.861006992162102858e+00
9.903810003115122527e+03,3.861007042136127776e+00
9.903810026012088201e+03,3.861007092110124272e+00
9.903810048909053876e+03,3.861007142084092347e+00
9.903810071806019550e+03,3.861007192058031556e+00
9.903810094702985225e+03,3.861007242031942344e+00
9.903810117599950900e+03,3.861007292005823821e+00
9.903810140496916574e+03,3.861007341979676433e+00
9.903810163393882249e+03,3.861007391953498846e+00
9.903810186290847923e+03,3.861007441927292394e+00
9.903810209187813598e+03,3.861007491901056632e+00
9.903810232084779273e+03,3.861007541874789784e+00
9.903810254981744947e+03,3.861007591848493181e+00
9.903810277878710622e+03,3.861007641822167269e+00
9.903810300775676296e+03,3.861007691795809826e+00
9.903810323672641971e+03,3.861007741769422186e+00
9.903810346569607646e+03,3.861007791743003903e+00
9.903810369466573320e+03,3.861007841716554978e+00
9.903810392363538995e+03,3.861007891690073635e+00
9.903810415260504669e+03,3.861007941663562093e+00
9.903810438157470344e+03,3.861007991637019465e+00
9.903810461054436018e+03,3.861008041610444419e+00
9.903810483951401693e+03,3.861008091583837398e+00
9.903810506848367368e+03,3.861008141557198847e+00
9.903810529745333042e+03,3.861008191530527434e+00
9.903810552642298717e+03,3.861008241503824490e+00
9.903810575539262572e+03,3.861008291477083798e+00
9.903810598436228247e+03,3.861008341450315573e+00
9.903810621333193922e+03,3.861008391423514485e+00
9.903810644230159596e+03,3.861008441396679203e+00
9.903810667127125271e+03,3.861008491369811946e+00
9.903810690024090945e+03,3.861008541342910050e+00
9.903810712921056620e+03,3.861008591315975735e+00
9.903810735818022295e+03,3.861008641289006338e+00
9.903810758714987969e+03,3.861008691262004078e+00
9.903810781611953644e+03,3.861008741234967179e+00
9.903810804508919318e+03,3.861008791207896529e+00
9.903810827405884993e+03,3.861008841180790796e+00
9.903810850302850668e+03,3.861008891153650424e+00
9.903810873199816342e+03,3.861008941126475413e+00
9.903810896096782017e+03,3.861008991099264875e+00
9.903810918993747691e+03,3.861009041072020143e+00
9.903810941890713366e+03,3.861009091044739883e+00
9.903810964787679040e+03,3.861009141017423207e+00
9.903810987684644715e+03,3.861009190990071449e+00
9.903811010581610390e+03,3.861009240962683720e+00
9.903811033478576064e+03,3.861009290935259575e+00
9.903811056375541739e+03,3.861009340907799015e+00
9.903811079272507413e+03,3.861009390880302483e+00
9.903811102169473088e+03,3.861009440852769981e+00
9.903811125066438763e+03,3.861009490825199730e+00
9.903811147963404437e+03,3.861009540797593065e+00
9.903811170860370112e+03,3.861009590769949096e+00
9.903811193757335786e+03,3.861009640742267379e+00
9.903811216654301461e+03,3.861009690714548803e+00
9.903811239551267136e+03,3.861009740686792480e+00
9.903811262448232810e+03,3.861009790658997520e+00
9.903811285345198485e+03,3.861009840631165702e+00
9.903811308242164159e+03,3.861009890603295247e+00
9.903811331139129834e+03,3.861009940575386601e+00
9.903811354036095508e+03,3.861009990547438875e+00
9.903811376933059364e+03,3.861010040519448516e+00
9.903811399830025039e+03,3.861010090491423963e+00
9.903811422726990713e+03,3.861010140463358997e+00
9.903811445623956388e+03,3.861010190435256728e+00
9.903811468520922062e+03,3.861010240407113603e+00
9.903811491417887737e+03,3.861010290378931398e+00
9.903811514314853412e+03,3.861010340350708780e+00
9.903811537211819086e+03,3.861010390322446639e+00
9.903811560108784761e+03,3.861010440294144530e+00
9.903811583005750435e+03,3.861010490265802009e+00
9.903811605902716110e+03,3.861010540237419075e+00
9.903811628799681785e+03,3.861010590208995730e+00
9.903811651696647459e+03,3.861010640180530640e+00
9.903811674593613134e+03,3.861010690152025138e+00
9.903811697490578808e+03,3.861010740123478335e+00
9.903811720387544483e+03,3.861010790094890677e+00
9.903811743284510158e+03,3.861010840066260830e+00
9.903811766181475832e+03,3.861010890037590126e+00
9.903811789078441507e+03,3.861010940008876346e+00
9.903811811975407181e+03,3.861010989980121266e+00
9.903811834872372856e+03,3.861011039951323554e+00
9.903811857769338530e+03,3.861011089922484096e+00
9.903811880666304205e+03,3.861011139893601563e+00
9.903811903563269880e+03,3.861011189864675952e+00
9.903811926460235554e+03,3.861011239835707709e+00
9.903811949357201229e+03,3.861011289806696389e+00
9.903811972254166903e+03,3.861011339777641549e+00
9.903811995151132578e+03,3.861011389748542744e+00
9.903812018048098253e+03,3.861011439719401306e+00
9.903812040945063927e+03,3.861011489690215459e+00
9.903812063842029602e+03,3.861011539660985648e+00
9.903812086738995276e+03,3.861011589631712315e+00
9.903812109635960951e+03,3.861011639602394130e+00
9.903812132532926626e+03,3.861011689573030647e+00
9.903812155429892300e+03,3.861011739543623644e+00
9.903812178326856156e+03,3.861011789514167791e+00
9.903812201223821830e+03,3.861011839484669750e+00
9.903812224120787505e+03,3.861011889455126855e+00
9.903812247017753180e+03,3.861011939425539108e+00
9.903812269914718854e+03,3.861011989395905619e+00
9.903812292811684529e+03,3.861012039366225945e+00
9.903812315708650203e+03,3.861012089336500530e+00
9.903812338605615878e+03,3.861012139306729374e+00
9.903812361502581552e+03,3.861012189276911588e+00
9.903812384399547227e+03,3.861012239247046729e+00
9.903812407296512902e+03,3.861012289217136129e+00
9.903812430193478576e+03,3.861012339187178011e+00
9.903812453090444251e+03,3.861012389157173263e+00
9.903812475987409925e+03,3.861012439127120999e+00
9.903812498884375600e+03,3.861012489097022105e+00
9.903812521781341275e+03,3.861012539066875249e+00
9.903812544678306949e+03,3.861012589036680431e+00
9.903812567575272624e+03,3.861012639006438096e+00
9.903812590472238298e+03,3.861012688976147356e+00
9.903812613369203973e+03,3.861012738945808653e+00
9.903812636266169648e+03,3.861012788915421545e+00
9.903812659163135322e+03,3.861012838884986031e+00
9.903812682060100997e+03,3.861012888854501224e+00
9.903812704957066671e+03,3.861012938823967122e+00
9.903812727854032346e+03,3.861012988793385059e+00
9.903812750750998021e+03,3.861013038762752814e+00
9.903812773647963695e+03,3.861013088732071274e+00
9.903812796544929370e+03,3.861013138701340441e+00
9.903812819441895044e+03,3.861013188670559426e+00
9.903812842338860719e+03,3.861013238639728673e+00
9.903812865235826393e+03,3.861013288608848182e+00
9.903812888132792068e+03,3.861013338577916176e+00
9.903812911029757743e+03,3.861013388546934433e+00
9.903812933926723417e+03,3.861013438515901175e+00
9.903812956823689092e+03,3.861013488484818179e+00
9.903812979720652947e+03,3.861013538453678784e+00
9.903813002617618622e+03,3.861013588422493203e+00
9.903813025514584297e+03,3.861013638391256109e+00
9.903813048411549971e+03,3.861013688359967500e+00
9.903813071308515646e+03,3.861013738328626932e+00
9.903813094205481320e+03,3.861013788297234406e+00
9.903813117102446995e+03,3.861013838265789033e+00
9.903813139999412670e+03,3.861013888234292146e+00
9.903813162896378344e+03,3.861013938202742857e+00
9.903813185793344019e+03,3.861013988171140721e+00
9.903813208690309693e+03,3.861014038139486182e+00
9.903813231587275368e+03,3.861014088107777908e+00
9.903813254484241043e+03,3.861014138076016788e+00
9.903813277381206717e+03,3.861014188044201934e+00
9.903813300278172392e+03,3.861014238012334232e+00
9.903813323175138066e+03,3.861014287980412796e+00
9.903813346072103741e+03,3.861014337948437181e+00
9.903813368969069415e+03,3.861014387916406942e+00
9.903813391866035090e+03,3.861014437884322970e+00
9.903813414763000765e+03,3.861014487852185262e+00
9.903813437659966439e+03,3.861014537819992043e+00
9.903813460556932114e+03,3.861014587787744645e+00
9.903813483453897788e+03,3.861014637755442180e+00
9.903813506350863463e+03,3.861014687723084648e+00
9.903813529247829138e+03,3.861014737690671605e+00
9.903813552144794812e+03,3.861014787658202607e+00
9.903813575041760487e+03,3.861014837625678098e+00
9.903813597938726161e+03,3.861014887593098965e+00
9.903813620835691836e+03,3.861014937560462990e+00
9.903813643732657511e+03,3.861014987527770170e+00
9.903813666629623185e+03,3.861015037495021840e+00
9.903813689526588860e+03,3.861015087462217110e+00
9.903813712423554534e+03,3.861015137429355093e+00
9.903813735320520209e+03,3.861015187396437121e+00
9.903813758217485884e+03,3.861015237363460972e+00
9.903813781114449739e+03,3.861015287330424428e+00
9.903813804011415414e+03,3.861015337297333261e+00
9.903813826908381088e+03,3.861015387264185694e+00
9.903813849805346763e+03,3.861015437230980840e+00
9.903813872702312437e+03,3.861015487197716478e+00
9.903813895599278112e+03,3.861015537164394829e+00
9.903813918496243787e+03,3.861015587131015003e+00
9.903813941393209461e+03,3.861015637097576558e+00
9.903813964290175136e+03,3.861015687064079049e+00
9.903813987187140810e+03,3.861015737030523809e+00
9.903814010084106485e+03,3.861015786996908616e+00
9.903814032981072160e+03,3.861015836963234804e+00
9.903814055878037834e+03,3.861015886929501040e+00
9.903814078775003509e+03,3.861015936895707767e+00
9.903814101671969183e+03,3.861015986861855431e+00
9.903814124568934858e+03,3.861016036827942699e+00
9.903814147465900533e+03,3.861016086793970459e+00
9.903814170362866207e+03,3.861016136759937378e+00
9.903814193259831882e+03,3.861016186725844346e+00
9.903814216156797556e+03,3.861016236691690029e+00
9.903814239053763231e+03,3.861016286657475316e+00
9.903814261950728906e+03,3.861016336623199763e+00
9.903814284847694580e+03,3.861016386588863369e+00
9.903814307744660255e+03,3.861016436554465248e+00
9.903814330641625929e+03,3.861016486520005841e+00
9.903814353538591604e+03,3.861016536485485151e+00
9.903814376435557278e+03,3.861016586450901844e+00
9.903814399332522953e+03,3.861016636416257697e+00
9.903814422229488628e+03,3.861016686381550045e+00
9.903814445126454302e+03,3.861016736346780664e+00
9.903814468023419977e+03,3.861016786311948668e+00
9.903814490920385651e+03,3.861016836277054054e+00
9.903814513817351326e+03,3.861016886242097268e+00
9.903814536714317001e+03,3.861016936207076533e+00
9.903814559611282675e+03,3.861016986171992738e+00
9.903814582508246531e+03,3.861017036136840996e+00
9.903814605405212205e+03,3.861017086101630191e+00
9.903814628302177880e+03,3.861017136066356326e+00
9.903814651199143555e+03,3.861017186031017623e+00
9.903814674096109229e+03,3.861017235995614971e+00
9.903814696993074904e+03,3.861017285960148815e+00
9.903814719890040578e+03,3.861017335924617377e+00
9.903814742787006253e+03,3.861017385889021103e+00
9.903814765683971928e+03,3.861017435853359991e+00
9.903814788580937602e+03,3.861017485817634487e+00
9.903814811477903277e+03,3.861017535781844146e+00
9.903814834374868951e+03,3.861017585745988079e+00
9.903814857271834626e+03,3.861017635710065843e+00
9.903814880168800300e+03,3.861017685674078326e+00
9.903814903065765975e+03,3.861017735638025083e+00
9.903814925962731650e+03,3.861017785601905672e+00
9.903814948859697324e+03,3.861017835565719647e+00
9.903814971756662999e+03,3.861017885529468341e+00
9.903814994653628673e+03,3.861017935493149089e+00
9.903815017550594348e+03,3.861017985456764112e+00
9.903815040447560023e+03,3.861018035420311190e+00
9.903815063344525697e+03,3.861018085383791654e+00
9.903815086241491372e+03,3.861018135347205504e+00
9.903815109138457046e+03,3.861018185310550965e+00
9.903815132035422721e+03,3.861018235273829369e+00
9.903815154932388396e+03,3.861018285237039827e+00
9.903815177829354070e+03,3.861018335200182339e+00
9.903815200726319745e+03,3.861018385163256461e+00
9.903815223623285419e+03,3.861018435126262194e+00
9.903815246520251094e+03,3.861018485089199981e+00
9.903815269417216768e+03,3.861018535052068490e+00
9.903815292314182443e+03,3.861018585014868165e+00
9.903815315211148118e+03,3.861018634977599451e+00
9.903815338108113792e+03,3.861018684940260570e+00
9.903815361005079467e+03,3.861018734902852856e+00
9.903815383902043322e+03,3.861018784865371423e+00
9.903815406799008997e+03,3.861018834827824264e+00
9.903815429695974672e+03,3.861018884790207384e+00
9.903815452592940346e+03,3.861018934752519449e+00
9.903815475489906021e+03,3.861018984714762237e+00
9.903815498386871695e+03,3.861019034676934858e+00
9.903815521283837370e+03,3.861019084639035981e+00
9.903815544180803045e+03,3.861019134601066050e+00
9.903815567077768719e+03,3.861019184563025952e+00
9.903815589974734394e+03,3.861019234524914800e+00
9.903815612871700068e+03,3.861019284486731262e+00
9.903815635768665743e+03,3.861019334448477114e+00
9.903815658665631418e+03,3.861019384410151467e+00
9.903815681562597092e+03,3.861019434371752990e+00
9.903815704459562767e+03,3.861019484333283458e+00
9.903815727356528441e+03,3.861019534294741096e+00
9.903815750253494116e+03,3.861019584256126347e+00
9.903815773150459790e+03,3.861019634217439211e+00
9.903815796047425465e+03,3.861019684178679245e+00
9.903815818944391140e+03,3.861019734139846005e+00
9.903815841841356814e+03,3.861019784100940377e+00
9.903815864738322489e+03,3.861019834061960587e+00
9.903815887635288163e+03,3.861019884022908411e+00
9.903815910532253838e+03,3.861019933983782071e+00
9.903815933429219513e+03,3.861019983944581568e+00
9.903815956326185187e+03,3.861020033905307791e+00
9.903815979223150862e+03,3.861020083865958963e+00
9.903816002120116536e+03,3.861020133826536416e+00
9.903816025017082211e+03,3.861020183787039706e+00
9.903816047914047886e+03,3.861020233747467945e+00
9.903816070811013560e+03,3.861020283707820688e+00
9.903816093707979235e+03,3.861020333668098825e+00
9.903816116604944909e+03,3.861020383628302355e+00
9.903816139501910584e+03,3.861020433588429945e+00
9.903816162398876259e+03,3.861020483548481597e+00
9.903816185295840114e+03,3.861020533508453756e+00
9.903816208192805789e+03,3.861020583468354861e+00
9.903816231089771463e+03,3.861020633428178694e+00
9.903816253986737138e+03,3.861020683387927477e+00
9.903816276883702812e+03,3.861020733347598544e+00
9.903816299780668487e+03,3.861020783307193671e+00
9.903816322677634162e+03,3.861020833266711527e+00
9.903816345574599836e+03,3.861020883226153000e+00
9.903816368471565511e+03,3.861020933185516757e+00
9.903816391368531185e+03,3.861020983144803242e+00
9.903816414265496860e+03,3.861021033104012457e+00
9.903816437162462535e+03,3.861021083063143955e+00
9.903816460059428209e+03,3.861021133022197294e+00
9.903816482956393884e+03,3.861021182981173361e+00
9.903816505853359558e+03,3.861021232940070824e+00
9.903816528750325233e+03,3.861021282898889240e+00
9.903816551647290908e+03,3.861021332857629940e+00
9.903816574544256582e+03,3.861021382816291592e+00
9.903816597441222257e+03,3.861021432774874196e+00
9.903816620338187931e+03,3.861021482733378196e+00
9.903816643235153606e+03,3.861021532691802260e+00
9.903816666132119281e+03,3.861021582650146833e+00
9.903816689029084955e+03,3.861021632608412357e+00
9.903816711926050630e+03,3.861021682566598390e+00
9.903816734823016304e+03,3.861021732524703598e+00
9.903816757719981979e+03,3.861021782482728426e+00
9.903816780616947653e+03,3.861021832440673762e+00
9.903816803513913328e+03,3.861021882398537830e+00
9.903816826410879003e+03,3.861021932356321962e+00
9.903816849307844677e+03,3.861021982314025269e+00
9.903816872204810352e+03,3.861022032271647308e+00
9.903816895101776026e+03,3.861022082229187635e+00
9.903816917998741701e+03,3.861022132186646694e+00
9.903816940895707376e+03,3.861022182144024484e+00
9.903816963792673050e+03,3.861022232101320562e+00
9.903816986689636906e+03,3.861022282058531374e+00
9.903817009586602580e+03,3.861022332015662695e+00
9.903817032483568255e+03,3.861022381972712303e+00
9.903817055380533930e+03,3.861022431929680199e+00
9.903817078277499604e+03,3.861022481886565050e+00
9.903817101174465279e+03,3.861022531843366856e+00
9.903817124071430953e+03,3.861022581800085174e+00
9.903817146968396628e+03,3.861022631756721335e+00
9.903817169865362303e+03,3.861022681713273563e+00
9.903817192762327977e+03,3.861022731669742747e+00
9.903817215659293652e+03,3.861022781626127998e+00
9.903817238556259326e+03,3.861022831582428871e+00
9.903817261453225001e+03,3.861022881538646256e+00
9.903817284350190675e+03,3.861022931494779264e+00
9.903817307247156350e+03,3.861022981450828340e+00
9.903817330144122025e+03,3.861023031406792594e+00
9.903817353041087699e+03,3.861023081362672027e+00
9.903817375938053374e+03,3.861023131318466639e+00
9.903817398835019048e+03,3.861023181274175986e+00
9.903817421731984723e+03,3.861023231229800068e+00
9.903817444628950398e+03,3.861023281185338440e+00
9.903817467525916072e+03,3.861023331140791548e+00
9.903817490422881747e+03,3.861023381096159390e+00
9.903817513319847421e+03,3.861023431051440635e+00
9.903817536216813096e+03,3.861023481006635727e+00
9.903817559113778771e+03,3.861023530961744665e+00
9.903817582010744445e+03,3.861023580916767006e+00
9.903817604907710120e+03,3.861023630871702750e+00
9.903817627804675794e+03,3.861023680826551008e+00
9.903817650701641469e+03,3.861023730781313557e+00
9.903817673598607144e+03,3.861023780735987732e+00
9.903817696495572818e+03,3.861023830690574865e+00
9.903817719392538493e+03,3.861023880645074957e+00
9.903817742289504167e+03,3.861023930599487120e+00
9.903817765186469842e+03,3.861023980553810464e+00
9.903817788083433697e+03,3.861024030508042770e+00
9.903817810980399372e+03,3.861024080462189811e+00
9.903817833877365047e+03,3.861024130416249367e+00
9.903817856774330721e+03,3.861024180370220105e+00
9.903817879671296396e+03,3.861024230324101580e+00
9.903817902568262070e+03,3.861024280277894682e+00
9.903817925465227745e+03,3.861024330231598523e+00
9.903817948362193420e+03,3.861024380185212657e+00
9.903817971259159094e+03,3.861024430138737529e+00
9.903817994156124769e+03,3.861024480092172251e+00
9.903818017053090443e+03,3.861024530045518155e+00
9.903818039950056118e+03,3.861024579998773021e+00
9.903818062847021793e+03,3.861024629951938625e+00
9.903818085743987467e+03,3.861024679905013635e+00
9.903818108640953142e+03,3.861024729857997606e+00
9.903818131537918816e+03,3.861024779810890539e+00
9.903818154434884491e+03,3.861024829763692878e+00
9.903818177331850166e+03,3.861024879716404623e+00
9.903818200228815840e+03,3.861024929669024885e+00
9.903818223125781515e+03,3.861024979621554110e+00
9.903818246022747189e+03,3.861025029573990963e+00
9.903818268919712864e+03,3.861025079526336778e+00
9.903818291816678538e+03,3.861025129478589335e+00
9.903818314713644213e+03,3.861025179430750853e+00
9.903818337610609888e+03,3.861025229382820001e+00
9.903818360507575562e+03,3.861025279334796334e+00
9.903818383404541237e+03,3.861025329286679408e+00
9.903818406301506911e+03,3.861025379238470556e+00
9.903818429198472586e+03,3.861025429190168889e+00
9.903818452095438261e+03,3.861025479141773964e+00
9.903818474992403935e+03,3.861025529093284447e+00
9.903818497889369610e+03,3.861025579044702560e+00
9.903818520786335284e+03,3.861025628996026082e+00
9.903818543683300959e+03,3.861025678947256345e+00
9.903818566580266634e+03,3.861025728898392462e+00
9.903818589477230489e+03,3.861025778849430878e+00
9.903818612374196164e+03,3.861025828800377369e+00
9.903818635271161838e+03,3.861025878751230600e+00
9.903818658168127513e+03,3.861025928701988796e+00
9.903818681065093187e+03,3.861025978652651514e+00
9.903818703962058862e+03,3.861026028603219640e+00
9.903818726859024537e+03,3.861026078553692287e+00
9.903818749755990211e+03,3.861026128504068566e+00
9.903818772652955886e+03,3.861026178454350255e+00
9.903818795549921560e+03,3.861026228404535576e+00
9.903818818446887235e+03,3.861026278354625418e+00
9.903818841343852910e+03,3.861026328304618893e+00
9.903818864240818584e+03,3.861026378254515556e+00
9.903818887137784259e+03,3.861026428204315852e+00
9.903818910034749933e+03,3.861026478154019781e+00
9.903818932931715608e+03,3.861026528103626898e+00
9.903818955828681283e+03,3.861026578053135871e+00
9.903818978725646957e+03,3.861026628002548478e+00
9.903819001622612632e+03,3.861026677951863828e+00
9.903819024519578306e+03,3.861026727901080591e+00
9.903819047416543981e+03,3.861026777850200986e+00
9.903819070313509656e+03,3.861026827799222350e+00
9.903819093210475330e+03,3.861026877748146013e+00
9.903819116107441005e+03,3.861026927696970645e+00
9.903819139004406679e+03,3.861026977645698022e+00
9.903819161901372354e+03,3.861027027594325478e+00
9.903819184798338028e+03,3.861027077542854791e+00
9.903819207695303703e+03,3.861027127491285071e+00
9.903819230592269378e+03,3.861027177439616320e+00
9.903819253489235052e+03,3.861027227387847649e+00
9.903819276386200727e+03,3.861027277335979502e+00
9.903819299283166401e+03,3.861027327284011879e+00
9.903819322180132076e+03,3.861027377231944779e+00
9.903819345077097751e+03,3.861027427179776872e+00
9.903819367974061606e+03,3.861027477127505936e+00
9.903819390871027281e+03,3.861027527075136856e+00
9.903819413767992955e+03,3.861027577022667856e+00
9.903819436664958630e+03,3.861027626970098492e+00
9.903819459561924305e+03,3.861027676917428320e+00
9.903819482458889979e+03,3.861027726864655563e+00
9.903819505355855654e+03,3.861027776811782886e+00
9.903819528252821328e+03,3.861027826758808068e+00
9.903819551149787003e+03,3.861027876705732442e+00
9.903819574046752678e+03,3.861027926652554676e+00
9.903819596943718352e+03,3.861027976599273881e+00
9.903819619840684027e+03,3.861028026545891834e+00
9.903819642737649701e+03,3.861028076492407202e+00
9.903819665634615376e+03,3.861028126438820429e+00
9.903819688531581050e+03,3.861028176385130184e+00
9.903819711428546725e+03,3.861028226331337798e+00
9.903819734325512400e+03,3.861028276277441496e+00
9.903819757222478074e+03,3.861028326223442608e+00
9.903819780119443749e+03,3.861028376169339804e+00
9.903819803016409423e+03,3.861028426115134415e+00
9.903819825913375098e+03,3.861028476060824222e+00
9.903819848810340773e+03,3.861028526006410111e+00
9.903819871707306447e+03,3.861028575951892527e+00
9.903819894604272122e+03,3.861028625897269695e+00
9.903819917501237796e+03,3.861028675842542945e+00
9.903819940398203471e+03,3.861028725787711835e+00
9.903819963295169146e+03,3.861028775732775919e+00
9.903819986192134820e+03,3.861028825677734755e+00
9.903820009089100495e+03,3.861028875622587897e+00
9.903820031986066169e+03,3.861028925567335790e+00
9.903820054883031844e+03,3.861028975511979322e+00
9.903820077779997519e+03,3.861029025456516273e+00
9.903820100676963193e+03,3.861029075400947086e+00
9.903820123573928868e+03,3.861029125345272206e+00
9.903820146470894542e+03,3.861029175289490301e+00
9.903820169367858398e+03,3.861029225233598705e+00
9.903820192264824072e+03,3.861029275177604525e+00
9.903820215161789747e+03,3.861029325121503764e+00
9.903820238058755422e+03,3.861029375065295977e+00
9.903820260955721096e+03,3.861029425008980276e+00
9.903820283852686771e+03,3.861029474952557994e+00
9.903820306749652445e+03,3.861029524896027798e+00
9.903820329646618120e+03,3.861029574839390577e+00
9.903820352543583795e+03,3.861029624782645442e+00
9.903820375440549469e+03,3.861029674725792393e+00
9.903820398337515144e+03,3.861029724668830099e+00
9.903820421234480818e+03,3.861029774611759890e+00
9.903820444131446493e+03,3.861029824554581769e+00
9.903820467028412168e+03,3.861029874497294845e+00
9.903820489925377842e+03,3.861029924439898231e+00
9.903820512822343517e+03,3.861029974382393704e+00
9.903820535719309191e+03,3.861030024324779486e+00
9.903820558616274866e+03,3.861030074267055134e+00
9.903820581513240541e+03,3.861030124209222425e+00
9.903820604410206215e+03,3.861030174151278693e+00
9.903820627307171890e+03,3.861030224093225716e+00
9.903820650204137564e+03,3.861030274035062604e+00
9.903820673101103239e+03,3.861030323976789358e+00
9.903820695998068913e+03,3.861030373918405090e+00
9.903820718895034588e+03,3.861030423859910687e+00
9.903820741792000263e+03,3.861030473801305263e+00
9.903820764688965937e+03,3.861030523742588816e+00
9.903820787585931612e+03,3.861030573683761347e+00
9.903820810482897286e+03,3.861030623624821967e+00
9.903820833379862961e+03,3.861030673565772009e+00
9.903820856276828636e+03,3.861030723506609696e+00
9.903820879173794310e+03,3.861030773447335029e+00
9.903820902070759985e+03,3.861030823387948896e+00
9.903820924967725659e+03,3.861030873328450852e+00
9.903820947864691334e+03,3.861030923268840009e+00
9.903820970761655190e+03,3.861030973209112815e+00
9.903820993658620864e+03,3.861031023149276820e+00
9.903821016555586539e+03,3.861031073089327581e+00
9.903821039452552213e+03,3.861031123029265544e+00
9.903821062349517888e+03,3.861031172969089820e+00
9.903821085246483563e+03,3.861031222908800409e+00
9.903821108143449237e+03,3.861031272848397755e+00
9.903821131040414912e+03,3.861031322787881415e+00
9.903821153937380586e+03,3.861031372727251387e+00
9.903821176834346261e+03,3.861031422666506785e+00
9.903821199731311935e+03,3.861031472605647608e+00
9.903821222628277610e+03,3.861031522544673855e+00
9.903821245525243285e+03,3.861031572483585972e+00
9.903821268422208959e+03,3.861031622422382625e+00
9.903821291319174634e+03,3.861031672361064704e+00
9.903821314216140308e+03,3.861031722299631763e+00
9.903821337113105983e+03,3.861031772238082471e+00
9.903821360010071658e+03,3.861031822176418160e+00
9.903821382907037332e+03,3.861031872114637942e+00
9.903821405804003007e+03,3.861031922052742260e+00
9.903821428700968681e+03,3.861031971990730227e+00
9.903821451597934356e+03,3.861032021928601399e+00
9.903821474494900031e+03,3.861032071866356663e+00
9.903821497391865705e+03,3.861032121803994688e+00
9.903821520288831380e+03,3.861032171741516805e+00
9.903821543185797054e+03,3.861032221678920795e+00
9.903821566082762729e+03,3.861032271616208433e+00
9.903821588979728404e+03,3.861032321553378388e+00
9.903821611876694078e+03,3.861032371490431103e+00
9.903821634773659753e+03,3.861032421427366135e+00
9.903821657670625427e+03,3.861032471364183039e+00
9.903821680567591102e+03,3.861032521300882703e+00
9.903821703464556776e+03,3.861032571237462907e+00
9.903821726361522451e+03,3.861032621173925872e+00
9.903821749258488126e+03,3.861032671110269376e+00
9.903821772155451981e+03,3.861032721046489868e+00
9.903821795052417656e+03,3.861032770982596229e+00
9.903821817949383330e+03,3.861032820918583131e+00
9.903821840846349005e+03,3.861032870854450572e+00
9.903821863743314680e+03,3.861032920790199441e+00
9.903821886640280354e+03,3.861032970725827518e+00
9.903821909537246029e+03,3.861033020661336135e+00
9.903821932434211703e+03,3.861033070596725292e+00
9.903821955331177378e+03,3.861033120531993212e+00
9.903821978228143053e+03,3.861033170467142117e+00
9.903822001125108727e+03,3.861033220402169341e+00
9.903822024022074402e+03,3.861033270337076662e+00
9.903822046919040076e+03,3.861033320271863190e+00
9.903822069816005751e+03,3.861033370206528481e+00
9.903822092712971425e+03,3.861033420141072092e+00
9.903822115609937100e+03,3.861033470075494467e+00
9.903822138506902775e+03,3.861033520009795605e+00
9.903822161403868449e+03,3.861033569943975063e+00
9.903822184300834124e+03,3.861033619878031953e+00
9.903822207197799798e+03,3.861033669811967162e+00
9.903822230094765473e+03,3.861033719745779802e+00
9.903822252991731148e+03,3.861033769679469874e+00
9.903822275888696822e+03,3.861033819613038265e+00
9.903822298785662497e+03,3.861033869546483199e+00
9.903822321682628171e+03,3.861033919479804677e+00
9.903822344579593846e+03,3.861033969413003586e+00
9.903822367476559521e+03,3.861034019346079038e+00
9.903822390373525195e+03,3.861034069279031478e+00
9.903822413270490870e+03,3.861034119211860016e+00
9.903822436167456544e+03,3.861034169144564210e+00
9.903822459064422219e+03,3.861034219077144503e+00
9.903822481961387894e+03,3.861034269009600450e+00
9.903822504858353568e+03,3.861034318941932497e+00
9.903822527755319243e+03,3.861034368874139311e+00
9.903822550652284917e+03,3.861034418806222224e+00
9.903822573549248773e+03,3.861034468738175462e+00
9.903822596446214447e+03,3.861034518670008353e+00
9.903822619343180122e+03,3.861034568601715122e+00
9.903822642240145797e+03,3.861034618533296658e+00
9.903822665137111471e+03,3.861034668464752961e+00
9.903822688034077146e+03,3.861034718396083587e+00
9.903822710931042820e+03,3.861034768327287647e+00
9.903822733828008495e+03,3.861034818258365142e+00
9.903822756724974170e+03,3.861034868189316960e+00
9.903822779621939844e+03,3.861034918120142656e+00
9.903822802518905519e+03,3.861034968050841343e+00
9.903822825415871193e+03,3.861035017981413020e+00
9.903822848312836868e+03,3.861035067911857244e+00
9.903822871209802543e+03,3.861035117842175346e+00
9.903822894106768217e+03,3.861035167772365106e+00
9.903822917003733892e+03,3.861035217702427413e+00
9.903822939900699566e+03,3.861035267632362711e+00
9.903822962797665241e+03,3.861035317562169222e+00
9.903822985694630916e+03,3.861035367491847836e+00
9.903823008591596590e+03,3.861035417421398996e+00
9.903823031488562265e+03,3.861035467350820483e+00
9.903823054385527939e+03,3.861035517280114071e+00
9.903823077282493614e+03,3.861035567209278874e+00
9.903823100179459288e+03,3.861035617138314446e+00
9.903823123076424963e+03,3.861035667067221233e+00
9.903823145973390638e+03,3.861035716995997902e+00
9.903823168870356312e+03,3.861035766924645785e+00
9.903823191767321987e+03,3.861035816853163993e+00
9.903823214664287661e+03,3.861035866781551640e+00
9.903823237561253336e+03,3.861035916709809612e+00
9.903823260458219011e+03,3.861035966637937467e+00
9.903823283355184685e+03,3.861036016565935647e+00
9.903823306252150360e+03,3.861036066493802377e+00
9.903823329149116034e+03,3.861036116421537656e+00
9.903823352046081709e+03,3.861036166349143262e+00
9.903823374943045565e+03,3.861036216276613864e+00
9.903823397840011239e+03,3.861036266203957013e+00
9.903823420736976914e+03,3.861036316131168267e+00
9.903823443633942588e+03,3.861036366058248070e+00
9.903823466530908263e+03,3.861036415985195980e+00
9.903823489427873938e+03,3.861036465912011995e+00
9.903823512324839612e+03,3.861036515838695671e+00
9.903823535221805287e+03,3.861036565765247897e+00
9.903823558118770961e+03,3.861036615691666896e+00
9.903823581015736636e+03,3.861036665617953112e+00
9.903823603912702310e+03,3.861036715544107434e+00
9.903823626809667985e+03,3.861036765470127641e+00
9.903823649706633660e+03,3.861036815396014621e+00
9.903823672603599334e+03,3.861036865321768374e+00
9.903823695500565009e+03,3.861036915247389345e+00
9.903823718397530683e+03,3.861036965172876201e+00
9.903823741294496358e+03,3.861037015098228942e+00
9.903823764191462033e+03,3.861037065023447123e+00
9.903823787088427707e+03,3.861037114948531634e+00
9.903823809985393382e+03,3.861037164873481586e+00
9.903823832882359056e+03,3.861037214798296979e+00
9.903823855779324731e+03,3.861037264722977813e+00
9.903823878676290406e+03,3.861037314647523200e+00
9.903823901573256080e+03,3.861037364571934027e+00
9.903823924470221755e+03,3.861037414496209408e+00
9.903823947367187429e+03,3.861037464420348453e+00
9.903823970264153104e+03,3.861037514344352939e+00
9.903823993161118779e+03,3.861037564268220645e+00
9.903824016058084453e+03,3.861037614191953349e+00
9.903824038955050128e+03,3.861037664115548829e+00
9.903824061852015802e+03,3.861037714039008417e+00
9.903824084748981477e+03,3.861037763962331670e+00
9.903824107645947151e+03,3.861037813885517700e+00
9.903824130542912826e+03,3.861037863808567394e+00
9.903824153439878501e+03,3.861037913731478977e+00
9.903824176336842356e+03,3.861037963654250227e+00
9.903824199233808031e+03,3.861038013576888250e+00
9.903824222130773705e+03,3.861038063499387718e+00
9.903824245027739380e+03,3.861038113421749962e+00
9.903824267924705055e+03,3.861038163343974539e+00
9.903824290821670729e+03,3.861038213266060559e+00
9.903824313718636404e+03,3.861038263188008024e+00
9.903824336615602078e+03,3.861038313109817377e+00
9.903824359512567753e+03,3.861038363031488174e+00
9.903824382409533428e+03,3.861038412953019971e+00
9.903824405306499102e+03,3.861038462874412769e+00
9.903824428203464777e+03,3.861038512795666122e+00
9.903824451100430451e+03,3.861038562716780476e+00
9.903824473997396126e+03,3.861038612637754941e+00
9.903824496894361801e+03,3.861038662558589962e+00
9.903824519791327475e+03,3.861038712479285095e+00
9.903824542688293150e+03,3.861038762399840341e+00
9.903824565585258824e+03,3.861038812320254365e+00
9.903824588482224499e+03,3.861038862240528946e+00
9.903824611379190173e+03,3.861038912160662750e+00
9.903824634276155848e+03,3.861038962080655779e+00
9.903824657173121523e+03,3.861039012000507586e+00
9.903824680070087197e+03,3.861039061920218618e+00
9.903824702967052872e+03,3.861039111839787541e+00
9.903824725864018546e+03,3.861039161759216132e+00
9.903824748760984221e+03,3.861039211678502170e+00
9.903824771657949896e+03,3.861039261597646544e+00
9.903824794554915570e+03,3.861039311516648809e+00
9.903824817451881245e+03,3.861039361435509853e+00
9.903824840348846919e+03,3.861039411354227902e+00
9.903824863245812594e+03,3.861039461272803397e+00
9.903824886142778269e+03,3.861039511191235452e+00
9.903824909039743943e+03,3.861039561109525842e+00
9.903824931936709618e+03,3.861039611027671903e+00
9.903824954833675292e+03,3.861039660945675411e+00
9.903824977730639148e+03,3.861039710863531926e+00
9.903825000627604823e+03,3.861039760781247665e+00
9.903825023524570497e+03,3.861039810698820407e+00
9.903825046421536172e+03,3.861039860616248820e+00
9.903825069318501846e+03,3.861039910533533792e+00
9.903825092215467521e+03,3.861039960450674435e+00
9.903825115112433195e+03,3.861040010367670305e+00
9.903825138009398870e+03,3.861040060284520958e+00
9.903825160906364545e+03,3.861040110201227282e+00
9.903825183803330219e+03,3.861040160117788389e+00
9.903825206700295894e+03,3.861040210034204723e+00
9.903825229597261568e+03,3.861040259950475395e+00
9.903825252494227243e+03,3.861040309866601294e+00
9.903825275391192918e+03,3.861040359782580644e+00
9.903825298288158592e+03,3.861040409698414333e+00
9.903825321185124267e+03,3.861040459614101916e+00
9.903825344082089941e+03,3.861040509529643394e+00
9.903825366979055616e+03,3.861040559445037879e+00
9.903825389876021291e+03,3.861040609360286258e+00
9.903825412772986965e+03,3.861040659275387643e+00
9.903825435669952640e+03,3.861040709190342923e+00
9.903825458566918314e+03,3.861040759105150322e+00
9.903825481463883989e+03,3.861040809019810283e+00
9.903825504360849663e+03,3.861040858934323250e+00
9.903825527257815338e+03,3.861040908848687447e+00
9.903825550154781013e+03,3.861040958762905539e+00
9.903825573051746687e+03,3.861041008676974418e+00
9.903825595948712362e+03,3.861041058590895414e+00
9.903825618845678036e+03,3.861041108504668529e+00
9.903825641742643711e+03,3.861041158418292429e+00
9.903825664639609386e+03,3.861041208331768004e+00
9.903825687536575060e+03,3.861041258245094365e+00
9.903825710433540735e+03,3.861041308158271956e+00
9.903825733330506409e+03,3.861041358071299889e+00
9.903825756227472084e+03,3.861041407984179052e+00
9.903825779124435940e+03,3.861041457896904561e+00
9.903825802021401614e+03,3.861041507809483520e+00
9.903825824918367289e+03,3.861041557721913708e+00
9.903825847815332963e+03,3.861041607634192463e+00
9.903825870712298638e+03,3.861041657546321559e+00
9.903825893609264313e+03,3.861041707458300554e+00
9.903825916506229987e+03,3.861041757370129002e+00
9.903825939403195662e+03,3.861041807281806459e+00
9.903825962300161336e+03,3.861041857193332039e+00
9.903825985197127011e+03,3.861041907104707516e+00
9.903826008094092685e+03,3.861041957015931558e+00
9.903826030991058360e+03,3.861042006927003722e+00
9.903826053888024035e+03,3.861042056837924008e+00
9.903826076784989709e+03,3.861042106748691971e+00
9.903826099681955384e+03,3.861042156659308944e+00
9.903826122578921058e+03,3.861042206569772706e+00
9.903826145475886733e+03,3.861042256480084589e+00
9.903826168372852408e+03,3.861042306390244150e+00
9.903826191269818082e+03,3.861042356300250944e+00
9.903826214166783757e+03,3.861042406210104083e+00
9.903826237063749431e+03,3.861042456119804900e+00
9.903826259960715106e+03,3.861042506029352506e+00
9.903826282857680781e+03,3.861042555938746457e+00
9.903826305754646455e+03,3.861042605847986309e+00
9.903826328651612130e+03,3.861042655757072506e+00
9.903826351548577804e+03,3.861042705666005048e+00
9.903826374445543479e+03,3.861042755574783047e+00
9.903826397342509154e+03,3.861042805483406948e+00
9.903826420239474828e+03,3.861042855391876305e+00
9.903826443136440503e+03,3.861042905300191119e+00
9.903826466033406177e+03,3.861042955208350946e+00
9.903826488930371852e+03,3.861043005116355342e+00
9.903826511827337526e+03,3.861043055024204751e+00
9.903826534724303201e+03,3.861043104931899173e+00
9.903826557621268876e+03,3.861043154839437275e+00
9.903826580518232731e+03,3.861043204746815949e+00
9.903826603415198406e+03,3.861043254654043189e+00
9.903826626312164080e+03,3.861043304561113665e+00
9.903826649209129755e+03,3.861043354468028710e+00
9.903826672106095430e+03,3.861043404374786103e+00
9.903826695003061104e+03,3.861043454281387621e+00
9.903826717900026779e+03,3.861043504187831932e+00
9.903826740796992453e+03,3.861043554094119923e+00
9.903826763693958128e+03,3.861043604000249818e+00
9.903826786590923803e+03,3.861043653906222950e+00
9.903826809487889477e+03,3.861043703812038430e+00
9.903826832384855152e+03,3.861043753717696259e+00
9.903826855281820826e+03,3.861043803623196435e+00
9.903826878178786501e+03,3.861043853528538516e+00
9.903826901075752176e+03,3.861043903433722502e+00
9.903826923972717850e+03,3.861043953338747503e+00
9.903826946869683525e+03,3.861044003243613965e+00
9.903826969766649199e+03,3.861044053148322330e+00
9.903826992663614874e+03,3.861044103052871712e+00
9.903827015560580548e+03,3.861044152957261666e+00
9.903827038457546223e+03,3.861044202861492192e+00
9.903827061354511898e+03,3.861044252765563289e+00
9.903827084251477572e+03,3.861044302669475403e+00
9.903827107148443247e+03,3.861044352573226757e+00
9.903827130045408921e+03,3.861044402476818682e+00
9.903827152942374596e+03,3.861044452380250736e+00
9.903827175839340271e+03,3.861044502283521140e+00
9.903827198736305945e+03,3.861044552186632561e+00
9.903827221633271620e+03,3.861044602089582334e+00
9.903827244530237294e+03,3.861044651992372234e+00
9.903827267427202969e+03,3.861044701895000042e+00
9.903827290324168644e+03,3.861044751797467534e+00
9.903827313221134318e+03,3.861044801699772933e+00
9.903827336118099993e+03,3.861044851601917571e+00
9.903827359015065667e+03,3.861044901503899673e+00
9.903827381912029523e+03,3.861044951405716130e+00
9.903827404808995198e+03,3.861045001307374491e+00
9.903827427705960872e+03,3.861045051208870760e+00
9.903827450602926547e+03,3.861045101110204048e+00
9.903827473499892221e+03,3.861045151011374799e+00
9.903827496396857896e+03,3.861045200912383457e+00
9.903827519293823570e+03,3.861045250813228691e+00
9.903827542190789245e+03,3.861045300713910500e+00
9.903827565087754920e+03,3.861045350614429772e+00
9.903827587984720594e+03,3.861045400514784731e+00
9.903827610881686269e+03,3.861045450414976710e+00
9.903827633778651943e+03,3.861045500315004819e+00
9.903827656675617618e+03,3.861045550214868172e+00
9.903827679572583293e+03,3.861045600114567211e+00
9.903827702469548967e+03,3.861045650014102382e+00
9.903827725366514642e+03,3.861045699913473239e+00
9.903827748263480316e+03,3.861045749812679340e+00
9.903827771160445991e+03,3.861045799711719795e+00
9.903827794057411666e+03,3.861045849610595937e+00
9.903827816954377340e+03,3.861045899509306878e+00
9.903827839851343015e+03,3.861045949407851285e+00
9.903827862748308689e+03,3.861045999306231380e+00
9.903827885645274364e+03,3.861046049204444941e+00
9.903827908542240039e+03,3.861046099102492857e+00
9.903827931439205713e+03,3.861046149000374683e+00
9.903827954336171388e+03,3.861046198898089532e+00
9.903827977233137062e+03,3.861046248795638736e+00
9.903828000130102737e+03,3.861046298693020962e+00
9.903828023027068411e+03,3.861046348590236210e+00
9.903828045924034086e+03,3.861046398487284037e+00
9.903828068820999761e+03,3.861046448384165775e+00
9.903828091717965435e+03,3.861046498280879202e+00
9.903828114614931110e+03,3.861046548177425652e+00
9.903828137511896784e+03,3.861046598073804237e+00
9.903828160408862459e+03,3.861046647970014511e+00
9.903828183305826315e+03,3.861046697866052924e+00
9.903828206202791989e+03,3.861046747761927467e+00
9.903828229099757664e+03,3.861046797657632812e+00
9.903828251996723338e+03,3.861046847553169847e+00
9.903828274893689013e+03,3.861046897448538573e+00
9.903828297790654688e+03,3.861046947343737656e+00
9.903828320687620362e+03,3.861046997238767986e+00
9.903828343584586037e+03,3.861047047133629118e+00
9.903828366481551711e+03,3.861047097028321051e+00
9.903828389378517386e+03,3.861047146922842899e+00
9.903828412275483061e+03,3.861047196817194216e+00
9.903828435172448735e+03,3.861047246711376779e+00
9.903828458069414410e+03,3.861047296605387924e+00
9.903828480966380084e+03,3.861047346499228983e+00
9.903828503863345759e+03,3.861047396392899955e+00
9.903828526760311433e+03,3.861047446286400397e+00
9.903828549657277108e+03,3.861047496179729865e+00
9.903828572554242783e+03,3.861047546072888359e+00
9.903828595451208457e+03,3.861047595965874990e+00
9.903828618348174132e+03,3.861047645858690203e+00
9.903828641245139806e+03,3.861047695751334441e+00
9.903828664142105481e+03,3.861047745643805928e+00
9.903828687039071156e+03,3.861047795536106442e+00
9.903828709936036830e+03,3.861047845428234204e+00
9.903828732833002505e+03,3.861047895320190104e+00
9.903828755729968179e+03,3.861047945211973254e+00
9.903828778626933854e+03,3.861047995103584540e+00
9.903828801523899529e+03,3.861048044995021744e+00
9.903828824420865203e+03,3.861048094886286641e+00
9.903828847317830878e+03,3.861048144777378344e+00
9.903828870214796552e+03,3.861048194668296851e+00
9.903828893111762227e+03,3.861048244559041276e+00
9.903828916008727901e+03,3.861048294449612062e+00
9.903828938905693576e+03,3.861048344340009653e+00
9.903828961802659251e+03,3.861048394230232272e+00
9.903828984699623106e+03,3.861048444120277257e+00
9.903829007596588781e+03,3.861048494010150822e+00
9.903829030493554455e+03,3.861048543899850749e+00
9.903829053390520130e+03,3.861048593789375705e+00
9.903829076287485805e+03,3.861048643678725689e+00
9.903829099184451479e+03,3.861048693567900703e+00
9.903829122081417154e+03,3.861048743456900301e+00
9.903829144978382828e+03,3.861048793345724928e+00
9.903829167875348503e+03,3.861048843234372807e+00
9.903829190772314178e+03,3.861048893122846160e+00
9.903829213669279852e+03,3.861048943011142764e+00
9.903829236566245527e+03,3.861048992899262622e+00
9.903829259463211201e+03,3.861049042787207064e+00
9.903829282360176876e+03,3.861049092674974759e+00
9.903829305257142551e+03,3.861049142562565262e+00
9.903829328154108225e+03,3.861049192449979905e+00
9.903829351051073900e+03,3.861049242337216469e+00
9.903829373948039574e+03,3.861049292224276286e+00
9.903829396845005249e+03,3.861049342111158467e+00
9.903829419741970923e+03,3.861049391997863456e+00
9.903829442638936598e+03,3.861049441884389921e+00
9.903829465535902273e+03,3.861049491770739195e+00
9.903829488432867947e+03,3.861049541656910389e+00
9.903829511329833622e+03,3.861049591542903059e+00
9.903829534226799296e+03,3.861049641428717205e+00
9.903829557123764971e+03,3.861049691314352383e+00
9.903829580020730646e+03,3.861049741199809482e+00
9.903829602917696320e+03,3.861049791085086724e+00
9.903829625814661995e+03,3.861049840970184999e+00
9.903829648711627669e+03,3.861049890855104749e+00
9.903829671608593344e+03,3.861049940739844200e+00
9.903829694505559019e+03,3.861049990624403794e+00
9.903829717402524693e+03,3.861050040508784420e+00
9.903829740299490368e+03,3.861050090392983858e+00
9.903829763196456042e+03,3.861050140277004328e+00
9.903829786093419898e+03,3.861050190160839612e+00
9.903829808990385573e+03,3.861050240044498150e+00
9.903829831887351247e+03,3.861050289927975943e+00
9.903829854784316922e+03,3.861050339811272991e+00
9.903829877681282596e+03,3.861050389694389295e+00
9.903829900578248271e+03,3.861050439577324411e+00
9.903829923475213945e+03,3.861050489460077451e+00
9.903829946372179620e+03,3.861050539342649301e+00
9.903829969269145295e+03,3.861050589225039076e+00
9.903829992166110969e+03,3.861050639107246774e+00
9.903830015063076644e+03,3.861050688989272839e+00
9.903830037960042318e+03,3.861050738871115939e+00
9.903830060857007993e+03,3.861050788752776963e+00
9.903830083753973668e+03,3.861050838634255022e+00
9.903830106650939342e+03,3.861050888515549673e+00
9.903830129547905017e+03,3.861050938396661802e+00
9.903830152444870691e+03,3.861050988277590523e+00
9.903830175341836366e+03,3.861051038158336723e+00
9.903830198238802041e+03,3.861051088038898627e+00
9.903830221135767715e+03,3.861051137919277121e+00
9.903830244032733390e+03,3.861051187799471318e+00
9.903830266929699064e+03,3.861051237679481218e+00
9.903830289826664739e+03,3.861051287559308154e+00
9.903830312723630414e+03,3.861051337438949460e+00
9.903830335620596088e+03,3.861051387318406469e+00
9.903830358517561763e+03,3.861051437197678293e+00
9.903830381414527437e+03,3.861051487076764932e+00
9.903830404311493112e+03,3.861051536955667718e+00
9.903830427208458786e+03,3.861051586834383986e+00
9.903830450105424461e+03,3.861051636712914625e+00
9.903830473002390136e+03,3.861051686591260079e+00
9.903830495899355810e+03,3.861051736469420348e+00
9.903830518796321485e+03,3.861051786347393655e+00
9.903830541693287159e+03,3.861051836225180889e+00
9.903830564590252834e+03,3.861051886102781605e+00
9.903830587487216690e+03,3.861051935980191807e+00
9.903830610384182364e+03,3.861051985857419488e+00
9.903830633281148039e+03,3.861052035734460208e+00
9.903830656178113713e+03,3.861052085611314411e+00
9.903830679075079388e+03,3.861052135487980763e+00
9.903830701972045063e+03,3.861052185364459266e+00
9.903830724869010737e+03,3.861052235240750807e+00
9.903830747765976412e+03,3.861052285116854055e+00
9.903830770662942086e+03,3.861052334992769453e+00
9.903830793559907761e+03,3.861052384868497001e+00
9.903830816456873436e+03,3.861052434744036255e+00
9.903830839353839110e+03,3.861052484619386771e+00
9.903830862250804785e+03,3.861052534494548993e+00
9.903830885147770459e+03,3.861052584369521590e+00
9.903830908044736134e+03,3.861052634244305448e+00
9.903830930941701808e+03,3.861052684118900125e+00
9.903830953838667483e+03,3.861052733993306063e+00
9.903830976735633158e+03,3.861052783867521931e+00
9.903830999632598832e+03,3.861052833741548174e+00
9.903831022529564507e+03,3.861052883615384346e+00
9.903831045426530181e+03,3.861052933489030003e+00
9.903831068323495856e+03,3.861052983362486035e+00
9.903831091220461531e+03,3.861053033235751553e+00
9.903831114117427205e+03,3.861053083108826556e+00
9.903831137014392880e+03,3.861053132981710156e+00
9.903831159911358554e+03,3.861053182854403687e+00
9.903831182808324229e+03,3.861053232726904927e+00
9.903831205705289904e+03,3.861053282599216097e+00
9.903831228602255578e+03,3.861053332471334532e+00
9.903831251499221253e+03,3.861053382343262896e+00
9.903831274396186927e+03,3.861053432214998082e+00
9.903831297293152602e+03,3.861053482086541866e+00
9.903831320190118277e+03,3.861053531957893359e+00
9.903831343087083951e+03,3.861053581829052561e+00
9.903831365984049626e+03,3.861053631700019029e+00
9.903831388881013481e+03,3.861053681570787877e+00
9.903831411777979156e+03,3.861053731441369763e+00
9.903831434674944830e+03,3.861053781311757582e+00
9.903831457571910505e+03,3.861053831181951335e+00
9.903831480468876180e+03,3.861053881051952796e+00
9.903831503365841854e+03,3.861053930921760191e+00
9.903831526262807529e+03,3.861053980791373963e+00
9.903831549159773203e+03,3.861054030660793224e+00
9.903831572056738878e+03,3.861054080530018862e+00
9.903831594953704553e+03,3.861054130399050877e+00
9.903831617850670227e+03,3.861054180267887048e+00
9.903831640747635902e+03,3.861054230136529153e+00
9.903831663644601576e+03,3.861054280004977191e+00
9.903831686541567251e+03,3.861054329873228941e+00
9.903831709438532926e+03,3.861054379741286180e+00
9.903831732335498600e+03,3.861054429609148020e+00
9.903831755232464275e+03,3.861054479476814461e+00
9.903831778129429949e+03,3.861054529344284614e+00
9.903831801026395624e+03,3.861054579211559368e+00
9.903831823923361299e+03,3.861054629078637834e+00
9.903831846820326973e+03,3.861054678945520013e+00
9.903831869717292648e+03,3.861054728812205905e+00
9.903831892614258322e+03,3.861054778678695509e+00
9.903831915511223997e+03,3.861054828544987938e+00
9.903831938408189671e+03,3.861054878411083191e+00
9.903831961305155346e+03,3.861054928276981268e+00
9.903831984202121021e+03,3.861054978142683503e+00
9.903832007099086695e+03,3.861055028008186341e+00
9.903832029996052370e+03,3.861055077873492447e+00
9.903832052893018044e+03,3.861055127738600934e+00
9.903832075789983719e+03,3.861055177603510913e+00
9.903832098686949394e+03,3.861055227468222828e+00
9.903832121583915068e+03,3.861055277332736679e+00
9.903832144480880743e+03,3.861055327197052023e+00
9.903832167377846417e+03,3.861055377061167970e+00
9.903832190274810273e+03,3.861055426925081857e+00
9.903832213171775948e+03,3.861055476788800345e+00
9.903832236068741622e+03,3.861055526652319436e+00
9.903832258965707297e+03,3.861055576515639132e+00
9.903832281862672971e+03,3.861055626378759431e+00
9.903832304759638646e+03,3.861055676241679890e+00
9.903832327656604321e+03,3.861055726104400954e+00
9.903832350553569995e+03,3.861055775966920844e+00
9.903832373450535670e+03,3.861055825829240895e+00
9.903832396347501344e+03,3.861055875691360662e+00
9.903832419244467019e+03,3.861055925553280144e+00
9.903832442141432693e+03,3.861055975414998009e+00
9.903832465038398368e+03,3.861056025276515591e+00
9.903832487935364043e+03,3.861056075137831556e+00
9.903832510832329717e+03,3.861056124998945904e+00
9.903832533729295392e+03,3.861056174859859080e+00
9.903832556626261066e+03,3.861056224720570640e+00
9.903832579523226741e+03,3.861056274581080139e+00
9.903832602420192416e+03,3.861056324441387577e+00
9.903832625317158090e+03,3.861056374301492955e+00
9.903832648214123765e+03,3.861056424161395828e+00
9.903832671111089439e+03,3.861056474021095752e+00
9.903832694008055114e+03,3.861056523880594060e+00
9.903832716905020789e+03,3.861056573739888087e+00
9.903832739801986463e+03,3.861056623598979609e+00
9.903832762698952138e+03,3.861056673457868182e+00
9.903832785595917812e+03,3.861056723316552919e+00
9.903832808492883487e+03,3.861056773175034262e+00
9.903832831389849161e+03,3.861056823033311769e+00
9.903832854286814836e+03,3.861056872891384550e+00
9.903832877183780511e+03,3.861056922749253939e+00
9.903832900080746185e+03,3.861056972606918603e+00
9.903832922977711860e+03,3.861057022464378985e+00
9.903832945874677534e+03,3.861057072321635086e+00
9.903832968771643209e+03,3.861057122178685574e+00
9.903832991668607065e+03,3.861057172035527785e+00
9.903833014565572739e+03,3.861057221892167934e+00
9.903833037462538414e+03,3.861057271748603359e+00
9.903833060359504088e+03,3.861057321604832282e+00
9.903833083256469763e+03,3.861057371460856480e+00
9.903833106153435438e+03,3.861057421316674620e+00
9.903833129050401112e+03,3.861057471172286704e+00
9.903833151947366787e+03,3.861057521027691841e+00
9.903833174844332461e+03,3.861057570882890477e+00
9.903833197741298136e+03,3.861057620737883500e+00
9.903833220638263811e+03,3.861057670592669133e+00
9.903833243535229485e+03,3.861057720447247821e+00
9.903833266432195160e+03,3.861057770301619563e+00
9.903833289329160834e+03,3.861057820155783471e+00
9.903833312226126509e+03,3.861057870009740434e+00
9.903833335123092183e+03,3.861057919863488674e+00
9.903833358020057858e+03,3.861057969717030414e+00
9.903833380917023533e+03,3.861058019570362987e+00
9.903833403813989207e+03,3.861058069423488615e+00
9.903833426710954882e+03,3.861058119276404632e+00
9.903833449607920556e+03,3.861058169129112372e+00
9.903833472504886231e+03,3.861058218981611834e+00
9.903833495401851906e+03,3.861058268833902574e+00
9.903833518298817580e+03,3.861058318685983703e+00
9.903833541195783255e+03,3.861058368537855667e+00
9.903833564092748929e+03,3.861058418389518021e+00
9.903833586989714604e+03,3.861058468240971209e+00
9.903833609886680279e+03,3.861058518092213898e+00
9.903833632783645953e+03,3.861058567943246977e+00
9.903833655680611628e+03,3.861058617794070003e+00
9.903833678577577302e+03,3.861058667644682973e+00
9.903833701474542977e+03,3.861058717495085446e+00
9.903833724371508652e+03,3.861058767345276532e+00
9.903833747268474326e+03,3.861058817195257120e+00
9.903833770165440001e+03,3.861058867045026766e+00
9.903833793062403856e+03,3.861058916894581028e+00
9.903833815959369531e+03,3.861058966743928345e+00
9.903833838856335205e+03,3.861059016593063387e+00
9.903833861753300880e+03,3.861059066441987930e+00
9.903833884650266555e+03,3.861059116290699755e+00
9.903833907547232229e+03,3.861059166139199306e+00
9.903833930444197904e+03,3.861059215987487026e+00
9.903833953341163578e+03,3.861059265835562027e+00
9.903833976238129253e+03,3.861059315683424753e+00
9.903833999135094928e+03,3.861059365531074317e+00
9.903834022032060602e+03,3.861059415378511162e+00
9.903834044929026277e+03,3.861059465225734844e+00
9.903834067825991951e+03,3.861059515072745363e+00
9.903834090722957626e+03,3.861059564919541831e+00
9.903834113619923301e+03,3.861059614766125581e+00
9.903834136516888975e+03,3.861059664612494835e+00
9.903834159413854650e+03,3.861059714458650038e+00
9.903834182310820324e+03,3.861059764304590747e+00
9.903834205207785999e+03,3.861059814150318292e+00
9.903834228104751674e+03,3.861059863995830455e+00
9.903834251001717348e+03,3.861059913841127678e+00
9.903834273898683023e+03,3.861059963686210406e+00
9.903834296795648697e+03,3.861060013531078194e+00
9.903834319692614372e+03,3.861060063375729712e+00
9.903834342589580046e+03,3.861060113220167178e+00
9.903834365486545721e+03,3.861060163064387929e+00
9.903834388383511396e+03,3.861060212908394185e+00
9.903834411280477070e+03,3.861060262752183725e+00
9.903834434177442745e+03,3.861060312595756994e+00
9.903834457074408419e+03,3.861060362439113547e+00
9.903834479971374094e+03,3.861060412282254273e+00
9.903834502868339769e+03,3.861060462125178727e+00
9.903834525765305443e+03,3.861060511967885578e+00
9.903834548662271118e+03,3.861060561810375713e+00
9.903834571559236792e+03,3.861060611652648689e+00
9.903834594456200648e+03,3.861060661494700952e+00
9.903834617353166323e+03,3.861060711336538720e+00
9.903834640250131997e+03,3.861060761178158884e+00
9.903834663147097672e+03,3.861060811019561889e+00
9.903834686044063346e+03,3.861060860860746402e+00
9.903834708941029021e+03,3.861060910701712423e+00
9.903834731837994696e+03,3.861060960542459952e+00
9.903834754734960370e+03,3.861061010382988989e+00
9.903834777631926045e+03,3.861061060223300423e+00
9.903834800528891719e+03,3.861061110063391144e+00
9.903834823425857394e+03,3.861061159903263373e+00
9.903834846322823068e+03,3.861061209742917555e+00
9.903834869219788743e+03,3.861061259582351024e+00
9.903834892116754418e+03,3.861061309421565113e+00
9.903834915013720092e+03,3.861061359260558934e+00
9.903834937910685767e+03,3.861061409099333375e+00
9.903834960807651441e+03,3.861061458937887103e+00
9.903834983704617116e+03,3.861061508776221007e+00
9.903835006601582791e+03,3.861061558614333755e+00
9.903835029498548465e+03,3.861061608452226235e+00
9.903835052395514140e+03,3.861061658289898446e+00
9.903835075292479814e+03,3.861061708127348613e+00
9.903835098189445489e+03,3.861061757964577623e+00
9.903835121086411164e+03,3.861061807801585921e+00
9.903835143983376838e+03,3.861061857638372175e+00
9.903835166880342513e+03,3.861061907474936827e+00
9.903835189777308187e+03,3.861061957311279436e+00
9.903835212674273862e+03,3.861062007147399999e+00
9.903835235571239537e+03,3.861062056983298074e+00
9.903835258468205211e+03,3.861062106818973660e+00
9.903835281365170886e+03,3.861062156654426758e+00
9.903835304262136560e+03,3.861062206489657811e+00
9.903835327159102235e+03,3.861062256324665043e+00
9.903835350056067909e+03,3.861062306159448898e+00
9.903835372953033584e+03,3.861062355994010264e+00
9.903835395849997440e+03,3.861062405828343369e+00
9.903835418746963114e+03,3.861062455662457538e+00
9.903835441643928789e+03,3.861062505496346997e+00
9.903835464540894463e+03,3.861062555330013080e+00
9.903835487437860138e+03,3.861062605163454453e+00
9.903835510334825813e+03,3.861062654996672006e+00
9.903835533231791487e+03,3.861062704829663961e+00
9.903835556128757162e+03,3.861062754662431651e+00
9.903835579025722836e+03,3.861062804494974632e+00
9.903835601922688511e+03,3.861062854327293348e+00
9.903835624819654186e+03,3.861062904159385578e+00
9.903835647716619860e+03,3.861062953991252211e+00
9.903835670613585535e+03,3.861063003822894579e+00
9.903835693510551209e+03,3.861063053654309574e+00
9.903835716407516884e+03,3.861063103485499415e+00
9.903835739304482559e+03,3.861063153316463659e+00
9.903835762201448233e+03,3.861063203147200529e+00
9.903835785098413908e+03,3.861063252977711358e+00
9.903835807995379582e+03,3.861063302807995257e+00
9.903835830892345257e+03,3.861063352638052670e+00
9.903835853789310931e+03,3.861063402467882710e+00
9.903835876686276606e+03,3.861063452297485821e+00
9.903835899583242281e+03,3.861063502126862002e+00
9.903835922480207955e+03,3.861063551956009920e+00
9.903835945377173630e+03,3.861063601784930022e+00
9.903835968274139304e+03,3.861063651613622749e+00
9.903835991171104979e+03,3.861063701442086771e+00
9.903836014068070654e+03,3.861063751270322975e+00
9.903836036965036328e+03,3.861063801098330917e+00
9.903836059862002003e+03,3.861063850926110153e+00
9.903836082758967677e+03,3.861063900753660239e+00
9.903836105655933352e+03,3.861063950580981174e+00
9.903836128552899027e+03,3.861064000408073404e+00
9.903836151449864701e+03,3.861064050234936484e+00
9.903836174346830376e+03,3.861064100061569526e+00
9.903836197243794231e+03,3.861064149887969865e+00
9.903836220140759906e+03,3.861064199714143275e+00
9.903836243037725581e+03,3.861064249540086646e+00
9.903836265934691255e+03,3.861064299365800867e+00
9.903836288831656930e+03,3.861064349191283718e+00
9.903836311728622604e+03,3.861064399016536974e+00
9.903836334625588279e+03,3.861064448841558860e+00
9.903836357522553953e+03,3.861064498666350264e+00
9.903836380419519628e+03,3.861064548490909853e+00
9.903836403316485303e+03,3.861064598315238072e+00
9.903836426213450977e+03,3.861064648139336253e+00
9.903836449110416652e+03,3.861064697963201731e+00
9.903836472007382326e+03,3.861064747786835838e+00
9.903836494904348001e+03,3.861064797610237687e+00
9.903836517801313676e+03,3.861064847433407721e+00
9.903836540698279350e+03,3.861064897256345052e+00
9.903836563595245025e+03,3.861064947079050125e+00
9.903836586492210699e+03,3.861064996901522939e+00
9.903836609389176374e+03,3.861065046723762162e+00
9.903836632286142049e+03,3.861065096545768682e+00
9.903836655183107723e+03,3.861065146367542944e+00
9.903836678080073398e+03,3.861065196189083171e+00
9.903836700977039072e+03,3.861065246010388918e+00
9.903836723874004747e+03,3.861065295831461963e+00
9.903836746770970421e+03,3.861065345652300973e+00
9.903836769667936096e+03,3.861065395472905948e+00
9.903836792564901771e+03,3.861065445293276444e+00
9.903836815461867445e+03,3.861065495113412460e+00
9.903836838358833120e+03,3.861065544933314442e+00
9.903836861255798794e+03,3.861065594752981056e+00
9.903836884152764469e+03,3.861065644572413635e+00
9.903836907049730144e+03,3.861065694391610403e+00
9.903836929946695818e+03,3.861065744210571360e+00
9.903836952843661493e+03,3.861065794029297393e+00
9.903836975740627167e+03,3.861065843847788059e+00
9.903836998637591023e+03,3.861065893666038473e+00
9.903837021534556698e+03,3.861065943484057517e+00
9.903837044431522372e+03,3.861065993301839860e+00
9.903837067328488047e+03,3.861066043119385949e+00
9.903837090225453721e+03,3.861066092936695338e+00
9.903837113122419396e+03,3.861066142753768027e+00
9.903837136019385071e+03,3.861066192570604461e+00
9.903837158916350745e+03,3.861066242387202863e+00
9.903837181813316420e+03,3.861066292203565453e+00
9.903837204710282094e+03,3.861066342019689124e+00
9.903837227607247769e+03,3.861066391835575651e+00
9.903837250504213443e+03,3.861066441651225034e+00
9.903837273401179118e+03,3.861066491466636386e+00
9.903837296298144793e+03,3.861066541281808817e+00
9.903837319195110467e+03,3.861066591096744105e+00
9.903837342092076142e+03,3.861066640911440029e+00
9.903837364989041816e+03,3.861066690725897921e+00
9.903837387886007491e+03,3.861066740540116449e+00
9.903837410782973166e+03,3.861066790354095613e+00
9.903837433679938840e+03,3.861066840167836745e+00
9.903837456576904515e+03,3.861066889981338068e+00
9.903837479473870189e+03,3.861066939794600028e+00
9.903837502370835864e+03,3.861066989607622180e+00
9.903837525267801539e+03,3.861067039420404079e+00
9.903837548164767213e+03,3.861067089232946170e+00
9.903837571061732888e+03,3.861067139045248009e+00
9.903837593958698562e+03,3.861067188857310040e+00
9.903837616855664237e+03,3.861067238669131374e+00
9.903837639752629912e+03,3.861067288480711568e+00
9.903837662649595586e+03,3.861067338292050177e+00
9.903837685546561261e+03,3.861067388103148978e+00
9.903837708443526935e+03,3.861067437914005751e+00
9.903837731340492610e+03,3.861067487724621827e+00
9.903837754237458284e+03,3.861067537534995431e+00
9.903837777134423959e+03,3.861067587345127006e+00
9.903837800031387815e+03,3.861067637155013443e+00
9.903837822928353489e+03,3.861067686964661849e+00
9.903837845825319164e+03,3.861067736774066894e+00
9.903837868722284838e+03,3.861067786583229910e+00
9.903837891619250513e+03,3.861067836392150898e+00
9.903837914516216188e+03,3.861067886200828969e+00
9.903837937413181862e+03,3.861067936009263679e+00
9.903837960310147537e+03,3.861067985817454584e+00
9.903837983207113211e+03,3.861068035625402572e+00
9.903838006104078886e+03,3.861068085433106756e+00
9.903838029001044561e+03,3.861068135240568022e+00
9.903838051898010235e+03,3.861068185047784596e+00
9.903838074794975910e+03,3.861068234854757808e+00
9.903838097691941584e+03,3.861068284661485883e+00
9.903838120588907259e+03,3.861068334467970598e+00
9.903838143485872934e+03,3.861068384274209286e+00
9.903838166382838608e+03,3.861068434080204614e+00
9.903838189279804283e+03,3.861068483885953917e+00
9.903838212176769957e+03,3.861068533691458970e+00
9.903838235073735632e+03,3.861068583496717999e+00
9.903838257970701306e+03,3.861068633301731889e+00
9.903838280867666981e+03,3.861068683106499755e+00
9.903838303764632656e+03,3.861068732911022483e+00
9.903838326661598330e+03,3.861068782715298298e+00
9.903838349558564005e+03,3.861068832519328975e+00
9.903838372455529679e+03,3.861068882323111850e+00
9.903838395352495354e+03,3.861068932126650033e+00
9.903838418249461029e+03,3.861068981929939969e+00
9.903838441146426703e+03,3.861069031732983436e+00
9.903838464043392378e+03,3.861069081535779990e+00
9.903838486940358052e+03,3.861069131338329630e+00
9.903838509837323727e+03,3.861069181140631468e+00
9.903838532734289402e+03,3.861069230942685504e+00
9.903838555631255076e+03,3.861069280744492183e+00
9.903838578528220751e+03,3.861069330546050171e+00
9.903838601425184606e+03,3.861069380347356805e+00
9.903838624322150281e+03,3.861069430148418302e+00
9.903838647219115956e+03,3.861069479949232441e+00
9.903838670116081630e+03,3.861069529749797891e+00
9.903838693013047305e+03,3.861069579550113762e+00
9.903838715910012979e+03,3.861069629350180943e+00
9.903838738806978654e+03,3.861069679149998990e+00
9.903838761703944328e+03,3.861069728949567459e+00
9.903838784600910003e+03,3.861069778748886794e+00
9.903838807497875678e+03,3.861069828547955662e+00
9.903838830394841352e+03,3.861069878346774953e+00
9.903838853291807027e+03,3.861069928145345109e+00
9.903838876188772701e+03,3.861069977943663911e+00
9.903838899085738376e+03,3.861070027741732247e+00
9.903838921982704051e+03,3.861070077539550560e+00
9.903838944879669725e+03,3.861070127337117519e+00
9.903838967776635400e+03,3.861070177134434456e+00
9.903838990673601074e+03,3.861070226931500482e+00
9.903839013570566749e+03,3.861070276728313821e+00
9.903839036467532424e+03,3.861070326524876695e+00
9.903839059364498098e+03,3.861070376321188213e+00
9.903839082261463773e+03,3.861070426117246601e+00
9.903839105158429447e+03,3.861070475913054079e+00
9.903839128055395122e+03,3.861070525708609757e+00
9.903839150952360797e+03,3.861070575503912305e+00
9.903839173849326471e+03,3.861070625298962167e+00
9.903839196746292146e+03,3.861070675093759785e+00
9.903839219643257820e+03,3.861070724888303829e+00
9.903839242540223495e+03,3.861070774682595630e+00
9.903839265437189169e+03,3.861070824476634300e+00
9.903839288334154844e+03,3.861070874270418951e+00
9.903839311231120519e+03,3.861070924063950471e+00
9.903839334128086193e+03,3.861070973857227973e+00
9.903839357025051868e+03,3.861071023650251455e+00
9.903839379922017542e+03,3.861071073443020918e+00
9.903839402818981398e+03,3.861071123235532809e+00
9.903839425715947073e+03,3.861071173027793790e+00
9.903839448612912747e+03,3.861071222819799864e+00
9.903839471509878422e+03,3.861071272611551031e+00
9.903839494406844096e+03,3.861071322403047290e+00
9.903839517303809771e+03,3.861071372194289086e+00
9.903839540200775446e+03,3.861071421985275087e+00
9.903839563097741120e+03,3.861071471776005737e+00
9.903839585994706795e+03,3.861071521566480147e+00
9.903839608891672469e+03,3.861071571356699206e+00
9.903839631788638144e+03,3.861071621146662025e+00
9.903839654685603819e+03,3.861071670936369049e+00
9.903839677582569493e+03,3.861071720725819389e+00
9.903839700479535168e+03,3.861071770515013046e+00
9.903839723376500842e+03,3.861071820303950020e+00
9.903839746273466517e+03,3.861071870092630309e+00
9.903839769170432191e+03,3.861071919881052583e+00
9.903839792067397866e+03,3.861071969669219062e+00
9.903839814964363541e+03,3.861072019457127080e+00
9.903839837861329215e+03,3.861072069244777971e+00
9.903839860758294890e+03,3.861072119032171290e+00
9.903839883655260564e+03,3.861072168819306150e+00
9.903839906552226239e+03,3.861072218606182549e+00
9.903839929449191914e+03,3.861072268392801377e+00
9.903839952346157588e+03,3.861072318179160856e+00
9.903839975243123263e+03,3.861072367965262320e+00
9.903839998140088937e+03,3.861072417751104879e+00
9.903840021037054612e+03,3.861072467536688091e+00
9.903840043934020287e+03,3.861072517322013287e+00
9.903840066830985961e+03,3.861072567107078246e+00
9.903840089727951636e+03,3.861072616891883413e+00
9.903840112624917310e+03,3.861072666676429233e+00
9.903840135521882985e+03,3.861072716460714371e+00
9.903840158418848659e+03,3.861072766244740606e+00
9.903840181315812515e+03,3.861072816028502164e+00
9.903840204212778190e+03,3.861072865812007038e+00
9.903840227109743864e+03,3.861072915595251676e+00
9.903840250006709539e+03,3.861072965378234745e+00
9.903840272903675213e+03,3.861073015160957134e+00
9.903840295800640888e+03,3.861073064943419286e+00
9.903840318697606563e+03,3.861073114725618982e+00
9.903840341594572237e+03,3.861073164507557998e+00
9.903840364491537912e+03,3.861073214289235001e+00
9.903840387388503586e+03,3.861073264070650435e+00
9.903840410285469261e+03,3.861073313851803412e+00
9.903840433182434936e+03,3.861073363632695266e+00
9.903840456079400610e+03,3.861073413413323774e+00
9.903840478976366285e+03,3.861073463193690269e+00
9.903840501873331959e+03,3.861073512973793420e+00
9.903840524770297634e+03,3.861073562753634114e+00
9.903840547667263309e+03,3.861073612533211907e+00
9.903840570564228983e+03,3.861073662312525911e+00
9.903840593461194658e+03,3.861073712091577459e+00
9.903840616358160332e+03,3.861073761870363885e+00
9.903840639255126007e+03,3.861073811648888299e+00
9.903840662152091681e+03,3.861073861427147591e+00
9.903840685049057356e+03,3.861073911205143094e+00
9.903840707946023031e+03,3.861073960982873920e+00
9.903840730842988705e+03,3.861074010760341402e+00
9.903840753739954380e+03,3.861074060537543318e+00
9.903840776636920054e+03,3.861074110314480112e+00
9.903840799533885729e+03,3.861074160091153118e+00
9.903840822430851404e+03,3.861074209867560558e+00
9.903840845327817078e+03,3.861074259643701989e+00
9.903840868224782753e+03,3.861074309419577855e+00
9.903840891121748427e+03,3.861074359195188599e+00
9.903840914018714102e+03,3.861074408970532890e+00
9.903840936915679777e+03,3.861074458745611615e+00
9.903840959812645451e+03,3.861074508520424775e+00
9.903840982709609307e+03,3.861074558294967041e+00
9.903841005606574981e+03,3.861074608069245961e+00
9.903841028503540656e+03,3.861074657843259317e+00
9.903841051400506331e+03,3.861074707617004886e+00
9.903841074297472005e+03,3.861074757390483558e+00
9.903841097194437680e+03,3.861074807163695333e+00
9.903841120091403354e+03,3.861074856936638877e+00
9.903841142988369029e+03,3.861074906709315080e+00
9.903841165885334703e+03,3.861074956481723941e+00
9.903841188782300378e+03,3.861075006253864128e+00
9.903841211679266053e+03,3.861075056025737418e+00
9.903841234576231727e+03,3.861075105797341145e+00
9.903841257473197402e+03,3.861075155568677086e+00
9.903841280370163076e+03,3.861075205339743466e+00
9.903841303267128751e+03,3.861075255110541615e+00
9.903841326164094426e+03,3.861075304881070647e+00
9.903841349061060100e+03,3.861075354651330560e+00
9.903841371958025775e+03,3.861075404421321355e+00
9.903841394854991449e+03,3.861075454191042144e+00
9.903841417751957124e+03,3.861075503960492927e+00
9.903841440648922799e+03,3.861075553729674592e+00
9.903841463545888473e+03,3.861075603498585362e+00
9.903841486442854148e+03,3.861075653267226127e+00
9.903841509339819822e+03,3.861075703035596884e+00
9.903841532236785497e+03,3.861075752803697192e+00
9.903841555133751172e+03,3.861075802571526161e+00
9.903841578030716846e+03,3.861075852339083347e+00
9.903841600927682521e+03,3.861075902106370972e+00
9.903841623824648195e+03,3.861075951873386813e+00
9.903841646721613870e+03,3.861076001640130428e+00
9.903841669618579544e+03,3.861076051406602705e+00
9.903841692515545219e+03,3.861076101172803643e+00
9.903841715412510894e+03,3.861076150938732354e+00
9.903841738309476568e+03,3.861076200704388839e+00
9.903841761206442243e+03,3.861076250469773097e+00
9.903841784103406098e+03,3.861076300234881131e+00
9.903841807000371773e+03,3.861076349999719604e+00
9.903841829897337448e+03,3.861076399764285405e+00
9.903841852794303122e+03,3.861076449528578092e+00
9.903841875691268797e+03,3.861076499292597219e+00
9.903841898588234471e+03,3.861076549056344120e+00
9.903841921485200146e+03,3.861076598819816130e+00
9.903841944382165821e+03,3.861076648583015025e+00
9.903841967279131495e+03,3.861076698345939917e+00
9.903841990176097170e+03,3.861076748108591250e+00
9.903842013073062844e+03,3.861076797870967248e+00
9.903842035970028519e+03,3.861076847633068798e+00
9.903842058866994194e+03,3.861076897394896346e+00
9.903842081763959868e+03,3.861076947156449002e+00
9.903842104660925543e+03,3.861076996917726767e+00
9.903842127557891217e+03,3.861077046678729197e+00
9.903842150454856892e+03,3.861077096439455847e+00
9.903842173351822566e+03,3.861077146199906718e+00
9.903842196248788241e+03,3.861077195960082697e+00
9.903842219145753916e+03,3.861077245719982454e+00
9.903842242042719590e+03,3.861077295479606430e+00
9.903842264939685265e+03,3.861077345238954184e+00
9.903842287836650939e+03,3.861077394998025270e+00
9.903842310733616614e+03,3.861077444756819244e+00
9.903842333630582289e+03,3.861077494515337438e+00
9.903842356527547963e+03,3.861077544273578965e+00
9.903842379424513638e+03,3.861077594031542493e+00
9.903842402321479312e+03,3.861077643789228464e+00
9.903842425218444987e+03,3.861077693546637324e+00
9.903842448115410662e+03,3.861077743303768628e+00
9.903842471012376336e+03,3.861077793060622376e+00
9.903842493909342011e+03,3.861077842817198125e+00
9.903842516806307685e+03,3.861077892573495429e+00
9.903842539703273360e+03,3.861077942329514290e+00
9.903842562600239035e+03,3.861077992085255151e+00
9.903842585497202890e+03,3.861078041840713571e+00
9.903842608394168565e+03,3.861078091595895767e+00
9.903842631291134239e+03,3.861078141350799964e+00
9.903842654188099914e+03,3.861078191105424384e+00
9.903842677085065588e+03,3.861078240859769917e+00
9.903842699982031263e+03,3.861078290613836117e+00
9.903842722878996938e+03,3.861078340367622097e+00
9.903842745775962612e+03,3.861078390121127857e+00
9.903842768672928287e+03,3.861078439874353840e+00
9.903842791569893961e+03,3.861078489627300048e+00
9.903842814466859636e+03,3.861078539379964703e+00
9.903842837363825311e+03,3.861078589132349137e+00
9.903842860260790985e+03,3.861078638884453795e+00
9.903842883157756660e+03,3.861078688636276901e+00
9.903842906054722334e+03,3.861078738387818010e+00
9.903842928951688009e+03,3.861078788139078455e+00
9.903842951848653684e+03,3.861078837890057347e+00
9.903842974745619358e+03,3.861078887640755131e+00
9.903842997642585033e+03,3.861078937391170030e+00
9.903843020539550707e+03,3.861078987141303820e+00
9.903843043436516382e+03,3.861079036891154725e+00
9.903843066333482057e+03,3.861079086640723634e+00
9.903843089230447731e+03,3.861079136390009658e+00
9.903843112127413406e+03,3.861079186139013686e+00
9.903843135024379080e+03,3.861079235887733940e+00
9.903843157921344755e+03,3.861079285636171310e+00
9.903843180818310429e+03,3.861079335384325795e+00
9.903843203715276104e+03,3.861079385132196951e+00
9.903843226612241779e+03,3.861079434879784333e+00
9.903843249509207453e+03,3.861079484627087499e+00
9.903843272406173128e+03,3.861079534374107336e+00
9.903843295303138802e+03,3.861079584120842512e+00
9.903843318200104477e+03,3.861079633867293026e+00
9.903843341097070152e+03,3.861079683613460212e+00
9.903843363994035826e+03,3.861079733359341848e+00
9.903843386890999682e+03,3.861079783104935270e+00
9.903843409787965356e+03,3.861079832850247584e+00
9.903843432684931031e+03,3.861079882595273904e+00
9.903843455581896706e+03,3.861079932340015120e+00
9.903843478478862380e+03,3.861079982084471229e+00
9.903843501375828055e+03,3.861080031828642234e+00
9.903843524272793729e+03,3.861080081572526357e+00
9.903843547169759404e+03,3.861080131316124486e+00
9.903843570066725079e+03,3.861080181059436622e+00
9.903843592963690753e+03,3.861080230802462765e+00
9.903843615860656428e+03,3.861080280545201138e+00
9.903843638757622102e+03,3.861080330287654405e+00
9.903843661654587777e+03,3.861080380029819459e+00
9.903843684551553451e+03,3.861080429771697187e+00
9.903843707448519126e+03,3.861080479513288921e+00
9.903843730345484801e+03,3.861080529254592442e+00
9.903843753242450475e+03,3.861080578995607748e+00
9.903843776139416150e+03,3.861080628736335729e+00
9.903843799036381824e+03,3.861080678476775940e+00
9.903843821933347499e+03,3.861080728216927493e+00
9.903843844830313174e+03,3.861080777956791277e+00
9.903843867727278848e+03,3.861080827696365958e+00
9.903843890624244523e+03,3.861080877435652869e+00
9.903843913521210197e+03,3.861080927174649791e+00
9.903843936418175872e+03,3.861080976913358942e+00
9.903843959315141547e+03,3.861081026651777659e+00
9.903843982212107221e+03,3.861081076389907274e+00
9.903844005109072896e+03,3.861081126127747787e+00
9.903844028006038570e+03,3.861081175865298309e+00
9.903844050903004245e+03,3.861081225602558842e+00
9.903844073799969919e+03,3.861081275339529384e+00
9.903844096696935594e+03,3.861081325076209048e+00
9.903844119593901269e+03,3.861081374812598721e+00
9.903844142490866943e+03,3.861081424548697516e+00
9.903844165387832618e+03,3.861081474284506321e+00
9.903844188284796473e+03,3.861081524020019806e+00
9.903844211181762148e+03,3.861081573755245522e+00
9.903844234078727823e+03,3.861081623490180803e+00
9.903844256975693497e+03,3.861081673224823874e+00
9.903844279872659172e+03,3.861081722959175178e+00
9.903844302769624846e+03,3.861081772693235159e+00
9.903844325666590521e+03,3.861081822427002930e+00
9.903844348563556196e+03,3.861081872160478490e+00
9.903844371460521870e+03,3.861081921893661395e+00
9.903844394357487545e+03,3.861081971626552534e+00
9.903844417254453219e+03,3.861082021359150129e+00
9.903844440151418894e+03,3.861082071091454626e+00
9.903844463048384569e+03,3.861082120823466912e+00
9.903844485945350243e+03,3.861082170555185655e+00
9.903844508842315918e+03,3.861082220286610855e+00
9.903844531739281592e+03,3.861082270017742069e+00
9.903844554636247267e+03,3.861082319748580183e+00
9.903844577533212941e+03,3.861082369479123866e+00
9.903844600430178616e+03,3.861082419209373118e+00
9.903844623327144291e+03,3.861082468939328383e+00
9.903844646224109965e+03,3.861082518668989660e+00
9.903844669121075640e+03,3.861082568398356063e+00
9.903844692018041314e+03,3.861082618127427590e+00
9.903844714915006989e+03,3.861082667856203354e+00
9.903844737811972664e+03,3.861082717584684687e+00
9.903844760708938338e+03,3.861082767312870700e+00
9.903844783605904013e+03,3.861082817040760951e+00
9.903844806502869687e+03,3.861082866768355881e+00
9.903844829399835362e+03,3.861082916495653716e+00
9.903844852296801037e+03,3.861082966222656232e+00
9.903844875193766711e+03,3.861083015949362984e+00
9.903844898090732386e+03,3.861083065675773085e+00
9.903844920987698060e+03,3.861083115401886090e+00
9.903844943884663735e+03,3.861083165127702888e+00
9.903844966781629410e+03,3.861083214853222589e+00
9.903844989678593265e+03,3.861083264578440311e+00
9.903845012575558940e+03,3.861083314303365821e+00
9.903845035472524614e+03,3.861083364027993348e+00
9.903845058369490289e+03,3.861083413752324223e+00
9.903845081266455963e+03,3.861083463476355782e+00
9.903845104163421638e+03,3.861083513200089801e+00
9.903845127060387313e+03,3.861083562923525836e+00
9.903845149957352987e+03,3.861083612646664331e+00
9.903845172854318662e+03,3.861083662369503067e+00
9.903845195751284336e+03,3.861083712092043818e+00
9.903845218648250011e+03,3.861083761814285253e+00
9.903845241545215686e+03,3.861083811536227817e+00
9.903845264442181360e+03,3.861083861257871508e+00
9.903845287339147035e+03,3.861083910979215439e+00
9.903845310236112709e+03,3.861083960700259610e+00
9.903845333133078384e+03,3.861084010421004464e+00
9.903845356030044059e+03,3.861084060141448671e+00
9.903845378927009733e+03,3.861084109861593561e+00
9.903845401823975408e+03,3.861084159581437802e+00
9.903845424720941082e+03,3.861084209300981840e+00
9.903845447617906757e+03,3.861084259020224341e+00
9.903845470514872432e+03,3.861084308739167525e+00
9.903845493411838106e+03,3.861084358457808730e+00
9.903845516308803781e+03,3.861084408176148841e+00
9.903845539205769455e+03,3.861084457894187416e+00
9.903845562102735130e+03,3.861084507611925343e+00
9.903845584999700804e+03,3.861084557329361289e+00
9.903845607896666479e+03,3.861084607046494810e+00
9.903845630793632154e+03,3.861084656763326350e+00
9.903845653690597828e+03,3.861084706479856354e+00
9.903845676587563503e+03,3.861084756196083934e+00
9.903845699484529177e+03,3.861084805912008200e+00
9.903845722381494852e+03,3.861084855627630485e+00
9.903845745278460527e+03,3.861084905342949458e+00
9.903845768175426201e+03,3.861084955057965562e+00
9.903845791072390057e+03,3.861085004772674356e+00
9.903845813969355731e+03,3.861085054487082946e+00
9.903845836866321406e+03,3.861085104201189111e+00
9.903845859763287081e+03,3.861085153914991075e+00
9.903845882660252755e+03,3.861085203628488394e+00
9.903845905557218430e+03,3.861085253341682400e+00
9.903845928454184104e+03,3.861085303054572204e+00
9.903845951351149779e+03,3.861085352767156920e+00
9.903845974248115454e+03,3.861085402479437434e+00
9.903845997145081128e+03,3.861085452191412859e+00
9.903846020042046803e+03,3.861085501903082751e+00
9.903846042939012477e+03,3.861085551614448885e+00
9.903846065835978152e+03,3.861085601325508598e+00
9.903846088732943826e+03,3.861085651036262334e+00
9.903846111629909501e+03,3.861085700746711424e+00
9.903846134526875176e+03,3.861085750456854093e+00
9.903846157423840850e+03,3.861085800166690785e+00
9.903846180320806525e+03,3.861085849876221499e+00
9.903846203217772199e+03,3.861085899585445347e+00
9.903846226114737874e+03,3.861085949294362329e+00
9.903846249011703549e+03,3.861085999002973335e+00
9.903846271908669223e+03,3.861086048711277030e+00
9.903846294805634898e+03,3.861086098419273416e+00
9.903846317702600572e+03,3.861086148126962936e+00
9.903846340599566247e+03,3.861086197834344258e+00
9.903846363496531922e+03,3.861086247541418270e+00
9.903846386393497596e+03,3.861086297248184973e+00
9.903846409290463271e+03,3.861086346954643478e+00
9.903846432187428945e+03,3.861086396660793785e+00
9.903846455084394620e+03,3.861086446366635450e+00
9.903846477981360295e+03,3.861086496072168472e+00
9.903846500878325969e+03,3.861086545777393297e+00
9.903846523775291644e+03,3.861086595482309036e+00
9.903846546672257318e+03,3.861086645186915689e+00
9.903846569569222993e+03,3.861086694891212812e+00
9.903846592466186848e+03,3.861086744595197295e+00
9.903846615363152523e+03,3.861086794298875358e+00
9.903846638260118198e+03,3.861086844002244334e+00
9.903846661157083872e+03,3.861086893705302892e+00
9.903846684054049547e+03,3.861086943408051919e+00
9.903846706951015221e+03,3.861086993110490084e+00
9.903846729847980896e+03,3.861087042812617831e+00
9.903846752744946571e+03,3.861087092514435160e+00
9.903846775641912245e+03,3.861087142215941626e+00
9.903846798538877920e+03,3.861087191917137673e+00
9.903846821435843594e+03,3.861087241618021526e+00
9.903846844332809269e+03,3.861087291318594517e+00
9.903846867229774944e+03,3.861087341018856200e+00
9.903846890126740618e+03,3.861087390718806134e+00
9.903846913023706293e+03,3.861087440418443872e+00
9.903846935920671967e+03,3.861087490117769860e+00
9.903846958817637642e+03,3.861087539816783654e+00
9.903846981714603317e+03,3.861087589515485252e+00
9.903847004611568991e+03,3.861087639213874212e+00
9.903847027508534666e+03,3.861087688911950533e+00
9.903847050405500340e+03,3.861087738609712883e+00
9.903847073302466015e+03,3.861087788307163038e+00
9.903847096199431689e+03,3.861087838004299666e+00
9.903847119096397364e+03,3.861087887701123655e+00
9.903847141993363039e+03,3.861087937397632786e+00
9.903847164890328713e+03,3.861087987093829277e+00
9.903847187787294388e+03,3.861088036789711353e+00
9.903847210684260062e+03,3.861088086485279458e+00
9.903847233581225737e+03,3.861088136180533148e+00
9.903847256478191412e+03,3.861088185875471979e+00
9.903847279375157086e+03,3.861088235570096394e+00
9.903847302272122761e+03,3.861088285264405506e+00
9.903847325169088435e+03,3.861088334958399759e+00
9.903847348066054110e+03,3.861088384652079597e+00
9.903847370963019785e+03,3.861088434345443243e+00
9.903847393859983640e+03,3.861088484038488033e+00
9.903847416756949315e+03,3.861088533731221073e+00
9.903847439653914989e+03,3.861088583423638365e+00
9.903847462550880664e+03,3.861088633115738578e+00
9.903847485447846339e+03,3.861088682807523487e+00
9.903847508344812013e+03,3.861088732498991760e+00
9.903847531241777688e+03,3.861088782190142954e+00
9.903847554138743362e+03,3.861088831880977512e+00
9.903847577035709037e+03,3.861088881571495435e+00
9.903847599932674711e+03,3.861088931261696278e+00
9.903847622829640386e+03,3.861088980951580041e+00
9.903847645726606061e+03,3.861089030641145392e+00
9.903847668623571735e+03,3.861089080330394108e+00
9.903847691520537410e+03,3.861089130019324855e+00
9.903847714417503084e+03,3.861089179707937191e+00
9.903847737314468759e+03,3.861089229396231559e+00
9.903847760211434434e+03,3.861089279084207515e+00
9.903847783108400108e+03,3.861089328771865059e+00
9.903847806005365783e+03,3.861089378459204191e+00
9.903847828902331457e+03,3.861089428146223135e+00
9.903847851799297132e+03,3.861089477832924555e+00
9.903847874696262807e+03,3.861089527519305786e+00
9.903847897593228481e+03,3.861089577205368606e+00
9.903847920490194156e+03,3.861089626891111237e+00
9.903847943387159830e+03,3.861089676576533680e+00
9.903847966284125505e+03,3.861089726261637267e+00
9.903847989181091179e+03,3.861089775946420222e+00
9.903848012078056854e+03,3.861089825630882544e+00
9.903848034975022529e+03,3.861089875315024234e+00
9.903848057871988203e+03,3.861089924998846179e+00
9.903848080768953878e+03,3.861089974682347048e+00
9.903848103665919552e+03,3.861090024365526396e+00
9.903848126562885227e+03,3.861090074048384668e+00
9.903848149459850902e+03,3.861090123730922308e+00
9.903848172356816576e+03,3.861090173413137983e+00
9.903848195253780432e+03,3.861090223095029028e+00
9.903848218150746106e+03,3.861090272776601218e+00
9.903848241047711781e+03,3.861090322457850998e+00
9.903848263944677456e+03,3.861090372138779259e+00
9.903848286841643130e+03,3.861090421819384666e+00
9.903848309738608805e+03,3.861090471499667665e+00
9.903848332635574479e+03,3.861090521179628254e+00
9.903848355532540154e+03,3.861090570859265991e+00
9.903848378429505829e+03,3.861090620538580431e+00
9.903848401326471503e+03,3.861090670217570686e+00
9.903848424223437178e+03,3.861090719896238976e+00
9.903848447120402852e+03,3.861090769574583081e+00
9.903848470017368527e+03,3.861090819252603445e+00
9.903848492914334201e+03,3.861090868930299624e+00
9.903848515811299876e+03,3.861090918607671618e+00
9.903848538708265551e+03,3.861090968284719871e+00
9.903848561605231225e+03,3.861091017961443050e+00
9.903848584502196900e+03,3.861091067637841601e+00
9.903848607399162574e+03,3.861091117313916410e+00
9.903848630296128249e+03,3.861091166989664814e+00
9.903848653193093924e+03,3.861091216665089032e+00
9.903848676090059598e+03,3.861091266340187289e+00
9.903848698987025273e+03,3.861091316014959585e+00
9.903848721883990947e+03,3.861091365689407251e+00
9.903848744780956622e+03,3.861091415363528512e+00
9.903848767677922297e+03,3.861091465037323811e+00
9.903848790574887971e+03,3.861091514710792705e+00
9.903848813471853646e+03,3.861091564383935193e+00
9.903848836368819320e+03,3.861091614056750831e+00
9.903848859265784995e+03,3.861091663729240064e+00
9.903848882162750670e+03,3.861091713401402448e+00
9.903848905059716344e+03,3.861091763073237537e+00
9.903848927956682019e+03,3.861091812744745333e+00
9.903848950853647693e+03,3.861091862415925835e+00
9.903848973750613368e+03,3.861091912086778599e+00
9.903848996647577223e+03,3.861091961757299629e+00
9.903849019544542898e+03,3.861092011427496917e+00
9.903849042441508573e+03,3.861092061097365580e+00
9.903849065338474247e+03,3.861092110766906504e+00
9.903849088235439922e+03,3.861092160436117915e+00
9.903849111132405596e+03,3.861092210105001143e+00
9.903849134029371271e+03,3.861092259773556190e+00
9.903849156926336946e+03,3.861092309441780834e+00
9.903849179823302620e+03,3.861092359109677741e+00
9.903849202720268295e+03,3.861092408777244245e+00
9.903849225617233969e+03,3.861092458444480791e+00
9.903849248514199644e+03,3.861092508111388266e+00
9.903849271411165319e+03,3.861092557777965784e+00
9.903849294308130993e+03,3.861092607444213343e+00
9.903849317205096668e+03,3.861092657110130943e+00
9.903849340102062342e+03,3.861092706775717698e+00
9.903849362999028017e+03,3.861092756440973606e+00
9.903849385895993692e+03,3.861092806105899555e+00
9.903849408792959366e+03,3.861092855770493770e+00
9.903849431689925041e+03,3.861092905434756695e+00
9.903849454586890715e+03,3.861092955098688329e+00
9.903849477483856390e+03,3.861093004762289116e+00
9.903849500380822064e+03,3.861093054425558169e+00
9.903849523277787739e+03,3.861093104088494599e+00
9.903849546174753414e+03,3.861093153751099294e+00
9.903849569071719088e+03,3.861093203413372699e+00
9.903849591968684763e+03,3.861093253075313037e+00
9.903849614865650437e+03,3.861093302736920752e+00
9.903849637762616112e+03,3.861093352398195400e+00
9.903849660659581787e+03,3.861093402059138313e+00
9.903849683556547461e+03,3.861093451719746827e+00
9.903849706453513136e+03,3.861093501380022719e+00
9.903849729350478810e+03,3.861093551039965099e+00
9.903849752247444485e+03,3.861093600699573969e+00
9.903849775144410160e+03,3.861093650358848883e+00
9.903849798041374015e+03,3.861093700017786290e+00
9.903849820938339690e+03,3.861093749676393294e+00
9.903849843835305364e+03,3.861093799334665899e+00
9.903849866732271039e+03,3.861093848992604549e+00
9.903849889629236714e+03,3.861093898650207912e+00
9.903849912526202388e+03,3.861093948307476431e+00
9.903849935423168063e+03,3.861093997964410107e+00
9.903849958320133737e+03,3.861094047621008940e+00
9.903849981217099412e+03,3.861094097277272041e+00
9.903850004114065086e+03,3.861094146933199855e+00
9.903850027011030761e+03,3.861094196588791494e+00
9.903850049907996436e+03,3.861094246244047845e+00
9.903850072804962110e+03,3.861094295898968021e+00
9.903850095701927785e+03,3.861094345553551577e+00
9.903850118598893459e+03,3.861094395207799401e+00
9.903850141495859134e+03,3.861094444861710162e+00
9.903850164392824809e+03,3.861094494515284303e+00
9.903850187289790483e+03,3.861094544168521381e+00
9.903850210186756158e+03,3.861094593821421839e+00
9.903850233083721832e+03,3.861094643473984345e+00
9.903850255980687507e+03,3.861094693126210231e+00
9.903850278877653182e+03,3.861094742778097721e+00
9.903850301774618856e+03,3.861094792429647704e+00
9.903850324671584531e+03,3.861094842080859735e+00
9.903850347568550205e+03,3.861094891731732925e+00
9.903850370465515880e+03,3.861094941382268608e+00
9.903850393362481555e+03,3.861094991032465451e+00
9.903850416259447229e+03,3.861095040682323898e+00
9.903850439156412904e+03,3.861095090331843949e+00
9.903850462053378578e+03,3.861095139981024271e+00
9.903850484950344253e+03,3.861095189629865310e+00
9.903850507847309927e+03,3.861095239278366620e+00
9.903850530744275602e+03,3.861095288926529978e+00
9.903850553641241277e+03,3.861095338574351832e+00
9.903850576538206951e+03,3.861095388221834845e+00
9.903850599435170807e+03,3.861095437868973690e+00
9.903850622332136481e+03,3.861095487515775471e+00
9.903850645229102156e+03,3.861095537162237079e+00
9.903850668126067831e+03,3.861095586808358515e+00
9.903850691023033505e+03,3.861095636454139779e+00
9.903850713919999180e+03,3.861095686099578650e+00
9.903850736816964854e+03,3.861095735744677349e+00
9.903850759713930529e+03,3.861095785389434099e+00
9.903850782610896204e+03,3.861095835033849788e+00
9.903850805507861878e+03,3.861095884677924417e+00
9.903850828404827553e+03,3.861095934321656209e+00
9.903850851301793227e+03,3.861095983965046496e+00
9.903850874198758902e+03,3.861096033608094391e+00
9.903850897095724577e+03,3.861096083250799893e+00
9.903850919992690251e+03,3.861096132893163002e+00
9.903850942889655926e+03,3.861096182535183718e+00
9.903850965786621600e+03,3.861096232176860710e+00
9.903850988683587275e+03,3.861096281818194864e+00
9.903851011580552949e+03,3.861096331459186626e+00
9.903851034477518624e+03,3.861096381099834218e+00
9.903851057374484299e+03,3.861096430740138086e+00
9.903851080271449973e+03,3.861096480380098672e+00
9.903851103168415648e+03,3.861096530019715090e+00
9.903851126065381322e+03,3.861096579658988226e+00
9.903851148962346997e+03,3.861096629297916305e+00
9.903851171859312672e+03,3.861096678936499327e+00
9.903851194756278346e+03,3.861096728574738624e+00
9.903851217653244021e+03,3.861096778212632863e+00
9.903851240550209695e+03,3.861096827850182489e+00
9.903851263447175370e+03,3.861096877487386170e+00
9.903851286344141045e+03,3.861096927124245237e+00
9.903851309241106719e+03,3.861096976760758359e+00
9.903851332138072394e+03,3.861097026396925536e+00
9.903851355035038068e+03,3.861097076032746767e+00
9.903851377932003743e+03,3.861097125668222940e+00
9.903851400828967598e+03,3.861097175303347839e+00
9.903851423725933273e+03,3.861097224938131234e+00
9.903851446622898948e+03,3.861097274572568239e+00
9.903851469519864622e+03,3.861097324206657966e+00
9.903851492416830297e+03,3.861097373840400859e+00
9.903851515313795971e+03,3.861097423473796475e+00
9.903851538210761646e+03,3.861097473106844813e+00
9.903851561107727321e+03,3.861097522739546317e+00
9.903851584004692995e+03,3.861097572371899656e+00
9.903851606901658670e+03,3.861097622003904828e+00
9.903851629798624344e+03,3.861097671635562723e+00
9.903851652695590019e+03,3.861097721266872451e+00
9.903851675592555694e+03,3.861097770897833570e+00
9.903851698489521368e+03,3.861097820528446078e+00
9.903851721386487043e+03,3.861097870158710421e+00
9.903851744283452717e+03,3.861097919788625266e+00
9.903851767180418392e+03,3.861097969418191944e+00
9.903851790077384067e+03,3.861098019047409124e+00
9.903851812974349741e+03,3.861098068676276363e+00
9.903851835871315416e+03,3.861098118304794991e+00
9.903851858768281090e+03,3.861098167932962788e+00
9.903851881665246765e+03,3.861098217560781087e+00
9.903851904562212439e+03,3.861098267188249888e+00
9.903851927459178114e+03,3.861098316815368747e+00
9.903851950356143789e+03,3.861098366442135887e+00
9.903851973253109463e+03,3.861098416068553529e+00
9.903851996150075138e+03,3.861098465694619897e+00
9.903852019047040812e+03,3.861098515320335878e+00
9.903852041944006487e+03,3.861098564945700140e+00
9.903852064840972162e+03,3.861098614570712684e+00
9.903852087737937836e+03,3.861098664195374397e+00
9.903852110634903511e+03,3.861098713819684392e+00
9.903852133531869185e+03,3.861098763443643112e+00
9.903852156428834860e+03,3.861098813067249225e+00
9.903852179325800535e+03,3.861098862690503175e+00
9.903852202222764390e+03,3.861098912313400522e+00
9.903852225119730065e+03,3.861098961935950147e+00
9.903852248016695739e+03,3.861099011558146721e+00
9.903852270913661414e+03,3.861099061179990688e+00
9.903852293810627089e+03,3.861099110801480716e+00
9.903852316707592763e+03,3.861099160422618581e+00
9.903852339604558438e+03,3.861099210043402508e+00
9.903852362501524112e+03,3.861099259663832939e+00
9.903852385398489787e+03,3.861099309283909431e+00
9.903852408295455461e+03,3.861099358903632428e+00
9.903852431192421136e+03,3.861099408523001042e+00
9.903852454089386811e+03,3.861099458142014829e+00
9.903852476986352485e+03,3.861099507760675564e+00
9.903852499883318160e+03,3.861099557378980585e+00
9.903852522780283834e+03,3.861099606996930778e+00
9.903852545677249509e+03,3.861099656614526587e+00
9.903852568574215184e+03,3.861099706231767126e+00
9.903852591471180858e+03,3.861099755848651949e+00
9.903852614368146533e+03,3.861099805465181944e+00
9.903852637265112207e+03,3.861099855081355781e+00
9.903852660162077882e+03,3.861099904697173457e+00
9.903852683059043557e+03,3.861099954312636306e+00
9.903852705956009231e+03,3.861100003927741664e+00
9.903852728852974906e+03,3.861100053542491306e+00
9.903852751749940580e+03,3.861100103156884344e+00
9.903852774646906255e+03,3.861100152770920779e+00
9.903852797543871930e+03,3.861100202384599722e+00
9.903852820440837604e+03,3.861100251997922506e+00
9.903852843337803279e+03,3.861100301610887353e+00
9.903852866234768953e+03,3.861100351223495153e+00
9.903852889131734628e+03,3.861100400835745461e+00
9.903852912028700302e+03,3.861100450447637389e+00
9.903852934925665977e+03,3.861100500059171825e+00
9.903852957822631652e+03,3.861100549670348325e+00
9.903852980719597326e+03,3.861100599281166001e+00
9.903853003616561182e+03,3.861100648891621745e+00
9.903853026513526856e+03,3.861100698501722217e+00
9.903853049410492531e+03,3.861100748111464309e+00
9.903853072307458206e+03,3.861100797720847577e+00
9.903853095204423880e+03,3.861100847329871577e+00
9.903853118101389555e+03,3.861100896938535421e+00
9.903853140998355229e+03,3.861100946546840440e+00
9.903853163895320904e+03,3.861100996154786191e+00
9.903853186792286579e+03,3.861101045762371342e+00
9.903853209689252253e+03,3.861101095369596781e+00
9.903853232586217928e+03,3.861101144976461619e+00
9.903853255483183602e+03,3.861101194582966745e+00
9.903853278380149277e+03,3.861101244189110826e+00
9.903853301277114952e+03,3.861101293794894751e+00
9.903853324174080626e+03,3.861101343400317187e+00
9.903853347071046301e+03,3.861101393005378579e+00
9.903853369968011975e+03,3.861101442610078482e+00
9.903853392864977650e+03,3.861101492214417341e+00
9.903853415761943324e+03,3.861101541818394711e+00
9.903853438658908999e+03,3.861101591422009260e+00
9.903853461555874674e+03,3.861101641025263209e+00
9.903853484452840348e+03,3.861101690628154781e+00
9.903853507349806023e+03,3.861101740230683088e+00
9.903853530246771697e+03,3.861101789832849462e+00
9.903853553143737372e+03,3.861101839434653016e+00
9.903853576040703047e+03,3.861101889036094192e+00
9.903853598937668721e+03,3.861101938637171660e+00
9.903853621834634396e+03,3.861101988237886751e+00
9.903853644731600070e+03,3.861102037838238132e+00
9.903853667628565745e+03,3.861102087438225361e+00
9.903853690525531420e+03,3.861102137037849324e+00
9.903853713422497094e+03,3.861102186637110023e+00
9.903853736319462769e+03,3.861102236236005236e+00
9.903853759216428443e+03,3.861102285834537184e+00
9.903853782113394118e+03,3.861102335432704979e+00
9.903853805010357974e+03,3.861102385030503736e+00
9.903853827907323648e+03,3.861102434627941449e+00
9.903853850804289323e+03,3.861102484225014564e+00
9.903853873701254997e+03,3.861102533821722194e+00
9.903853896598220672e+03,3.861102583418065226e+00
9.903853919495186346e+03,3.861102633014042773e+00
9.903853942392152021e+03,3.861102682609653503e+00
9.903853965289117696e+03,3.861102732204899191e+00
9.903853988186083370e+03,3.861102781799778949e+00
9.903854011083049045e+03,3.861102831394292778e+00
9.903854033980014719e+03,3.861102880988440678e+00
9.903854056876980394e+03,3.861102930582220427e+00
9.903854079773946069e+03,3.861102980175634691e+00
9.903854102670911743e+03,3.861103029768681694e+00
9.903854125567877418e+03,3.861103079361361878e+00
9.903854148464843092e+03,3.861103128953674357e+00
9.903854171361808767e+03,3.861103178545620462e+00
9.903854194258774442e+03,3.861103228137198418e+00
9.903854217155740116e+03,3.861103277728407779e+00
9.903854240052705791e+03,3.861103327319250322e+00
9.903854262949671465e+03,3.861103376909724716e+00
9.903854285846637140e+03,3.861103426499830071e+00
9.903854308743602815e+03,3.861103476089567721e+00
9.903854331640568489e+03,3.861103525678936332e+00
9.903854354537534164e+03,3.861103575267936794e+00
9.903854377434499838e+03,3.861103624856567329e+00
9.903854400331465513e+03,3.861103674444829270e+00
9.903854423228431187e+03,3.861103724032722173e+00
9.903854446125396862e+03,3.861103773620245150e+00
9.903854469022362537e+03,3.861103823207398200e+00
9.903854491919328211e+03,3.861103872794182212e+00
9.903854514816293886e+03,3.861103922380594966e+00
9.903854537713259560e+03,3.861103971966638682e+00
9.903854560610225235e+03,3.861104021552311139e+00
9.903854583507190910e+03,3.861104071137614113e+00
9.903854606404154765e+03,3.861104120722541833e+00
9.903854629301120440e+03,3.861104170307102734e+00
9.903854652198086114e+03,3.861104219891292377e+00
9.903854675095051789e+03,3.861104269475110762e+00
9.903854697992017464e+03,3.861104319058557888e+00
9.903854720888983138e+03,3.861104368641633311e+00
9.903854743785948813e+03,3.861104418224336587e+00
9.903854766682914487e+03,3.861104467806669049e+00
9.903854789579880162e+03,3.861104517388628476e+00
9.903854812476845836e+03,3.861104566970215757e+00
9.903854835373811511e+03,3.861104616551430002e+00
9.903854858270777186e+03,3.861104666132272545e+00
9.903854881167742860e+03,3.861104715712741609e+00
9.903854904064708535e+03,3.861104765292838525e+00
9.903854926961674209e+03,3.861104814872561519e+00
9.903854949858639884e+03,3.861104864451911034e+00
9.903854972755605559e+03,3.861104914030887514e+00
9.903854995652571233e+03,3.861104963609490071e+00
9.903855018549536908e+03,3.861105013187719592e+00
9.903855041446502582e+03,3.861105062765573859e+00
9.903855064343468257e+03,3.861105112343054202e+00
9.903855087240433932e+03,3.861105161920160178e+00
9.903855110137399606e+03,3.861105211496892231e+00
9.903855133034365281e+03,3.861105261073248585e+00
9.903855155931330955e+03,3.861105310649230127e+00
9.903855178828296630e+03,3.861105360224837302e+00
9.903855201725262305e+03,3.861105409800069221e+00
9.903855224622227979e+03,3.861105459374924553e+00
9.903855247519193654e+03,3.861105508949405518e+00
9.903855270416159328e+03,3.861105558523510339e+00
9.903855293313125003e+03,3.861105608097238573e+00
9.903855316210090677e+03,3.861105657670591551e+00
9.903855339107056352e+03,3.861105707243567497e+00
9.903855362004022027e+03,3.861105756816166856e+00
9.903855384900987701e+03,3.861105806388390072e+00
9.903855407797951557e+03,3.861105855960232702e+00
9.903855430694917231e+03,3.861105905531701854e+00
9.903855453591882906e+03,3.861105955102793530e+00
9.903855476488848581e+03,3.861106004673508618e+00
9.903855499385814255e+03,3.861106054243845342e+00
9.903855522282779930e+03,3.861106103813804591e+00
9.903855545179745604e+03,3.861106153383386363e+00
9.903855568076711279e+03,3.861106202952589772e+00
9.903855590973676954e+03,3.861106252521414817e+00
9.903855613870642628e+03,3.861106302089861497e+00
9.903855636767608303e+03,3.861106351657930258e+00
9.903855659664573977e+03,3.861106401225619322e+00
9.903855682561539652e+03,3.861106450792929579e+00
9.903855705458505327e+03,3.861106500359860583e+00
9.903855728355471001e+03,3.861106549926413223e+00
9.903855751252436676e+03,3.861106599492585278e+00
9.903855774149402350e+03,3.861106649058378526e+00
9.903855797046368025e+03,3.861106698623791633e+00
9.903855819943333699e+03,3.861106748188824600e+00
9.903855842840299374e+03,3.861106797753477426e+00
9.903855865737265049e+03,3.861106847317750113e+00
9.903855888634230723e+03,3.861106896881642214e+00
9.903855911531196398e+03,3.861106946445153731e+00
9.903855934428162072e+03,3.861106996008284220e+00
9.903855957325127747e+03,3.861107045571033680e+00
9.903855980222093422e+03,3.861107095133401668e+00
9.903856003119059096e+03,3.861107144695388627e+00
9.903856026016024771e+03,3.861107194256993669e+00
9.903856048912990445e+03,3.861107243818217238e+00
9.903856071809956120e+03,3.861107293379058891e+00
9.903856094706921795e+03,3.861107342939519071e+00
9.903856117603887469e+03,3.861107392499596003e+00
9.903856140500853144e+03,3.861107442059290573e+00
9.903856163397818818e+03,3.861107491618602783e+00
9.903856186294784493e+03,3.861107541177532188e+00
9.903856209191748349e+03,3.861107590736074791e+00
9.903856232088714023e+03,3.861107640294238585e+00
9.903856254985679698e+03,3.861107689852018243e+00
9.903856277882645372e+03,3.861107739409415096e+00
9.903856300779611047e+03,3.861107788966427812e+00
9.903856323676576721e+03,3.861107838523056390e+00
9.903856346573542396e+03,3.861107888079301720e+00
9.903856369470508071e+03,3.861107937635162468e+00
9.903856392367473745e+03,3.861107987190638191e+00
9.903856415264439420e+03,3.861108036745730221e+00
9.903856438161405094e+03,3.861108086300438114e+00
9.903856461058370769e+03,3.861108135854760093e+00
9.903856483955336444e+03,3.861108185408697491e+00
9.903856506852302118e+03,3.861108234962248975e+00
9.903856529749267793e+03,3.861108284515415878e+00
9.903856552646233467e+03,3.861108334068196868e+00
9.903856575543199142e+03,3.861108383620592388e+00
9.903856598440164817e+03,3.861108433172601107e+00
9.903856621337130491e+03,3.861108482724223911e+00
9.903856644234096166e+03,3.861108532275461691e+00
9.903856667131061840e+03,3.861108581826311337e+00
9.903856690028027515e+03,3.861108631376775513e+00
9.903856712924993190e+03,3.861108680926852443e+00
9.903856735821958864e+03,3.861108730476542572e+00
9.903856758718924539e+03,3.861108780025845455e+00
9.903856781615890213e+03,3.861108829574761092e+00
9.903856804512855888e+03,3.861108879123289039e+00
9.903856827409821562e+03,3.861108928671428409e+00
9.903856850306787237e+03,3.861108978219181864e+00
9.903856873203752912e+03,3.861109027766545854e+00
9.903856896100718586e+03,3.861109077313522153e+00
9.903856918997684261e+03,3.861109126860109875e+00
9.903856941894649935e+03,3.861109176406309018e+00
9.903856964791615610e+03,3.861109225952119139e+00
9.903856987688581285e+03,3.861109275497540683e+00
9.903857010585545140e+03,3.861109325042569207e+00
9.903857033482510815e+03,3.861109374587212262e+00
9.903857056379476489e+03,3.861109424131465850e+00
9.903857079276442164e+03,3.861109473675330417e+00
9.903857102173407839e+03,3.861109523218804629e+00
9.903857125070373513e+03,3.861109572761888931e+00
9.903857147967339188e+03,3.861109622304583322e+00
9.903857170864304862e+03,3.861109671846887803e+00
9.903857193761270537e+03,3.861109721388801486e+00
9.903857216658236212e+03,3.861109770930323926e+00
9.903857239555201886e+03,3.861109820471456011e+00
9.903857262452167561e+03,3.861109870012196854e+00
9.903857285349133235e+03,3.861109919552546899e+00
9.903857308246098910e+03,3.861109969092505256e+00
9.903857331143064584e+03,3.861110018632071927e+00
9.903857354040030259e+03,3.861110068171246912e+00
9.903857376936995934e+03,3.861110117710030210e+00
9.903857399833961608e+03,3.861110167248421821e+00
9.903857422730927283e+03,3.861110216786420857e+00
9.903857445627892957e+03,3.861110266324027318e+00
9.903857468524858632e+03,3.861110315861241205e+00
9.903857491421824307e+03,3.861110365398062516e+00
9.903857514318789981e+03,3.861110414934490365e+00
9.903857537215755656e+03,3.861110464470526082e+00
9.903857560112721330e+03,3.861110514006167893e+00
9.903857583009687005e+03,3.861110563541416241e+00
9.903857605906652680e+03,3.861110613076271569e+00
9.903857628803618354e+03,3.861110662610732103e+00
9.903857651700584029e+03,3.861110712144799617e+00
9.903857674597549703e+03,3.861110761678472780e+00
9.903857697494515378e+03,3.861110811211750704e+00
9.903857720391481053e+03,3.861110860744635165e+00
9.903857743288446727e+03,3.861110910277124830e+00
9.903857766185412402e+03,3.861110959809218812e+00
9.903857789082378076e+03,3.861111009340917999e+00
9.903857811979341932e+03,3.861111058872218837e+00
9.903857834876307606e+03,3.861111108403127545e+00
9.903857857773273281e+03,3.861111157933641458e+00
9.903857880670238956e+03,3.861111207463758799e+00
9.903857903567204630e+03,3.861111256993480900e+00
9.903857926464170305e+03,3.861111306522806430e+00
9.903857949361135979e+03,3.861111356051735388e+00
9.903857972258101654e+03,3.861111405580268219e+00
9.903857995155067329e+03,3.861111455108405366e+00
9.903858018052033003e+03,3.861111504636144609e+00
9.903858040948998678e+03,3.861111554163486836e+00
9.903858063845964352e+03,3.861111603690432492e+00
9.903858086742930027e+03,3.861111653216981132e+00
9.903858109639895702e+03,3.861111702743130980e+00
9.903858132536861376e+03,3.861111752268884256e+00
9.903858155433827051e+03,3.861111801794240073e+00
9.903858178330792725e+03,3.861111851319196653e+00
9.903858201227758400e+03,3.861111900843756217e+00
9.903858224124724074e+03,3.861111950367916990e+00
9.903858247021689749e+03,3.861111999891678970e+00
9.903858269918655424e+03,3.861112049415042602e+00
9.903858292815621098e+03,3.861112098938006554e+00
9.903858315712586773e+03,3.861112148460572158e+00
9.903858338609552447e+03,3.861112197982739414e+00
9.903858361506518122e+03,3.861112247504506101e+00
9.903858384403483797e+03,3.861112297025873552e+00
9.903858407300449471e+03,3.861112346546841323e+00
9.903858430197415146e+03,3.861112396067408969e+00
9.903858453094380820e+03,3.861112445587576492e+00
9.903858475991346495e+03,3.861112495107343445e+00
9.903858498888312170e+03,3.861112544626710275e+00
9.903858521785277844e+03,3.861112594145676535e+00
9.903858544682243519e+03,3.861112643664242228e+00
9.903858567579209193e+03,3.861112693182406463e+00
9.903858590476174868e+03,3.861112742700170131e+00
9.903858613373138724e+03,3.861112792217527900e+00
9.903858636270104398e+03,3.861112841734488654e+00
9.903858659167070073e+03,3.861112891251047508e+00
9.903858682064035747e+03,3.861112940767204460e+00
9.903858704961001422e+03,3.861112990282959512e+00
9.903858727857967096e+03,3.861113039798312219e+00
9.903858750754932771e+03,3.861113089313262137e+00
9.903858773651898446e+03,3.861113138827810154e+00
9.903858796548864120e+03,3.861113188341955382e+00
9.903858819445829795e+03,3.861113237855697822e+00
9.903858842342795469e+03,3.861113287369037472e+00
9.903858865239761144e+03,3.861113336881973002e+00
9.903858888136726819e+03,3.861113386394505298e+00
9.903858911033692493e+03,3.861113435906634361e+00
9.903858933930658168e+03,3.861113485418359748e+00
9.903858956827623842e+03,3.861113534929680569e+00
9.903858979724589517e+03,3.861113584440598157e+00
9.903859002621555192e+03,3.861113633951110735e+00
9.903859025518520866e+03,3.861113683461218749e+00
9.903859048415486541e+03,3.861113732970922197e+00
9.903859071312452215e+03,3.861113782480221523e+00
9.903859094209417890e+03,3.861113831989114953e+00
9.903859117106383565e+03,3.861113881497603817e+00
9.903859140003349239e+03,3.861113931005687228e+00
9.903859162900314914e+03,3.861113980513365629e+00
9.903859185797280588e+03,3.861114030020637244e+00
9.903859208694246263e+03,3.861114079527503851e+00
9.903859231591211937e+03,3.861114129033964115e+00
9.903859254488177612e+03,3.861114178540018038e+00
9.903859277385143287e+03,3.861114228045665620e+00
9.903859300282108961e+03,3.861114277550906859e+00
9.903859323179074636e+03,3.861114327055741313e+00
9.903859346076040310e+03,3.861114376560168093e+00
9.903859368973005985e+03,3.861114426064188976e+00
9.903859391869971660e+03,3.861114475567801740e+00
9.903859414766935515e+03,3.861114525071004167e+00
9.903859437663901190e+03,3.861114574573801583e+00
9.903859460560866864e+03,3.861114624076192214e+00
9.903859483457832539e+03,3.861114673578173839e+00
9.903859506354798214e+03,3.861114723079748678e+00
9.903859529251763888e+03,3.861114772580914067e+00
9.903859552148729563e+03,3.861114822081671782e+00
9.903859575045695237e+03,3.861114871582020935e+00
9.903859597942660912e+03,3.861114921081959750e+00
9.903859620839626587e+03,3.861114970581490891e+00
9.903859643736592261e+03,3.861115020080612581e+00
9.903859666633557936e+03,3.861115069579325265e+00
9.903859689530523610e+03,3.861115119077628055e+00
9.903859712427489285e+03,3.861115168575520951e+00
9.903859735324454959e+03,3.861115218073003952e+00
9.903859758221420634e+03,3.861115267570077503e+00
9.903859781118386309e+03,3.861115317066739827e+00
9.903859804015351983e+03,3.861115366562992701e+00
9.903859826912317658e+03,3.861115416058834793e+00
9.903859849809283332e+03,3.861115465554266102e+00
9.903859872706249007e+03,3.861115515049286184e+00
9.903859895603214682e+03,3.861115564543895040e+00
9.903859918500180356e+03,3.861115614038093113e+00
9.903859941397146031e+03,3.861115663531879960e+00
9.903859964294111705e+03,3.861115713025254248e+00
9.903859987191077380e+03,3.861115762518217309e+00
9.903860010088043055e+03,3.861115812010767812e+00
9.903860032985008729e+03,3.861115861502907087e+00
9.903860055881974404e+03,3.861115910994633360e+00
9.903860078778940078e+03,3.861115960485947074e+00
9.903860101675905753e+03,3.861116009976848673e+00
9.903860124572871428e+03,3.861116059467337269e+00
9.903860147469837102e+03,3.861116108957412418e+00
9.903860170366802777e+03,3.861116158447074564e+00
9.903860193263768451e+03,3.861116207936323708e+00
9.903860216160732307e+03,3.861116257425155407e+00
9.903860239057697981e+03,3.861116306913576768e+00
9.903860261954663656e+03,3.861116356401584682e+00
9.903860284851629331e+03,3.861116405889177372e+00
9.903860307748595005e+03,3.861116455376357504e+00
9.903860330645560680e+03,3.861116504863122856e+00
9.903860353542526354e+03,3.861116554349472985e+00
9.903860376439492029e+03,3.861116603835408334e+00
9.903860399336457704e+03,3.861116653320928904e+00
9.903860422233423378e+03,3.861116702806034695e+00
9.903860445130389053e+03,3.861116752290724374e+00
9.903860468027354727e+03,3.861116801774998830e+00
9.903860490924320402e+03,3.861116851258858507e+00
9.903860513821286077e+03,3.861116900742301183e+00
9.903860536718251751e+03,3.861116950225329081e+00
9.903860559615217426e+03,3.861116999707939978e+00
9.903860582512183100e+03,3.861117049190134765e+00
9.903860605409148775e+03,3.861117098671912995e+00
9.903860628306114450e+03,3.861117148153273781e+00
9.903860651203080124e+03,3.861117197634219345e+00
9.903860674100045799e+03,3.861117247114747020e+00
9.903860696997011473e+03,3.861117296594857251e+00
9.903860719893977148e+03,3.861117346074550483e+00
9.903860742790942822e+03,3.861117395553825826e+00
9.903860765687908497e+03,3.861117445032683282e+00
9.903860788584874172e+03,3.861117494511122850e+00
9.903860811481839846e+03,3.861117543989144529e+00
9.903860834378805521e+03,3.861117593466748765e+00
9.903860857275771195e+03,3.861117642943933781e+00
9.903860880172736870e+03,3.861117692420699576e+00
9.903860903069702545e+03,3.861117741897047040e+00
9.903860925966668219e+03,3.861117791372975283e+00
9.903860948863633894e+03,3.861117840848485638e+00
9.903860971760599568e+03,3.861117890323575885e+00
9.903860994657563424e+03,3.861117939798242471e+00
9.903861017554529099e+03,3.861117989272493833e+00
9.903861040451494773e+03,3.861118038746324643e+00
9.903861063348460448e+03,3.861118088219735789e+00
9.903861086245426122e+03,3.861118137692726826e+00
9.903861109142391797e+03,3.861118187165296867e+00
9.903861132039357472e+03,3.861118236637447243e+00
9.903861154936323146e+03,3.861118286109176623e+00
9.903861177833288821e+03,3.861118335580485006e+00
9.903861200730254495e+03,3.861118385051372837e+00
9.903861223627220170e+03,3.861118434521838783e+00
9.903861246524185844e+03,3.861118483991883732e+00
9.903861269421151519e+03,3.861118533461506352e+00
9.903861292318117194e+03,3.861118582930708421e+00
9.903861315215082868e+03,3.861118632399488160e+00
9.903861338112048543e+03,3.861118681867845570e+00
9.903861361009014217e+03,3.861118731335780652e+00
9.903861383905979892e+03,3.861118780803292960e+00
9.903861406802945567e+03,3.861118830270383384e+00
9.903861429699911241e+03,3.861118879737050591e+00
9.903861452596876916e+03,3.861118929203294581e+00
9.903861475493842590e+03,3.861118978669115798e+00
9.903861498390808265e+03,3.861119028134513353e+00
9.903861521287773940e+03,3.861119077599487692e+00
9.903861544184739614e+03,3.861119127064038814e+00
9.903861567081705289e+03,3.861119176528165386e+00
9.903861589978670963e+03,3.861119225991867854e+00
9.903861612875636638e+03,3.861119275455146660e+00
9.903861635772602312e+03,3.861119324918000473e+00
9.903861658669567987e+03,3.861119374380430180e+00
9.903861681566533662e+03,3.861119423842435339e+00
9.903861704463499336e+03,3.861119473304015504e+00
9.903861727360465011e+03,3.861119522765169787e+00
9.903861750257430685e+03,3.861119572225899521e+00
9.903861773154396360e+03,3.861119621686204262e+00
9.903861796051360216e+03,3.861119671146078680e+00
9.903861818948325890e+03,3.861119720605531658e+00
9.903861841845291565e+03,3.861119770064558310e+00
9.903861864742257239e+03,3.861119819523159080e+00
9.903861887639222914e+03,3.861119868981333525e+00
9.903861910536188589e+03,3.861119918439081644e+00
9.903861933433154263e+03,3.861119967896402549e+00
9.903861956330119938e+03,3.861120017353298017e+00
9.903861979227085612e+03,3.861120066809765383e+00
9.903862002124051287e+03,3.861120116265805535e+00
9.903862025021016962e+03,3.861120165721418473e+00
9.903862047917982636e+03,3.861120215176604642e+00
9.903862070814948311e+03,3.861120264631361820e+00
9.903862093711913985e+03,3.861120314085692229e+00
9.903862116608879660e+03,3.861120363539594535e+00
9.903862139505845334e+03,3.861120412993067852e+00
9.903862162402811009e+03,3.861120462446113510e+00
9.903862185299776684e+03,3.861120511898729735e+00
9.903862208196742358e+03,3.861120561350917413e+00
9.903862231093708033e+03,3.861120610802676989e+00
9.903862253990673707e+03,3.861120660254007575e+00
9.903862276887639382e+03,3.861120709704907838e+00
9.903862299784605057e+03,3.861120759155379556e+00
9.903862322681570731e+03,3.861120808605420951e+00
9.903862345578536406e+03,3.861120858055032912e+00
9.903862368475502080e+03,3.861120907504214994e+00
9.903862391372467755e+03,3.861120956952966310e+00
9.903862414269433430e+03,3.861121006401288636e+00
9.903862437166399104e+03,3.861121055849179307e+00
9.903862460063364779e+03,3.861121105296640099e+00
9.903862482960330453e+03,3.861121154743669681e+00
9.903862505857296128e+03,3.861121204190268053e+00
9.903862528754261803e+03,3.861121253636435213e+00
9.903862551651227477e+03,3.861121303082171607e+00
9.903862574548193152e+03,3.861121352527475459e+00
9.903862597445157007e+03,3.861121401972344547e+00
9.903862620342122682e+03,3.861121451416785533e+00
9.903862643239088356e+03,3.861121500860794420e+00
9.903862666136054031e+03,3.861121550304370764e+00
9.903862689033019706e+03,3.861121599747514566e+00
9.903862711929985380e+03,3.861121649190227156e+00
9.903862734826951055e+03,3.861121698632505428e+00
9.903862757723916729e+03,3.861121748074352045e+00
9.903862780620882404e+03,3.861121797515764786e+00
9.903862803517848079e+03,3.861121846956743653e+00
9.903862826414813753e+03,3.861121896397289976e+00
9.903862849311779428e+03,3.861121945837402425e+00
9.903862872208745102e+03,3.861121995277081442e+00
9.903862895105710777e+03,3.861122044716326585e+00
9.903862918002676452e+03,3.861122094155136963e+00
9.903862940899642126e+03,3.861122143593513023e+00
9.903862963796607801e+03,3.861122193031454319e+00
9.903862986693573475e+03,3.861122242468962185e+00
9.903863009590539150e+03,3.861122291906033510e+00
9.903863032487504825e+03,3.861122341342671405e+00
9.903863055384470499e+03,3.861122390778873648e+00
9.903863078281436174e+03,3.861122440214639795e+00
9.903863101178401848e+03,3.861122489649971179e+00
9.903863124075367523e+03,3.861122539084866467e+00
9.903863146972333197e+03,3.861122588519326104e+00
9.903863169869298872e+03,3.861122637953349646e+00
9.903863192766264547e+03,3.861122687386937091e+00
9.903863215663230221e+03,3.861122736820087109e+00
9.903863238560195896e+03,3.861122786252801475e+00
9.903863261457161570e+03,3.861122835685079302e+00
9.903863284354127245e+03,3.861122885116919701e+00
9.903863307251092920e+03,3.861122934548322672e+00
9.903863330148058594e+03,3.861122983979289103e+00
9.903863353045024269e+03,3.861123033409818106e+00
9.903863375941989943e+03,3.861123082839908793e+00
9.903863398838953799e+03,3.861123132269557612e+00
9.903863421735919474e+03,3.861123181698772555e+00
9.903863444632885148e+03,3.861123231127549627e+00
9.903863467529850823e+03,3.861123280555888826e+00
9.903863490426816497e+03,3.861123329983788821e+00
9.903863513323782172e+03,3.861123379411250056e+00
9.903863536220747847e+03,3.861123428838272531e+00
9.903863559117713521e+03,3.861123478264856246e+00
9.903863582014679196e+03,3.861123527691001200e+00
9.903863604911644870e+03,3.861123577116706063e+00
9.903863627808610545e+03,3.861123626541971721e+00
9.903863650705576219e+03,3.861123675966797286e+00
9.903863673602541894e+03,3.861123725391183203e+00
9.903863696499507569e+03,3.861123774815128584e+00
9.903863719396473243e+03,3.861123824238634317e+00
9.903863742293438918e+03,3.861123873661699513e+00
9.903863765190404592e+03,3.861123923084324172e+00
9.903863788087370267e+03,3.861123972506507851e+00
9.903863810984335942e+03,3.861124021928250549e+00
9.903863833881301616e+03,3.861124071349551823e+00
9.903863856778267291e+03,3.861124120770412116e+00
9.903863879675232965e+03,3.861124170190831428e+00
9.903863902572198640e+03,3.861124219610808428e+00
9.903863925469164315e+03,3.861124269030344003e+00
9.903863948366129989e+03,3.861124318449437265e+00
9.903863971263095664e+03,3.861124367868087770e+00
9.903863994160061338e+03,3.861124417286297295e+00
9.903864017057027013e+03,3.861124466704063174e+00
9.903864039953992688e+03,3.861124516121387185e+00
9.903864062850958362e+03,3.861124565538267994e+00
9.903864085747924037e+03,3.861124614954706047e+00
9.903864108644889711e+03,3.861124664370699566e+00
9.903864131541855386e+03,3.861124713786251217e+00
9.903864154438821060e+03,3.861124763201358778e+00
9.903864177335786735e+03,3.861124812616022250e+00
9.903864200232750591e+03,3.861124862030238525e+00
9.903864223129716265e+03,3.861124911444014263e+00
9.903864246026681940e+03,3.861124960857345467e+00
9.903864268923647614e+03,3.861125010270233471e+00
9.903864291820613289e+03,3.861125059682675165e+00
9.903864314717578964e+03,3.861125109094673213e+00
9.903864337614544638e+03,3.861125158506226285e+00
9.903864360511510313e+03,3.861125207917333491e+00
9.903864383408475987e+03,3.861125257327995719e+00
9.903864406305441662e+03,3.861125306738212526e+00
9.903864429202407337e+03,3.861125356147983911e+00
9.903864452099373011e+03,3.861125405557308987e+00
9.903864474996338686e+03,3.861125454966188197e+00
9.903864497893304360e+03,3.861125504374621098e+00
9.903864520790270035e+03,3.861125553782607689e+00
9.903864543687235710e+03,3.861125603190148414e+00
9.903864566584201384e+03,3.861125652597241942e+00
9.903864589481167059e+03,3.861125702003888716e+00
9.903864612378132733e+03,3.861125751410088291e+00
9.903864635275098408e+03,3.861125800815840226e+00
9.903864658172064082e+03,3.861125850221145850e+00
9.903864681069029757e+03,3.861125899626002944e+00
9.903864703965995432e+03,3.861125949030412396e+00
9.903864726862961106e+03,3.861125998434374207e+00
9.903864749759926781e+03,3.861126047837887043e+00
9.903864772656892455e+03,3.861126097240953126e+00
9.903864795553858130e+03,3.861126146643569790e+00
9.903864818450823805e+03,3.861126196045737924e+00
9.903864841347789479e+03,3.861126245447457084e+00
9.903864864244755154e+03,3.861126294848728158e+00
9.903864887141720828e+03,3.861126344249549369e+00
9.903864910038686503e+03,3.861126393649921162e+00
9.903864932935652178e+03,3.861126443049843537e+00
9.903864955832617852e+03,3.861126492449316494e+00
9.903864978729583527e+03,3.861126541848340032e+00
9.903865001626547382e+03,3.861126591246908379e+00
9.903865024523513057e+03,3.861126640645032193e+00
9.903865047420478732e+03,3.861126690042703924e+00
9.903865070317444406e+03,3.861126739439925792e+00
9.903865093214410081e+03,3.861126788836696910e+00
9.903865116111375755e+03,3.861126838233016834e+00
9.903865139008341430e+03,3.861126887628886450e+00
9.903865161905307104e+03,3.861126937024304873e+00
9.903865184802272779e+03,3.861126986419270768e+00
9.903865207699238454e+03,3.861127035813785913e+00
9.903865230596204128e+03,3.861127085207848975e+00
9.903865253493169803e+03,3.861127134601460842e+00
9.903865276390135477e+03,3.861127183994619738e+00
9.903865299287101152e+03,3.861127233387326552e+00
9.903865322184066827e+03,3.861127282779581282e+00
9.903865345081032501e+03,3.861127332171382598e+00
9.903865367977998176e+03,3.861127381562731387e+00
9.903865390874963850e+03,3.861127430953627648e+00
9.903865413771929525e+03,3.861127480344070495e+00
9.903865436668895200e+03,3.861127529734059927e+00
9.903865459565860874e+03,3.861127579123595943e+00
9.903865482462826549e+03,3.861127628512678545e+00
9.903865505359792223e+03,3.861127677901307287e+00
9.903865528256757898e+03,3.861127727289482170e+00
9.903865551153723572e+03,3.861127776677201862e+00
9.903865574050689247e+03,3.861127826064468138e+00
9.903865596947654922e+03,3.861127875451279223e+00
9.903865619844620596e+03,3.861127924837635561e+00
9.903865642741586271e+03,3.861127974223537151e+00
9.903865665638551945e+03,3.861128023608983995e+00
9.903865688535517620e+03,3.861128072993975646e+00
9.903865711432483295e+03,3.861128122378510774e+00
9.903865734329448969e+03,3.861128171762591599e+00
9.903865757226414644e+03,3.861128221146216788e+00
9.903865780123380318e+03,3.861128270529385009e+00
9.903865803020344174e+03,3.861128319912093154e+00
9.903865825917309849e+03,3.861128369294349660e+00
9.903865848814275523e+03,3.861128418676149199e+00
9.903865871711241198e+03,3.861128468057492658e+00
9.903865894608206872e+03,3.861128517438378704e+00
9.903865917505172547e+03,3.861128566818808672e+00
9.903865940402138222e+03,3.861128616198780783e+00
9.903865963299103896e+03,3.861128665578295482e+00
9.903865986196069571e+03,3.861128714957353214e+00
9.903866009093035245e+03,3.861128764335952201e+00
9.903866031990000920e+03,3.861128813714094221e+00
9.903866054886966594e+03,3.861128863091777941e+00
9.903866077783932269e+03,3.861128912469002916e+00
9.903866100680897944e+03,3.861128961845770480e+00
9.903866123577863618e+03,3.861129011222079299e+00
9.903866146474829293e+03,3.861129060597928930e+00
9.903866169371794967e+03,3.861129109973319817e+00
9.903866192268760642e+03,3.861129159348251960e+00
9.903866215165726317e+03,3.861129208722724915e+00
9.903866238062691991e+03,3.861129258096737349e+00
9.903866260959657666e+03,3.861129307470291483e+00
9.903866283856623340e+03,3.861129356843385096e+00
9.903866306753589015e+03,3.861129406216018634e+00
9.903866329650554690e+03,3.861129455588192538e+00
9.903866352547520364e+03,3.861129504959905479e+00
9.903866375444486039e+03,3.861129554331159230e+00
9.903866398341451713e+03,3.861129603701951574e+00
9.903866421238417388e+03,3.861129653072282508e+00
9.903866444135383063e+03,3.861129702442152922e+00
9.903866467032348737e+03,3.861129751811562816e+00
9.903866489929314412e+03,3.861129801180510412e+00
9.903866512826280086e+03,3.861129850548997045e+00
9.903866535723245761e+03,3.861129899917021824e+00
9.903866558620211435e+03,3.861129949284584750e+00
9.903866581517177110e+03,3.861129998651685380e+00
9.903866604414140966e+03,3.861130048018319716e+00
9.903866627311106640e+03,3.861130097384496640e+00
9.903866650208072315e+03,3.861130146750210379e+00
9.903866673105037989e+03,3.861130196115460489e+00
9.903866696002003664e+03,3.861130245480248746e+00
9.903866718898969339e+03,3.861130294844574262e+00
9.903866741795935013e+03,3.861130344208435705e+00
9.903866764692900688e+03,3.861130393571833519e+00
9.903866787589866362e+03,3.861130442934768592e+00
9.903866810486832037e+03,3.861130492297239147e+00
9.903866833383797712e+03,3.861130541659246074e+00
9.903866856280763386e+03,3.861130591020788927e+00
9.903866879177729061e+03,3.861130640381866819e+00
9.903866902074694735e+03,3.861130689742480637e+00
9.903866924971660410e+03,3.861130739102630383e+00
9.903866947868626085e+03,3.861130788462315166e+00
9.903866970765591759e+03,3.861130837821534545e+00
9.903866993662557434e+03,3.861130887180288518e+00
9.903867016559523108e+03,3.861130936538577085e+00
9.903867039456488783e+03,3.861130985896401135e+00
9.903867062353454457e+03,3.861131035253758892e+00
9.903867085250420132e+03,3.861131084610650355e+00
9.903867108147385807e+03,3.861131133967076412e+00
9.903867131044351481e+03,3.861131183323035287e+00
9.903867153941317156e+03,3.861131232678528757e+00
9.903867176838282830e+03,3.861131282033555046e+00
9.903867199735248505e+03,3.861131331388115484e+00
9.903867222632214180e+03,3.861131380742208297e+00
9.903867245529179854e+03,3.861131430095833927e+00
9.903867268426145529e+03,3.861131479448992820e+00
9.903867291323111203e+03,3.861131528801683643e+00
9.903867314220076878e+03,3.861131578153907284e+00
9.903867337117042553e+03,3.861131627505662856e+00
9.903867360014008227e+03,3.861131676856951245e+00
9.903867382910973902e+03,3.861131726207770676e+00
9.903867405807937757e+03,3.861131775558118040e+00
9.903867428704903432e+03,3.861131824908000887e+00
9.903867451601869107e+03,3.861131874257414776e+00
9.903867474498834781e+03,3.861131923606359706e+00
9.903867497395800456e+03,3.861131972954835678e+00
9.903867520292766130e+03,3.861132022302843136e+00
9.903867543189731805e+03,3.861132071650380748e+00
9.903867566086697479e+03,3.861132120997448958e+00
9.903867588983663154e+03,3.861132170344047765e+00
9.903867611880628829e+03,3.861132219690176282e+00
9.903867634777594503e+03,3.861132269035835396e+00
9.903867657674560178e+03,3.861132318381023332e+00
9.903867680571525852e+03,3.861132367725741421e+00
9.903867703468491527e+03,3.861132417069988332e+00
9.903867726365457202e+03,3.861132466413764952e+00
9.903867749262422876e+03,3.861132515757070838e+00
9.903867772159388551e+03,3.861132565099905545e+00
9.903867795056354225e+03,3.861132614442268629e+00
9.903867817953319900e+03,3.861132663784160535e+00
9.903867840850285575e+03,3.861132713125580818e+00
9.903867863747251249e+03,3.861132762466529922e+00
9.903867886644216924e+03,3.861132811807005627e+00
9.903867909541182598e+03,3.861132861147009709e+00
9.903867932438148273e+03,3.861132910486541725e+00
9.903867955335113948e+03,3.861132959825601674e+00
9.903867978232079622e+03,3.861133009164188223e+00
9.903868001129045297e+03,3.861133058502302706e+00
9.903868024026010971e+03,3.861133107839943346e+00
9.903868046922976646e+03,3.861133157177111475e+00
9.903868069819942320e+03,3.861133206513805316e+00
9.903868092716907995e+03,3.861133255850026647e+00
9.903868115613873670e+03,3.861133305185774134e+00
9.903868138510839344e+03,3.861133354521047334e+00
9.903868161407805019e+03,3.861133403855846247e+00
9.903868184304770693e+03,3.861133453190171316e+00
9.903868207201734549e+03,3.861133502524018102e+00
9.903868230098700224e+03,3.861133551857394153e+00
9.903868252995665898e+03,3.861133601190295472e+00
9.903868275892631573e+03,3.861133650522722061e+00
9.903868298789597247e+03,3.861133699854673029e+00
9.903868321686562922e+03,3.861133749186148822e+00
9.903868344583528597e+03,3.861133798517149884e+00
9.903868367480494271e+03,3.861133847847674438e+00
9.903868390377459946e+03,3.861133897177723373e+00
9.903868413274425620e+03,3.861133946507296688e+00
9.903868436171391295e+03,3.861133995836393940e+00
9.903868459068356970e+03,3.861134045165014683e+00
9.903868481965322644e+03,3.861134094493158031e+00
9.903868504862288319e+03,3.861134143820825759e+00
9.903868527759253993e+03,3.861134193148016092e+00
9.903868550656219668e+03,3.861134242474729916e+00
9.903868573553185342e+03,3.861134291800966345e+00
9.903868596450151017e+03,3.861134341126725822e+00
9.903868619347116692e+03,3.861134390452007459e+00
9.903868642244082366e+03,3.861134439776810812e+00
9.903868665141048041e+03,3.861134489101136325e+00
9.903868688038013715e+03,3.861134538424984886e+00
9.903868710934979390e+03,3.861134587748354274e+00
9.903868733831945065e+03,3.861134637071245823e+00
9.903868756728910739e+03,3.861134686393657756e+00
9.903868779625876414e+03,3.861134735715592292e+00
9.903868802522842088e+03,3.861134785037046768e+00
9.903868825419807763e+03,3.861134834358022516e+00
9.903868848316773438e+03,3.861134883678519536e+00
9.903868871213739112e+03,3.861134932998536495e+00
9.903868894110704787e+03,3.861134982318073838e+00
9.903868917007670461e+03,3.861135031637131565e+00
9.903868939904636136e+03,3.861135080955709675e+00
9.903868962801601810e+03,3.861135130273806393e+00
9.903868985698567485e+03,3.861135179591423494e+00
9.903869008595531341e+03,3.861135228908556538e+00
9.903869031492497015e+03,3.861135278225212630e+00
9.903869054389462690e+03,3.861135327541387774e+00
9.903869077286428364e+03,3.861135376857081525e+00
9.903869100183394039e+03,3.861135426172294327e+00
9.903869123080359714e+03,3.861135475487026181e+00
9.903869145977325388e+03,3.861135524801276642e+00
9.903869168874291063e+03,3.861135574115044378e+00
9.903869191771256737e+03,3.861135623428331165e+00
9.903869214668222412e+03,3.861135672741135672e+00
9.903869237565188087e+03,3.861135722053457009e+00
9.903869260462153761e+03,3.861135771365297398e+00
9.903869283359119436e+03,3.861135820676654618e+00
9.903869306256085110e+03,3.861135869987528668e+00
9.903869329153050785e+03,3.861135919297919994e+00
9.903869352050016460e+03,3.861135968607828151e+00
9.903869374946982134e+03,3.861136017917253582e+00
9.903869397843947809e+03,3.861136067226194957e+00
9.903869420740913483e+03,3.861136116534652718e+00
9.903869443637879158e+03,3.861136165842626866e+00
9.903869466534844832e+03,3.861136215150116957e+00
9.903869489431810507e+03,3.861136264457122991e+00
9.903869512328776182e+03,3.861136313763644523e+00
9.903869535225741856e+03,3.861136363069681554e+00
9.903869558122707531e+03,3.861136412375234972e+00
9.903869581019673205e+03,3.861136461680301668e+00
9.903869603916638880e+03,3.861136510984884307e+00
9.903869626813604555e+03,3.861136560288982000e+00
9.903869649710570229e+03,3.861136609592593860e+00
9.903869672607535904e+03,3.861136658895720775e+00
9.903869695504501578e+03,3.861136708198361411e+00
9.903869718401467253e+03,3.861136757500515770e+00
9.903869741298432928e+03,3.861136806802185184e+00
9.903869764195398602e+03,3.861136856103367876e+00
9.903869787092364277e+03,3.861136905404063402e+00
9.903869809989328132e+03,3.861136954704269542e+00
9.903869832886293807e+03,3.861137004003992512e+00
9.903869855783259482e+03,3.861137053303227429e+00
9.903869878680225156e+03,3.861137102601976512e+00
9.903869901577190831e+03,3.861137151900237985e+00
9.903869924474156505e+03,3.861137201198011848e+00
9.903869947371122180e+03,3.861137250495298545e+00
9.903869970268087854e+03,3.861137299792096744e+00
9.903869993165053529e+03,3.861137349088407333e+00
9.903870016062019204e+03,3.861137398384230313e+00
9.903870038958984878e+03,3.861137447679563905e+00
9.903870061855950553e+03,3.861137496974409444e+00
9.903870084752916227e+03,3.861137546268766929e+00
9.903870107649881902e+03,3.861137595562634584e+00
9.903870130546847577e+03,3.861137644856013740e+00
9.903870153443813251e+03,3.861137694148903510e+00
9.903870176340778926e+03,3.861137743441303893e+00
9.903870199237744600e+03,3.861137792733214891e+00
9.903870222134710275e+03,3.861137842024636502e+00
9.903870245031675950e+03,3.861137891315567838e+00
9.903870267928641624e+03,3.861137940606008456e+00
9.903870290825607299e+03,3.861137989895959244e+00
9.903870313722572973e+03,3.861138039185419757e+00
9.903870336619538648e+03,3.861138088474389995e+00
9.903870359516504323e+03,3.861138137762869071e+00
9.903870382413469997e+03,3.861138187050857429e+00
9.903870405310435672e+03,3.861138236338354179e+00
9.903870428207401346e+03,3.861138285625360211e+00
9.903870451104367021e+03,3.861138334911874637e+00
9.903870474001332695e+03,3.861138384197897899e+00
9.903870496898298370e+03,3.861138433483428223e+00
9.903870519795264045e+03,3.861138482768467828e+00
9.903870542692229719e+03,3.861138532053014050e+00
9.903870565589195394e+03,3.861138581337068665e+00
9.903870588486161068e+03,3.861138630620630341e+00
9.903870611383124924e+03,3.861138679903695969e+00
9.903870634280090599e+03,3.861138729186272656e+00
9.903870657177056273e+03,3.861138778468355959e+00
9.903870680074021948e+03,3.861138827749945879e+00
9.903870702970987622e+03,3.861138877031043304e+00
9.903870725867953297e+03,3.861138926311646458e+00
9.903870748764918972e+03,3.861138975591756228e+00
9.903870771661884646e+03,3.861139024871371728e+00
9.903870794558850321e+03,3.861139074150493400e+00
9.903870817455815995e+03,3.861139123429120801e+00
9.903870840352781670e+03,3.861139172707253486e+00
9.903870863249747345e+03,3.861139221984892345e+00
9.903870886146713019e+03,3.861139271262036043e+00
9.903870909043678694e+03,3.861139320538683695e+00
9.903870931940644368e+03,3.861139369814837519e+00
9.903870954837610043e+03,3.861139419090496183e+00
9.903870977734575717e+03,3.861139468365659244e+00
9.903871000631541392e+03,3.861139517640326257e+00
9.903871023528507067e+03,3.861139566914497223e+00
9.903871046425472741e+03,3.861139616188173029e+00
9.903871069322438416e+03,3.861139665461352344e+00
9.903871092219404090e+03,3.861139714734034278e+00
9.903871115116369765e+03,3.861139764006221053e+00
9.903871138013335440e+03,3.861139813277910893e+00
9.903871160910301114e+03,3.861139862549104240e+00
9.903871183807266789e+03,3.861139911819799320e+00
9.903871206704232463e+03,3.861139961089998351e+00
9.903871229601198138e+03,3.861140010359699559e+00
9.903871252498163813e+03,3.861140059628903387e+00
9.903871275395129487e+03,3.861140108897609391e+00
9.903871298292095162e+03,3.861140158165817127e+00
9.903871321189060836e+03,3.861140207433527483e+00
9.903871344086026511e+03,3.861140256700739126e+00
9.903871366982992186e+03,3.861140305967452502e+00
9.903871389879957860e+03,3.861140355233666721e+00
9.903871412776921716e+03,3.861140404499379564e+00
9.903871435673887390e+03,3.861140453764595915e+00
9.903871458570853065e+03,3.861140503029313997e+00
9.903871481467818739e+03,3.861140552293532924e+00
9.903871504364784414e+03,3.861140601557251806e+00
9.903871527261750089e+03,3.861140650820471532e+00
9.903871550158715763e+03,3.861140700083191213e+00
9.903871573055681438e+03,3.861140749345411294e+00
9.903871595952647112e+03,3.861140798607130886e+00
9.903871618849612787e+03,3.861140847868350434e+00
9.903871641746578462e+03,3.861140897129069049e+00
9.903871664643544136e+03,3.861140946389286732e+00
9.903871687540509811e+03,3.861140995649003926e+00
9.903871710437475485e+03,3.861141044908220632e+00
9.903871733334441160e+03,3.861141094166935961e+00
9.903871756231406835e+03,3.861141143425149025e+00
9.903871779128372509e+03,3.861141192682861156e+00
9.903871802025338184e+03,3.861141241940071467e+00
9.903871824922303858e+03,3.861141291196780401e+00
9.903871847819269533e+03,3.861141340452986626e+00
9.903871870716235208e+03,3.861141389708691030e+00
9.903871893613200882e+03,3.861141438963892725e+00
9.903871916510166557e+03,3.861141488218591711e+00
9.903871939407132231e+03,3.861141537472787988e+00
9.903871962304097906e+03,3.861141586726482444e+00
9.903871985201063580e+03,3.861141635979672415e+00
9.903872008098029255e+03,3.861141685232359677e+00
9.903872030994994930e+03,3.861141734484542898e+00
9.903872053891960604e+03,3.861141783736222521e+00
9.903872076788926279e+03,3.861141832987399436e+00
9.903872099685891953e+03,3.861141882238071421e+00
9.903872122582857628e+03,3.861141931488239365e+00
9.903872145479823303e+03,3.861141980737903712e+00
9.903872168376788977e+03,3.861142029987062685e+00
9.903872191273754652e+03,3.861142079235717173e+00
9.903872214170718507e+03,3.861142128483863178e+00
9.903872237067684182e+03,3.861142177731507807e+00
9.903872259964649857e+03,3.861142226978647507e+00
9.903872282861615531e+03,3.861142276225281389e+00
9.903872305758581206e+03,3.861142325471409897e+00
9.903872328655546880e+03,3.861142374717033476e+00
9.903872351552512555e+03,3.861142423962150350e+00
9.903872374449478230e+03,3.861142473206760517e+00
9.903872397346443904e+03,3.861142522450865311e+00
9.903872420243409579e+03,3.861142571694463399e+00
9.903872443140375253e+03,3.861142620937556114e+00
9.903872466037340928e+03,3.861142670180139902e+00
9.903872488934306602e+03,3.861142719422218317e+00
9.903872511831272277e+03,3.861142768663789582e+00
9.903872534728237952e+03,3.861142817904853253e+00
9.903872557625203626e+03,3.861142867145409330e+00
9.903872580522169301e+03,3.861142916385457813e+00
9.903872603419134975e+03,3.861142965624998702e+00
9.903872626316100650e+03,3.861143014864030665e+00
9.903872649213066325e+03,3.861143064102555478e+00
9.903872672110031999e+03,3.861143113340571809e+00
9.903872695006997674e+03,3.861143162578079213e+00
9.903872717903963348e+03,3.861143211815078580e+00
9.903872740800929023e+03,3.861143261051569464e+00
9.903872763697894698e+03,3.861143310287550090e+00
9.903872786594860372e+03,3.861143359523022678e+00
9.903872809491826047e+03,3.861143408757985007e+00
9.903872832388791721e+03,3.861143457992438854e+00
9.903872855285757396e+03,3.861143507226381999e+00
9.903872878182723070e+03,3.861143556459815329e+00
9.903872901079688745e+03,3.861143605692738845e+00
9.903872923976654420e+03,3.861143654925151658e+00
9.903872946873620094e+03,3.861143704157055101e+00
9.903872969770585769e+03,3.861143753388446953e+00
9.903872992667551443e+03,3.861143802619328547e+00
9.903873015564515299e+03,3.861143851849695441e+00
9.903873038461480974e+03,3.861143901079554297e+00
9.903873061358446648e+03,3.861143950308902895e+00
9.903873084255412323e+03,3.861143999537739457e+00
9.903873107152377997e+03,3.861144048766064429e+00
9.903873130049343672e+03,3.861144097993877811e+00
9.903873152946309347e+03,3.861144147221179157e+00
9.903873175843275021e+03,3.861144196447968469e+00
9.903873198740240696e+03,3.861144245674245745e+00
9.903873221637206370e+03,3.861144294900009655e+00
9.903873244534172045e+03,3.861144344125261529e+00
9.903873267431137720e+03,3.861144393350000481e+00
9.903873290328103394e+03,3.861144442574226510e+00
9.903873313225069069e+03,3.861144491797938727e+00
9.903873336122034743e+03,3.861144541021138021e+00
9.903873359019000418e+03,3.861144590243823949e+00
9.903873381915966092e+03,3.861144639465996509e+00
9.903873404812931767e+03,3.861144688687654369e+00
9.903873427709897442e+03,3.861144737908798419e+00
9.903873450606863116e+03,3.861144787129428213e+00
9.903873473503828791e+03,3.861144836349543752e+00
9.903873496400794465e+03,3.861144885569144591e+00
9.903873519297760140e+03,3.861144934788230731e+00
9.903873542194725815e+03,3.861144984006802616e+00
9.903873565091691489e+03,3.861145033224858025e+00
9.903873587988657164e+03,3.861145082442398735e+00
9.903873610885622838e+03,3.861145131659424301e+00
9.903873633782588513e+03,3.861145180875934724e+00
9.903873656679554188e+03,3.861145230091928227e+00
9.903873679576519862e+03,3.861145279307406142e+00
9.903873702473485537e+03,3.861145328522368025e+00
9.903873725370451211e+03,3.861145377736813433e+00
9.903873748267416886e+03,3.861145426950742809e+00
9.903873771164382561e+03,3.861145476164155710e+00
9.903873794061348235e+03,3.861145525377050358e+00
9.903873816958312091e+03,3.861145574589425422e+00
9.903873839855277765e+03,3.861145623801287119e+00
9.903873862752243440e+03,3.861145673012631008e+00
9.903873885649209114e+03,3.861145722223457533e+00
9.903873908546174789e+03,3.861145771433766694e+00
9.903873931443140464e+03,3.861145820643557158e+00
9.903873954340106138e+03,3.861145869852829815e+00
9.903873977237071813e+03,3.861145919061584664e+00
9.903874000134037487e+03,3.861145968269821260e+00
9.903874023031003162e+03,3.861146017477538273e+00
9.903874045927968837e+03,3.861146066684737921e+00
9.903874068824934511e+03,3.861146115891417541e+00
9.903874091721900186e+03,3.861146165097578020e+00
9.903874114618865860e+03,3.861146214303220248e+00
9.903874137515831535e+03,3.861146263508342891e+00
9.903874160412797210e+03,3.861146312712945061e+00
9.903874183309762884e+03,3.861146361917027647e+00
9.903874206206728559e+03,3.861146411120590205e+00
9.903874229103694233e+03,3.861146460323633622e+00
9.903874252000659908e+03,3.861146509526155679e+00
9.903874274897625583e+03,3.861146558728158151e+00
9.903874297794591257e+03,3.861146607929638819e+00
9.903874320691556932e+03,3.861146657130599902e+00
9.903874343588522606e+03,3.861146706331039180e+00
9.903874366485488281e+03,3.861146755530957098e+00
9.903874389382453955e+03,3.861146804730354098e+00
9.903874412279419630e+03,3.861146853929229739e+00
9.903874435176385305e+03,3.861146903127582686e+00
9.903874458073350979e+03,3.861146952325414716e+00
9.903874480970316654e+03,3.861147001522724498e+00
9.903874503867282328e+03,3.861147050719512475e+00
9.903874526764248003e+03,3.861147099915777314e+00
9.903874549661213678e+03,3.861147149111520349e+00
9.903874572558179352e+03,3.861147198306740247e+00
9.903874595455145027e+03,3.861147247501437008e+00
9.903874618352108882e+03,3.861147296695607078e+00
9.903874641249074557e+03,3.861147345889257565e+00
9.903874664146040232e+03,3.861147395082384914e+00
9.903874687043005906e+03,3.861147444274988239e+00
9.903874709939971581e+03,3.861147493467067981e+00
9.903874732836937255e+03,3.861147542658623699e+00
9.903874755733902930e+03,3.861147591849655836e+00
9.903874778630868605e+03,3.861147641040162615e+00
9.903874801527834279e+03,3.861147690230145813e+00
9.903874824424799954e+03,3.861147739419604541e+00
9.903874847321765628e+03,3.861147788608537468e+00
9.903874870218731303e+03,3.861147837796945925e+00
9.903874893115696977e+03,3.861147886984829025e+00
9.903874916012662652e+03,3.861147936172186768e+00
9.903874938909628327e+03,3.861147985359019152e+00
9.903874961806594001e+03,3.861148034545326180e+00
9.903874984703559676e+03,3.861148083731107405e+00
9.903875007600525350e+03,3.861148132916361941e+00
9.903875030497491025e+03,3.861148182101090676e+00
9.903875053394456700e+03,3.861148231285292720e+00
9.903875076291422374e+03,3.861148280468968963e+00
9.903875099188388049e+03,3.861148329652117184e+00
9.903875122085353723e+03,3.861148378834739159e+00
9.903875144982319398e+03,3.861148428016834444e+00
9.903875167879285073e+03,3.861148477198402151e+00
9.903875190776250747e+03,3.861148526379442725e+00
9.903875213673216422e+03,3.861148575559955720e+00
9.903875236570182096e+03,3.861148624739940249e+00
9.903875259467147771e+03,3.861148673919396757e+00
9.903875282364113446e+03,3.861148723098325686e+00
9.903875305261079120e+03,3.861148772276726593e+00
9.903875328158044795e+03,3.861148821454598146e+00
9.903875351055010469e+03,3.861148870631942120e+00
9.903875373951976144e+03,3.861148919808756297e+00
9.903875396848941818e+03,3.861148968985041563e+00
9.903875419745905674e+03,3.861149018160794810e+00
9.903875442642871349e+03,3.861149067336021812e+00
9.903875465539837023e+03,3.861149116510719459e+00
9.903875488436802698e+03,3.861149165684887752e+00
9.903875511333768372e+03,3.861149214858525358e+00
9.903875534230734047e+03,3.861149264031633610e+00
9.903875557127699722e+03,3.861149313204211619e+00
9.903875580024665396e+03,3.861149362376258498e+00
9.903875602921631071e+03,3.861149411547775578e+00
9.903875625818596745e+03,3.861149460718762416e+00
9.903875648715562420e+03,3.861149509889217679e+00
9.903875671612528095e+03,3.861149559059141367e+00
9.903875694509493769e+03,3.861149608228534369e+00
9.903875717406459444e+03,3.861149657397396240e+00
9.903875740303425118e+03,3.861149706565726536e+00
9.903875763200390793e+03,3.861149755733524813e+00
9.903875786097356468e+03,3.861149804900790627e+00
9.903875808994322142e+03,3.861149854067524867e+00
9.903875831891287817e+03,3.861149903233727088e+00
9.903875854788253491e+03,3.861149952399395957e+00
9.903875877685219166e+03,3.861150001564532364e+00
9.903875900582184840e+03,3.861150050729137195e+00
9.903875923479150515e+03,3.861150099893208232e+00
9.903875946376116190e+03,3.861150149056745473e+00
9.903875969273081864e+03,3.861150198219750695e+00
9.903875992170047539e+03,3.861150247382221679e+00
9.903876015067013213e+03,3.861150296544158866e+00
9.903876037963978888e+03,3.861150345705562703e+00
9.903876060860944563e+03,3.861150394866431412e+00
9.903876083757910237e+03,3.861150444026766770e+00
9.903876106654875912e+03,3.861150493186567889e+00
9.903876129551841586e+03,3.861150542345833880e+00
9.903876152448807261e+03,3.861150591504566076e+00
9.903876175345772936e+03,3.861150640662762701e+00
9.903876198242738610e+03,3.861150689820424642e+00
9.903876221139702466e+03,3.861150738977547014e+00
9.903876244036668140e+03,3.861150788134138256e+00
9.903876266933633815e+03,3.861150837290193483e+00
9.903876289830599490e+03,3.861150886445713137e+00
9.903876312727565164e+03,3.861150935600697220e+00
9.903876335624530839e+03,3.861150984755144844e+00
9.903876358521496513e+03,3.861151033909056451e+00
9.903876381418462188e+03,3.861151083062431599e+00
9.903876404315427862e+03,3.861151132215269399e+00
9.903876427212393537e+03,3.861151181367571628e+00
9.903876450109359212e+03,3.861151230519336064e+00
9.903876473006324886e+03,3.861151279670563596e+00
9.903876495903290561e+03,3.861151328821254225e+00
9.903876518800256235e+03,3.861151377971406617e+00
9.903876541697221910e+03,3.861151427121021662e+00
9.903876564594187585e+03,3.861151476270098470e+00
9.903876587491153259e+03,3.861151525418637487e+00
9.903876610388118934e+03,3.861151574566638711e+00
9.903876633285084608e+03,3.861151623714101255e+00
9.903876656182050283e+03,3.861151672861025563e+00
9.903876679079015958e+03,3.861151722007411191e+00
9.903876701975981632e+03,3.861151771153257251e+00
9.903876724872947307e+03,3.861151820298565074e+00
9.903876747769912981e+03,3.861151869443332885e+00
9.903876770666878656e+03,3.861151918587562015e+00
9.903876793563844330e+03,3.861151967731251577e+00
9.903876816460810005e+03,3.861152016874400239e+00
9.903876839357775680e+03,3.861152066017010220e+00
9.903876862254741354e+03,3.861152115159079745e+00
9.903876885151707029e+03,3.861152164300609257e+00
9.903876908048672703e+03,3.861152213441598313e+00
9.903876930945638378e+03,3.861152262582046468e+00
9.903876953842604053e+03,3.861152311721953279e+00
9.903876976739569727e+03,3.861152360861319632e+00
9.903876999636535402e+03,3.861152410000145085e+00
9.903877022533499257e+03,3.861152459138425641e+00
9.903877045430464932e+03,3.861152508276167516e+00
9.903877068327430607e+03,3.861152557413368935e+00
9.903877091224396281e+03,3.861152606550028121e+00
9.903877114121361956e+03,3.861152655686145074e+00
9.903877137018327630e+03,3.861152704821719794e+00
9.903877159915293305e+03,3.861152753956752282e+00
9.903877182812258980e+03,3.861152803091242536e+00
9.903877205709224654e+03,3.861152852225190113e+00
9.903877228606190329e+03,3.861152901358594125e+00
9.903877251503156003e+03,3.861152950491455460e+00
9.903877274400121678e+03,3.861152999623773674e+00
9.903877297297087352e+03,3.861153048755548323e+00
9.903877320194053027e+03,3.861153097886779850e+00
9.903877343091018702e+03,3.861153147017467813e+00
9.903877365987984376e+03,3.861153196147611322e+00
9.903877388884950051e+03,3.861153245277210821e+00
9.903877411781915725e+03,3.861153294406266756e+00
9.903877434678881400e+03,3.861153343534777349e+00
9.903877457575847075e+03,3.861153392662743045e+00
9.903877480472812749e+03,3.861153441790165175e+00
9.903877503369778424e+03,3.861153490917041520e+00
9.903877526266744098e+03,3.861153540043372523e+00
9.903877549163709773e+03,3.861153589169159517e+00
9.903877572060675448e+03,3.861153638294399393e+00
9.903877594957641122e+03,3.861153687419095260e+00
9.903877617854606797e+03,3.861153736543244008e+00
9.903877640751572471e+03,3.861153785666846971e+00
9.903877663648538146e+03,3.861153834789904593e+00
9.903877686545503821e+03,3.861153883912415541e+00
9.903877709442469495e+03,3.861153933034379815e+00
9.903877732339435170e+03,3.861153982155796971e+00
9.903877755236400844e+03,3.861154031276668341e+00
9.903877778133366519e+03,3.861154080396991706e+00
9.903877801030332193e+03,3.861154129516768396e+00
9.903877823927296049e+03,3.861154178635993084e+00
9.903877846824261724e+03,3.861154227754675095e+00
9.903877869721227398e+03,3.861154276872808655e+00
9.903877892618193073e+03,3.861154325990394653e+00
9.903877915515158747e+03,3.861154375107432646e+00
9.903877938412124422e+03,3.861154424223922188e+00
9.903877961309090097e+03,3.861154473339863280e+00
9.903877984206055771e+03,3.861154522455256366e+00
9.903878007103021446e+03,3.861154571570100558e+00
9.903878029999987120e+03,3.861154620684394967e+00
9.903878052896952795e+03,3.861154669798140926e+00
9.903878075793918470e+03,3.861154718911337547e+00
9.903878098690884144e+03,3.861154768023984385e+00
9.903878121587849819e+03,3.861154817136082329e+00
9.903878144484815493e+03,3.861154866247629602e+00
9.903878167381781168e+03,3.861154915358627537e+00
9.903878190278746843e+03,3.861154964469075246e+00
9.903878213175712517e+03,3.861155013578972728e+00
9.903878236072678192e+03,3.861155062688319539e+00
9.903878258969643866e+03,3.861155111797115680e+00
9.903878281866609541e+03,3.861155160905360706e+00
9.903878304763575215e+03,3.861155210013055061e+00
9.903878327660540890e+03,3.861155259120197858e+00
9.903878350557506565e+03,3.861155308226789984e+00
9.903878373454472239e+03,3.861155357332829663e+00
9.903878396351437914e+03,3.861155406438318671e+00
9.903878419248403588e+03,3.861155455543255233e+00
9.903878442145369263e+03,3.861155504647639791e+00
9.903878465042334938e+03,3.861155553751471903e+00
9.903878487939300612e+03,3.861155602854751567e+00
9.903878510836266287e+03,3.861155651957479229e+00
9.903878533733231961e+03,3.861155701059654000e+00
9.903878556630197636e+03,3.861155750161275435e+00
9.903878579527163311e+03,3.861155799262343979e+00
9.903878602424128985e+03,3.861155848362859189e+00
9.903878625321092841e+03,3.861155897462817066e+00
9.903878648218058515e+03,3.861155946562226049e+00
9.903878671115024190e+03,3.861155995661080365e+00
9.903878694011989865e+03,3.861156044759380901e+00
9.903878716908955539e+03,3.861156093857127658e+00
9.903878739805921214e+03,3.861156142954319748e+00
9.903878762702886888e+03,3.861156192050957170e+00
9.903878785599852563e+03,3.861156241147039481e+00
9.903878808496818237e+03,3.861156290242568012e+00
9.903878831393783912e+03,3.861156339337541432e+00
9.903878854290749587e+03,3.861156388431958852e+00
9.903878877187715261e+03,3.861156437525822049e+00
9.903878900084680936e+03,3.861156486619128803e+00
9.903878922981646610e+03,3.861156535711880444e+00
9.903878945878612285e+03,3.861156584804076530e+00
9.903878968775577960e+03,3.861156633895715284e+00
9.903878991672543634e+03,3.861156682986798927e+00
9.903879014569509309e+03,3.861156732077326126e+00
9.903879037466474983e+03,3.861156781167295993e+00
9.903879060363440658e+03,3.861156830256709860e+00
9.903879083260406333e+03,3.861156879345566395e+00
9.903879106157372007e+03,3.861156928433866042e+00
9.903879129054337682e+03,3.861156977521608358e+00
9.903879151951303356e+03,3.861157026608793785e+00
9.903879174848269031e+03,3.861157075695420993e+00
9.903879197745234706e+03,3.861157124781491312e+00
9.903879220642200380e+03,3.861157173867002523e+00
9.903879243539166055e+03,3.861157222951955514e+00
9.903879266436131729e+03,3.861157272036351173e+00
9.903879289333097404e+03,3.861157321120188168e+00
9.903879312230063078e+03,3.861157370203466055e+00
9.903879335127028753e+03,3.861157419286185721e+00
9.903879358023994428e+03,3.861157468368346279e+00
9.903879380920960102e+03,3.861157517449947285e+00
9.903879403817925777e+03,3.861157566530988738e+00
9.903879426714889632e+03,3.861157615611467975e+00
9.903879449611855307e+03,3.861157664691390767e+00
9.903879472508820982e+03,3.861157713770753119e+00
9.903879495405786656e+03,3.861157762849556363e+00
9.903879518302752331e+03,3.861157811927799166e+00
9.903879541199718005e+03,3.861157861005481529e+00
9.903879564096683680e+03,3.861157910082603451e+00
9.903879586993649355e+03,3.861157959159163600e+00
9.903879609890615029e+03,3.861158008235164196e+00
9.903879632787580704e+03,3.861158057310603464e+00
9.903879655684546378e+03,3.861158106385481403e+00
9.903879678581512053e+03,3.861158155459797570e+00
9.903879701478477728e+03,3.861158204533552407e+00
9.903879724375443402e+03,3.861158253606745916e+00
9.903879747272409077e+03,3.861158302679376320e+00
9.903879770169374751e+03,3.861158351751446283e+00
9.903879793066340426e+03,3.861158400822952697e+00
9.903879815963306100e+03,3.861158449893897338e+00
9.903879838860271775e+03,3.861158498964278429e+00
9.903879861757237450e+03,3.861158548034097748e+00
9.903879884654203124e+03,3.861158597103353518e+00
9.903879907551168799e+03,3.861158646172047071e+00
9.903879930448134473e+03,3.861158695240176630e+00
9.903879953345100148e+03,3.861158744307742197e+00
9.903879976242065823e+03,3.861158793374744658e+00
9.903879999139031497e+03,3.861158842441183126e+00
9.903880022035997172e+03,3.861158891507057600e+00
9.903880044932962846e+03,3.861158940572368525e+00
9.903880067829928521e+03,3.861158989637114125e+00
9.903880090726894196e+03,3.861159038701295731e+00
9.903880113623859870e+03,3.861159087764912456e+00
9.903880136520825545e+03,3.861159136827964300e+00
9.903880159417791219e+03,3.861159185890451706e+00
9.903880182314756894e+03,3.861159234952372898e+00
9.903880205211722568e+03,3.861159284013729653e+00
9.903880228108686424e+03,3.861159333074516198e+00
9.903880251005652099e+03,3.861159382134741413e+00
9.903880273902617773e+03,3.861159431194400860e+00
9.903880296799583448e+03,3.861159480253493648e+00
9.903880319696549122e+03,3.861159529312020222e+00
9.903880342593514797e+03,3.861159578369981027e+00
9.903880365490480472e+03,3.861159627427374286e+00
9.903880388387446146e+03,3.861159676484201775e+00
9.903880411284411821e+03,3.861159725540461718e+00
9.903880434181377495e+03,3.861159774596154559e+00
9.903880457078343170e+03,3.861159823651279854e+00
9.903880479975308845e+03,3.861159872705838492e+00
9.903880502872274519e+03,3.861159921759828695e+00
9.903880525769240194e+03,3.861159970813250908e+00
9.903880548666205868e+03,3.861160019866105575e+00
9.903880571563171543e+03,3.861160068918392252e+00
9.903880594460137218e+03,3.861160117970110495e+00
9.903880617357102892e+03,3.861160167021260303e+00
9.903880640254068567e+03,3.861160216071841234e+00
9.903880663151034241e+03,3.861160265121853730e+00
9.903880686047999916e+03,3.861160314171296903e+00
9.903880708944965590e+03,3.861160363220170311e+00
9.903880731841931265e+03,3.861160412268475728e+00
9.903880754738896940e+03,3.861160461316210490e+00
9.903880777635862614e+03,3.861160510363375931e+00
9.903880800532828289e+03,3.861160559409971160e+00
9.903880823429793963e+03,3.861160608455996179e+00
9.903880846326759638e+03,3.861160657501451432e+00
9.903880869223725313e+03,3.861160706546336474e+00
9.903880892120690987e+03,3.861160755590650862e+00
9.903880915017656662e+03,3.861160804634394150e+00
9.903880937914622336e+03,3.861160853677565896e+00
9.903880960811588011e+03,3.861160902720167876e+00
9.903880983708553686e+03,3.861160951762197868e+00
9.903881006605519360e+03,3.861161000803656318e+00
9.903881029502483216e+03,3.861161049844539672e+00
9.903881052399448890e+03,3.861161098884854592e+00
9.903881075296414565e+03,3.861161147924597969e+00
9.903881098193380240e+03,3.861161196963769360e+00
9.903881121090345914e+03,3.861161246002367431e+00
9.903881143987311589e+03,3.861161295040393959e+00
9.903881166884277263e+03,3.861161344077848057e+00
9.903881189781242938e+03,3.861161393114728391e+00
9.903881212678208612e+03,3.861161442151036294e+00
9.903881235575174287e+03,3.861161491186770878e+00
9.903881258472139962e+03,3.861161540221932587e+00
9.903881281369105636e+03,3.861161589256520088e+00
9.903881304266071311e+03,3.861161638290534714e+00
9.903881327163036985e+03,3.861161687323974689e+00
9.903881350060002660e+03,3.861161736356840013e+00
9.903881372956968335e+03,3.861161785389132461e+00
9.903881395853934009e+03,3.861161834420849370e+00
9.903881418750899684e+03,3.861161883451993404e+00
9.903881441647865358e+03,3.861161932482561010e+00
9.903881464544831033e+03,3.861161981512554409e+00
9.903881487441796708e+03,3.861162030541972712e+00
9.903881510338762382e+03,3.861162079570815919e+00
9.903881533235728057e+03,3.861162128599083143e+00
9.903881556132693731e+03,3.861162177626775271e+00
9.903881579029659406e+03,3.861162226653891416e+00
9.903881601926625081e+03,3.861162275680431577e+00
9.903881624823590755e+03,3.861162324706395310e+00
9.903881647720556430e+03,3.861162373731783504e+00
9.903881670617522104e+03,3.861162422756594825e+00
9.903881693514487779e+03,3.861162471780830163e+00
9.903881716411453453e+03,3.861162520804487741e+00
9.903881739308419128e+03,3.861162569827568447e+00
9.903881762205384803e+03,3.861162618850072281e+00
9.903881785102350477e+03,3.861162667871998355e+00
9.903881807999314333e+03,3.861162716893343561e+00
9.903881830896280007e+03,3.861162765914115003e+00
9.903881853793245682e+03,3.861162814934308241e+00
9.903881876690211357e+03,3.861162863953923718e+00
9.903881899587177031e+03,3.861162912972960992e+00
9.903881922484142706e+03,3.861162961991420062e+00
9.903881945381108380e+03,3.861163011009300039e+00
9.903881968278074055e+03,3.861163060026601812e+00
9.903881991175039730e+03,3.861163109043324493e+00
9.903882014072005404e+03,3.861163158059468525e+00
9.903882036968971079e+03,3.861163207075032133e+00
9.903882059865936753e+03,3.861163256090017093e+00
9.903882082762902428e+03,3.861163305104422960e+00
9.903882105659868103e+03,3.861163354118248403e+00
9.903882128556833777e+03,3.861163403131494309e+00
9.903882151453799452e+03,3.861163452144159347e+00
9.903882174350765126e+03,3.861163501156244848e+00
9.903882197247730801e+03,3.861163550167749925e+00
9.903882220144696475e+03,3.861163599178674133e+00
9.903882243041662150e+03,3.861163648189017916e+00
9.903882265938627825e+03,3.861163697198780831e+00
9.903882288835593499e+03,3.861163746207962433e+00
9.903882311732559174e+03,3.861163795216561834e+00
9.903882334629524848e+03,3.861163844224580366e+00
9.903882357526490523e+03,3.861163893232017585e+00
9.903882380423456198e+03,3.861163942238872604e+00
9.903882403320421872e+03,3.861163991245146310e+00
9.903882426217387547e+03,3.861164040250836482e+00
9.903882449114353221e+03,3.861164089255944898e+00
9.903882472011318896e+03,3.861164138260471557e+00
9.903882494908284571e+03,3.861164187264414238e+00
9.903882517805250245e+03,3.861164236267775163e+00
9.903882540702215920e+03,3.861164285270552998e+00
9.903882563599181594e+03,3.861164334272747301e+00
9.903882586496147269e+03,3.861164383274358070e+00
9.903882609393111125e+03,3.861164432275381309e+00
9.903882632290076799e+03,3.861164481275825455e+00
9.903882655187042474e+03,3.861164530275684736e+00
9.903882678084008148e+03,3.861164579274960484e+00
9.903882700980973823e+03,3.861164628273651367e+00
9.903882723877939497e+03,3.861164677271759160e+00
9.903882746774905172e+03,3.861164726269281200e+00
9.903882769671870847e+03,3.861164775266218374e+00
9.903882792568836521e+03,3.861164824262571571e+00
9.903882815465802196e+03,3.861164873258339014e+00
9.903882838362767870e+03,3.861164922253521148e+00
9.903882861259733545e+03,3.861164971248117528e+00
9.903882884156699220e+03,3.861165020242129042e+00
9.903882907053664894e+03,3.861165069235553915e+00
9.903882929950630569e+03,3.861165118228393478e+00
9.903882952847596243e+03,3.861165167220646843e+00
9.903882975744561918e+03,3.861165216212314011e+00
9.903882998641527593e+03,3.861165265203394537e+00
9.903883021538493267e+03,3.861165314193887976e+00
9.903883044435458942e+03,3.861165363183794774e+00
9.903883067332424616e+03,3.861165412173114930e+00
9.903883090229390291e+03,3.861165461161847112e+00
9.903883113126355966e+03,3.861165510149993096e+00
9.903883136023321640e+03,3.861165559137550662e+00
9.903883158920287315e+03,3.861165608124520698e+00
9.903883181817252989e+03,3.861165657110902760e+00
9.903883204714218664e+03,3.861165706096696848e+00
9.903883227611184338e+03,3.861165755081902518e+00
9.903883250508150013e+03,3.861165804066520657e+00
9.903883273405115688e+03,3.861165853050549046e+00
9.903883296302081362e+03,3.861165902033989461e+00
9.903883319199047037e+03,3.861165951016840570e+00
9.903883342096012711e+03,3.861165999999103260e+00
9.903883364992978386e+03,3.861166048980776200e+00
9.903883387889944061e+03,3.861166097961859389e+00
9.903883410786907916e+03,3.861166146942349719e+00
9.903883433683873591e+03,3.861166195922253408e+00
9.903883456580839265e+03,3.861166244901568234e+00
9.903883479477804940e+03,3.861166293880291978e+00
9.903883502374770615e+03,3.861166342858425526e+00
9.903883525271736289e+03,3.861166391835968881e+00
9.903883548168701964e+03,3.861166440812921596e+00
9.903883571065667638e+03,3.861166489789283673e+00
9.903883593962633313e+03,3.861166538765054668e+00
9.903883616859598988e+03,3.861166587740233691e+00
9.903883639756564662e+03,3.861166636714822520e+00
9.903883662653530337e+03,3.861166685688818934e+00
9.903883685550496011e+03,3.861166734662224265e+00
9.903883708447461686e+03,3.861166783635037625e+00
9.903883731344427360e+03,3.861166832607258126e+00
9.903883754241393035e+03,3.861166881578887100e+00
9.903883777138358710e+03,3.861166930549924103e+00
9.903883800035324384e+03,3.861166979520368692e+00
9.903883822932290059e+03,3.861167028490219977e+00
9.903883845829255733e+03,3.861167077459478403e+00
9.903883868726221408e+03,3.861167126428143526e+00
9.903883891623187083e+03,3.861167175396216233e+00
9.903883914520152757e+03,3.861167224363694306e+00
9.903883937417118432e+03,3.861167273330579963e+00
9.903883960314084106e+03,3.861167322296870985e+00
9.903883983211049781e+03,3.861167371262568704e+00
9.903884006108015456e+03,3.861167420227672675e+00
9.903884029004981130e+03,3.861167469192181567e+00
9.903884051901946805e+03,3.861167518156096268e+00
9.903884074798912479e+03,3.861167567119416333e+00
9.903884097695878154e+03,3.861167616082141762e+00
9.903884120592843828e+03,3.861167665044272113e+00
9.903884143489809503e+03,3.861167714005806939e+00
9.903884166386775178e+03,3.861167762966746686e+00
9.903884189283740852e+03,3.861167811927090909e+00
9.903884212180704708e+03,3.861167860886836056e+00
9.903884235077670382e+03,3.861167909845988788e+00
9.903884257974636057e+03,3.861167958804545552e+00
9.903884280871601732e+03,3.861168007762506793e+00
9.903884303768567406e+03,3.861168056719870734e+00
9.903884326665533081e+03,3.861168105676639151e+00
9.903884349562498755e+03,3.861168154632809824e+00
9.903884372459464430e+03,3.861168203588384085e+00
9.903884395356430105e+03,3.861168252543361934e+00
9.903884418253395779e+03,3.861168301497741151e+00
9.903884441150361454e+03,3.861168350451523956e+00
9.903884464047327128e+03,3.861168399404709461e+00
9.903884486944292803e+03,3.861168448357296779e+00
9.903884509841258478e+03,3.861168497309286352e+00
9.903884532738224152e+03,3.861168546260677736e+00
9.903884555635189827e+03,3.861168595211470933e+00
9.903884578532155501e+03,3.861168644161665942e+00
9.903884601429121176e+03,3.861168693111261874e+00
9.903884624326086850e+03,3.861168742060259174e+00
9.903884647223052525e+03,3.861168791008657397e+00
9.903884670120018200e+03,3.861168839956456988e+00
9.903884693016983874e+03,3.861168888903657059e+00
9.903884715913949549e+03,3.861168937850257166e+00
9.903884738810915223e+03,3.861168986796258196e+00
9.903884761707880898e+03,3.861169035741658817e+00
9.903884784604846573e+03,3.861169084686460806e+00
9.903884807501812247e+03,3.861169133630661943e+00
9.903884830398777922e+03,3.861169182574262226e+00
9.903884853295743596e+03,3.861169231517262102e+00
9.903884876192709271e+03,3.861169280459662456e+00
9.903884899089674946e+03,3.861169329401461070e+00
9.903884921986640620e+03,3.861169378342658387e+00
9.903884944883606295e+03,3.861169427283254407e+00
9.903884967780571969e+03,3.861169476223250463e+00
9.903884990677537644e+03,3.861169525162643890e+00
9.903885013574501500e+03,3.861169574101432023e+00
9.903885036471467174e+03,3.861169623039621968e+00
9.903885059368432849e+03,3.861169671977209727e+00
9.903885082265398523e+03,3.861169720914195302e+00
9.903885105162364198e+03,3.861169769850579137e+00
9.903885128059329872e+03,3.861169818786359897e+00
9.903885150956295547e+03,3.861169867721538029e+00
9.903885173853261222e+03,3.861169916656112644e+00
9.903885196750226896e+03,3.861169965590084630e+00
9.903885219647192571e+03,3.861170014523453986e+00
9.903885242544158245e+03,3.861170063456219381e+00
9.903885265441123920e+03,3.861170112388381259e+00
9.903885288338089595e+03,3.861170161319938732e+00
9.903885311235055269e+03,3.861170210250892687e+00
9.903885334132020944e+03,3.861170259181242681e+00
9.903885357028986618e+03,3.861170308110989158e+00
9.903885379925952293e+03,3.861170357040129453e+00
9.903885402822917968e+03,3.861170405968666675e+00
9.903885425719883642e+03,3.861170454896598159e+00
9.903885448616849317e+03,3.861170503823925237e+00
9.903885471513814991e+03,3.861170552750646578e+00
9.903885494410780666e+03,3.861170601676762182e+00
9.903885517307746341e+03,3.861170650602273824e+00
9.903885540204712015e+03,3.861170699527178396e+00
9.903885563101677690e+03,3.861170748451477674e+00
9.903885585998643364e+03,3.861170797375171215e+00
9.903885608895609039e+03,3.861170846298258574e+00
9.903885631792574713e+03,3.861170895220738863e+00
9.903885654689540388e+03,3.861170944142612527e+00
9.903885677586506063e+03,3.861170993063880452e+00
9.903885700483471737e+03,3.861171041984540420e+00
9.903885723380437412e+03,3.861171090904594649e+00
9.903885746277403086e+03,3.861171139824040921e+00
9.903885769174368761e+03,3.861171188742879234e+00
9.903885792071334436e+03,3.861171237661110478e+00
9.903885814968298291e+03,3.861171286578730211e+00
9.903885837865263966e+03,3.861171335495745538e+00
9.903885860762229640e+03,3.861171384412153351e+00
9.903885883659195315e+03,3.861171433327952762e+00
9.903885906556160990e+03,3.861171482243143327e+00
9.903885929453126664e+03,3.861171531157725489e+00
9.903885952350092339e+03,3.861171580071699250e+00
9.903885975247058013e+03,3.861171628985063276e+00
9.903885998144023688e+03,3.861171677897818899e+00
9.903886021040989363e+03,3.861171726809964788e+00
9.903886043937955037e+03,3.861171775721501831e+00
9.903886066834920712e+03,3.861171824632428251e+00
9.903886089731886386e+03,3.861171873542745381e+00
9.903886112628852061e+03,3.861171922452452776e+00
9.903886135525817735e+03,3.861171971361549549e+00
9.903886158422783410e+03,3.861172020270036587e+00
9.903886181319749085e+03,3.861172069177912558e+00
9.903886204216714759e+03,3.861172118085178351e+00
9.903886227113680434e+03,3.861172166991832633e+00
9.903886250010646108e+03,3.861172215897876292e+00
9.903886272907611783e+03,3.861172264803308440e+00
9.903886295804577458e+03,3.861172313708129522e+00
9.903886318701543132e+03,3.861172362612338649e+00
9.903886341598508807e+03,3.861172411515936709e+00
9.903886364495474481e+03,3.861172460418922814e+00
9.903886387392440156e+03,3.861172509321296076e+00
9.903886410289405831e+03,3.861172558223058271e+00
9.903886433186371505e+03,3.861172607124206735e+00
9.903886456083337180e+03,3.861172656024743688e+00
9.903886478980302854e+03,3.861172704924667354e+00
9.903886501877268529e+03,3.861172753823978177e+00
9.903886524774234204e+03,3.861172802722675712e+00
9.903886547671199878e+03,3.861172851620760849e+00
9.903886570568165553e+03,3.861172900518231366e+00
9.903886593465131227e+03,3.861172949415089040e+00
9.903886616362095083e+03,3.861172998311328541e+00
9.903886639259060757e+03,3.861173047206958753e+00
9.903886662156026432e+03,3.861173096101974345e+00
9.903886685052992107e+03,3.861173144996375317e+00
9.903886707949957781e+03,3.861173193890162114e+00
9.903886730846923456e+03,3.861173242783334736e+00
9.903886753743889130e+03,3.861173291675892294e+00
9.903886776640854805e+03,3.861173340567834344e+00
9.903886799537820480e+03,3.861173389459161331e+00
9.903886822434786154e+03,3.861173438349873699e+00
9.903886845331751829e+03,3.861173487239969226e+00
9.903886868228717503e+03,3.861173536129450579e+00
9.903886891125683178e+03,3.861173585018315091e+00
9.903886914022648853e+03,3.861173633906564095e+00
9.903886936919614527e+03,3.861173682794196260e+00
9.903886959816580202e+03,3.861173731681212473e+00
9.903886982713545876e+03,3.861173780567612290e+00
9.903887005610511551e+03,3.861173829453394823e+00
9.903887028507477226e+03,3.861173878338560961e+00
9.903887051404442900e+03,3.861173927223110258e+00
9.903887074301408575e+03,3.861173976107041828e+00
9.903887097198374249e+03,3.861174024990355669e+00
9.903887120095339924e+03,3.861174073873052670e+00
9.903887142992305598e+03,3.861174122755131943e+00
9.903887165889271273e+03,3.861174171636592600e+00
9.903887188786236948e+03,3.861174220517435973e+00
9.903887211683202622e+03,3.861174269397660730e+00
9.903887234580168297e+03,3.861174318277266870e+00
9.903887257477133971e+03,3.861174367156254394e+00
9.903887280374099646e+03,3.861174416034622858e+00
9.903887303271065321e+03,3.861174464912373594e+00
9.903887326168030995e+03,3.861174513789503493e+00
9.903887349064996670e+03,3.861174562666015220e+00
9.903887371961962344e+03,3.861174611541906554e+00
9.903887394858928019e+03,3.861174660417179272e+00
9.903887417755891875e+03,3.861174709291828044e+00
9.903887440652857549e+03,3.861174758165860421e+00
9.903887463549823224e+03,3.861174807039272849e+00
9.903887486446788898e+03,3.861174855912064885e+00
9.903887509343754573e+03,3.861174904784236528e+00
9.903887532240720248e+03,3.861174953655787334e+00
9.903887555137685922e+03,3.861175002526716860e+00
9.903887578034651597e+03,3.861175051397025548e+00
9.903887600931617271e+03,3.861175100266713400e+00
9.903887623828582946e+03,3.861175149135779083e+00
9.903887646725548620e+03,3.861175198004223930e+00
9.903887669622514295e+03,3.861175246872047051e+00
9.903887692519479970e+03,3.861175295739248448e+00
9.903887715416445644e+03,3.861175344605827675e+00
9.903887738313411319e+03,3.861175393471784290e+00
9.903887761210376993e+03,3.861175442337118291e+00
9.903887784107342668e+03,3.861175491201830123e+00
9.903887807004308343e+03,3.861175540065919787e+00
9.903887829901274017e+03,3.861175588929385505e+00
9.903887852798239692e+03,3.861175637792229054e+00
9.903887875695205366e+03,3.861175686654448214e+00
9.903887898592171041e+03,3.861175735516044760e+00
9.903887921489136716e+03,3.861175784377017806e+00
9.903887944386102390e+03,3.861175833237366906e+00
9.903887967283068065e+03,3.861175882097091172e+00
9.903887990180033739e+03,3.861175930956192381e+00
9.903888013076999414e+03,3.861175979814668313e+00
9.903888035973965088e+03,3.861176028672520744e+00
9.903888058870930763e+03,3.861176077529748341e+00
9.903888081767896438e+03,3.861176126386351104e+00
9.903888104664862112e+03,3.861176175242327702e+00
9.903888127561827787e+03,3.861176224097680798e+00
9.903888150458793461e+03,3.861176272952408173e+00
9.903888173355759136e+03,3.861176321806509382e+00
9.903888196252724811e+03,3.861176370659985313e+00
9.903888219149688666e+03,3.861176419512831082e+00
9.903888242046654341e+03,3.861176468365054681e+00
9.903888264943620015e+03,3.861176517216652559e+00
9.903888287840585690e+03,3.861176566067623828e+00
9.903888310737551365e+03,3.861176614917968486e+00
9.903888333634517039e+03,3.861176663767686534e+00
9.903888356531482714e+03,3.861176712616778417e+00
9.903888379428448388e+03,3.861176761465242357e+00
9.903888402325414063e+03,3.861176810313079244e+00
9.903888425222379738e+03,3.861176859160288632e+00
9.903888448119345412e+03,3.861176908006870523e+00
9.903888471016311087e+03,3.861176956852824471e+00
9.903888493913276761e+03,3.861177005698150477e+00
9.903888516810242436e+03,3.861177054542848541e+00
9.903888539707208110e+03,3.861177103386919107e+00
9.903888562604173785e+03,3.861177152230360399e+00
9.903888585501139460e+03,3.861177201073172860e+00
9.903888608398105134e+03,3.861177249915356935e+00
9.903888631295070809e+03,3.861177298756911735e+00
9.903888654192036483e+03,3.861177347597837262e+00
9.903888677089002158e+03,3.861177396438133957e+00
9.903888699985967833e+03,3.861177445277801379e+00
9.903888722882933507e+03,3.861177494116839082e+00
9.903888745779899182e+03,3.861177542955246622e+00
9.903888768676864856e+03,3.861177591793024000e+00
9.903888791573830531e+03,3.861177640630171659e+00
9.903888814470796206e+03,3.861177689466688268e+00
9.903888837367761880e+03,3.861177738302575158e+00
9.903888860264727555e+03,3.861177787137830997e+00
9.903888883161693229e+03,3.861177835972455785e+00
9.903888906058658904e+03,3.861177884806449967e+00
9.903888928955624579e+03,3.861177933639812654e+00
9.903888951852590253e+03,3.861177982472544290e+00
9.903888974749555928e+03,3.861178031304643987e+00
9.903888997646521602e+03,3.861178080136112190e+00
9.903889020543485458e+03,3.861178128966944456e+00
9.903889043440451132e+03,3.861178177797149225e+00
9.903889066337416807e+03,3.861178226626720722e+00
9.903889089234382482e+03,3.861178275455660724e+00
9.903889112131348156e+03,3.861178324283967456e+00
9.903889135028313831e+03,3.861178373111641360e+00
9.903889157925279505e+03,3.861178421938683325e+00
9.903889180822245180e+03,3.861178470765091131e+00
9.903889203719210855e+03,3.861178519590866109e+00
9.903889226616176529e+03,3.861178568416008261e+00
9.903889249513142204e+03,3.861178617240515365e+00
9.903889272410107878e+03,3.861178666064389642e+00
9.903889295307073553e+03,3.861178714887629315e+00
9.903889318204039228e+03,3.861178763710235717e+00
9.903889341101004902e+03,3.861178812532207072e+00
9.903889363997970577e+03,3.861178861353544711e+00
9.903889386894936251e+03,3.861178910174247747e+00
9.903889409791901926e+03,3.861178958994315291e+00
9.903889432688867601e+03,3.861179007813747788e+00
9.903889455585833275e+03,3.861179056632544793e+00
9.903889478482798950e+03,3.861179105450708082e+00
9.903889501379764624e+03,3.861179154268234104e+00
9.903889524276730299e+03,3.861179203085125078e+00
9.903889547173695973e+03,3.861179251901380116e+00
9.903889570070661648e+03,3.861179300716999219e+00
9.903889592967627323e+03,3.861179349531982385e+00
9.903889615864592997e+03,3.861179398346329616e+00
9.903889638761558672e+03,3.861179447160039135e+00
9.903889661658524346e+03,3.861179495973112274e+00
9.903889684555490021e+03,3.861179544785549034e+00
9.903889707452455696e+03,3.861179593597348525e+00
9.903889730349421370e+03,3.861179642408510748e+00
9.903889753246387045e+03,3.861179691219034815e+00
9.903889776143352719e+03,3.861179740028922502e+00
9.903889799040318394e+03,3.861179788838172033e+00
9.903889821937282250e+03,3.861179837646779855e+00
9.903889844834247924e+03,3.861179886454752630e+00
9.903889867731213599e+03,3.861179935262088581e+00
9.903889890628179273e+03,3.861179984068785043e+00
9.903889913525144948e+03,3.861180032874842460e+00
9.903889936422110623e+03,3.861180081680261722e+00
9.903889959319076297e+03,3.861180130485042827e+00
9.903889982216041972e+03,3.861180179289184000e+00
9.903890005113007646e+03,3.861180228092685685e+00
9.903890028009973321e+03,3.861180276895548324e+00
9.903890050906938995e+03,3.861180325697771476e+00
9.903890073803904670e+03,3.861180374499354251e+00
9.903890096700870345e+03,3.861180423300296649e+00
9.903890119597836019e+03,3.861180472100599559e+00
9.903890142494801694e+03,3.861180520900262536e+00
9.903890165391767368e+03,3.861180569699284248e+00
9.903890188288733043e+03,3.861180618497665584e+00
9.903890211185698718e+03,3.861180667295405655e+00
9.903890234082664392e+03,3.861180716092505794e+00
9.903890256979630067e+03,3.861180764888963779e+00
9.903890279876595741e+03,3.861180813684780500e+00
9.903890302773561416e+03,3.861180862479956399e+00
9.903890325670527091e+03,3.861180911274489258e+00
9.903890348567492765e+03,3.861180960068380852e+00
9.903890371464458440e+03,3.861181008861630737e+00
9.903890394361424114e+03,3.861181057654238469e+00
9.903890417258389789e+03,3.861181106446203604e+00
9.903890440155355464e+03,3.861181155237526585e+00
9.903890463052321138e+03,3.861181204028205638e+00
9.903890485949286813e+03,3.861181252818242982e+00
9.903890508846252487e+03,3.861181301607636396e+00
9.903890531743218162e+03,3.861181350396387213e+00
9.903890554640183836e+03,3.861181399184494101e+00
9.903890577537149511e+03,3.861181447971957503e+00
9.903890600434115186e+03,3.861181496758776976e+00
9.903890623331079041e+03,3.861181545544948968e+00
9.903890646228044716e+03,3.861181594330480138e+00
9.903890669125010390e+03,3.861181643115367823e+00
9.903890692021976065e+03,3.861181691899610691e+00
9.903890714918941740e+03,3.861181740683208741e+00
9.903890737815907414e+03,3.861181789466162417e+00
9.903890760712873089e+03,3.861181838248470832e+00
9.903890783609838763e+03,3.861181887030133986e+00
9.903890806506804438e+03,3.861181935811151877e+00
9.903890829403770113e+03,3.861181984591524063e+00
9.903890852300735787e+03,3.861182033371250988e+00
9.903890875197701462e+03,3.861182082150331762e+00
9.903890898094667136e+03,3.861182130928766831e+00
9.903890920991632811e+03,3.861182179706555750e+00
9.903890943888598486e+03,3.861182228483697632e+00
9.903890966785564160e+03,3.861182277260193807e+00
9.903890989682529835e+03,3.861182326036042944e+00
9.903891012579495509e+03,3.861182374811245044e+00
9.903891035476461184e+03,3.861182423585800105e+00
9.903891058373426858e+03,3.861182472359708129e+00
9.903891081270392533e+03,3.861182521132968670e+00
9.903891104167358208e+03,3.861182569905581285e+00
9.903891127064323882e+03,3.861182618677546863e+00
9.903891149961289557e+03,3.861182667448864514e+00
9.903891172858255231e+03,3.861182716219533351e+00
9.903891195755220906e+03,3.861182764989555150e+00
9.903891218652186581e+03,3.861182813758926802e+00
9.903891241549152255e+03,3.861182862527651860e+00
9.903891264446117930e+03,3.861182911295726772e+00
9.903891287343083604e+03,3.861182960063153313e+00
9.903891310240049279e+03,3.861183008829930596e+00
9.903891333137014954e+03,3.861183057596058177e+00
9.903891356033980628e+03,3.861183106361536055e+00
9.903891378930946303e+03,3.861183155126365563e+00
9.903891401827911977e+03,3.861183203890544036e+00
9.903891424724875833e+03,3.861183252654069253e+00
9.903891447621841507e+03,3.861183301416948765e+00
9.903891470518807182e+03,3.861183350179177243e+00
9.903891493415772857e+03,3.861183398940755129e+00
9.903891516312738531e+03,3.861183447701682869e+00
9.903891539209704206e+03,3.861183496461958686e+00
9.903891562106669880e+03,3.861183545221584357e+00
9.903891585003635555e+03,3.861183593980559436e+00
9.903891607900601230e+03,3.861183642738882149e+00
9.903891630797566904e+03,3.861183691496553383e+00
9.903891653694532579e+03,3.861183740253573138e+00
9.903891676591498253e+03,3.861183789009941858e+00
9.903891699488463928e+03,3.861183837765657767e+00
9.903891722385429603e+03,3.861183886520720865e+00
9.903891745282395277e+03,3.861183935275132484e+00
9.903891768179360952e+03,3.861183984028890848e+00
9.903891791076326626e+03,3.861184032781997288e+00
9.903891813973292301e+03,3.861184081534450474e+00
9.903891836870257976e+03,3.861184130286250404e+00
9.903891859767223650e+03,3.861184179037397080e+00
9.903891882664189325e+03,3.861184227787890944e+00
9.903891905561154999e+03,3.861184276537730664e+00
9.903891928458120674e+03,3.861184325286917129e+00
9.903891951355086348e+03,3.861184374035449007e+00
9.903891974252052023e+03,3.861184422783327630e+00
9.903891997149017698e+03,3.861184471530551221e+00
9.903892020045983372e+03,3.861184520277120225e+00
9.903892042942949047e+03,3.861184569023035085e+00
9.903892065839914721e+03,3.861184617768295357e+00
9.903892088736880396e+03,3.861184666512899710e+00
9.903892111633846071e+03,3.861184715256849920e+00
9.903892134530811745e+03,3.861184764000143765e+00
9.903892157427777420e+03,3.861184812742783468e+00
9.903892180324743094e+03,3.861184861484766806e+00
9.903892203221708769e+03,3.861184910226094225e+00
9.903892226118672625e+03,3.861184958966762171e+00
9.903892249015638299e+03,3.861185007706777306e+00
9.903892271912603974e+03,3.861185056446136077e+00
9.903892294809569648e+03,3.861185105184839372e+00
9.903892317706535323e+03,3.861185153922884972e+00
9.903892340603500998e+03,3.861185202660273763e+00
9.903892363500466672e+03,3.861185251397005747e+00
9.903892386397432347e+03,3.861185300133080478e+00
9.903892409294398021e+03,3.861185348868497513e+00
9.903892432191363696e+03,3.861185397603257741e+00
9.903892455088329370e+03,3.861185446337359828e+00
9.903892477985295045e+03,3.861185495070804219e+00
9.903892500882260720e+03,3.861185543803590470e+00
9.903892523779226394e+03,3.861185592535718580e+00
9.903892546676192069e+03,3.861185641267187663e+00
9.903892569573157743e+03,3.861185689997999049e+00
9.903892592470123418e+03,3.861185738728151406e+00
9.903892615367089093e+03,3.861185787457644736e+00
9.903892638264054767e+03,3.861185836186478593e+00
9.903892661161020442e+03,3.861185884914653865e+00
9.903892684057986116e+03,3.861185933642169665e+00
9.903892706954951791e+03,3.861185982369025549e+00
9.903892729851917466e+03,3.861186031095221072e+00
9.903892752748883140e+03,3.861186079820758010e+00
9.903892775645848815e+03,3.861186128545633700e+00
9.903892798542814489e+03,3.861186177269849917e+00
9.903892821439780164e+03,3.861186225993404886e+00
9.903892844336745839e+03,3.861186274716299938e+00
9.903892867233711513e+03,3.861186323438533297e+00
9.903892890130677188e+03,3.861186372160106739e+00
9.903892913027642862e+03,3.861186420881018044e+00
9.903892935924608537e+03,3.861186469601268101e+00
9.903892958821574211e+03,3.861186518320857353e+00
9.903892981718539886e+03,3.861186567039784912e+00
9.903893004615505561e+03,3.861186615758049445e+00
9.903893027512469416e+03,3.861186664475649177e+00
9.903893050409435091e+03,3.861186713192590769e+00
9.903893073306400765e+03,3.861186761908869780e+00
9.903893096203366440e+03,3.861186810624486210e+00
9.903893119100332115e+03,3.861186859339439614e+00
9.903893141997297789e+03,3.861186908053729994e+00
9.903893164894263464e+03,3.861186956767357792e+00
9.903893187791229138e+03,3.861187005480322121e+00
9.903893210688194813e+03,3.861187054192623425e+00
9.903893233585160488e+03,3.861187102904260815e+00
9.903893256482126162e+03,3.861187151615235180e+00
9.903893279379091837e+03,3.861187200325544744e+00
9.903893302276057511e+03,3.861187249035190394e+00
9.903893325173023186e+03,3.861187297744171687e+00
9.903893348069988861e+03,3.861187346452489511e+00
9.903893370966954535e+03,3.861187395160141644e+00
9.903893393863920210e+03,3.861187443867128977e+00
9.903893416760885884e+03,3.861187492573452396e+00
9.903893439657851559e+03,3.861187541279110125e+00
9.903893462554817233e+03,3.861187589984103052e+00
9.903893485451782908e+03,3.861187638688429402e+00
9.903893508348748583e+03,3.861187687392091394e+00
9.903893531245714257e+03,3.861187736095086365e+00
9.903893554142679932e+03,3.861187784797416533e+00
9.903893577039645606e+03,3.861187833499079680e+00
9.903893599936611281e+03,3.861187882200076693e+00
9.903893622833576956e+03,3.861187930900408016e+00
9.903893645730542630e+03,3.861187979600071429e+00
9.903893668627508305e+03,3.861188028299068709e+00
9.903893691524473979e+03,3.861188076997398522e+00
9.903893714421439654e+03,3.861188125695062645e+00
9.903893737318405329e+03,3.861188174392057970e+00
9.903893760215371003e+03,3.861188223088386273e+00
9.903893783112336678e+03,3.861188271784046666e+00
9.903893806009302352e+03,3.861188320479039149e+00
9.903893828906266208e+03,3.861188369173360169e+00
9.903893851803231883e+03,3.861188417867015943e+00
9.903893874700197557e+03,3.861188466560004251e+00
9.903893897597163232e+03,3.861188515252323761e+00
9.903893920494128906e+03,3.861188563943974916e+00
9.903893943391094581e+03,3.861188612634956385e+00
9.903893966288060255e+03,3.861188661325269500e+00
9.903893989185025930e+03,3.861188710014912928e+00
9.903894012081991605e+03,3.861188758703887558e+00
9.903894034978957279e+03,3.861188807392191169e+00
9.903894057875922954e+03,3.861188856079826870e+00
9.903894080772888628e+03,3.861188904766791108e+00
9.903894103669854303e+03,3.861188953453086103e+00
9.903894126566819978e+03,3.861189002138710524e+00
9.903894149463785652e+03,3.861189050823664815e+00
9.903894172360751327e+03,3.861189099507948974e+00
9.903894195257717001e+03,3.861189148191560783e+00
9.903894218154682676e+03,3.861189196874503793e+00
9.903894241051648351e+03,3.861189245556774452e+00
9.903894263948614025e+03,3.861189294238372760e+00
9.903894286845579700e+03,3.861189342919301382e+00
9.903894309742545374e+03,3.861189391599557652e+00
9.903894332639511049e+03,3.861189440279142016e+00
9.903894355536476724e+03,3.861189488958054472e+00
9.903894378433442398e+03,3.861189537636295022e+00
9.903894401330408073e+03,3.861189586313862776e+00
9.903894424227373747e+03,3.861189634990758179e+00
9.903894447124339422e+03,3.861189683666981232e+00
9.903894470021305096e+03,3.861189732342531045e+00
9.903894492918270771e+03,3.861189781017408063e+00
9.903894515815236446e+03,3.861189829691612285e+00
9.903894538712202120e+03,3.861189878365142825e+00
9.903894561609167795e+03,3.861189927037999681e+00
9.903894584506133469e+03,3.861189975710182853e+00
9.903894607403099144e+03,3.861190024381692343e+00
9.903894630300063000e+03,3.861190073052523708e+00
9.903894653197028674e+03,3.861190121722684943e+00
9.903894676093994349e+03,3.861190170392171606e+00
9.903894698990960023e+03,3.861190219060983697e+00
9.903894721887925698e+03,3.861190267729120773e+00
9.903894744784891373e+03,3.861190316396583722e+00
9.903894767681857047e+03,3.861190365063371210e+00
9.903894790578822722e+03,3.861190413729483684e+00
9.903894813475788396e+03,3.861190462394920253e+00
9.903894836372754071e+03,3.861190511059681363e+00
9.903894859269719745e+03,3.861190559723766569e+00
9.903894882166685420e+03,3.861190608387175871e+00
9.903894905063651095e+03,3.861190657049909269e+00
9.903894927960616769e+03,3.861190705711967208e+00
9.903894950857582444e+03,3.861190754373347911e+00
9.903894973754548118e+03,3.861190803034051378e+00
9.903894996651513793e+03,3.861190851694078940e+00
9.903895019548479468e+03,3.861190900353429267e+00
9.903895042445445142e+03,3.861190949012102358e+00
9.903895065342410817e+03,3.861190997670098213e+00
9.903895088239376491e+03,3.861191046327416831e+00
9.903895111136342166e+03,3.861191094984057770e+00
9.903895134033307841e+03,3.861191143640020584e+00
9.903895156930273515e+03,3.861191192295305719e+00
9.903895179827239190e+03,3.861191240949912284e+00
9.903895202724204864e+03,3.861191289603840726e+00
9.903895225621170539e+03,3.861191338257090599e+00
9.903895248518136214e+03,3.861191386909661905e+00
9.903895271415101888e+03,3.861191435561554197e+00
9.903895294312067563e+03,3.861191484212767477e+00
9.903895317209033237e+03,3.861191532863301301e+00
9.903895340105998912e+03,3.861191581513156557e+00
9.903895363002964586e+03,3.861191630162331467e+00
9.903895385899930261e+03,3.861191678810827366e+00
9.903895408796895936e+03,3.861191727458642919e+00
9.903895431693859791e+03,3.861191776105775020e+00
9.903895454590825466e+03,3.861191824752230772e+00
9.903895477487791140e+03,3.861191873398005736e+00
9.903895500384756815e+03,3.861191922043099911e+00
9.903895523281722490e+03,3.861191970687514186e+00
9.903895546178688164e+03,3.861192019331246339e+00
9.903895569075653839e+03,3.861192067974298592e+00
9.903895591972619513e+03,3.861192116616669168e+00
9.903895614869585188e+03,3.861192165258357178e+00
9.903895637766550863e+03,3.861192213899364845e+00
9.903895660663516537e+03,3.861192262539690390e+00
9.903895683560482212e+03,3.861192311179334258e+00
9.903895706457447886e+03,3.861192359818296005e+00
9.903895729354413561e+03,3.861192408456575631e+00
9.903895752251379236e+03,3.861192457094172692e+00
9.903895775148344910e+03,3.861192505731086744e+00
9.903895798045310585e+03,3.861192554367317786e+00
9.903895820942276259e+03,3.861192603002866264e+00
9.903895843839241934e+03,3.861192651637731732e+00
9.903895866736207608e+03,3.861192700271914191e+00
9.903895889633173283e+03,3.861192748905412753e+00
9.903895912530138958e+03,3.861192797538226973e+00
9.903895935427104632e+03,3.861192846170358628e+00
9.903895958324070307e+03,3.861192894801805942e+00
9.903895981221035981e+03,3.861192943432568025e+00
9.903896004118001656e+03,3.861192992062646656e+00
9.903896027014967331e+03,3.861193040692040945e+00
9.903896049911933005e+03,3.861193089320750005e+00
9.903896072808898680e+03,3.861193137948774723e+00
9.903896095705864354e+03,3.861193186576113767e+00
9.903896118602830029e+03,3.861193235202768026e+00
9.903896141499795704e+03,3.861193283828737499e+00
9.903896164396761378e+03,3.861193332454020410e+00
9.903896187293727053e+03,3.861193381078618092e+00
9.903896210190692727e+03,3.861193429702529656e+00
9.903896233087656583e+03,3.861193478325751993e+00
9.903896255984622258e+03,3.861193526948291321e+00
9.903896278881587932e+03,3.861193575570143643e+00
9.903896301778553607e+03,3.861193624191310736e+00
9.903896324675519281e+03,3.861193672811790378e+00
9.903896347572484956e+03,3.861193721431583015e+00
9.903896370469450630e+03,3.861193770050688645e+00
9.903896393366416305e+03,3.861193818669107714e+00
9.903896416263381980e+03,3.861193867286838444e+00
9.903896439160347654e+03,3.861193915903881724e+00
9.903896462057313329e+03,3.861193964520237554e+00
9.903896484954279003e+03,3.861194013135905045e+00
9.903896507851244678e+03,3.861194061750884643e+00
9.903896530748210353e+03,3.861194110365176346e+00
9.903896553645176027e+03,3.861194158978779267e+00
9.903896576542141702e+03,3.861194207591692962e+00
9.903896599439107376e+03,3.861194256203918318e+00
9.903896622336073051e+03,3.861194304815454448e+00
9.903896645233038726e+03,3.861194353426302239e+00
9.903896668130004400e+03,3.861194402036460360e+00
9.903896691026970075e+03,3.861194450645928367e+00
9.903896713923935749e+03,3.861194499254707146e+00
9.903896736820901424e+03,3.861194547862795812e+00
9.903896759717867099e+03,3.861194596470194806e+00
9.903896782614832773e+03,3.861194645076903686e+00
9.903896805511798448e+03,3.861194693682922008e+00
9.903896828408764122e+03,3.861194742288249770e+00
9.903896851305729797e+03,3.861194790892886974e+00
9.903896874202695471e+03,3.861194839496833620e+00
9.903896897099661146e+03,3.861194888100089262e+00
9.903896919996626821e+03,3.861194936702653013e+00
9.903896942893592495e+03,3.861194985304525762e+00
9.903896965790558170e+03,3.861195033905707064e+00
9.903896988687523844e+03,3.861195082506196918e+00
9.903897011584489519e+03,3.861195131105993550e+00
9.903897034481453375e+03,3.861195179705095626e+00
9.903897057378419049e+03,3.861195228303508475e+00
9.903897080275384724e+03,3.861195276901229434e+00
9.903897103172350398e+03,3.861195325498258057e+00
9.903897126069316073e+03,3.861195374094593014e+00
9.903897148966281748e+03,3.861195422690235635e+00
9.903897171863247422e+03,3.861195471285185477e+00
9.903897194760213097e+03,3.861195519879442095e+00
9.903897217657178771e+03,3.861195568473004602e+00
9.903897240554144446e+03,3.861195617065873886e+00
9.903897263451110121e+03,3.861195665658049503e+00
9.903897286348075795e+03,3.861195714249530564e+00
9.903897309245041470e+03,3.861195762840317514e+00
9.903897332142007144e+03,3.861195811430411240e+00
9.903897355038972819e+03,3.861195860019809523e+00
9.903897377935938493e+03,3.861195908608513694e+00
9.903897400832904168e+03,3.861195957196522421e+00
9.903897423729869843e+03,3.861196005783837037e+00
9.903897446626835517e+03,3.861196054370455766e+00
9.903897469523801192e+03,3.861196102956379494e+00
9.903897492420766866e+03,3.861196151541607779e+00
9.903897515317732541e+03,3.861196200126140177e+00
9.903897538214698216e+03,3.861196248709976686e+00
9.903897561111663890e+03,3.861196297293118196e+00
9.903897584008629565e+03,3.861196345875562486e+00
9.903897606905595239e+03,3.861196394457309999e+00
9.903897629802560914e+03,3.861196443038362069e+00
9.903897652699526589e+03,3.861196491618716475e+00
9.903897675596492263e+03,3.861196540198375438e+00
9.903897698493457938e+03,3.861196588777335847e+00
9.903897721390423612e+03,3.861196637355599925e+00
9.903897744287389287e+03,3.861196685933166783e+00
9.903897767184354962e+03,3.861196734510035533e+00
9.903897790081320636e+03,3.861196783086206619e+00
9.903897812978286311e+03,3.861196831661680040e+00
9.903897835875250166e+03,3.861196880236451801e+00
9.903897858772215841e+03,3.861196928810528117e+00
9.903897881669181515e+03,3.861196977383906770e+00
9.903897904566147190e+03,3.861197025956586870e+00
9.903897927463112865e+03,3.861197074528568418e+00
9.903897950360078539e+03,3.861197123099850526e+00
9.903897973257044214e+03,3.861197171670434081e+00
9.903897996154009888e+03,3.861197220240317307e+00
9.903898019050975563e+03,3.861197268809501981e+00
9.903898041947941238e+03,3.861197317377987215e+00
9.903898064844906912e+03,3.861197365945772120e+00
9.903898087741872587e+03,3.861197414512857140e+00
9.903898110638838261e+03,3.861197463079242276e+00
9.903898133535803936e+03,3.861197511644927527e+00
9.903898156432769611e+03,3.861197560209911561e+00
9.903898179329735285e+03,3.861197608774194823e+00
9.903898202226700960e+03,3.861197657337778644e+00
9.903898225123666634e+03,3.861197705900659916e+00
9.903898248020632309e+03,3.861197754462840859e+00
9.903898270917597983e+03,3.861197803024320141e+00
9.903898293814563658e+03,3.861197851585098206e+00
9.903898316711529333e+03,3.861197900145174167e+00
9.903898339608495007e+03,3.861197948704548910e+00
9.903898362505460682e+03,3.861197997263221104e+00
9.903898385402426356e+03,3.861198045821191194e+00
9.903898408299392031e+03,3.861198094378459178e+00
9.903898431196357706e+03,3.861198142935024613e+00
9.903898454093323380e+03,3.861198191490887943e+00
9.903898476990289055e+03,3.861198240046047392e+00
9.903898499887254729e+03,3.861198288600503847e+00
9.903898522784220404e+03,3.861198337154257754e+00
9.903898545681186079e+03,3.861198385707308223e+00
9.903898568578151753e+03,3.861198434259654366e+00
9.903898591475117428e+03,3.861198482811297517e+00
9.903898614372083102e+03,3.861198531362236341e+00
9.903898637269046958e+03,3.861198579912467288e+00
9.903898660166012633e+03,3.861198628461998350e+00
9.903898683062978307e+03,3.861198677010824643e+00
9.903898705959943982e+03,3.861198725558946165e+00
9.903898728856909656e+03,3.861198774106363363e+00
9.903898751753875331e+03,3.861198822653075791e+00
9.903898774650841005e+03,3.861198871199082117e+00
9.903898797547806680e+03,3.861198919744383673e+00
9.903898820444772355e+03,3.861198968288980016e+00
9.903898843341738029e+03,3.861199016832871145e+00
9.903898866238703704e+03,3.861199065376056616e+00
9.903898889135669378e+03,3.861199113918535097e+00
9.903898912032635053e+03,3.861199162460307921e+00
9.903898934929600728e+03,3.861199211001374643e+00
9.903898957826566402e+03,3.861199259541734818e+00
9.903898980723532077e+03,3.861199308081388004e+00
9.903899003620497751e+03,3.861199356620335088e+00
9.903899026517463426e+03,3.861199405158574294e+00
9.903899049414429101e+03,3.861199453696106954e+00
9.903899072311394775e+03,3.861199502232932623e+00
9.903899095208360450e+03,3.861199550769049971e+00
9.903899118105326124e+03,3.861199599304459884e+00
9.903899141002291799e+03,3.861199647839162363e+00
9.903899163899257474e+03,3.861199696373156964e+00
9.903899186796223148e+03,3.861199744906442355e+00
9.903899209693188823e+03,3.861199793439020311e+00
9.903899232590154497e+03,3.861199841970889945e+00
9.903899255487120172e+03,3.861199890502049925e+00
9.903899278384085846e+03,3.861199939032501582e+00
9.903899301281051521e+03,3.861199987562244029e+00
9.903899324178017196e+03,3.861200036091277710e+00
9.903899347074982870e+03,3.861200084619602180e+00
9.903899369971948545e+03,3.861200133147216107e+00
9.903899392868914219e+03,3.861200181674121268e+00
9.903899415765879894e+03,3.861200230200315886e+00
9.903899438662843750e+03,3.861200278725796853e+00
9.903899461559809424e+03,3.861200327250572162e+00
9.903899484456775099e+03,3.861200375774636040e+00
9.903899507353740773e+03,3.861200424297989819e+00
9.903899530250706448e+03,3.861200472820632612e+00
9.903899553147672123e+03,3.861200521342564862e+00
9.903899576044637797e+03,3.861200569863785681e+00
9.903899598941603472e+03,3.861200618384295069e+00
9.903899621838569146e+03,3.861200666904093914e+00
9.903899644735534821e+03,3.861200715423179997e+00
9.903899667632500496e+03,3.861200763941554204e+00
9.903899690529466170e+03,3.861200812459217424e+00
9.903899713426431845e+03,3.861200860976168769e+00
9.903899736323397519e+03,3.861200909492406907e+00
9.903899759220363194e+03,3.861200958007932726e+00
9.903899782117328868e+03,3.861201006522746670e+00
9.903899805014294543e+03,3.861201055036847407e+00
9.903899827911260218e+03,3.861201103550234492e+00
9.903899850808225892e+03,3.861201152062908815e+00
9.903899873705191567e+03,3.861201200574870374e+00
9.903899896602157241e+03,3.861201249086118281e+00
9.903899919499122916e+03,3.861201297596652537e+00
9.903899942396088591e+03,3.861201346106472254e+00
9.903899965293054265e+03,3.861201394615578320e+00
9.903899988190019940e+03,3.861201443123970733e+00
9.903900011086985614e+03,3.861201491631648608e+00
9.903900033983951289e+03,3.861201540138611943e+00
9.903900056880916964e+03,3.861201588644860738e+00
9.903900079777882638e+03,3.861201637150394106e+00
9.903900102674848313e+03,3.861201685655212934e+00
9.903900125571813987e+03,3.861201734159315890e+00
9.903900148468779662e+03,3.861201782662704307e+00
9.903900171365745337e+03,3.861201831165376852e+00
9.903900194262711011e+03,3.861201879667333525e+00
9.903900217159676686e+03,3.861201928168574771e+00
9.903900240056640541e+03,3.861201976669095703e+00
9.903900262953606216e+03,3.861202025168904761e+00
9.903900285850571890e+03,3.861202073667997059e+00
9.903900308747537565e+03,3.861202122166372597e+00
9.903900331644503240e+03,3.861202170664031819e+00
9.903900354541468914e+03,3.861202219160974280e+00
9.903900377438434589e+03,3.861202267657198650e+00
9.903900400335400263e+03,3.861202316152706704e+00
9.903900423232365938e+03,3.861202364647496665e+00
9.903900446129331613e+03,3.861202413141569867e+00
9.903900469026297287e+03,3.861202461634925420e+00
9.903900491923262962e+03,3.861202510127561549e+00
9.903900514820228636e+03,3.861202558619480918e+00
9.903900537717194311e+03,3.861202607110681306e+00
9.903900560614159986e+03,3.861202655601164047e+00
9.903900583511125660e+03,3.861202704090928250e+00
9.903900606408091335e+03,3.861202752579972142e+00
9.903900629305057009e+03,3.861202801068298385e+00
9.903900652202022684e+03,3.861202849555905203e+00
9.903900675098988359e+03,3.861202898042792597e+00
9.903900697995954033e+03,3.861202946528961011e+00
9.903900720892919708e+03,3.861202995014408668e+00
9.903900743789885382e+03,3.861203043499137344e+00
9.903900766686851057e+03,3.861203091983146152e+00
9.903900789583816731e+03,3.861203140466434647e+00
9.903900812480782406e+03,3.861203188949003273e+00
9.903900835377748081e+03,3.861203237430850255e+00
9.903900858274713755e+03,3.861203285911976923e+00
9.903900881171679430e+03,3.861203334392382835e+00
9.903900904068645104e+03,3.861203382872068435e+00
9.903900926965610779e+03,3.861203431351032389e+00
9.903900949862576454e+03,3.861203479829274254e+00
9.903900972759542128e+03,3.861203528306795363e+00
9.903900995656507803e+03,3.861203576783595715e+00
9.903901018553473477e+03,3.861203625259672201e+00
9.903901041450437333e+03,3.861203673735023933e+00
9.903901064347403008e+03,3.861203722209657130e+00
9.903901087244368682e+03,3.861203770683567793e+00
9.903901110141334357e+03,3.861203819156755923e+00
9.903901133038300031e+03,3.861203867629221520e+00
9.903901155935265706e+03,3.861203916100964584e+00
9.903901178832231381e+03,3.861203964571983782e+00
9.903901201729197055e+03,3.861204013042280891e+00
9.903901224626162730e+03,3.861204061511853691e+00
9.903901247523128404e+03,3.861204109980703070e+00
9.903901270420094079e+03,3.861204158448828139e+00
9.903901293317059753e+03,3.861204206916229786e+00
9.903901316214025428e+03,3.861204255382907125e+00
9.903901339110991103e+03,3.861204303848860597e+00
9.903901362007956777e+03,3.861204352314089316e+00
9.903901384904922452e+03,3.861204400778594170e+00
9.903901407801888126e+03,3.861204449242373382e+00
9.903901430698853801e+03,3.861204497705427841e+00
9.903901453595819476e+03,3.861204546167757101e+00
9.903901476492785150e+03,3.861204594629361164e+00
9.903901499389750825e+03,3.861204643090240030e+00
9.903901522286716499e+03,3.861204691550393253e+00
9.903901545183682174e+03,3.861204740009820391e+00
9.903901568080647849e+03,3.861204788468522331e+00
9.903901590977613523e+03,3.861204836926497297e+00
9.903901613874579198e+03,3.861204885383745289e+00
9.903901636771544872e+03,3.861204933840267639e+00
9.903901659668510547e+03,3.861204982296063903e+00
9.903901682565476221e+03,3.861205030751132306e+00
9.903901705462441896e+03,3.861205079205474178e+00
9.903901728359407571e+03,3.861205127659088632e+00
9.903901751256373245e+03,3.861205176111976112e+00
9.903901774153338920e+03,3.861205224564136174e+00
9.903901797050304594e+03,3.861205273015567929e+00
9.903901819947270269e+03,3.861205321466272711e+00
9.903901842844234125e+03,3.861205369916244745e+00
9.903901865741199799e+03,3.861205418365493358e+00
9.903901888638165474e+03,3.861205466814012777e+00
9.903901911535131148e+03,3.861205515261804333e+00
9.903901934432096823e+03,3.861205563708866251e+00
9.903901957329062498e+03,3.861205612155199862e+00
9.903901980226028172e+03,3.861205660600804723e+00
9.903902003122993847e+03,3.861205709045679502e+00
9.903902026019959521e+03,3.861205757489825974e+00
9.903902048916925196e+03,3.861205805933242363e+00
9.903902071813890871e+03,3.861205854375929114e+00
9.903902094710856545e+03,3.861205902817885338e+00
9.903902117607822220e+03,3.861205951259111924e+00
9.903902140504787894e+03,3.861205999699608427e+00
9.903902163401753569e+03,3.861206048139374847e+00
9.903902186298719243e+03,3.861206096578409852e+00
9.903902209195684918e+03,3.861206145016714775e+00
9.903902232092650593e+03,3.861206193454288282e+00
9.903902254989616267e+03,3.861206241891130819e+00
9.903902277886581942e+03,3.861206290327242385e+00
9.903902300783547616e+03,3.861206338762621648e+00
9.903902323680513291e+03,3.861206387197269940e+00
9.903902346577478966e+03,3.861206435631186373e+00
9.903902369474444640e+03,3.861206484064370947e+00
9.903902392371410315e+03,3.861206532496823218e+00
9.903902415268375989e+03,3.861206580928543630e+00
9.903902438165341664e+03,3.861206629359531295e+00
9.903902461062307339e+03,3.861206677789785768e+00
9.903902483959273013e+03,3.861206726219308383e+00
9.903902506856238688e+03,3.861206774648097362e+00
9.903902529753204362e+03,3.861206823076153594e+00
9.903902552650170037e+03,3.861206871503476190e+00
9.903902575547135712e+03,3.861206919930065595e+00
9.903902598444101386e+03,3.861206968355920921e+00
9.903902621341065242e+03,3.861207016781038615e+00
9.903902644238030916e+03,3.861207065205426225e+00
9.903902667134996591e+03,3.861207113629080201e+00
9.903902690031962265e+03,3.861207162051999653e+00
9.903902712928927940e+03,3.861207210474183693e+00
9.903902735825893615e+03,3.861207258895634098e+00
9.903902758722859289e+03,3.861207307316348647e+00
9.903902781619824964e+03,3.861207355736329117e+00
9.903902804516790638e+03,3.861207404155574174e+00
9.903902827413756313e+03,3.861207452574083376e+00
9.903902850310721988e+03,3.861207500991857611e+00
9.903902873207687662e+03,3.861207549408895545e+00
9.903902896104653337e+03,3.861207597825197624e+00
9.903902919001619011e+03,3.861207646240763847e+00
9.903902941898584686e+03,3.861207694655594658e+00
9.903902964795550361e+03,3.861207743069688281e+00
9.903902987692516035e+03,3.861207791483045160e+00
9.903903010589481710e+03,3.861207839895665739e+00
9.903903033486447384e+03,3.861207888307548686e+00
9.903903056383413059e+03,3.861207936718695333e+00
9.903903079280378734e+03,3.861207985129103903e+00
9.903903102177344408e+03,3.861208033538775730e+00
9.903903125074310083e+03,3.861208081947710369e+00
9.903903147971275757e+03,3.861208130355906043e+00
9.903903170868241432e+03,3.861208178763364529e+00
9.903903193765207106e+03,3.861208227170084939e+00
9.903903216662172781e+03,3.861208275576066828e+00
9.903903239559138456e+03,3.861208323981310198e+00
9.903903262456104130e+03,3.861208372385815490e+00
9.903903285353069805e+03,3.861208420789581375e+00
9.903903308250035479e+03,3.861208469192608295e+00
9.903903331147001154e+03,3.861208517594896694e+00
9.903903354043966829e+03,3.861208565996445685e+00
9.903903376940932503e+03,3.861208614397254379e+00
9.903903399837898178e+03,3.861208662797324553e+00
9.903903422734862033e+03,3.861208711196649990e+00
9.903903445631827708e+03,3.861208759595239570e+00
9.903903468528793383e+03,3.861208807993089742e+00
9.903903491425759057e+03,3.861208856390199173e+00
9.903903514322724732e+03,3.861208904786567420e+00
9.903903537219690406e+03,3.861208953182195813e+00
9.903903560116656081e+03,3.861209001577083022e+00
9.903903583013621756e+03,3.861209049971229490e+00
9.903903605910587430e+03,3.861209098364634773e+00
9.903903628807553105e+03,3.861209146757298427e+00
9.903903651704518779e+03,3.861209195149220452e+00
9.903903674601484454e+03,3.861209243540401292e+00
9.903903697498450128e+03,3.861209291930840060e+00
9.903903720395415803e+03,3.861209340320536310e+00
9.903903743292381478e+03,3.861209388709490931e+00
9.903903766189347152e+03,3.861209437097703034e+00
9.903903789086312827e+03,3.861209485485172177e+00
9.903903811983278501e+03,3.861209533871899691e+00
9.903903834880244176e+03,3.861209582257882911e+00
9.903903857777209851e+03,3.861209630643123614e+00
9.903903880674175525e+03,3.861209679027621355e+00
9.903903903571141200e+03,3.861209727411376136e+00
9.903903926468106874e+03,3.861209775794386179e+00
9.903903949365072549e+03,3.861209824176653704e+00
9.903903972262038224e+03,3.861209872558176492e+00
9.903903995159003898e+03,3.861209920938954987e+00
9.903904018055969573e+03,3.861209969318989632e+00
9.903904040952935247e+03,3.861210017698279540e+00
9.903904063849900922e+03,3.861210066076825598e+00
9.903904086746866597e+03,3.861210114454626474e+00
9.903904109643832271e+03,3.861210162831682169e+00
9.903904132540797946e+03,3.861210211207993570e+00
9.903904155437763620e+03,3.861210259583558457e+00
9.903904178334729295e+03,3.861210307958378163e+00
9.903904201231694969e+03,3.861210356332453575e+00
9.903904224128658825e+03,3.861210404705777588e+00
9.903904247025624500e+03,3.861210453078360416e+00
9.903904269922590174e+03,3.861210501450196730e+00
9.903904292819555849e+03,3.861210549821287419e+00
9.903904315716521523e+03,3.861210598191630705e+00
9.903904338613487198e+03,3.861210646561228366e+00
9.903904361510452873e+03,3.861210694930078624e+00
9.903904384407418547e+03,3.861210743298181924e+00
9.903904407304384222e+03,3.861210791665538267e+00
9.903904430201349896e+03,3.861210840032146763e+00
9.903904453098315571e+03,3.861210888398008301e+00
9.903904475995281246e+03,3.861210936763121992e+00
9.903904498892246920e+03,3.861210985127487394e+00
9.903904521789212595e+03,3.861211033491105837e+00
9.903904544686178269e+03,3.861211081853974658e+00
9.903904567583143944e+03,3.861211130216096521e+00
9.903904590480109619e+03,3.861211178577469205e+00
9.903904613377075293e+03,3.861211226938093155e+00
9.903904636274040968e+03,3.861211275297968371e+00
9.903904659171006642e+03,3.861211323657094407e+00
9.903904682067972317e+03,3.861211372015471266e+00
9.903904704964937991e+03,3.861211420373098946e+00
9.903904727861903666e+03,3.861211468729976559e+00
9.903904750758869341e+03,3.861211517086105438e+00
9.903904773655835015e+03,3.861211565441483806e+00
9.903904796552800690e+03,3.861211613796111664e+00
9.903904819449766364e+03,3.861211662149990342e+00
9.903904842346732039e+03,3.861211710503118066e+00
9.903904865243697714e+03,3.861211758855495280e+00
9.903904888140663388e+03,3.861211807207121094e+00
9.903904911037629063e+03,3.861211855557997286e+00
9.903904933934594737e+03,3.861211903908122078e+00
9.903904956831560412e+03,3.861211952257494584e+00
9.903904979728526087e+03,3.861212000606116579e+00
9.903905002625491761e+03,3.861212048953986731e+00
9.903905025522455617e+03,3.861212097301101043e+00
9.903905048419421291e+03,3.861212145647467509e+00
9.903905071316386966e+03,3.861212193993082131e+00
9.903905094213352641e+03,3.861212242337943579e+00
9.903905117110318315e+03,3.861212290682053627e+00
9.903905140007283990e+03,3.861212339025410056e+00
9.903905162904249664e+03,3.861212387368015087e+00
9.903905185801215339e+03,3.861212435709865609e+00
9.903905208698181013e+03,3.861212484050963845e+00
9.903905231595146688e+03,3.861212532391309349e+00
9.903905254492112363e+03,3.861212580730900346e+00
9.903905277389078037e+03,3.861212629069738167e+00
9.903905300286043712e+03,3.861212677407821481e+00
9.903905323183009386e+03,3.861212725745151619e+00
9.903905346079975061e+03,3.861212774081727694e+00
9.903905368976940736e+03,3.861212822417549262e+00
9.903905391873906410e+03,3.861212870752615434e+00
9.903905414770872085e+03,3.861212919086927542e+00
9.903905437667837759e+03,3.861212967420485587e+00
9.903905460564803434e+03,3.861213015753287348e+00
9.903905483461769109e+03,3.861213064085335045e+00
9.903905506358734783e+03,3.861213112416626903e+00
9.903905529255700458e+03,3.861213160747163364e+00
9.903905552152666132e+03,3.861213209076943986e+00
9.903905575049631807e+03,3.861213257405969212e+00
9.903905597946597481e+03,3.861213305734237711e+00
9.903905620843563156e+03,3.861213354061750369e+00
9.903905643740528831e+03,3.861213402388506744e+00
9.903905666637494505e+03,3.861213450714506834e+00
9.903905689534460180e+03,3.861213499039749752e+00
9.903905712431425854e+03,3.861213547364235499e+00
9.903905735328391529e+03,3.861213595687964073e+00
9.903905758225357204e+03,3.861213644010936363e+00
9.903905781122322878e+03,3.861213692333151037e+00
9.903905804019288553e+03,3.861213740654607207e+00
9.903905826916252408e+03,3.861213788975303096e+00
9.903905849813218083e+03,3.861213837295243589e+00
9.903905872710183758e+03,3.861213885614427355e+00
9.903905895607149432e+03,3.861213933932852171e+00
9.903905918504115107e+03,3.861213982250518928e+00
9.903905941401080781e+03,3.861214030567425848e+00
9.903905964298046456e+03,3.861214078883575596e+00
9.903905987195012131e+03,3.861214127198965951e+00
9.903906010091977805e+03,3.861214175513596913e+00
9.903906032988943480e+03,3.861214223827468928e+00
9.903906055885909154e+03,3.861214272140581105e+00
9.903906078782874829e+03,3.861214320452933446e+00
9.903906101679840503e+03,3.861214368764526839e+00
9.903906124576806178e+03,3.861214417075359506e+00
9.903906147473771853e+03,3.861214465385432781e+00
9.903906170370737527e+03,3.861214513694745332e+00
9.903906193267703202e+03,3.861214562003297157e+00
9.903906216164668876e+03,3.861214610311089146e+00
9.903906239061634551e+03,3.861214658618119966e+00
9.903906261958600226e+03,3.861214706924389173e+00
9.903906284855565900e+03,3.861214755229897655e+00
9.903906307752531575e+03,3.861214803534645856e+00
9.903906330649497249e+03,3.861214851838631112e+00
9.903906353546462924e+03,3.861214900141855200e+00
9.903906376443428599e+03,3.861214948444317674e+00
9.903906399340394273e+03,3.861214996746017647e+00
9.903906422237359948e+03,3.861215045046956007e+00
9.903906445134325622e+03,3.861215093347131866e+00
9.903906468031291297e+03,3.861215141646545224e+00
9.903906490928256972e+03,3.861215189945196080e+00
9.903906513825222646e+03,3.861215238243083547e+00
9.903906536722188321e+03,3.861215286540208513e+00
9.903906559619153995e+03,3.861215334836570534e+00
9.903906582516119670e+03,3.861215383132167833e+00
9.903906605413085344e+03,3.861215431427003519e+00
9.903906628310049200e+03,3.861215479721070043e+00
9.903906651207014875e+03,3.861215528014377174e+00
9.903906674103980549e+03,3.861215576306920472e+00
9.903906697000946224e+03,3.861215624598698604e+00
9.903906719897911898e+03,3.861215672889712902e+00
9.903906742794877573e+03,3.861215721179963811e+00
9.903906765691843248e+03,3.861215769469448222e+00
9.903906788588808922e+03,3.861215817758168800e+00
9.903906811485774597e+03,3.861215866046124212e+00
9.903906834382740271e+03,3.861215914333314014e+00
9.903906857279705946e+03,3.861215962619738651e+00
9.903906880176671621e+03,3.861216010905397678e+00
9.903906903073637295e+03,3.861216059190291094e+00
9.903906925970602970e+03,3.861216107474418457e+00
9.903906948867568644e+03,3.861216155757779767e+00
9.903906971764534319e+03,3.861216204040374578e+00
9.903906994661499994e+03,3.861216252322202891e+00
9.903907017558465668e+03,3.861216300603265150e+00
9.903907040455431343e+03,3.861216348883560467e+00
9.903907063352397017e+03,3.861216397163088399e+00
9.903907086249362692e+03,3.861216445441849388e+00
9.903907109146328366e+03,3.861216493719842990e+00
9.903907132043294041e+03,3.861216541997069651e+00
9.903907154940259716e+03,3.861216590273528482e+00
9.903907177837225390e+03,3.861216638549219926e+00
9.903907200734191065e+03,3.861216686824142652e+00
9.903907223631156739e+03,3.861216735098297104e+00
9.903907246528122414e+03,3.861216783371683725e+00
9.903907269425088089e+03,3.861216831644302516e+00
9.903907292322053763e+03,3.861216879916151701e+00
9.903907315219019438e+03,3.861216928187232611e+00
9.903907338115985112e+03,3.861216976457543915e+00
9.903907361012950787e+03,3.861217024727086500e+00
9.903907383909916462e+03,3.861217072995860367e+00
9.903907406806882136e+03,3.861217121263864183e+00
9.903907429703845992e+03,3.861217169531093951e+00
9.903907452600811666e+03,3.861217217797558554e+00
9.903907475497777341e+03,3.861217266063252662e+00
9.903907498394743016e+03,3.861217314328175831e+00
9.903907521291708690e+03,3.861217362592329838e+00
9.903907544188674365e+03,3.861217410855712906e+00
9.903907567085640039e+03,3.861217459118325479e+00
9.903907589982605714e+03,3.861217507380167557e+00
9.903907612879571388e+03,3.861217555641238253e+00
9.903907635776537063e+03,3.861217603901537565e+00
9.903907658673502738e+03,3.861217652161065050e+00
9.903907681570468412e+03,3.861217700419821597e+00
9.903907704467434087e+03,3.861217748677806760e+00
9.903907727364399761e+03,3.861217796935019209e+00
9.903907750261365436e+03,3.861217845191460718e+00
9.903907773158331111e+03,3.861217893447128624e+00
9.903907796055296785e+03,3.861217941702025591e+00
9.903907818952262460e+03,3.861217989956148955e+00
9.903907841849228134e+03,3.861218038209499603e+00
9.903907864746193809e+03,3.861218086462077981e+00
9.903907887643159484e+03,3.861218134713882755e+00
9.903907910540125158e+03,3.861218182964914813e+00
9.903907933437090833e+03,3.861218231215172825e+00
9.903907956334056507e+03,3.861218279464657677e+00
9.903907979231022182e+03,3.861218327713368481e+00
9.903908002127987857e+03,3.861218375961305682e+00
9.903908025024953531e+03,3.861218424208469280e+00
9.903908047921919206e+03,3.861218472454857498e+00
9.903908070818884880e+03,3.861218520700472112e+00
9.903908093715850555e+03,3.861218568945311347e+00
9.903908116612816229e+03,3.861218617189376534e+00
9.903908139509781904e+03,3.861218665432666342e+00
9.903908162406747579e+03,3.861218713675180769e+00
9.903908185303713253e+03,3.861218761916920705e+00
9.903908208200678928e+03,3.861218810157884818e+00
9.903908231097642783e+03,3.861218858398069997e+00
9.903908253994608458e+03,3.861218906637482018e+00
9.903908276891574133e+03,3.861218954876118659e+00
9.903908299788539807e+03,3.861219003113979475e+00
9.903908322685505482e+03,3.861219051351064024e+00
9.903908345582471156e+03,3.861219099587371417e+00
9.903908368479436831e+03,3.861219147822902542e+00
9.903908391376402506e+03,3.861219196057657399e+00
9.903908414273368180e+03,3.861219244291634212e+00
9.903908437170333855e+03,3.861219292524834756e+00
9.903908460067299529e+03,3.861219340757257701e+00
9.903908482964265204e+03,3.861219388988903045e+00
9.903908505861230879e+03,3.861219437219770345e+00
9.903908528758196553e+03,3.861219485449860933e+00
9.903908551655162228e+03,3.861219533679172145e+00
9.903908574552127902e+03,3.861219581907705312e+00
9.903908597449093577e+03,3.861219630135461323e+00
9.903908620346059251e+03,3.861219678362437957e+00
9.903908643243024926e+03,3.861219726588636547e+00
9.903908666139990601e+03,3.861219774814055761e+00
9.903908689036956275e+03,3.861219823038696042e+00
9.903908711933921950e+03,3.861219871262556946e+00
9.903908734830887624e+03,3.861219919485638030e+00
9.903908757727853299e+03,3.861219967707940626e+00
9.903908780624818974e+03,3.861220015929462512e+00
9.903908803521784648e+03,3.861220064150205467e+00
9.903908826418750323e+03,3.861220112370167268e+00
9.903908849315715997e+03,3.861220160589350137e+00
9.903908872212681672e+03,3.861220208807752297e+00
9.903908895109647347e+03,3.861220257025373304e+00
9.903908918006613021e+03,3.861220305242213602e+00
9.903908940903578696e+03,3.861220353458273191e+00
9.903908963800544370e+03,3.861220401673551628e+00
9.903908986697510045e+03,3.861220449888049799e+00
9.903909009594475719e+03,3.861220498101765486e+00
9.903909032491439575e+03,3.861220546314695579e+00
9.903909055388405250e+03,3.861220594526848515e+00
9.903909078285370924e+03,3.861220642738219411e+00
9.903909101182336599e+03,3.861220690948807821e+00
9.903909124079302273e+03,3.861220739158614634e+00
9.903909146976267948e+03,3.861220787367637630e+00
9.903909169873233623e+03,3.861220835575879473e+00
9.903909192770199297e+03,3.861220883783337499e+00
9.903909215667164972e+03,3.861220931990013483e+00
9.903909238564130646e+03,3.861220980195906538e+00
9.903909261461096321e+03,3.861221028401015332e+00
9.903909284358061996e+03,3.861221076605340752e+00
9.903909307255027670e+03,3.861221124808883243e+00
9.903909330151993345e+03,3.861221173011641028e+00
9.903909353048959019e+03,3.861221221213615440e+00
9.903909375945924694e+03,3.861221269414806034e+00
9.903909398842890369e+03,3.861221317615211923e+00
9.903909421739856043e+03,3.861221365814833550e+00
9.903909444636821718e+03,3.861221414013670028e+00
9.903909467533787392e+03,3.861221462211721800e+00
9.903909490430753067e+03,3.861221510408988866e+00
9.903909513327718741e+03,3.861221558605470783e+00
9.903909536224684416e+03,3.861221606801167550e+00
9.903909559121650091e+03,3.861221654996078279e+00
9.903909582018615765e+03,3.861221703190203414e+00
9.903909604915581440e+03,3.861221751383543399e+00
9.903909627812547114e+03,3.861221799576096902e+00
9.903909650709512789e+03,3.861221847767864368e+00
9.903909673606478464e+03,3.861221895958845352e+00
9.903909696503444138e+03,3.861221944149039853e+00
9.903909719400409813e+03,3.861221992338446984e+00
9.903909742297375487e+03,3.861222040527068078e+00
9.903909765194341162e+03,3.861222088714902689e+00
9.903909788091306837e+03,3.861222136901949042e+00
9.903909810988272511e+03,3.861222185088208914e+00
9.903909833885236367e+03,3.861222233273676530e+00
9.903909856782202041e+03,3.861222281458360772e+00
9.903909879679167716e+03,3.861222329642256756e+00
9.903909902576133391e+03,3.861222377825364482e+00
9.903909925473099065e+03,3.861222426007684838e+00
9.903909948370064740e+03,3.861222474189216936e+00
9.903909971267030414e+03,3.861222522369959886e+00
9.903909994163996089e+03,3.861222570549913691e+00
9.903910017060961763e+03,3.861222618729079237e+00
9.903910039957927438e+03,3.861222666907456080e+00
9.903910062854893113e+03,3.861222715085043333e+00
9.903910085751858787e+03,3.861222763261840107e+00
9.903910108648824462e+03,3.861222811437848623e+00
9.903910131545790136e+03,3.861222859613067104e+00
9.903910154442755811e+03,3.861222907787495551e+00
9.903910177339721486e+03,3.861222955961134407e+00
9.903910200236687160e+03,3.861223004133982339e+00
9.903910223133652835e+03,3.861223052306039794e+00
9.903910246030618509e+03,3.861223100477307213e+00
9.903910268927584184e+03,3.861223148647783265e+00
9.903910291824549859e+03,3.861223196817468395e+00
9.903910314721515533e+03,3.861223244986362602e+00
9.903910337618481208e+03,3.861223293154465885e+00
9.903910360515446882e+03,3.861223341321778246e+00
9.903910383412412557e+03,3.861223389488298352e+00
9.903910406309378232e+03,3.861223437654026203e+00
9.903910429206343906e+03,3.861223485818962242e+00
9.903910452103309581e+03,3.861223533983106471e+00
9.903910475000275255e+03,3.861223582146457556e+00
9.903910497897240930e+03,3.861223630309017274e+00
9.903910520794206604e+03,3.861223678470784293e+00
9.903910543691172279e+03,3.861223726631758169e+00
9.903910566588137954e+03,3.861223774791938901e+00
9.903910589485103628e+03,3.861223822951326490e+00
9.903910612382069303e+03,3.861223871109920935e+00
9.903910635279033158e+03,3.861223919267718685e+00
9.903910658175998833e+03,3.861223967424725512e+00
9.903910681072964508e+03,3.861224015580939639e+00
9.903910703969930182e+03,3.861224063736359291e+00
9.903910726866895857e+03,3.861224111890984023e+00
9.903910749763861531e+03,3.861224160044815168e+00
9.903910772660827206e+03,3.861224208197851837e+00
9.903910795557792881e+03,3.861224256350094031e+00
9.903910818454758555e+03,3.861224304501540416e+00
9.903910841351724230e+03,3.861224352652192326e+00
9.903910864248689904e+03,3.861224400802049317e+00
9.903910887145655579e+03,3.861224448951110499e+00
9.903910910042621254e+03,3.861224497099377206e+00
9.903910932939586928e+03,3.861224545246846773e+00
9.903910955836552603e+03,3.861224593393521864e+00
9.903910978733518277e+03,3.861224641539399816e+00
9.903911001630483952e+03,3.861224689684481959e+00
9.903911024527449626e+03,3.861224737828767406e+00
9.903911047424415301e+03,3.861224785972256601e+00
9.903911070321380976e+03,3.861224834114949545e+00
9.903911093218346650e+03,3.861224882256844904e+00
9.903911116115312325e+03,3.861224930397943567e+00
9.903911139012277999e+03,3.861224978538245090e+00
9.903911161909243674e+03,3.861225026677748584e+00
9.903911184806209349e+03,3.861225074816454494e+00
9.903911207703175023e+03,3.861225122954363709e+00
9.903911230600140698e+03,3.861225171091474007e+00
9.903911253497106372e+03,3.861225219227787608e+00
9.903911276394072047e+03,3.861225267363301850e+00
9.903911299291037722e+03,3.861225315498017174e+00
9.903911322188003396e+03,3.861225363631934915e+00
9.903911345084969071e+03,3.861225411765053295e+00
9.903911367981934745e+03,3.861225459897373202e+00
9.903911390878900420e+03,3.861225508028894193e+00
9.903911413775866095e+03,3.861225556159615824e+00
9.903911436672829950e+03,3.861225604289533653e+00
9.903911459569795625e+03,3.861225652418655674e+00
9.903911482466761299e+03,3.861225700546978779e+00
9.903911505363726974e+03,3.861225748674501190e+00
9.903911528260692648e+03,3.861225796801224242e+00
9.903911551157658323e+03,3.861225844927146600e+00
9.903911574054623998e+03,3.861225893052268265e+00
9.903911596951589672e+03,3.861225941176589238e+00
9.903911619848555347e+03,3.861225989300109962e+00
9.903911642745521021e+03,3.861226037422829105e+00
9.903911665642486696e+03,3.861226085544747555e+00
9.903911688539452371e+03,3.861226133665863980e+00
9.903911711436418045e+03,3.861226181786179712e+00
9.903911734333383720e+03,3.861226229905693863e+00
9.903911757230349394e+03,3.861226278024405989e+00
9.903911780127315069e+03,3.861226326142316090e+00
9.903911803024280744e+03,3.861226374259424610e+00
9.903911825921246418e+03,3.861226422375729772e+00
9.903911848818212093e+03,3.861226470491232909e+00
9.903911871715177767e+03,3.861226518605933578e+00
9.903911894612143442e+03,3.861226566719830888e+00
9.903911917509109117e+03,3.861226614832925730e+00
9.903911940406074791e+03,3.861226662945216770e+00
9.903911963303040466e+03,3.861226711056705341e+00
9.903911986200006140e+03,3.861226759167390110e+00
9.903912009096971815e+03,3.861226807277271522e+00
9.903912031993937489e+03,3.861226855386348689e+00
9.903912054890903164e+03,3.861226903494621610e+00
9.903912077787868839e+03,3.861226951602089841e+00
9.903912100684834513e+03,3.861226999708755159e+00
9.903912123581800188e+03,3.861227047814614455e+00
9.903912146478765862e+03,3.861227095919669949e+00
9.903912169375731537e+03,3.861227144023920754e+00
9.903912192272697212e+03,3.861227192127366425e+00
9.903912215169662886e+03,3.861227240230006519e+00
9.903912238066626742e+03,3.861227288331837482e+00
9.903912260963592416e+03,3.861227336432867308e+00
9.903912283860558091e+03,3.861227384533091112e+00
9.903912306757523766e+03,3.861227432632508449e+00
9.903912329654489440e+03,3.861227480731119766e+00
9.903912352551455115e+03,3.861227528828925948e+00
9.903912375448420789e+03,3.861227576925924332e+00
9.903912398345386464e+03,3.861227625022117138e+00
9.903912421242352139e+03,3.861227673117503478e+00
9.903912444139317813e+03,3.861227721212082020e+00
9.903912467036283488e+03,3.861227769305853652e+00
9.903912489933249162e+03,3.861227817398818374e+00
9.903912512830214837e+03,3.861227865490974853e+00
9.903912535727180511e+03,3.861227913582324867e+00
9.903912558624146186e+03,3.861227961672866638e+00
9.903912581521111861e+03,3.861228009762601054e+00
9.903912604418077535e+03,3.861228057851526341e+00
9.903912627315043210e+03,3.861228105939644273e+00
