Time (BJD_TBD - 2450000), F_star + F_c (mJy)
9.905193796296138316e+03,3.860627137432340650e+00
9.905193817625817246e+03,3.860627095672897635e+00
9.905193838955496176e+03,3.860627053914594153e+00
9.905193860285176925e+03,3.860627012157425320e+00
9.905193881614855854e+03,3.860626970401399571e+00
9.905193902944534784e+03,3.860626928646513356e+00
9.905193924274213714e+03,3.860626886892766230e+00
9.905193945603892644e+03,3.860626845140159080e+00
9.905193966933571573e+03,3.860626803388691464e+00
9.905193988263252322e+03,3.860626761638360271e+00
9.905194009592931252e+03,3.860626719889172609e+00
9.905194030922610182e+03,3.860626678141124479e+00
9.905194052252289111e+03,3.860626636394217215e+00
9.905194073581968041e+03,3.860626594648450816e+00
9.905194094911648790e+03,3.860626552903819952e+00
9.905194116241327720e+03,3.860626511160333951e+00
9.905194137571006650e+03,3.860626469417989259e+00
9.905194158900685579e+03,3.860626427676784544e+00
9.905194180230364509e+03,3.860626385936721139e+00
9.905194201560043439e+03,3.860626344197799931e+00
9.905194222889724188e+03,3.860626302460014703e+00
9.905194244219403117e+03,3.860626260723374781e+00
9.905194265549082047e+03,3.860626218987877500e+00
9.905194286878760977e+03,3.860626177253521085e+00
9.905194308208439907e+03,3.860626135520306423e+00
9.905194329538120655e+03,3.860626093788229962e+00
9.905194350867799585e+03,3.860626052057299251e+00
9.905194372197478515e+03,3.860626010327510738e+00
9.905194393527157445e+03,3.860625968598864421e+00
9.905194414856836374e+03,3.860625926871360747e+00
9.905194436186517123e+03,3.860625885144996161e+00
9.905194457516196053e+03,3.860625843419777325e+00
9.905194478845874983e+03,3.860625801695701576e+00
9.905194500175553912e+03,3.860625759972768911e+00
9.905194521505232842e+03,3.860625718250978888e+00
9.905194542834911772e+03,3.860625676530331951e+00
9.905194564164592521e+03,3.860625634810824547e+00
9.905194585494271450e+03,3.860625593092464669e+00
9.905194606823950380e+03,3.860625551375247877e+00
9.905194628153629310e+03,3.860625509659175947e+00
9.905194649483308240e+03,3.860625467944247102e+00
9.905194670812988988e+03,3.860625426230458235e+00
9.905194692142667918e+03,3.860625384517817338e+00
9.905194713472346848e+03,3.860625342806320415e+00
9.905194734802025778e+03,3.860625301095968354e+00
9.905194756131704708e+03,3.860625259386760266e+00
9.905194777461383637e+03,3.860625217678697041e+00
9.905194798791064386e+03,3.860625175971774681e+00
9.905194820120743316e+03,3.860625134266000735e+00
9.905194841450422246e+03,3.860625092561372096e+00
9.905194862780101175e+03,3.860625050857888318e+00
9.905194884109780105e+03,3.860625009155549847e+00
9.905194905439460854e+03,3.860624967454353129e+00
9.905194926769139784e+03,3.860624925754305270e+00
9.905194948098818713e+03,3.860624884055403605e+00
9.905194969428497643e+03,3.860624842357646802e+00
9.905194990758176573e+03,3.860624800661036193e+00
9.905195012087855503e+03,3.860624758965572223e+00
9.905195033417536251e+03,3.860624717271250450e+00
9.905195054747215181e+03,3.860624675578077980e+00
9.905195076076894111e+03,3.860624633886051704e+00
9.905195097406573041e+03,3.860624592195172955e+00
9.905195118736251970e+03,3.860624550505440400e+00
9.905195140065932719e+03,3.860624508816850042e+00
9.905195161395611649e+03,3.860624467129411208e+00
9.905195182725290579e+03,3.860624425443119012e+00
9.905195204054969508e+03,3.860624383757974343e+00
9.905195225384648438e+03,3.860624342073976756e+00
9.905195246714329187e+03,3.860624300391122699e+00
9.905195268044008117e+03,3.860624258709420165e+00
9.905195289373687046e+03,3.860624217028864713e+00
9.905195310703365976e+03,3.860624175349458120e+00
9.905195332033044906e+03,3.860624133671197722e+00
9.905195353362723836e+03,3.860624091994086626e+00
9.905195374692404584e+03,3.860624050318119949e+00
9.905195396022083514e+03,3.860624008643304794e+00
9.905195417351762444e+03,3.860623966969638055e+00
9.905195438681441374e+03,3.860623925297121062e+00
9.905195460011120304e+03,3.860623883625751152e+00
9.905195481340801052e+03,3.860623841955526991e+00
9.905195502670479982e+03,3.860623800286455243e+00
9.905195524000158912e+03,3.860623758618532797e+00
9.905195545329837842e+03,3.860623716951759210e+00
9.905195566659516771e+03,3.860623675286134926e+00
9.905195587989195701e+03,3.860623633621659945e+00
9.905195609318876450e+03,3.860623591958332046e+00
9.905195630648555380e+03,3.860623550296156115e+00
9.905195651978234309e+03,3.860623508635131262e+00
9.905195673307913239e+03,3.860623466975254825e+00
9.905195694637592169e+03,3.860623425316529467e+00
9.905195715967272918e+03,3.860623383658950303e+00
9.905195737296951847e+03,3.860623342002525327e+00
9.905195758626630777e+03,3.860623300347250986e+00
9.905195779956309707e+03,3.860623258693126836e+00
9.905195801285988637e+03,3.860623217040153765e+00
9.905195822615667566e+03,3.860623175388330885e+00
9.905195843945348315e+03,3.860623133737655976e+00
9.905195865275027245e+03,3.860623092088135255e+00
9.905195886604706175e+03,3.860623050439766057e+00
9.905195907934385104e+03,3.860623008792548383e+00
9.905195929264064034e+03,3.860622967146482232e+00
9.905195950593744783e+03,3.860622925501563607e+00
9.905195971923423713e+03,3.860622883857800058e+00
9.905195993253102642e+03,3.860622842215188921e+00
9.905196014582781572e+03,3.860622800573729752e+00
9.905196035912460502e+03,3.860622758933422105e+00
9.905196057242139432e+03,3.860622717294267758e+00
9.905196078571820181e+03,3.860622675656261826e+00
9.905196099901499110e+03,3.860622634019411414e+00
9.905196121231178040e+03,3.860622592383714746e+00
9.905196142560856970e+03,3.860622550749169601e+00
9.905196163890535900e+03,3.860622509115777756e+00
9.905196185220216648e+03,3.860622467483535214e+00
9.905196206549895578e+03,3.860622425852449524e+00
9.905196227879574508e+03,3.860622384222517134e+00
9.905196249209253438e+03,3.860622342593738043e+00
9.905196270538932367e+03,3.860622300966112697e+00
9.905196291868613116e+03,3.860622259339637097e+00
9.905196313198292046e+03,3.860622217714319238e+00
9.905196334527970976e+03,3.860622176090155122e+00
9.905196355857649905e+03,3.860622134467144306e+00
9.905196377187328835e+03,3.860622092845288567e+00
9.905196398517007765e+03,3.860622051224587015e+00
9.905196419846688514e+03,3.860622009605036098e+00
9.905196441176367443e+03,3.860621967986642922e+00
9.905196462506046373e+03,3.860621926369405266e+00
9.905196483835725303e+03,3.860621884753322242e+00
9.905196505165404233e+03,3.860621843138393405e+00
9.905196526495084981e+03,3.860621801524616092e+00
9.905196547824763911e+03,3.860621759911998296e+00
9.905196569154442841e+03,3.860621718300534688e+00
9.905196590484121771e+03,3.860621676690227932e+00
9.905196611813800700e+03,3.860621635081075365e+00
9.905196633143479630e+03,3.860621593473079205e+00
9.905196654473160379e+03,3.860621551866235013e+00
9.905196675802839309e+03,3.860621510260550338e+00
9.905196697132518239e+03,3.860621468656022515e+00
9.905196718462197168e+03,3.860621427052649324e+00
9.905196739791876098e+03,3.860621385450433873e+00
9.905196761121556847e+03,3.860621343849370835e+00
9.905196782451235777e+03,3.860621302249467757e+00
9.905196803780914706e+03,3.860621260650721531e+00
9.905196825110593636e+03,3.860621219053131714e+00
9.905196846440272566e+03,3.860621177456699193e+00
9.905196867769951496e+03,3.860621135861424413e+00
9.905196889099632244e+03,3.860621094267302489e+00
9.905196910429311174e+03,3.860621052674341414e+00
9.905196931758990104e+03,3.860621011082538079e+00
9.905196953088669034e+03,3.860620969491892485e+00
9.905196974418347963e+03,3.860620927902404187e+00
9.905196995748028712e+03,3.860620886314070521e+00
9.905197017077707642e+03,3.860620844726898593e+00
9.905197038407386572e+03,3.860620803140883961e+00
9.905197059737065501e+03,3.860620761556027958e+00
9.905197081066744431e+03,3.860620719972330139e+00
9.905197102396425180e+03,3.860620678389787397e+00
9.905197123726104110e+03,3.860620636808406836e+00
9.905197145055783039e+03,3.860620595228184904e+00
9.905197166385461969e+03,3.860620553649122932e+00
9.905197187715140899e+03,3.860620512071218702e+00
9.905197209044819829e+03,3.860620470494473100e+00
9.905197230374500577e+03,3.860620428918884350e+00
9.905197251704179507e+03,3.860620387344458226e+00
9.905197273033858437e+03,3.860620345771192063e+00
9.905197294363537367e+03,3.860620304199084529e+00
9.905197315693216296e+03,3.860620262628136956e+00
9.905197337022897045e+03,3.860620221058346235e+00
9.905197358352575975e+03,3.860620179489719028e+00
9.905197379682254905e+03,3.860620137922251782e+00
9.905197401011933835e+03,3.860620096355944497e+00
9.905197422341612764e+03,3.860620054790798061e+00
9.905197443671291694e+03,3.860620013226812031e+00
9.905197465000972443e+03,3.860619971663982852e+00
9.905197486330651373e+03,3.860619930102318076e+00
9.905197507660330302e+03,3.860619888541814149e+00
9.905197528990009232e+03,3.860619846982471959e+00
9.905197550319688162e+03,3.860619805424290174e+00
9.905197571649368911e+03,3.860619763867265686e+00
9.905197592979047840e+03,3.860619722311406932e+00
9.905197614308726770e+03,3.860619680756709471e+00
9.905197635638405700e+03,3.860619639203174192e+00
9.905197656968084630e+03,3.860619597650800650e+00
9.905197678297763559e+03,3.860619556099588401e+00
9.905197699627444308e+03,3.860619514549534781e+00
9.905197720957123238e+03,3.860619473000646895e+00
9.905197742286802168e+03,3.860619431452921191e+00
9.905197763616481097e+03,3.860619389906359000e+00
9.905197784946160027e+03,3.860619348360957659e+00
9.905197806275840776e+03,3.860619306816716723e+00
9.905197827605519706e+03,3.860619265273641521e+00
9.905197848935198635e+03,3.860619223731729832e+00
9.905197870264877565e+03,3.860619182190980769e+00
9.905197891594556495e+03,3.860619140651395220e+00
9.905197912924235425e+03,3.860619099112971853e+00
9.905197934253916173e+03,3.860619057575709334e+00
9.905197955583595103e+03,3.860619016039614326e+00
9.905197976913274033e+03,3.860618974504681944e+00
9.905197998242952963e+03,3.860618932970914852e+00
9.905198019572631893e+03,3.860618891438310829e+00
9.905198040902312641e+03,3.860618849906867212e+00
9.905198062231991571e+03,3.860618808376591105e+00
9.905198083561670501e+03,3.860618766847479844e+00
9.905198104891349431e+03,3.860618725319532984e+00
9.905198126221028360e+03,3.860618683792750527e+00
9.905198147550709109e+03,3.860618642267129363e+00
9.905198168880388039e+03,3.860618600742676598e+00
9.905198190210066969e+03,3.860618559219389567e+00
9.905198211539745898e+03,3.860618517697266494e+00
9.905198232869424828e+03,3.860618476176308711e+00
9.905198254199103758e+03,3.860618434656517106e+00
9.905198275528784507e+03,3.860618393137886795e+00
9.905198296858463436e+03,3.860618351620425326e+00
9.905198318188142366e+03,3.860618310104130924e+00
9.905198339517821296e+03,3.860618268589000923e+00
9.905198360847500226e+03,3.860618227075037545e+00
9.905198382177180974e+03,3.860618185562236349e+00
9.905198403506859904e+03,3.860618144050605327e+00
9.905198424836538834e+03,3.860618102540140928e+00
9.905198446166217764e+03,3.860618061030842707e+00
9.905198467495896693e+03,3.860618019522711553e+00
9.905198488825575623e+03,3.860617978015746576e+00
9.905198510155256372e+03,3.860617936509944670e+00
9.905198531484935302e+03,3.860617895005313827e+00
9.905198552814614231e+03,3.860617853501850494e+00
9.905198574144293161e+03,3.860617811999553339e+00
9.905198595473972091e+03,3.860617770498424584e+00
9.905198616803652840e+03,3.860617728998458897e+00
9.905198638133331769e+03,3.860617687499665163e+00
9.905198659463010699e+03,3.860617646002038938e+00
9.905198680792689629e+03,3.860617604505580669e+00
9.905198702122368559e+03,3.860617563010290354e+00
9.905198723452047489e+03,3.860617521516167994e+00
9.905198744781728237e+03,3.860617480023210479e+00
9.905198766111407167e+03,3.860617438531425361e+00
9.905198787441086097e+03,3.860617397040808196e+00
9.905198808770765027e+03,3.860617355551359431e+00
9.905198830100443956e+03,3.860617314063079952e+00
9.905198851430124705e+03,3.860617272575966208e+00
9.905198872759803635e+03,3.860617231090024859e+00
9.905198894089482565e+03,3.860617189605251909e+00
9.905198915419161494e+03,3.860617148121649134e+00
9.905198936748840424e+03,3.860617106639216090e+00
9.905198958078521173e+03,3.860617065157947891e+00
9.905198979408200103e+03,3.860617023677853865e+00
9.905199000737879032e+03,3.860616982198929126e+00
9.905199022067557962e+03,3.860616940721174117e+00
9.905199043397236892e+03,3.860616899244589284e+00
9.905199064726915822e+03,3.860616857769174182e+00
9.905199086056596570e+03,3.860616816294927034e+00
9.905199107386275500e+03,3.860616774821853614e+00
9.905199128715954430e+03,3.860616733349950369e+00
9.905199150045633360e+03,3.860616691879217299e+00
9.905199171375312289e+03,3.860616650409655737e+00
9.905199192704993038e+03,3.860616608941261685e+00
9.905199214034671968e+03,3.860616567474041361e+00
9.905199235364350898e+03,3.860616526007993432e+00
9.905199256694029827e+03,3.860616484543116123e+00
9.905199278023708757e+03,3.860616443079410320e+00
9.905199299353387687e+03,3.860616401616876470e+00
9.905199320683068436e+03,3.860616360155510574e+00
9.905199342012747366e+03,3.860616318695320182e+00
9.905199363342426295e+03,3.860616277236301297e+00
9.905199384672105225e+03,3.860616235778454808e+00
9.905199406001784155e+03,3.860616194321780270e+00
9.905199427331464904e+03,3.860616152866275463e+00
9.905199448661143833e+03,3.860616111411945717e+00
9.905199469990822763e+03,3.860616069958788810e+00
9.905199491320501693e+03,3.860616028506804298e+00
9.905199512650180623e+03,3.860615987055993514e+00
9.905199533979859552e+03,3.860615945606354682e+00
9.905199555309540301e+03,3.860615904157885581e+00
9.905199576639219231e+03,3.860615862710593760e+00
9.905199597968898161e+03,3.860615821264475667e+00
9.905199619298577090e+03,3.860615779819529969e+00
9.905199640628256020e+03,3.860615738375758443e+00
9.905199661957936769e+03,3.860615696933156649e+00
9.905199683287615699e+03,3.860615655491733023e+00
9.905199704617294628e+03,3.860615614051482680e+00
9.905199725946973558e+03,3.860615572612407398e+00
9.905199747276652488e+03,3.860615531174505399e+00
9.905199768606331418e+03,3.860615489737778017e+00
9.905199789936012166e+03,3.860615448302222141e+00
9.905199811265691096e+03,3.860615406867843991e+00
9.905199832595370026e+03,3.860615365434640900e+00
9.905199853925048956e+03,3.860615324002611981e+00
9.905199875254727885e+03,3.860615282571758122e+00
9.905199896584408634e+03,3.860615241142076215e+00
9.905199917914087564e+03,3.860615199713573809e+00
9.905199939243766494e+03,3.860615158286246018e+00
9.905199960573445424e+03,3.860615116860093732e+00
9.905199981903124353e+03,3.860615075435117394e+00
9.905200003232805102e+03,3.860615034011312563e+00
9.905200024562484032e+03,3.860614992588687233e+00
9.905200045892162962e+03,3.860614951167239184e+00
9.905200067221841891e+03,3.860614909746966639e+00
9.905200088551520821e+03,3.860614868327870042e+00
9.905200109881199751e+03,3.860614826909949393e+00
9.905200131210880500e+03,3.860614785493202472e+00
9.905200152540559429e+03,3.860614744077635496e+00
9.905200173870238359e+03,3.860614702663245801e+00
9.905200195199917289e+03,3.860614661250032498e+00
9.905200216529596219e+03,3.860614619837996031e+00
9.905200237859276967e+03,3.860614578427134180e+00
9.905200259188955897e+03,3.860614537017452275e+00
9.905200280518634827e+03,3.860614495608948094e+00
9.905200301848313757e+03,3.860614454201620749e+00
9.905200323177992686e+03,3.860614412795472017e+00
9.905200344507671616e+03,3.860614371390501010e+00
9.905200365837352365e+03,3.860614329986703286e+00
9.905200387167031295e+03,3.860614288584088616e+00
9.905200408496710224e+03,3.860614247182651670e+00
9.905200429826389154e+03,3.860614205782392894e+00
9.905200451156068084e+03,3.860614164383312286e+00
9.905200472485748833e+03,3.860614122985406294e+00
9.905200493815427762e+03,3.860614081588683355e+00
9.905200515145106692e+03,3.860614040193139029e+00
9.905200536474785622e+03,3.860613998798774205e+00
9.905200557804464552e+03,3.860613957405587993e+00
9.905200579134143481e+03,3.860613916013580837e+00
9.905200600463824230e+03,3.860613874622749186e+00
9.905200621793503160e+03,3.860613833233101033e+00
9.905200643123182090e+03,3.860613791844631937e+00
9.905200664452861020e+03,3.860613750457342785e+00
9.905200685782539949e+03,3.860613709071233579e+00
9.905200707112220698e+03,3.860613667686300765e+00
9.905200728441899628e+03,3.860613626302551005e+00
9.905200749771578558e+03,3.860613584919982966e+00
9.905200771101257487e+03,3.860613543538593984e+00
9.905200792430936417e+03,3.860613502158385391e+00
9.905200813760617166e+03,3.860613460779354522e+00
9.905200835090296096e+03,3.860613419401507151e+00
9.905200856419975025e+03,3.860613378024841058e+00
9.905200877749653955e+03,3.860613336649356242e+00
9.905200899079332885e+03,3.860613295275052259e+00
9.905200920409011815e+03,3.860613253901929554e+00
9.905200941738692563e+03,3.860613212529984128e+00
9.905200963068371493e+03,3.860613171159223977e+00
9.905200984398050423e+03,3.860613129789645104e+00
9.905201005727729353e+03,3.860613088421248840e+00
9.905201027057408282e+03,3.860613047054034297e+00
9.905201048387089031e+03,3.860613005687997479e+00
9.905201069716767961e+03,3.860612964323146823e+00
9.905201091046446891e+03,3.860612922959477888e+00
9.905201112376125820e+03,3.860612881596992008e+00
9.905201133705804750e+03,3.860612840235688292e+00
9.905201155035483680e+03,3.860612798875567186e+00
9.905201176365164429e+03,3.860612757516625582e+00
9.905201197694843358e+03,3.860612716158870583e+00
9.905201219024522288e+03,3.860612674802297750e+00
9.905201240354201218e+03,3.860612633446908415e+00
9.905201261683880148e+03,3.860612592092702577e+00
9.905201283013560897e+03,3.860612550739675797e+00
9.905201304343239826e+03,3.860612509387836511e+00
9.905201325672918756e+03,3.860612468037180722e+00
9.905201347002597686e+03,3.860612426687709320e+00
9.905201368332276616e+03,3.860612385339420971e+00
9.905201389661955545e+03,3.860612343992317452e+00
9.905201410991636294e+03,3.860612302646393879e+00
9.905201432321315224e+03,3.860612261301658243e+00
9.905201453650994154e+03,3.860612219958106994e+00
9.905201474980673083e+03,3.860612178615739687e+00
9.905201496310352013e+03,3.860612137274558098e+00
9.905201517640032762e+03,3.860612095934557342e+00
9.905201538969711692e+03,3.860612054595745413e+00
9.905201560299390621e+03,3.860612013258117869e+00
9.905201581629069551e+03,3.860611971921675156e+00
9.905201602958748481e+03,3.860611930586418161e+00
9.905201624288427411e+03,3.860611889252347328e+00
9.905201645618108159e+03,3.860611847919457329e+00
9.905201666947787089e+03,3.860611806587756600e+00
9.905201688277466019e+03,3.860611765257241590e+00
9.905201709607144949e+03,3.860611723927913186e+00
9.905201730936823878e+03,3.860611682599770500e+00
9.905201752266504627e+03,3.860611641272810868e+00
9.905201773596183557e+03,3.860611599947040506e+00
9.905201794925862487e+03,3.860611558622456752e+00
9.905201816255541416e+03,3.860611517299059159e+00
9.905201837585220346e+03,3.860611475976849061e+00
9.905201858914901095e+03,3.860611434655821572e+00
9.905201880244580025e+03,3.860611393335984687e+00
9.905201901574258954e+03,3.860611352017334852e+00
9.905201922903937884e+03,3.860611310699871623e+00
9.905201944233616814e+03,3.860611269383596778e+00
9.905201965563295744e+03,3.860611228068508538e+00
9.905201986892976493e+03,3.860611186754604685e+00
9.905202008222655422e+03,3.860611145441891434e+00
9.905202029552334352e+03,3.860611104130367011e+00
9.905202050882013282e+03,3.860611062820029638e+00
9.905202072211692212e+03,3.860611021510881091e+00
9.905202093541372960e+03,3.860610980202916043e+00
9.905202114871051890e+03,3.860610938896143818e+00
9.905202136200730820e+03,3.860610897590559976e+00
9.905202157530409750e+03,3.860610856286164072e+00
9.905202178860088679e+03,3.860610814982957439e+00
9.905202200189767609e+03,3.860610773680939189e+00
9.905202221519448358e+03,3.860610732380106658e+00
9.905202242849127288e+03,3.860610691080466950e+00
9.905202264178806217e+03,3.860610649782016512e+00
9.905202285508485147e+03,3.860610608484754458e+00
9.905202306838164077e+03,3.860610567188682563e+00
9.905202328167844826e+03,3.860610525893796385e+00
9.905202349497523755e+03,3.860610484600103920e+00
9.905202370827202685e+03,3.860610443307600725e+00
9.905202392156881615e+03,3.860610402016288134e+00
9.905202413486560545e+03,3.860610360726165258e+00
9.905202434816239474e+03,3.860610319437232096e+00
9.905202456145920223e+03,3.860610278149486874e+00
9.905202477475599153e+03,3.860610236862934919e+00
9.905202498805278083e+03,3.860610195577573567e+00
9.905202520134957012e+03,3.860610154293402374e+00
9.905202541464635942e+03,3.860610113010423117e+00
9.905202562794316691e+03,3.860610071728630466e+00
9.905202584123995621e+03,3.860610030448032859e+00
9.905202605453674551e+03,3.860609989168626743e+00
9.905202626783353480e+03,3.860609947890411231e+00
9.905202648113032410e+03,3.860609906613387654e+00
9.905202669442713159e+03,3.860609865337552460e+00
9.905202690772392089e+03,3.860609824062911866e+00
9.905202712102071018e+03,3.860609782789463651e+00
9.905202733431749948e+03,3.860609741517206484e+00
9.905202754761428878e+03,3.860609700246142140e+00
9.905202776091107808e+03,3.860609658976269731e+00
9.905202797420788556e+03,3.860609617707587038e+00
9.905202818750467486e+03,3.860609576440098945e+00
9.905202840080146416e+03,3.860609535173804563e+00
9.905202861409825346e+03,3.860609493908703005e+00
9.905202882739504275e+03,3.860609452644793382e+00
9.905202904069185024e+03,3.860609411382073919e+00
9.905202925398863954e+03,3.860609370120550832e+00
9.905202946728542884e+03,3.860609328860221012e+00
9.905202968058221813e+03,3.860609287601084016e+00
9.905202989387900743e+03,3.860609246343141177e+00
9.905203010717579673e+03,3.860609205086392048e+00
9.905203032047260422e+03,3.860609163830833079e+00
9.905203053376939351e+03,3.860609122576471375e+00
9.905203074706618281e+03,3.860609081323303382e+00
9.905203096036297211e+03,3.860609040071329545e+00
9.905203117365976141e+03,3.860608998820550752e+00
9.905203138695656889e+03,3.860608957570961230e+00
9.905203160025335819e+03,3.860608916322571194e+00
9.905203181355014749e+03,3.860608875075374868e+00
9.905203202684693679e+03,3.860608833829374475e+00
9.905203224014372609e+03,3.860608792584567794e+00
9.905203245344051538e+03,3.860608751340957046e+00
9.905203266673732287e+03,3.860608710098536900e+00
9.905203288003411217e+03,3.860608668857316683e+00
9.905203309333090147e+03,3.860608627617291067e+00
9.905203330662769076e+03,3.860608586378461382e+00
9.905203351992448006e+03,3.860608545140826298e+00
9.905203373322128755e+03,3.860608503904384481e+00
9.905203394651807685e+03,3.860608462669141705e+00
9.905203415981486614e+03,3.860608421435095750e+00
9.905203437311165544e+03,3.860608380202245282e+00
9.905203458640844474e+03,3.860608338970590303e+00
9.905203479970523404e+03,3.860608297740133033e+00
9.905203501300204152e+03,3.860608256510868141e+00
9.905203522629883082e+03,3.860608215282803624e+00
9.905203543959562012e+03,3.860608174055935926e+00
9.905203565289240942e+03,3.860608132830264605e+00
9.905203586618919871e+03,3.860608091605790992e+00
9.905203607948600620e+03,3.860608050382510648e+00
9.905203629278279550e+03,3.860608009160430676e+00
9.905203650607958480e+03,3.860607967939549301e+00
9.905203671937637409e+03,3.860607926719864302e+00
9.905203693267316339e+03,3.860607885501377456e+00
9.905203714596997088e+03,3.860607844284084766e+00
9.905203735926676018e+03,3.860607803067993782e+00
9.905203757256354947e+03,3.860607761853100950e+00
9.905203778586033877e+03,3.860607720639405382e+00
9.905203799915712807e+03,3.860607679426908412e+00
9.905203821245391737e+03,3.860607638215610482e+00
9.905203842575072485e+03,3.860607597005507152e+00
9.905203863904751415e+03,3.860607555796605528e+00
9.905203885234430345e+03,3.860607514588904277e+00
9.905203906564109275e+03,3.860607473382400290e+00
9.905203927893788205e+03,3.860607432177095788e+00
9.905203949223468953e+03,3.860607390972987663e+00
9.905203970553147883e+03,3.860607349770081687e+00
9.905203991882826813e+03,3.860607308568374751e+00
9.905204013212505743e+03,3.860607267367868189e+00
9.905204034542184672e+03,3.860607226168561557e+00
9.905204055871863602e+03,3.860607184970453520e+00
9.905204077201544351e+03,3.860607143773542749e+00
9.905204098531223281e+03,3.860607102577835903e+00
9.905204119860902210e+03,3.860607061383328098e+00
9.905204141190581140e+03,3.860607020190021110e+00
9.905204162520260070e+03,3.860606978997914940e+00
9.905204183849940819e+03,3.860606937807005590e+00
9.905204205179619748e+03,3.860606896617300166e+00
9.905204226509298678e+03,3.860606855428796003e+00
9.905204247838977608e+03,3.860606814241492213e+00
9.905204269168656538e+03,3.860606773055389684e+00
9.905204290498335467e+03,3.860606731870488417e+00
9.905204311828016216e+03,3.860606690686785747e+00
9.905204333157695146e+03,3.860606649504287002e+00
9.905204354487374076e+03,3.860606608322990407e+00
9.905204375817053005e+03,3.860606567142895074e+00
9.905204397146731935e+03,3.860606525964001889e+00
9.905204418476412684e+03,3.860606484786306414e+00
9.905204439806091614e+03,3.860606443609817529e+00
9.905204461135770543e+03,3.860606402434529905e+00
9.905204482465449473e+03,3.860606361260444874e+00
9.905204503795128403e+03,3.860606320087562437e+00
9.905204525124809152e+03,3.860606278915879042e+00
9.905204546454488082e+03,3.860606237745402680e+00
9.905204567784167011e+03,3.860606196576128024e+00
9.905204589113845941e+03,3.860606155408056406e+00
9.905204610443524871e+03,3.860606114241188713e+00
9.905204631773203801e+03,3.860606073075524058e+00
9.905204653102884549e+03,3.860606031911058889e+00
9.905204674432563479e+03,3.860605990747800309e+00
9.905204695762242409e+03,3.860605949585745655e+00
9.905204717091921339e+03,3.860605908424894928e+00
9.905204738421600268e+03,3.860605867265248126e+00
9.905204759751281017e+03,3.860605826106801697e+00
9.905204781080959947e+03,3.860605784949562747e+00
9.905204802410638877e+03,3.860605743793527722e+00
9.905204823740317806e+03,3.860605702638697512e+00
9.905204845069996736e+03,3.860605661485071227e+00
9.905204866399675666e+03,3.860605620332650201e+00
9.905204887729356415e+03,3.860605579181429992e+00
9.905204909059035344e+03,3.860605538031418149e+00
9.905204930388714274e+03,3.860605496882610677e+00
9.905204951718393204e+03,3.860605455735009350e+00
9.905204973048072134e+03,3.860605414588612838e+00
9.905204994377752882e+03,3.860605373443418475e+00
9.905205015707431812e+03,3.860605332299432035e+00
9.905205037037110742e+03,3.860605291156653074e+00
9.905205058366789672e+03,3.860605250015078038e+00
9.905205079696468601e+03,3.860605208874710037e+00
9.905205101026147531e+03,3.860605167735547738e+00
9.905205122355828280e+03,3.860605126597587144e+00
9.905205143685507210e+03,3.860605085460837138e+00
9.905205165015186139e+03,3.860605044325293722e+00
9.905205186344865069e+03,3.860605003190956008e+00
9.905205207674543999e+03,3.860604962057825773e+00
9.905205229004224748e+03,3.860604920925898575e+00
9.905205250333903678e+03,3.860604879795180633e+00
9.905205271663582607e+03,3.860604838665670613e+00
9.905205292993261537e+03,3.860604797537368071e+00
9.905205314322940467e+03,3.860604756410272120e+00
9.905205335652619397e+03,3.860604715284384092e+00
9.905205356982300145e+03,3.860604674159699545e+00
9.905205378311979075e+03,3.860604633036226474e+00
9.905205399641658005e+03,3.860604591913960881e+00
9.905205420971336935e+03,3.860604550792902767e+00
9.905205442301015864e+03,3.860604509673053464e+00
9.905205463630696613e+03,3.860604468554408086e+00
9.905205484960375543e+03,3.860604427436975072e+00
9.905205506290054473e+03,3.860604386320750425e+00
9.905205527619733402e+03,3.860604345205733701e+00
9.905205548949412332e+03,3.860604304091926231e+00
9.905205570279093081e+03,3.860604262979323575e+00
9.905205591608772011e+03,3.860604221867933283e+00
9.905205612938450940e+03,3.860604180757752246e+00
9.905205634268129870e+03,3.860604139648780020e+00
9.905205655597808800e+03,3.860604098541017937e+00
9.905205676927487730e+03,3.860604057434464220e+00
9.905205698257168478e+03,3.860604016329116650e+00
9.905205719586847408e+03,3.860603975224982332e+00
9.905205740916526338e+03,3.860603934122058156e+00
9.905205762246205268e+03,3.860603893020343680e+00
9.905205783575884197e+03,3.860603851919838903e+00
9.905205804905564946e+03,3.860603810820540716e+00
9.905205826235243876e+03,3.860603769722457113e+00
9.905205847564922806e+03,3.860603728625583209e+00
9.905205868894601736e+03,3.860603687529920336e+00
9.905205890224280665e+03,3.860603646435467606e+00
9.905205911553959595e+03,3.860603605342225020e+00
9.905205932883640344e+03,3.860603564250191244e+00
9.905205954213319274e+03,3.860603523159371164e+00
9.905205975542998203e+03,3.860603482069762116e+00
9.905205996872677133e+03,3.860603440981364987e+00
9.905206018202356063e+03,3.860603399894178889e+00
9.905206039532036812e+03,3.860603358808200714e+00
9.905206060861715741e+03,3.860603317723437566e+00
9.905206082191394671e+03,3.860603276639885895e+00
9.905206103521073601e+03,3.860603235557547031e+00
9.905206124850752531e+03,3.860603194476420086e+00
9.905206146180431460e+03,3.860603153396505061e+00
9.905206167510112209e+03,3.860603112317798846e+00
9.905206188839791139e+03,3.860603071240307660e+00
9.905206210169470069e+03,3.860603030164030169e+00
9.905206231499148998e+03,3.860602989088965042e+00
9.905206252828827928e+03,3.860602948015112279e+00
9.905206274158508677e+03,3.860602906942469215e+00
9.905206295488187607e+03,3.860602865871042511e+00
9.905206316817866536e+03,3.860602824800829502e+00
9.905206338147545466e+03,3.860602783731828858e+00
9.905206359477224396e+03,3.860602742664042353e+00
9.905206380806905145e+03,3.860602701597465991e+00
9.905206402136584074e+03,3.860602660532106878e+00
9.905206423466263004e+03,3.860602619467960572e+00
9.905206444795941934e+03,3.860602578405028407e+00
9.905206466125620864e+03,3.860602537343311269e+00
9.905206487455299794e+03,3.860602496282807827e+00
9.905206508784980542e+03,3.860602455223514973e+00
9.905206530114659472e+03,3.860602414165439811e+00
9.905206551444338402e+03,3.860602373108579677e+00
9.905206572774017332e+03,3.860602332052933683e+00
9.905206594103696261e+03,3.860602290998502717e+00
9.905206615433377010e+03,3.860602249945283670e+00
9.905206636763055940e+03,3.860602208893282761e+00
9.905206658092734870e+03,3.860602167842496435e+00
9.905206679422413799e+03,3.860602126792926470e+00
9.905206700752092729e+03,3.860602085744571976e+00
9.905206722081771659e+03,3.860602044697431623e+00
9.905206743411452408e+03,3.860602003651504521e+00
9.905206764741131337e+03,3.860601962606796889e+00
9.905206786070810267e+03,3.860601921563304728e+00
9.905206807400489197e+03,3.860601880521028484e+00
9.905206828730168127e+03,3.860601839479969044e+00
9.905206850059848875e+03,3.860601798440121080e+00
9.905206871389527805e+03,3.860601757401493916e+00
9.905206892719206735e+03,3.860601716364084002e+00
9.905206914048885665e+03,3.860601675327889559e+00
9.905206935378564594e+03,3.860601634292912809e+00
9.905206956708243524e+03,3.860601593259152420e+00
9.905206978037924273e+03,3.860601552226605726e+00
9.905206999367603203e+03,3.860601511195279389e+00
9.905207020697282132e+03,3.860601470165171190e+00
9.905207042026961062e+03,3.860601429136280238e+00
9.905207063356639992e+03,3.860601388108606535e+00
9.905207084686320741e+03,3.860601347082146972e+00
9.905207106015999670e+03,3.860601306056909099e+00
9.905207127345678600e+03,3.860601265032888030e+00
9.905207148675357530e+03,3.860601224010085986e+00
9.905207170005036460e+03,3.860601182988502078e+00
9.905207191334717209e+03,3.860601141968133643e+00
9.905207212664396138e+03,3.860601100948986453e+00
9.905207233994075068e+03,3.860601059931056955e+00
9.905207255323753998e+03,3.860601018914347371e+00
9.905207276653432928e+03,3.860600977898855923e+00
9.905207297983111857e+03,3.860600936884583945e+00
9.905207319312792606e+03,3.860600895871526550e+00
9.905207340642471536e+03,3.860600854859693509e+00
9.905207361972150466e+03,3.860600813849079049e+00
9.905207383301829395e+03,3.860600772839683170e+00
9.905207404631508325e+03,3.860600731831507204e+00
9.905207425961189074e+03,3.860600690824548487e+00
9.905207447290868004e+03,3.860600649818811458e+00
9.905207468620546933e+03,3.860600608814295676e+00
9.905207489950225863e+03,3.860600567810999362e+00
9.905207511279904793e+03,3.860600526808923405e+00
9.905207532609583723e+03,3.860600485808068250e+00
9.905207553939264471e+03,3.860600444808429010e+00
9.905207575268943401e+03,3.860600403810015013e+00
9.905207596598622331e+03,3.860600362812820485e+00
9.905207617928301261e+03,3.860600321816847202e+00
9.905207639257980190e+03,3.860600280822095609e+00
9.905207660587660939e+03,3.860600239828561264e+00
9.905207681917339869e+03,3.860600198836251273e+00
9.905207703247018799e+03,3.860600157845162528e+00
9.905207724576697728e+03,3.860600116855295472e+00
9.905207745906376658e+03,3.860600075866650105e+00
9.905207767236055588e+03,3.860600034879225984e+00
9.905207788565736337e+03,3.860599993893020443e+00
9.905207809895415267e+03,3.860599952908041033e+00
9.905207831225094196e+03,3.860599911924282868e+00
9.905207852554773126e+03,3.860599870941746836e+00
9.905207873884452056e+03,3.860599829960433382e+00
9.905207895214132805e+03,3.860599788980339397e+00
9.905207916543811734e+03,3.860599748001470211e+00
9.905207937873490664e+03,3.860599707023825378e+00
9.905207959203169594e+03,3.860599666047402234e+00
9.905207980532848524e+03,3.860599625072202556e+00
9.905208001862527453e+03,3.860599584098225012e+00
9.905208023192208202e+03,3.860599543125468269e+00
9.905208044521887132e+03,3.860599502153937657e+00
9.905208065851566062e+03,3.860599461183631398e+00
9.905208087181244991e+03,3.860599420214548161e+00
9.905208108510923921e+03,3.860599379246687946e+00
9.905208129840604670e+03,3.860599338280049420e+00
9.905208151170283600e+03,3.860599297314637912e+00
9.905208172499962529e+03,3.860599256350449426e+00
9.905208193829641459e+03,3.860599215387486183e+00
9.905208215159320389e+03,3.860599174425746849e+00
9.905208236489001138e+03,3.860599133465228761e+00
9.905208257818680067e+03,3.860599092505939023e+00
9.905208279148358997e+03,3.860599051547873195e+00
9.905208300478037927e+03,3.860599010591033053e+00
9.905208321807716857e+03,3.860598969635418154e+00
9.905208343137395786e+03,3.860598928681027608e+00
9.905208364467076535e+03,3.860598887727858752e+00
9.905208385796755465e+03,3.860598846775918691e+00
9.905208407126434395e+03,3.860598805825204316e+00
9.905208428456113325e+03,3.860598764875715183e+00
9.905208449785792254e+03,3.860598723927452181e+00
9.905208471115473003e+03,3.860598682980410867e+00
9.905208492445151933e+03,3.860598642034600569e+00
9.905208513774830863e+03,3.860598601090014625e+00
9.905208535104509792e+03,3.860598560146655700e+00
9.905208556434188722e+03,3.860598519204522905e+00
9.905208577763867652e+03,3.860598478263616684e+00
9.905208599093548401e+03,3.860598437323933929e+00
9.905208620423227330e+03,3.860598396385480857e+00
9.905208641752906260e+03,3.860598355448255248e+00
9.905208663082585190e+03,3.860598314512256213e+00
9.905208684412264120e+03,3.860598273577483752e+00
9.905208705741944868e+03,3.860598232643935201e+00
9.905208727071623798e+03,3.860598191711618554e+00
9.905208748401302728e+03,3.860598150780528037e+00
9.905208769730981658e+03,3.860598109850666315e+00
9.905208791060660587e+03,3.860598068922031612e+00
9.905208812390339517e+03,3.860598027994624371e+00
9.905208833720020266e+03,3.860597987068441928e+00
9.905208855049699196e+03,3.860597946143491388e+00
9.905208876379378125e+03,3.860597905219769199e+00
9.905208897709057055e+03,3.860597864297274917e+00
9.905208919038735985e+03,3.860597823376008986e+00
9.905208940368416734e+03,3.860597782455968741e+00
9.905208961698095663e+03,3.860597741537160399e+00
9.905208983027774593e+03,3.860597700619580852e+00
9.905209004357453523e+03,3.860597659703230988e+00
9.905209025687132453e+03,3.860597618788108587e+00
9.905209047016813201e+03,3.860597577874213204e+00
9.905209068346492131e+03,3.860597536961550613e+00
9.905209089676171061e+03,3.860597496050116817e+00
9.905209111005849991e+03,3.860597455139913148e+00
9.905209132335528921e+03,3.860597414230939162e+00
9.905209153665207850e+03,3.860597373323195303e+00
9.905209174994888599e+03,3.860597332416677130e+00
9.905209196324567529e+03,3.860597291511393081e+00
9.905209217654246459e+03,3.860597250607339603e+00
9.905209238983925388e+03,3.860597209704516253e+00
9.905209260313604318e+03,3.860597168802923029e+00
9.905209281643285067e+03,3.860597127902556824e+00
9.905209302972963997e+03,3.860597087003425187e+00
9.905209324302642926e+03,3.860597046105524566e+00
9.905209345632321856e+03,3.860597005208854959e+00
9.905209366962000786e+03,3.860596964313415924e+00
9.905209388291679716e+03,3.860596923419207904e+00
9.905209409621360464e+03,3.860596882526228235e+00
9.905209430951039394e+03,3.860596841634483578e+00
9.905209452280718324e+03,3.860596800743970380e+00
9.905209473610397254e+03,3.860596759854689086e+00
9.905209494940076183e+03,3.860596718966639695e+00
9.905209516269756932e+03,3.860596678079819100e+00
9.905209537599435862e+03,3.860596637194233516e+00
9.905209558929114792e+03,3.860596596309879835e+00
9.905209580258793721e+03,3.860596555426759835e+00
9.905209601588472651e+03,3.860596514544871294e+00
9.905209622918151581e+03,3.860596473664215100e+00
9.905209644247832330e+03,3.860596432784789034e+00
9.905209665577511259e+03,3.860596391906598868e+00
9.905209686907190189e+03,3.860596351029641493e+00
9.905209708236869119e+03,3.860596310153917354e+00
9.905209729566548049e+03,3.860596269279426451e+00
9.905209750896228798e+03,3.860596228406165675e+00
9.905209772225907727e+03,3.860596187534141688e+00
9.905209793555586657e+03,3.860596146663351380e+00
9.905209814885265587e+03,3.860596105793794308e+00
9.905209836214944517e+03,3.860596064925471360e+00
9.905209857544623446e+03,3.860596024058382980e+00
9.905209878874304195e+03,3.860595983192525171e+00
9.905209900203983125e+03,3.860595942327904151e+00
9.905209921533662055e+03,3.860595901464518587e+00
9.905209942863340984e+03,3.860595860602367146e+00
9.905209964193019914e+03,3.860595819741449830e+00
9.905209985522700663e+03,3.860595778881763973e+00
9.905210006852379593e+03,3.860595738023316237e+00
9.905210028182058522e+03,3.860595697166104401e+00
9.905210049511737452e+03,3.860595656310126689e+00
9.905210070841416382e+03,3.860595615455384433e+00
9.905210092171097131e+03,3.860595574601874080e+00
9.905210113500776060e+03,3.860595533749602737e+00
9.905210134830454990e+03,3.860595492898567294e+00
9.905210156160133920e+03,3.860595452048767751e+00
9.905210177489812850e+03,3.860595411200203664e+00
9.905210198819491779e+03,3.860595370352875033e+00
9.905210220149172528e+03,3.860595329506780082e+00
9.905210241478851458e+03,3.860595288661924585e+00
9.905210262808530388e+03,3.860595247818304987e+00
9.905210284138209317e+03,3.860595206975922622e+00
9.905210305467888247e+03,3.860595166134775713e+00
9.905210326797568996e+03,3.860595125294863372e+00
9.905210348127247926e+03,3.860595084456190040e+00
9.905210369456926855e+03,3.860595043618754829e+00
9.905210390786605785e+03,3.860595002782555962e+00
9.905210412116284715e+03,3.860594961947595216e+00
9.905210433445963645e+03,3.860594921113871258e+00
9.905210454775644394e+03,3.860594880281381425e+00
9.905210476105323323e+03,3.860594839450131932e+00
9.905210497435002253e+03,3.860594798620121004e+00
9.905210518764681183e+03,3.860594757791347753e+00
9.905210540094360113e+03,3.860594716963813067e+00
9.905210561424040861e+03,3.860594676137511616e+00
9.905210582753719791e+03,3.860594635312453171e+00
9.905210604083398721e+03,3.860594594488632403e+00
9.905210625413077651e+03,3.860594553666050199e+00
9.905210646742756580e+03,3.860594512844707449e+00
9.905210668072435510e+03,3.860594472024602375e+00
9.905210689402116259e+03,3.860594431205733201e+00
9.905210710731795189e+03,3.860594390388105701e+00
9.905210732061474118e+03,3.860594349571718098e+00
9.905210753391153048e+03,3.860594308756569504e+00
9.905210774720831978e+03,3.860594267942660807e+00
9.905210796050512727e+03,3.860594227129987566e+00
9.905210817380191656e+03,3.860594186318557330e+00
9.905210838709870586e+03,3.860594145508366548e+00
9.905210860039549516e+03,3.860594104699416107e+00
9.905210881369228446e+03,3.860594063891706007e+00
9.905210902698909194e+03,3.860594023085232696e+00
9.905210924028588124e+03,3.860593982280001946e+00
9.905210945358267054e+03,3.860593941476012869e+00
9.905210966687945984e+03,3.860593900673263690e+00
9.905210988017624913e+03,3.860593859871754407e+00
9.905211009347303843e+03,3.860593819071486799e+00
9.905211030676984592e+03,3.860593778272455978e+00
9.905211052006663522e+03,3.860593737474670384e+00
9.905211073336342452e+03,3.860593696678125131e+00
9.905211094666021381e+03,3.860593655882821551e+00
9.905211115995700311e+03,3.860593615088758757e+00
9.905211137325381060e+03,3.860593574295934971e+00
9.905211158655059990e+03,3.860593533504355079e+00
9.905211179984738919e+03,3.860593492714017749e+00
9.905211201314417849e+03,3.860593451924922093e+00
9.905211222644096779e+03,3.860593411137068554e+00
9.905211243973775709e+03,3.860593370350456688e+00
9.905211265303456457e+03,3.860593329565084275e+00
9.905211286633135387e+03,3.860593288780956645e+00
9.905211307962814317e+03,3.860593247998072464e+00
9.905211329292493247e+03,3.860593207216430844e+00
9.905211350622172176e+03,3.860593166436031343e+00
9.905211371951852925e+03,3.860593125656872182e+00
9.905211393281531855e+03,3.860593084878959136e+00
9.905211414611210785e+03,3.860593044102288651e+00
9.905211435940889714e+03,3.860593003326861172e+00
9.905211457270568644e+03,3.860592962552677587e+00
9.905211478600247574e+03,3.860592921779737452e+00
9.905211499929928323e+03,3.860592881008037658e+00
9.905211521259607252e+03,3.860592840237585310e+00
9.905211542589286182e+03,3.860592799468376413e+00
9.905211563918965112e+03,3.860592758700410965e+00
9.905211585248644042e+03,3.860592717933690299e+00
9.905211606578324790e+03,3.860592677168209974e+00
9.905211627908003720e+03,3.860592636403978428e+00
9.905211649237682650e+03,3.860592595640990332e+00
9.905211670567361580e+03,3.860592554879247018e+00
9.905211691897040510e+03,3.860592514118748930e+00
9.905211713226719439e+03,3.860592473359494736e+00
9.905211734556400188e+03,3.860592432601483548e+00
9.905211755886079118e+03,3.860592391844719806e+00
9.905211777215758048e+03,3.860592351089201291e+00
9.905211798545436977e+03,3.860592310334928445e+00
9.905211819875115907e+03,3.860592269581901270e+00
9.905211841204796656e+03,3.860592228830116213e+00
9.905211862534475586e+03,3.860592188079579490e+00
9.905211883864154515e+03,3.860592147330289325e+00
9.905211905193833445e+03,3.860592106582245719e+00
9.905211926523512375e+03,3.860592065835446896e+00
9.905211947853193124e+03,3.860592025089892410e+00
9.905211969182872053e+03,3.860591984345586258e+00
9.905211990512550983e+03,3.860591943602527554e+00
9.905212011842229913e+03,3.860591902860714963e+00
9.905212033171908843e+03,3.860591862120149376e+00
9.905212054501587772e+03,3.860591821380830346e+00
9.905212075831268521e+03,3.860591780642755655e+00
9.905212097160947451e+03,3.860591739905930631e+00
9.905212118490626381e+03,3.860591699170353053e+00
9.905212139820305310e+03,3.860591658436022922e+00
9.905212161149984240e+03,3.860591617702940237e+00
9.905212182479664989e+03,3.860591576971101002e+00
9.905212203809343919e+03,3.860591536240514543e+00
9.905212225139022848e+03,3.860591495511174642e+00
9.905212246468701778e+03,3.860591454783083076e+00
9.905212267798380708e+03,3.860591414056239401e+00
9.905212289128059638e+03,3.860591373330644505e+00
9.905212310457740386e+03,3.860591332606294390e+00
9.905212331787419316e+03,3.860591291883196163e+00
9.905212353117098246e+03,3.860591251161346271e+00
9.905212374446777176e+03,3.860591210440744714e+00
9.905212395776456106e+03,3.860591169721392379e+00
9.905212417106136854e+03,3.860591129003286159e+00
9.905212438435815784e+03,3.860591088286431383e+00
9.905212459765494714e+03,3.860591047570827161e+00
9.905212481095173644e+03,3.860591006856471274e+00
9.905212502424852573e+03,3.860590966143365499e+00
9.905212523754531503e+03,3.860590925431508502e+00
9.905212545084212252e+03,3.860590884720898952e+00
9.905212566413891182e+03,3.860590844011541289e+00
9.905212587743570111e+03,3.860590803303434626e+00
9.905212609073249041e+03,3.860590762596578074e+00
9.905212630402927971e+03,3.860590721890971633e+00
9.905212651732608720e+03,3.860590681186611750e+00
9.905212673062287649e+03,3.860590640483505531e+00
9.905212694391966579e+03,3.860590599781650312e+00
9.905212715721645509e+03,3.860590559081046091e+00
9.905212737051324439e+03,3.860590518381691982e+00
9.905212758381005187e+03,3.860590477683586208e+00
9.905212779710684117e+03,3.860590436986734986e+00
9.905212801040363047e+03,3.860590396291134319e+00
9.905212822370041977e+03,3.860590355596785539e+00
9.905212843699720906e+03,3.860590314903687759e+00
9.905212865029399836e+03,3.860590274211842310e+00
9.905212886359080585e+03,3.860590233521243864e+00
9.905212907688759515e+03,3.860590192831901746e+00
9.905212929018438444e+03,3.860590152143811515e+00
9.905212950348117374e+03,3.860590111456972284e+00
9.905212971677796304e+03,3.860590070771386717e+00
9.905212993007477053e+03,3.860590030087049485e+00
9.905213014337155983e+03,3.860589989403968136e+00
9.905213035666834912e+03,3.860589948722139120e+00
9.905213056996513842e+03,3.860589908041563323e+00
9.905213078326192772e+03,3.860589867362240302e+00
9.905213099655871702e+03,3.860589826684169612e+00
9.905213120985552450e+03,3.860589786007349478e+00
9.905213142315231380e+03,3.860589745331785227e+00
9.905213163644910310e+03,3.860589704657475085e+00
9.905213184974589240e+03,3.860589663984417719e+00
9.905213206304268169e+03,3.860589623312614460e+00
9.905213227633948918e+03,3.860589582642060869e+00
9.905213248963627848e+03,3.860589541972764493e+00
9.905213270293306778e+03,3.860589501304723115e+00
9.905213291622985707e+03,3.860589460637934955e+00
9.905213312952664637e+03,3.860589419972401792e+00
9.905213334282343567e+03,3.860589379308122293e+00
9.905213355612024316e+03,3.860589338645093349e+00
9.905213376941703245e+03,3.860589297983322510e+00
9.905213398271382175e+03,3.860589257322807555e+00
9.905213419601061105e+03,3.860589216663546708e+00
9.905213440930740035e+03,3.860589176005540857e+00
9.905213462260420783e+03,3.860589135348786893e+00
9.905213483590099713e+03,3.860589094693291479e+00
9.905213504919778643e+03,3.860589054039050616e+00
9.905213526249457573e+03,3.860589013386065638e+00
9.905213547579136502e+03,3.860588972734336988e+00
9.905213568908815432e+03,3.860588932083863334e+00
9.905213590238496181e+03,3.860588891434642012e+00
9.905213611568175111e+03,3.860588850786680570e+00
9.905213632897854040e+03,3.860588810139974569e+00
9.905213654227532970e+03,3.860588769494524897e+00
9.905213675557211900e+03,3.860588728850331997e+00
9.905213696886892649e+03,3.860588688207391872e+00
9.905213718216571579e+03,3.860588647565711184e+00
9.905213739546250508e+03,3.860588606925288158e+00
9.905213760875929438e+03,3.860588566286121903e+00
9.905213782205608368e+03,3.860588525648211977e+00
9.905213803535289117e+03,3.860588485011556159e+00
9.905213824864968046e+03,3.860588444376161110e+00
9.905213846194646976e+03,3.860588403742022390e+00
9.905213867524325906e+03,3.860588363109142218e+00
9.905213888854004836e+03,3.860588322477519263e+00
9.905213910183683765e+03,3.860588281847153524e+00
9.905213931513364514e+03,3.860588241218042338e+00
9.905213952843043444e+03,3.860588200590193253e+00
9.905213974172722374e+03,3.860588159963601829e+00
9.905213995502401303e+03,3.860588119338267621e+00
9.905214016832080233e+03,3.860588078714192406e+00
9.905214038161760982e+03,3.860588038091373519e+00
9.905214059491439912e+03,3.860587997469814958e+00
9.905214080821118841e+03,3.860587956849515390e+00
9.905214102150797771e+03,3.860587916230475258e+00
9.905214123480476701e+03,3.860587875612693232e+00
9.905214144810155631e+03,3.860587834996171086e+00
9.905214166139836379e+03,3.860587794380903937e+00
9.905214187469515309e+03,3.860587753766900221e+00
9.905214208799194239e+03,3.860587713154155498e+00
9.905214230128873169e+03,3.860587672542671100e+00
9.905214251458552098e+03,3.860587631932445252e+00
9.905214272788232847e+03,3.860587591323476619e+00
9.905214294117911777e+03,3.860587550715770977e+00
9.905214315447590707e+03,3.860587510109325216e+00
9.905214336777269637e+03,3.860587469504140223e+00
9.905214358106948566e+03,3.860587428900214668e+00
9.905214379436627496e+03,3.860587388297550770e+00
9.905214400766308245e+03,3.860587347696142313e+00
9.905214422095987175e+03,3.860587307095999510e+00
9.905214443425666104e+03,3.860587266497117032e+00
9.905214464755345034e+03,3.860587225899495323e+00
9.905214486085023964e+03,3.860587185303134827e+00
9.905214507414704713e+03,3.860587144708031548e+00
9.905214528744383642e+03,3.860587104114193480e+00
9.905214550074062572e+03,3.860587063521617068e+00
9.905214571403741502e+03,3.860587022930302314e+00
9.905214592733420432e+03,3.860586982340248330e+00
9.905214614063101180e+03,3.860586941751453338e+00
9.905214635392780110e+03,3.860586901163924001e+00
9.905214656722459040e+03,3.860586860577655877e+00
9.905214678052137970e+03,3.860586819992650298e+00
9.905214699381816899e+03,3.860586779408906821e+00
9.905214720711495829e+03,3.860586738826426334e+00
9.905214742041176578e+03,3.860586698245204396e+00
9.905214763370855508e+03,3.860586657665249000e+00
9.905214784700534437e+03,3.860586617086556149e+00
9.905214806030213367e+03,3.860586576509126289e+00
9.905214827359892297e+03,3.860586535932959418e+00
9.905214848689573046e+03,3.860586495358052872e+00
9.905214870019251975e+03,3.860586454784411981e+00
9.905214891348930905e+03,3.860586414212034523e+00
9.905214912678609835e+03,3.860586373640921387e+00
9.905214934008288765e+03,3.860586333071071685e+00
9.905214955337967695e+03,3.860586292502485417e+00
9.905214976667648443e+03,3.860586251935159918e+00
9.905214997997327373e+03,3.860586211369102294e+00
9.905215019327006303e+03,3.860586170804308548e+00
9.905215040656685233e+03,3.860586130240778235e+00
9.905215061986364162e+03,3.860586089678513577e+00
9.905215083316044911e+03,3.860586049117509244e+00
9.905215104645723841e+03,3.860586008557772786e+00
9.905215125975402771e+03,3.860585967999302426e+00
9.905215147305081700e+03,3.860585927442095944e+00
9.905215168634760630e+03,3.860585886886154228e+00
9.905215189964439560e+03,3.860585846331478166e+00
9.905215211294120309e+03,3.860585805778063762e+00
9.905215232623799238e+03,3.860585765225918120e+00
9.905215253953478168e+03,3.860585724675038133e+00
9.905215275283157098e+03,3.860585684125424688e+00
9.905215296612836028e+03,3.860585643577076009e+00
9.905215317942516776e+03,3.860585603029989876e+00
9.905215339272195706e+03,3.860585562484172950e+00
9.905215360601874636e+03,3.860585521939622122e+00
9.905215381931553566e+03,3.860585481396338281e+00
9.905215403261232495e+03,3.860585440854320538e+00
9.905215424590911425e+03,3.860585400313569338e+00
9.905215445920592174e+03,3.860585359774081571e+00
9.905215467250271104e+03,3.860585319235863455e+00
9.905215488579950033e+03,3.860585278698912770e+00
9.905215509909628963e+03,3.860585238163228183e+00
9.905215531239307893e+03,3.860585197628811915e+00
9.905215552568988642e+03,3.860585157095658193e+00
9.905215573898667571e+03,3.860585116563776786e+00
9.905215595228346501e+03,3.860585076033161922e+00
9.905215616558025431e+03,3.860585035503814932e+00
9.905215637887704361e+03,3.860584994975735817e+00
9.905215659217385110e+03,3.860584954448920580e+00
9.905215680547064039e+03,3.860584913923377659e+00
9.905215701876742969e+03,3.860584873399102168e+00
9.905215723206421899e+03,3.860584832876095440e+00
9.905215744536100829e+03,3.860584792354356143e+00
9.905215765865779758e+03,3.860584751833886497e+00
9.905215787195460507e+03,3.860584711314681616e+00
9.905215808525139437e+03,3.860584670796749052e+00
9.905215829854818367e+03,3.860584630280084806e+00
9.905215851184497296e+03,3.860584589764690211e+00
9.905215872514176226e+03,3.860584549250563935e+00
9.905215893843856975e+03,3.860584508737704645e+00
9.905215915173535905e+03,3.860584468226117227e+00
9.905215936503214834e+03,3.860584427715799460e+00
9.905215957832893764e+03,3.860584387206751789e+00
9.905215979162572694e+03,3.860584346698973324e+00
9.905216000492251624e+03,3.860584306192465398e+00
9.905216021821932372e+03,3.860584265687223571e+00
9.905216043151611302e+03,3.860584225183254947e+00
9.905216064481290232e+03,3.860584184680556863e+00
9.905216085810969162e+03,3.860584144179129318e+00
9.905216107140648091e+03,3.860584103678972312e+00
9.905216128470328840e+03,3.860584063180082737e+00
9.905216149800007770e+03,3.860584022682466365e+00
9.905216171129686700e+03,3.860583982186121421e+00
9.905216192459365629e+03,3.860583941691047460e+00
9.905216213789044559e+03,3.860583901197244483e+00
9.905216235118723489e+03,3.860583860704713821e+00
9.905216256448404238e+03,3.860583820213449702e+00
9.905216277778083168e+03,3.860583779723461006e+00
9.905216299107762097e+03,3.860583739234743739e+00
9.905216320437441027e+03,3.860583698747298342e+00
9.905216341767119957e+03,3.860583658261124818e+00
9.905216363096800706e+03,3.860583617776219612e+00
9.905216384426479635e+03,3.860583577292590274e+00
9.905216405756158565e+03,3.860583536810232363e+00
9.905216427085837495e+03,3.860583496329147657e+00
9.905216448415516425e+03,3.860583455849335710e+00
9.905216469745197173e+03,3.860583415370792526e+00
9.905216491074876103e+03,3.860583374893525210e+00
9.905216512404555033e+03,3.860583334417531098e+00
9.905216533734233963e+03,3.860583293942809746e+00
9.905216555063912892e+03,3.860583253469361154e+00
9.905216576393591822e+03,3.860583212997186209e+00
9.905216597723272571e+03,3.860583172526281359e+00
9.905216619052951501e+03,3.860583132056652822e+00
9.905216640382630430e+03,3.860583091588298377e+00
9.905216661712309360e+03,3.860583051121217135e+00
9.905216683041988290e+03,3.860583010655410874e+00
9.905216704371669039e+03,3.860582970190873819e+00
9.905216725701347968e+03,3.860582929727614410e+00
9.905216747031026898e+03,3.860582889265629980e+00
9.905216768360705828e+03,3.860582848804919198e+00
9.905216789690384758e+03,3.860582808345483841e+00
9.905216811020063687e+03,3.860582767887322131e+00
9.905216832349744436e+03,3.860582727430432293e+00
9.905216853679423366e+03,3.860582686974820543e+00
9.905216875009102296e+03,3.860582646520483330e+00
9.905216896338781225e+03,3.860582606067421096e+00
9.905216917668460155e+03,3.860582565615634731e+00
9.905216938998140904e+03,3.860582525165119350e+00
9.905216960327819834e+03,3.860582484715883833e+00
9.905216981657498764e+03,3.860582444267923741e+00
9.905217002987177693e+03,3.860582403821238628e+00
9.905217024316856623e+03,3.860582363375830273e+00
9.905217045646535553e+03,3.860582322931696897e+00
9.905217066976216302e+03,3.860582282488836725e+00
9.905217088305895231e+03,3.860582242047255974e+00
9.905217109635574161e+03,3.860582201606951980e+00
9.905217130965253091e+03,3.860582161167923854e+00
9.905217152294932021e+03,3.860582120730172484e+00
9.905217173624612769e+03,3.860582080293694762e+00
9.905217194954291699e+03,3.860582039858496906e+00
9.905217216283970629e+03,3.860581999424576249e+00
9.905217237613649559e+03,3.860581958991932350e+00
9.905217258943328488e+03,3.860581918560566095e+00
9.905217280273007418e+03,3.860581878130476152e+00
9.905217301602688167e+03,3.860581837701660746e+00
9.905217322932367097e+03,3.860581797274126536e+00
9.905217344262046026e+03,3.860581756847869528e+00
9.905217365591724956e+03,3.860581716422890608e+00
9.905217386921403886e+03,3.860581675999189777e+00
9.905217408251084635e+03,3.860581635576763482e+00
9.905217429580763564e+03,3.860581595155619272e+00
9.905217450910442494e+03,3.860581554735752263e+00
9.905217472240121424e+03,3.860581514317164675e+00
9.905217493569800354e+03,3.860581473899855620e+00
9.905217514899481102e+03,3.860581433483820657e+00
9.905217536229160032e+03,3.860581393069069112e+00
9.905217557558838962e+03,3.860581352655596099e+00
9.905217578888517892e+03,3.860581312243401175e+00
9.905217600218196822e+03,3.860581271832487005e+00
9.905217621547875751e+03,3.860581231422851367e+00
9.905217642877556500e+03,3.860581191014491154e+00
9.905217664207235430e+03,3.860581150607415246e+00
9.905217685536914360e+03,3.860581110201617872e+00
9.905217706866593289e+03,3.860581069797100362e+00
9.905217728196272219e+03,3.860581029393863162e+00
9.905217749525952968e+03,3.860580988991902274e+00
9.905217770855631898e+03,3.860580948591225692e+00
9.905217792185310827e+03,3.860580908191828531e+00
9.905217813514989757e+03,3.860580867793712123e+00
9.905217834844668687e+03,3.860580827396876025e+00
9.905217856174347617e+03,3.860580787001320680e+00
9.905217877504028365e+03,3.860580746607042979e+00
9.905217898833707295e+03,3.860580706214049584e+00
9.905217920163386225e+03,3.860580665822336499e+00
9.905217941493065155e+03,3.860580625431905055e+00
9.905217962822744084e+03,3.860580585042754809e+00
9.905217984152424833e+03,3.860580544654882651e+00
9.905218005482103763e+03,3.860580504268295243e+00
9.905218026811782693e+03,3.860580463882989477e+00
9.905218048141461622e+03,3.860580423498965796e+00
9.905218069471140552e+03,3.860580383116223313e+00
9.905218090800819482e+03,3.860580342734763359e+00
9.905218112130500231e+03,3.860580302354581939e+00
9.905218133460179160e+03,3.860580261975686600e+00
9.905218154789858090e+03,3.860580221598073347e+00
9.905218176119537020e+03,3.860580181221742624e+00
9.905218197449215950e+03,3.860580140846694430e+00
9.905218218778896698e+03,3.860580100472925658e+00
9.905218240108575628e+03,3.860580060100442967e+00
9.905218261438254558e+03,3.860580019729243695e+00
9.905218282767933488e+03,3.860579979359326508e+00
9.905218304097612418e+03,3.860579938990693627e+00
9.905218325427293166e+03,3.860579898623341055e+00
9.905218346756972096e+03,3.860579858257274122e+00
9.905218368086651026e+03,3.860579817892491494e+00
9.905218389416329956e+03,3.860579777528992285e+00
9.905218410746008885e+03,3.860579737166777381e+00
9.905218432075687815e+03,3.860579696805846339e+00
9.905218453405368564e+03,3.860579656446196051e+00
9.905218474735047494e+03,3.860579616087833177e+00
9.905218496064726423e+03,3.860579575730755053e+00
9.905218517394405353e+03,3.860579535374960791e+00
9.905218538724084283e+03,3.860579495020451279e+00
9.905218560053765032e+03,3.860579454667223409e+00
9.905218581383443961e+03,3.860579414315283842e+00
9.905218602713122891e+03,3.860579373964628580e+00
9.905218624042801821e+03,3.860579333615259845e+00
9.905218645372480751e+03,3.860579293267175416e+00
9.905218666702159680e+03,3.860579252920375737e+00
9.905218688031840429e+03,3.860579212574858587e+00
9.905218709361519359e+03,3.860579172230630629e+00
9.905218730691198289e+03,3.860579131887688753e+00
9.905218752020877218e+03,3.860579091546032071e+00
9.905218773350556148e+03,3.860579051205661916e+00
9.905218794680236897e+03,3.860579010866573846e+00
9.905218816009915827e+03,3.860578970528774967e+00
9.905218837339594756e+03,3.860578930192263947e+00
9.905218858669273686e+03,3.860578889857038121e+00
9.905218879998952616e+03,3.860578849523098821e+00
9.905218901328631546e+03,3.860578809190446936e+00
9.905218922658312295e+03,3.860578768859078469e+00
9.905218943987991224e+03,3.860578728528999637e+00
9.905218965317670154e+03,3.860578688200208664e+00
9.905218986647349084e+03,3.860578647872704661e+00
9.905219007977028014e+03,3.860578607546487184e+00
9.905219029306708762e+03,3.860578567221554902e+00
9.905219050636387692e+03,3.860578526897913143e+00
9.905219071966066622e+03,3.860578486575558799e+00
9.905219093295745552e+03,3.860578446254493201e+00
9.905219114625424481e+03,3.860578405934714574e+00
9.905219135955103411e+03,3.860578365616224250e+00
9.905219157284784160e+03,3.860578325299018676e+00
9.905219178614463090e+03,3.860578284983104957e+00
9.905219199944142019e+03,3.860578244668479542e+00
9.905219221273820949e+03,3.860578204355142873e+00
9.905219242603499879e+03,3.860578164043094951e+00
9.905219263933180628e+03,3.860578123732331335e+00
9.905219285262859557e+03,3.860578083422861795e+00
9.905219306592538487e+03,3.860578043114680113e+00
9.905219327922217417e+03,3.860578002807788511e+00
9.905219349251896347e+03,3.860577962502184768e+00
9.905219370581577095e+03,3.860577922197867995e+00
9.905219391911256025e+03,3.860577881894844410e+00
9.905219413240934955e+03,3.860577841593110460e+00
9.905219434570613885e+03,3.860577801292666145e+00
9.905219455900292814e+03,3.860577760993510577e+00
9.905219477229971744e+03,3.860577720695646420e+00
9.905219498559652493e+03,3.860577680399068345e+00
9.905219519889331423e+03,3.860577640103784791e+00
9.905219541219010353e+03,3.860577599809791316e+00
9.905219562548689282e+03,3.860577559517088364e+00
9.905219583878368212e+03,3.860577519225675491e+00
9.905219605208048961e+03,3.860577478935550477e+00
9.905219626537727891e+03,3.860577438646719983e+00
9.905219647867406820e+03,3.860577398359179568e+00
9.905219669197085750e+03,3.860577358072931009e+00
9.905219690526764680e+03,3.860577317787974305e+00
9.905219711856443610e+03,3.860577277504308125e+00
9.905219733186124358e+03,3.860577237221930247e+00
9.905219754515803288e+03,3.860577196940847333e+00
9.905219775845482218e+03,3.860577156661056719e+00
9.905219797175161148e+03,3.860577116382557072e+00
9.905219818504840077e+03,3.860577076105350613e+00
9.905219839834520826e+03,3.860577035829432013e+00
9.905219861164199756e+03,3.860576995554809265e+00
9.905219882493878686e+03,3.860576955281478373e+00
9.905219903823557615e+03,3.860576915009441112e+00
9.905219925153236545e+03,3.860576874738695263e+00
9.905219946482915475e+03,3.860576834469243046e+00
9.905219967812596224e+03,3.860576794201079576e+00
9.905219989142275153e+03,3.860576753934213290e+00
9.905220010471954083e+03,3.860576713668640192e+00
9.905220031801633013e+03,3.860576673404359838e+00
9.905220053131311943e+03,3.860576633141373115e+00
9.905220074460992691e+03,3.860576592879676028e+00
9.905220095790671621e+03,3.860576552619276569e+00
9.905220117120350551e+03,3.860576512360170298e+00
9.905220138450029481e+03,3.860576472102358103e+00
9.905220159779708410e+03,3.860576431845840428e+00
9.905220181109389159e+03,3.860576391590612833e+00
9.905220202439068089e+03,3.860576351336682421e+00
9.905220223768747019e+03,3.860576311084047862e+00
9.905220245098425949e+03,3.860576270832706491e+00
9.905220266428104878e+03,3.860576230582660529e+00
9.905220287757783808e+03,3.860576190333908642e+00
9.905220309087464557e+03,3.860576150086448166e+00
9.905220330417143487e+03,3.860576109840285763e+00
9.905220351746822416e+03,3.860576069595419213e+00
9.905220373076501346e+03,3.860576029351848071e+00
9.905220394406180276e+03,3.860575989109571893e+00
9.905220415735861025e+03,3.860575948868587126e+00
9.905220437065539954e+03,3.860575908628901765e+00
9.905220458395218884e+03,3.860575868390512699e+00
9.905220479724897814e+03,3.860575828153419486e+00
9.905220501054576744e+03,3.860575787917621238e+00
9.905220522384255673e+03,3.860575747683120174e+00
9.905220543713936422e+03,3.860575707449911409e+00
9.905220565043615352e+03,3.860575667218002049e+00
9.905220586373294282e+03,3.860575626987389430e+00
9.905220607702973211e+03,3.860575586758073108e+00
9.905220629032652141e+03,3.860575546530054414e+00
9.905220650362332890e+03,3.860575506303328019e+00
9.905220671692011820e+03,3.860575466077902806e+00
9.905220693021690749e+03,3.860575425853774334e+00
9.905220714351369679e+03,3.860575385630943046e+00
9.905220735681048609e+03,3.860575345409408499e+00
9.905220757010727539e+03,3.860575305189172468e+00
9.905220778340408287e+03,3.860575264970229625e+00
9.905220799670087217e+03,3.860575224752587964e+00
9.905220820999766147e+03,3.860575184536244819e+00
9.905220842329445077e+03,3.860575144321199748e+00
9.905220863659124007e+03,3.860575104107451860e+00
9.905220884988804755e+03,3.860575063894998493e+00
9.905220906318483685e+03,3.860575023683848084e+00
9.905220927648162615e+03,3.860574983473995303e+00
9.905220948977841545e+03,3.860574943265441039e+00
9.905220970307520474e+03,3.860574903058185292e+00
9.905220991637199404e+03,3.860574862852228950e+00
9.905221012966880153e+03,3.860574822647567572e+00
9.905221034296559083e+03,3.860574782444209152e+00
9.905221055626238012e+03,3.860574742242149249e+00
9.905221076955916942e+03,3.860574702041388750e+00
9.905221098285595872e+03,3.860574661841928545e+00
9.905221119615276621e+03,3.860574621643763304e+00
9.905221140944955550e+03,3.860574581446901909e+00
9.905221162274634480e+03,3.860574541251339920e+00
9.905221183604313410e+03,3.860574501057077335e+00
9.905221204933992340e+03,3.860574460864115931e+00
9.905221226263673088e+03,3.860574420672450824e+00
9.905221247593352018e+03,3.860574380482088674e+00
9.905221268923030948e+03,3.860574340293027262e+00
9.905221290252709878e+03,3.860574300105267032e+00
9.905221311582388807e+03,3.860574259918806650e+00
9.905221332912067737e+03,3.860574219733647894e+00
9.905221354241748486e+03,3.860574179549785434e+00
9.905221375571427416e+03,3.860574139367228597e+00
9.905221396901106345e+03,3.860574099185972052e+00
9.905221418230785275e+03,3.860574059006016689e+00
9.905221439560464205e+03,3.860574018827363396e+00
9.905221460890144954e+03,3.860573978650007732e+00
9.905221482219823883e+03,3.860573938473957245e+00
9.905221503549502813e+03,3.860573898299207940e+00
9.905221524879181743e+03,3.860573858125761593e+00
9.905221546208860673e+03,3.860573817953616427e+00
9.905221567538539603e+03,3.860573777782773774e+00
9.905221588868220351e+03,3.860573737613229195e+00
9.905221610197899281e+03,3.860573697444991570e+00
9.905221631527578211e+03,3.860573657278056015e+00
9.905221652857257141e+03,3.860573617112422085e+00
9.905221674186936070e+03,3.860573576948092445e+00
9.905221695516616819e+03,3.860573536785060877e+00
9.905221716846295749e+03,3.860573496623336709e+00
9.905221738175974679e+03,3.860573456462915054e+00
9.905221759505653608e+03,3.860573416303796357e+00
9.905221780835332538e+03,3.860573376145981506e+00
9.905221802165011468e+03,3.860573335989470056e+00
9.905221823494692217e+03,3.860573295834258456e+00
9.905221844824371146e+03,3.860573255680354254e+00
9.905221866154050076e+03,3.860573215527754343e+00
9.905221887483729006e+03,3.860573175376457833e+00
9.905221908813407936e+03,3.860573135226465613e+00
9.905221930143088684e+03,3.860573095077774131e+00
9.905221951472767614e+03,3.860573054930390491e+00
9.905221972802446544e+03,3.860573014784310253e+00
9.905221994132125474e+03,3.860572974639535637e+00
9.905222015461804403e+03,3.860572934496065756e+00
9.905222036791485152e+03,3.860572894353897500e+00
9.905222058121164082e+03,3.860572854213036642e+00
9.905222079450843012e+03,3.860572814073481851e+00
9.905222100780521941e+03,3.860572773935231794e+00
9.905222122110200871e+03,3.860572733798286915e+00
9.905222143439879801e+03,3.860572693662647659e+00
9.905222164769560550e+03,3.860572653528310028e+00
9.905222186099239480e+03,3.860572613395282460e+00
9.905222207428918409e+03,3.860572573263560070e+00
9.905222228758597339e+03,3.860572533133143303e+00
9.905222250088276269e+03,3.860572493004033490e+00
9.905222271417957018e+03,3.860572452876225746e+00
9.905222292747635947e+03,3.860572412749727622e+00
9.905222314077314877e+03,3.860572372624536452e+00
9.905222335406993807e+03,3.860572332500650905e+00
9.905222356736672737e+03,3.860572292378073644e+00
9.905222378066351666e+03,3.860572252256801118e+00
9.905222399396032415e+03,3.860572212136833770e+00
9.905222420725711345e+03,3.860572172018176484e+00
9.905222442055390275e+03,3.860572131900825710e+00
9.905222463385069204e+03,3.860572091784782778e+00
9.905222484714748134e+03,3.860572051670047244e+00
9.905222506044428883e+03,3.860572011556615113e+00
9.905222527374107813e+03,3.860571971444494377e+00
9.905222548703786742e+03,3.860571931333681484e+00
9.905222570033465672e+03,3.860571891224176877e+00
9.905222591363144602e+03,3.860571851115980113e+00
9.905222612692823532e+03,3.860571811009091636e+00
9.905222634022504280e+03,3.860571770903507449e+00
9.905222655352183210e+03,3.860571730799235546e+00
9.905222676681862140e+03,3.860571690696272373e+00
9.905222698011541070e+03,3.860571650594617044e+00
9.905222719341219999e+03,3.860571610494270889e+00
9.905222740670900748e+03,3.860571570395229912e+00
9.905222762000579678e+03,3.860571530297501219e+00
9.905222783330258608e+03,3.860571490201082590e+00
9.905222804659937538e+03,3.860571450105972247e+00
9.905222825989616467e+03,3.860571410012171967e+00
9.905222847319295397e+03,3.860571369919680418e+00
9.905222868648976146e+03,3.860571329828495823e+00
9.905222889978655076e+03,3.860571289738623513e+00
9.905222911308334005e+03,3.860571249650062153e+00
9.905222932638012935e+03,3.860571209562809969e+00
9.905222953967691865e+03,3.860571169476867848e+00
9.905222975297372614e+03,3.860571129392232681e+00
9.905222996627051543e+03,3.860571089308911574e+00
9.905223017956730473e+03,3.860571049226900975e+00
9.905223039286409403e+03,3.860571009146200883e+00
9.905223060616088333e+03,3.860570969066811298e+00
9.905223081945769081e+03,3.860570928988728667e+00
9.905223103275448011e+03,3.860570888911961429e+00
9.905223124605126941e+03,3.860570848836504254e+00
9.905223145934805871e+03,3.860570808762359363e+00
9.905223167264484800e+03,3.860570768689524979e+00
9.905223188594163730e+03,3.860570728618002434e+00
9.905223209923844479e+03,3.860570688547787732e+00
9.905223231253523409e+03,3.860570648478888423e+00
9.905223252583202338e+03,3.860570608411300508e+00
9.905223273912881268e+03,3.860570568345025322e+00
9.905223295242560198e+03,3.860570528280061087e+00
9.905223316572240947e+03,3.860570488216406471e+00
9.905223337901919876e+03,3.860570448154068135e+00
9.905223359231598806e+03,3.860570408093040751e+00
9.905223380561277736e+03,3.860570368033326538e+00
9.905223401890956666e+03,3.860570327974925497e+00
9.905223423220635595e+03,3.860570287917836740e+00
9.905223444550316344e+03,3.860570247862057602e+00
9.905223465879995274e+03,3.860570207807594745e+00
9.905223487209674204e+03,3.860570167754445503e+00
9.905223508539353134e+03,3.860570127702608989e+00
9.905223529869032063e+03,3.860570087652086091e+00
9.905223551198712812e+03,3.860570047602873256e+00
9.905223572528391742e+03,3.860570007554978034e+00
9.905223593858070672e+03,3.860569967508395983e+00
9.905223615187749601e+03,3.860569927463128437e+00
9.905223636517428531e+03,3.860569887419174506e+00
9.905223657847107461e+03,3.860569847376535080e+00
9.905223679176788210e+03,3.860569807335205272e+00
9.905223700506467139e+03,3.860569767295194854e+00
9.905223721836146069e+03,3.860569727256498496e+00
9.905223743165824999e+03,3.860569687219116641e+00
9.905223764495503929e+03,3.860569647183048847e+00
9.905223785825184677e+03,3.860569607148293336e+00
9.905223807154863607e+03,3.860569567114856326e+00
9.905223828484542537e+03,3.860569527082733821e+00
9.905223849814221467e+03,3.860569487051927151e+00
9.905223871143900396e+03,3.860569447022435874e+00
9.905223892473581145e+03,3.860569406994256436e+00
9.905223913803260075e+03,3.860569366967395943e+00
9.905223935132939005e+03,3.860569326941851287e+00
9.905223956462617934e+03,3.860569286917622023e+00
9.905223977792296864e+03,3.860569246894709483e+00
9.905223999121975794e+03,3.860569206873112780e+00
9.905224020451656543e+03,3.860569166852828804e+00
9.905224041781335472e+03,3.860569126833865106e+00
9.905224063111014402e+03,3.860569086816216799e+00
9.905224084440693332e+03,3.860569046799886106e+00
9.905224105770372262e+03,3.860569006784872137e+00
9.905224127100053011e+03,3.860568966771171340e+00
9.905224148429731940e+03,3.860568926758790820e+00
9.905224169759410870e+03,3.860568886747727468e+00
9.905224191089089800e+03,3.860568846737980842e+00
9.905224212418768730e+03,3.860568806729552271e+00
9.905224233748447659e+03,3.860568766722440870e+00
9.905224255078128408e+03,3.860568726716643528e+00
9.905224276407807338e+03,3.860568686712167796e+00
9.905224297737486268e+03,3.860568646709009233e+00
9.905224319067165197e+03,3.860568606707169170e+00
9.905224340396844127e+03,3.860568566706646276e+00
9.905224361726524876e+03,3.860568526707439663e+00
9.905224383056203806e+03,3.860568486709553326e+00
9.905224404385882735e+03,3.860568446712986379e+00
9.905224425715561665e+03,3.860568406717737489e+00
9.905224447045240595e+03,3.860568366723807099e+00
9.905224468374919525e+03,3.860568326731195654e+00
9.905224489704600273e+03,3.860568286739900046e+00
9.905224511034279203e+03,3.860568246749926491e+00
9.905224532363958133e+03,3.860568206761272769e+00
9.905224553693637063e+03,3.860568166773937548e+00
9.905224575023315992e+03,3.860568126787922605e+00
9.905224596352996741e+03,3.860568086803223498e+00
9.905224617682675671e+03,3.860568046819846888e+00
9.905224639012354601e+03,3.860568006837791000e+00
9.905224660342033530e+03,3.860567966857054056e+00
9.905224681671712460e+03,3.860567926877637390e+00
9.905224703001391390e+03,3.860567886899541445e+00
9.905224724331072139e+03,3.860567846922761781e+00
9.905224745660751068e+03,3.860567806947305947e+00
9.905224766990429998e+03,3.860567766973170833e+00
9.905224788320108928e+03,3.860567727000356442e+00
9.905224809649787858e+03,3.860567687028862771e+00
9.905224830979468607e+03,3.860567647058686713e+00
9.905224852309147536e+03,3.860567607089834929e+00
9.905224873638826466e+03,3.860567567122303867e+00
9.905224894968505396e+03,3.860567527156094858e+00
9.905224916298184326e+03,3.860567487191206126e+00
9.905224937627865074e+03,3.860567447227636784e+00
9.905224958957544004e+03,3.860567407265391715e+00
9.905224980287222934e+03,3.860567367304468256e+00
9.905225001616901864e+03,3.860567327344867294e+00
9.905225022946580793e+03,3.860567287386587498e+00
9.905225044276259723e+03,3.860567247429630644e+00
9.905225065605940472e+03,3.860567207473992291e+00
9.905225086935619402e+03,3.860567167519679099e+00
9.905225108265298331e+03,3.860567127566689294e+00
9.905225129594977261e+03,3.860567087615021986e+00
9.905225150924656191e+03,3.860567047664677176e+00
9.905225172254336940e+03,3.860567007715651755e+00
9.905225193584015869e+03,3.860566967767952828e+00
9.905225214913694799e+03,3.860566927821576844e+00
9.905225236243373729e+03,3.860566887876523801e+00
9.905225257573052659e+03,3.860566847932794143e+00
9.905225278902731588e+03,3.860566807990388316e+00
9.905225300232412337e+03,3.860566768049302322e+00
9.905225321562091267e+03,3.860566728109543710e+00
9.905225342891770197e+03,3.860566688171108929e+00
9.905225364221449126e+03,3.860566648233998421e+00
9.905225385551128056e+03,3.860566608298211744e+00
9.905225406880808805e+03,3.860566568363745343e+00
9.905225428210487735e+03,3.860566528430607214e+00
9.905225449540166665e+03,3.860566488498792914e+00
9.905225470869845594e+03,3.860566448568303333e+00
9.905225492199524524e+03,3.860566408639139357e+00
9.905225513529203454e+03,3.860566368711299212e+00
9.905225534858884203e+03,3.860566328784780676e+00
9.905225556188563132e+03,3.860566288859591300e+00
9.905225577518242062e+03,3.860566248935726641e+00
9.905225598847920992e+03,3.860566209013186700e+00
9.905225620177599922e+03,3.860566169091973254e+00
9.905225641507280670e+03,3.860566129172081418e+00
9.905225662836959600e+03,3.860566089253518296e+00
9.905225684166638530e+03,3.860566049336281669e+00
9.905225705496317460e+03,3.860566009420370204e+00
9.905225726825996389e+03,3.860565969505784789e+00
9.905225748155677138e+03,3.860565929592522760e+00
9.905225769485356068e+03,3.860565889680590335e+00
9.905225790815034998e+03,3.860565849769983515e+00
9.905225812144713927e+03,3.860565809860703634e+00
9.905225833474392857e+03,3.860565769952750692e+00
9.905225854804071787e+03,3.860565730046124688e+00
9.905225876133752536e+03,3.860565690140821182e+00
9.905225897463431465e+03,3.860565650236848612e+00
9.905225918793110395e+03,3.860565610334202979e+00
9.905225940122789325e+03,3.860565570432885174e+00
9.905225961452468255e+03,3.860565530532895195e+00
9.905225982782149003e+03,3.860565490634228158e+00
9.905226004111827933e+03,3.860565450736892501e+00
9.905226025441506863e+03,3.860565410840884226e+00
9.905226046771185793e+03,3.860565370946204222e+00
9.905226068100864723e+03,3.860565331052852489e+00
9.905226089430543652e+03,3.860565291160828139e+00
9.905226110760224401e+03,3.860565251270129394e+00
9.905226132089903331e+03,3.860565211380761141e+00
9.905226153419582261e+03,3.860565171492722936e+00
9.905226174749261190e+03,3.860565131606012113e+00
9.905226196078940120e+03,3.860565091720630893e+00
9.905226217408620869e+03,3.860565051836574391e+00
9.905226238738299799e+03,3.860565011953850156e+00
9.905226260067978728e+03,3.860564972072455525e+00
9.905226281397657658e+03,3.860564932192390053e+00
9.905226302727336588e+03,3.860564892313653740e+00
9.905226324057015518e+03,3.860564852436247030e+00
9.905226345386696266e+03,3.860564812560166370e+00
9.905226366716375196e+03,3.860564772685418866e+00
9.905226388046054126e+03,3.860564732812000965e+00
9.905226409375733056e+03,3.860564692939913112e+00
9.905226430705411985e+03,3.860564653069155749e+00
9.905226452035092734e+03,3.860564613199724882e+00
9.905226473364771664e+03,3.860564573331627169e+00
9.905226494694450594e+03,3.860564533464860393e+00
9.905226516024129523e+03,3.860564493599424107e+00
9.905226537353808453e+03,3.860564453735318313e+00
9.905226558683487383e+03,3.860564413872543899e+00
9.905226580013168132e+03,3.860564374011095978e+00
9.905226601342847061e+03,3.860564334150983878e+00
9.905226622672525991e+03,3.860564294292201382e+00
9.905226644002204921e+03,3.860564254434751152e+00
9.905226665331883851e+03,3.860564214578632303e+00
9.905226686661564599e+03,3.860564174723840836e+00
9.905226707991243529e+03,3.860564134870385189e+00
9.905226729320922459e+03,3.860564095018260922e+00
9.905226750650601389e+03,3.860564055167468922e+00
9.905226771980280319e+03,3.860564015318008302e+00
9.905226793309961067e+03,3.860563975469876841e+00
9.905226814639639997e+03,3.860563935623081644e+00
9.905226835969318927e+03,3.860563895777617383e+00
9.905226857298997857e+03,3.860563855933487165e+00
9.905226878628676786e+03,3.860563816090688771e+00
9.905226899958355716e+03,3.860563776249223089e+00
9.905226921288036465e+03,3.860563736409087010e+00
9.905226942617715395e+03,3.860563696570286751e+00
9.905226963947394324e+03,3.860563656732819648e+00
9.905226985277073254e+03,3.860563616896686590e+00
9.905227006606752184e+03,3.860563577061886686e+00
9.905227027936432933e+03,3.860563537228416386e+00
9.905227049266111862e+03,3.860563497396283239e+00
9.905227070595790792e+03,3.860563457565483692e+00
9.905227091925469722e+03,3.860563417736018632e+00
9.905227113255148652e+03,3.860563377907886728e+00
9.905227134584827581e+03,3.860563338081089757e+00
9.905227155914508330e+03,3.860563298255622389e+00
9.905227177244187260e+03,3.860563258431493949e+00
9.905227198573866190e+03,3.860563218608699110e+00
9.905227219903545119e+03,3.860563178787240091e+00
9.905227241233224049e+03,3.860563138967114227e+00
9.905227262562904798e+03,3.860563099148320632e+00
9.905227283892583728e+03,3.860563059330865521e+00
9.905227305222262657e+03,3.860563019514745342e+00
9.905227326551941587e+03,3.860562979699959651e+00
9.905227347881620517e+03,3.860562939886509781e+00
9.905227369211299447e+03,3.860562900074394843e+00
9.905227390540980196e+03,3.860562860263612617e+00
9.905227411870659125e+03,3.860562820454169319e+00
9.905227433200338055e+03,3.860562780646062286e+00
9.905227454530016985e+03,3.860562740839290630e+00
9.905227475859695915e+03,3.860562701033855237e+00
9.905227497189376663e+03,3.860562661229752557e+00
9.905227518519055593e+03,3.860562621426989249e+00
9.905227539848734523e+03,3.860562581625562206e+00
9.905227561178413453e+03,3.860562541825471872e+00
9.905227582508092382e+03,3.860562502026718690e+00
9.905227603837773131e+03,3.860562462229298664e+00
9.905227625167452061e+03,3.860562422433218455e+00
9.905227646497130991e+03,3.860562382638475842e+00
9.905227667826809920e+03,3.860562342845070383e+00
9.905227689156488850e+03,3.860562303053001632e+00
9.905227710486167780e+03,3.860562263262270477e+00
9.905227731815848529e+03,3.860562223472873367e+00
9.905227753145527458e+03,3.860562183684818294e+00
9.905227774475206388e+03,3.860562143898099929e+00
9.905227795804885318e+03,3.860562104112719606e+00
9.905227817134564248e+03,3.860562064328676435e+00
9.905227838464244996e+03,3.860562024545969084e+00
9.905227859793923926e+03,3.860561984764602883e+00
9.905227881123602856e+03,3.860561944984575167e+00
9.905227902453281786e+03,3.860561905205885935e+00
9.905227923782960715e+03,3.860561865428534745e+00
9.905227945112639645e+03,3.860561825652522927e+00
9.905227966442320394e+03,3.860561785877846486e+00
9.905227987771999324e+03,3.860561746104512082e+00
9.905228009101678254e+03,3.860561706332517495e+00
9.905228030431357183e+03,3.860561666561861838e+00
9.905228051761036113e+03,3.860561626792545109e+00
9.905228073090716862e+03,3.860561587024564201e+00
9.905228094420395792e+03,3.860561547257926662e+00
9.905228115750074721e+03,3.860561507492628941e+00
9.905228137079753651e+03,3.860561467728671037e+00
9.905228158409432581e+03,3.860561427966053394e+00
9.905228179739111511e+03,3.860561388204775124e+00
9.905228201068792259e+03,3.860561348444833563e+00
9.905228222398471189e+03,3.860561308686235815e+00
9.905228243728150119e+03,3.860561268928978773e+00
9.905228265057829049e+03,3.860561229173062436e+00
9.905228286387507978e+03,3.860561189418486361e+00
9.905228307717188727e+03,3.860561149665248326e+00
9.905228329046867657e+03,3.860561109913354105e+00
9.905228350376546587e+03,3.860561070162800590e+00
9.905228371706225516e+03,3.860561030413588224e+00
9.905228393035904446e+03,3.860560990665717451e+00
9.905228414365583376e+03,3.860560950919188272e+00
9.905228435695264125e+03,3.860560911173997134e+00
9.905228457024943054e+03,3.860560871430150254e+00
9.905228478354621984e+03,3.860560831687646299e+00
9.905228499684300914e+03,3.860560791946483494e+00
9.905228521013979844e+03,3.860560752206662727e+00
9.905228542343660592e+03,3.860560712468180888e+00
9.905228563673339522e+03,3.860560672731045084e+00
9.905228585003018452e+03,3.860560632995251318e+00
9.905228606332697382e+03,3.860560593260799589e+00
9.905228627662376311e+03,3.860560553527691230e+00
9.905228648992057060e+03,3.860560513795921356e+00
9.905228670321735990e+03,3.860560474065498404e+00
9.905228691651414920e+03,3.860560434336417490e+00
9.905228712981093850e+03,3.860560394608680834e+00
9.905228734310772779e+03,3.860560354882287104e+00
9.905228755640451709e+03,3.860560315157236744e+00
9.905228776970132458e+03,3.860560275433525756e+00
9.905228798299811388e+03,3.860560235711162136e+00
9.905228819629490317e+03,3.860560195990142773e+00
9.905228840959169247e+03,3.860560156270466337e+00
9.905228862288848177e+03,3.860560116552134602e+00
9.905228883618528926e+03,3.860560076835143128e+00
9.905228904948207855e+03,3.860560037119499466e+00
9.905228926277886785e+03,3.860559997405199617e+00
9.905228947607565715e+03,3.860559957692244915e+00
9.905228968937244645e+03,3.860559917980634026e+00
9.905228990266923574e+03,3.860559878270368728e+00
9.905229011596604323e+03,3.860559838561444135e+00
9.905229032926283253e+03,3.860559798853867797e+00
9.905229054255962183e+03,3.860559759147637493e+00
9.905229075585641112e+03,3.860559719442751447e+00
9.905229096915320042e+03,3.860559679739210548e+00
9.905229118245000791e+03,3.860559640037011686e+00
9.905229139574679721e+03,3.860559600336162411e+00
9.905229160904358650e+03,3.860559560636658283e+00
9.905229182234037580e+03,3.860559520938500189e+00
9.905229203563716510e+03,3.860559481241687685e+00
9.905229224893395440e+03,3.860559441546221660e+00
9.905229246223076188e+03,3.860559401852098116e+00
9.905229267552755118e+03,3.860559362159324159e+00
9.905229288882434048e+03,3.860559322467897125e+00
9.905229310212112978e+03,3.860559282777815682e+00
9.905229331541791908e+03,3.860559243089081605e+00
9.905229352871472656e+03,3.860559203401690453e+00
9.905229374201151586e+03,3.860559163715649333e+00
9.905229395530830516e+03,3.860559124030956024e+00
9.905229416860509446e+03,3.860559084347608749e+00
9.905229438190188375e+03,3.860559044665609285e+00
9.905229459519869124e+03,3.860559004984954523e+00
9.905229480849548054e+03,3.860558965305649348e+00
9.905229502179226984e+03,3.860558925627691984e+00
9.905229523508905913e+03,3.860558885951082875e+00
9.905229544838584843e+03,3.860558846275821132e+00
9.905229566168263773e+03,3.860558806601907644e+00
9.905229587497944522e+03,3.860558766929338859e+00
9.905229608827623451e+03,3.860558727258121881e+00
9.905229630157302381e+03,3.860558687588253157e+00
9.905229651486981311e+03,3.860558647919732689e+00
9.905229672816660241e+03,3.860558608252560475e+00
9.905229694146340989e+03,3.860558568586733852e+00
9.905229715476019919e+03,3.860558528922259924e+00
9.905229736805698849e+03,3.860558489259134252e+00
9.905229758135377779e+03,3.860558449597357722e+00
9.905229779465056708e+03,3.860558409936930335e+00
9.905229800794735638e+03,3.860558370277852980e+00
9.905229822124416387e+03,3.860558330620120771e+00
9.905229843454095317e+03,3.860558290963741701e+00
9.905229864783774246e+03,3.860558251308712219e+00
9.905229886113453176e+03,3.860558211655033212e+00
9.905229907443132106e+03,3.860558172002702904e+00
9.905229928772812855e+03,3.860558132351719962e+00
9.905229950102491784e+03,3.860558092702090605e+00
9.905229971432170714e+03,3.860558053053811278e+00
9.905229992761849644e+03,3.860558013406882871e+00
9.905230014091528574e+03,3.860557973761304051e+00
9.905230035421207504e+03,3.860557934117077039e+00
9.905230056750888252e+03,3.860557894474196949e+00
9.905230078080567182e+03,3.860557854832670888e+00
9.905230099410246112e+03,3.860557815192495301e+00
9.905230120739925042e+03,3.860557775553671966e+00
9.905230142069603971e+03,3.860557735916199107e+00
9.905230163399284720e+03,3.860557696280073614e+00
9.905230184728963650e+03,3.860557656645304370e+00
9.905230206058642580e+03,3.860557617011886045e+00
9.905230227388321509e+03,3.860557577379819971e+00
9.905230248718000439e+03,3.860557537749104817e+00
9.905230270047681188e+03,3.860557498119738806e+00
9.905230291377360118e+03,3.860557458491728600e+00
9.905230312707039047e+03,3.860557418865070201e+00
9.905230334036717977e+03,3.860557379239763609e+00
9.905230355366396907e+03,3.860557339615810157e+00
9.905230376696075837e+03,3.860557299993209401e+00
9.905230398025756585e+03,3.860557260371956900e+00
9.905230419355435515e+03,3.860557220752062424e+00
9.905230440685114445e+03,3.860557181133519311e+00
9.905230462014793375e+03,3.860557141516329338e+00
9.905230483344472304e+03,3.860557101900493393e+00
9.905230504674153053e+03,3.860557062286007035e+00
9.905230526003831983e+03,3.860557022672877370e+00
9.905230547333510913e+03,3.860556983061101288e+00
9.905230568663189842e+03,3.860556943450678791e+00
9.905230589992868772e+03,3.860556903841610321e+00
9.905230611322547702e+03,3.860556864233895435e+00
9.905230632652228451e+03,3.860556824627531913e+00
9.905230653981907381e+03,3.860556785022525528e+00
9.905230675311586310e+03,3.860556745418873170e+00
9.905230696641265240e+03,3.860556705816575285e+00
9.905230717970944170e+03,3.860556666215631427e+00
9.905230739300624919e+03,3.860556626616039377e+00
9.905230760630303848e+03,3.860556587017805352e+00
9.905230781959982778e+03,3.860556547420927131e+00
9.905230803289661708e+03,3.860556507825402939e+00
9.905230824619340638e+03,3.860556468231233662e+00
9.905230845949019567e+03,3.860556428638420190e+00
9.905230867278700316e+03,3.860556389046958081e+00
9.905230888608379246e+03,3.860556349456854885e+00
9.905230909938058176e+03,3.860556309868108382e+00
9.905230931267737105e+03,3.860556270280716795e+00
9.905230952597416035e+03,3.860556230694681012e+00
9.905230973927096784e+03,3.860556191109997926e+00
9.905230995256775714e+03,3.860556151526674196e+00
9.905231016586454643e+03,3.860556111944706270e+00
9.905231037916133573e+03,3.860556072364095481e+00
9.905231059245812503e+03,3.860556032784841385e+00
9.905231080575491433e+03,3.860555993206943093e+00
9.905231101905172181e+03,3.860555953630398385e+00
9.905231123234851111e+03,3.860555914055213922e+00
9.905231144564530041e+03,3.860555874481386152e+00
9.905231165894208971e+03,3.860555834908915518e+00
9.905231187223887900e+03,3.860555795337802465e+00
9.905231208553568649e+03,3.860555755768042552e+00
9.905231229883247579e+03,3.860555716199644216e+00
9.905231251212926509e+03,3.860555676632603461e+00
9.905231272542605439e+03,3.860555637066920287e+00
9.905231293872284368e+03,3.860555597502594694e+00
9.905231315201965117e+03,3.860555557939623128e+00
9.905231336531644047e+03,3.860555518378013140e+00
9.905231357861322977e+03,3.860555478817761621e+00
9.905231379191001906e+03,3.860555439258868571e+00
9.905231400520680836e+03,3.860555399701333990e+00
9.905231421850359766e+03,3.860555360145157433e+00
9.905231443180040515e+03,3.860555320590336237e+00
9.905231464509719444e+03,3.860555281036877506e+00
9.905231485839398374e+03,3.860555241484777245e+00
9.905231507169077304e+03,3.860555201934036340e+00
9.905231528498756234e+03,3.860555162384654793e+00
9.905231549828436982e+03,3.860555122836628605e+00
9.905231571158115912e+03,3.860555083289964884e+00
9.905231592487794842e+03,3.860555043744660964e+00
9.905231613817473772e+03,3.860555004200716844e+00
9.905231635147152701e+03,3.860554964658132526e+00
9.905231656476831631e+03,3.860554925116907121e+00
9.905231677806512380e+03,3.860554885577039741e+00
9.905231699136191310e+03,3.860554846038535270e+00
9.905231720465870239e+03,3.860554806501390157e+00
9.905231741795549169e+03,3.860554766965606177e+00
9.905231763125228099e+03,3.860554727431183331e+00
9.905231784454908848e+03,3.860554687898116288e+00
9.905231805784587777e+03,3.860554648366413932e+00
9.905231827114266707e+03,3.860554608836072710e+00
9.905231848443945637e+03,3.860554569307091732e+00
9.905231869773624567e+03,3.860554529779472777e+00
9.905231891103303496e+03,3.860554490253213622e+00
9.905231912432984245e+03,3.860554450728313380e+00
9.905231933762663175e+03,3.860554411204777825e+00
9.905231955092342105e+03,3.860554371682604291e+00
9.905231976422021035e+03,3.860554332161791447e+00
9.905231997751699964e+03,3.860554292642341068e+00
9.905232019081380713e+03,3.860554253124248714e+00
9.905232040411059643e+03,3.860554213607522378e+00
9.905232061740738573e+03,3.860554174092157620e+00
9.905232083070417502e+03,3.860554134578154883e+00
9.905232104400096432e+03,3.860554095065515057e+00
9.905232125729777181e+03,3.860554055554234587e+00
9.905232147059456111e+03,3.860554016044319248e+00
9.905232168389135040e+03,3.860553976535768150e+00
9.905232189718813970e+03,3.860553937028578630e+00
9.905232211048492900e+03,3.860553897522752020e+00
9.905232232378171830e+03,3.860553858018289208e+00
9.905232253707852578e+03,3.860553818515186641e+00
9.905232275037531508e+03,3.860553779013450093e+00
9.905232296367210438e+03,3.860553739513076454e+00
9.905232317696889368e+03,3.860553700014067502e+00
9.905232339026568297e+03,3.860553660516421459e+00
9.905232360356249046e+03,3.860553621020136550e+00
9.905232381685927976e+03,3.860553581525218547e+00
9.905232403015606906e+03,3.860553542031665231e+00
9.905232424345285835e+03,3.860553502539475268e+00
9.905232445674964765e+03,3.860553463048650435e+00
9.905232467004643695e+03,3.860553423559189845e+00
9.905232488334324444e+03,3.860553384071089500e+00
9.905232509664003373e+03,3.860553344584357838e+00
9.905232530993682303e+03,3.860553305098991750e+00
9.905232552323361233e+03,3.860553265614989460e+00
9.905232573653040163e+03,3.860553226132353188e+00
9.905232594982720912e+03,3.860553186651078050e+00
9.905232616312399841e+03,3.860553147171172039e+00
9.905232637642078771e+03,3.860553107692631158e+00
9.905232658971757701e+03,3.860553068215455852e+00
9.905232680301436631e+03,3.860553028739645676e+00
9.905232701631115560e+03,3.860552989265201962e+00
9.905232722960796309e+03,3.860552949792120270e+00
9.905232744290475239e+03,3.860552910320408149e+00
9.905232765620154169e+03,3.860552870850062490e+00
9.905232786949833098e+03,3.860552831381082850e+00
9.905232808279512028e+03,3.860552791913469672e+00
9.905232829609192777e+03,3.860552752447219849e+00
9.905232850938871707e+03,3.860552712982340040e+00
9.905232872268550636e+03,3.860552673518826250e+00
9.905232893598229566e+03,3.860552634056679810e+00
9.905232914927908496e+03,3.860552594595900722e+00
9.905232936257587426e+03,3.860552555136488095e+00
9.905232957587268174e+03,3.860552515678439711e+00
9.905232978916947104e+03,3.860552476221761786e+00
9.905233000246626034e+03,3.860552436766451656e+00
9.905233021576304964e+03,3.860552397312508432e+00
9.905233042905983893e+03,3.860552357859933448e+00
9.905233064235664642e+03,3.860552318408723149e+00
9.905233085565343572e+03,3.860552278958883310e+00
9.905233106895022502e+03,3.860552239510412154e+00
9.905233128224701431e+03,3.860552200063309236e+00
9.905233149554380361e+03,3.860552160617575002e+00
9.905233170884061110e+03,3.860552121173205009e+00
9.905233192213740040e+03,3.860552081730207696e+00
9.905233213543418969e+03,3.860552042288578178e+00
9.905233234873097899e+03,3.860552002848317787e+00
9.905233256202776829e+03,3.860551963409426524e+00
9.905233277532455759e+03,3.860551923971904387e+00
9.905233298862136508e+03,3.860551884535747824e+00
9.905233320191815437e+03,3.860551845100964385e+00
9.905233341521494367e+03,3.860551805667549630e+00
9.905233362851173297e+03,3.860551766235504445e+00
9.905233384180852227e+03,3.860551726804828832e+00
9.905233405510532975e+03,3.860551687375520569e+00
9.905233426840211905e+03,3.860551647947584541e+00
9.905233448169890835e+03,3.860551608521019418e+00
9.905233469499569765e+03,3.860551569095823421e+00
9.905233490829248694e+03,3.860551529671998328e+00
9.905233512158927624e+03,3.860551490249543694e+00
9.905233533488608373e+03,3.860551450828455966e+00
9.905233554818287303e+03,3.860551411408742251e+00
9.905233576147966232e+03,3.860551371990398550e+00
9.905233597477645162e+03,3.860551332573427086e+00
9.905233618807324092e+03,3.860551293157825636e+00
9.905233640137004841e+03,3.860551253743591982e+00
9.905233661466683770e+03,3.860551214330732783e+00
9.905233682796362700e+03,3.860551174919244932e+00
9.905233704126041630e+03,3.860551135509129317e+00
9.905233725455720560e+03,3.860551096100384605e+00
9.905233746785399489e+03,3.860551056693011684e+00
9.905233768115080238e+03,3.860551017287007003e+00
9.905233789444759168e+03,3.860550977882378110e+00
9.905233810774438098e+03,3.860550938479121452e+00
9.905233832104117027e+03,3.860550899077236142e+00
9.905233853433795957e+03,3.860550859676723956e+00
9.905233874763476706e+03,3.860550820277579565e+00
9.905233896093155636e+03,3.860550780879811850e+00
9.905233917422834566e+03,3.860550741483417259e+00
9.905233938752513495e+03,3.860550702088394903e+00
9.905233960082192425e+03,3.860550662694745672e+00
9.905233981411873174e+03,3.860550623302466455e+00
9.905234002741552104e+03,3.860550583911563471e+00
9.905234024071231033e+03,3.860550544522032723e+00
9.905234045400909963e+03,3.860550505133876875e+00
9.905234066730588893e+03,3.860550465747093263e+00
9.905234088060267823e+03,3.860550426361684551e+00
9.905234109389948571e+03,3.860550386977645410e+00
9.905234130719627501e+03,3.860550347594983833e+00
9.905234152049306431e+03,3.860550308213695825e+00
9.905234173378985361e+03,3.860550268833782273e+00
9.905234194708664290e+03,3.860550229455242288e+00
9.905234216038345039e+03,3.860550190078074095e+00
9.905234237368023969e+03,3.860550150702283023e+00
9.905234258697702899e+03,3.860550111327866851e+00
9.905234280027381828e+03,3.860550071954825579e+00
9.905234301357060758e+03,3.860550032583159208e+00
9.905234322686739688e+03,3.860549993212867737e+00
9.905234344016420437e+03,3.860549953843948057e+00
9.905234365346099366e+03,3.860549914476407274e+00
9.905234386675778296e+03,3.860549875110240947e+00
9.905234408005457226e+03,3.860549835745450409e+00
9.905234429335136156e+03,3.860549796382035215e+00
9.905234450664816904e+03,3.860549757019992700e+00
9.905234471994495834e+03,3.860549717659329083e+00
9.905234493324174764e+03,3.860549678300041254e+00
9.905234514653853694e+03,3.860549638942130102e+00
9.905234535983532624e+03,3.860549599585594294e+00
9.905234557313211553e+03,3.860549560230435606e+00
9.905234578642892302e+03,3.860549520876649598e+00
9.905234599972571232e+03,3.860549481524243376e+00
9.905234621302250162e+03,3.860549442173213386e+00
9.905234642631929091e+03,3.860549402823560516e+00
9.905234663961608021e+03,3.860549363475284768e+00
9.905234685291288770e+03,3.860549324128382587e+00
9.905234706620967700e+03,3.860549284782861079e+00
9.905234727950646629e+03,3.860549245438716248e+00
9.905234749280325559e+03,3.860549206095948538e+00
9.905234770610004489e+03,3.860549166754559280e+00
9.905234791939683419e+03,3.860549127414547144e+00
9.905234813269364167e+03,3.860549088075909463e+00
9.905234834599043097e+03,3.860549048738652456e+00
9.905234855928722027e+03,3.860549009402774345e+00
9.905234877258400957e+03,3.860548970068273800e+00
9.905234898588079886e+03,3.860548930735151707e+00
9.905234919917760635e+03,3.860548891403404070e+00
9.905234941247439565e+03,3.860548852073038439e+00
9.905234962577118495e+03,3.860548812744051705e+00
9.905234983906797424e+03,3.860548773416442980e+00
9.905235005236476354e+03,3.860548734090214040e+00
9.905235026566157103e+03,3.860548694765359556e+00
9.905235047895836033e+03,3.860548655441888410e+00
9.905235069225514962e+03,3.860548616119795717e+00
9.905235090555193892e+03,3.860548576799082809e+00
9.905235111884872822e+03,3.860548537479748799e+00
9.905235133214551752e+03,3.860548498161795461e+00
9.905235154544232500e+03,3.860548458845217024e+00
9.905235175873911430e+03,3.860548419530022812e+00
9.905235197203590360e+03,3.860548380216207942e+00
9.905235218533269290e+03,3.860548340903773301e+00
9.905235239862948220e+03,3.860548301592718445e+00
9.905235261192628968e+03,3.860548262283040266e+00
9.905235282522307898e+03,3.860548222974746313e+00
9.905235303851986828e+03,3.860548183667832589e+00
9.905235325181665758e+03,3.860548144362300427e+00
9.905235346511344687e+03,3.860548105058148050e+00
9.905235367841023617e+03,3.860548065755376790e+00
9.905235389170704366e+03,3.860548026453982651e+00
9.905235410500383296e+03,3.860547987153973626e+00
9.905235431830062225e+03,3.860547947855345718e+00
9.905235453159741155e+03,3.860547908558098484e+00
9.905235474489420085e+03,3.860547869262233700e+00
9.905235495819100834e+03,3.860547829967746480e+00
9.905235517148779763e+03,3.860547790674643931e+00
9.905235538478458693e+03,3.860547751382924719e+00
9.905235559808137623e+03,3.860547712092585737e+00
9.905235581137816553e+03,3.860547672803629649e+00
9.905235602467495482e+03,3.860547633516055566e+00
9.905235623797176231e+03,3.860547594229860380e+00
9.905235645126855161e+03,3.860547554945051640e+00
9.905235666456534091e+03,3.860547515661624907e+00
9.905235687786213020e+03,3.860547476379580178e+00
9.905235709115891950e+03,3.860547437098919232e+00
9.905235730445572699e+03,3.860547397819637627e+00
9.905235751775251629e+03,3.860547358541741580e+00
9.905235773104930558e+03,3.860547319265229760e+00
9.905235794434609488e+03,3.860547279990100833e+00
9.905235815764288418e+03,3.860547240716355244e+00
9.905235837093969167e+03,3.860547201443989440e+00
9.905235858423648097e+03,3.860547162173011415e+00
9.905235879753327026e+03,3.860547122903415840e+00
9.905235901083005956e+03,3.860547083635205823e+00
9.905235922412684886e+03,3.860547044368378700e+00
9.905235943742363816e+03,3.860547005102936247e+00
9.905235965072044564e+03,3.860546965838874023e+00
9.905235986401723494e+03,3.860546926576199134e+00
9.905236007731402424e+03,3.860546887314910247e+00
9.905236029061081354e+03,3.860546848055004254e+00
9.905236050390760283e+03,3.860546808796483820e+00
9.905236071720441032e+03,3.860546769539344947e+00
9.905236093050119962e+03,3.860546730283593853e+00
9.905236114379798892e+03,3.860546691029228761e+00
9.905236135709477821e+03,3.860546651776247895e+00
9.905236157039156751e+03,3.860546612524653032e+00
9.905236178368835681e+03,3.860546573274443283e+00
9.905236199698516430e+03,3.860546534025615983e+00
9.905236221028195359e+03,3.860546494778176907e+00
9.905236242357874289e+03,3.860546455532124277e+00
9.905236263687553219e+03,3.860546416287457649e+00
9.905236285017232149e+03,3.860546377044176580e+00
9.905236306346912897e+03,3.860546337802278405e+00
9.905236327676591827e+03,3.860546298561770673e+00
9.905236349006270757e+03,3.860546259322648499e+00
9.905236370335949687e+03,3.860546220084912328e+00
9.905236391665628616e+03,3.860546180848563935e+00
9.905236412995307546e+03,3.860546141613601545e+00
9.905236434324988295e+03,3.860546102380022493e+00
9.905236455654667225e+03,3.860546063147834772e+00
9.905236476984346154e+03,3.860546023917033942e+00
9.905236498314025084e+03,3.860545984687619558e+00
9.905236519643704014e+03,3.860545945459592954e+00
9.905236540973384763e+03,3.860545906232950131e+00
9.905236562303063693e+03,3.860545867007698639e+00
9.905236583632742622e+03,3.860545827783835371e+00
9.905236604962421552e+03,3.860545788561358549e+00
9.905236626292100482e+03,3.860545749340270838e+00
9.905236647621779412e+03,3.860545710120571350e+00
9.905236668951460160e+03,3.860545670902255644e+00
9.905236690281139090e+03,3.860545631685331713e+00
9.905236711610818020e+03,3.860545592469796894e+00
9.905236732940496950e+03,3.860545553255650741e+00
9.905236754270175879e+03,3.860545514042892368e+00
9.905236775599856628e+03,3.860545474831519552e+00
9.905236796929535558e+03,3.860545435621539845e+00
9.905236818259214488e+03,3.860545396412948804e+00
9.905236839588893417e+03,3.860545357205747319e+00
9.905236860918572347e+03,3.860545317999934056e+00
9.905236882248253096e+03,3.860545278795507684e+00
9.905236903577932026e+03,3.860545239592473088e+00
9.905236924907610955e+03,3.860545200390828935e+00
9.905236946237289885e+03,3.860545161190575225e+00
9.905236967566968815e+03,3.860545121991710626e+00
9.905236988896647745e+03,3.860545082794235583e+00
9.905237010226328493e+03,3.860545043598148318e+00
9.905237031556007423e+03,3.860545004403453717e+00
9.905237052885686353e+03,3.860544965210149559e+00
9.905237074215365283e+03,3.860544926018236289e+00
9.905237095545044212e+03,3.860544886827713462e+00
9.905237116874724961e+03,3.860544847638577970e+00
9.905237138204403891e+03,3.860544808450836474e+00
9.905237159534082821e+03,3.860544769264486309e+00
9.905237180863761751e+03,3.860544730079526587e+00
9.905237202193440680e+03,3.860544690895958642e+00
9.905237223523119610e+03,3.860544651713781583e+00
9.905237244852800359e+03,3.860544612532993192e+00
9.905237266182479289e+03,3.860544573353599240e+00
9.905237287512158218e+03,3.860544534175597065e+00
9.905237308841837148e+03,3.860544494998987108e+00
9.905237330171516078e+03,3.860544455823768040e+00
9.905237351501196827e+03,3.860544416649938526e+00
9.905237372830875756e+03,3.860544377477504341e+00
9.905237394160554686e+03,3.860544338306462375e+00
9.905237415490233616e+03,3.860544299136813073e+00
9.905237436819912546e+03,3.860544259968555547e+00
9.905237458149591475e+03,3.860544220801691129e+00
9.905237479479272224e+03,3.860544181636216265e+00
9.905237500808951154e+03,3.860544142472137175e+00
9.905237522138630084e+03,3.860544103309451192e+00
9.905237543468309013e+03,3.860544064148158316e+00
9.905237564797987943e+03,3.860544024988258549e+00
9.905237586127668692e+03,3.860543985829749669e+00
9.905237607457347622e+03,3.860543946672636562e+00
9.905237628787026551e+03,3.860543907516917450e+00
9.905237650116705481e+03,3.860543868362592779e+00
9.905237671446384411e+03,3.860543829209660771e+00
9.905237692776065160e+03,3.860543790058120095e+00
9.905237714105744089e+03,3.860543750907976079e+00
9.905237735435423019e+03,3.860543711759226504e+00
9.905237756765101949e+03,3.860543672611871813e+00
9.905237778094780879e+03,3.860543633465910673e+00
9.905237799424459809e+03,3.860543594321344418e+00
9.905237820754140557e+03,3.860543555178170383e+00
9.905237842083819487e+03,3.860543516036393008e+00
9.905237863413498417e+03,3.860543476896010961e+00
9.905237884743177347e+03,3.860543437757024687e+00
9.905237906072856276e+03,3.860543398619432853e+00
9.905237927402537025e+03,3.860543359483233683e+00
9.905237948732215955e+03,3.860543320348432506e+00
9.905237970061894885e+03,3.860543281215027100e+00
9.905237991391573814e+03,3.860543242083017468e+00
9.905238012721252744e+03,3.860543202952403607e+00
9.905238034050931674e+03,3.860543163823185076e+00
9.905238055380612423e+03,3.860543124695359207e+00
9.905238076710291352e+03,3.860543085568933108e+00
9.905238098039970282e+03,3.860543046443903226e+00
9.905238119369649212e+03,3.860543007320269560e+00
9.905238140699328142e+03,3.860542968198033442e+00
9.905238162029008890e+03,3.860542929077189545e+00
9.905238183358687820e+03,3.860542889957745860e+00
9.905238204688366750e+03,3.860542850839698836e+00
9.905238226018045680e+03,3.860542811723048473e+00
9.905238247347724609e+03,3.860542772607795659e+00
9.905238268677403539e+03,3.860542733493939505e+00
9.905238290007084288e+03,3.860542694381477791e+00
9.905238311336763218e+03,3.860542655270417178e+00
9.905238332666442147e+03,3.860542616160753226e+00
9.905238353996121077e+03,3.860542577052488156e+00
9.905238375325800007e+03,3.860542537945619745e+00
9.905238396655480756e+03,3.860542498840146219e+00
9.905238417985159685e+03,3.860542459736074239e+00
9.905238439314838615e+03,3.860542420633399807e+00
9.905238460644517545e+03,3.860542381532124256e+00
9.905238481974196475e+03,3.860542342432247143e+00
9.905238503303875405e+03,3.860542303333768466e+00
9.905238524633556153e+03,3.860542264236684229e+00
9.905238545963235083e+03,3.860542225141003314e+00
9.905238567292914013e+03,3.860542186046720392e+00
9.905238588622592943e+03,3.860542146953837239e+00
9.905238609952271872e+03,3.860542107862352523e+00
9.905238631281952621e+03,3.860542068772263580e+00
9.905238652611631551e+03,3.860542029683577958e+00
9.905238673941310481e+03,3.860541990596291662e+00
9.905238695270989410e+03,3.860541951510404246e+00
9.905238716600668340e+03,3.860541912425917488e+00
9.905238737930349089e+03,3.860541873342826502e+00
9.905238759260028019e+03,3.860541834261139282e+00
9.905238780589706948e+03,3.860541795180851388e+00
9.905238801919385878e+03,3.860541756101964150e+00
9.905238823249064808e+03,3.860541717024477570e+00
9.905238844578743738e+03,3.860541677948390316e+00
9.905238865908424486e+03,3.860541638873701498e+00
9.905238887238103416e+03,3.860541599800416446e+00
9.905238908567782346e+03,3.860541560728531163e+00
9.905238929897461276e+03,3.860541521658047870e+00
9.905238951227140205e+03,3.860541482588965234e+00
9.905238972556820954e+03,3.860541443521280147e+00
9.905238993886499884e+03,3.860541404455000158e+00
9.905239015216178814e+03,3.860541365390120827e+00
9.905239036545857743e+03,3.860541326326643929e+00
9.905239057875536673e+03,3.860541287264567689e+00
9.905239079205215603e+03,3.860541248203893439e+00
9.905239100534896352e+03,3.860541209144618069e+00
9.905239121864575282e+03,3.860541170086747798e+00
9.905239143194254211e+03,3.860541131030280404e+00
9.905239164523933141e+03,3.860541091975214556e+00
9.905239185853612071e+03,3.860541052921550698e+00
9.905239207183292820e+03,3.860541013869285720e+00
9.905239228512971749e+03,3.860540974818427618e+00
9.905239249842650679e+03,3.860540935768971504e+00
9.905239271172329609e+03,3.860540896720918269e+00
9.905239292502008539e+03,3.860540857674267912e+00
9.905239313831687468e+03,3.860540818629020876e+00
9.905239335161368217e+03,3.860540779585174054e+00
9.905239356491047147e+03,3.860540740542732774e+00
9.905239377820726077e+03,3.860540701501696148e+00
9.905239399150405006e+03,3.860540662462061956e+00
9.905239420480083936e+03,3.860540623423831530e+00
9.905239441809764685e+03,3.860540584387002205e+00
9.905239463139443615e+03,3.860540545351579755e+00
9.905239484469122544e+03,3.860540506317561515e+00
9.905239505798801474e+03,3.860540467284947042e+00
9.905239527128480404e+03,3.860540428253737222e+00
9.905239548458161153e+03,3.860540389223928504e+00
9.905239569787840082e+03,3.860540350195526660e+00
9.905239591117519012e+03,3.860540311168529914e+00
9.905239612447197942e+03,3.860540272142938267e+00
9.905239633776876872e+03,3.860540233118751274e+00
9.905239655106555801e+03,3.860540194095968936e+00
9.905239676436236550e+03,3.860540155074588586e+00
9.905239697765915480e+03,3.860540116054616888e+00
9.905239719095594410e+03,3.860540077036050288e+00
9.905239740425273339e+03,3.860540038018889675e+00
9.905239761754952269e+03,3.860539999003134159e+00
9.905239783084633018e+03,3.860539959988781078e+00
9.905239804414311948e+03,3.860539920975836647e+00
9.905239825743990878e+03,3.860539881964298203e+00
9.905239847073669807e+03,3.860539842954166634e+00
9.905239868403348737e+03,3.860539803945441051e+00
9.905239889733027667e+03,3.860539764938121454e+00
9.905239911062708416e+03,3.860539725932204735e+00
9.905239932392387345e+03,3.860539686927698000e+00
9.905239953722066275e+03,3.860539647924597251e+00
9.905239975051745205e+03,3.860539608922904709e+00
9.905239996381424135e+03,3.860539569922617709e+00
9.905240017711104883e+03,3.860539530923734475e+00
9.905240039040783813e+03,3.860539491926262556e+00
9.905240060370462743e+03,3.860539452930197957e+00
9.905240081700141673e+03,3.860539413935539343e+00
9.905240103029820602e+03,3.860539374942289825e+00
9.905240124359499532e+03,3.860539335950446294e+00
9.905240145689180281e+03,3.860539296960008304e+00
9.905240167018859211e+03,3.860539257970980742e+00
9.905240188348538140e+03,3.860539218983362275e+00
9.905240209678217070e+03,3.860539179997151127e+00
9.905240231007896000e+03,3.860539141012348185e+00
9.905240252337576749e+03,3.860539102028949898e+00
9.905240273667255678e+03,3.860539063046963371e+00
9.905240294996934608e+03,3.860539024066385050e+00
9.905240316326613538e+03,3.860538985087216268e+00
9.905240337656292468e+03,3.860538946109456138e+00
9.905240358985971397e+03,3.860538907133104658e+00
9.905240380315652146e+03,3.860538868158159609e+00
9.905240401645331076e+03,3.860538829184625875e+00
9.905240422975010006e+03,3.860538790212501681e+00
9.905240444304688936e+03,3.860538751241787470e+00
9.905240465634367865e+03,3.860538712272481909e+00
9.905240486964048614e+03,3.860538673304583224e+00
9.905240508293727544e+03,3.860538634338098074e+00
9.905240529623406474e+03,3.860538595373022019e+00
9.905240550953085403e+03,3.860538556409355504e+00
9.905240572282764333e+03,3.860538517447100304e+00
9.905240593612445082e+03,3.860538478486251535e+00
9.905240614942124012e+03,3.860538439526815857e+00
9.905240636271802941e+03,3.860538400568791495e+00
9.905240657601481871e+03,3.860538361612176672e+00
9.905240678931160801e+03,3.860538322656973165e+00
9.905240700260839731e+03,3.860538283703180973e+00
9.905240721590520479e+03,3.860538244750795212e+00
9.905240742920199409e+03,3.860538205799824762e+00
9.905240764249878339e+03,3.860538166850265185e+00
9.905240785579557269e+03,3.860538127902116479e+00
9.905240806909236198e+03,3.860538088955380420e+00
9.905240828238916947e+03,3.860538050010051681e+00
9.905240849568595877e+03,3.860538011066137809e+00
9.905240870898274807e+03,3.860537972123635697e+00
9.905240892227953736e+03,3.860537933182545345e+00
9.905240913557632666e+03,3.860537894242867640e+00
9.905240934887311596e+03,3.860537855304601695e+00
9.905240956216992345e+03,3.860537816367744846e+00
9.905240977546671274e+03,3.860537777432302864e+00
9.905240998876350204e+03,3.860537738498274418e+00
9.905241020206029134e+03,3.860537699565658620e+00
9.905241041535708064e+03,3.860537660634454138e+00
9.905241062865388812e+03,3.860537621704660971e+00
9.905241084195067742e+03,3.860537582776282672e+00
9.905241105524746672e+03,3.860537543849317466e+00
9.905241126854425602e+03,3.860537504923766239e+00
9.905241148184104532e+03,3.860537465999628104e+00
9.905241169513783461e+03,3.860537427076903505e+00
9.905241190843464210e+03,3.860537388155589777e+00
9.905241212173143140e+03,3.860537349235691806e+00
9.905241233502822070e+03,3.860537310317208259e+00
9.905241254832500999e+03,3.860537271400137804e+00
9.905241276162179929e+03,3.860537232484482217e+00
9.905241297491860678e+03,3.860537193570237946e+00
9.905241318821539608e+03,3.860537154657410319e+00
9.905241340151218537e+03,3.860537115745997117e+00
9.905241361480897467e+03,3.860537076835999226e+00
9.905241382810576397e+03,3.860537037927414428e+00
9.905241404140257146e+03,3.860536999020242277e+00
9.905241425469936075e+03,3.860536960114488103e+00
9.905241446799615005e+03,3.860536921210148797e+00
9.905241468129293935e+03,3.860536882307224804e+00
9.905241489458972865e+03,3.860536843405716567e+00
9.905241510788651794e+03,3.860536804505622310e+00
9.905241532118332543e+03,3.860536765606941145e+00
9.905241553448011473e+03,3.860536726709678401e+00
9.905241574777690403e+03,3.860536687813831414e+00
9.905241596107369332e+03,3.860536648919400626e+00
9.905241617437048262e+03,3.860536610026385596e+00
9.905241638766729011e+03,3.860536571134783212e+00
9.905241660096407941e+03,3.860536532244600139e+00
9.905241681426086870e+03,3.860536493355834153e+00
9.905241702755765800e+03,3.860536454468483925e+00
9.905241724085444730e+03,3.860536415582549896e+00
9.905241745415123660e+03,3.860536376698033401e+00
9.905241766744804409e+03,3.860536337814929109e+00
9.905241788074483338e+03,3.860536298933246346e+00
9.905241809404162268e+03,3.860536260052980229e+00
9.905241830733841198e+03,3.860536221174131200e+00
9.905241852063520128e+03,3.860536182296698815e+00
9.905241873393200876e+03,3.860536143420680855e+00
9.905241894722879806e+03,3.860536104546083980e+00
9.905241916052558736e+03,3.860536065672904638e+00
9.905241937382237666e+03,3.860536026801142828e+00
9.905241958711916595e+03,3.860535987930798996e+00
9.905241980041595525e+03,3.860535949061872696e+00
9.905242001371276274e+03,3.860535910194361708e+00
9.905242022700955204e+03,3.860535871328271806e+00
9.905242044030634133e+03,3.860535832463601214e+00
9.905242065360313063e+03,3.860535793600348153e+00
9.905242086689991993e+03,3.860535754738513958e+00
9.905242108019672742e+03,3.860535715878094631e+00
9.905242129349351671e+03,3.860535677019097278e+00
9.905242150679030601e+03,3.860535638161519678e+00
9.905242172008709531e+03,3.860535599305360943e+00
9.905242193338388461e+03,3.860535560450621073e+00
9.905242214668067390e+03,3.860535521597300512e+00
9.905242235997748139e+03,3.860535482745396152e+00
9.905242257327427069e+03,3.860535443894914653e+00
9.905242278657105999e+03,3.860535405045852020e+00
9.905242299986784928e+03,3.860535366198210028e+00
9.905242321316463858e+03,3.860535327351987345e+00
9.905242342646144607e+03,3.860535288507181750e+00
9.905242363975823537e+03,3.860535249663799462e+00
9.905242385305502467e+03,3.860535210821837815e+00
9.905242406635181396e+03,3.860535171981296365e+00
9.905242427964860326e+03,3.860535133142174669e+00
9.905242449294541075e+03,3.860535094304470505e+00
9.905242470624220005e+03,3.860535055468190535e+00
9.905242491953898934e+03,3.860535016633331651e+00
9.905242513283577864e+03,3.860534977799892964e+00
9.905242534613256794e+03,3.860534938967876251e+00
9.905242555942935724e+03,3.860534900137280179e+00
9.905242577272616472e+03,3.860534861308102084e+00
9.905242598602295402e+03,3.860534822480349071e+00
9.905242619931974332e+03,3.860534783654016699e+00
9.905242641261653262e+03,3.860534744829106746e+00
9.905242662591332191e+03,3.860534706005618322e+00
9.905242683921012940e+03,3.860534667183548763e+00
9.905242705250691870e+03,3.860534628362903842e+00
9.905242726580370800e+03,3.860534589543681339e+00
9.905242747910049729e+03,3.860534550725881253e+00
9.905242769239728659e+03,3.860534511909503586e+00
9.905242790569407589e+03,3.860534473094548336e+00
9.905242811899088338e+03,3.860534434281011951e+00
9.905242833228767267e+03,3.860534395468902424e+00
9.905242854558446197e+03,3.860534356658215316e+00
9.905242875888125127e+03,3.860534317848951069e+00
9.905242897217804057e+03,3.860534279041109684e+00
9.905242918547484805e+03,3.860534240234688497e+00
9.905242939877163735e+03,3.860534201429694612e+00
9.905242961206842665e+03,3.860534162626122701e+00
9.905242982536521595e+03,3.860534123823975428e+00
9.905243003866200524e+03,3.860534085023251460e+00
9.905243025195879454e+03,3.860534046223951687e+00
9.905243046525560203e+03,3.860534007426071668e+00
9.905243067855239133e+03,3.860533968629619839e+00
9.905243089184918063e+03,3.860533929834591760e+00
9.905243110514596992e+03,3.860533891040988319e+00
9.905243131844275922e+03,3.860533852248808184e+00
9.905243153173956671e+03,3.860533813458050467e+00
9.905243174503635601e+03,3.860533774668719609e+00
9.905243195833314530e+03,3.860533735880814277e+00
9.905243217162993460e+03,3.860533697094333139e+00
9.905243238492672390e+03,3.860533658309277971e+00
9.905243259822353139e+03,3.860533619525644333e+00
9.905243281152032068e+03,3.860533580743438886e+00
9.905243302481710998e+03,3.860533541962658521e+00
9.905243323811389928e+03,3.860533503183304127e+00
9.905243345141068858e+03,3.860533464405374815e+00
9.905243366470747787e+03,3.860533425628871473e+00
9.905243387800428536e+03,3.860533386853790550e+00
9.905243409130107466e+03,3.860533348080139149e+00
9.905243430459786396e+03,3.860533309307913274e+00
9.905243451789465325e+03,3.860533270537113371e+00
9.905243473119144255e+03,3.860533231767740769e+00
9.905243494448825004e+03,3.860533192999790142e+00
9.905243515778503934e+03,3.860533154233269926e+00
9.905243537108182863e+03,3.860533115468177012e+00
9.905243558437861793e+03,3.860533076704509625e+00
9.905243579767540723e+03,3.860533037942269985e+00
9.905243601097219653e+03,3.860532999181456759e+00
9.905243622426900401e+03,3.860532960422067728e+00
9.905243643756579331e+03,3.860532921664108663e+00
9.905243665086258261e+03,3.860532882907577790e+00
9.905243686415937191e+03,3.860532844152474663e+00
9.905243707745616121e+03,3.860532805398797507e+00
9.905243729075296869e+03,3.860532766646545877e+00
9.905243750404975799e+03,3.860532727895725102e+00
9.905243771734654729e+03,3.860532689146332075e+00
9.905243793064333659e+03,3.860532650398368126e+00
9.905243814394012588e+03,3.860532611651831036e+00
9.905243835723691518e+03,3.860532572906722582e+00
9.905243857053372267e+03,3.860532534163040097e+00
9.905243878383051197e+03,3.860532495420788468e+00
9.905243899712730126e+03,3.860532456679965918e+00
9.905243921042409056e+03,3.860532417940572447e+00
9.905243942372087986e+03,3.860532379202607611e+00
9.905243963701768735e+03,3.860532340466067858e+00
9.905243985031447664e+03,3.860532301730961624e+00
9.905244006361126594e+03,3.860532262997284025e+00
9.905244027690805524e+03,3.860532224265035950e+00
9.905244049020484454e+03,3.860532185534216953e+00
9.905244070350163383e+03,3.860532146804827924e+00
9.905244091679844132e+03,3.860532108076865754e+00
9.905244113009523062e+03,3.860532069350335771e+00
9.905244134339201992e+03,3.860532030625236199e+00
9.905244155668880921e+03,3.860531991901566595e+00
9.905244176998559851e+03,3.860531953179327402e+00
9.905244198328240600e+03,3.860531914458515068e+00
9.905244219657919530e+03,3.860531875739137142e+00
9.905244240987598459e+03,3.860531837021188739e+00
9.905244262317277389e+03,3.860531798304671636e+00
9.905244283646956319e+03,3.860531759589585388e+00
9.905244304976637068e+03,3.860531720875925998e+00
9.905244326306315997e+03,3.860531682163701461e+00
9.905244347635994927e+03,3.860531643452908224e+00
9.905244368965673857e+03,3.860531604743545842e+00
9.905244390295352787e+03,3.860531566035615647e+00
9.905244411625031717e+03,3.860531527329115864e+00
9.905244432954712465e+03,3.860531488624044716e+00
9.905244454284391395e+03,3.860531449920409308e+00
9.905244475614070325e+03,3.860531411218204756e+00
9.905244496943749255e+03,3.860531372517433280e+00
9.905244518273428184e+03,3.860531333818093103e+00
9.905244539603108933e+03,3.860531295120181561e+00
9.905244560932787863e+03,3.860531256423706203e+00
9.905244582262466793e+03,3.860531217728663478e+00
9.905244603592145722e+03,3.860531179035053384e+00
9.905244624921824652e+03,3.860531140342875034e+00
9.905244646251503582e+03,3.860531101652130204e+00
9.905244667581184331e+03,3.860531062962815341e+00
9.905244688910863260e+03,3.860531024274936662e+00
9.905244710240542190e+03,3.860530985588490172e+00
9.905244731570221120e+03,3.860530946903477645e+00
9.905244752899900050e+03,3.860530908219898194e+00
9.905244774229580798e+03,3.860530869537749599e+00
9.905244795559259728e+03,3.860530830857038076e+00
9.905244816888938658e+03,3.860530792177760073e+00
9.905244838218617588e+03,3.860530753499915591e+00
9.905244859548296517e+03,3.860530714823505516e+00
9.905244880877975447e+03,3.860530676148528961e+00
9.905244902207656196e+03,3.860530637474983262e+00
9.905244923537335126e+03,3.860530598802875524e+00
9.905244944867014055e+03,3.860530560132202194e+00
9.905244966196692985e+03,3.860530521462964160e+00
9.905244987526371915e+03,3.860530482795159646e+00
9.905245008856052664e+03,3.860530444128787764e+00
9.905245030185731594e+03,3.860530405463853842e+00
9.905245051515410523e+03,3.860530366800354329e+00
9.905245072845089453e+03,3.860530328138290557e+00
9.905245094174768383e+03,3.860530289477661636e+00
9.905245115504449132e+03,3.860530250818464904e+00
9.905245136834128061e+03,3.860530212160707464e+00
9.905245158163806991e+03,3.860530173504385765e+00
9.905245179493485921e+03,3.860530134849498918e+00
9.905245200823164851e+03,3.860530096196048255e+00
9.905245222152843780e+03,3.860530057544034221e+00
9.905245243482524529e+03,3.860530018893452819e+00
9.905245264812203459e+03,3.860529980244310266e+00
9.905245286141882389e+03,3.860529941596605230e+00
9.905245307471561318e+03,3.860529902950335490e+00
9.905245328801240248e+03,3.860529864305502823e+00
9.905245350130920997e+03,3.860529825662104120e+00
9.905245371460599927e+03,3.860529787020145154e+00
9.905245392790278856e+03,3.860529748379622372e+00
9.905245414119957786e+03,3.860529709740537552e+00
9.905245435449636716e+03,3.860529671102889804e+00
9.905245456779315646e+03,3.860529632466679129e+00
9.905245478108996394e+03,3.860529593831902861e+00
9.905245499438675324e+03,3.860529555198567220e+00
9.905245520768354254e+03,3.860529516566669539e+00
9.905245542098033184e+03,3.860529477936208931e+00
9.905245563427712113e+03,3.860529439307186728e+00
9.905245584757392862e+03,3.860529400679598933e+00
9.905245606087071792e+03,3.860529362053453095e+00
9.905245627416750722e+03,3.860529323428745663e+00
9.905245648746429652e+03,3.860529284805475747e+00
9.905245670076108581e+03,3.860529246183644680e+00
9.905245691405787511e+03,3.860529207563252463e+00
9.905245712735468260e+03,3.860529168944295542e+00
9.905245734065147190e+03,3.860529130326781022e+00
9.905245755394826119e+03,3.860529091710704908e+00
9.905245776724505049e+03,3.860529053096067642e+00
9.905245798054183979e+03,3.860529014482870558e+00
9.905245819383864728e+03,3.860528975871108770e+00
9.905245840713543657e+03,3.860528937260789828e+00
9.905245862043222587e+03,3.860528898651911067e+00
9.905245883372901517e+03,3.860528860044471156e+00
9.905245904702580447e+03,3.860528821438471425e+00
9.905245926032259376e+03,3.860528782833911432e+00
9.905245947361940125e+03,3.860528744230788067e+00
9.905245968691619055e+03,3.860528705629107993e+00
9.905245990021297985e+03,3.860528667028868988e+00
9.905246011350976914e+03,3.860528628430069720e+00
9.905246032680655844e+03,3.860528589832711521e+00
9.905246054010336593e+03,3.860528551236789951e+00
9.905246075340015523e+03,3.860528512642312116e+00
9.905246096669694452e+03,3.860528474049276237e+00
9.905246117999373382e+03,3.860528435457680541e+00
9.905246139329052312e+03,3.860528396867526357e+00
9.905246160658733061e+03,3.860528358278809691e+00
9.905246181988411990e+03,3.860528319691538091e+00
9.905246203318090920e+03,3.860528281105708004e+00
9.905246224647769850e+03,3.860528242521318987e+00
9.905246245977448780e+03,3.860528203938371483e+00
9.905246267307127710e+03,3.860528165356866381e+00
9.905246288636808458e+03,3.860528126776799684e+00
9.905246309966487388e+03,3.860528088198178498e+00
9.905246331296166318e+03,3.860528049620999269e+00
9.905246352625845248e+03,3.860528011045261998e+00
9.905246373955524177e+03,3.860527972470967573e+00
9.905246395285204926e+03,3.860527933898111552e+00
9.905246416614883856e+03,3.860527895326702819e+00
9.905246437944562786e+03,3.860527856756736043e+00
9.905246459274241715e+03,3.860527818188212112e+00
9.905246480603920645e+03,3.860527779621131028e+00
9.905246501933599575e+03,3.860527741055493234e+00
9.905246523263280324e+03,3.860527702491295621e+00
9.905246544592959253e+03,3.860527663928544406e+00
9.905246565922638183e+03,3.860527625367236926e+00
9.905246587252317113e+03,3.860527586807372735e+00
9.905246608581996043e+03,3.860527548248951835e+00
9.905246629911676791e+03,3.860527509691972003e+00
9.905246651241355721e+03,3.860527471136439015e+00
9.905246672571034651e+03,3.860527432582350205e+00
9.905246693900713581e+03,3.860527394029705572e+00
9.905246715230392510e+03,3.860527355478505118e+00
9.905246736560071440e+03,3.860527316928749286e+00
9.905246757889752189e+03,3.860527278380434968e+00
9.905246779219431119e+03,3.860527239833568380e+00
9.905246800549110048e+03,3.860527201288145971e+00
9.905246821878788978e+03,3.860527162744169516e+00
9.905246843208467908e+03,3.860527124201637239e+00
9.905246864538148657e+03,3.860527085660546920e+00
9.905246885867827586e+03,3.860527047120904776e+00
9.905246907197506516e+03,3.860527008582708142e+00
9.905246928527185446e+03,3.860526970045957018e+00
9.905246949856864376e+03,3.860526931510652293e+00
9.905246971186545125e+03,3.860526892976789082e+00
9.905246992516224054e+03,3.860526854444375378e+00
9.905247013845902984e+03,3.860526815913406740e+00
9.905247035175581914e+03,3.860526777383884500e+00
9.905247056505260844e+03,3.860526738855808659e+00
9.905247077834939773e+03,3.860526700329179661e+00
9.905247099164620522e+03,3.860526661803993065e+00
9.905247120494299452e+03,3.860526623280255976e+00
9.905247141823978382e+03,3.860526584757966617e+00
9.905247163153657311e+03,3.860526546237123213e+00
9.905247184483336241e+03,3.860526507717726652e+00
9.905247205813016990e+03,3.860526469199774269e+00
9.905247227142695920e+03,3.860526430683272281e+00
9.905247248472374849e+03,3.860526392168217136e+00
9.905247269802053779e+03,3.860526353654609277e+00
9.905247291131732709e+03,3.860526315142449594e+00
9.905247312461411639e+03,3.860526276631736753e+00
9.905247333791092387e+03,3.860526238122468534e+00
9.905247355120771317e+03,3.860526199614652043e+00
9.905247376450450247e+03,3.860526161108282839e+00
9.905247397780129177e+03,3.860526122603361365e+00
9.905247419109808106e+03,3.860526084099888511e+00
9.905247440439488855e+03,3.860526045597860723e+00
9.905247461769167785e+03,3.860526007097283774e+00
9.905247483098846715e+03,3.860525968598156776e+00
9.905247504428525644e+03,3.860525930100477066e+00
9.905247525758204574e+03,3.860525891604246862e+00
9.905247547087883504e+03,3.860525853109466166e+00
9.905247568417564253e+03,3.860525814616129647e+00
9.905247589747243183e+03,3.860525776124246633e+00
9.905247611076922112e+03,3.860525737633812682e+00
9.905247632406601042e+03,3.860525699144827794e+00
9.905247653736279972e+03,3.860525660657292857e+00
9.905247675065960721e+03,3.860525622171203430e+00
9.905247696395639650e+03,3.860525583686567952e+00
9.905247717725318580e+03,3.860525545203381537e+00
9.905247739054997510e+03,3.860525506721645073e+00
9.905247760384676440e+03,3.860525468241359448e+00
9.905247781714355369e+03,3.860525429762523775e+00
9.905247803044036118e+03,3.860525391285134056e+00
9.905247824373715048e+03,3.860525352809198729e+00
9.905247845703393978e+03,3.860525314334714242e+00
9.905247867033072907e+03,3.860525275861680150e+00
9.905247888362751837e+03,3.860525237390096898e+00
9.905247909692432586e+03,3.860525198919960932e+00
9.905247931022111516e+03,3.860525160451279802e+00
9.905247952351790445e+03,3.860525121984049512e+00
9.905247973681469375e+03,3.860525083518270506e+00
9.905247995011148305e+03,3.860525045053942783e+00
9.905248016340829054e+03,3.860525006591063235e+00
9.905248037670507983e+03,3.860524968129638523e+00
9.905248059000186913e+03,3.860524929669665983e+00
9.905248080329865843e+03,3.860524891211144283e+00
9.905248101659544773e+03,3.860524852754075198e+00
9.905248122989223702e+03,3.860524814298458285e+00
9.905248144318904451e+03,3.860524775844289991e+00
9.905248165648583381e+03,3.860524737391576977e+00
9.905248186978262311e+03,3.860524698940317023e+00
9.905248208307941240e+03,3.860524660490508797e+00
9.905248229637620170e+03,3.860524622042154075e+00
9.905248250967300919e+03,3.860524583595248416e+00
9.905248272296979849e+03,3.860524545149798481e+00
9.905248293626658779e+03,3.860524506705802494e+00
9.905248314956337708e+03,3.860524468263259568e+00
9.905248336286016638e+03,3.860524429822169257e+00
9.905248357615695568e+03,3.860524391382532450e+00
9.905248378945376317e+03,3.860524352944346038e+00
9.905248400275055246e+03,3.860524314507616239e+00
9.905248421604734176e+03,3.860524276072340388e+00
9.905248442934413106e+03,3.860524237638518485e+00
9.905248464264092036e+03,3.860524199206150531e+00
9.905248485593772784e+03,3.860524160775232527e+00
9.905248506923451714e+03,3.860524122345772469e+00
9.905248528253130644e+03,3.860524083917767246e+00
9.905248549582809574e+03,3.860524045491216416e+00
9.905248570912488503e+03,3.860524007066119090e+00
9.905248592242167433e+03,3.860523968642477044e+00
9.905248613571848182e+03,3.860523930220286726e+00
9.905248634901527112e+03,3.860523891799554796e+00
9.905248656231206041e+03,3.860523853380277259e+00
9.905248677560884971e+03,3.860523814962454558e+00
9.905248698890563901e+03,3.860523776546088470e+00
9.905248720220244650e+03,3.860523738131172777e+00
9.905248741549923579e+03,3.860523699717716362e+00
9.905248762879602509e+03,3.860523661305716114e+00
9.905248784209281439e+03,3.860523622895171147e+00
9.905248805538960369e+03,3.860523584486082349e+00
9.905248826868641117e+03,3.860523546078445722e+00
9.905248848198320047e+03,3.860523507672268817e+00
9.905248869527998977e+03,3.860523469267548080e+00
9.905248890857677907e+03,3.860523430864283068e+00
9.905248912187356837e+03,3.860523392462474668e+00
9.905248933517035766e+03,3.860523354062123769e+00
9.905248954846716515e+03,3.860523315663225485e+00
9.905248976176395445e+03,3.860523277265786923e+00
9.905248997506074375e+03,3.860523238869805418e+00
9.905249018835753304e+03,3.860523200475281413e+00
9.905249040165432234e+03,3.860523162082214021e+00
9.905249061495112983e+03,3.860523123690601466e+00
9.905249082824791913e+03,3.860523085300448187e+00
9.905249104154470842e+03,3.860523046911753298e+00
9.905249125484149772e+03,3.860523008524515465e+00
9.905249146813828702e+03,3.860522970138735577e+00
9.905249168143507632e+03,3.860522931754413634e+00
9.905249189473188380e+03,3.860522893371546527e+00
9.905249210802867310e+03,3.860522854990140473e+00
9.905249232132546240e+03,3.860522816610192365e+00
9.905249253462225170e+03,3.860522778231703089e+00
9.905249274791904099e+03,3.860522739854671759e+00
9.905249296121584848e+03,3.860522701479096153e+00
9.905249317451263778e+03,3.860522663104982488e+00
9.905249338780942708e+03,3.860522624732327213e+00
9.905249360110621637e+03,3.860522586361131214e+00
9.905249381440300567e+03,3.860522547991393161e+00
9.905249402769979497e+03,3.860522509623114829e+00
9.905249424099660246e+03,3.860522471256293109e+00
9.905249445429339175e+03,3.860522432890933331e+00
9.905249466759018105e+03,3.860522394527033274e+00
9.905249488088697035e+03,3.860522356164592939e+00
9.905249509418375965e+03,3.860522317803612324e+00
9.905249530748056713e+03,3.860522279444087879e+00
9.905249552077735643e+03,3.860522241086026707e+00
9.905249573407414573e+03,3.860522202729426144e+00
9.905249594737093503e+03,3.860522164374284859e+00
9.905249616066772433e+03,3.860522126020604627e+00
9.905249637396451362e+03,3.860522087668384561e+00
9.905249658726132111e+03,3.860522049317621551e+00
9.905249680055811041e+03,3.860522010968322704e+00
9.905249701385489971e+03,3.860521972620484465e+00
9.905249722715168900e+03,3.860521934274106837e+00
9.905249744044847830e+03,3.860521895929190261e+00
9.905249765374528579e+03,3.860521857585732075e+00
9.905249786704207509e+03,3.860521819243738495e+00
9.905249808033886438e+03,3.860521780903205524e+00
9.905249829363565368e+03,3.860521742564134939e+00
9.905249850693244298e+03,3.860521704226525408e+00
9.905249872022925047e+03,3.860521665890373821e+00
9.905249893352603976e+03,3.860521627555687285e+00
9.905249914682282906e+03,3.860521589222464023e+00
9.905249936011961836e+03,3.860521550890701814e+00
9.905249957341640766e+03,3.860521512560402435e+00
9.905249978671319695e+03,3.860521474231564554e+00
9.905250000001000444e+03,3.860521435904185950e+00
9.905250021330679374e+03,3.860521397578272840e+00
9.905250042660358304e+03,3.860521359253823004e+00
9.905250063990037233e+03,3.860521320930835554e+00
9.905250085319716163e+03,3.860521282609311822e+00
9.905250106649396912e+03,3.860521244289246923e+00
9.905250127979075842e+03,3.860521205970648850e+00
9.905250149308754771e+03,3.860521167653513608e+00
9.905250170638433701e+03,3.860521129337841639e+00
9.905250191968112631e+03,3.860521091023633389e+00
9.905250213297791561e+03,3.860521052710889300e+00
9.905250234627472310e+03,3.860521014399604933e+00
9.905250255957151239e+03,3.860520976089787837e+00
9.905250277286830169e+03,3.860520937781434014e+00
9.905250298616509099e+03,3.860520899474545242e+00
9.905250319946188029e+03,3.860520861169120188e+00
9.905250341275868777e+03,3.860520822865156187e+00
9.905250362605547707e+03,3.860520784562659902e+00
9.905250383935226637e+03,3.860520746261628666e+00
9.905250405264905567e+03,3.860520707962061149e+00
9.905250426594584496e+03,3.860520669663958682e+00
9.905250447924263426e+03,3.860520631367321709e+00
9.905250469253944175e+03,3.860520593072144901e+00
9.905250490583623105e+03,3.860520554778438029e+00
9.905250511913302034e+03,3.860520516486195319e+00
9.905250533242980964e+03,3.860520478195418548e+00
9.905250554572659894e+03,3.860520439906107271e+00
9.905250575902340643e+03,3.860520401618258823e+00
9.905250597232019572e+03,3.860520363331878091e+00
9.905250618561698502e+03,3.860520325046964185e+00
9.905250639891377432e+03,3.860520286763515774e+00
9.905250661221056362e+03,3.860520248481532857e+00
9.905250682550737110e+03,3.860520210201013658e+00
9.905250703880416040e+03,3.860520171921963950e+00
9.905250725210094970e+03,3.860520133644380181e+00
9.905250746539773900e+03,3.860520095368262794e+00
9.905250767869452829e+03,3.860520057093612678e+00
9.905250789199131759e+03,3.860520018820428501e+00
9.905250810528812508e+03,3.860519980548708929e+00
9.905250831858491438e+03,3.860519942278458849e+00
9.905250853188170368e+03,3.860519904009676040e+00
9.905250874517849297e+03,3.860519865742360501e+00
9.905250895847528227e+03,3.860519827476512233e+00
9.905250917177208976e+03,3.860519789212129016e+00
9.905250938506887906e+03,3.860519750949215734e+00
9.905250959836566835e+03,3.860519712687769722e+00
9.905250981166245765e+03,3.860519674427792314e+00
9.905251002495924695e+03,3.860519636169283064e+00
9.905251023825603625e+03,3.860519597912241085e+00
9.905251045155284373e+03,3.860519559656663713e+00
9.905251066484963303e+03,3.860519521402559384e+00
9.905251087814642233e+03,3.860519483149921882e+00
9.905251109144321163e+03,3.860519444898753871e+00
9.905251130474000092e+03,3.860519406649054019e+00
9.905251151803680841e+03,3.860519368400819218e+00
9.905251173133359771e+03,3.860519330154057460e+00
9.905251194463038701e+03,3.860519291908764306e+00
9.905251215792717630e+03,3.860519253664940198e+00
9.905251237122396560e+03,3.860519215422585138e+00
9.905251258452075490e+03,3.860519177181700012e+00
9.905251279781756239e+03,3.860519138942280382e+00
9.905251301111435168e+03,3.860519100704333351e+00
9.905251322441114098e+03,3.860519062467856699e+00
9.905251343770793028e+03,3.860519024232849539e+00
9.905251365100471958e+03,3.860518985999311870e+00
9.905251386430152706e+03,3.860518947767241471e+00
9.905251407759831636e+03,3.860518909536644561e+00
9.905251429089510566e+03,3.860518871307518030e+00
9.905251450419189496e+03,3.860518833079860990e+00
9.905251471748868425e+03,3.860518794853675661e+00
9.905251493078547355e+03,3.860518756628960269e+00
9.905251514408228104e+03,3.860518718405712146e+00
9.905251535737907034e+03,3.860518680183938400e+00
9.905251557067585964e+03,3.860518641963635478e+00
9.905251578397264893e+03,3.860518603744804267e+00
9.905251599726943823e+03,3.860518565527443879e+00
9.905251621056624572e+03,3.860518527311551207e+00
9.905251642386303502e+03,3.860518489097133799e+00
9.905251663715982431e+03,3.860518450884187658e+00
9.905251685045661361e+03,3.860518412672713229e+00
9.905251706375340291e+03,3.860518374462710511e+00
9.905251727705021040e+03,3.860518336254175953e+00
9.905251749034699969e+03,3.860518298047117103e+00
9.905251770364378899e+03,3.860518259841530408e+00
9.905251791694057829e+03,3.860518221637415870e+00
9.905251813023736759e+03,3.860518183434774375e+00
9.905251834353415688e+03,3.860518145233604148e+00
9.905251855683096437e+03,3.860518107033903856e+00
9.905251877012775367e+03,3.860518068835679717e+00
9.905251898342454297e+03,3.860518030638928177e+00
9.905251919672133226e+03,3.860517992443649682e+00
9.905251941001812156e+03,3.860517954249844230e+00
9.905251962331492905e+03,3.860517916057509158e+00
9.905251983661171835e+03,3.860517877866650238e+00
9.905252004990850764e+03,3.860517839677263918e+00
9.905252026320529694e+03,3.860517801489352863e+00
9.905252047650208624e+03,3.860517763302913963e+00
9.905252068979887554e+03,3.860517725117949883e+00
9.905252090309568302e+03,3.860517686934455295e+00
9.905252111639247232e+03,3.860517648752439523e+00
9.905252132968926162e+03,3.860517610571896796e+00
9.905252154298605092e+03,3.860517572392828445e+00
9.905252175628284022e+03,3.860517534215234470e+00
9.905252196957964770e+03,3.860517496039111318e+00
9.905252218287643700e+03,3.860517457864466984e+00
9.905252239617322630e+03,3.860517419691296581e+00
9.905252260947001560e+03,3.860517381519600999e+00
9.905252282276680489e+03,3.860517343349380237e+00
9.905252303606359419e+03,3.860517305180635184e+00
9.905252324936040168e+03,3.860517267013361842e+00
9.905252346265719098e+03,3.860517228847567317e+00
9.905252367595398027e+03,3.860517190683247613e+00
9.905252388925076957e+03,3.860517152520403616e+00
9.905252410254755887e+03,3.860517114359035329e+00
9.905252431584436636e+03,3.860517076199139197e+00
9.905252452914115565e+03,3.860517038040722326e+00
9.905252474243794495e+03,3.860516999883782052e+00
9.905252495573473425e+03,3.860516961728317042e+00
9.905252516903152355e+03,3.860516923574329518e+00
9.905252538232833103e+03,3.860516885421814148e+00
9.905252559562512033e+03,3.860516847270778040e+00
9.905252580892190963e+03,3.860516809121218973e+00
9.905252602221869893e+03,3.860516770973136946e+00
9.905252623551548822e+03,3.860516732826531516e+00
9.905252644881227752e+03,3.860516694681402683e+00
9.905252666210908501e+03,3.860516656537747782e+00
9.905252687540587431e+03,3.860516618395573474e+00
9.905252708870266360e+03,3.860516580254876207e+00
9.905252730199945290e+03,3.860516542115656868e+00
9.905252751529624220e+03,3.860516503977915015e+00
9.905252772859304969e+03,3.860516465841646649e+00
9.905252794188983898e+03,3.860516427706860210e+00
9.905252815518662828e+03,3.860516389573551255e+00
9.905252836848341758e+03,3.860516351441720229e+00
9.905252858178020688e+03,3.860516313311367576e+00
9.905252879507699618e+03,3.860516275182492851e+00
9.905252900837380366e+03,3.860516237055092947e+00
9.905252922167059296e+03,3.860516198929174969e+00
9.905252943496738226e+03,3.860516160804735808e+00
9.905252964826417156e+03,3.860516122681775020e+00
9.905252986156096085e+03,3.860516084560293049e+00
9.905253007485776834e+03,3.860516046440286786e+00
9.905253028815455764e+03,3.860516008321763337e+00
9.905253050145134694e+03,3.860515970204718705e+00
9.905253071474813623e+03,3.860515932089153335e+00
9.905253092804492553e+03,3.860515893975067225e+00
9.905253114134171483e+03,3.860515855862459933e+00
9.905253135463852232e+03,3.860515817751330125e+00
9.905253156793531161e+03,3.860515779641682244e+00
9.905253178123210091e+03,3.860515741533515399e+00
9.905253199452889021e+03,3.860515703426827372e+00
9.905253220782567951e+03,3.860515665321620382e+00
9.905253242112248699e+03,3.860515627217889989e+00
9.905253263441927629e+03,3.860515589115642854e+00
9.905253284771606559e+03,3.860515551014876312e+00
9.905253306101285489e+03,3.860515512915590364e+00
9.905253327430964418e+03,3.860515474817785453e+00
9.905253348760645167e+03,3.860515436721457583e+00
9.905253370090324097e+03,3.860515398626614303e+00
9.905253391420003027e+03,3.860515360533251616e+00
9.905253412749681956e+03,3.860515322441369523e+00
9.905253434079360886e+03,3.860515284350969356e+00
9.905253455409039816e+03,3.860515246262051114e+00
9.905253476738720565e+03,3.860515208174609914e+00
9.905253498068399495e+03,3.860515170088654635e+00
9.905253519398078424e+03,3.860515132004179950e+00
9.905253540727757354e+03,3.860515093921188079e+00
9.905253562057436284e+03,3.860515055839678134e+00
9.905253583387117033e+03,3.860515017759646561e+00
9.905253604716795962e+03,3.860514979681100467e+00
9.905253626046474892e+03,3.860514941604036299e+00
9.905253647376153822e+03,3.860514903528454944e+00
9.905253668705832752e+03,3.860514865454356404e+00
9.905253690035511681e+03,3.860514827381740233e+00
9.905253711365192430e+03,3.860514789310603767e+00
9.905253732694871360e+03,3.860514751240952780e+00
9.905253754024550290e+03,3.860514713172785939e+00
9.905253775354229219e+03,3.860514675106101468e+00
9.905253796683908149e+03,3.860514637040900254e+00
9.905253818013588898e+03,3.860514598977178746e+00
9.905253839343267828e+03,3.860514560914944937e+00
9.905253860672946757e+03,3.860514522854193498e+00
9.905253882002625687e+03,3.860514484794926648e+00
9.905253903332304617e+03,3.860514446737143057e+00
9.905253924661983547e+03,3.860514408680843612e+00
9.905253945991664295e+03,3.860514370626025205e+00
9.905253967321343225e+03,3.860514332572694052e+00
9.905253988651022155e+03,3.860514294520847489e+00
9.905254009980701085e+03,3.860514256470484629e+00
9.905254031310380014e+03,3.860514218421606358e+00
9.905254052640060763e+03,3.860514180374210014e+00
9.905254073969739693e+03,3.860514142328301812e+00
9.905254095299418623e+03,3.860514104283877757e+00
9.905254116629097553e+03,3.860514066240939179e+00
9.905254137958776482e+03,3.860514028199485637e+00
9.905254159288455412e+03,3.860513990159517128e+00
9.905254180618136161e+03,3.860513952121030545e+00
9.905254201947815091e+03,3.860513914084032550e+00
9.905254223277494020e+03,3.860513876048520476e+00
9.905254244607172950e+03,3.860513838014494326e+00
9.905254265936851880e+03,3.860513799981953653e+00
9.905254287266532629e+03,3.860513761950894907e+00
9.905254308596211558e+03,3.860513723921326967e+00
9.905254329925890488e+03,3.860513685893244062e+00
9.905254351255569418e+03,3.860513647866647524e+00
9.905254372585248348e+03,3.860513609841537352e+00
9.905254393914929096e+03,3.860513571817910883e+00
9.905254415244608026e+03,3.860513533795774332e+00
9.905254436574286956e+03,3.860513495775123705e+00
9.905254457903965886e+03,3.860513457755960331e+00
9.905254479233644815e+03,3.860513419738283769e+00
9.905254500563323745e+03,3.860513381722094461e+00
9.905254521893004494e+03,3.860513343707388856e+00
9.905254543222683424e+03,3.860513305694174946e+00
9.905254564552362353e+03,3.860513267682446958e+00
9.905254585882041283e+03,3.860513229672207114e+00
9.905254607211720213e+03,3.860513191663455412e+00
9.905254628541400962e+03,3.860513153656187857e+00
9.905254649871079891e+03,3.860513115650411109e+00
9.905254671200758821e+03,3.860513077646122060e+00
9.905254692530437751e+03,3.860513039643322042e+00
9.905254713860116681e+03,3.860513001642010167e+00
9.905254735189795610e+03,3.860512963642185991e+00
9.905254756519476359e+03,3.860512925643847293e+00
9.905254777849155289e+03,3.860512887647000735e+00
9.905254799178834219e+03,3.860512849651642320e+00
9.905254820508513149e+03,3.860512811657773380e+00
9.905254841838192078e+03,3.860512773665392583e+00
9.905254863167872827e+03,3.860512735674498153e+00
9.905254884497551757e+03,3.860512697685095862e+00
9.905254905827230687e+03,3.860512659697183491e+00
9.905254927156909616e+03,3.860512621710760595e+00
9.905254948486588546e+03,3.860512583725826286e+00
9.905254969816267476e+03,3.860512545742381896e+00
9.905254991145948225e+03,3.860512507760423873e+00
9.905255012475627154e+03,3.860512469779959766e+00
9.905255033805306084e+03,3.860512431800985134e+00
9.905255055134985014e+03,3.860512393823500421e+00
9.905255076464663944e+03,3.860512355847506072e+00
9.905255097794344692e+03,3.860512317872998977e+00
9.905255119124023622e+03,3.860512279899984911e+00
9.905255140453702552e+03,3.860512241928462540e+00
9.905255161783381482e+03,3.860512203958429645e+00
9.905255183113060411e+03,3.860512165989888000e+00
9.905255204442741160e+03,3.860512128022834499e+00
9.905255225772420090e+03,3.860512090057274914e+00
9.905255247102099020e+03,3.860512052093205693e+00
9.905255268431777949e+03,3.860512014130629055e+00
9.905255289761456879e+03,3.860511976169542780e+00
9.905255311091135809e+03,3.860511938209948646e+00
9.905255332420816558e+03,3.860511900251842654e+00
9.905255353750495487e+03,3.860511862295231467e+00
9.905255375080174417e+03,3.860511824340112863e+00
9.905255396409853347e+03,3.860511786386485067e+00
9.905255417739532277e+03,3.860511748434349855e+00
9.905255439069213026e+03,3.860511710483704562e+00
9.905255460398891955e+03,3.860511672534553629e+00
9.905255481728570885e+03,3.860511634586895280e+00
9.905255503058249815e+03,3.860511596640729959e+00
9.905255524387928745e+03,3.860511558696056778e+00
9.905255545717607674e+03,3.860511520752876624e+00
9.905255567047288423e+03,3.860511482811185502e+00
9.905255588376967353e+03,3.860511444870990960e+00
9.905255609706646283e+03,3.860511406932290335e+00
9.905255631036325212e+03,3.860511368995081849e+00
9.905255652366004142e+03,3.860511331059367723e+00
9.905255673695684891e+03,3.860511293125142629e+00
9.905255695025363821e+03,3.860511255192415447e+00
9.905255716355042750e+03,3.860511217261181294e+00
9.905255737684721680e+03,3.860511179331441944e+00
9.905255759014400610e+03,3.860511141403195623e+00
9.905255780344079540e+03,3.860511103476443218e+00
9.905255801673760288e+03,3.860511065551182508e+00
9.905255823003439218e+03,3.860511027627417935e+00
9.905255844333118148e+03,3.860510989705149498e+00
9.905255865662797078e+03,3.860510951784374978e+00
9.905255886992476007e+03,3.860510913865093929e+00
9.905255908322156756e+03,3.860510875947305465e+00
9.905255929651835686e+03,3.860510838031015357e+00
9.905255950981514616e+03,3.860510800116220054e+00
9.905255972311193545e+03,3.860510762202919555e+00
9.905255993640872475e+03,3.860510724291113860e+00
9.905256014970551405e+03,3.860510686380803858e+00
9.905256036300232154e+03,3.860510648471986883e+00
9.905256057629911083e+03,3.860510610564667378e+00
9.905256078959590013e+03,3.860510572658844453e+00
9.905256100289268943e+03,3.860510534754517220e+00
9.905256121618947873e+03,3.860510496851685680e+00
9.905256142948628622e+03,3.860510458950347168e+00
9.905256164278307551e+03,3.860510421050507901e+00
9.905256185607986481e+03,3.860510383152164327e+00
9.905256206937665411e+03,3.860510345255317777e+00
9.905256228267344341e+03,3.860510307359967364e+00
9.905256249597025089e+03,3.860510269466110866e+00
9.905256270926704019e+03,3.860510231573753170e+00
9.905256292256382949e+03,3.860510193682892943e+00
9.905256313586061879e+03,3.860510155793530629e+00
9.905256334915740808e+03,3.860510117905664451e+00
9.905256356245419738e+03,3.860510080019295742e+00
9.905256377575100487e+03,3.860510042134420949e+00
9.905256398904779417e+03,3.860510004251046734e+00
9.905256420234458346e+03,3.860509966369169543e+00
9.905256441564137276e+03,3.860509928488791154e+00
9.905256462893816206e+03,3.860509890609909345e+00
9.905256484223496955e+03,3.860509852732523228e+00
9.905256505553175884e+03,3.860509814856637245e+00
9.905256526882854814e+03,3.860509776982250507e+00
9.905256548212533744e+03,3.860509739109361682e+00
9.905256569542212674e+03,3.860509701237970326e+00
9.905256590871891603e+03,3.860509663368078215e+00
9.905256612201572352e+03,3.860509625499681796e+00
9.905256633531251282e+03,3.860509587632786843e+00
9.905256654860930212e+03,3.860509549767390247e+00
9.905256676190609141e+03,3.860509511903493785e+00
9.905256697520288071e+03,3.860509474041095679e+00
9.905256718849968820e+03,3.860509436180192822e+00
9.905256740179647750e+03,3.860509398320793650e+00
9.905256761509326680e+03,3.860509360462892836e+00
9.905256782839005609e+03,3.860509322606492599e+00
9.905256804168684539e+03,3.860509284751590720e+00
9.905256825498363469e+03,3.860509246898189417e+00
9.905256846828044218e+03,3.860509209046284251e+00
9.905256868157723147e+03,3.860509171195883216e+00
9.905256889487402077e+03,3.860509133346980981e+00
9.905256910817081007e+03,3.860509095499579768e+00
9.905256932146759937e+03,3.860509057653678688e+00
9.905256953476440685e+03,3.860509019809275078e+00
9.905256974806119615e+03,3.860508981966374709e+00
9.905256996135798545e+03,3.860508944124974917e+00
9.905257017465477475e+03,3.860508906285077035e+00
9.905257038795156404e+03,3.860508868446679287e+00
9.905257060124837153e+03,3.860508830609778563e+00
9.905257081454516083e+03,3.860508792774383302e+00
9.905257102784195013e+03,3.860508754940488618e+00
9.905257124113873942e+03,3.860508717108095844e+00
9.905257145443552872e+03,3.860508679277203647e+00
9.905257166773231802e+03,3.860508641447814249e+00
9.905257188102912551e+03,3.860508603619923207e+00
9.905257209432591480e+03,3.860508565793536295e+00
9.905257230762270410e+03,3.860508527968651737e+00
9.905257252091949340e+03,3.860508490145269089e+00
9.905257273421628270e+03,3.860508452323388795e+00
9.905257294751309018e+03,3.860508414503007746e+00
9.905257316080987948e+03,3.860508376684132603e+00
9.905257337410666878e+03,3.860508338866758926e+00
9.905257358740345808e+03,3.860508301050888935e+00
9.905257380070024738e+03,3.860508263236520854e+00
9.905257401399703667e+03,3.860508225423656015e+00
9.905257422729384416e+03,3.860508187612290865e+00
9.905257444059063346e+03,3.860508149802432065e+00
9.905257465388742276e+03,3.860508111994076508e+00
9.905257486718421205e+03,3.860508074187224192e+00
9.905257508048100135e+03,3.860508036381875119e+00
9.905257529377780884e+03,3.860507998578027511e+00
9.905257550707459814e+03,3.860507960775685365e+00
9.905257572037138743e+03,3.860507922974847794e+00
9.905257593366817673e+03,3.860507885175514353e+00
9.905257614696496603e+03,3.860507847377684154e+00
9.905257636026175533e+03,3.860507809581358085e+00
9.905257657355856281e+03,3.860507771786534370e+00
9.905257678685535211e+03,3.860507733993217006e+00
9.905257700015214141e+03,3.860507696201403771e+00
9.905257721344893071e+03,3.860507658411095999e+00
9.905257742674572000e+03,3.860507620622293246e+00
9.905257764004252749e+03,3.860507582834991069e+00
9.905257785333931679e+03,3.860507545049197464e+00
9.905257806663610609e+03,3.860507507264909322e+00
9.905257827993289538e+03,3.860507469482126197e+00
9.905257849322968468e+03,3.860507431700848091e+00
9.905257870652647398e+03,3.860507393921075003e+00
9.905257891982328147e+03,3.860507356142804714e+00
9.905257913312007076e+03,3.860507318366043439e+00
9.905257934641686006e+03,3.860507280590787627e+00
9.905257955971364936e+03,3.860507242817037721e+00
9.905257977301043866e+03,3.860507205044794610e+00
9.905257998630724614e+03,3.860507167274053408e+00
9.905258019960403544e+03,3.860507129504822110e+00
9.905258041290082474e+03,3.860507091737096719e+00
9.905258062619761404e+03,3.860507053970878566e+00
9.905258083949440334e+03,3.860507016206166320e+00
9.905258105279121082e+03,3.860506978442957315e+00
9.905258126608800012e+03,3.860506940681258659e+00
9.905258147938478942e+03,3.860506902921067240e+00
9.905258169268157872e+03,3.860506865162382173e+00
9.905258190597836801e+03,3.860506827405204788e+00
9.905258211927515731e+03,3.860506789649534198e+00
9.905258233257196480e+03,3.860506751895368183e+00
9.905258254586875410e+03,3.860506714142712958e+00
9.905258275916554339e+03,3.860506676391565417e+00
9.905258297246233269e+03,3.860506638641924670e+00
9.905258318575912199e+03,3.860506600893792495e+00
9.905258339905592948e+03,3.860506563147165782e+00
9.905258361235271877e+03,3.860506525402048972e+00
9.905258382564950807e+03,3.860506487658440733e+00
9.905258403894629737e+03,3.860506449916341065e+00
9.905258425224308667e+03,3.860506412175749968e+00
9.905258446553987596e+03,3.860506374436667443e+00
9.905258467883668345e+03,3.860506336699089935e+00
9.905258489213347275e+03,3.860506298963024552e+00
9.905258510543026205e+03,3.860506261228468183e+00
9.905258531872705134e+03,3.860506223495420830e+00
9.905258553202384064e+03,3.860506185763881604e+00
9.905258574532064813e+03,3.860506148033849616e+00
9.905258595861743743e+03,3.860506110305329308e+00
9.905258617191422672e+03,3.860506072578319348e+00
9.905258638521101602e+03,3.860506034852818846e+00
9.905258659850780532e+03,3.860505997128827804e+00
9.905258681180459462e+03,3.860505959406346221e+00
9.905258702510140211e+03,3.860505921685370989e+00
9.905258723839819140e+03,3.860505883965910101e+00
9.905258745169498070e+03,3.860505846247959116e+00
9.905258766499177000e+03,3.860505808531518479e+00
9.905258787828855930e+03,3.860505770816586857e+00
9.905258809158536678e+03,3.860505733103164250e+00
9.905258830488215608e+03,3.860505695391254211e+00
9.905258851817894538e+03,3.860505657680855407e+00
9.905258873147573468e+03,3.860505619971967839e+00
9.905258894477252397e+03,3.860505582264591062e+00
9.905258915806933146e+03,3.860505544558722413e+00
9.905258937136612076e+03,3.860505506854367219e+00
9.905258958466291006e+03,3.860505469151523705e+00
9.905258979795969935e+03,3.860505431450191871e+00
9.905259001125648865e+03,3.860505393750371717e+00
9.905259022455327795e+03,3.860505356052062798e+00
9.905259043785008544e+03,3.860505318355262006e+00
9.905259065114687473e+03,3.860505280659976890e+00
9.905259086444366403e+03,3.860505242966203898e+00
9.905259107774045333e+03,3.860505205273943474e+00
9.905259129103724263e+03,3.860505167583194286e+00
9.905259150433405011e+03,3.860505129893954557e+00
9.905259171763083941e+03,3.860505092206231392e+00
9.905259193092762871e+03,3.860505054520019463e+00
9.905259214422441801e+03,3.860505016835320991e+00
9.905259235752120730e+03,3.860504979152135085e+00
9.905259257081799660e+03,3.860504941470462192e+00
9.905259278411480409e+03,3.860504903790298314e+00
9.905259299741159339e+03,3.860504866111651889e+00
9.905259321070838268e+03,3.860504828434518032e+00
9.905259342400517198e+03,3.860504790758898075e+00
9.905259363730196128e+03,3.860504753084791574e+00
9.905259385059876877e+03,3.860504715412194976e+00
9.905259406389555807e+03,3.860504677741115831e+00
9.905259427719234736e+03,3.860504640071550586e+00
9.905259449048913666e+03,3.860504602403499241e+00
9.905259470378592596e+03,3.860504564736960909e+00
9.905259491708271526e+03,3.860504527071937808e+00
9.905259513037952274e+03,3.860504489408425499e+00
9.905259534367631204e+03,3.860504451746431087e+00
9.905259555697310134e+03,3.860504414085951463e+00
9.905259577026989064e+03,3.860504376426986184e+00
9.905259598356667993e+03,3.860504338769535693e+00
9.905259619686348742e+03,3.860504301113595993e+00
9.905259641016027672e+03,3.860504263459175522e+00
9.905259662345706602e+03,3.860504225806270284e+00
9.905259683675385531e+03,3.860504188154879390e+00
9.905259705005064461e+03,3.860504150505005061e+00
9.905259726334743391e+03,3.860504112856645076e+00
9.905259747664424140e+03,3.860504075209798103e+00
9.905259768994103069e+03,3.860504037564469471e+00
9.905259790323781999e+03,3.860503999920657847e+00
9.905259811653460929e+03,3.860503962278361012e+00
9.905259832983139859e+03,3.860503924637579853e+00
9.905259854312820607e+03,3.860503886998312151e+00
9.905259875642499537e+03,3.860503849360564566e+00
9.905259896972178467e+03,3.860503811724332657e+00
9.905259918301857397e+03,3.860503774089617313e+00
9.905259939631536326e+03,3.860503736456418533e+00
9.905259960961217075e+03,3.860503698824733654e+00
9.905259982290896005e+03,3.860503661194568004e+00
9.905260003620574935e+03,3.860503623565920250e+00
9.905260024950253865e+03,3.860503585938789950e+00
9.905260046279932794e+03,3.860503548313175326e+00
9.905260067609611724e+03,3.860503510689079043e+00
9.905260088939292473e+03,3.860503473066496216e+00
9.905260110268971403e+03,3.860503435445434839e+00
9.905260131598650332e+03,3.860503397825890914e+00
9.905260152928329262e+03,3.860503360207864443e+00
9.905260174258008192e+03,3.860503322591356312e+00
9.905260195587688941e+03,3.860503284976362526e+00
9.905260216917367870e+03,3.860503247362890633e+00
9.905260238247046800e+03,3.860503209750937081e+00
9.905260259576725730e+03,3.860503172140501427e+00
9.905260280906404660e+03,3.860503134531584113e+00
9.905260302236083589e+03,3.860503096924185140e+00
9.905260323565764338e+03,3.860503059318301844e+00
9.905260344895443268e+03,3.860503021713940885e+00
9.905260366225122198e+03,3.860502984111098712e+00
9.905260387554801127e+03,3.860502946509775324e+00
9.905260408884480057e+03,3.860502908909971609e+00
9.905260430214160806e+03,3.860502871311683570e+00
9.905260451543839736e+03,3.860502833714918314e+00
9.905260472873518665e+03,3.860502796119671842e+00
9.905260494203197595e+03,3.860502758525945044e+00
9.905260515532876525e+03,3.860502720933739251e+00
9.905260536862555455e+03,3.860502683343051800e+00
9.905260558192236203e+03,3.860502645753882689e+00
9.905260579521915133e+03,3.860502608166235472e+00
9.905260600851594063e+03,3.860502570580108817e+00
9.905260622181272993e+03,3.860502532995502278e+00
9.905260643510951923e+03,3.860502495412416746e+00
9.905260664840632671e+03,3.860502457830848222e+00
9.905260686170311601e+03,3.860502420250803368e+00
9.905260707499990531e+03,3.860502382672279520e+00
9.905260728829669461e+03,3.860502345095276233e+00
9.905260750159348390e+03,3.860502307519794396e+00
9.905260771489029139e+03,3.860502269945830456e+00
9.905260792818708069e+03,3.860502232373390630e+00
9.905260814148386999e+03,3.860502194802471809e+00
9.905260835478065928e+03,3.860502157233074882e+00
9.905260856807744858e+03,3.860502119665199405e+00
9.905260878137423788e+03,3.860502082098845822e+00
9.905260899467104537e+03,3.860502044534010135e+00
9.905260920796783466e+03,3.860502006970700339e+00
9.905260942126462396e+03,3.860501969408911993e+00
9.905260963456141326e+03,3.860501931848645985e+00
9.905260984785820256e+03,3.860501894289903202e+00
9.905261006115501004e+03,3.860501856732677872e+00
9.905261027445179934e+03,3.860501819176979321e+00
9.905261048774858864e+03,3.860501781622803108e+00
9.905261070104537794e+03,3.860501744070150121e+00
9.905261091434216723e+03,3.860501706519019471e+00
9.905261112763895653e+03,3.860501668969411604e+00
9.905261134093576402e+03,3.860501631421323410e+00
9.905261155423255332e+03,3.860501593874761994e+00
9.905261176752934261e+03,3.860501556329723361e+00
9.905261198082613191e+03,3.860501518786209285e+00
9.905261219412292121e+03,3.860501481244217992e+00
9.905261240741972870e+03,3.860501443703746816e+00
9.905261262071651799e+03,3.860501406164802862e+00
9.905261283401330729e+03,3.860501368627382579e+00
9.905261304731009659e+03,3.860501331091487298e+00
9.905261326060688589e+03,3.860501293557114799e+00
9.905261347390367519e+03,3.860501256024267303e+00
9.905261368720048267e+03,3.860501218492940367e+00
9.905261390049727197e+03,3.860501180963141543e+00
9.905261411379406127e+03,3.860501143434866833e+00
9.905261432709085057e+03,3.860501105908117125e+00
9.905261454038763986e+03,3.860501068382891976e+00
9.905261475368444735e+03,3.860501030859189164e+00
9.905261496698123665e+03,3.860500993337014020e+00
9.905261518027802595e+03,3.860500955816364321e+00
9.905261539357481524e+03,3.860500918297239181e+00
9.905261560687160454e+03,3.860500880779639044e+00
9.905261582016839384e+03,3.860500843263565685e+00
9.905261603346520133e+03,3.860500805749014663e+00
9.905261624676199062e+03,3.860500768235991309e+00
9.905261646005877992e+03,3.860500730724495178e+00
9.905261667335556922e+03,3.860500693214524492e+00
9.905261688665235852e+03,3.860500655706079254e+00
9.905261709994916600e+03,3.860500618199157241e+00
9.905261731324595530e+03,3.860500580693764228e+00
9.905261752654274460e+03,3.860500543189898881e+00
9.905261773983953390e+03,3.860500505687559425e+00
9.905261795313632319e+03,3.860500468186745859e+00
9.905261816643313068e+03,3.860500430687456852e+00
9.905261837972991998e+03,3.860500393189697732e+00
9.905261859302670928e+03,3.860500355693465835e+00
9.905261880632349857e+03,3.860500318198760272e+00
9.905261901962028787e+03,3.860500280705582377e+00
9.905261923291707717e+03,3.860500243213931260e+00
9.905261944621388466e+03,3.860500205723804701e+00
9.905261965951067396e+03,3.860500168235208918e+00
9.905261987280746325e+03,3.860500130748140357e+00
9.905262008610425255e+03,3.860500093262600352e+00
9.905262029940104185e+03,3.860500055778587569e+00
9.905262051269784934e+03,3.860500018296099789e+00
9.905262072599463863e+03,3.860499980815143672e+00
9.905262093929142793e+03,3.860499943335715667e+00
9.905262115258821723e+03,3.860499905857816216e+00
9.905262136588500653e+03,3.860499868381444877e+00
9.905262157918179582e+03,3.860499830906601648e+00
9.905262179247860331e+03,3.860499793433284310e+00
9.905262200577539261e+03,3.860499755961499524e+00
9.905262221907218191e+03,3.860499718491242849e+00
9.905262243236897120e+03,3.860499681022515173e+00
9.905262264566576050e+03,3.860499643555316940e+00
9.905262285896256799e+03,3.860499606089645042e+00
9.905262307225935729e+03,3.860499568625505695e+00
9.905262328555614658e+03,3.860499531162895348e+00
9.905262349885293588e+03,3.860499493701814444e+00
9.905262371214972518e+03,3.860499456242264316e+00
9.905262392544651448e+03,3.860499418784243186e+00
9.905262413874332196e+03,3.860499381327749280e+00
9.905262435204011126e+03,3.860499343872788369e+00
9.905262456533690056e+03,3.860499306419356902e+00
9.905262477863368986e+03,3.860499268967456654e+00
9.905262499193047915e+03,3.860499231517087182e+00
9.905262520522728664e+03,3.860499194068244044e+00
9.905262541852407594e+03,3.860499156620935235e+00
9.905262563182086524e+03,3.860499119175157201e+00
9.905262584511765453e+03,3.860499081730910387e+00
9.905262605841444383e+03,3.860499044288193016e+00
9.905262627171125132e+03,3.860499006847005088e+00
9.905262648500804062e+03,3.860498969407351488e+00
9.905262669830482992e+03,3.860498931969228220e+00
9.905262691160161921e+03,3.860498894532637060e+00
9.905262712489840851e+03,3.860498857097577563e+00
9.905262733819519781e+03,3.860498819664049730e+00
9.905262755149200530e+03,3.860498782232050008e+00
9.905262776478879459e+03,3.860498744801585502e+00
9.905262797808558389e+03,3.860498707372653548e+00
9.905262819138237319e+03,3.860498669945253258e+00
9.905262840467916249e+03,3.860498632519385520e+00
9.905262861797596997e+03,3.860498595095046337e+00
9.905262883127275927e+03,3.860498557672243702e+00
9.905262904456954857e+03,3.860498520250972732e+00
9.905262925786633787e+03,3.860498482831235201e+00
9.905262947116312716e+03,3.860498445413030222e+00
9.905262968445991646e+03,3.860498407996357795e+00
9.905262989775672395e+03,3.860498370581216143e+00
9.905263011105351325e+03,3.860498333167609264e+00
9.905263032435030254e+03,3.860498295755537157e+00
9.905263053764709184e+03,3.860498258344998490e+00
9.905263075094388114e+03,3.860498220935991931e+00
9.905263096424068863e+03,3.860498183528516591e+00
9.905263117753747792e+03,3.860498146122578689e+00
9.905263139083426722e+03,3.860498108718174226e+00
9.905263160413105652e+03,3.860498071315303203e+00
9.905263181742784582e+03,3.860498033913966509e+00
9.905263203072463511e+03,3.860497996514165031e+00
9.905263224402144260e+03,3.860497959115893440e+00
9.905263245731823190e+03,3.860497921719160175e+00
9.905263267061502120e+03,3.860497884323960349e+00
9.905263288391181050e+03,3.860497846930295740e+00
9.905263309720859979e+03,3.860497809538166347e+00
9.905263331050540728e+03,3.860497772147568618e+00
9.905263352380219658e+03,3.860497734758508326e+00
9.905263373709898588e+03,3.860497697370984138e+00
9.905263395039577517e+03,3.860497659984994279e+00
9.905263416369256447e+03,3.860497622600540524e+00
9.905263437698935377e+03,3.860497585217621541e+00
9.905263459028616126e+03,3.860497547836235555e+00
9.905263480358295055e+03,3.860497510456387893e+00
9.905263501687973985e+03,3.860497473078076780e+00
9.905263523017652915e+03,3.860497435701301328e+00
9.905263544347331845e+03,3.860497398326061536e+00
9.905263565677012593e+03,3.860497360952354295e+00
9.905263587006691523e+03,3.860497323580187157e+00
9.905263608336370453e+03,3.860497286209556123e+00
9.905263629666049383e+03,3.860497248840461193e+00
9.905263650995728312e+03,3.860497211472903700e+00
9.905263672325409061e+03,3.860497174106878759e+00
9.905263693655087991e+03,3.860497136742395252e+00
9.905263714984766921e+03,3.860497099379447405e+00
9.905263736314445850e+03,3.860497062018037440e+00
9.905263757644124780e+03,3.860497024658163134e+00
9.905263778973803710e+03,3.860496987299828042e+00
9.905263800303484459e+03,3.860496949943025502e+00
9.905263821633163388e+03,3.860496912587764839e+00
9.905263842962842318e+03,3.860496875234041170e+00
9.905263864292521248e+03,3.860496837881855825e+00
9.905263885622200178e+03,3.860496800531207917e+00
9.905263906951880926e+03,3.860496763182094782e+00
9.905263928281559856e+03,3.860496725834523080e+00
9.905263949611238786e+03,3.860496688488490147e+00
9.905263970940917716e+03,3.860496651143994651e+00
9.905263992270596646e+03,3.860496613801037480e+00
9.905264013600275575e+03,3.860496576459619078e+00
9.905264034929956324e+03,3.860496539119736781e+00
9.905264056259635254e+03,3.860496501781395473e+00
9.905264077589314184e+03,3.860496464444593379e+00
9.905264098918993113e+03,3.860496427109330053e+00
9.905264120248672043e+03,3.860496389775606829e+00
9.905264141578352792e+03,3.860496352443418822e+00
9.905264162908031722e+03,3.860496315112773136e+00
9.905264184237710651e+03,3.860496277783667107e+00
9.905264205567389581e+03,3.860496240456100736e+00
9.905264226897068511e+03,3.860496203130074466e+00
9.905264248226747441e+03,3.860496165805587854e+00
9.905264269556428189e+03,3.860496128482637346e+00
9.905264290886107119e+03,3.860496091161230936e+00
9.905264312215786049e+03,3.860496053841364184e+00
9.905264333545464979e+03,3.860496016523037532e+00
9.905264354875143908e+03,3.860495979206251427e+00
9.905264376204824657e+03,3.860495941891001870e+00
9.905264397534503587e+03,3.860495904577296855e+00
9.905264418864182517e+03,3.860495867265133274e+00
9.905264440193861446e+03,3.860495829954508906e+00
9.905264461523540376e+03,3.860495792645426416e+00
9.905264482853221125e+03,3.860495755337881807e+00
9.905264504182900055e+03,3.860495718031881296e+00
9.905264525512578984e+03,3.860495680727422219e+00
9.905264546842257914e+03,3.860495643424504575e+00
9.905264568171936844e+03,3.860495606123128365e+00
9.905264589501615774e+03,3.860495568823293588e+00
9.905264610831296523e+03,3.860495531524998025e+00
9.905264632160975452e+03,3.860495494228247004e+00
9.905264653490654382e+03,3.860495456933038305e+00
9.905264674820333312e+03,3.860495419639371040e+00
9.905264696150012242e+03,3.860495382347246096e+00
9.905264717479692990e+03,3.860495345056660366e+00
9.905264738809371920e+03,3.860495307767620066e+00
9.905264760139050850e+03,3.860495270480122976e+00
9.905264781468729780e+03,3.860495233194168208e+00
9.905264802798408709e+03,3.860495195909755761e+00
9.905264824128087639e+03,3.860495158626886969e+00
9.905264845457768388e+03,3.860495121345557390e+00
9.905264866787447318e+03,3.860495084065774130e+00
9.905264888117126247e+03,3.860495046787534523e+00
9.905264909446805177e+03,3.860495009510837683e+00
9.905264930776484107e+03,3.860494972235684497e+00
9.905264952106164856e+03,3.860494934962071856e+00
9.905264973435843785e+03,3.860494897690006422e+00
9.905264994765522715e+03,3.860494860419484198e+00
9.905265016095201645e+03,3.860494823150506072e+00
9.905265037424880575e+03,3.860494785883072044e+00
9.905265058754559504e+03,3.860494748617182115e+00
9.905265080084240253e+03,3.860494711352833175e+00
9.905265101413919183e+03,3.860494674090032330e+00
9.905265122743598113e+03,3.860494636828774695e+00
9.905265144073277042e+03,3.860494599569062935e+00
9.905265165402955972e+03,3.860494562310894828e+00
9.905265186732636721e+03,3.860494525054269488e+00
9.905265208062315651e+03,3.860494487799190910e+00
9.905265229391994581e+03,3.860494450545658207e+00
9.905265250721673510e+03,3.860494413293670934e+00
9.905265272051352440e+03,3.860494376043228648e+00
9.905265293381031370e+03,3.860494338794331348e+00
9.905265314710712119e+03,3.860494301546977258e+00
9.905265336040391048e+03,3.860494264301171263e+00
9.905265357370069978e+03,3.860494227056911143e+00
9.905265378699748908e+03,3.860494189814196897e+00
9.905265400029427838e+03,3.860494152573028970e+00
9.905265421359108586e+03,3.860494115333402920e+00
9.905265442688787516e+03,3.860494078095327186e+00
9.905265464018466446e+03,3.860494040858797327e+00
9.905265485348145376e+03,3.860494003623814230e+00
9.905265506677824305e+03,3.860493966390377008e+00
9.905265528007505054e+03,3.860493929158483883e+00
9.905265549337183984e+03,3.860493891928140631e+00
9.905265570666862914e+03,3.860493854699344585e+00
9.905265591996541843e+03,3.860493817472094413e+00
9.905265613326220773e+03,3.860493780246391893e+00
9.905265634655899703e+03,3.860493743022237023e+00
9.905265655985580452e+03,3.860493705799625808e+00
9.905265677315259381e+03,3.860493668578565352e+00
9.905265698644938311e+03,3.860493631359052547e+00
9.905265719974617241e+03,3.860493594141086948e+00
9.905265741304296171e+03,3.860493556924670333e+00
9.905265762633976919e+03,3.860493519709797372e+00
9.905265783963655849e+03,3.860493482496475615e+00
9.905265805293334779e+03,3.860493445284701952e+00
9.905265826623013709e+03,3.860493408074477273e+00
9.905265847952692639e+03,3.860493370865800244e+00
9.905265869282371568e+03,3.860493333658672199e+00
9.905265890612052317e+03,3.860493296453089140e+00
9.905265911941731247e+03,3.860493259249058617e+00
9.905265933271410177e+03,3.860493222046576189e+00
9.905265954601089106e+03,3.860493184845642745e+00
9.905265975930768036e+03,3.860493147646258727e+00
9.905265997260448785e+03,3.860493110448420140e+00
9.905266018590127715e+03,3.860493073252134089e+00
9.905266039919806644e+03,3.860493036057397465e+00
9.905266061249485574e+03,3.860492998864210712e+00
9.905266082579164504e+03,3.860492961672573831e+00
9.905266103908843434e+03,3.860492924482486377e+00
9.905266125238524182e+03,3.860492887293944797e+00
9.905266146568203112e+03,3.860492850106957086e+00
9.905266167897882042e+03,3.860492812921519246e+00
9.905266189227560972e+03,3.860492775737631721e+00
9.905266210557239901e+03,3.860492738555294068e+00
9.905266231886920650e+03,3.860492701374504065e+00
9.905266253216599580e+03,3.860492664195267931e+00
9.905266274546278510e+03,3.860492627017582112e+00
9.905266295875957439e+03,3.860492589841447053e+00
9.905266317205636369e+03,3.860492552666863197e+00
9.905266338535317118e+03,3.860492515493826549e+00
9.905266359864996048e+03,3.860492478322344656e+00
9.905266381194674977e+03,3.860492441152413523e+00
9.905266402524353907e+03,3.860492403984034482e+00
9.905266423854032837e+03,3.860492366817206200e+00
9.905266445183711767e+03,3.860492329651929122e+00
9.905266466513392515e+03,3.860492292488201471e+00
9.905266487843071445e+03,3.860492255326028133e+00
9.905266509172750375e+03,3.860492218165407330e+00
9.905266530502429305e+03,3.860492181006337287e+00
9.905266551832108235e+03,3.860492143848820668e+00
9.905266573161788983e+03,3.860492106692852143e+00
9.905266594491467913e+03,3.860492069538440152e+00
9.905266615821146843e+03,3.860492032385579364e+00
9.905266637150825773e+03,3.860491995234271556e+00
9.905266658480504702e+03,3.860491958084517172e+00
9.905266679810183632e+03,3.860491920936314880e+00
9.905266701139864381e+03,3.860491883789662459e+00
9.905266722469543311e+03,3.860491846644566571e+00
9.905266743799222240e+03,3.860491809501023663e+00
9.905266765128901170e+03,3.860491772359033735e+00
9.905266786458580100e+03,3.860491735218597231e+00
9.905266807788260849e+03,3.860491698079711043e+00
9.905266829117939778e+03,3.860491660942381387e+00
9.905266850447618708e+03,3.860491623806606043e+00
9.905266871777297638e+03,3.860491586672384123e+00
9.905266893106976568e+03,3.860491549539715628e+00
9.905266914436655497e+03,3.860491512408601888e+00
9.905266935766336246e+03,3.860491475279039797e+00
9.905266957096015176e+03,3.860491438151034238e+00
9.905266978425694106e+03,3.860491401024582991e+00
9.905266999755373035e+03,3.860491363899686057e+00
9.905267021085051965e+03,3.860491326776344323e+00
9.905267042414732714e+03,3.860491289654554237e+00
9.905267063744411644e+03,3.860491252534322015e+00
9.905267085074090573e+03,3.860491215415644106e+00
9.905267106403769503e+03,3.860491178298522286e+00
9.905267127733448433e+03,3.860491141182955221e+00
9.905267149063127363e+03,3.860491104068942914e+00
9.905267170392808112e+03,3.860491066956483586e+00
9.905267191722487041e+03,3.860491029845583011e+00
9.905267213052165971e+03,3.860490992736237637e+00
9.905267234381844901e+03,3.860490955628447907e+00
9.905267255711523831e+03,3.860490918522214265e+00
9.905267277041204579e+03,3.860490881417533604e+00
9.905267298370883509e+03,3.860490844314411696e+00
9.905267319700562439e+03,3.860490807212845876e+00
9.905267341030241369e+03,3.860490770112837478e+00
9.905267362359920298e+03,3.860490733014384723e+00
9.905267383689601047e+03,3.860490695917485837e+00
9.905267405019279977e+03,3.860490658822145704e+00
9.905267426348958907e+03,3.860490621728363436e+00
9.905267447678637836e+03,3.860490584636137701e+00
9.905267469008316766e+03,3.860490547545468498e+00
9.905267490337995696e+03,3.860490510456357605e+00
9.905267511667676445e+03,3.860490473368799691e+00
9.905267532997355374e+03,3.860490436282802307e+00
9.905267554327034304e+03,3.860490399198362788e+00
9.905267575656713234e+03,3.860490362115480689e+00
9.905267596986392164e+03,3.860490325034156456e+00
9.905267618316072912e+03,3.860490287954386535e+00
9.905267639645751842e+03,3.860490250876178031e+00
9.905267660975430772e+03,3.860490213799526948e+00
9.905267682305109702e+03,3.860490176724435063e+00
9.905267703634788631e+03,3.860490139650901043e+00
9.905267724964467561e+03,3.860490102578924443e+00
9.905267746294148310e+03,3.860490065508503932e+00
9.905267767623827240e+03,3.860490028439645283e+00
9.905267788953506169e+03,3.860489991372345830e+00
9.905267810283185099e+03,3.860489954306604243e+00
9.905267831612864029e+03,3.860489917242421853e+00
9.905267852942544778e+03,3.860489880179795108e+00
9.905267874272223708e+03,3.860489843118731113e+00
9.905267895601902637e+03,3.860489806059226314e+00
9.905267916931581567e+03,3.860489769001280269e+00
9.905267938261260497e+03,3.860489731944894309e+00
9.905267959590939427e+03,3.860489694890068435e+00
9.905267980920620175e+03,3.860489657836798205e+00
9.905268002250299105e+03,3.860489620785091169e+00
9.905268023579978035e+03,3.860489583734944663e+00
9.905268044909656965e+03,3.860489546686357354e+00
9.905268066239335894e+03,3.860489509639331462e+00
9.905268087569016643e+03,3.860489472593862104e+00
9.905268108898695573e+03,3.860489435549955939e+00
9.905268130228374503e+03,3.860489398507610748e+00
9.905268151558053432e+03,3.860489361466826086e+00
9.905268172887732362e+03,3.860489324427601510e+00
9.905268194217413111e+03,3.860489287389935242e+00
9.905268215547092041e+03,3.860489250353833501e+00
9.905268236876770970e+03,3.860489213319292290e+00
9.905268258206449900e+03,3.860489176286312052e+00
9.905268279536128830e+03,3.860489139254893232e+00
9.905268300865807760e+03,3.860489102225036273e+00
9.905268322195488508e+03,3.860489065196737624e+00
9.905268343525167438e+03,3.860489028170003944e+00
9.905268364854846368e+03,3.860488991144831239e+00
9.905268386184525298e+03,3.860488954121220839e+00
9.905268407514204227e+03,3.860488917099172301e+00
9.905268428843884976e+03,3.860488880078682961e+00
9.905268450173563906e+03,3.860488843059759478e+00
9.905268471503242836e+03,3.860488806042397858e+00
9.905268492832921766e+03,3.860488769026598543e+00
9.905268514162600695e+03,3.860488732012361979e+00
9.905268535492279625e+03,3.860488694999687720e+00
9.905268556821960374e+03,3.860488657988573546e+00
9.905268578151639304e+03,3.860488620979025676e+00
9.905268599481318233e+03,3.860488583971039667e+00
9.905268620810997163e+03,3.860488546964617740e+00
9.905268642140676093e+03,3.860488509959758563e+00
9.905268663470356842e+03,3.860488472956459916e+00
9.905268684800035771e+03,3.860488435954728015e+00
9.905268706129714701e+03,3.860488398954559308e+00
9.905268727459393631e+03,3.860488361955954684e+00
9.905268748789072561e+03,3.860488324958913697e+00
9.905268770118751490e+03,3.860488287963437237e+00
9.905268791448432239e+03,3.860488250969520418e+00
9.905268812778111169e+03,3.860488213977171235e+00
9.905268834107790099e+03,3.860488176986387465e+00
9.905268855437469028e+03,3.860488139997166890e+00
9.905268876767147958e+03,3.860488103009511285e+00
9.905268898096828707e+03,3.860488066023416653e+00
9.905268919426507637e+03,3.860488029038889657e+00
9.905268940756186566e+03,3.860487992055928963e+00
9.905268962085865496e+03,3.860487955074532351e+00
9.905268983415544426e+03,3.860487918094700710e+00
9.905269004745223356e+03,3.860487881116434039e+00
9.905269026074904104e+03,3.860487844139729230e+00
9.905269047404583034e+03,3.860487807164593832e+00
9.905269068734261964e+03,3.860487770191023849e+00
9.905269090063940894e+03,3.860487733219018391e+00
9.905269111393619824e+03,3.860487696248579237e+00
9.905269132723300572e+03,3.860487659279703720e+00
9.905269154052979502e+03,3.860487622312396283e+00
9.905269175382658432e+03,3.860487585346655148e+00
9.905269196712337362e+03,3.860487548382480760e+00
9.905269218042016291e+03,3.860487511419872231e+00
9.905269239371697040e+03,3.860487474458826007e+00
9.905269260701375970e+03,3.860487437499350527e+00
9.905269282031054900e+03,3.860487400541441794e+00
9.905269303360733829e+03,3.860487363585099807e+00
9.905269324690412759e+03,3.860487326630324567e+00
9.905269346020091689e+03,3.860487289677116074e+00
9.905269367349772438e+03,3.860487252725471219e+00
9.905269388679451367e+03,3.860487215775397107e+00
9.905269410009130297e+03,3.860487178826890187e+00
9.905269431338809227e+03,3.860487141879950901e+00
9.905269452668488157e+03,3.860487104934579250e+00
9.905269473998168905e+03,3.860487067990772125e+00
9.905269495327847835e+03,3.860487031048535744e+00
9.905269516657526765e+03,3.860486994107866998e+00
9.905269537987205695e+03,3.860486957168766331e+00
9.905269559316884624e+03,3.860486920231233743e+00
9.905269580646563554e+03,3.860486883295270122e+00
9.905269601976244303e+03,3.860486846360871471e+00
9.905269623305923233e+03,3.860486809428043564e+00
9.905269644635602162e+03,3.860486772496784624e+00
9.905269665965281092e+03,3.860486735567094208e+00
9.905269687294960022e+03,3.860486698638973202e+00
9.905269708624640771e+03,3.860486661712418055e+00
9.905269729954319700e+03,3.860486624787434096e+00
9.905269751283998630e+03,3.860486587864019992e+00
9.905269772613677560e+03,3.860486550942174855e+00
9.905269793943356490e+03,3.860486514021899129e+00
9.905269815273035420e+03,3.860486477103192815e+00
9.905269836602716168e+03,3.860486440186053247e+00
9.905269857932395098e+03,3.860486403270486200e+00
9.905269879262074028e+03,3.860486366356489008e+00
9.905269900591752958e+03,3.860486329444061671e+00
9.905269921921431887e+03,3.860486292533204189e+00
9.905269943251112636e+03,3.860486255623914342e+00
9.905269964580791566e+03,3.860486218716197016e+00
9.905269985910470496e+03,3.860486181810050876e+00
9.905270007240149425e+03,3.860486144905475037e+00
9.905270028569828355e+03,3.860486108002469496e+00
9.905270049899509104e+03,3.860486071101031591e+00
9.905270071229188034e+03,3.860486034201167538e+00
9.905270092558866963e+03,3.860485997302875116e+00
9.905270113888545893e+03,3.860485960406153438e+00
9.905270135218224823e+03,3.860485923511002504e+00
9.905270156547903753e+03,3.860485886617422757e+00
9.905270177877584501e+03,3.860485849725411533e+00
9.905270199207263431e+03,3.860485812834975050e+00
9.905270220536942361e+03,3.860485775946110198e+00
9.905270241866621291e+03,3.860485739058816534e+00
9.905270263196300220e+03,3.860485702173095834e+00
9.905270284525980969e+03,3.860485665288942769e+00
9.905270305855659899e+03,3.860485628406366221e+00
9.905270327185338829e+03,3.860485591525360416e+00
9.905270348515017758e+03,3.860485554645927575e+00
9.905270369844696688e+03,3.860485517768067698e+00
9.905270391174375618e+03,3.860485480891779453e+00
9.905270412504056367e+03,3.860485444017060619e+00
9.905270433833735297e+03,3.860485407143918302e+00
9.905270455163414226e+03,3.860485370272348948e+00
9.905270476493093156e+03,3.860485333402352115e+00
9.905270497822772086e+03,3.860485296533928246e+00
9.905270519152452835e+03,3.860485259667074676e+00
9.905270540482131764e+03,3.860485222801797178e+00
9.905270561811810694e+03,3.860485185938093533e+00
9.905270583141489624e+03,3.860485149075963296e+00
9.905270604471168554e+03,3.860485112215406911e+00
9.905270625800847483e+03,3.860485075356424378e+00
9.905270647130528232e+03,3.860485038499012145e+00
9.905270668460207162e+03,3.860485001643177760e+00
9.905270689789886092e+03,3.860484964788915896e+00
9.905270711119565021e+03,3.860484927936229660e+00
9.905270732449243951e+03,3.860484891085117276e+00
9.905270753778924700e+03,3.860484854235576968e+00
9.905270775108603630e+03,3.860484817387613621e+00
9.905270796438282559e+03,3.860484780541224570e+00
9.905270817767961489e+03,3.860484743696411147e+00
9.905270839097640419e+03,3.860484706853171133e+00
9.905270860427319349e+03,3.860484670011507635e+00
9.905270881757000097e+03,3.860484633171415325e+00
9.905270903086679027e+03,3.860484596332901752e+00
9.905270924416357957e+03,3.860484559495963364e+00
9.905270945746036887e+03,3.860484522660600604e+00
9.905270967075715816e+03,3.860484485826813472e+00
9.905270988405396565e+03,3.860484448994598861e+00
9.905271009735075495e+03,3.860484412163962986e+00
9.905271031064754425e+03,3.860484375334902740e+00
9.905271052394433354e+03,3.860484338507419455e+00
9.905271073724112284e+03,3.860484301681511798e+00
9.905271095053793033e+03,3.860484264857176662e+00
9.905271116383471963e+03,3.860484228034421150e+00
9.905271137713150893e+03,3.860484191213243044e+00
9.905271159042829822e+03,3.860484154393640122e+00
9.905271180372508752e+03,3.860484117575615493e+00
9.905271201702187682e+03,3.860484080759166936e+00
9.905271223031868431e+03,3.860484043944292232e+00
9.905271244361547360e+03,3.860484007130996709e+00
9.905271265691226290e+03,3.860483970319279479e+00
9.905271287020905220e+03,3.860483933509139653e+00
9.905271308350584150e+03,3.860483896700576345e+00
9.905271329680264898e+03,3.860483859893588221e+00
9.905271351009943828e+03,3.860483823088180166e+00
9.905271372339622758e+03,3.860483786284349961e+00
9.905271393669301688e+03,3.860483749482097160e+00
9.905271414998980617e+03,3.860483712681423540e+00
9.905271436328659547e+03,3.860483675882326438e+00
9.905271457658340296e+03,3.860483639084805851e+00
9.905271478988019226e+03,3.860483602288865779e+00
9.905271500317698155e+03,3.860483565494503555e+00
9.905271521647377085e+03,3.860483528701721401e+00
9.905271542977056015e+03,3.860483491910516651e+00
9.905271564306736764e+03,3.860483455120887530e+00
9.905271585636415693e+03,3.860483418332840699e+00
9.905271606966094623e+03,3.860483381546373050e+00
9.905271628295773553e+03,3.860483344761483693e+00
9.905271649625452483e+03,3.860483307978174405e+00
9.905271670955131412e+03,3.860483271196443855e+00
9.905271692284812161e+03,3.860483234416290266e+00
9.905271713614491091e+03,3.860483197637718078e+00
9.905271734944170021e+03,3.860483160860726404e+00
9.905271756273848951e+03,3.860483124085314355e+00
9.905271777603527880e+03,3.860483087311482375e+00
9.905271798933208629e+03,3.860483050539226468e+00
9.905271820262887559e+03,3.860483013768554628e+00
9.905271841592566489e+03,3.860482976999461968e+00
9.905271862922245418e+03,3.860482940231950266e+00
9.905271884251924348e+03,3.860482903466019078e+00
9.905271905581605097e+03,3.860482866701664850e+00
9.905271926911284027e+03,3.860482829938895133e+00
9.905271948240962956e+03,3.860482793177705485e+00
9.905271969570641886e+03,3.860482756418097239e+00
9.905271990900320816e+03,3.860482719660069506e+00
9.905272012229999746e+03,3.860482682903623175e+00
9.905272033559680494e+03,3.860482646148754249e+00
9.905272054889359424e+03,3.860482609395470721e+00
9.905272076219038354e+03,3.860482572643767707e+00
9.905272097548717284e+03,3.860482535893646538e+00
9.905272118878396213e+03,3.860482499145107216e+00
9.905272140208076962e+03,3.860482462398146630e+00
9.905272161537755892e+03,3.860482425652770999e+00
9.905272182867434822e+03,3.860482388908976770e+00
9.905272204197113751e+03,3.860482352166764830e+00
9.905272225526792681e+03,3.860482315426136068e+00
9.905272246856471611e+03,3.860482278687088709e+00
9.905272268186152360e+03,3.860482241949620974e+00
9.905272289515831289e+03,3.860482205213739082e+00
9.905272310845510219e+03,3.860482168479439036e+00
9.905272332175189149e+03,3.860482131746722612e+00
9.905272353504868079e+03,3.860482095015588921e+00
9.905272374834548827e+03,3.860482058286035301e+00
9.905272396164227757e+03,3.860482021558067078e+00
9.905272417493906687e+03,3.860481984831682922e+00
9.905272438823585617e+03,3.860481948106881500e+00
9.905272460153264547e+03,3.860481911383663700e+00
9.905272481482943476e+03,3.860481874662029522e+00
9.905272502812624225e+03,3.860481837941976302e+00
9.905272524142303155e+03,3.860481801223509368e+00
9.905272545471982085e+03,3.860481764506626057e+00
9.905272566801661014e+03,3.860481727791327256e+00
9.905272588131339944e+03,3.860481691077612965e+00
9.905272609461020693e+03,3.860481654365479631e+00
9.905272630790699623e+03,3.860481617654933473e+00
9.905272652120378552e+03,3.860481580945971825e+00
9.905272673450057482e+03,3.860481544238594687e+00
9.905272694779736412e+03,3.860481507532802059e+00
9.905272716109415342e+03,3.860481470828594830e+00
9.905272737439096090e+03,3.860481434125968558e+00
9.905272758768775020e+03,3.860481397424931238e+00
9.905272780098453950e+03,3.860481360725478872e+00
9.905272801428132880e+03,3.860481324027611461e+00
9.905272822757811809e+03,3.860481287331329447e+00
9.905272844087492558e+03,3.860481250636629724e+00
9.905272865417171488e+03,3.860481213943519396e+00
9.905272886746850418e+03,3.860481177251994467e+00
9.905272908076529347e+03,3.860481140562055380e+00
9.905272929406208277e+03,3.860481103873701691e+00
9.905272950735889026e+03,3.860481067186931181e+00
9.905272972065567956e+03,3.860481030501750066e+00
9.905272993395246885e+03,3.860480993818154349e+00
9.905273014724925815e+03,3.860480957136146252e+00
9.905273036054604745e+03,3.860480920455723997e+00
9.905273057384283675e+03,3.860480883776888916e+00
9.905273078713964424e+03,3.860480847099637014e+00
9.905273100043643353e+03,3.860480810423974951e+00
9.905273121373322283e+03,3.860480773749899619e+00
9.905273142703001213e+03,3.860480737077412350e+00
9.905273164032680143e+03,3.860480700406510479e+00
9.905273185362360891e+03,3.860480663737194007e+00
9.905273206692039821e+03,3.860480627069468262e+00
9.905273228021718751e+03,3.860480590403329693e+00
9.905273249351397681e+03,3.860480553738778742e+00
9.905273270681076610e+03,3.860480517075814966e+00
9.905273292010755540e+03,3.860480480414439697e+00
9.905273313340436289e+03,3.860480443754648938e+00
9.905273334670115219e+03,3.860480407096449351e+00
9.905273355999794148e+03,3.860480370439837827e+00
9.905273377329473078e+03,3.860480333784814366e+00
9.905273398659152008e+03,3.860480297131380301e+00
9.905273419988832757e+03,3.860480260479531189e+00
9.905273441318511686e+03,3.860480223829273694e+00
9.905273462648190616e+03,3.860480187180604261e+00
9.905273483977869546e+03,3.860480150533524668e+00
9.905273505307548476e+03,3.860480113888033582e+00
9.905273526637227405e+03,3.860480077244131447e+00
9.905273547966908154e+03,3.860480040601815155e+00
9.905273569296587084e+03,3.860480003961091366e+00
9.905273590626266014e+03,3.860479967321957862e+00
9.905273611955944943e+03,3.860479930684412864e+00
9.905273633285623873e+03,3.860479894048458149e+00
9.905273654615304622e+03,3.860479857414090166e+00
9.905273675944983552e+03,3.860479820781314686e+00
9.905273697274662482e+03,3.860479784150128602e+00
9.905273718604341411e+03,3.860479747520534133e+00
9.905273739934020341e+03,3.860479710892528171e+00
9.905273761263701090e+03,3.860479674266110717e+00
9.905273782593380020e+03,3.860479637641285766e+00
9.905273803923058949e+03,3.860479601018052431e+00
9.905273825252737879e+03,3.860479564396409380e+00
9.905273846582416809e+03,3.860479527776357056e+00
9.905273867912095739e+03,3.860479491157895460e+00
9.905273889241776487e+03,3.860479454541021038e+00
9.905273910571455417e+03,3.860479417925740897e+00
9.905273931901134347e+03,3.860479381312052816e+00
9.905273953230813277e+03,3.860479344699956350e+00
9.905273974560492206e+03,3.860479308089450612e+00
9.905273995890172955e+03,3.860479271480532937e+00
9.905274017219851885e+03,3.860479234873210430e+00
9.905274038549530815e+03,3.860479198267479983e+00
9.905274059879209744e+03,3.860479161663340708e+00
9.905274081208888674e+03,3.860479125060794381e+00
9.905274102538567604e+03,3.860479088459839669e+00
9.905274123868248353e+03,3.860479051860473909e+00
9.905274145197927282e+03,3.860479015262703317e+00
9.905274166527606212e+03,3.860478978666525229e+00
9.905274187857285142e+03,3.860478942071939645e+00
9.905274209186964072e+03,3.860478905478947897e+00
9.905274230516644820e+03,3.860478868887544657e+00
9.905274251846323750e+03,3.860478832297737917e+00
9.905274273176002680e+03,3.860478795709523236e+00
9.905274294505681610e+03,3.860478759122903281e+00
9.905274315835360539e+03,3.860478722537875385e+00
9.905274337165039469e+03,3.860478685954440436e+00
9.905274358494720218e+03,3.860478649372597104e+00
9.905274379824399148e+03,3.860478612792349384e+00
9.905274401154078078e+03,3.860478576213695501e+00
9.905274422483757007e+03,3.860478539636635453e+00
9.905274443813435937e+03,3.860478503061170130e+00
9.905274465143116686e+03,3.860478466487294646e+00
9.905274486472795616e+03,3.860478429915016552e+00
9.905274507802474545e+03,3.860478393344333181e+00
9.905274529132153475e+03,3.860478356775243647e+00
9.905274550461832405e+03,3.860478320207748393e+00
9.905274571791511335e+03,3.860478283641848307e+00
9.905274593121192083e+03,3.860478247077539393e+00
9.905274614450871013e+03,3.860478210514828756e+00
9.905274635780549943e+03,3.860478173953712400e+00
9.905274657110228873e+03,3.860478137394192100e+00
9.905274678439907802e+03,3.860478100836265636e+00
9.905274699769588551e+03,3.860478064279932120e+00
9.905274721099267481e+03,3.860478027725196437e+00
9.905274742428946411e+03,3.860477991172056367e+00
9.905274763758625340e+03,3.860477954620512353e+00
9.905274785088304270e+03,3.860477918070563508e+00
9.905274806417985019e+03,3.860477881522208055e+00
9.905274827747663949e+03,3.860477844975450878e+00
9.905274849077342878e+03,3.860477808430290203e+00
9.905274870407021808e+03,3.860477771886725140e+00
9.905274891736700738e+03,3.860477735344757022e+00
9.905274913066379668e+03,3.860477698804384961e+00
9.905274934396060416e+03,3.860477662265605847e+00
9.905274955725739346e+03,3.860477625728426787e+00
9.905274977055418276e+03,3.860477589192844228e+00
9.905274998385097206e+03,3.860477552658858169e+00
9.905275019714776136e+03,3.860477516126469499e+00
9.905275041044456884e+03,3.860477479595674666e+00
9.905275062374135814e+03,3.860477443066480330e+00
9.905275083703814744e+03,3.860477406538882938e+00
9.905275105033493674e+03,3.860477370012882936e+00
9.905275126363172603e+03,3.860477333488479879e+00
9.905275147692851533e+03,3.860477296965675542e+00
9.905275169022532282e+03,3.860477260444465042e+00
9.905275190352211212e+03,3.860477223924855039e+00
9.905275211681890141e+03,3.860477187406843758e+00
9.905275233011569071e+03,3.860477150890429865e+00
9.905275254341248001e+03,3.860477114375614693e+00
9.905275275670928750e+03,3.860477077862394690e+00
9.905275297000607679e+03,3.860477041350775629e+00
9.905275318330286609e+03,3.860477004840756177e+00
9.905275339659965539e+03,3.860476968332334113e+00
9.905275360989644469e+03,3.860476931825510771e+00
9.905275382319323398e+03,3.860476895320286594e+00
9.905275403649004147e+03,3.860476858816658918e+00
9.905275424978683077e+03,3.860476822314631740e+00
9.905275446308362007e+03,3.860476785814205059e+00
9.905275467638040936e+03,3.860476749315377099e+00
9.905275488967719866e+03,3.860476712818148304e+00
9.905275510297400615e+03,3.860476676322516454e+00
9.905275531627079545e+03,3.860476639828487766e+00
9.905275552956758474e+03,3.860476603336057799e+00
9.905275574286437404e+03,3.860476566845227886e+00
9.905275595616116334e+03,3.860476530355997582e+00
9.905275616945797083e+03,3.860476493868364667e+00
9.905275638275476012e+03,3.860476457382334914e+00
9.905275659605154942e+03,3.860476420897906102e+00
9.905275680934833872e+03,3.860476384415076900e+00
9.905275702264512802e+03,3.860476347933848196e+00
9.905275723594191732e+03,3.860476311454219989e+00
9.905275744923872480e+03,3.860476274976189170e+00
9.905275766253551410e+03,3.860476238499762847e+00
9.905275787583230340e+03,3.860476202024937908e+00
9.905275808912909270e+03,3.860476165551713024e+00
9.905275830242588199e+03,3.860476129080089081e+00
9.905275851572268948e+03,3.860476092610063859e+00
9.905275872901947878e+03,3.860476056141643575e+00
9.905275894231626808e+03,3.860476019674824677e+00
9.905275915561305737e+03,3.860475983209607165e+00
9.905275936890984667e+03,3.860475946745990594e+00
9.905275958220663597e+03,3.860475910283977186e+00
9.905275979550344346e+03,3.860475873823562054e+00
9.905276000880023275e+03,3.860475837364751417e+00
9.905276022209702205e+03,3.860475800907543942e+00
9.905276043539381135e+03,3.860475764451937852e+00
9.905276064869060065e+03,3.860475727997935369e+00
9.905276086198740813e+03,3.860475691545530719e+00
9.905276107528419743e+03,3.860475655094732783e+00
9.905276128858098673e+03,3.860475618645537565e+00
9.905276150187777603e+03,3.860475582197945066e+00
9.905276171517456532e+03,3.860475545751955284e+00
9.905276192847135462e+03,3.860475509307568664e+00
9.905276214176816211e+03,3.860475472864782098e+00
9.905276235506495141e+03,3.860475436423601803e+00
9.905276256836174070e+03,3.860475399984025113e+00
9.905276278165853000e+03,3.860475363546052030e+00
9.905276299495531930e+03,3.860475327109682109e+00
9.905276320825212679e+03,3.860475290674913129e+00
9.905276342154891609e+03,3.860475254241751308e+00
9.905276363484570538e+03,3.860475217810193094e+00
9.905276384814249468e+03,3.860475181380239373e+00
9.905276406143928398e+03,3.860475144951889703e+00
9.905276427473607328e+03,3.860475108525143195e+00
9.905276448803288076e+03,3.860475072099998961e+00
9.905276470132967006e+03,3.860475035676462774e+00
9.905276491462645936e+03,3.860474999254530193e+00
9.905276512792324866e+03,3.860474962834202994e+00
9.905276534122003795e+03,3.860474926415481178e+00
9.905276555451684544e+03,3.860474889998360304e+00
9.905276576781363474e+03,3.860474853582847476e+00
9.905276598111042404e+03,3.860474817168940032e+00
9.905276619440721333e+03,3.860474780756637969e+00
9.905276640770400263e+03,3.860474744345941733e+00
9.905276662100081012e+03,3.860474707936846883e+00
9.905276683429759942e+03,3.860474671529361412e+00
9.905276704759438871e+03,3.860474635123481768e+00
9.905276726089117801e+03,3.860474598719207506e+00
9.905276747418796731e+03,3.860474562316539959e+00
9.905276768748475661e+03,3.860474525915478239e+00
9.905276790078156409e+03,3.860474489516018792e+00
9.905276811407835339e+03,3.860474453118169613e+00
9.905276832737514269e+03,3.860474416721926705e+00
9.905276854067193199e+03,3.860474380327290067e+00
9.905276875396872128e+03,3.860474343934259700e+00
9.905276896726552877e+03,3.860474307542834271e+00
9.905276918056231807e+03,3.860474271153017334e+00
9.905276939385910737e+03,3.860474234764808443e+00
9.905276960715589667e+03,3.860474198378205379e+00
9.905276982045268596e+03,3.860474161993210807e+00
9.905277003374947526e+03,3.860474125609822948e+00
9.905277024704628275e+03,3.860474089228039141e+00
9.905277046034307205e+03,3.860474052847866488e+00
9.905277067363986134e+03,3.860474016469301439e+00
9.905277088693665064e+03,3.860473980092343993e+00
9.905277110023343994e+03,3.860473943716994150e+00
9.905277131353024743e+03,3.860473907343249245e+00
9.905277152682703672e+03,3.860473870971115939e+00
9.905277174012382602e+03,3.860473834600590237e+00
9.905277195342061532e+03,3.860473798231672582e+00
9.905277216671740462e+03,3.860473761864363862e+00
9.905277238001419391e+03,3.860473725498664077e+00
9.905277259331100140e+03,3.860473689134569231e+00
9.905277280660779070e+03,3.860473652772086428e+00
9.905277301990458000e+03,3.860473616411212117e+00
9.905277323320136929e+03,3.860473580051947184e+00
9.905277344649815859e+03,3.860473543694291632e+00
9.905277365979496608e+03,3.860473507338241017e+00
9.905277387309175538e+03,3.860473470983803779e+00
9.905277408638854467e+03,3.860473434630975476e+00
9.905277429968533397e+03,3.860473398279757440e+00
9.905277451298212327e+03,3.860473361930148339e+00
9.905277472627893076e+03,3.860473325582145510e+00
9.905277493957572005e+03,3.860473289235756500e+00
9.905277515287250935e+03,3.860473252890977314e+00
9.905277536616929865e+03,3.860473216547807951e+00
9.905277557946608795e+03,3.860473180206248855e+00
9.905277579276287724e+03,3.860473143866299583e+00
9.905277600605968473e+03,3.860473107527958359e+00
9.905277621935647403e+03,3.860473071191230066e+00
9.905277643265326333e+03,3.860473034856113372e+00
9.905277664595005263e+03,3.860472998522606058e+00
9.905277685924684192e+03,3.860472962190710344e+00
9.905277707254364941e+03,3.860472925860422677e+00
9.905277728584043871e+03,3.860472889531749718e+00
9.905277749913722801e+03,3.860472853204687471e+00
9.905277771243401730e+03,3.860472816879235491e+00
9.905277792573080660e+03,3.860472780555396000e+00
9.905277813902759590e+03,3.860472744233168108e+00
9.905277835232440339e+03,3.860472707912548707e+00
9.905277856562119268e+03,3.860472671593544014e+00
9.905277877891798198e+03,3.860472635276150921e+00
9.905277899221477128e+03,3.860472598960370316e+00
9.905277920551156058e+03,3.860472562646200867e+00
9.905277941880836806e+03,3.860472526333640797e+00
9.905277963210515736e+03,3.860472490022696768e+00
9.905277984540194666e+03,3.860472453713364782e+00
9.905278005869873596e+03,3.860472417405645285e+00
9.905278027199552525e+03,3.860472381099538275e+00
9.905278048529231455e+03,3.860472344795044641e+00
9.905278069858912204e+03,3.860472308492160387e+00
9.905278091188591134e+03,3.860472272190891285e+00
9.905278112518270063e+03,3.860472235891236448e+00
9.905278133847948993e+03,3.860472199593194542e+00
9.905278155177627923e+03,3.860472163296766013e+00
9.905278176507308672e+03,3.860472127001947307e+00
9.905278197836987601e+03,3.860472090708745529e+00
9.905278219166666531e+03,3.860472054417158017e+00
9.905278240496345461e+03,3.860472018127183436e+00
9.905278261826024391e+03,3.860471981838823119e+00
9.905278283155705140e+03,3.860471945552073070e+00
9.905278304485384069e+03,3.860471909266940393e+00
9.905278325815062999e+03,3.860471872983422870e+00
9.905278347144741929e+03,3.860471836701518278e+00
9.905278368474420859e+03,3.860471800421229283e+00
9.905278389804099788e+03,3.860471764142554107e+00
9.905278411133780537e+03,3.860471727865490532e+00
9.905278432463459467e+03,3.860471691590044330e+00
9.905278453793138397e+03,3.860471655316214168e+00
9.905278475122817326e+03,3.860471619043998270e+00
9.905278496452496256e+03,3.860471582773397525e+00
9.905278517782177005e+03,3.860471546504408824e+00
9.905278539111855935e+03,3.860471510237038828e+00
9.905278560441534864e+03,3.860471473971283984e+00
9.905278581771213794e+03,3.860471437707144293e+00
9.905278603100892724e+03,3.860471401444621087e+00
9.905278624430571654e+03,3.860471365183712589e+00
9.905278645760252402e+03,3.860471328924417911e+00
9.905278667089931332e+03,3.860471292666741938e+00
9.905278688419610262e+03,3.860471256410681118e+00
9.905278709749289192e+03,3.860471220156238115e+00
9.905278731078968121e+03,3.860471183903409820e+00
9.905278752408648870e+03,3.860471147652196233e+00
9.905278773738327800e+03,3.860471111402601352e+00
9.905278795068006730e+03,3.860471075154623399e+00
9.905278816397685659e+03,3.860471038908262376e+00
9.905278837727364589e+03,3.860471002663518281e+00
9.905278859057043519e+03,3.860470966420391115e+00
9.905278880386724268e+03,3.860470930178877769e+00
9.905278901716403197e+03,3.860470893938984016e+00
9.905278923046082127e+03,3.860470857700708081e+00
9.905278944375761057e+03,3.860470821464049518e+00
9.905278965705439987e+03,3.860470785229009216e+00
9.905278987035120736e+03,3.860470748995582735e+00
9.905279008364799665e+03,3.860470712763777179e+00
9.905279029694478595e+03,3.860470676533589440e+00
9.905279051024157525e+03,3.860470640305020407e+00
9.905279072353836455e+03,3.860470604078068746e+00
9.905279093683515384e+03,3.860470567852735346e+00
9.905279115013196133e+03,3.860470531629016655e+00
9.905279136342875063e+03,3.860470495406919778e+00
9.905279157672553993e+03,3.860470459186442049e+00
9.905279179002232922e+03,3.860470422967582582e+00
9.905279200331911852e+03,3.860470386750341376e+00
9.905279221661592601e+03,3.860470350534716655e+00
9.905279242991271531e+03,3.860470314320713747e+00
9.905279264320950460e+03,3.860470278108329989e+00
9.905279285650629390e+03,3.860470241897564936e+00
9.905279306980308320e+03,3.860470205688419476e+00
9.905279328309989069e+03,3.860470169480890057e+00
9.905279349639667998e+03,3.860470133274983784e+00
9.905279370969346928e+03,3.860470097070697104e+00
9.905279392299025858e+03,3.860470060868030462e+00
9.905279413628704788e+03,3.860470024666982969e+00
9.905279434958383717e+03,3.860469988467555513e+00
9.905279456288064466e+03,3.860469952269744986e+00
9.905279477617743396e+03,3.860469916073558494e+00
9.905279498947422326e+03,3.860469879878991595e+00
9.905279520277101255e+03,3.860469843686044733e+00
9.905279541606780185e+03,3.860469807494718797e+00
9.905279562936460934e+03,3.860469771305011122e+00
9.905279584266139864e+03,3.860469735116926593e+00
9.905279605595818794e+03,3.860469698930462545e+00
9.905279626925497723e+03,3.860469662745620756e+00
9.905279648255176653e+03,3.860469626562398560e+00
9.905279669584855583e+03,3.860469590380798621e+00
9.905279690914536332e+03,3.860469554200815612e+00
9.905279712244215261e+03,3.860469518022457969e+00
9.905279733573894191e+03,3.860469481845722139e+00
9.905279754903573121e+03,3.860469445670607680e+00
9.905279776233252051e+03,3.860469409497114590e+00
9.905279797562932799e+03,3.860469373325241094e+00
9.905279818892611729e+03,3.860469337154991631e+00
9.905279840222290659e+03,3.860469300986364871e+00
9.905279861551969589e+03,3.860469264819359925e+00
9.905279882881648518e+03,3.860469228653977680e+00
9.905279904211327448e+03,3.860469192490217694e+00
9.905279925541008197e+03,3.860469156328076856e+00
9.905279946870687127e+03,3.860469120167561830e+00
9.905279968200366056e+03,3.860469084008669505e+00
9.905279989530044986e+03,3.860469047851399882e+00
9.905280010859723916e+03,3.860469011695753405e+00
9.905280032189404665e+03,3.860468975541726966e+00
9.905280053519083594e+03,3.860468939389326781e+00
9.905280074848762524e+03,3.860468903238550631e+00
9.905280096178441454e+03,3.860468867089397182e+00
9.905280117508120384e+03,3.860468830941866880e+00
9.905280138837801132e+03,3.860468794795957503e+00
9.905280160167480062e+03,3.860468758651674825e+00
9.905280181497158992e+03,3.860468722509015738e+00
9.905280202826837922e+03,3.860468686367980684e+00
9.905280224156516852e+03,3.860468650228570109e+00
9.905280245486195781e+03,3.860468614090783568e+00
9.905280266815876530e+03,3.860468577954617952e+00
9.905280288145555460e+03,3.860468541820080368e+00
9.905280309475234390e+03,3.860468505687166374e+00
9.905280330804913319e+03,3.860468469555878190e+00
9.905280352134592249e+03,3.860468433426213597e+00
9.905280373464272998e+03,3.860468397298171261e+00
9.905280394793951928e+03,3.860468361171757401e+00
9.905280416123630857e+03,3.860468325046968463e+00
9.905280437453309787e+03,3.860468288923803559e+00
9.905280458782988717e+03,3.860468252802264910e+00
9.905280480112667647e+03,3.860468216682351184e+00
9.905280501442348395e+03,3.860468180564060159e+00
9.905280522772027325e+03,3.860468144447398497e+00
9.905280544101706255e+03,3.860468108332361314e+00
9.905280565431385185e+03,3.860468072218950830e+00
9.905280586761064114e+03,3.860468036107166157e+00
9.905280608090744863e+03,3.860467999997004185e+00
9.905280629420423793e+03,3.860467963888471576e+00
9.905280650750102723e+03,3.860467927781565667e+00
9.905280672079781652e+03,3.860467891676285124e+00
9.905280693409460582e+03,3.860467855572631724e+00
9.905280714739139512e+03,3.860467819470605022e+00
9.905280736068820261e+03,3.860467783370201911e+00
9.905280757398499190e+03,3.860467747271428607e+00
9.905280778728178120e+03,3.860467711174282002e+00
9.905280800057857050e+03,3.860467675078763428e+00
9.905280821387535980e+03,3.860467638984870220e+00
9.905280842717216728e+03,3.860467602892602379e+00
9.905280864046895658e+03,3.860467566801964789e+00
9.905280885376574588e+03,3.860467530712955231e+00
9.905280906706253518e+03,3.860467494625572815e+00
9.905280928035932448e+03,3.860467458539818431e+00
9.905280949365611377e+03,3.860467422455690745e+00
9.905280970695292126e+03,3.860467386373189314e+00
9.905280992024971056e+03,3.860467350292318578e+00
9.905281013354649986e+03,3.860467314213075429e+00
9.905281034684328915e+03,3.860467278135461200e+00
9.905281056014007845e+03,3.860467242059474557e+00
9.905281077343688594e+03,3.860467205985113726e+00
9.905281098673367524e+03,3.860467169912385366e+00
9.905281120003046453e+03,3.860467133841285037e+00
9.905281141332725383e+03,3.860467097771813183e+00
9.905281162662404313e+03,3.860467061703970248e+00
9.905281183992085062e+03,3.860467025637754013e+00
9.905281205321763991e+03,3.860466989573169805e+00
9.905281226651442921e+03,3.860466953510214072e+00
9.905281247981121851e+03,3.860466917448888591e+00
9.905281269310800781e+03,3.860466881389192473e+00
9.905281290640479710e+03,3.860466845331125718e+00
9.905281311970160459e+03,3.860466809274685662e+00
9.905281333299839389e+03,3.860466773219877634e+00
9.905281354629518319e+03,3.860466737166701190e+00
9.905281375959197248e+03,3.860466701115153665e+00
9.905281397288876178e+03,3.860466665065236391e+00
9.905281418618556927e+03,3.860466629016946261e+00
9.905281439948235857e+03,3.860466592970290378e+00
9.905281461277914786e+03,3.860466556925263859e+00
9.905281482607593716e+03,3.860466520881868480e+00
9.905281503937272646e+03,3.860466484840103796e+00
9.905281525266951576e+03,3.860466448799969807e+00
9.905281546596632325e+03,3.860466412761463406e+00
9.905281567926311254e+03,3.860466376724591697e+00
9.905281589255990184e+03,3.860466340689350684e+00
9.905281610585669114e+03,3.860466304655741254e+00
9.905281631915348044e+03,3.860466268623762520e+00
9.905281653245028792e+03,3.860466232593413149e+00
9.905281674574707722e+03,3.860466196564697583e+00
9.905281695904386652e+03,3.860466160537614488e+00
9.905281717234065582e+03,3.860466124512162089e+00
9.905281738563744511e+03,3.860466088488342162e+00
9.905281759893423441e+03,3.860466052466154707e+00
9.905281781223104190e+03,3.860466016445595727e+00
9.905281802552783120e+03,3.860465980426672328e+00
9.905281823882462049e+03,3.860465944409380956e+00
9.905281845212140979e+03,3.860465908393722501e+00
9.905281866541819909e+03,3.860465872379696517e+00
9.905281887871500658e+03,3.860465836367300341e+00
9.905281909201179587e+03,3.860465800356539301e+00
9.905281930530858517e+03,3.860465764347412065e+00
9.905281951860537447e+03,3.860465728339916414e+00
9.905281973190216377e+03,3.860465692334055010e+00
9.905281994519897125e+03,3.860465656329823414e+00
9.905282015849576055e+03,3.860465620327228287e+00
9.905282037179254985e+03,3.860465584326266963e+00
9.905282058508933915e+03,3.860465548326939000e+00
9.905282079838612844e+03,3.860465512329244842e+00
9.905282101168291774e+03,3.860465476333183599e+00
9.905282122497972523e+03,3.860465440338754384e+00
9.905282143827651453e+03,3.860465404345961193e+00
9.905282165157330382e+03,3.860465368354802695e+00
9.905282186487009312e+03,3.860465332365278890e+00
9.905282207816688242e+03,3.860465296377388444e+00
9.905282229146368991e+03,3.860465260391130471e+00
9.905282250476047921e+03,3.860465224406508966e+00
9.905282271805726850e+03,3.860465188423522598e+00
9.905282293135405780e+03,3.860465152442171366e+00
9.905282314465084710e+03,3.860465116462454382e+00
9.905282335794763640e+03,3.860465080484372091e+00
9.905282357124444388e+03,3.860465044507922716e+00
9.905282378454123318e+03,3.860465008533111586e+00
9.905282399783802248e+03,3.860464972559935592e+00
9.905282421113481178e+03,3.860464936588395179e+00
9.905282442443160107e+03,3.860464900618489903e+00
9.905282463772840856e+03,3.860464864650217542e+00
9.905282485102519786e+03,3.860464828683582983e+00
9.905282506432198716e+03,3.860464792718585780e+00
9.905282527761877645e+03,3.860464756755224158e+00
9.905282549091556575e+03,3.860464720793498561e+00
9.905282570421235505e+03,3.860464684833408988e+00
9.905282591750916254e+03,3.860464648874952331e+00
9.905282613080595183e+03,3.860464612918135696e+00
9.905282634410274113e+03,3.860464576962955086e+00
9.905282655739953043e+03,3.860464541009411388e+00
9.905282677069631973e+03,3.860464505057505047e+00
9.905282698399312721e+03,3.860464469107231622e+00
9.905282719728991651e+03,3.860464433158598663e+00
9.905282741058670581e+03,3.860464397211602616e+00
9.905282762388349511e+03,3.860464361266243927e+00
9.905282783718028440e+03,3.860464325322523038e+00
9.905282805047707370e+03,3.860464289380438618e+00
9.905282826377388119e+03,3.860464253439989335e+00
9.905282847707067049e+03,3.860464217501180961e+00
9.905282869036745979e+03,3.860464181564009500e+00
9.905282890366424908e+03,3.860464145628475841e+00
9.905282911696103838e+03,3.860464109694581314e+00
9.905282933025784587e+03,3.860464073762321036e+00
9.905282954355463517e+03,3.860464037831701667e+00
9.905282975685142446e+03,3.860464001902720543e+00
9.905282997014821376e+03,3.860463965975378553e+00
9.905283018344500306e+03,3.860463930049674808e+00
9.905283039674181055e+03,3.860463894125607087e+00
9.905283061003859984e+03,3.860463858203180720e+00
9.905283082333538914e+03,3.860463822282392155e+00
9.905283103663217844e+03,3.860463786363244498e+00
9.905283124992896774e+03,3.860463750445734643e+00
9.905283146322575703e+03,3.860463714529864365e+00
9.905283167652256452e+03,3.860463678615629668e+00
9.905283188981935382e+03,3.860463642703038101e+00
9.905283210311614312e+03,3.860463606792086111e+00
9.905283231641293241e+03,3.860463570882773698e+00
9.905283252970972171e+03,3.860463534975101307e+00
9.905283274300652920e+03,3.860463499069064941e+00
9.905283295630331850e+03,3.860463463164671705e+00
9.905283316960010779e+03,3.860463427261918934e+00
9.905283338289689709e+03,3.860463391360805741e+00
9.905283359619368639e+03,3.860463355461333457e+00
9.905283380949047569e+03,3.860463319563501638e+00
9.905283402278728317e+03,3.860463283667306733e+00
9.905283423608407247e+03,3.860463247772754958e+00
9.905283444938086177e+03,3.860463211879844536e+00
9.905283466267765107e+03,3.860463175988575912e+00
9.905283487597444037e+03,3.860463140098946422e+00
9.905283508927124785e+03,3.860463104210956065e+00
9.905283530256803715e+03,3.860463068324609726e+00
9.905283551586482645e+03,3.860463032439904740e+00
9.905283572916161575e+03,3.860462996556841109e+00
9.905283594245840504e+03,3.860462960675418831e+00
9.905283615575519434e+03,3.860462924795638351e+00
9.905283636905200183e+03,3.860462888917496116e+00
9.905283658234879113e+03,3.860462853040998787e+00
9.905283679564558042e+03,3.860462817166144145e+00
9.905283700894236972e+03,3.860462781292930412e+00
9.905283722223915902e+03,3.860462745421359365e+00
9.905283743553596651e+03,3.860462709551427896e+00
9.905283764883275580e+03,3.860462673683140888e+00
9.905283786212954510e+03,3.860462637816497455e+00
9.905283807542633440e+03,3.860462601951495820e+00
9.905283828872312370e+03,3.860462566088137759e+00
9.905283850201993118e+03,3.860462530226418387e+00
9.905283871531672048e+03,3.860462494366345254e+00
9.905283892861350978e+03,3.860462458507915695e+00
9.905283914191029908e+03,3.860462422651128822e+00
9.905283935520708837e+03,3.860462386795985523e+00
9.905283956850387767e+03,3.860462350942484910e+00
9.905283978180068516e+03,3.860462315090624763e+00
9.905283999509747446e+03,3.860462279240411743e+00
9.905284020839426375e+03,3.860462243391842296e+00
9.905284042169105305e+03,3.860462207544916868e+00
9.905284063498784235e+03,3.860462171699635459e+00
9.905284084828464984e+03,3.860462135855994514e+00
9.905284106158143913e+03,3.860462100014000697e+00
9.905284127487822843e+03,3.860462064173651342e+00
9.905284148817501773e+03,3.860462028334945561e+00
9.905284170147180703e+03,3.860461992497885131e+00
9.905284191476859633e+03,3.860461956662469163e+00
9.905284212806540381e+03,3.860461920828694549e+00
9.905284234136219311e+03,3.860461884996568394e+00
9.905284255465898241e+03,3.860461849166086701e+00
9.905284276795577171e+03,3.860461813337249470e+00
9.905284298125256100e+03,3.860461777510058479e+00
9.905284319454936849e+03,3.860461741684508841e+00
9.905284340784615779e+03,3.860461705860607662e+00
9.905284362114294709e+03,3.860461670038352278e+00
9.905284383443973638e+03,3.860461634217742244e+00
9.905284404773652568e+03,3.860461598398777117e+00
9.905284426103331498e+03,3.860461562581458672e+00
9.905284447433012247e+03,3.860461526765783358e+00
9.905284468762691176e+03,3.860461490951756058e+00
9.905284490092370106e+03,3.860461455139375442e+00
9.905284511422049036e+03,3.860461419328641064e+00
9.905284532751727966e+03,3.860461383519552925e+00
9.905284554081408714e+03,3.860461347712107472e+00
9.905284575411087644e+03,3.860461311906312254e+00
9.905284596740766574e+03,3.860461276102164163e+00
9.905284618070445504e+03,3.860461240299662311e+00
9.905284639400124433e+03,3.860461204498807142e+00
9.905284660729803363e+03,3.860461168699599099e+00
9.905284682059484112e+03,3.860461132902035519e+00
9.905284703389163042e+03,3.860461097106121287e+00
9.905284724718841971e+03,3.860461061311855069e+00
9.905284746048520901e+03,3.860461025519236422e+00
9.905284767378199831e+03,3.860460989728264902e+00
9.905284788707880580e+03,3.860460953938937845e+00
9.905284810037559510e+03,3.860460918151261023e+00
9.905284831367238439e+03,3.860460882365233104e+00
9.905284852696917369e+03,3.860460846580852756e+00
9.905284874026596299e+03,3.860460810798121312e+00
9.905284895356277048e+03,3.860460775017033441e+00
9.905284916685955977e+03,3.860460739237598027e+00
9.905284938015634907e+03,3.860460703459810183e+00
9.905284959345313837e+03,3.860460667683671687e+00
9.905284980674992767e+03,3.860460631909181206e+00
9.905285002004671696e+03,3.860460596136340072e+00
9.905285023334352445e+03,3.860460560365144289e+00
9.905285044664031375e+03,3.860460524595600074e+00
9.905285065993710305e+03,3.860460488827706094e+00
9.905285087323389234e+03,3.860460453061460573e+00
9.905285108653068164e+03,3.860460417296863955e+00
9.905285129982748913e+03,3.860460381533913576e+00
9.905285151312427843e+03,3.860460345772616986e+00
9.905285172642106772e+03,3.860460310012969298e+00
9.905285193971785702e+03,3.860460274254970958e+00
9.905285215301464632e+03,3.860460238498622410e+00
9.905285236631143562e+03,3.860460202743924540e+00
9.905285257960824310e+03,3.860460166990872910e+00
9.905285279290503240e+03,3.860460131239475068e+00
9.905285300620182170e+03,3.860460095489727017e+00
9.905285321949861100e+03,3.860460059741629646e+00
9.905285343279540029e+03,3.860460023995182510e+00
9.905285364609220778e+03,3.860459988250382946e+00
9.905285385938899708e+03,3.860459952507237613e+00
9.905285407268578638e+03,3.860459916765742960e+00
9.905285428598257568e+03,3.860459881025898543e+00
9.905285449927936497e+03,3.860459845287705694e+00
9.905285471257615427e+03,3.860459809551163524e+00
9.905285492587296176e+03,3.860459773816269813e+00
9.905285513916975106e+03,3.860459738083031223e+00
9.905285535246654035e+03,3.860459702351443312e+00
9.905285556576332965e+03,3.860459666621507413e+00
9.905285577906011895e+03,3.860459630893223082e+00
9.905285599235692644e+03,3.860459595166586766e+00
9.905285620565371573e+03,3.860459559441605570e+00
9.905285641895050503e+03,3.860459523718277275e+00
9.905285663224729433e+03,3.860459487996600103e+00
9.905285684554408363e+03,3.860459452276575831e+00
9.905285705884089111e+03,3.860459416558200907e+00
9.905285727213768041e+03,3.860459380841481547e+00
9.905285748543446971e+03,3.860459345126413755e+00
9.905285769873125901e+03,3.860459309412999751e+00
9.905285791202804830e+03,3.860459273701238203e+00
9.905285812532483760e+03,3.860459237991129111e+00
9.905285833862164509e+03,3.860459202282670699e+00
9.905285855191843439e+03,3.860459166575867851e+00
9.905285876521522368e+03,3.860459130870717903e+00
9.905285897851201298e+03,3.860459095167222632e+00
9.905285919180880228e+03,3.860459059465379816e+00
9.905285940510560977e+03,3.860459023765187681e+00
9.905285961840239906e+03,3.860458988066651553e+00
9.905285983169918836e+03,3.860458952369770547e+00
9.905286004499597766e+03,3.860458916674541996e+00
9.905286025829276696e+03,3.860458880980968566e+00
9.905286047158955625e+03,3.860458845289048480e+00
9.905286068488636374e+03,3.860458809598779517e+00
9.905286089818315304e+03,3.860458773910168784e+00
9.905286111147994234e+03,3.860458738223211395e+00
9.905286132477673164e+03,3.860458702537909570e+00
9.905286153807352093e+03,3.860458666854261534e+00
9.905286175137032842e+03,3.860458631172265509e+00
9.905286196466711772e+03,3.860458595491926825e+00
9.905286217796390702e+03,3.860458559813244594e+00
9.905286239126069631e+03,3.860458524136216152e+00
9.905286260455748561e+03,3.860458488460843274e+00
9.905286281785427491e+03,3.860458452787125072e+00
9.905286303115108240e+03,3.860458417115060659e+00
9.905286324444787169e+03,3.860458381444653586e+00
9.905286345774466099e+03,3.860458345775902522e+00
9.905286367104145029e+03,3.860458310108806579e+00
9.905286388433823959e+03,3.860458274443367532e+00
9.905286409763504707e+03,3.860458238779581386e+00
9.905286431093183637e+03,3.860458203117453468e+00
9.905286452422862567e+03,3.860458167456982004e+00
9.905286473752541497e+03,3.860458131798166992e+00
9.905286495082220426e+03,3.860458096141007989e+00
9.905286516411899356e+03,3.860458060485506326e+00
9.905286537741580105e+03,3.860458024831657564e+00
9.905286559071259035e+03,3.860457989179468807e+00
9.905286580400937964e+03,3.860457953528936059e+00
9.905286601730616894e+03,3.860457917880061096e+00
9.905286623060295824e+03,3.860457882232842586e+00
9.905286644389976573e+03,3.860457846587278752e+00
9.905286665719655502e+03,3.860457810943374923e+00
9.905286687049334432e+03,3.860457775301128880e+00
9.905286708379013362e+03,3.860457739660539733e+00
9.905286729708692292e+03,3.860457704021609260e+00
9.905286751038373041e+03,3.860457668384332131e+00
9.905286772368051970e+03,3.860457632748716783e+00
9.905286793697730900e+03,3.860457597114758332e+00
9.905286815027409830e+03,3.860457561482458111e+00
9.905286836357088760e+03,3.860457525851817007e+00
9.905286857686767689e+03,3.860457490222833243e+00
9.905286879016448438e+03,3.860457454595505489e+00
9.905286900346127368e+03,3.860457418969839072e+00
9.905286921675806298e+03,3.860457383345830884e+00
9.905286943005485227e+03,3.860457347723481369e+00
9.905286964335164157e+03,3.860457312102790528e+00
9.905286985664844906e+03,3.860457276483755251e+00
9.905287006994523836e+03,3.860457240866383088e+00
9.905287028324202765e+03,3.860457205250669599e+00
9.905287049653881695e+03,3.860457169636614339e+00
9.905287070983560625e+03,3.860457134024219528e+00
9.905287092313239555e+03,3.860457098413484278e+00
9.905287113642920303e+03,3.860457062804404593e+00
9.905287134972599233e+03,3.860457027196988022e+00
9.905287156302278163e+03,3.860456991591231457e+00
9.905287177631957093e+03,3.860456955987134453e+00
9.905287198961636022e+03,3.860456920384697899e+00
9.905287220291316771e+03,3.860456884783917797e+00
9.905287241620995701e+03,3.860456849184801698e+00
9.905287262950674631e+03,3.860456813587345604e+00
9.905287284280353560e+03,3.860456777991549959e+00
9.905287305610032490e+03,3.860456742397414320e+00
9.905287326939711420e+03,3.860456706804939131e+00
9.905287348269392169e+03,3.860456671214122615e+00
9.905287369599071098e+03,3.860456635624969657e+00
9.905287390928750028e+03,3.860456600037477592e+00
9.905287412258428958e+03,3.860456564451645978e+00
9.905287433588107888e+03,3.860456528867476589e+00
9.905287454917788637e+03,3.860456493284965429e+00
9.905287476247467566e+03,3.860456457704117827e+00
9.905287497577146496e+03,3.860456422124932452e+00
9.905287518906825426e+03,3.860456386547407970e+00
9.905287540236504356e+03,3.860456350971545714e+00
9.905287561566185104e+03,3.860456315397342575e+00
9.905287582895864034e+03,3.860456279824804326e+00
9.905287604225542964e+03,3.860456244253927860e+00
9.905287625555221894e+03,3.860456208684713175e+00
9.905287646884900823e+03,3.860456173117161605e+00
9.905287668214579753e+03,3.860456137551271816e+00
9.905287689544260502e+03,3.860456101987041588e+00
9.905287710873939432e+03,3.860456066424476695e+00
9.905287732203618361e+03,3.860456030863575361e+00
9.905287753533297291e+03,3.860455995304336252e+00
9.905287774862976221e+03,3.860455959746759813e+00
9.905287796192656970e+03,3.860455924190843824e+00
9.905287817522335899e+03,3.860455888636593613e+00
9.905287838852014829e+03,3.860455853084007405e+00
9.905287860181693759e+03,3.860455817533084311e+00
9.905287881511372689e+03,3.860455781983824330e+00
9.905287902841051618e+03,3.860455746436228353e+00
9.905287924170732367e+03,3.860455710890292380e+00
9.905287945500411297e+03,3.860455675346023963e+00
9.905287966830090227e+03,3.860455639803419103e+00
9.905287988159769156e+03,3.860455604262477802e+00
9.905288009489448086e+03,3.860455568723200948e+00
9.905288030819128835e+03,3.860455533185585875e+00
9.905288052148807765e+03,3.860455497649637469e+00
9.905288073478486695e+03,3.860455462115353509e+00
9.905288094808165624e+03,3.860455426582734884e+00
9.905288116137844554e+03,3.860455391051780261e+00
9.905288137467523484e+03,3.860455355522490528e+00
9.905288158797204233e+03,3.860455319994863022e+00
9.905288180126883162e+03,3.860455284468902626e+00
9.905288201456562092e+03,3.860455248944608453e+00
9.905288222786241022e+03,3.860455213421978726e+00
9.905288244115919952e+03,3.860455177901014334e+00
9.905288265445600700e+03,3.860455142381712168e+00
9.905288286775279630e+03,3.860455106864079777e+00
9.905288308104958560e+03,3.860455071348111833e+00
9.905288329434637490e+03,3.860455035833809667e+00
9.905288350764316419e+03,3.860455000321174168e+00
9.905288372093995349e+03,3.860454964810204004e+00
9.905288393423676098e+03,3.860454929300896953e+00
9.905288414753355028e+03,3.860454893793259235e+00
9.905288436083033957e+03,3.860454858287287738e+00
9.905288457412712887e+03,3.860454822782982909e+00
9.905288478742391817e+03,3.860454787280344746e+00
9.905288500072072566e+03,3.860454751779369698e+00
9.905288521401751495e+03,3.860454716280064869e+00
9.905288542731430425e+03,3.860454680782426706e+00
9.905288564061109355e+03,3.860454645286455211e+00
9.905288585390788285e+03,3.860454609792150382e+00
9.905288606720469033e+03,3.860454574299510888e+00
9.905288628050147963e+03,3.860454538808540725e+00
9.905288649379826893e+03,3.860454503319238118e+00
9.905288670709505823e+03,3.860454467831603065e+00
9.905288692039184753e+03,3.860454432345636455e+00
9.905288713368863682e+03,3.860454396861336512e+00
9.905288734698544431e+03,3.860454361378701460e+00
9.905288756028223361e+03,3.860454325897737515e+00
9.905288777357902291e+03,3.860454290418441570e+00
9.905288798687581220e+03,3.860454254940813623e+00
9.905288820017260150e+03,3.860454219464854564e+00
9.905288841346940899e+03,3.860454183990559951e+00
9.905288862676619829e+03,3.860454148517937778e+00
9.905288884006298758e+03,3.860454113046983604e+00
9.905288905335977688e+03,3.860454077577698317e+00
9.905288926665656618e+03,3.860454042110082362e+00
9.905288947995335548e+03,3.860454006644134406e+00
9.905288969325016296e+03,3.860453971179853117e+00
9.905288990654695226e+03,3.860453935717242935e+00
9.905289011984374156e+03,3.860453900256302973e+00
9.905289033314053086e+03,3.860453864797032342e+00
9.905289054643732015e+03,3.860453829339430598e+00
9.905289075973412764e+03,3.860453793883495521e+00
9.905289097303091694e+03,3.860453758429232884e+00
9.905289118632770624e+03,3.860453722976640911e+00
9.905289139962449553e+03,3.860453687525718713e+00
9.905289161292128483e+03,3.860453652076465847e+00
9.905289182621807413e+03,3.860453616628882756e+00
9.905289203951488162e+03,3.860453581182967664e+00
9.905289225281167091e+03,3.860453545738725900e+00
9.905289246610846021e+03,3.860453510296154356e+00
9.905289267940524951e+03,3.860453474855253475e+00
9.905289289270203881e+03,3.860453439416023258e+00
9.905289310599884629e+03,3.860453403978460152e+00
9.905289331929563559e+03,3.860453368542571706e+00
9.905289353259242489e+03,3.860453333108353924e+00
9.905289374588921419e+03,3.860453297675807693e+00
9.905289395918600349e+03,3.860453262244931683e+00
9.905289417248281097e+03,3.860453226815724559e+00
9.905289438577960027e+03,3.860453191388191652e+00
9.905289459907638957e+03,3.860453155962330740e+00
9.905289481237317887e+03,3.860453120538140492e+00
9.905289502566996816e+03,3.860453085115622240e+00
9.905289523896675746e+03,3.860453049694776428e+00
9.905289545226356495e+03,3.860453014275599504e+00
9.905289566556035425e+03,3.860452978858097683e+00
9.905289587885714354e+03,3.860452943442267859e+00
9.905289609215393284e+03,3.860452908028110031e+00
9.905289630545072214e+03,3.860452872615624642e+00
9.905289651874752963e+03,3.860452837204809029e+00
9.905289673204431892e+03,3.860452801795668076e+00
9.905289694534110822e+03,3.860452766388201340e+00
9.905289715863789752e+03,3.860452730982406599e+00
9.905289737193468682e+03,3.860452695578284299e+00
9.905289758523147611e+03,3.860452660175835771e+00
9.905289779852828360e+03,3.860452624775057018e+00
9.905289801182507290e+03,3.860452589375955146e+00
9.905289822512186220e+03,3.860452553978525714e+00
9.905289843841865149e+03,3.860452518582770054e+00
9.905289865171544079e+03,3.860452483188688166e+00
9.905289886501224828e+03,3.860452447796277387e+00
9.905289907830903758e+03,3.860452412405542599e+00
9.905289929160582687e+03,3.860452377016481584e+00
9.905289950490261617e+03,3.860452341629095674e+00
9.905289971819940547e+03,3.860452306243383536e+00
9.905289993149619477e+03,3.860452270859344281e+00
9.905290014479300226e+03,3.860452235476977467e+00
9.905290035808979155e+03,3.860452200096287978e+00
9.905290057138658085e+03,3.860452164717273593e+00
9.905290078468337015e+03,3.860452129339932981e+00
9.905290099798015945e+03,3.860452093964267473e+00
9.905290121127696693e+03,3.860452058590273960e+00
9.905290142457375623e+03,3.860452023217958661e+00
9.905290163787054553e+03,3.860451987847317135e+00
9.905290185116733483e+03,3.860451952478352489e+00
9.905290206446412412e+03,3.860451917111062503e+00
9.905290227776091342e+03,3.860451881745447622e+00
9.905290249105772091e+03,3.860451846381505625e+00
9.905290270435451021e+03,3.860451811019241841e+00
9.905290291765129950e+03,3.860451775658654050e+00
9.905290313094808880e+03,3.860451740299742251e+00
9.905290334424487810e+03,3.860451704942506446e+00
9.905290355754168559e+03,3.860451669586943080e+00
9.905290377083847488e+03,3.860451634233059703e+00
9.905290398413526418e+03,3.860451598880852320e+00
9.905290419743205348e+03,3.860451563530320929e+00
9.905290441072884278e+03,3.860451528181467307e+00
9.905290462402565026e+03,3.860451492834285681e+00
9.905290483732243956e+03,3.860451457488784488e+00
9.905290505061922886e+03,3.860451422144960176e+00
9.905290526391601816e+03,3.860451386802812301e+00
9.905290547721280745e+03,3.860451351462342195e+00
9.905290569050959675e+03,3.860451316123548970e+00
9.905290590380640424e+03,3.860451280786429962e+00
9.905290611710319354e+03,3.860451245450990942e+00
9.905290633039998283e+03,3.860451210117230136e+00
9.905290654369677213e+03,3.860451174785146655e+00
9.905290675699356143e+03,3.860451139454740943e+00
9.905290697029036892e+03,3.860451104126009447e+00
9.905290718358715822e+03,3.860451068798959273e+00
9.905290739688394751e+03,3.860451033473587312e+00
9.905290761018073681e+03,3.860450998149892676e+00
9.905290782347752611e+03,3.860450962827877142e+00
9.905290803677431541e+03,3.860450927507539376e+00
9.905290825007112289e+03,3.860450892188877159e+00
9.905290846336791219e+03,3.860450856871897152e+00
9.905290867666470149e+03,3.860450821556594470e+00
9.905290888996149079e+03,3.860450786242971777e+00
9.905290910325828008e+03,3.860450750931027741e+00
9.905290931655508757e+03,3.860450715620758810e+00
9.905290952985187687e+03,3.860450680312172977e+00
9.905290974314866617e+03,3.860450645005265802e+00
9.905290995644545546e+03,3.860450609700038616e+00
9.905291016974224476e+03,3.860450574396490087e+00
9.905291038303903406e+03,3.860450539094621991e+00
9.905291059633584155e+03,3.860450503794429888e+00
9.905291080963263084e+03,3.860450468495919996e+00
9.905291102292942014e+03,3.860450433199090980e+00
9.905291123622620944e+03,3.860450397903941511e+00
9.905291144952299874e+03,3.860450362610471586e+00
9.905291166281980622e+03,3.860450327318679875e+00
9.905291187611659552e+03,3.860450292028570818e+00
9.905291208941338482e+03,3.860450256740141750e+00
9.905291230271017412e+03,3.860450221453393560e+00
9.905291251600696341e+03,3.860450186168326248e+00
9.905291272930377090e+03,3.860450150884936260e+00
9.905291294260056020e+03,3.860450115603230703e+00
9.905291315589734950e+03,3.860450080323205579e+00
9.905291336919413880e+03,3.860450045044861334e+00
9.905291358249092809e+03,3.860450009768199298e+00
9.905291379578771739e+03,3.860449974493217695e+00
9.905291400908452488e+03,3.860449939219914306e+00
9.905291422238131418e+03,3.860449903948294903e+00
9.905291443567810347e+03,3.860449868678358598e+00
9.905291464897489277e+03,3.860449833410102727e+00
9.905291486227168207e+03,3.860449798143528621e+00
9.905291507556848956e+03,3.860449762878634061e+00
9.905291528886527885e+03,3.860449727615424820e+00
9.905291550216206815e+03,3.860449692353896900e+00
9.905291571545885745e+03,3.860449657094051190e+00
9.905291592875564675e+03,3.860449621835888134e+00
9.905291614205243604e+03,3.860449586579407733e+00
9.905291635534924353e+03,3.860449551324606432e+00
9.905291656864603283e+03,3.860449516071490894e+00
9.905291678194282213e+03,3.860449480820058898e+00
9.905291699523961142e+03,3.860449445570308669e+00
9.905291720853640072e+03,3.860449410322241537e+00
9.905291742183320821e+03,3.860449375075855727e+00
9.905291763512999751e+03,3.860449339831154347e+00
9.905291784842678680e+03,3.860449304588137842e+00
9.905291806172357610e+03,3.860449269346803547e+00
9.905291827502036540e+03,3.860449234107153682e+00
9.905291848831715470e+03,3.860449198869186915e+00
9.905291870161396218e+03,3.860449163632901470e+00
9.905291891491075148e+03,3.860449128398301788e+00
9.905291912820754078e+03,3.860449093165386980e+00
9.905291934150433008e+03,3.860449057934155714e+00
9.905291955480111938e+03,3.860449022704608879e+00
9.905291976809792686e+03,3.860448987476743365e+00
9.905291998139471616e+03,3.860448952250564947e+00
9.905292019469150546e+03,3.860448917026071403e+00
9.905292040798829476e+03,3.860448881803262289e+00
9.905292062128508405e+03,3.860448846582137605e+00
9.905292083458187335e+03,3.860448811362698684e+00
9.905292104787868084e+03,3.860448776144940641e+00
9.905292126117547014e+03,3.860448740928871025e+00
9.905292147447225943e+03,3.860448705714486728e+00
9.905292168776904873e+03,3.860448670501787305e+00
9.905292190106583803e+03,3.860448635290773201e+00
9.905292211436264552e+03,3.860448600081442638e+00
9.905292232765943481e+03,3.860448564873799615e+00
9.905292254095622411e+03,3.860448529667842354e+00
9.905292275425301341e+03,3.860448494463571301e+00
9.905292296754980271e+03,3.860448459260985121e+00
9.905292318084661019e+03,3.860448424060083372e+00
9.905292339414339949e+03,3.860448388860870050e+00
9.905292360744018879e+03,3.860448353663342491e+00
9.905292382073697809e+03,3.860448318467501583e+00
9.905292403403376738e+03,3.860448283273346881e+00
9.905292424733055668e+03,3.860448248080879274e+00
9.905292446062736417e+03,3.860448212890094766e+00
9.905292467392415347e+03,3.860448177701000905e+00
9.905292488722094276e+03,3.860448142513592806e+00
9.905292510051773206e+03,3.860448107327872691e+00
9.905292531381452136e+03,3.860448072143839227e+00
9.905292552711132885e+03,3.860448036961489748e+00
9.905292574040811814e+03,3.860448001780830918e+00
9.905292595370490744e+03,3.860447966601859182e+00
9.905292616700169674e+03,3.860447931424574985e+00
9.905292638029848604e+03,3.860447896248978772e+00
9.905292659359527534e+03,3.860447861075069653e+00
9.905292680689208282e+03,3.860447825902845853e+00
9.905292702018887212e+03,3.860447790732312701e+00
9.905292723348566142e+03,3.860447755563468419e+00
9.905292744678245072e+03,3.860447720396311677e+00
9.905292766007924001e+03,3.860447685230842474e+00
9.905292787337604750e+03,3.860447650067059477e+00
9.905292808667283680e+03,3.860447614904968461e+00
9.905292829996962610e+03,3.860447579744564983e+00
9.905292851326641539e+03,3.860447544585850377e+00
9.905292872656320469e+03,3.860447509428824642e+00
9.905292893985999399e+03,3.860447474273488666e+00
9.905292915315680148e+03,3.860447439119838009e+00
9.905292936645359077e+03,3.860447403967879776e+00
9.905292957975038007e+03,3.860447368817609970e+00
9.905292979304716937e+03,3.860447333669029923e+00
9.905293000634395867e+03,3.860447298522140080e+00
9.905293021964076615e+03,3.860447263376936000e+00
9.905293043293755545e+03,3.860447228233424788e+00
9.905293064623434475e+03,3.860447193091603335e+00
9.905293085953113405e+03,3.860447157951471642e+00
9.905293107282792334e+03,3.860447122813029708e+00
9.905293128612473083e+03,3.860447087676275313e+00
9.905293149942152013e+03,3.860447052541214674e+00
9.905293171271830943e+03,3.860447017407843351e+00
9.905293192601509872e+03,3.860446982276163119e+00
9.905293213931188802e+03,3.860446947146173091e+00
9.905293235260867732e+03,3.860446912017873267e+00
9.905293256590548481e+03,3.860446876891261425e+00
9.905293277920227411e+03,3.860446841766343784e+00
9.905293299249906340e+03,3.860446806643116791e+00
9.905293320579585270e+03,3.860446771521581333e+00
9.905293341909264200e+03,3.860446736401736523e+00
9.905293363238944949e+03,3.860446701283580140e+00
9.905293384568623878e+03,3.860446666167117957e+00
9.905293405898302808e+03,3.860446631052348199e+00
9.905293427227981738e+03,3.860446595939269088e+00
9.905293448557660668e+03,3.860446560827881513e+00
9.905293469887339597e+03,3.860446525718186805e+00
9.905293491217020346e+03,3.860446490610180525e+00
9.905293512546699276e+03,3.860446455503868446e+00
9.905293533876378206e+03,3.860446420399249678e+00
9.905293555206057135e+03,3.860446385296322447e+00
9.905293576535736065e+03,3.860446350195087639e+00
9.905293597865416814e+03,3.860446315095542591e+00
9.905293619195095744e+03,3.860446279997693075e+00
9.905293640524774673e+03,3.860446244901535984e+00
9.905293661854453603e+03,3.860446209807072204e+00
9.905293683184132533e+03,3.860446174714301293e+00
9.905293704513811463e+03,3.860446139623222361e+00
9.905293725843492211e+03,3.860446104533834522e+00
9.905293747173171141e+03,3.860446069446142658e+00
9.905293768502850071e+03,3.860446034360144107e+00
9.905293789832529001e+03,3.860445999275838869e+00
9.905293811162207930e+03,3.860445964193226942e+00
9.905293832491888679e+03,3.860445929112306551e+00
9.905293853821567609e+03,3.860445894033081693e+00
9.905293875151246539e+03,3.860445858955551479e+00
9.905293896480925468e+03,3.860445823879715466e+00
9.905293917810604398e+03,3.860445788805572320e+00
9.905293939140283328e+03,3.860445753733125152e+00
9.905293960469964077e+03,3.860445718662367742e+00
9.905293981799643007e+03,3.860445683593308086e+00
9.905294003129321936e+03,3.860445648525943518e+00
9.905294024459000866e+03,3.860445613460273151e+00
9.905294045788679796e+03,3.860445578396297428e+00
9.905294067118360545e+03,3.860445543334013685e+00
9.905294088448039474e+03,3.860445508273428139e+00
9.905294109777718404e+03,3.860445473214536793e+00
9.905294131107397334e+03,3.860445438157340980e+00
9.905294152437076264e+03,3.860445403101840256e+00
9.905294173766757012e+03,3.860445368048032844e+00
9.905294195096435942e+03,3.860445332995923184e+00
9.905294216426114872e+03,3.860445297945508614e+00
9.905294237755793802e+03,3.860445262896790908e+00
9.905294259085472731e+03,3.860445227849768290e+00
9.905294280415151661e+03,3.860445192804441206e+00
9.905294301744832410e+03,3.860445157760807433e+00
9.905294323074511340e+03,3.860445122718873634e+00
9.905294344404190269e+03,3.860445087678635367e+00
9.905294365733869199e+03,3.860445052640093078e+00
9.905294387063548129e+03,3.860445017603247209e+00
9.905294408393228878e+03,3.860444982568095540e+00
9.905294429722907807e+03,3.860444947534642957e+00
9.905294451052586737e+03,3.860444912502887682e+00
9.905294472382265667e+03,3.860444877472828384e+00
9.905294493711944597e+03,3.860444842444467284e+00
9.905294515041623526e+03,3.860444807417802160e+00
9.905294536371304275e+03,3.860444772392831680e+00
9.905294557700983205e+03,3.860444737369562063e+00
9.905294579030662135e+03,3.860444702347988866e+00
9.905294600360341065e+03,3.860444667328113422e+00
9.905294621690019994e+03,3.860444632309935731e+00
9.905294643019700743e+03,3.860444597293453572e+00
9.905294664349379673e+03,3.860444562278670944e+00
9.905294685679058603e+03,3.860444527265586956e+00
9.905294707008737532e+03,3.860444492254200277e+00
9.905294728338416462e+03,3.860444457244512240e+00
9.905294749668095392e+03,3.860444422236522399e+00
9.905294770997776141e+03,3.860444387230228980e+00
9.905294792327455070e+03,3.860444352225635978e+00
9.905294813657134000e+03,3.860444317222741617e+00
9.905294834986812930e+03,3.860444282221545897e+00
9.905294856316491860e+03,3.860444247222048375e+00
9.905294877646172608e+03,3.860444212224248162e+00
9.905294898975851538e+03,3.860444177228149254e+00
9.905294920305530468e+03,3.860444142233748988e+00
9.905294941635209398e+03,3.860444107241048695e+00
9.905294962964888327e+03,3.860444072250047931e+00
9.905294984294569076e+03,3.860444037260742700e+00
9.905295005624248006e+03,3.860444002273140107e+00
9.905295026953926936e+03,3.860443967287237488e+00
9.905295048283605865e+03,3.860443932303034842e+00
9.905295069613284795e+03,3.860443897320532614e+00
9.905295090942963725e+03,3.860443862339729026e+00
9.905295112272644474e+03,3.860443827360623192e+00
9.905295133602323403e+03,3.860443792383219996e+00
9.905295154932002333e+03,3.860443757407518106e+00
9.905295176261681263e+03,3.860443722433515745e+00
9.905295197591360193e+03,3.860443687461214246e+00
9.905295218921040941e+03,3.860443652490610500e+00
9.905295240250719871e+03,3.860443617521710724e+00
9.905295261580398801e+03,3.860443582554510478e+00
9.905295282910077731e+03,3.860443547589012869e+00
9.905295304239756661e+03,3.860443512625215678e+00
9.905295325569435590e+03,3.860443477663118905e+00
9.905295346899116339e+03,3.860443442702720773e+00
9.905295368228795269e+03,3.860443407744027944e+00
9.905295389558474199e+03,3.860443372787035088e+00
9.905295410888153128e+03,3.860443337831744870e+00
9.905295432217832058e+03,3.860443302878155958e+00
9.905295453547512807e+03,3.860443267926266131e+00
9.905295474877191737e+03,3.860443232976080719e+00
9.905295496206870666e+03,3.860443198027597944e+00
9.905295517536549596e+03,3.860443163080816475e+00
9.905295538866228526e+03,3.860443128135737645e+00
9.905295560195907456e+03,3.860443093192361452e+00
9.905295581525588204e+03,3.860443058250684345e+00
9.905295602855267134e+03,3.860443023310712540e+00
9.905295624184946064e+03,3.860442988372443818e+00
9.905295645514624994e+03,3.860442953435877733e+00
9.905295666844303923e+03,3.860442918501014287e+00
9.905295688173984672e+03,3.860442883567851702e+00
9.905295709503663602e+03,3.860442848636393975e+00
9.905295730833342532e+03,3.860442813706639775e+00
9.905295752163021461e+03,3.860442778778589101e+00
9.905295773492700391e+03,3.860442743852242398e+00
9.905295794822379321e+03,3.860442708927598776e+00
9.905295816152060070e+03,3.860442674004655572e+00
9.905295837481738999e+03,3.860442639083419003e+00
9.905295858811417929e+03,3.860442604163885960e+00
9.905295880141096859e+03,3.860442569246057332e+00
9.905295901470775789e+03,3.860442534329932673e+00
9.905295922800456538e+03,3.860442499415509321e+00
9.905295944130135467e+03,3.860442464502792603e+00
9.905295965459814397e+03,3.860442429591780744e+00
9.905295986789493327e+03,3.860442394682473743e+00
9.905296008119172257e+03,3.860442359774870269e+00
9.905296029448853005e+03,3.860442324868969433e+00
9.905296050778531935e+03,3.860442289964776119e+00
9.905296072108210865e+03,3.860442255062287220e+00
9.905296093437889795e+03,3.860442220161504512e+00
9.905296114767568724e+03,3.860442185262426218e+00
9.905296136097247654e+03,3.860442150365052782e+00
9.905296157426928403e+03,3.860442115469381541e+00
9.905296178756607333e+03,3.860442080575419599e+00
9.905296200086286262e+03,3.860442045683162515e+00
9.905296221415965192e+03,3.860442010792611178e+00
9.905296242745644122e+03,3.860441975903766032e+00
9.905296264075324871e+03,3.860441941016623524e+00
9.905296285405003800e+03,3.860441906131189871e+00
9.905296306734682730e+03,3.860441871247461965e+00
9.905296328064361660e+03,3.860441836365440693e+00
9.905296349394040590e+03,3.860441801485126057e+00
9.905296370723719519e+03,3.860441766606516723e+00
9.905296392053400268e+03,3.860441731729611803e+00
9.905296413383079198e+03,3.860441696854415738e+00
9.905296434712758128e+03,3.860441661980927197e+00
9.905296456042437057e+03,3.860441627109144846e+00
9.905296477372115987e+03,3.860441592239070463e+00
9.905296498701796736e+03,3.860441557370698717e+00
9.905296520031475666e+03,3.860441522504038048e+00
9.905296541361154596e+03,3.860441487639083569e+00
9.905296562690833525e+03,3.860441452775837945e+00
9.905296584020512455e+03,3.860441417914298512e+00
9.905296605350191385e+03,3.860441383054467046e+00
9.905296626679872134e+03,3.860441348196340883e+00
9.905296648009551063e+03,3.860441313339924463e+00
9.905296669339229993e+03,3.860441278485217342e+00
9.905296690668908923e+03,3.860441243632216413e+00
9.905296711998587853e+03,3.860441208780924782e+00
9.905296733328268601e+03,3.860441173931338010e+00
9.905296754657947531e+03,3.860441139083462758e+00
9.905296775987626461e+03,3.860441104237295917e+00
9.905296797317305391e+03,3.860441069392837488e+00
9.905296818646984320e+03,3.860441034550087025e+00
9.905296839976665069e+03,3.860440999709043197e+00
9.905296861306343999e+03,3.860440964869711333e+00
9.905296882636022929e+03,3.860440930032088325e+00
9.905296903965701858e+03,3.860440895196173283e+00
9.905296925295380788e+03,3.860440860361968873e+00
9.905296946625059718e+03,3.860440825529472875e+00
9.905296967954740467e+03,3.860440790698683067e+00
9.905296989284419396e+03,3.860440755869606555e+00
9.905297010614098326e+03,3.860440721042238899e+00
9.905297031943777256e+03,3.860440686216581430e+00
9.905297053273456186e+03,3.860440651392633704e+00
9.905297074603136934e+03,3.860440616570393058e+00
9.905297095932815864e+03,3.860440581749865263e+00
9.905297117262494794e+03,3.860440546931046768e+00
9.905297138592173724e+03,3.860440512113939793e+00
9.905297159921852653e+03,3.860440477298542117e+00
9.905297181251531583e+03,3.860440442484855517e+00
9.905297202581212332e+03,3.860440407672876884e+00
9.905297223910891262e+03,3.860440372862610658e+00
9.905297245240570192e+03,3.860440338054056397e+00
9.905297266570249121e+03,3.860440303247212768e+00
9.905297287899928051e+03,3.860440268442080214e+00
9.905297309229608800e+03,3.860440233638654739e+00
9.905297330559287730e+03,3.860440198836944337e+00
9.905297351888966659e+03,3.860440164036945010e+00
9.905297373218645589e+03,3.860440129238657203e+00
9.905297394548324519e+03,3.860440094442080472e+00
9.905297415878003449e+03,3.860440059647216149e+00
9.905297437207684197e+03,3.860440024854059793e+00
9.905297458537363127e+03,3.860439990062618953e+00
9.905297479867042057e+03,3.860439955272889634e+00
9.905297501196720987e+03,3.860439920484871834e+00
9.905297522526399916e+03,3.860439885698566886e+00
9.905297543856080665e+03,3.860439850913970794e+00
9.905297565185759595e+03,3.860439816131091106e+00
9.905297586515438525e+03,3.860439781349922495e+00
9.905297607845117454e+03,3.860439746570467623e+00
9.905297629174796384e+03,3.860439711792724271e+00
9.905297650504475314e+03,3.860439677016694660e+00
9.905297671834156063e+03,3.860439642242374791e+00
9.905297693163834992e+03,3.860439607469770884e+00
9.905297714493513922e+03,3.860439572698879385e+00
9.905297735823192852e+03,3.860439537929702514e+00
9.905297757152871782e+03,3.860439503162237607e+00
9.905297778482552530e+03,3.860439468396484219e+00
9.905297799812231460e+03,3.860439433632446349e+00
9.905297821141910390e+03,3.860439398870122663e+00
9.905297842471589320e+03,3.860439364109512717e+00
9.905297863801268250e+03,3.860439329350616955e+00
9.905297885130948998e+03,3.860439294593431825e+00
9.905297906460627928e+03,3.860439259837963544e+00
9.905297927790306858e+03,3.860439225084209447e+00
9.905297949119985788e+03,3.860439190332169979e+00
9.905297970449664717e+03,3.860439155581844251e+00
9.905297991779343647e+03,3.860439120833233151e+00
9.905298013109024396e+03,3.860439086086334459e+00
9.905298034438703326e+03,3.860439051341152616e+00
9.905298055768382255e+03,3.860439016597685846e+00
9.905298077098061185e+03,3.860438981855934149e+00
9.905298098427740115e+03,3.860438947115897967e+00
9.905298119757420864e+03,3.860438912377572862e+00
9.905298141087099793e+03,3.860438877640966826e+00
9.905298162416778723e+03,3.860438842906075418e+00
9.905298183746457653e+03,3.860438808172900416e+00
9.905298205076136583e+03,3.860438773441440041e+00
9.905298226405815512e+03,3.860438738711696072e+00
9.905298247735496261e+03,3.860438703983664510e+00
9.905298269065175191e+03,3.860438669257351574e+00
9.905298290394854121e+03,3.860438634532755486e+00
9.905298311724533050e+03,3.860438599809874027e+00
9.905298333054211980e+03,3.860438565088709861e+00
9.905298354383892729e+03,3.860438530369258991e+00
9.905298375713571659e+03,3.860438495651527635e+00
9.905298397043250588e+03,3.860438460935512239e+00
9.905298418372929518e+03,3.860438426221213248e+00
9.905298439702608448e+03,3.860438391508631550e+00
9.905298461032287378e+03,3.860438356797766257e+00
9.905298482361968126e+03,3.860438322088615593e+00
9.905298503691647056e+03,3.860438287381184441e+00
9.905298525021325986e+03,3.860438252675470583e+00
9.905298546351004916e+03,3.860438217971474462e+00
9.905298567680683846e+03,3.860438183269195189e+00
9.905298589010364594e+03,3.860438148568630545e+00
9.905298610340043524e+03,3.860438113869785859e+00
9.905298631669722454e+03,3.860438079172659798e+00
9.905298652999401384e+03,3.860438044477251029e+00
9.905298674329080313e+03,3.860438009783560442e+00
9.905298695658761062e+03,3.860437975091584928e+00
9.905298716988439992e+03,3.860437940401329371e+00
9.905298738318118922e+03,3.860437905712793327e+00
9.905298759647797851e+03,3.860437871025975021e+00
9.905298780977476781e+03,3.860437836340875339e+00
9.905298802307155711e+03,3.860437801657493839e+00
9.905298823636836460e+03,3.860437766975828744e+00
9.905298844966515389e+03,3.860437732295884494e+00
9.905298866296194319e+03,3.860437697617659758e+00
9.905298887625873249e+03,3.860437662941154535e+00
9.905298908955552179e+03,3.860437628266366605e+00
9.905298930285232927e+03,3.860437593593296413e+00
9.905298951614911857e+03,3.860437558921947510e+00
9.905298972944590787e+03,3.860437524252319008e+00
9.905298994274269717e+03,3.860437489584409132e+00
9.905299015603948646e+03,3.860437454918219213e+00
9.905299036933627576e+03,3.860437420253748808e+00
9.905299058263308325e+03,3.860437385590995252e+00
9.905299079592987255e+03,3.860437350929965206e+00
9.905299100922666184e+03,3.860437316270654673e+00
9.905299122252345114e+03,3.860437281613064098e+00
9.905299143582024044e+03,3.860437246957193480e+00
9.905299164911704793e+03,3.860437212303041044e+00
9.905299186241383723e+03,3.860437177650611673e+00
9.905299207571062652e+03,3.860437142999902260e+00
9.905299228900741582e+03,3.860437108350914137e+00
9.905299250230420512e+03,3.860437073703646860e+00
9.905299271560099442e+03,3.860437039058099984e+00
9.905299292889780190e+03,3.860437004414271733e+00
9.905299314219459120e+03,3.860436969772167437e+00
9.905299335549138050e+03,3.860436935131783986e+00
9.905299356878816980e+03,3.860436900493122270e+00
9.905299378208495909e+03,3.860436865856180955e+00
9.905299399538176658e+03,3.860436831220959153e+00
9.905299420867855588e+03,3.860436796587461750e+00
9.905299442197534518e+03,3.860436761955685636e+00
9.905299463527213447e+03,3.860436727325632589e+00
9.905299484856892377e+03,3.860436692697299943e+00
9.905299506186571307e+03,3.860436658070689919e+00
9.905299527516252056e+03,3.860436623445798965e+00
9.905299548845930985e+03,3.860436588822633297e+00
9.905299570175609915e+03,3.860436554201190695e+00
9.905299591505288845e+03,3.860436519581469383e+00
9.905299612834967775e+03,3.860436484963471582e+00
9.905299634164648523e+03,3.860436450347192849e+00
9.905299655494327453e+03,3.860436415732639848e+00
9.905299676824006383e+03,3.860436381119810356e+00
9.905299698153685313e+03,3.860436346508703043e+00
9.905299719483364242e+03,3.860436311899319239e+00
9.905299740813044991e+03,3.860436277291655838e+00
9.905299762142723921e+03,3.860436242685718611e+00
9.905299783472402851e+03,3.860436208081504894e+00
9.905299804802081781e+03,3.860436173479014244e+00
9.905299826131760710e+03,3.860436138878247991e+00
9.905299847461439640e+03,3.860436104279204805e+00
9.905299868791120389e+03,3.860436069681882465e+00
9.905299890120799319e+03,3.860436035086287188e+00
9.905299911450478248e+03,3.860436000492416753e+00
9.905299932780157178e+03,3.860435965900269828e+00
9.905299954109836108e+03,3.860435931309846413e+00
9.905299975439516857e+03,3.860435896721145177e+00
9.905299996769195786e+03,3.860435862134171003e+00
9.905300018098874716e+03,3.860435827548922560e+00
9.905300039428553646e+03,3.860435792965397184e+00
9.905300060758232576e+03,3.860435758383597538e+00
9.905300082087911505e+03,3.860435723803522290e+00
9.905300103417592254e+03,3.860435689225170108e+00
9.905300124747271184e+03,3.860435654648544990e+00
9.905300146076950114e+03,3.860435620073645158e+00
9.905300167406629043e+03,3.860435585500471500e+00
9.905300188736307973e+03,3.860435550929022686e+00
9.905300210065988722e+03,3.860435516359296493e+00
9.905300231395667652e+03,3.860435481791298251e+00
9.905300252725346581e+03,3.860435447225026184e+00
9.905300274055025511e+03,3.860435412660480292e+00
9.905300295384704441e+03,3.860435378097660131e+00
9.905300316714383371e+03,3.860435343536566144e+00
9.905300338044064119e+03,3.860435308977194779e+00
9.905300359373743049e+03,3.860435274419553142e+00
9.905300380703421979e+03,3.860435239863638124e+00
9.905300402033100909e+03,3.860435205309449724e+00
9.905300423362779838e+03,3.860435170756987944e+00
9.905300444692460587e+03,3.860435136206248785e+00
9.905300466022139517e+03,3.860435101657240242e+00
9.905300487351818447e+03,3.860435067109958762e+00
9.905300508681497377e+03,3.860435032564403457e+00
9.905300530011176306e+03,3.860434998020576547e+00
9.905300551340857055e+03,3.860434963478472703e+00
9.905300572670535985e+03,3.860434928938099919e+00
9.905300594000214915e+03,3.860434894399453754e+00
9.905300615329893844e+03,3.860434859862535983e+00
9.905300636659572774e+03,3.860434825327346164e+00
9.905300657989251704e+03,3.860434790793883408e+00
9.905300679318932453e+03,3.860434756262145939e+00
9.905300700648611382e+03,3.860434721732138641e+00
9.905300721978290312e+03,3.860434687203859738e+00
9.905300743307969242e+03,3.860434652677308787e+00
9.905300764637648172e+03,3.860434618152486674e+00
9.905300785967328920e+03,3.860434583629389849e+00
9.905300807297007850e+03,3.860434549108024527e+00
9.905300828626686780e+03,3.860434514588388044e+00
9.905300849956365710e+03,3.860434480070479513e+00
9.905300871286044639e+03,3.860434445554300709e+00
9.905300892615723569e+03,3.860434411039849856e+00
9.905300913945404318e+03,3.860434376527126066e+00
9.905300935275083248e+03,3.860434342016133780e+00
9.905300956604762177e+03,3.860434307506869889e+00
9.905300977934441107e+03,3.860434272999337058e+00
9.905300999264120037e+03,3.860434238493532622e+00
9.905301020593800786e+03,3.860434203989454804e+00
9.905301041923479715e+03,3.860434169487109823e+00
9.905301063253158645e+03,3.860434134986495014e+00
9.905301084582837575e+03,3.860434100487609488e+00
9.905301105912516505e+03,3.860434065990453689e+00
9.905301127242195435e+03,3.860434031495028506e+00
9.905301148571876183e+03,3.860433997001330830e+00
9.905301169901555113e+03,3.860433962509365990e+00
9.905301191231234043e+03,3.860433928019131322e+00
9.905301212560912973e+03,3.860433893530627714e+00
9.905301233890591902e+03,3.860433859043854277e+00
9.905301255220272651e+03,3.860433824558808791e+00
9.905301276549951581e+03,3.860433790075496141e+00
9.905301297879630511e+03,3.860433755593916327e+00
9.905301319209309440e+03,3.860433721114065797e+00
9.905301340538988370e+03,3.860433686635947659e+00
9.905301361868669119e+03,3.860433652159556583e+00
9.905301383198348049e+03,3.860433617684900565e+00
9.905301404528026978e+03,3.860433583211976494e+00
9.905301425857705908e+03,3.860433548740783039e+00
9.905301447187384838e+03,3.860433514271321975e+00
9.905301468517063768e+03,3.860433479803591972e+00
9.905301489846744516e+03,3.860433445337591252e+00
9.905301511176423446e+03,3.860433410873325144e+00
9.905301532506102376e+03,3.860433376410792317e+00
9.905301553835781306e+03,3.860433341949990549e+00
9.905301575165460235e+03,3.860433307490921173e+00
9.905301596495140984e+03,3.860433273033581525e+00
9.905301617824819914e+03,3.860433238577976489e+00
9.905301639154498844e+03,3.860433204124104734e+00
9.905301660484177773e+03,3.860433169671966258e+00
9.905301681813856703e+03,3.860433135221559731e+00
9.905301703143535633e+03,3.860433100772886483e+00
9.905301724473216382e+03,3.860433066325943852e+00
9.905301745802895311e+03,3.860433031880737165e+00
9.905301767132574241e+03,3.860432997437262870e+00
9.905301788462253171e+03,3.860432962995522299e+00
9.905301809791932101e+03,3.860432928555515453e+00
9.905301831121612850e+03,3.860432894117239222e+00
9.905301852451291779e+03,3.860432859680699380e+00
9.905301873780970709e+03,3.860432825245893707e+00
9.905301895110649639e+03,3.860432790812821757e+00
9.905301916440328569e+03,3.860432756381483088e+00
9.905301937770007498e+03,3.860432721951879032e+00
9.905301959099688247e+03,3.860432687524006479e+00
9.905301980429367177e+03,3.860432653097871647e+00
9.905302001759046107e+03,3.860432618673470540e+00
9.905302023088725036e+03,3.860432584250803156e+00
9.905302044418403966e+03,3.860432549829871718e+00
9.905302065748084715e+03,3.860432515410671783e+00
9.905302087077763645e+03,3.860432480993209126e+00
9.905302108407442574e+03,3.860432446577481080e+00
9.905302129737121504e+03,3.860432412163488980e+00
9.905302151066800434e+03,3.860432377751231492e+00
9.905302172396479364e+03,3.860432343340709949e+00
9.905302193726160112e+03,3.860432308931919909e+00
9.905302215055839042e+03,3.860432274524868479e+00
9.905302236385517972e+03,3.860432240119552993e+00
9.905302257715196902e+03,3.860432205715973453e+00
9.905302279044875831e+03,3.860432171314128968e+00
9.905302300374556580e+03,3.860432136914017320e+00
9.905302321704235510e+03,3.860432102515645614e+00
9.905302343033914440e+03,3.860432068119009408e+00
9.905302364363593369e+03,3.860432033724108702e+00
9.905302385693272299e+03,3.860431999330945718e+00
9.905302407022953048e+03,3.860431964939514682e+00
9.905302428352631978e+03,3.860431930549823587e+00
9.905302449682310908e+03,3.860431896161869325e+00
9.905302471011989837e+03,3.860431861775652340e+00
9.905302492341668767e+03,3.860431827391172188e+00
9.905302513671347697e+03,3.860431793008427981e+00
9.905302535001028446e+03,3.860431758627418386e+00
9.905302556330707375e+03,3.860431724248149177e+00
9.905302577660386305e+03,3.860431689870616800e+00
9.905302598990065235e+03,3.860431655494821257e+00
9.905302620319744165e+03,3.860431621120764323e+00
9.905302641649424913e+03,3.860431586748441557e+00
9.905302662979103843e+03,3.860431552377859621e+00
9.905302684308782773e+03,3.860431518009014962e+00
9.905302705638461703e+03,3.860431483641908468e+00
9.905302726968140632e+03,3.860431449276539251e+00
9.905302748297819562e+03,3.860431414912909087e+00
9.905302769627500311e+03,3.860431380551013980e+00
9.905302790957179241e+03,3.860431346190859703e+00
9.905302812286858170e+03,3.860431311832444479e+00
9.905302833616537100e+03,3.860431277475767864e+00
9.905302854946216030e+03,3.860431243120828970e+00
9.905302876275896779e+03,3.860431208767626021e+00
9.905302897605575708e+03,3.860431174416165678e+00
9.905302918935254638e+03,3.860431140066443501e+00
9.905302940264933568e+03,3.860431105718460376e+00
9.905302961594612498e+03,3.860431071372217193e+00
9.905302982924291427e+03,3.860431037027712176e+00
9.905303004253972176e+03,3.860431002684944879e+00
9.905303025583651106e+03,3.860430968343918856e+00
9.905303046913330036e+03,3.860430934004632331e+00
9.905303068243008966e+03,3.860430899667086635e+00
9.905303089572687895e+03,3.860430865331279993e+00
9.905303110902368644e+03,3.860430830997209739e+00
9.905303132232047574e+03,3.860430796664882980e+00
9.905303153561726504e+03,3.860430762334296606e+00
9.905303174891405433e+03,3.860430728005449730e+00
9.905303196221084363e+03,3.860430693678343683e+00
9.905303217550765112e+03,3.860430659352975358e+00
9.905303238880444042e+03,3.860430625029350082e+00
9.905303260210122971e+03,3.860430590707464749e+00
9.905303281539801901e+03,3.860430556387321133e+00
9.905303302869480831e+03,3.860430522068918346e+00
9.905303324199159761e+03,3.860430487752255502e+00
9.905303345528840509e+03,3.860430453437331710e+00
9.905303366858519439e+03,3.860430419124151413e+00
9.905303388188198369e+03,3.860430384812712834e+00
9.905303409517877299e+03,3.860430350503015973e+00
9.905303430847556228e+03,3.860430316195059941e+00
9.905303452177236977e+03,3.860430281888842963e+00
9.905303473506915907e+03,3.860430247584369923e+00
9.905303494836594837e+03,3.860430213281639045e+00
9.905303516166273766e+03,3.860430178980649440e+00
9.905303537495952696e+03,3.860430144681402886e+00
9.905303558825631626e+03,3.860430110383897606e+00
9.905303580155312375e+03,3.860430076088132267e+00
9.905303601484991304e+03,3.860430041794111311e+00
9.905303622814670234e+03,3.860430007501833849e+00
9.905303644144349164e+03,3.860429973211298105e+00
9.905303665474028094e+03,3.860429938922504967e+00
9.905303686803708842e+03,3.860429904635452214e+00
9.905303708133387772e+03,3.860429870350144732e+00
9.905303729463066702e+03,3.860429836066580300e+00
9.905303750792745632e+03,3.860429801784758475e+00
9.905303772122424562e+03,3.860429767504680587e+00
9.905303793452103491e+03,3.860429733226345306e+00
9.905303814781784240e+03,3.860429698949750410e+00
9.905303836111463170e+03,3.860429664674902561e+00
9.905303857441142100e+03,3.860429630401798207e+00
9.905303878770821029e+03,3.860429596130436902e+00
9.905303900100499959e+03,3.860429561860819536e+00
9.905303921430180708e+03,3.860429527592943444e+00
9.905303942759859638e+03,3.860429493326813510e+00
9.905303964089538567e+03,3.860429459062428403e+00
9.905303985419217497e+03,3.860429424799786791e+00
9.905304006748896427e+03,3.860429390538890448e+00
9.905304028078575357e+03,3.860429356279738489e+00
9.905304049408256105e+03,3.860429322022326915e+00
9.905304070737935035e+03,3.860429287766663276e+00
9.905304092067613965e+03,3.860429253512744907e+00
9.905304113397292895e+03,3.860429219260571365e+00
9.905304134726971824e+03,3.860429185010142206e+00
9.905304156056652573e+03,3.860429150761455652e+00
9.905304177386331503e+03,3.860429116514516590e+00
9.905304198716010433e+03,3.860429082269323686e+00
9.905304220045689362e+03,3.860429048025875165e+00
9.905304241375368292e+03,3.860429013784172358e+00
9.905304262705049041e+03,3.860428979544213046e+00
9.905304284034727971e+03,3.860428945306001225e+00
9.905304305364406900e+03,3.860428911069535562e+00
9.905304326694085830e+03,3.860428876834816059e+00
9.905304348023764760e+03,3.860428842601842270e+00
9.905304369353443690e+03,3.860428808370614195e+00
9.905304390683124439e+03,3.860428774141129171e+00
9.905304412012803368e+03,3.860428739913393859e+00
9.905304433342482298e+03,3.860428705687405149e+00
9.905304454672161228e+03,3.860428671463163042e+00
9.905304476001840158e+03,3.860428637240666649e+00
9.905304497331520906e+03,3.860428603019914640e+00
9.905304518661199836e+03,3.860428568800912785e+00
9.905304539990878766e+03,3.860428534583657090e+00
9.905304561320557696e+03,3.860428500368148885e+00
9.905304582650236625e+03,3.860428466154387728e+00
9.905304603979915555e+03,3.860428431942373173e+00
9.905304625309596304e+03,3.860428397732103889e+00
9.905304646639275234e+03,3.860428363523584760e+00
9.905304667968954163e+03,3.860428329316812679e+00
9.905304689298633093e+03,3.860428295111788977e+00
9.905304710628312023e+03,3.860428260908511877e+00
9.905304731957992772e+03,3.860428226706981381e+00
9.905304753287671701e+03,3.860428192507200595e+00
9.905304774617350631e+03,3.860428158309168190e+00
9.905304795947029561e+03,3.860428124112884163e+00
9.905304817276708491e+03,3.860428089918348071e+00
9.905304838606387420e+03,3.860428055725559915e+00
9.905304859936068169e+03,3.860428021534518361e+00
9.905304881265747099e+03,3.860427987345227407e+00
9.905304902595426029e+03,3.860427953157685721e+00
9.905304923925104958e+03,3.860427918971892414e+00
9.905304945254783888e+03,3.860427884787848374e+00
9.905304966584464637e+03,3.860427850605550937e+00
9.905304987914143567e+03,3.860427816425004988e+00
9.905305009243822497e+03,3.860427782246207418e+00
9.905305030573501426e+03,3.860427748069160447e+00
9.905305051903180356e+03,3.860427713893862744e+00
9.905305073232861105e+03,3.860427679720311200e+00
9.905305094562540035e+03,3.860427645548512032e+00
9.905305115892218964e+03,3.860427611378462576e+00
9.905305137221897894e+03,3.860427577210163719e+00
9.905305158551576824e+03,3.860427543043614573e+00
9.905305179881255754e+03,3.860427508878815139e+00
9.905305201210936502e+03,3.860427474715763196e+00
9.905305222540615432e+03,3.860427440554464074e+00
9.905305243870294362e+03,3.860427406394915995e+00
9.905305265199973292e+03,3.860427372237117627e+00
9.905305286529652221e+03,3.860427338081070747e+00
9.905305307859332970e+03,3.860427303926770914e+00
9.905305329189011900e+03,3.860427269774224790e+00
9.905305350518690830e+03,3.860427235623430153e+00
9.905305371848369759e+03,3.860427201474386116e+00
9.905305393178048689e+03,3.860427167327092679e+00
9.905305414507727619e+03,3.860427133181550730e+00
9.905305435837408368e+03,3.860427099037757603e+00
9.905305457167087297e+03,3.860427064895719074e+00
9.905305478496766227e+03,3.860427030755430700e+00
9.905305499826445157e+03,3.860426996616895590e+00
9.905305521156124087e+03,3.860426962480111079e+00
9.905305542485804835e+03,3.860426928345075837e+00
9.905305563815483765e+03,3.860426894211795634e+00
9.905305585145162695e+03,3.860426860080266920e+00
9.905305606474841625e+03,3.860426825950491470e+00
9.905305627804520554e+03,3.860426791822467063e+00
9.905305649134199484e+03,3.860426757696195921e+00
9.905305670463880233e+03,3.860426723571673602e+00
9.905305691793559163e+03,3.860426689448906767e+00
9.905305713123238093e+03,3.860426655327893641e+00
9.905305734452917022e+03,3.860426621208632447e+00
9.905305755782595952e+03,3.860426587091123629e+00
9.905305777112276701e+03,3.860426552975365855e+00
9.905305798441955631e+03,3.860426518861363565e+00
9.905305819771634560e+03,3.860426484749114540e+00
9.905305841101313490e+03,3.860426450638619222e+00
9.905305862430992420e+03,3.860426416529876725e+00
9.905305883760671350e+03,3.860426382422888381e+00
9.905305905090352098e+03,3.860426348317649747e+00
9.905305926420031028e+03,3.860426314214168375e+00
9.905305947749709958e+03,3.860426280112441155e+00
9.905305969079388888e+03,3.860426246012467200e+00
9.905305990409067817e+03,3.860426211914247396e+00
9.905306011738748566e+03,3.860426177817779525e+00
9.905306033068427496e+03,3.860426143723068471e+00
9.905306054398106426e+03,3.860426109630111569e+00
9.905306075727785355e+03,3.860426075538908819e+00
9.905306097057464285e+03,3.860426041449460222e+00
9.905306118387145034e+03,3.860426007361764444e+00
9.905306139716823964e+03,3.860425973275825928e+00
9.905306161046502893e+03,3.860425939191642453e+00
9.905306182376181823e+03,3.860425905109213573e+00
9.905306203705860753e+03,3.860425871028540179e+00
9.905306225035539683e+03,3.860425836949621381e+00
9.905306246365220431e+03,3.860425802872455403e+00
9.905306267694899361e+03,3.860425768797048018e+00
9.905306289024578291e+03,3.860425734723395230e+00
9.905306310354257221e+03,3.860425700651498815e+00
9.905306331683936151e+03,3.860425666581357884e+00
9.905306353013616899e+03,3.860425632512969774e+00
9.905306374343295829e+03,3.860425598446340256e+00
9.905306395672974759e+03,3.860425564381467112e+00
9.905306417002653689e+03,3.860425530318349452e+00
9.905306438332332618e+03,3.860425496256989053e+00
9.905306459662011548e+03,3.860425462197384583e+00
9.905306480991692297e+03,3.860425428139532933e+00
9.905306502321371227e+03,3.860425394083442097e+00
9.905306523651050156e+03,3.860425360029106301e+00
9.905306544980729086e+03,3.860425325976527766e+00
9.905306566310408016e+03,3.860425291925706492e+00
9.905306587640088765e+03,3.860425257876639815e+00
9.905306608969767694e+03,3.860425223829331731e+00
9.905306630299446624e+03,3.860425189783781796e+00
9.905306651629125554e+03,3.860425155739988679e+00
9.905306672958804484e+03,3.860425121697952822e+00
9.905306694288483413e+03,3.860425087657675114e+00
9.905306715618164162e+03,3.860425053619151559e+00
9.905306736947843092e+03,3.860425019582388817e+00
9.905306758277522022e+03,3.860424985547383336e+00
9.905306779607200951e+03,3.860424951514136449e+00
9.905306800936879881e+03,3.860424917482646823e+00
9.905306822266560630e+03,3.860424883452913125e+00
9.905306843596239560e+03,3.860424849424940241e+00
9.905306864925918489e+03,3.860424815398725507e+00
9.905306886255597419e+03,3.860424781374269365e+00
9.905306907585276349e+03,3.860424747351570929e+00
9.905306928914957098e+03,3.860424713330628865e+00
9.905306950244636027e+03,3.860424679311449392e+00
9.905306971574314957e+03,3.860424645294027624e+00
9.905306992903993887e+03,3.860424611278364893e+00
9.905307014233672817e+03,3.860424577264461643e+00
9.905307035563351747e+03,3.860424543252316543e+00
9.905307056893032495e+03,3.860424509241928259e+00
9.905307078222711425e+03,3.860424475233302566e+00
9.905307099552390355e+03,3.860424441226436354e+00
9.905307120882069285e+03,3.860424407221329623e+00
9.905307142211748214e+03,3.860424373217981930e+00
9.905307163541428963e+03,3.860424339216392386e+00
9.905307184871107893e+03,3.860424305216564100e+00
9.905307206200786823e+03,3.860424271218497072e+00
9.905307227530465752e+03,3.860424237222189081e+00
9.905307248860144682e+03,3.860424203227642348e+00
9.905307270189823612e+03,3.860424169234854652e+00
9.905307291519504361e+03,3.860424135243825550e+00
9.905307312849183290e+03,3.860424101254559481e+00
9.905307334178862220e+03,3.860424067267053339e+00
9.905307355508541150e+03,3.860424033281308454e+00
9.905307376838220080e+03,3.860423999297324826e+00
9.905307398167900828e+03,3.860423965315098460e+00
9.905307419497579758e+03,3.860423931334636016e+00
9.905307440827258688e+03,3.860423897355935274e+00
9.905307462156937618e+03,3.860423863378995790e+00
9.905307483486616547e+03,3.860423829403817564e+00
9.905307504816295477e+03,3.860423795430399707e+00
9.905307526145976226e+03,3.860423761458741776e+00
9.905307547475655156e+03,3.860423727488847767e+00
9.905307568805334085e+03,3.860423693520715460e+00
9.905307590135013015e+03,3.860423659554344855e+00
9.905307611464691945e+03,3.860423625589736840e+00
9.905307632794372694e+03,3.860423591626887418e+00
9.905307654124051624e+03,3.860423557665803251e+00
9.905307675453730553e+03,3.860423523706481674e+00
9.905307696783409483e+03,3.860423489748921799e+00
9.905307718113088413e+03,3.860423455793124958e+00
9.905307739442767343e+03,3.860423421839090263e+00
9.905307760772448091e+03,3.860423387886815494e+00
9.905307782102127021e+03,3.860423353936307311e+00
9.905307803431805951e+03,3.860423319987560831e+00
9.905307824761484881e+03,3.860423286040577384e+00
9.905307846091163810e+03,3.860423252095357416e+00
9.905307867420844559e+03,3.860423218151897817e+00
9.905307888750523489e+03,3.860423184210204361e+00
9.905307910080202419e+03,3.860423150270273940e+00
9.905307931409881348e+03,3.860423116332106996e+00
9.905307952739560278e+03,3.860423082395704419e+00
9.905307974069241027e+03,3.860423048461061768e+00
9.905307995398919957e+03,3.860423014528187036e+00
9.905308016728598886e+03,3.860422980597075338e+00
9.905308038058277816e+03,3.860422946667728006e+00
9.905308059387956746e+03,3.860422912740144152e+00
9.905308080717635676e+03,3.860422878814324665e+00
9.905308102047316424e+03,3.860422844890267324e+00
9.905308123376995354e+03,3.860422810967977014e+00
9.905308144706674284e+03,3.860422777047451071e+00
9.905308166036353214e+03,3.860422743128689937e+00
9.905308187366032143e+03,3.860422709211693615e+00
9.905308208695712892e+03,3.860422675296458550e+00
9.905308230025391822e+03,3.860422641382992737e+00
9.905308251355070752e+03,3.860422607471290846e+00
9.905308272684749682e+03,3.860422573561354209e+00
9.905308294014428611e+03,3.860422539653182827e+00
9.905308315344107541e+03,3.860422505746777144e+00
9.905308336673788290e+03,3.860422471842134495e+00
9.905308358003467220e+03,3.860422437939259321e+00
9.905308379333146149e+03,3.860422404038150734e+00
9.905308400662825079e+03,3.860422370138807846e+00
9.905308421992504009e+03,3.860422336241230212e+00
9.905308443322184758e+03,3.860422302345416057e+00
9.905308464651863687e+03,3.860422268451371153e+00
9.905308485981542617e+03,3.860422234559091503e+00
9.905308507311221547e+03,3.860422200668578885e+00
9.905308528640900477e+03,3.860422166779833297e+00
9.905308549970579406e+03,3.860422132892853408e+00
9.905308571300260155e+03,3.860422099007636998e+00
9.905308592629939085e+03,3.860422065124190727e+00
9.905308613959618015e+03,3.860422031242511487e+00
9.905308635289296944e+03,3.860421997362598834e+00
9.905308656618975874e+03,3.860421963484453656e+00
9.905308677948656623e+03,3.860421929608071956e+00
9.905308699278335553e+03,3.860421895733460396e+00
9.905308720608014482e+03,3.860421861860616310e+00
9.905308741937693412e+03,3.860421827989540589e+00
9.905308763267372342e+03,3.860421794120231453e+00
9.905308784597053091e+03,3.860421760252688017e+00
9.905308805926732020e+03,3.860421726386914276e+00
9.905308827256410950e+03,3.860421692522908899e+00
9.905308848586089880e+03,3.860421658660670996e+00
9.905308869915768810e+03,3.860421624800201901e+00
9.905308891245447739e+03,3.860421590941500725e+00
9.905308912575128488e+03,3.860421557084564803e+00
9.905308933904807418e+03,3.860421523229399909e+00
9.905308955234486348e+03,3.860421489376003823e+00
9.905308976564165278e+03,3.860421455524376544e+00
9.905308997893844207e+03,3.860421421674517184e+00
9.905309019223524956e+03,3.860421387826424411e+00
9.905309040553203886e+03,3.860421353980103110e+00
9.905309061882882816e+03,3.860421320135551060e+00
9.905309083212561745e+03,3.860421286292768261e+00
9.905309104542240675e+03,3.860421252451754714e+00
9.905309125871919605e+03,3.860421218612509975e+00
9.905309147201600354e+03,3.860421184775032710e+00
9.905309168531279283e+03,3.860421150939326917e+00
9.905309189860958213e+03,3.860421117105390376e+00
9.905309211190637143e+03,3.860421083273224863e+00
9.905309232520316073e+03,3.860421049442828156e+00
9.905309253849996821e+03,3.860421015614198925e+00
9.905309275179675751e+03,3.860420981787342498e+00
9.905309296509354681e+03,3.860420947962256655e+00
9.905309317839033611e+03,3.860420914138940951e+00
9.905309339168712540e+03,3.860420880317394943e+00
9.905309360498391470e+03,3.860420846497619962e+00
9.905309381828072219e+03,3.860420812679612457e+00
9.905309403157751149e+03,3.860420778863379088e+00
9.905309424487430078e+03,3.860420745048915414e+00
9.905309445817109008e+03,3.860420711236223212e+00
9.905309467146787938e+03,3.860420677425302038e+00
9.905309488476468687e+03,3.860420643616149228e+00
9.905309509806147616e+03,3.860420609808770109e+00
9.905309531135826546e+03,3.860420576003162463e+00
9.905309552465505476e+03,3.860420542199325844e+00
9.905309573795184406e+03,3.860420508397261585e+00
9.905309595124863336e+03,3.860420474596968354e+00
9.905309616454544084e+03,3.860420440798443931e+00
9.905309637784223014e+03,3.860420407001694088e+00
9.905309659113901944e+03,3.860420373206716604e+00
9.905309680443580874e+03,3.860420339413510593e+00
9.905309701773259803e+03,3.860420305622076498e+00
9.905309723102940552e+03,3.860420271832412542e+00
9.905309744432619482e+03,3.860420238044523611e+00
9.905309765762298412e+03,3.860420204258407040e+00
9.905309787091977341e+03,3.860420170474061941e+00
9.905309808421656271e+03,3.860420136691490534e+00
9.905309829751337020e+03,3.860420102910689266e+00
9.905309851081015950e+03,3.860420069131663912e+00
9.905309872410694879e+03,3.860420035354410029e+00
9.905309893740373809e+03,3.860420001578930282e+00
9.905309915070052739e+03,3.860419967805223340e+00
9.905309936399731669e+03,3.860419934033289646e+00
9.905309957729412417e+03,3.860419900263126980e+00
9.905309979059091347e+03,3.860419866494740226e+00
9.905310000388770277e+03,3.860419832728126721e+00
9.905310021718449207e+03,3.860419798963287352e+00
9.905310043048128136e+03,3.860419765200221676e+00
9.905310064377808885e+03,3.860419731438926583e+00
9.905310085707487815e+03,3.860419697679409623e+00
9.905310107037166745e+03,3.860419663921665467e+00
9.905310128366845674e+03,3.860419630165695892e+00
9.905310149696524604e+03,3.860419596411500454e+00
9.905310171026203534e+03,3.860419562659079595e+00
9.905310192355884283e+03,3.860419528908430209e+00
9.905310213685563212e+03,3.860419495159558512e+00
9.905310235015242142e+03,3.860419461412460951e+00
9.905310256344921072e+03,3.860419427667138415e+00
9.905310277674600002e+03,3.860419393923591347e+00
9.905310299004280751e+03,3.860419360181816639e+00
9.905310320333959680e+03,3.860419326441818733e+00
9.905310341663638610e+03,3.860419292703596739e+00
9.905310362993317540e+03,3.860419258967149769e+00
9.905310384322996470e+03,3.860419225232478713e+00
9.905310405652675399e+03,3.860419191499583125e+00
9.905310426982356148e+03,3.860419157768459897e+00
9.905310448312035078e+03,3.860419124039115246e+00
9.905310469641714008e+03,3.860419090311546508e+00
9.905310490971392937e+03,3.860419056585753683e+00
9.905310512301071867e+03,3.860419022861737659e+00
9.905310533630752616e+03,3.860418989139494439e+00
9.905310554960431546e+03,3.860418955419029796e+00
9.905310576290110475e+03,3.860418921700342398e+00
9.905310597619789405e+03,3.860418887983430469e+00
9.905310618949468335e+03,3.860418854268296229e+00
9.905310640279149084e+03,3.860418820554935238e+00
9.905310661608828013e+03,3.860418786843353267e+00
9.905310682938506943e+03,3.860418753133548542e+00
9.905310704268185873e+03,3.860418719425521505e+00
9.905310725597864803e+03,3.860418685719270382e+00
9.905310746927543732e+03,3.860418652014796947e+00
9.905310768257224481e+03,3.860418618312098982e+00
9.905310789586903411e+03,3.860418584611180037e+00
9.905310810916582341e+03,3.860418550912038782e+00
9.905310832246261270e+03,3.860418517214675216e+00
9.905310853575940200e+03,3.860418483519089339e+00
9.905310874905620949e+03,3.860418449825278486e+00
9.905310896235299879e+03,3.860418416133247987e+00
9.905310917564978809e+03,3.860418382442996066e+00
9.905310938894657738e+03,3.860418348754521833e+00
9.905310960224336668e+03,3.860418315067826178e+00
9.905310981554015598e+03,3.860418281382908656e+00
9.905311002883696347e+03,3.860418247699766603e+00
9.905311024213375276e+03,3.860418214018406680e+00
9.905311045543054206e+03,3.860418180338824001e+00
9.905311066872733136e+03,3.860418146661021233e+00
9.905311088202412066e+03,3.860418112984996597e+00
9.905311109532092814e+03,3.860418079310747874e+00
9.905311130861771744e+03,3.860418045638282170e+00
9.905311152191450674e+03,3.860418011967594154e+00
9.905311173521129604e+03,3.860417978298686492e+00
9.905311194850808533e+03,3.860417944631558296e+00
9.905311216180487463e+03,3.860417910966209121e+00
9.905311237510168212e+03,3.860417877302635858e+00
9.905311258839847142e+03,3.860417843640846058e+00
9.905311280169526071e+03,3.860417809980835724e+00
9.905311301499205001e+03,3.860417776322605299e+00
9.905311322828883931e+03,3.860417742666155227e+00
9.905311344158564680e+03,3.860417709011481513e+00
9.905311365488243609e+03,3.860417675358591705e+00
9.905311386817922539e+03,3.860417641707481362e+00
9.905311408147601469e+03,3.860417608058152261e+00
9.905311429477280399e+03,3.860417574410603070e+00
9.905311450806959328e+03,3.860417540764834232e+00
9.905311472136640077e+03,3.860417507120843972e+00
9.905311493466319007e+03,3.860417473478636730e+00
9.905311514795997937e+03,3.860417439838210285e+00
9.905311536125676867e+03,3.860417406199565971e+00
9.905311557455355796e+03,3.860417372562702010e+00
9.905311578785036545e+03,3.860417338927615738e+00
9.905311600114715475e+03,3.860417305294314705e+00
9.905311621444394405e+03,3.860417271662794469e+00
9.905311642774073334e+03,3.860417238033055920e+00
9.905311664103752264e+03,3.860417204405099056e+00
9.905311685433433013e+03,3.860417170778920770e+00
9.905311706763111943e+03,3.860417137154526834e+00
9.905311728092790872e+03,3.860417103531915028e+00
9.905311749422469802e+03,3.860417069911086241e+00
9.905311770752148732e+03,3.860417036292038251e+00
9.905311792081827662e+03,3.860417002674773279e+00
9.905311813411508410e+03,3.860416969059287773e+00
9.905311834741187340e+03,3.860416935445587505e+00
9.905311856070866270e+03,3.860416901833670256e+00
9.905311877400545200e+03,3.860416868223534692e+00
9.905311898730224129e+03,3.860416834615182147e+00
9.905311920059904878e+03,3.860416801008609955e+00
9.905311941389583808e+03,3.860416767403823002e+00
9.905311962719262738e+03,3.860416733800819511e+00
9.905311984048941667e+03,3.860416700199599038e+00
9.905312005378620597e+03,3.860416666600161584e+00
9.905312026708299527e+03,3.860416633002508480e+00
9.905312048037980276e+03,3.860416599406634841e+00
9.905312069367659205e+03,3.860416565812548217e+00
9.905312090697338135e+03,3.860416532220245056e+00
9.905312112027017065e+03,3.860416498629726245e+00
9.905312133356695995e+03,3.860416465040990452e+00
9.905312154686376743e+03,3.860416431454035902e+00
9.905312176016055673e+03,3.860416397868868810e+00
9.905312197345734603e+03,3.860416364285485180e+00
9.905312218675413533e+03,3.860416330703886789e+00
9.905312240005092463e+03,3.860416297124072305e+00
9.905312261334771392e+03,3.860416263546042170e+00
9.905312282664452141e+03,3.860416229969793278e+00
9.905312303994131071e+03,3.860416196395333177e+00
9.905312325323810001e+03,3.860416162822656982e+00
9.905312346653488930e+03,3.860416129251766026e+00
9.905312367983167860e+03,3.860416095682660309e+00
9.905312389312848609e+03,3.860416062115336722e+00
9.905312410642527539e+03,3.860416028549801037e+00
9.905312431972206468e+03,3.860415994986050592e+00
9.905312453301885398e+03,3.860415961424085829e+00
9.905312474631564328e+03,3.860415927863906305e+00
9.905312495961245077e+03,3.860415894305509799e+00
9.905312517290924006e+03,3.860415860748902084e+00
9.905312538620602936e+03,3.860415827194079608e+00
9.905312559950281866e+03,3.860415793641043258e+00
9.905312581279960796e+03,3.860415760089792592e+00
9.905312602609639725e+03,3.860415726540328940e+00
9.905312623939320474e+03,3.860415692992647863e+00
9.905312645268999404e+03,3.860415659446756909e+00
9.905312666598678334e+03,3.860415625902651193e+00
9.905312687928357263e+03,3.860415592360333381e+00
9.905312709258036193e+03,3.860415558819800808e+00
9.905312730587716942e+03,3.860415525281053029e+00
9.905312751917395872e+03,3.860415491744094485e+00
9.905312773247074801e+03,3.860415458208923400e+00
9.905312794576753731e+03,3.860415424675539775e+00
9.905312815906432661e+03,3.860415391143941832e+00
9.905312837236111591e+03,3.860415357614132237e+00
9.905312858565792340e+03,3.860415324086106992e+00
9.905312879895471269e+03,3.860415290559872314e+00
9.905312901225150199e+03,3.860415257035424652e+00
9.905312922554829129e+03,3.860415223512764893e+00
9.905312943884508059e+03,3.860415189991893481e+00
9.905312965214188807e+03,3.860415156472806419e+00
9.905312986543867737e+03,3.860415122955510814e+00
9.905313007873546667e+03,3.860415089440002223e+00
9.905313029203225597e+03,3.860415055926282424e+00
9.905313050532904526e+03,3.860415022414351416e+00
9.905313071862583456e+03,3.860414988904208311e+00
9.905313093192264205e+03,3.860414955395850889e+00
9.905313114521943135e+03,3.860414921889284479e+00
9.905313135851622064e+03,3.860414888384507304e+00
9.905313157181300994e+03,3.860414854881519808e+00
9.905313178510979924e+03,3.860414821380319772e+00
9.905313199840660673e+03,3.860414787880906307e+00
9.905313221170339602e+03,3.860414754383285185e+00
9.905313242500018532e+03,3.860414720887452855e+00
9.905313263829697462e+03,3.860414687393410205e+00
9.905313285159376392e+03,3.860414653901156345e+00
9.905313306489055321e+03,3.860414620410693054e+00
9.905313327818736070e+03,3.860414586922015889e+00
9.905313349148415000e+03,3.860414553435131069e+00
9.905313370478093930e+03,3.860414519950035928e+00
9.905313391807772859e+03,3.860414486466731354e+00
9.905313413137451789e+03,3.860414452985217348e+00
9.905313434467132538e+03,3.860414419505489469e+00
9.905313455796811468e+03,3.860414386027554823e+00
9.905313477126490397e+03,3.860414352551411632e+00
9.905313498456169327e+03,3.860414319077057677e+00
9.905313519785848257e+03,3.860414285604494733e+00
9.905313541115529006e+03,3.860414252133719692e+00
9.905313562445207936e+03,3.860414218664737440e+00
9.905313583774886865e+03,3.860414185197547088e+00
9.905313605104565795e+03,3.860414151732147747e+00
9.905313626434244725e+03,3.860414118268538974e+00
9.905313647763923655e+03,3.860414084806721213e+00
9.905313669093604403e+03,3.860414051346692688e+00
9.905313690423283333e+03,3.860414017888457394e+00
9.905313711752962263e+03,3.860413984432014001e+00
9.905313733082641193e+03,3.860413950977362507e+00
9.905313754412320122e+03,3.860413917524502025e+00
9.905313775742000871e+03,3.860413884073430779e+00
9.905313797071679801e+03,3.860413850624154097e+00
9.905313818401358731e+03,3.860413817176669760e+00
9.905313839731037660e+03,3.860413783730977322e+00
9.905313861060716590e+03,3.860413750287077672e+00
9.905313882390395520e+03,3.860413716844969034e+00
9.905313903720076269e+03,3.860413683404650964e+00
9.905313925049755198e+03,3.860413649966127903e+00
9.905313946379434128e+03,3.860413616529398073e+00
9.905313967709113058e+03,3.860413583094460144e+00
9.905313989038791988e+03,3.860413549661314558e+00
9.905314010368472736e+03,3.860413516229960429e+00
9.905314031698151666e+03,3.860413482800401308e+00
9.905314053027830596e+03,3.860413449372634975e+00
9.905314074357509526e+03,3.860413415946662763e+00
9.905314095687188455e+03,3.860413382522483783e+00
9.905314117016867385e+03,3.860413349100097591e+00
9.905314138346548134e+03,3.860413315679502411e+00
9.905314159676227064e+03,3.860413282260703127e+00
9.905314181005905994e+03,3.860413248843698408e+00
9.905314202335584923e+03,3.860413215428487366e+00
9.905314223665263853e+03,3.860413182015070443e+00
9.905314244994944602e+03,3.860413148603443645e+00
9.905314266324623532e+03,3.860413115193614519e+00
9.905314287654302461e+03,3.860413081785579514e+00
9.905314308983981391e+03,3.860413048379339518e+00
9.905314330313660321e+03,3.860413014974893642e+00
9.905314351643341070e+03,3.860412981572238778e+00
9.905314372973019999e+03,3.860412948171382030e+00
9.905314394302698929e+03,3.860412914772320292e+00
9.905314415632377859e+03,3.860412881375052674e+00
9.905314436962056789e+03,3.860412847979580064e+00
9.905314458291735718e+03,3.860412814585902908e+00
9.905314479621416467e+03,3.860412781194018539e+00
9.905314500951095397e+03,3.860412747803931843e+00
9.905314522280774327e+03,3.860412714415639712e+00
9.905314543610453256e+03,3.860412681029144366e+00
9.905314564940132186e+03,3.860412647644443584e+00
9.905314586269812935e+03,3.860412614261536035e+00
9.905314607599491865e+03,3.860412580880426603e+00
9.905314628929170794e+03,3.860412547501113956e+00
9.905314650258849724e+03,3.860412514123596761e+00
9.905314671588528654e+03,3.860412480747875463e+00
9.905314692918207584e+03,3.860412447373950506e+00
9.905314714247888332e+03,3.860412414001819226e+00
9.905314735577567262e+03,3.860412380631486950e+00
9.905314756907246192e+03,3.860412347262951460e+00
9.905314778236925122e+03,3.860412313896211867e+00
9.905314799566604052e+03,3.860412280531269502e+00
9.905314820896284800e+03,3.860412247168121702e+00
9.905314842225963730e+03,3.860412213806772463e+00
9.905314863555642660e+03,3.860412180447220454e+00
9.905314884885321590e+03,3.860412147089466117e+00
9.905314906215000519e+03,3.860412113733508566e+00
9.905314927544679449e+03,3.860412080379349131e+00
9.905314948874360198e+03,3.860412047026983373e+00
9.905314970204039128e+03,3.860412013676417953e+00
9.905314991533718057e+03,3.860411980327650650e+00
9.905315012863396987e+03,3.860411946980680575e+00
9.905315034193075917e+03,3.860411913635508174e+00
9.905315055522756666e+03,3.860411880292131226e+00
9.905315076852435595e+03,3.860411846950555059e+00
9.905315098182114525e+03,3.860411813610777454e+00
9.905315119511793455e+03,3.860411780272797522e+00
9.905315140841472385e+03,3.860411746936615707e+00
9.905315162171151314e+03,3.860411713602233341e+00
9.905315183500832063e+03,3.860411680269645984e+00
9.905315204830510993e+03,3.860411646938859409e+00
9.905315226160189923e+03,3.860411613609872727e+00
9.905315247489868852e+03,3.860411580282684607e+00
9.905315268819547782e+03,3.860411546957295492e+00
9.905315290149228531e+03,3.860411513633701830e+00
9.905315311478907461e+03,3.860411480311910726e+00
9.905315332808586390e+03,3.860411446991919071e+00
9.905315354138265320e+03,3.860411413673726422e+00
9.905315375467944250e+03,3.860411380357333666e+00
9.905315396797624999e+03,3.860411347042736363e+00
9.905315418127303928e+03,3.860411313729942506e+00
9.905315439456982858e+03,3.860411280418948987e+00
9.905315460786661788e+03,3.860411247109754473e+00
9.905315482116340718e+03,3.860411213802360297e+00
9.905315503446019648e+03,3.860411180496765571e+00
9.905315524775700396e+03,3.860411147192969405e+00
9.905315546105379326e+03,3.860411113890975354e+00
9.905315567435058256e+03,3.860411080590781197e+00
9.905315588764737186e+03,3.860411047292388265e+00
9.905315610094416115e+03,3.860411013995796115e+00
9.905315631424096864e+03,3.860410980701002082e+00
9.905315652753775794e+03,3.860410947408010607e+00
9.905315674083454724e+03,3.860410914116820802e+00
9.905315695413133653e+03,3.860410880827431779e+00
9.905315716742812583e+03,3.860410847539843537e+00
9.905315738072491513e+03,3.860410814254056078e+00
9.905315759402172262e+03,3.860410780970067623e+00
9.905315780731851191e+03,3.860410747687883948e+00
9.905315802061530121e+03,3.860410714407501498e+00
9.905315823391209051e+03,3.860410681128919830e+00
9.905315844720887981e+03,3.860410647852140276e+00
9.905315866050568729e+03,3.860410614577160171e+00
9.905315887380247659e+03,3.860410581303984845e+00
9.905315908709926589e+03,3.860410548032610745e+00
9.905315930039605519e+03,3.860410514763038758e+00
9.905315951369284448e+03,3.860410481495269774e+00
9.905315972698963378e+03,3.860410448229302904e+00
9.905315994028644127e+03,3.860410414965134596e+00
9.905316015358323057e+03,3.860410381702772398e+00
9.905316036688001986e+03,3.860410348442213202e+00
9.905316058017680916e+03,3.860410315183456120e+00
9.905316079347359846e+03,3.860410281926502485e+00
9.905316100677040595e+03,3.860410248671347855e+00
9.905316122006719525e+03,3.860410215418000224e+00
9.905316143336398454e+03,3.860410182166455151e+00
9.905316164666077384e+03,3.860410148916713524e+00
9.905316185995756314e+03,3.860410115668775344e+00
9.905316207325437063e+03,3.860410082422636613e+00
9.905316228655115992e+03,3.860410049178305325e+00
9.905316249984794922e+03,3.860410015935777928e+00
9.905316271314473852e+03,3.860409982695053088e+00
9.905316292644152782e+03,3.860409949456133472e+00
9.905316313973831711e+03,3.860409916219016413e+00
9.905316335303512460e+03,3.860409882983701912e+00
9.905316356633191390e+03,3.860409849750193523e+00
9.905316377962870320e+03,3.860409816518489912e+00
9.905316399292549249e+03,3.860409783288589747e+00
9.905316420622228179e+03,3.860409750060494805e+00
9.905316441951908928e+03,3.860409716834201532e+00
9.905316463281587858e+03,3.860409683609714815e+00
9.905316484611266787e+03,3.860409650387033764e+00
9.905316505940945717e+03,3.860409617166157492e+00
9.905316527270624647e+03,3.860409583947086443e+00
9.905316548600303577e+03,3.860409550729819284e+00
9.905316569929984325e+03,3.860409517514356015e+00
9.905316591259663255e+03,3.860409484300700189e+00
9.905316612589342185e+03,3.860409451088849142e+00
9.905316633919021115e+03,3.860409417878803762e+00
9.905316655248700044e+03,3.860409384670564048e+00
9.905316676578380793e+03,3.860409351464126892e+00
9.905316697908059723e+03,3.860409318259499400e+00
9.905316719237738653e+03,3.860409285056676687e+00
9.905316740567417582e+03,3.860409251855660973e+00
9.905316761897096512e+03,3.860409218656450481e+00
9.905316783226775442e+03,3.860409185459046544e+00
9.905316804556456191e+03,3.860409152263445165e+00
9.905316825886135121e+03,3.860409119069654338e+00
9.905316847215814050e+03,3.860409085877669177e+00
9.905316868545492980e+03,3.860409052687491016e+00
9.905316889875171910e+03,3.860409019499119410e+00
9.905316911204852659e+03,3.860408986312551249e+00
9.905316932534531588e+03,3.860408953127793641e+00
9.905316953864210518e+03,3.860408919944841699e+00
9.905316975193889448e+03,3.860408886763698533e+00
9.905316996523568378e+03,3.860408853584361477e+00
9.905317017853247307e+03,3.860408820406831865e+00
9.905317039182928056e+03,3.860408787231107031e+00
9.905317060512606986e+03,3.860408754057191860e+00
9.905317081842285916e+03,3.860408720885085465e+00
9.905317103171964845e+03,3.860408687714785625e+00
9.905317124501643775e+03,3.860408654546294560e+00
9.905317145831324524e+03,3.860408621379608274e+00
9.905317167161003454e+03,3.860408588214732539e+00
9.905317188490682383e+03,3.860408555051665136e+00
9.905317209820361313e+03,3.860408521890405620e+00
9.905317231150040243e+03,3.860408488730954435e+00
9.905317252479720992e+03,3.860408455573309361e+00
9.905317273809399921e+03,3.860408422417475283e+00
9.905317295139078851e+03,3.860408389263449980e+00
9.905317316468757781e+03,3.860408356111233008e+00
9.905317337798436711e+03,3.860408322960824368e+00
9.905317359128115640e+03,3.860408289812225391e+00
9.905317380457796389e+03,3.860408256665432525e+00
9.905317401787475319e+03,3.860408223520452431e+00
9.905317423117154249e+03,3.860408190377280668e+00
9.905317444446833179e+03,3.860408157235917681e+00
9.905317465776512108e+03,3.860408124096364801e+00
9.905317487106192857e+03,3.860408090958618477e+00
9.905317508435871787e+03,3.860408057822684480e+00
9.905317529765550717e+03,3.860408024688560591e+00
9.905317551095229646e+03,3.860407991556246365e+00
9.905317572424908576e+03,3.860407958425741803e+00
9.905317593754587506e+03,3.860407925297048237e+00
9.905317615084268255e+03,3.860407892170160782e+00
9.905317636413947184e+03,3.860407859045086543e+00
9.905317657743626114e+03,3.860407825921823299e+00
9.905317679073305044e+03,3.860407792800370608e+00
9.905317700402983974e+03,3.860407759680728024e+00
9.905317721732664722e+03,3.860407726562892883e+00
9.905317743062343652e+03,3.860407693446871402e+00
9.905317764392022582e+03,3.860407660332661361e+00
9.905317785721701512e+03,3.860407627220262317e+00
9.905317807051380441e+03,3.860407594109673379e+00
9.905317828381059371e+03,3.860407561000896326e+00
9.905317849710740120e+03,3.860407527893927160e+00
9.905317871040419050e+03,3.860407494788772542e+00
9.905317892370097979e+03,3.860407461685428920e+00
9.905317913699776909e+03,3.860407428583897627e+00
9.905317935029455839e+03,3.860407395484177773e+00
9.905317956359136588e+03,3.860407362386266694e+00
9.905317977688815517e+03,3.860407329290170164e+00
9.905317999018494447e+03,3.860407296195885962e+00
9.905318020348173377e+03,3.860407263103413200e+00
9.905318041677852307e+03,3.860407230012753210e+00
9.905318063007533055e+03,3.860407196923902884e+00
9.905318084337211985e+03,3.860407163836867106e+00
9.905318105666890915e+03,3.860407130751644100e+00
9.905318126996569845e+03,3.860407097668232979e+00
9.905318148326248775e+03,3.860407064586635517e+00
9.905318169655927704e+03,3.860407031506850384e+00
9.905318190985608453e+03,3.860406998428875358e+00
9.905318212315287383e+03,3.860406965352716213e+00
9.905318233644966313e+03,3.860406932278370284e+00
9.905318254974645242e+03,3.860406899205837128e+00
9.905318276304324172e+03,3.860406866135117188e+00
9.905318297634004921e+03,3.860406833066208243e+00
9.905318318963683851e+03,3.860406799999115179e+00
9.905318340293362780e+03,3.860406766933835776e+00
9.905318361623041710e+03,3.860406733870370033e+00
9.905318382952720640e+03,3.860406700808717950e+00
9.905318404282399570e+03,3.860406667748880416e+00
9.905318425612080318e+03,3.860406634690852989e+00
9.905318446941759248e+03,3.860406601634643220e+00
9.905318468271438178e+03,3.860406568580247555e+00
9.905318489601117108e+03,3.860406535527666438e+00
9.905318510930796037e+03,3.860406502476898982e+00
9.905318532260476786e+03,3.860406469427943854e+00
9.905318553590155716e+03,3.860406436380806383e+00
9.905318574919834646e+03,3.860406403335482572e+00
9.905318596249513575e+03,3.860406370291974198e+00
9.905318617579192505e+03,3.860406337250280373e+00
9.905318638908871435e+03,3.860406304210401984e+00
9.905318660238552184e+03,3.860406271172335479e+00
9.905318681568231113e+03,3.860406238136087076e+00
9.905318702897910043e+03,3.860406205101654109e+00
9.905318724227588973e+03,3.860406172069037023e+00
9.905318745557267903e+03,3.860406139038234929e+00
9.905318766886948652e+03,3.860406106009245164e+00
9.905318788216627581e+03,3.860406072982074832e+00
9.905318809546306511e+03,3.860406039956719493e+00
9.905318830875985441e+03,3.860406006933180478e+00
9.905318852205664371e+03,3.860405973911457789e+00
9.905318873535343300e+03,3.860405940891550092e+00
9.905318894865024049e+03,3.860405907873456499e+00
9.905318916194702979e+03,3.860405874857182784e+00
9.905318937524381909e+03,3.860405841842724062e+00
9.905318958854060838e+03,3.860405808830082552e+00
9.905318980183739768e+03,3.860405775819258256e+00
9.905319001513420517e+03,3.860405742810246732e+00
9.905319022843099447e+03,3.860405709803055530e+00
9.905319044172778376e+03,3.860405676797680652e+00
9.905319065502457306e+03,3.860405643794123876e+00
9.905319086832136236e+03,3.860405610792383424e+00
9.905319108161816985e+03,3.860405577792457521e+00
9.905319129491495914e+03,3.860405544794351940e+00
9.905319150821174844e+03,3.860405511798063571e+00
9.905319172150853774e+03,3.860405478803592416e+00
9.905319193480532704e+03,3.860405445810938918e+00
9.905319214810211633e+03,3.860405412820103965e+00
9.905319236139892382e+03,3.860405379831083117e+00
9.905319257469571312e+03,3.860405346843883478e+00
9.905319278799250242e+03,3.860405313858502385e+00
9.905319300128929171e+03,3.860405280874938061e+00
9.905319321458608101e+03,3.860405247893193170e+00
9.905319342788288850e+03,3.860405214913263272e+00
9.905319364117967780e+03,3.860405181935154584e+00
9.905319385447646710e+03,3.860405148958864441e+00
9.905319406777325639e+03,3.860405115984392843e+00
9.905319428107004569e+03,3.860405083011740679e+00
9.905319449436683499e+03,3.860405050040906172e+00
9.905319470766364248e+03,3.860405017071889322e+00
9.905319492096043177e+03,3.860404984104693238e+00
9.905319513425722107e+03,3.860404951139316587e+00
9.905319534755401037e+03,3.860404918175759370e+00
9.905319556085079967e+03,3.860404885214020698e+00
9.905319577414760715e+03,3.860404852254099684e+00
9.905319598744439645e+03,3.860404819296000323e+00
9.905319620074118575e+03,3.860404786339720395e+00
9.905319641403797505e+03,3.860404753385260346e+00
9.905319662733476434e+03,3.860404720432620618e+00
9.905319684063155364e+03,3.860404687481801211e+00
9.905319705392836113e+03,3.860404654532797686e+00
9.905319726722515043e+03,3.860404621585618479e+00
9.905319748052193972e+03,3.860404588640259149e+00
9.905319769381872902e+03,3.860404555696720141e+00
9.905319790711551832e+03,3.860404522755000567e+00
9.905319812041232581e+03,3.860404489815099982e+00
9.905319833370911510e+03,3.860404456877022827e+00
9.905319854700590440e+03,3.860404423940765994e+00
9.905319876030269370e+03,3.860404391006329483e+00
9.905319897359948300e+03,3.860404358073714626e+00
9.905319918689629048e+03,3.860404325142918314e+00
9.905319940019307978e+03,3.860404292213945432e+00
9.905319961348986908e+03,3.860404259286793760e+00
9.905319982678665838e+03,3.860404226361463298e+00
9.905320004008344767e+03,3.860404193437955378e+00
9.905320025338023697e+03,3.860404160516268224e+00
9.905320046667704446e+03,3.860404127596399615e+00
9.905320067997383376e+03,3.860404094678356657e+00
9.905320089327062306e+03,3.860404061762134020e+00
9.905320110656741235e+03,3.860404028847734814e+00
9.905320131986420165e+03,3.860403995935156818e+00
9.905320153316100914e+03,3.860403963024397811e+00
9.905320174645779844e+03,3.860403930115465343e+00
9.905320195975458773e+03,3.860403897208354085e+00
9.905320217305137703e+03,3.860403864303065369e+00
9.905320238634816633e+03,3.860403831399599639e+00
9.905320259964495563e+03,3.860403798497956007e+00
9.905320281294176311e+03,3.860403765598133141e+00
9.905320302623855241e+03,3.860403732700135038e+00
9.905320323953534171e+03,3.860403699803960809e+00
9.905320345283213101e+03,3.860403666909608678e+00
9.905320366612892030e+03,3.860403634017080865e+00
9.905320387942572779e+03,3.860403601126372486e+00
9.905320409272251709e+03,3.860403568237490646e+00
9.905320430601930639e+03,3.860403535350433124e+00
9.905320451931609568e+03,3.860403502465197700e+00
9.905320473261288498e+03,3.860403469581787039e+00
9.905320494590967428e+03,3.860403436700199364e+00
9.905320515920648177e+03,3.860403403820432899e+00
9.905320537250327106e+03,3.860403370942494305e+00
9.905320558580006036e+03,3.860403338066378698e+00
9.905320579909684966e+03,3.860403305192087853e+00
9.905320601239363896e+03,3.860403272319620882e+00
9.905320622569044644e+03,3.860403239448975121e+00
9.905320643898723574e+03,3.860403206580157232e+00
9.905320665228402504e+03,3.860403173713163660e+00
9.905320686558081434e+03,3.860403140847995296e+00
9.905320707887760364e+03,3.860403107984651694e+00
9.905320729217439293e+03,3.860403075123131966e+00
9.905320750547120042e+03,3.860403042263435669e+00
9.905320771876798972e+03,3.860403009405566355e+00
9.905320793206477902e+03,3.860402976549522691e+00
9.905320814536156831e+03,3.860402943695304234e+00
9.905320835865835761e+03,3.860402910842910984e+00
9.905320857195516510e+03,3.860402877992340276e+00
9.905320878525195440e+03,3.860402845143598771e+00
9.905320899854874369e+03,3.860402812296682029e+00
9.905320921184553299e+03,3.860402779451591826e+00
9.905320942514232229e+03,3.860402746608327273e+00
9.905320963843912978e+03,3.860402713766885707e+00
9.905320985173591907e+03,3.860402680927272456e+00
9.905321006503270837e+03,3.860402648089486632e+00
9.905321027832949767e+03,3.860402615253526459e+00
9.905321049162628697e+03,3.860402582419392825e+00
9.905321070492307626e+03,3.860402549587084842e+00
9.905321091821988375e+03,3.860402516756602065e+00
9.905321113151667305e+03,3.860402483927948047e+00
9.905321134481346235e+03,3.860402451101120569e+00
9.905321155811025164e+03,3.860402418276120518e+00
9.905321177140704094e+03,3.860402385452947005e+00
9.905321198470384843e+03,3.860402352631598255e+00
9.905321219800063773e+03,3.860402319812079597e+00
9.905321241129742702e+03,3.860402286994387921e+00
9.905321262459421632e+03,3.860402254178523229e+00
9.905321283789100562e+03,3.860402221364486852e+00
9.905321305118779492e+03,3.860402188552277458e+00
9.905321326448460240e+03,3.860402155741893271e+00
9.905321347778139170e+03,3.860402122933339619e+00
9.905321369107818100e+03,3.860402090126613839e+00
9.905321390437497030e+03,3.860402057321715930e+00
9.905321411767175960e+03,3.860402024518646336e+00
9.905321433096856708e+03,3.860401991717402392e+00
9.905321454426535638e+03,3.860401958917988985e+00
9.905321475756214568e+03,3.860401926120404337e+00
9.905321497085893498e+03,3.860401893324647560e+00
9.905321518415572427e+03,3.860401860530720430e+00
9.905321539745251357e+03,3.860401827738622060e+00
9.905321561074932106e+03,3.860401794948348453e+00
9.905321582404611036e+03,3.860401762159907157e+00
9.905321603734289965e+03,3.860401729373295510e+00
9.905321625063968895e+03,3.860401696588511733e+00
9.905321646393647825e+03,3.860401663805558048e+00
9.905321667723328574e+03,3.860401631024430902e+00
9.905321689053007503e+03,3.860401598245135624e+00
9.905321710382686433e+03,3.860401565467669993e+00
9.905321731712365363e+03,3.860401532692033566e+00
9.905321753042044293e+03,3.860401499918228119e+00
9.905321774371725041e+03,3.860401467146248322e+00
9.905321795701403971e+03,3.860401434376101726e+00
9.905321817031082901e+03,3.860401401607785221e+00
9.905321838360761831e+03,3.860401368841298808e+00
9.905321859690440760e+03,3.860401336076642043e+00
9.905321881020119690e+03,3.860401303313816257e+00
9.905321902349800439e+03,3.860401270552817898e+00
9.905321923679479369e+03,3.860401237793652740e+00
9.905321945009158298e+03,3.860401205036318562e+00
9.905321966338837228e+03,3.860401172280814475e+00
9.905321987668516158e+03,3.860401139527142256e+00
9.905322008998196907e+03,3.860401106775297020e+00
9.905322030327875837e+03,3.860401074025285872e+00
9.905322051657554766e+03,3.860401041277106149e+00
9.905322072987233696e+03,3.860401008530757849e+00
9.905322094316912626e+03,3.860400975786240085e+00
9.905322115646591556e+03,3.860400943043554189e+00
9.905322136976272304e+03,3.860400910302696609e+00
9.905322158305951234e+03,3.860400877563674449e+00
9.905322179635630164e+03,3.860400844826482381e+00
9.905322200965309094e+03,3.860400812091123512e+00
9.905322222294988023e+03,3.860400779357596068e+00
9.905322243624668772e+03,3.860400746625897828e+00
9.905322264954347702e+03,3.860400713896034564e+00
9.905322286284026632e+03,3.860400681168003612e+00
9.905322307613705561e+03,3.860400648441804972e+00
9.905322328943384491e+03,3.860400615717439088e+00
9.905322350273063421e+03,3.860400582994905072e+00
9.905322371602744170e+03,3.860400550274201148e+00
9.905322392932423099e+03,3.860400517555332200e+00
9.905322414262102029e+03,3.860400484838296897e+00
9.905322435591780959e+03,3.860400452123093906e+00
9.905322456921459889e+03,3.860400419409724559e+00
9.905322478251140637e+03,3.860400386698184860e+00
9.905322499580819567e+03,3.860400353988482358e+00
9.905322520910498497e+03,3.860400321280612168e+00
9.905322542240177427e+03,3.860400288574575178e+00
9.905322563569856356e+03,3.860400255870372721e+00
9.905322584899535286e+03,3.860400223168002576e+00
9.905322606229216035e+03,3.860400190467464299e+00
9.905322627558894965e+03,3.860400157768761886e+00
9.905322648888573895e+03,3.860400125071894895e+00
9.905322670218252824e+03,3.860400092376859771e+00
9.905322691547931754e+03,3.860400059683660512e+00
9.905322712877612503e+03,3.860400026992291789e+00
9.905322734207291433e+03,3.860399994302760263e+00
9.905322755536970362e+03,3.860399961615063713e+00
9.905322776866649292e+03,3.860399928929200808e+00
9.905322798196328222e+03,3.860399896245173323e+00
9.905322819526008971e+03,3.860399863562977707e+00
9.905322840855687900e+03,3.860399830882619732e+00
9.905322862185366830e+03,3.860399798204096733e+00
9.905322883515045760e+03,3.860399765527407823e+00
9.905322904844724690e+03,3.860399732852555221e+00
9.905322926174403619e+03,3.860399700179536264e+00
9.905322947504084368e+03,3.860399667508351396e+00
9.905322968833763298e+03,3.860399634839003724e+00
9.905322990163442228e+03,3.860399602171492361e+00
9.905323011493121157e+03,3.860399569505816864e+00
9.905323032822800087e+03,3.860399536841976342e+00
9.905323054152480836e+03,3.860399504179968577e+00
9.905323075482159766e+03,3.860399471519799786e+00
9.905323096811838695e+03,3.860399438861467303e+00
9.905323118141517625e+03,3.860399406204970685e+00
9.905323139471196555e+03,3.860399373550311264e+00
9.905323160800875485e+03,3.860399340897486375e+00
9.905323182130556233e+03,3.860399308246496908e+00
9.905323203460235163e+03,3.860399275597345969e+00
9.905323224789914093e+03,3.860399242950030896e+00
9.905323246119593023e+03,3.860399210304553463e+00
9.905323267449271953e+03,3.860399177660913228e+00
9.905323288778952701e+03,3.860399145019106193e+00
9.905323310108631631e+03,3.860399112379139019e+00
9.905323331438310561e+03,3.860399079741009043e+00
9.905323352767989491e+03,3.860399047104716708e+00
9.905323374097668420e+03,3.860399014470262014e+00
9.905323395427347350e+03,3.860398981837644072e+00
9.905323416757028099e+03,3.860398949206860664e+00
9.905323438086707029e+03,3.860398916577918005e+00
9.905323459416385958e+03,3.860398883950813431e+00
9.905323480746064888e+03,3.860398851325546055e+00
9.905323502075743818e+03,3.860398818702116763e+00
9.905323523405424567e+03,3.860398786080523337e+00
9.905323544735103496e+03,3.860398753460769772e+00
9.905323566064782426e+03,3.860398720842855180e+00
9.905323587394461356e+03,3.860398688226778230e+00
9.905323608724140286e+03,3.860398655612540697e+00
9.905323630053821034e+03,3.860398623000138141e+00
9.905323651383499964e+03,3.860398590389577667e+00
9.905323672713178894e+03,3.860398557780854834e+00
9.905323694042857824e+03,3.860398525173971418e+00
9.905323715372536753e+03,3.860398492568926976e+00
9.905323736702215683e+03,3.860398459965721507e+00
9.905323758031896432e+03,3.860398427364352791e+00
9.905323779361575362e+03,3.860398394764825269e+00
9.905323800691254291e+03,3.860398362167138053e+00
9.905323822020933221e+03,3.860398329571288922e+00
9.905323843350612151e+03,3.860398296977280541e+00
9.905323864680292900e+03,3.860398264385108025e+00
9.905323886009971829e+03,3.860398231794778923e+00
9.905323907339650759e+03,3.860398199206288794e+00
9.905323928669329689e+03,3.860398166619639415e+00
9.905323949999008619e+03,3.860398134034829454e+00
9.905323971328687549e+03,3.860398101451859798e+00
9.905323992658368297e+03,3.860398068870726895e+00
9.905324013988047227e+03,3.860398036291437851e+00
9.905324035317726157e+03,3.860398003713989112e+00
9.905324056647405087e+03,3.860397971138381124e+00
9.905324077977084016e+03,3.860397938564613884e+00
9.905324099306764765e+03,3.860397905992683842e+00
9.905324120636443695e+03,3.860397873422597659e+00
9.905324141966122625e+03,3.860397840854352669e+00
9.905324163295801554e+03,3.860397808287948873e+00
9.905324184625480484e+03,3.860397775723385383e+00
9.905324205955159414e+03,3.860397743160663531e+00
9.905324227284840163e+03,3.860397710599780208e+00
9.905324248614519092e+03,3.860397678040741631e+00
9.905324269944198022e+03,3.860397645483544249e+00
9.905324291273876952e+03,3.860397612928187616e+00
9.905324312603555882e+03,3.860397580374673510e+00
9.905324333933236630e+03,3.860397547822998376e+00
9.905324355262915560e+03,3.860397515273167990e+00
9.905324376592594490e+03,3.860397482725179241e+00
9.905324397922273420e+03,3.860397450179032575e+00
9.905324419251952349e+03,3.860397417634728878e+00
9.905324440581633098e+03,3.860397385092264599e+00
9.905324461911312028e+03,3.860397352551644623e+00
9.905324483240990958e+03,3.860397320012867617e+00
9.905324504570669887e+03,3.860397287475933581e+00
9.905324525900348817e+03,3.860397254940842071e+00
9.905324547230027747e+03,3.860397222407592643e+00
9.905324568559708496e+03,3.860397189876184409e+00
9.905324589889387426e+03,3.860397157346621810e+00
9.905324611219066355e+03,3.860397124818901737e+00
9.905324632548745285e+03,3.860397092293025079e+00
9.905324653878424215e+03,3.860397059768991834e+00
9.905324675208104964e+03,3.860397027246799340e+00
9.905324696537783893e+03,3.860396994726452924e+00
9.905324717867462823e+03,3.860396962207949478e+00
9.905324739197141753e+03,3.860396929691290779e+00
9.905324760526820683e+03,3.860396897176475495e+00
9.905324781856499612e+03,3.860396864663504068e+00
9.905324803186180361e+03,3.860396832152373836e+00
9.905324824515859291e+03,3.860396799643090571e+00
9.905324845845538221e+03,3.860396767135651608e+00
9.905324867175217150e+03,3.860396734630056947e+00
9.905324888504896080e+03,3.860396702126306145e+00
9.905324909834576829e+03,3.860396669624397870e+00
9.905324931164255759e+03,3.860396637124337005e+00
9.905324952493934688e+03,3.860396604626120443e+00
9.905324973823613618e+03,3.860396572129748627e+00
9.905324995153292548e+03,3.860396539635222002e+00
9.905325016482971478e+03,3.860396507142539235e+00
9.905325037812652226e+03,3.860396474651700771e+00
9.905325059142331156e+03,3.860396442162709274e+00
9.905325080472010086e+03,3.860396409675562968e+00
9.905325101801689016e+03,3.860396377190261852e+00
9.905325123131367945e+03,3.860396344706806371e+00
9.905325144461048694e+03,3.860396312225193860e+00
9.905325165790727624e+03,3.860396279745430093e+00
9.905325187120406554e+03,3.860396247267511960e+00
9.905325208450085483e+03,3.860396214791438574e+00
9.905325229779764413e+03,3.860396182317213043e+00
9.905325251109443343e+03,3.860396149844832259e+00
9.905325272439124092e+03,3.860396117374295333e+00
9.905325293768803022e+03,3.860396084905607594e+00
9.905325315098481951e+03,3.860396052438766823e+00
9.905325336428160881e+03,3.860396019973771242e+00
9.905325357757839811e+03,3.860395987510622628e+00
9.905325379087520560e+03,3.860395955049318761e+00
9.905325400417199489e+03,3.860395922589864082e+00
9.905325421746878419e+03,3.860395890132255925e+00
9.905325443076557349e+03,3.860395857676495179e+00
9.905325464406236279e+03,3.860395825222581401e+00
9.905325485735917027e+03,3.860395792770511481e+00
9.905325507065595957e+03,3.860395760320292080e+00
9.905325528395274887e+03,3.860395727871920535e+00
9.905325549724953817e+03,3.860395695425395957e+00
9.905325571054632746e+03,3.860395662980718789e+00
9.905325592384311676e+03,3.860395630537889478e+00
9.905325613713992425e+03,3.860395598096905356e+00
9.905325635043671355e+03,3.860395565657772199e+00
9.905325656373350284e+03,3.860395533220486008e+00
9.905325677703029214e+03,3.860395500785048561e+00
9.905325699032708144e+03,3.860395468351458970e+00
9.905325720362388893e+03,3.860395435919715901e+00
9.905325741692067822e+03,3.860395403489822908e+00
9.905325763021746752e+03,3.860395371061778214e+00
9.905325784351425682e+03,3.860395338635583151e+00
9.905325805681104612e+03,3.860395306211235944e+00
9.905325827010783541e+03,3.860395273788737924e+00
9.905325848340464290e+03,3.860395241368085983e+00
9.905325869670143220e+03,3.860395208949285006e+00
9.905325890999822150e+03,3.860395176532334105e+00
9.905325912329501080e+03,3.860395144117231947e+00
9.905325933659180009e+03,3.860395111703978976e+00
9.905325954988860758e+03,3.860395079292572529e+00
9.905325976318539688e+03,3.860395046883018821e+00
9.905325997648218618e+03,3.860395014475314301e+00
9.905326018977897547e+03,3.860394982069459857e+00
9.905326040307576477e+03,3.860394949665455044e+00
9.905326061637255407e+03,3.860394917263299863e+00
9.905326082966936156e+03,3.860394884862991649e+00
9.905326104296615085e+03,3.860394852464536619e+00
9.905326125626294015e+03,3.860394820067932109e+00
9.905326146955972945e+03,3.860394787673177674e+00
9.905326168285651875e+03,3.860394755280273316e+00
9.905326189615332623e+03,3.860394722889216812e+00
9.905326210945011553e+03,3.860394690500013937e+00
9.905326232274690483e+03,3.860394658112661137e+00
9.905326253604369413e+03,3.860394625727159301e+00
9.905326274934048342e+03,3.860394593343508429e+00
9.905326296263729091e+03,3.860394560961705857e+00
9.905326317593408021e+03,3.860394528581756024e+00
9.905326338923086951e+03,3.860394496203658488e+00
9.905326360252765880e+03,3.860394463827411915e+00
9.905326381582444810e+03,3.860394431453017194e+00
9.905326402912123740e+03,3.860394399080473438e+00
9.905326424241804489e+03,3.860394366709777980e+00
9.905326445571483418e+03,3.860394334340937483e+00
9.905326466901162348e+03,3.860394301973949283e+00
9.905326488230841278e+03,3.860394269608812046e+00
9.905326509560520208e+03,3.860394237245527549e+00
9.905326530890200956e+03,3.860394204884091796e+00
9.905326552219879886e+03,3.860394172524511003e+00
9.905326573549558816e+03,3.860394140166782506e+00
9.905326594879237746e+03,3.860394107810905862e+00
9.905326616208916676e+03,3.860394075456882845e+00
9.905326637538595605e+03,3.860394043104711681e+00
9.905326658868276354e+03,3.860394010754390592e+00
9.905326680197955284e+03,3.860393978405924909e+00
9.905326701527634214e+03,3.860393946059311521e+00
9.905326722857313143e+03,3.860393913714551317e+00
9.905326744186992073e+03,3.860393881371644742e+00
9.905326765516672822e+03,3.860393849030588242e+00
9.905326786846351752e+03,3.860393816691387148e+00
9.905326808176030681e+03,3.860393784354040569e+00
9.905326829505709611e+03,3.860393752018546731e+00
9.905326850835388541e+03,3.860393719684906522e+00
9.905326872165067471e+03,3.860393687353119940e+00
9.905326893494748219e+03,3.860393655023183435e+00
9.905326914824427149e+03,3.860393622695104554e+00
9.905326936154106079e+03,3.860393590368879746e+00
9.905326957483785009e+03,3.860393558044509010e+00
9.905326978813463938e+03,3.860393525721991903e+00
9.905327000143144687e+03,3.860393493401326648e+00
9.905327021472823617e+03,3.860393461082518130e+00
9.905327042802502547e+03,3.860393428765564128e+00
9.905327064132181476e+03,3.860393396450464643e+00
9.905327085461860406e+03,3.860393364137220118e+00
9.905327106791539336e+03,3.860393331825829666e+00
9.905327128121220085e+03,3.860393299516291066e+00
9.905327149450899014e+03,3.860393267208610979e+00
9.905327170780577944e+03,3.860393234902785853e+00
9.905327192110256874e+03,3.860393202598815687e+00
9.905327213439935804e+03,3.860393170296700927e+00
9.905327234769616553e+03,3.860393137996438018e+00
9.905327256099295482e+03,3.860393105698034066e+00
9.905327277428974412e+03,3.860393073401485520e+00
9.905327298758653342e+03,3.860393041106792378e+00
9.905327320088332272e+03,3.860393008813954641e+00
9.905327341418013020e+03,3.860392976522970532e+00
9.905327362747691950e+03,3.860392944233844492e+00
9.905327384077370880e+03,3.860392911946575190e+00
9.905327405407049810e+03,3.860392879661161736e+00
9.905327426736728739e+03,3.860392847377604575e+00
9.905327448066407669e+03,3.860392815095903263e+00
9.905327469396088418e+03,3.860392782816055579e+00
9.905327490725767348e+03,3.860392750538067297e+00
9.905327512055446277e+03,3.860392718261936196e+00
9.905327533385125207e+03,3.860392685987660943e+00
9.905327554714804137e+03,3.860392653715243316e+00
9.905327576044484886e+03,3.860392621444679317e+00
9.905327597374163815e+03,3.860392589175975164e+00
9.905327618703842745e+03,3.860392556909127748e+00
9.905327640033521675e+03,3.860392524644137957e+00
9.905327661363200605e+03,3.860392492381005347e+00
9.905327682692879534e+03,3.860392460119729918e+00
9.905327704022560283e+03,3.860392427860309894e+00
9.905327725352239213e+03,3.860392395602750160e+00
9.905327746681918143e+03,3.860392363347047162e+00
9.905327768011597072e+03,3.860392331093203122e+00
9.905327789341276002e+03,3.860392298841215819e+00
9.905327810670956751e+03,3.860392266591084809e+00
9.905327832000635681e+03,3.860392234342814088e+00
9.905327853330314611e+03,3.860392202096401437e+00
9.905327874659993540e+03,3.860392169851847299e+00
9.905327895989672470e+03,3.860392137609151675e+00
9.905327917319351400e+03,3.860392105368314120e+00
9.905327938649032149e+03,3.860392073129332857e+00
9.905327959978711078e+03,3.860392040892212773e+00
9.905327981308390008e+03,3.860392008656951646e+00
9.905328002638068938e+03,3.860391976423549476e+00
9.905328023967747868e+03,3.860391944192006264e+00
9.905328045297428616e+03,3.860391911962318456e+00
9.905328066627107546e+03,3.860391879734493603e+00
9.905328087956786476e+03,3.860391847508527707e+00
9.905328109286465406e+03,3.860391815284421213e+00
9.905328130616144335e+03,3.860391783062174120e+00
9.905328151945825084e+03,3.860391750841784209e+00
9.905328173275504014e+03,3.860391718623255475e+00
9.905328194605182944e+03,3.860391686406587475e+00
9.905328215934861873e+03,3.860391654191778876e+00
9.905328237264540803e+03,3.860391621978831456e+00
9.905328258594219733e+03,3.860391589767742548e+00
9.905328279923900482e+03,3.860391557558512154e+00
9.905328301253579411e+03,3.860391525351144271e+00
9.905328322583258341e+03,3.860391493145637121e+00
9.905328343912937271e+03,3.860391460941989816e+00
9.905328365242616201e+03,3.860391428740203690e+00
9.905328386572296949e+03,3.860391396540274744e+00
9.905328407901975879e+03,3.860391364342210085e+00
9.905328429231654809e+03,3.860391332146005272e+00
9.905328450561333739e+03,3.860391299951662525e+00
9.905328471891012668e+03,3.860391267759180067e+00
9.905328493220691598e+03,3.860391235568558788e+00
9.905328514550372347e+03,3.860391203379796465e+00
9.905328535880051277e+03,3.860391171192897541e+00
9.905328557209730207e+03,3.860391139007861572e+00
9.905328578539409136e+03,3.860391106824685892e+00
9.905328599869088066e+03,3.860391074643372278e+00
9.905328621198768815e+03,3.860391042463916733e+00
9.905328642528447745e+03,3.860391010286326807e+00
9.905328663858126674e+03,3.860390978110598059e+00
9.905328685187805604e+03,3.860390945936731821e+00
9.905328706517484534e+03,3.860390913764727205e+00
9.905328727847163464e+03,3.860390881594585544e+00
9.905328749176844212e+03,3.860390849426303284e+00
9.905328770506523142e+03,3.860390817259886198e+00
9.905328791836202072e+03,3.860390785095331179e+00
9.905328813165881002e+03,3.860390752932639113e+00
9.905328834495559931e+03,3.860390720771810003e+00
9.905328855825240680e+03,3.860390688612840293e+00
9.905328877154919610e+03,3.860390656455737091e+00
9.905328898484598540e+03,3.860390624300496398e+00
9.905328919814277469e+03,3.860390592147118660e+00
9.905328941143956399e+03,3.860390559995604765e+00
9.905328962473635329e+03,3.860390527845953823e+00
9.905328983803316078e+03,3.860390495698163171e+00
9.905329005132995007e+03,3.860390463552239471e+00
9.905329026462673937e+03,3.860390431408178724e+00
9.905329047792352867e+03,3.860390399265982708e+00
9.905329069122031797e+03,3.860390367125648758e+00
9.905329090451712545e+03,3.860390334987177763e+00
9.905329111781391475e+03,3.860390302850572386e+00
9.905329133111070405e+03,3.860390270715831740e+00
9.905329154440749335e+03,3.860390238582954936e+00
9.905329175770428265e+03,3.860390206451942419e+00
9.905329197100109013e+03,3.860390174322791523e+00
9.905329218429787943e+03,3.860390142195507579e+00
9.905329239759466873e+03,3.860390110070088809e+00
9.905329261089145803e+03,3.860390077946535214e+00
9.905329282418824732e+03,3.860390045824845906e+00
9.905329303748503662e+03,3.860390013705020440e+00
9.905329325078184411e+03,3.860389981587058816e+00
9.905329346407863341e+03,3.860389949470963700e+00
9.905329367737542270e+03,3.860389917356734646e+00
9.905329389067221200e+03,3.860389885244370767e+00
9.905329410396900130e+03,3.860389853133872062e+00
9.905329431726580879e+03,3.860389821025235424e+00
9.905329453056259808e+03,3.860389788918467957e+00
9.905329474385938738e+03,3.860389756813566109e+00
9.905329495715617668e+03,3.860389724710530324e+00
9.905329517045296598e+03,3.860389692609359269e+00
9.905329538374975527e+03,3.860389660510055609e+00
9.905329559704656276e+03,3.860389628412614460e+00
9.905329581034335206e+03,3.860389596317042482e+00
9.905329602364014136e+03,3.860389564223336123e+00
9.905329623693693065e+03,3.860389532131497159e+00
9.905329645023371995e+03,3.860389500041523814e+00
9.905329666353052744e+03,3.860389467953414311e+00
9.905329687682731674e+03,3.860389435867174424e+00
9.905329709012410603e+03,3.860389403782801931e+00
9.905329730342089533e+03,3.860389371700295058e+00
9.905329751671768463e+03,3.860389339619656024e+00
9.905329773001447393e+03,3.860389307540883941e+00
9.905329794331128141e+03,3.860389275463975700e+00
9.905329815660807071e+03,3.860389243388937963e+00
9.905329836990486001e+03,3.860389211315768065e+00
9.905329858320164931e+03,3.860389179244464675e+00
9.905329879649843861e+03,3.860389147175029123e+00
9.905329900979524609e+03,3.860389115107458746e+00
9.905329922309203539e+03,3.860389083041758429e+00
9.905329943638882469e+03,3.860389050977925951e+00
9.905329964968561399e+03,3.860389018915961756e+00
9.905329986298240328e+03,3.860388986855865401e+00
9.905330007627921077e+03,3.860388954797634220e+00
9.905330028957600007e+03,3.860388922741274431e+00
9.905330050287278937e+03,3.860388890686782482e+00
9.905330071616957866e+03,3.860388858634159703e+00
9.905330092946636796e+03,3.860388826583404320e+00
9.905330114276315726e+03,3.860388794534518553e+00
9.905330135605996475e+03,3.860388762487498404e+00
9.905330156935675404e+03,3.860388730442349647e+00
9.905330178265354334e+03,3.860388698399070062e+00
9.905330199595033264e+03,3.860388666357659204e+00
9.905330220924712194e+03,3.860388634318117518e+00
9.905330242254392942e+03,3.860388602280442782e+00
9.905330263584071872e+03,3.860388570244639883e+00
9.905330284913750802e+03,3.860388538210705711e+00
9.905330306243429732e+03,3.860388506178641599e+00
9.905330327573108661e+03,3.860388474148447102e+00
9.905330348902787591e+03,3.860388442120123109e+00
9.905330370232468340e+03,3.860388410093665623e+00
9.905330391562147270e+03,3.860388378069079973e+00
9.905330412891826199e+03,3.860388346046364383e+00
9.905330434221505129e+03,3.860388314025519740e+00
9.905330455551184059e+03,3.860388282006544713e+00
9.905330476880864808e+03,3.860388249989437526e+00
9.905330498210543738e+03,3.860388217974203506e+00
9.905330519540222667e+03,3.860388185960839547e+00
9.905330540869901597e+03,3.860388153949346535e+00
9.905330562199580527e+03,3.860388121939723582e+00
9.905330583529259457e+03,3.860388089931972022e+00
9.905330604858940205e+03,3.860388057926089189e+00
9.905330626188619135e+03,3.860388025922079080e+00
9.905330647518298065e+03,3.860387993919940808e+00
9.905330668847976995e+03,3.860387961919672595e+00
9.905330690177655924e+03,3.860387929921276662e+00
9.905330711507336673e+03,3.860387897924748568e+00
9.905330732837015603e+03,3.860387865930095419e+00
9.905330754166694533e+03,3.860387833937313662e+00
9.905330775496373462e+03,3.860387801946402853e+00
9.905330796826052392e+03,3.860387769957365212e+00
9.905330818155731322e+03,3.860387737970198074e+00
9.905330839485412071e+03,3.860387705984900997e+00
9.905330860815091000e+03,3.860387674001477976e+00
9.905330882144769930e+03,3.860387642019927235e+00
9.905330903474448860e+03,3.860387610040249218e+00
9.905330924804127790e+03,3.860387578062443925e+00
9.905330946133808538e+03,3.860387546086506916e+00
9.905330967463487468e+03,3.860387514112446627e+00
9.905330988793166398e+03,3.860387482140258175e+00
9.905331010122845328e+03,3.860387450169942447e+00
9.905331031452524257e+03,3.860387418201499443e+00
9.905331052782205006e+03,3.860387386234926943e+00
9.905331074111883936e+03,3.860387354270230720e+00
9.905331095441562866e+03,3.860387322307407221e+00
9.905331116771241796e+03,3.860387290346456446e+00
9.905331138100920725e+03,3.860387258387379283e+00
9.905331159430599655e+03,3.860387226430176177e+00
9.905331180760280404e+03,3.860387194474843131e+00
9.905331202089959334e+03,3.860387162521385918e+00
9.905331223419638263e+03,3.860387130569803649e+00
9.905331244749317193e+03,3.860387098620094548e+00
9.905331266078996123e+03,3.860387066672259504e+00
9.905331287408676872e+03,3.860387034726295408e+00
9.905331308738355801e+03,3.860387002782208921e+00
9.905331330068034731e+03,3.860386970839995602e+00
9.905331351397713661e+03,3.860386938899657228e+00
9.905331372727392591e+03,3.860386906961193354e+00
9.905331394057071520e+03,3.860386875024603981e+00
9.905331415386752269e+03,3.860386843089886444e+00
9.905331436716431199e+03,3.860386811157046072e+00
9.905331458046110129e+03,3.860386779226081089e+00
9.905331479375789058e+03,3.860386747296989718e+00
9.905331500705467988e+03,3.860386715369774624e+00
9.905331522035148737e+03,3.860386683444431810e+00
9.905331543364827667e+03,3.860386651520965717e+00
9.905331564694506596e+03,3.860386619599375901e+00
9.905331586024185526e+03,3.860386587679661030e+00
9.905331607353864456e+03,3.860386555761821992e+00
9.905331628683543386e+03,3.860386523845858342e+00
9.905331650013224134e+03,3.860386491931767861e+00
9.905331671342903064e+03,3.860386460019555876e+00
9.905331692672581994e+03,3.860386428109219281e+00
9.905331714002260924e+03,3.860386396200759407e+00
9.905331735331939853e+03,3.860386364294174477e+00
9.905331756661620602e+03,3.860386332389464048e+00
9.905331777991299532e+03,3.860386300486631672e+00
9.905331799320978462e+03,3.860386268585676461e+00
9.905331820650657392e+03,3.860386236686597528e+00
9.905331841980336321e+03,3.860386204789394871e+00
9.905331863310017070e+03,3.860386172894066714e+00
9.905331884639696000e+03,3.860386141000617055e+00
9.905331905969374930e+03,3.860386109109045005e+00
9.905331927299053859e+03,3.860386077219349676e+00
9.905331948628732789e+03,3.860386045331531957e+00
9.905331969958411719e+03,3.860386013445590070e+00
9.905331991288092468e+03,3.860385981561523572e+00
9.905332012617771397e+03,3.860385949679336903e+00
9.905332033947450327e+03,3.860385917799028288e+00
9.905332055277129257e+03,3.860385885920596394e+00
9.905332076606808187e+03,3.860385854044042109e+00
9.905332097936488935e+03,3.860385822169362768e+00
9.905332119266167865e+03,3.860385790296565034e+00
9.905332140595846795e+03,3.860385758425644465e+00
9.905332161925525725e+03,3.860385726556601949e+00
9.905332183255204654e+03,3.860385694689437042e+00
9.905332204584883584e+03,3.860385662824151076e+00
9.905332225914564333e+03,3.860385630960740944e+00
9.905332247244243263e+03,3.860385599099210641e+00
9.905332268573922192e+03,3.860385567239559723e+00
9.905332289903601122e+03,3.860385535381787303e+00
9.905332311233280052e+03,3.860385503525893824e+00
9.905332332562960801e+03,3.860385471671876623e+00
9.905332353892639730e+03,3.860385439819740139e+00
9.905332375222318660e+03,3.860385407969483040e+00
9.905332396551997590e+03,3.860385376121105772e+00
9.905332417881676520e+03,3.860385344274606556e+00
9.905332439211355450e+03,3.860385312429987614e+00
9.905332460541036198e+03,3.860385280587244061e+00
9.905332481870715128e+03,3.860385248746383891e+00
9.905332503200394058e+03,3.860385216907403105e+00
9.905332524530072988e+03,3.860385185070301262e+00
9.905332545859751917e+03,3.860385153235080136e+00
9.905332567189432666e+03,3.860385121401735731e+00
9.905332588519111596e+03,3.860385089570273820e+00
9.905332609848790526e+03,3.860385057740691739e+00
9.905332631178469455e+03,3.860385025912990820e+00
9.905332652508148385e+03,3.860384994087169730e+00
9.905332673837827315e+03,3.860384962263228026e+00
9.905332695167508064e+03,3.860384930441165707e+00
9.905332716497186993e+03,3.860384898620984995e+00
9.905332737826865923e+03,3.860384866802685888e+00
9.905332759156544853e+03,3.860384834986267499e+00
9.905332780486223783e+03,3.860384803171729828e+00
9.905332801815904531e+03,3.860384771359070655e+00
9.905332823145583461e+03,3.860384739548294419e+00
9.905332844475262391e+03,3.860384707739400678e+00
9.905332865804941321e+03,3.860384675932386767e+00
9.905332887134620250e+03,3.860384644127254905e+00
9.905332908464300999e+03,3.860384612324001985e+00
9.905332929793979929e+03,3.860384580522632891e+00
9.905332951123658859e+03,3.860384548723144960e+00
9.905332972453337788e+03,3.860384516925539522e+00
9.905332993783016718e+03,3.860384485129815690e+00
9.905333015112695648e+03,3.860384453335973909e+00
9.905333036442376397e+03,3.860384421544011069e+00
9.905333057772055326e+03,3.860384389753932943e+00
9.905333079101734256e+03,3.860384357965737756e+00
9.905333100431413186e+03,3.860384326179424175e+00
9.905333121761092116e+03,3.860384294394993976e+00
9.905333143090772865e+03,3.860384262612442274e+00
9.905333164420451794e+03,3.860384230831776176e+00
9.905333185750130724e+03,3.860384199052993459e+00
9.905333207079809654e+03,3.860384167276092793e+00
9.905333228409488584e+03,3.860384135501075953e+00
9.905333249739167513e+03,3.860384103727940719e+00
9.905333271068848262e+03,3.860384071956686647e+00
9.905333292398527192e+03,3.860384040187318622e+00
9.905333313728206122e+03,3.860384008419833535e+00
9.905333335057885051e+03,3.860383976654232274e+00
9.905333356387563981e+03,3.860383944890514396e+00
9.905333377717244730e+03,3.860383913128676792e+00
9.905333399046923660e+03,3.860383881368726122e+00
9.905333420376602589e+03,3.860383849610658835e+00
9.905333441706281519e+03,3.860383817854475819e+00
9.905333463035960449e+03,3.860383786100177073e+00
9.905333484365639379e+03,3.860383754347760821e+00
9.905333505695320127e+03,3.860383722597227507e+00
9.905333527024999057e+03,3.860383690848581129e+00
9.905333548354677987e+03,3.860383659101818576e+00
9.905333569684356917e+03,3.860383627356940295e+00
9.905333591014035846e+03,3.860383595613946728e+00
9.905333612343716595e+03,3.860383563872835655e+00
9.905333633673395525e+03,3.860383532133611517e+00
9.905333655003074455e+03,3.860383500396271650e+00
9.905333676332753384e+03,3.860383468660817385e+00
9.905333697662432314e+03,3.860383436927247836e+00
9.905333718992113063e+03,3.860383405195561668e+00
9.905333740321791993e+03,3.860383373465762880e+00
9.905333761651470923e+03,3.860383341737848806e+00
9.905333782981149852e+03,3.860383310011820335e+00
9.905333804310828782e+03,3.860383278287677467e+00
9.905333825640507712e+03,3.860383246565420645e+00
9.905333846970188461e+03,3.860383214845046318e+00
9.905333868299867390e+03,3.860383183126560702e+00
9.905333889629546320e+03,3.860383151409961577e+00
9.905333910959225250e+03,3.860383119695247167e+00
9.905333932288904180e+03,3.860383087982420136e+00
9.905333953618584928e+03,3.860383056271475599e+00
9.905333974948263858e+03,3.860383024562421106e+00
9.905333996277942788e+03,3.860382992855251771e+00
9.905334017607621718e+03,3.860382961149969372e+00
9.905334038937300647e+03,3.860382929446574352e+00
9.905334060266979577e+03,3.860382897745064934e+00
9.905334081596660326e+03,3.860382866045440231e+00
9.905334102926339256e+03,3.860382834347704684e+00
9.905334124256018185e+03,3.860382802651856515e+00
9.905334145585697115e+03,3.860382770957894838e+00
9.905334166915376045e+03,3.860382739265820984e+00
9.905334188245056794e+03,3.860382707575631400e+00
9.905334209574735723e+03,3.860382675887331860e+00
9.905334230904414653e+03,3.860382644200920144e+00
9.905334252234093583e+03,3.860382612516395362e+00
9.905334273563772513e+03,3.860382580833758404e+00
9.905334294893451442e+03,3.860382549153009268e+00
9.905334316223132191e+03,3.860382517474145292e+00
9.905334337552811121e+03,3.860382485797171803e+00
9.905334358882490051e+03,3.860382454122086582e+00
9.905334380212168981e+03,3.860382422448890072e+00
9.905334401541847910e+03,3.860382390777580497e+00
9.905334422871528659e+03,3.860382359108157413e+00
9.905334444201207589e+03,3.860382327440625705e+00
9.905334465530886519e+03,3.860382295774981820e+00
9.905334486860565448e+03,3.860382264111226203e+00
9.905334508190244378e+03,3.860382232449360629e+00
9.905334529519923308e+03,3.860382200789382434e+00
9.905334550849604057e+03,3.860382169131291619e+00
9.905334572179282986e+03,3.860382137475091735e+00
9.905334593508961916e+03,3.860382105820781451e+00
9.905334614838640846e+03,3.860382074168359878e+00
9.905334636168319776e+03,3.860382042517827905e+00
9.905334657498000524e+03,3.860382010869182867e+00
9.905334678827679454e+03,3.860381979222429205e+00
9.905334700157358384e+03,3.860381947577566475e+00
9.905334721487037314e+03,3.860381915934592012e+00
9.905334742816716243e+03,3.860381884293508037e+00
9.905334764146396992e+03,3.860381852654310997e+00
9.905334785476075922e+03,3.860381821017007109e+00
9.905334806805754852e+03,3.860381789381592821e+00
9.905334828135433781e+03,3.860381757748069020e+00
9.905334849465112711e+03,3.860381726116434820e+00
9.905334870794791641e+03,3.860381694486691995e+00
9.905334892124472390e+03,3.860381662858836105e+00
9.905334913454151319e+03,3.860381631232874255e+00
9.905334934783830249e+03,3.860381599608802450e+00
9.905334956113509179e+03,3.860381567986622020e+00
9.905334977443188109e+03,3.860381536366331190e+00
9.905334998772868857e+03,3.860381504747929959e+00
9.905335020102547787e+03,3.860381473131421881e+00
9.905335041432226717e+03,3.860381441516804291e+00
9.905335062761905647e+03,3.860381409904078964e+00
9.905335084091584577e+03,3.860381378293245014e+00
9.905335105421263506e+03,3.860381346684301551e+00
9.905335126750944255e+03,3.860381315077247688e+00
9.905335148080623185e+03,3.860381283472087866e+00
9.905335169410302115e+03,3.860381251868819863e+00
9.905335190739981044e+03,3.860381220267443236e+00
9.905335212069659974e+03,3.860381188667959318e+00
9.905335233399340723e+03,3.860381157070364111e+00
9.905335254729019653e+03,3.860381125474664277e+00
9.905335276058698582e+03,3.860381093880856263e+00
9.905335297388377512e+03,3.860381062288940068e+00
9.905335318718056442e+03,3.860381030698917026e+00
9.905335340047735372e+03,3.860380999110785805e+00
9.905335361377416120e+03,3.860380967524545515e+00
9.905335382707095050e+03,3.860380935940199265e+00
9.905335404036773980e+03,3.860380904357746612e+00
9.905335425366452910e+03,3.860380872777187111e+00
9.905335446696131839e+03,3.860380841198520319e+00
9.905335468025812588e+03,3.860380809621743570e+00
9.905335489355491518e+03,3.860380778046862638e+00
9.905335510685170448e+03,3.860380746473875746e+00
9.905335532014849377e+03,3.860380714902782007e+00
9.905335553344528307e+03,3.860380683333580976e+00
9.905335574674209056e+03,3.860380651766271320e+00
9.905335596003887986e+03,3.860380620200858370e+00
9.905335617333566915e+03,3.860380588637338573e+00
9.905335638663245845e+03,3.860380557075712371e+00
9.905335659992924775e+03,3.860380525515981098e+00
9.905335681322603705e+03,3.860380493958143422e+00
9.905335702652284454e+03,3.860380462402196233e+00
9.905335723981963383e+03,3.860380430848147082e+00
9.905335745311642313e+03,3.860380399295991971e+00
9.905335766641321243e+03,3.860380367745731345e+00
9.905335787971000173e+03,3.860380336197365647e+00
9.905335809300680921e+03,3.860380304650890881e+00
9.905335830630359851e+03,3.860380273106314597e+00
9.905335851960038781e+03,3.860380241563632353e+00
9.905335873289717711e+03,3.860380210022845482e+00
9.905335894619396640e+03,3.860380178483952651e+00
9.905335915949075570e+03,3.860380146946956081e+00
9.905335937278756319e+03,3.860380115411851776e+00
9.905335958608435249e+03,3.860380083878645063e+00
9.905335979938114178e+03,3.860380052347333724e+00
9.905336001267793108e+03,3.860380020817918645e+00
9.905336022597472038e+03,3.860379989290398051e+00
9.905336043927152787e+03,3.860379957764771053e+00
9.905336065256831716e+03,3.860379926241042536e+00
9.905336086586510646e+03,3.860379894719210281e+00
9.905336107916189576e+03,3.860379863199273842e+00
9.905336129245868506e+03,3.860379831681233220e+00
9.905336150575547435e+03,3.860379800165088859e+00
9.905336171905228184e+03,3.860379768650837651e+00
9.905336193234907114e+03,3.860379737138485812e+00
9.905336214564586044e+03,3.860379705628030234e+00
9.905336235894264973e+03,3.860379674119471360e+00
9.905336257223943903e+03,3.860379642612809192e+00
9.905336278553624652e+03,3.860379611108041065e+00
9.905336299883303582e+03,3.860379579605172751e+00
9.905336321212982511e+03,3.860379548104201142e+00
9.905336342542661441e+03,3.860379516605126238e+00
9.905336363872340371e+03,3.860379485107948927e+00
9.905336385202019301e+03,3.860379453612668765e+00
9.905336406531700050e+03,3.860379422119282644e+00
9.905336427861378979e+03,3.860379390627797669e+00
9.905336449191057909e+03,3.860379359138209399e+00
9.905336470520736839e+03,3.860379327650518722e+00
9.905336491850415769e+03,3.860379296164726082e+00
9.905336513180096517e+03,3.860379264680828371e+00
9.905336534509775447e+03,3.860379233198831805e+00
9.905336555839454377e+03,3.860379201718732833e+00
9.905336577169133307e+03,3.860379170240531455e+00
9.905336598498812236e+03,3.860379138764229001e+00
9.905336619828492985e+03,3.860379107289822365e+00
9.905336641158171915e+03,3.860379075817315542e+00
9.905336662487850845e+03,3.860379044346708532e+00
9.905336683817529774e+03,3.860379012877999116e+00
9.905336705147208704e+03,3.860378981411189070e+00
9.905336726476887634e+03,3.860378949946277505e+00
9.905336747806568383e+03,3.860378918483262201e+00
9.905336769136247312e+03,3.860378887022148486e+00
9.905336790465926242e+03,3.860378855562933698e+00
9.905336811795605172e+03,3.860378824105617834e+00
9.905336833125284102e+03,3.860378792650201785e+00
9.905336854454964850e+03,3.860378761196682440e+00
9.905336875784643780e+03,3.860378729745065129e+00
9.905336897114322710e+03,3.860378698295346744e+00
9.905336918444001640e+03,3.860378666847528173e+00
9.905336939773680569e+03,3.860378635401609859e+00
9.905336961103359499e+03,3.860378603957591803e+00
9.905336982433040248e+03,3.860378572515469564e+00
9.905337003762719178e+03,3.860378541075251135e+00
9.905337025092398108e+03,3.860378509636932964e+00
9.905337046422077037e+03,3.860378478200514163e+00
9.905337067751755967e+03,3.860378446765996063e+00
9.905337089081436716e+03,3.860378415333375113e+00
9.905337110411115646e+03,3.860378383902657973e+00
9.905337131740794575e+03,3.860378352473841979e+00
9.905337153070473505e+03,3.860378321046925354e+00
9.905337174400152435e+03,3.860378289621910319e+00
9.905337195729831365e+03,3.860378258198795987e+00
9.905337217059512113e+03,3.860378226777579691e+00
9.905337238389191043e+03,3.860378195358268538e+00
9.905337259718869973e+03,3.860378163940857199e+00
9.905337281048548903e+03,3.860378132525347006e+00
9.905337302378227832e+03,3.860378101111738847e+00
9.905337323707908581e+03,3.860378069700029613e+00
9.905337345037587511e+03,3.860378038290223301e+00
9.905337366367266441e+03,3.860378006882320356e+00
9.905337387696945370e+03,3.860377975476318557e+00
9.905337409026624300e+03,3.860377944072218348e+00
9.905337430356305049e+03,3.860377912670017064e+00
9.905337451685983979e+03,3.860377881269720923e+00
9.905337473015662908e+03,3.860377849871327705e+00
9.905337494345341838e+03,3.860377818474835632e+00
9.905337515675020768e+03,3.860377787080246037e+00
9.905337537004699698e+03,3.860377755687558921e+00
9.905337558334380446e+03,3.860377724296771618e+00
9.905337579664059376e+03,3.860377692907889902e+00
9.905337600993738306e+03,3.860377661520911108e+00
9.905337622323417236e+03,3.860377630135834792e+00
9.905337643653096166e+03,3.860377598752660955e+00
9.905337664982776914e+03,3.860377567371387819e+00
9.905337686312455844e+03,3.860377535992021159e+00
9.905337707642134774e+03,3.860377504614556088e+00
9.905337728971813704e+03,3.860377473238996160e+00
9.905337750301492633e+03,3.860377441865338710e+00
9.905337771631171563e+03,3.860377410493584627e+00
9.905337792960852312e+03,3.860377379123731245e+00
9.905337814290531242e+03,3.860377347755784783e+00
9.905337835620210171e+03,3.860377316389741242e+00
9.905337856949889101e+03,3.860377285025602401e+00
9.905337878279568031e+03,3.860377253663367814e+00
9.905337899609248780e+03,3.860377222303033484e+00
9.905337920938927709e+03,3.860377190944607406e+00
9.905337942268606639e+03,3.860377159588084695e+00
9.905337963598285569e+03,3.860377128233465793e+00
9.905337984927964499e+03,3.860377096880752479e+00
9.905338006257643428e+03,3.860377065529943419e+00
9.905338027587324177e+03,3.860377034181035505e+00
9.905338048917003107e+03,3.860377002834035398e+00
9.905338070246682037e+03,3.860376971488940878e+00
9.905338091576360966e+03,3.860376940145750169e+00
9.905338112906039896e+03,3.860376908804465490e+00
9.905338134235720645e+03,3.860376877465082845e+00
9.905338155565399575e+03,3.860376846127607564e+00
9.905338176895078504e+03,3.860376814792038314e+00
9.905338198224757434e+03,3.860376783458374206e+00
9.905338219554436364e+03,3.860376752126615685e+00
9.905338240884115294e+03,3.860376720796762751e+00
9.905338262213796042e+03,3.860376689468812295e+00
9.905338283543474972e+03,3.860376658142770978e+00
9.905338304873153902e+03,3.860376626818634804e+00
9.905338326202832832e+03,3.860376595496405105e+00
9.905338347532511762e+03,3.860376564176081438e+00
9.905338368862192510e+03,3.860376532857661580e+00
9.905338390191871440e+03,3.860376501541150862e+00
9.905338411521550370e+03,3.860376470226545731e+00
9.905338432851229300e+03,3.860376438913847519e+00
9.905338454180908229e+03,3.860376407603055782e+00
9.905338475510588978e+03,3.860376376294168299e+00
9.905338496840267908e+03,3.860376344987189068e+00
9.905338518169946838e+03,3.860376313682118088e+00
9.905338539499625767e+03,3.860376282378953583e+00
9.905338560829304697e+03,3.860376251077695997e+00
9.905338582158983627e+03,3.860376219778345330e+00
9.905338603488664376e+03,3.860376188480899362e+00
9.905338624818343305e+03,3.860376157185362977e+00
9.905338646148022235e+03,3.860376125891734844e+00
9.905338667477701165e+03,3.860376094600013630e+00
9.905338688807380095e+03,3.860376063310200223e+00
9.905338710137060843e+03,3.860376032022292403e+00
9.905338731466739773e+03,3.860376000736294166e+00
9.905338752796418703e+03,3.860375969452204181e+00
9.905338774126097633e+03,3.860375938170022891e+00
9.905338795455776562e+03,3.860375906889748521e+00
9.905338816785455492e+03,3.860375875611382845e+00
9.905338838115136241e+03,3.860375844334923201e+00
9.905338859444815171e+03,3.860375813060373584e+00
9.905338880774494100e+03,3.860375781787733551e+00
9.905338902104173030e+03,3.860375750517000881e+00
9.905338923433851960e+03,3.860375719248177795e+00
9.905338944763532709e+03,3.860375687981261184e+00
9.905338966093211639e+03,3.860375656716254600e+00
9.905338987422890568e+03,3.860375625453158044e+00
9.905339008752569498e+03,3.860375594191970183e+00
9.905339030082248428e+03,3.860375562932691462e+00
9.905339051411927358e+03,3.860375531675322325e+00
9.905339072741608106e+03,3.860375500419860106e+00
9.905339094071287036e+03,3.860375469166309248e+00
9.905339115400965966e+03,3.860375437914667973e+00
9.905339136730644896e+03,3.860375406664936726e+00
9.905339158060323825e+03,3.860375375417115063e+00
9.905339179390004574e+03,3.860375344171200318e+00
9.905339200719683504e+03,3.860375312927197822e+00
9.905339222049362434e+03,3.860375281685106241e+00
9.905339243379041363e+03,3.860375250444924244e+00
9.905339264708720293e+03,3.860375219206652275e+00
9.905339286038401042e+03,3.860375187970289002e+00
9.905339307368079972e+03,3.860375156735837532e+00
9.905339328697758901e+03,3.860375125503297422e+00
9.905339350027437831e+03,3.860375094272666896e+00
9.905339371357116761e+03,3.860375063043948174e+00
9.905339392686795691e+03,3.860375031817139035e+00
9.905339414016476439e+03,3.860375000592239481e+00
9.905339435346155369e+03,3.860374969369252174e+00
9.905339456675834299e+03,3.860374938148176671e+00
9.905339478005513229e+03,3.860374906929012528e+00
9.905339499335192158e+03,3.860374875711758413e+00
9.905339520664872907e+03,3.860374844496413882e+00
9.905339541994551837e+03,3.860374813282983819e+00
9.905339563324230767e+03,3.860374782071464672e+00
9.905339584653909696e+03,3.860374750861857329e+00
9.905339605983588626e+03,3.860374719654161790e+00
9.905339627313267556e+03,3.860374688448378055e+00
9.905339648642948305e+03,3.860374657244503460e+00
9.905339669972627235e+03,3.860374626042543333e+00
9.905339691302306164e+03,3.860374594842496343e+00
9.905339712631985094e+03,3.860374563644360268e+00
9.905339733961664024e+03,3.860374532448136886e+00
9.905339755291344773e+03,3.860374501253823976e+00
9.905339776621023702e+03,3.860374470061425090e+00
9.905339797950702632e+03,3.860374438870938896e+00
9.905339819280381562e+03,3.860374407682366282e+00
9.905339840610060492e+03,3.860374376495705473e+00
9.905339861939739421e+03,3.860374345310958244e+00
9.905339883269420170e+03,3.860374314128121043e+00
9.905339904599099100e+03,3.860374282947200086e+00
9.905339925928778030e+03,3.860374251768191822e+00
9.905339947258456959e+03,3.860374220591096694e+00
9.905339968588135889e+03,3.860374189415915147e+00
9.905339989917816638e+03,3.860374158242644516e+00
9.905340011247495568e+03,3.860374127071289685e+00
9.905340032577174497e+03,3.860374095901847991e+00
9.905340053906853427e+03,3.860374064734320765e+00
9.905340075236532357e+03,3.860374033568707119e+00
9.905340096566211287e+03,3.860374002405007943e+00
9.905340117895892035e+03,3.860373971243219682e+00
9.905340139225570965e+03,3.860373940083347666e+00
9.905340160555249895e+03,3.860373908925390563e+00
9.905340181884928825e+03,3.860373877769347484e+00
9.905340203214607754e+03,3.860373846615219318e+00
9.905340224544288503e+03,3.860373815463002511e+00
9.905340245873967433e+03,3.860373784312702838e+00
9.905340267203646363e+03,3.860373753164318078e+00
9.905340288533325293e+03,3.860373722017848230e+00
9.905340309863004222e+03,3.860373690873293295e+00
9.905340331192684971e+03,3.860373659730650608e+00
9.905340352522363901e+03,3.860373628589925055e+00
9.905340373852042831e+03,3.860373597451115302e+00
9.905340395181721760e+03,3.860373566314220461e+00
9.905340416511400690e+03,3.860373535179241422e+00
9.905340437841079620e+03,3.860373504046177739e+00
9.905340459170760369e+03,3.860373472915026305e+00
9.905340480500439298e+03,3.860373441785794224e+00
9.905340501830118228e+03,3.860373410658477056e+00
9.905340523159797158e+03,3.860373379533076132e+00
9.905340544489476088e+03,3.860373348409591010e+00
9.905340565819156836e+03,3.860373317288019024e+00
9.905340587148835766e+03,3.860373286168365947e+00
9.905340608478514696e+03,3.860373255050628671e+00
9.905340629808193626e+03,3.860373223934808085e+00
9.905340651137872555e+03,3.860373192820903743e+00
9.905340672467551485e+03,3.860373161708916090e+00
9.905340693797232234e+03,3.860373130598842462e+00
9.905340715126911164e+03,3.860373099490688187e+00
9.905340736456590093e+03,3.860373068384450601e+00
9.905340757786269023e+03,3.860373037280130148e+00
9.905340779115947953e+03,3.860373006177725941e+00
9.905340800445628702e+03,3.860372975077236646e+00
9.905340821775307631e+03,3.860372943978667593e+00
9.905340843104986561e+03,3.860372912882014784e+00
9.905340864434665491e+03,3.860372881787279997e+00
9.905340885764344421e+03,3.860372850694463231e+00
9.905340907094023351e+03,3.860372819603562267e+00
9.905340928423704099e+03,3.860372788514577547e+00
9.905340949753383029e+03,3.860372757427513513e+00
9.905340971083061959e+03,3.860372726342366612e+00
9.905340992412740889e+03,3.860372695259137288e+00
9.905341013742419818e+03,3.860372664177827318e+00
9.905341035072100567e+03,3.860372633098431816e+00
9.905341056401779497e+03,3.860372602020957444e+00
9.905341077731458427e+03,3.860372570945401094e+00
9.905341099061137356e+03,3.860372539871762765e+00
9.905341120390816286e+03,3.860372508800044233e+00
9.905341141720497035e+03,3.860372477730240615e+00
9.905341163050175965e+03,3.860372446662358126e+00
9.905341184379854894e+03,3.860372415596395879e+00
9.905341205709533824e+03,3.860372384532350765e+00
9.905341227039212754e+03,3.860372353470225448e+00
9.905341248368891684e+03,3.860372322410019486e+00
9.905341269698572432e+03,3.860372291351730212e+00
9.905341291028251362e+03,3.860372260295361624e+00
9.905341312357930292e+03,3.860372229240913722e+00
9.905341333687609222e+03,3.860372198188384285e+00
9.905341355017288151e+03,3.860372167137774646e+00
9.905341376346968900e+03,3.860372136089082140e+00
9.905341397676647830e+03,3.860372105042311652e+00
9.905341419006326760e+03,3.860372073997461850e+00
9.905341440336005689e+03,3.860372042954531402e+00
9.905341461665684619e+03,3.860372011913520751e+00
9.905341482995363549e+03,3.860371980874430786e+00
9.905341504325044298e+03,3.860371949837257510e+00
9.905341525654723227e+03,3.860371918802007585e+00
9.905341546984402157e+03,3.860371887768678789e+00
9.905341568314081087e+03,3.860371856737269347e+00
9.905341589643760017e+03,3.860371825707781035e+00
9.905341610973440766e+03,3.860371794680211188e+00
9.905341632303119695e+03,3.860371763654564692e+00
9.905341653632798625e+03,3.860371732630837993e+00
9.905341674962477555e+03,3.860371701609032868e+00
9.905341696292156485e+03,3.860371670589149762e+00
9.905341717621835414e+03,3.860371639571186009e+00
9.905341738951516163e+03,3.860371608555142053e+00
9.905341760281195093e+03,3.860371577541021892e+00
9.905341781610874023e+03,3.860371546528823750e+00
9.905341802940552952e+03,3.860371515518546293e+00
9.905341824270231882e+03,3.860371484510190410e+00
9.905341845599912631e+03,3.860371453503754324e+00
9.905341866929591561e+03,3.860371422499242033e+00
9.905341888259270490e+03,3.860371391496652205e+00
9.905341909588949420e+03,3.860371360495983950e+00
9.905341930918628350e+03,3.860371329497238158e+00
9.905341952248307280e+03,3.860371298500413939e+00
9.905341973577988028e+03,3.860371267505509962e+00
9.905341994907666958e+03,3.860371236512531112e+00
9.905342016237345888e+03,3.860371205521473836e+00
9.905342037567024818e+03,3.860371174532339911e+00
9.905342058896703747e+03,3.860371143545128447e+00
9.905342080226384496e+03,3.860371112559837226e+00
9.905342101556063426e+03,3.860371081576471575e+00
9.905342122885742356e+03,3.860371050595028830e+00
9.905342144215421285e+03,3.860371019615509436e+00
9.905342165545100215e+03,3.860370988637912504e+00
9.905342186874780964e+03,3.860370957662236258e+00
9.905342208204459894e+03,3.860370926688486914e+00
9.905342229534138824e+03,3.860370895716660478e+00
9.905342250863817753e+03,3.860370864746756947e+00
9.905342272193496683e+03,3.860370833778777655e+00
9.905342293523175613e+03,3.860370802812722157e+00
9.905342314852856362e+03,3.860370771848587790e+00
9.905342336182535291e+03,3.860370740886379881e+00
9.905342357512214221e+03,3.860370709926096211e+00
9.905342378841893151e+03,3.860370678967735447e+00
9.905342400171572081e+03,3.860370648011300254e+00
9.905342421501252829e+03,3.860370617056786635e+00
9.905342442830931759e+03,3.860370586104199031e+00
9.905342464160610689e+03,3.860370555153536998e+00
9.905342485490289619e+03,3.860370524204798759e+00
9.905342506819968548e+03,3.860370493257985647e+00
9.905342528149647478e+03,3.860370462313097661e+00
9.905342549479328227e+03,3.860370431370131250e+00
9.905342570809007157e+03,3.860370400429092186e+00
9.905342592138686086e+03,3.860370369489978692e+00
9.905342613468365016e+03,3.860370338552790326e+00
9.905342634798043946e+03,3.860370307617526642e+00
9.905342656127724695e+03,3.860370276684186752e+00
9.905342677457403624e+03,3.860370245752773322e+00
9.905342698787082554e+03,3.860370214823287238e+00
9.905342720116761484e+03,3.860370183895725837e+00
9.905342741446440414e+03,3.860370152970089563e+00
9.905342762776119343e+03,3.860370122046380192e+00
9.905342784105800092e+03,3.860370091124593284e+00
9.905342805435479022e+03,3.860370060204735054e+00
9.905342826765157952e+03,3.860370029286803728e+00
9.905342848094836882e+03,3.860369998370797973e+00
9.905342869424515811e+03,3.860369967456718676e+00
9.905342890754196560e+03,3.860369936544562286e+00
9.905342912083875490e+03,3.860369905634335463e+00
9.905342933413554420e+03,3.860369874726035544e+00
9.905342954743233349e+03,3.860369843819662528e+00
9.905342976072912279e+03,3.860369812915216414e+00
9.905342997402593028e+03,3.860369782012693651e+00
9.905343018732271958e+03,3.860369751112100900e+00
9.905343040061950887e+03,3.860369720213435052e+00
9.905343061391629817e+03,3.860369689316696995e+00
9.905343082721308747e+03,3.860369658421884509e+00
9.905343104050987677e+03,3.860369627529001146e+00
9.905343125380668425e+03,3.860369596638041578e+00
9.905343146710347355e+03,3.860369565749012466e+00
9.905343168040026285e+03,3.860369534861911145e+00
9.905343189369705215e+03,3.860369503976737171e+00
9.905343210699384144e+03,3.860369473093490988e+00
9.905343232029064893e+03,3.860369442212169933e+00
9.905343253358743823e+03,3.860369411332779332e+00
9.905343274688422753e+03,3.860369380455317412e+00
9.905343296018101682e+03,3.860369349579783727e+00
9.905343317347780612e+03,3.860369318706177388e+00
9.905343338677459542e+03,3.860369287834501062e+00
9.905343360007140291e+03,3.860369256964748530e+00
9.905343381336819220e+03,3.860369226096929118e+00
9.905343402666498150e+03,3.860369195231037054e+00
9.905343423996177080e+03,3.860369164367074113e+00
9.905343445325856010e+03,3.860369133505039851e+00
9.905343466655536758e+03,3.860369102644932049e+00
9.905343487985215688e+03,3.860369071786756034e+00
9.905343509314894618e+03,3.860369040930508699e+00
9.905343530644573548e+03,3.860369010076190488e+00
9.905343551974252478e+03,3.860368979223801844e+00
9.905343573303931407e+03,3.860368948373343656e+00
9.905343594633612156e+03,3.860368917524811039e+00
9.905343615963291086e+03,3.860368886678210654e+00
9.905343637292970016e+03,3.860368855833540280e+00
9.905343658622648945e+03,3.860368824990799475e+00
9.905343679952327875e+03,3.860368794149988680e+00
9.905343701282008624e+03,3.860368763311105234e+00
9.905343722611687554e+03,3.860368732474154907e+00
9.905343743941366483e+03,3.860368701639134148e+00
9.905343765271045413e+03,3.860368670806043845e+00
9.905343786600724343e+03,3.860368639974883553e+00
9.905343807930403273e+03,3.860368609145654606e+00
9.905343829260084021e+03,3.860368578318352117e+00
9.905343850589762951e+03,3.860368547492984526e+00
9.905343871919441881e+03,3.860368516669546057e+00
9.905343893249120811e+03,3.860368485848039821e+00
9.905343914578799740e+03,3.860368455028463597e+00
9.905343935908480489e+03,3.860368424210816052e+00
9.905343957238159419e+03,3.860368393395102071e+00
9.905343978567838349e+03,3.860368362581319435e+00
9.905343999897517278e+03,3.860368331769468586e+00
9.905344021227196208e+03,3.860368300959549082e+00
9.905344042556876957e+03,3.860368270151557812e+00
9.905344063886555887e+03,3.860368239345500108e+00
9.905344085216234816e+03,3.860368208541375523e+00
9.905344106545913746e+03,3.860368177739181839e+00
9.905344127875592676e+03,3.860368146938920386e+00
9.905344149205271606e+03,3.860368116140590722e+00
9.905344170534952355e+03,3.860368085344190181e+00
9.905344191864631284e+03,3.860368054549724537e+00
9.905344213194310214e+03,3.860368023757190681e+00
9.905344234523989144e+03,3.860367992966589945e+00
9.905344255853668074e+03,3.860367962177921886e+00
9.905344277183348822e+03,3.860367931391182950e+00
9.905344298513027752e+03,3.860367900606379798e+00
9.905344319842706682e+03,3.860367869823508435e+00
9.905344341172385612e+03,3.860367839042570637e+00
9.905344362502064541e+03,3.860367808263565959e+00
9.905344383831743471e+03,3.860367777486493956e+00
9.905344405161424220e+03,3.860367746711351966e+00
9.905344426491103150e+03,3.860367715938146649e+00
9.905344447820782079e+03,3.860367685166873564e+00
9.905344469150461009e+03,3.860367654397534931e+00
9.905344490480139939e+03,3.860367623630129419e+00
9.905344511809820688e+03,3.860367592864654362e+00
9.905344533139499617e+03,3.860367562101115535e+00
9.905344554469178547e+03,3.860367531339511160e+00
9.905344575798857477e+03,3.860367500579839461e+00
9.905344597128536407e+03,3.860367469822102660e+00
9.905344618458215336e+03,3.860367439066300310e+00
9.905344639787896085e+03,3.860367408312427973e+00
9.905344661117575015e+03,3.860367377560493640e+00
9.905344682447253945e+03,3.860367346810493316e+00
9.905344703776932874e+03,3.860367316062427445e+00
9.905344725106611804e+03,3.860367285316295582e+00
9.905344746436292553e+03,3.860367254572096396e+00
9.905344767765971483e+03,3.860367223829833883e+00
9.905344789095650412e+03,3.860367193089506710e+00
9.905344810425329342e+03,3.860367162351114434e+00
9.905344831755008272e+03,3.860367131614656611e+00
9.905344853084689021e+03,3.860367100880131463e+00
9.905344874414367951e+03,3.860367070147544322e+00
9.905344895744046880e+03,3.860367039416891632e+00
9.905344917073725810e+03,3.860367008688175172e+00
9.905344938403404740e+03,3.860366977961393609e+00
9.905344959733083670e+03,3.860366947236547830e+00
9.905344981062764418e+03,3.860366916513635172e+00
9.905345002392443348e+03,3.860366885792660518e+00
9.905345023722122278e+03,3.860366855073621650e+00
9.905345045051801208e+03,3.860366824356518567e+00
9.905345066381480137e+03,3.860366793641351713e+00
9.905345087711160886e+03,3.860366762928118423e+00
9.905345109040839816e+03,3.860366732216824026e+00
9.905345130370518746e+03,3.860366701507466303e+00
9.905345151700197675e+03,3.860366670800044364e+00
9.905345173029876605e+03,3.860366640094558655e+00
9.905345194359555535e+03,3.860366609391010062e+00
9.905345215689236284e+03,3.860366578689395034e+00
9.905345237018915213e+03,3.860366547989719344e+00
9.905345258348594143e+03,3.860366517291981214e+00
9.905345279678273073e+03,3.860366486596179314e+00
9.905345301007952003e+03,3.860366455902314531e+00
9.905345322337632751e+03,3.860366425210384644e+00
9.905345343667311681e+03,3.860366394520394095e+00
9.905345364996990611e+03,3.860366363832341552e+00
9.905345386326669541e+03,3.860366333146225237e+00
9.905345407656348470e+03,3.860366302462047816e+00
9.905345428986027400e+03,3.860366271779807512e+00
9.905345450315708149e+03,3.860366241099501661e+00
9.905345471645387079e+03,3.860366210421136035e+00
9.905345492975066009e+03,3.860366179744709747e+00
9.905345514304744938e+03,3.860366149070220576e+00
9.905345535634423868e+03,3.860366118397668966e+00
9.905345556964104617e+03,3.860366087727054030e+00
9.905345578293783547e+03,3.860366057058379319e+00
9.905345599623462476e+03,3.860366026391642613e+00
9.905345620953141406e+03,3.860365995726844801e+00
9.905345642282820336e+03,3.860365965063985882e+00
9.905345663612499266e+03,3.860365934403064969e+00
9.905345684942180014e+03,3.860365903744080285e+00
9.905345706271858944e+03,3.860365873087036714e+00
9.905345727601537874e+03,3.860365842431932926e+00
9.905345748931216804e+03,3.860365811778767142e+00
9.905345770260895733e+03,3.860365781127541140e+00
9.905345791590576482e+03,3.860365750478252256e+00
9.905345812920255412e+03,3.860365719830904041e+00
9.905345834249934342e+03,3.860365689185496052e+00
9.905345855579613271e+03,3.860365658542026956e+00
9.905345876909292201e+03,3.860365627900497643e+00
9.905345898238972950e+03,3.860365597260905446e+00
9.905345919568651880e+03,3.860365566623256139e+00
9.905345940898330809e+03,3.860365535987545726e+00
9.905345962228009739e+03,3.860365505353775983e+00
9.905345983557688669e+03,3.860365474721946022e+00
9.905346004887367599e+03,3.860365444092056286e+00
9.905346026217048347e+03,3.860365413464103668e+00
9.905346047546727277e+03,3.860365382838094384e+00
9.905346068876406207e+03,3.860365352214025769e+00
9.905346090206085137e+03,3.860365321591897381e+00
9.905346111535764067e+03,3.860365290971709662e+00
9.905346132865444815e+03,3.860365260353459949e+00
9.905346154195123745e+03,3.860365229737153125e+00
9.905346175524802675e+03,3.860365199122787860e+00
9.905346196854481605e+03,3.860365168510362821e+00
9.905346218184160534e+03,3.860365137899879784e+00
9.905346239513839464e+03,3.860365107291337861e+00
9.905346260843520213e+03,3.860365076684733499e+00
9.905346282173199143e+03,3.860365046080074691e+00
9.905346303502878072e+03,3.860365015477355666e+00
9.905346324832557002e+03,3.860364984876579530e+00
9.905346346162235932e+03,3.860364954277744509e+00
9.905346367491916681e+03,3.860364923680848381e+00
9.905346388821595610e+03,3.860364893085896920e+00
9.905346410151274540e+03,3.860364862492887905e+00
9.905346431480953470e+03,3.860364831901820004e+00
9.905346452810632400e+03,3.860364801312694549e+00
9.905346474140311329e+03,3.860364770725511097e+00
9.905346495469992078e+03,3.860364740140267870e+00
9.905346516799671008e+03,3.860364709556968865e+00
9.905346538129349938e+03,3.860364678975612751e+00
9.905346559459028867e+03,3.860364648396199083e+00
9.905346580788707797e+03,3.860364617818727861e+00
9.905346602118388546e+03,3.860364587243197310e+00
9.905346623448067476e+03,3.860364556669612757e+00
9.905346644777746405e+03,3.860364526097969762e+00
9.905346666107425335e+03,3.860364495528270545e+00
9.905346687437104265e+03,3.860364464960514663e+00
9.905346708766785014e+03,3.860364434394699007e+00
9.905346730096463943e+03,3.860364403830829350e+00
9.905346751426142873e+03,3.860364373268903471e+00
9.905346772755821803e+03,3.860364342708920038e+00
9.905346794085500733e+03,3.860364312150880828e+00
9.905346815415179663e+03,3.860364281594785840e+00
9.905346836744860411e+03,3.860364251040631967e+00
9.905346858074539341e+03,3.860364220488423648e+00
9.905346879404218271e+03,3.860364189938159551e+00
9.905346900733897201e+03,3.860364159389840122e+00
9.905346922063576130e+03,3.860364128843464915e+00
9.905346943393256879e+03,3.860364098299030822e+00
9.905346964722935809e+03,3.860364067756543172e+00
9.905346986052614739e+03,3.860364037216000632e+00
9.905347007382293668e+03,3.860364006677402759e+00
9.905347028711972598e+03,3.860363976140749998e+00
9.905347050041651528e+03,3.860363945606041014e+00
9.905347071371332277e+03,3.860363915073274921e+00
9.905347092701011206e+03,3.860363884542455271e+00
9.905347114030690136e+03,3.860363854013581619e+00
9.905347135360369066e+03,3.860363823486652635e+00
9.905347156690047996e+03,3.860363792961668761e+00
9.905347178019728744e+03,3.860363762438627777e+00
9.905347199349407674e+03,3.860363731917535013e+00
9.905347220679086604e+03,3.860363701398387359e+00
9.905347242008765534e+03,3.860363670881185705e+00
9.905347263338444463e+03,3.860363640365929161e+00
9.905347284668123393e+03,3.860363609852618616e+00
9.905347305997804142e+03,3.860363579341251405e+00
9.905347327327483072e+03,3.860363548831832858e+00
9.905347348657162001e+03,3.860363518324359866e+00
9.905347369986840931e+03,3.860363487818833317e+00
9.905347391316519861e+03,3.860363457315252766e+00
9.905347412646200610e+03,3.860363426813615995e+00
9.905347433975879540e+03,3.860363396313928330e+00
9.905347455305558469e+03,3.860363365816187109e+00
9.905347476635237399e+03,3.860363335320392331e+00
9.905347497964916329e+03,3.860363304826544439e+00
9.905347519294595259e+03,3.860363274334642991e+00
9.905347540624276007e+03,3.860363243844686210e+00
9.905347561953954937e+03,3.860363213356678536e+00
9.905347583283633867e+03,3.860363182870618193e+00
9.905347604613312797e+03,3.860363152386505625e+00
9.905347625942991726e+03,3.860363121904339057e+00
9.905347647272672475e+03,3.860363091424118487e+00
9.905347668602351405e+03,3.860363060945847025e+00
9.905347689932030335e+03,3.860363030469523782e+00
9.905347711261709264e+03,3.860362999995147870e+00
9.905347732591388194e+03,3.860362969522719734e+00
9.905347753921068943e+03,3.860362939052235820e+00
9.905347775250747873e+03,3.860362908583704122e+00
9.905347796580426802e+03,3.860362878117119312e+00
9.905347817910105732e+03,3.860362847652482277e+00
9.905347839239784662e+03,3.860362817189794349e+00
9.905347860569463592e+03,3.860362786729054196e+00
9.905347881899144340e+03,3.860362756270260043e+00
9.905347903228823270e+03,3.860362725813416773e+00
9.905347924558502200e+03,3.860362695358521723e+00
9.905347945888181130e+03,3.860362664905575780e+00
9.905347967217860059e+03,3.860362634454578057e+00
9.905347988547540808e+03,3.860362604005527665e+00
9.905348009877219738e+03,3.860362573558427268e+00
9.905348031206898668e+03,3.860362543113276868e+00
9.905348052536577597e+03,3.860362512670075574e+00
9.905348073866256527e+03,3.860362482228823389e+00
9.905348095195935457e+03,3.860362451789520755e+00
9.905348116525616206e+03,3.860362421352165008e+00
9.905348137855295136e+03,3.860362390916760145e+00
9.905348159184974065e+03,3.860362360483306166e+00
9.905348180514652995e+03,3.860362330051800850e+00
9.905348201844331925e+03,3.860362299622245974e+00
9.905348223174012674e+03,3.860362269194638429e+00
9.905348244503691603e+03,3.860362238768982657e+00
9.905348265833370533e+03,3.860362208345277768e+00
9.905348287163049463e+03,3.860362177923522431e+00
9.905348308492728393e+03,3.860362147503717534e+00
9.905348329822407322e+03,3.860362117085863076e+00
9.905348351152088071e+03,3.860362086669955950e+00
9.905348372481767001e+03,3.860362056256002372e+00
9.905348393811445931e+03,3.860362025843999678e+00
9.905348415141124860e+03,3.860361995433946980e+00
9.905348436470803790e+03,3.860361965025846054e+00
9.905348457800484539e+03,3.860361934619692459e+00
9.905348479130163469e+03,3.860361904215492856e+00
9.905348500459842398e+03,3.860361873813244138e+00
9.905348521789521328e+03,3.860361843412946747e+00
9.905348543119200258e+03,3.860361813014600241e+00
9.905348564448881007e+03,3.860361782618202398e+00
9.905348585778559936e+03,3.860361752223759879e+00
9.905348607108238866e+03,3.860361721831267801e+00
9.905348628437917796e+03,3.860361691440726606e+00
9.905348649767596726e+03,3.860361661052138071e+00
9.905348671097275655e+03,3.860361630665502197e+00
9.905348692426956404e+03,3.860361600280814542e+00
9.905348713756635334e+03,3.860361569898081768e+00
9.905348735086314264e+03,3.860361539517300766e+00
9.905348756415993194e+03,3.860361509138472424e+00
9.905348777745672123e+03,3.860361478761595411e+00
9.905348799075352872e+03,3.860361448386669725e+00
9.905348820405031802e+03,3.860361418013698032e+00
9.905348841734710732e+03,3.860361387642678554e+00
9.905348863064389661e+03,3.860361357273612182e+00
9.905348884394068591e+03,3.860361326906498913e+00
9.905348905723747521e+03,3.860361296541337861e+00
9.905348927053428270e+03,3.860361266178127249e+00
9.905348948383107199e+03,3.860361235816872405e+00
9.905348969712786129e+03,3.860361205457571110e+00
9.905348991042465059e+03,3.860361175100223363e+00
9.905349012372143989e+03,3.860361144744827833e+00
9.905349033701824737e+03,3.860361114391383186e+00
9.905349055031503667e+03,3.860361084039895196e+00
9.905349076361182597e+03,3.860361053690359867e+00
9.905349097690861527e+03,3.860361023342778974e+00
9.905349119020540456e+03,3.860360992997152074e+00
9.905349140350219386e+03,3.860360962653478722e+00
9.905349161679900135e+03,3.860360932311756255e+00
9.905349183009579065e+03,3.860360901971991332e+00
9.905349204339257994e+03,3.860360871634179958e+00
9.905349225668936924e+03,3.860360841298322576e+00
9.905349246998615854e+03,3.860360810964419631e+00
9.905349268328296603e+03,3.860360780632468902e+00
9.905349289657975532e+03,3.860360750302474830e+00
9.905349310987654462e+03,3.860360719974436083e+00
9.905349332317333392e+03,3.860360689648350885e+00
9.905349353647012322e+03,3.860360659324221899e+00
9.905349374976693070e+03,3.860360629002044242e+00
9.905349396306372000e+03,3.860360598681824573e+00
9.905349417636050930e+03,3.860360568363558897e+00
9.905349438965729860e+03,3.860360538047249435e+00
9.905349460295408790e+03,3.860360507732894852e+00
9.905349481625087719e+03,3.860360477420496483e+00
9.905349502954768468e+03,3.860360447110049442e+00
9.905349524284447398e+03,3.860360416801562167e+00
9.905349545614126328e+03,3.860360386495028884e+00
9.905349566943805257e+03,3.860360356190452258e+00
9.905349588273484187e+03,3.860360325887830957e+00
9.905349609603164936e+03,3.860360295587163204e+00
9.905349630932843866e+03,3.860360265288454773e+00
9.905349652262522795e+03,3.860360234991701223e+00
9.905349673592201725e+03,3.860360204696904773e+00
9.905349694921880655e+03,3.860360174404064093e+00
9.905349716251559585e+03,3.860360144113179626e+00
9.905349737581240333e+03,3.860360113824249151e+00
9.905349758910919263e+03,3.860360083537277998e+00
9.905349780240598193e+03,3.860360053252263057e+00
9.905349801570277123e+03,3.860360022969205662e+00
9.905349822899956052e+03,3.860359992688104480e+00
9.905349844229636801e+03,3.860359962408958179e+00
9.905349865559315731e+03,3.860359932131771199e+00
9.905349886888994661e+03,3.860359901856541320e+00
9.905349908218673590e+03,3.860359871583268099e+00
9.905349929548352520e+03,3.860359841311952422e+00
9.905349950878031450e+03,3.860359811042594291e+00
9.905349972207712199e+03,3.860359780775190597e+00
9.905349993537391128e+03,3.860359750509748444e+00
9.905350014867070058e+03,3.860359720246262505e+00
9.905350036196748988e+03,3.860359689984735443e+00
9.905350057526427918e+03,3.860359659725165038e+00
9.905350078856108667e+03,3.860359629467550846e+00
9.905350100185787596e+03,3.860359599211896420e+00
9.905350121515466526e+03,3.860359568958200871e+00
9.905350142845145456e+03,3.860359538706463756e+00
9.905350164174824386e+03,3.860359508456684630e+00
9.905350185504503315e+03,3.860359478208863493e+00
9.905350206834184064e+03,3.860359447962998569e+00
9.905350228163862994e+03,3.860359417719094743e+00
9.905350249493541924e+03,3.860359387477149795e+00
9.905350270823220853e+03,3.860359357237163724e+00
9.905350292152899783e+03,3.860359326999136531e+00
9.905350313482580532e+03,3.860359296763065107e+00
9.905350334812259462e+03,3.860359266528955668e+00
9.905350356141938391e+03,3.860359236296805552e+00
9.905350377471617321e+03,3.860359206066614313e+00
9.905350398801296251e+03,3.860359175838383283e+00
9.905350420130977000e+03,3.860359145612108023e+00
9.905350441460655929e+03,3.860359115387795192e+00
9.905350462790334859e+03,3.860359085165442572e+00
9.905350484120013789e+03,3.860359054945048829e+00
9.905350505449692719e+03,3.860359024726615296e+00
9.905350526779371648e+03,3.860358994510141528e+00
9.905350548109052397e+03,3.860358964295624862e+00
9.905350569438731327e+03,3.860358934083071514e+00
9.905350590768410257e+03,3.860358903872477487e+00
9.905350612098089186e+03,3.860358873663844559e+00
9.905350633427768116e+03,3.860358843457171840e+00
9.905350654757448865e+03,3.860358813252455779e+00
9.905350676087127795e+03,3.860358783049704368e+00
9.905350697416806725e+03,3.860358752848912278e+00
9.905350718746485654e+03,3.860358722650082175e+00
9.905350740076164584e+03,3.860358692453212726e+00
9.905350761405843514e+03,3.860358662258303042e+00
9.905350782735524263e+03,3.860358632065352680e+00
9.905350804065203192e+03,3.860358601874365636e+00
9.905350825394882122e+03,3.860358571685340134e+00
9.905350846724561052e+03,3.860358541498275731e+00
9.905350868054239982e+03,3.860358511313172869e+00
9.905350889383920730e+03,3.860358481130027997e+00
9.905350910713599660e+03,3.860358450948848219e+00
9.905350932043278590e+03,3.860358420769629983e+00
9.905350953372957520e+03,3.860358390592372846e+00
9.905350974702636449e+03,3.860358360417078138e+00
9.905350996032315379e+03,3.860358330243745861e+00
9.905351017361996128e+03,3.860358300072372018e+00
9.905351038691675058e+03,3.860358269902962824e+00
9.905351060021353987e+03,3.860358239735516506e+00
9.905351081351032917e+03,3.860358209570032173e+00
9.905351102680711847e+03,3.860358179406509826e+00
9.905351124010392596e+03,3.860358149244947690e+00
9.905351145340071525e+03,3.860358119085351092e+00
9.905351166669750455e+03,3.860358088927716924e+00
9.905351187999429385e+03,3.860358058772045187e+00
9.905351209329108315e+03,3.860358028618336768e+00
9.905351230658789063e+03,3.860357998466588114e+00
9.905351251988467993e+03,3.860357968316805444e+00
9.905351273318146923e+03,3.860357938168985648e+00
9.905351294647825853e+03,3.860357908023129170e+00
9.905351315977504782e+03,3.860357877879236010e+00
9.905351337307183712e+03,3.860357847737306169e+00
9.905351358636864461e+03,3.860357817597337871e+00
9.905351379966543391e+03,3.860357787459335555e+00
9.905351401296222321e+03,3.860357757323296113e+00
9.905351422625901250e+03,3.860357727189221322e+00
9.905351443955580180e+03,3.860357697057109849e+00
9.905351465285260929e+03,3.860357666926959919e+00
9.905351486614939859e+03,3.860357636798776859e+00
9.905351507944618788e+03,3.860357606672557118e+00
9.905351529274297718e+03,3.860357576548301584e+00
9.905351550603976648e+03,3.860357546426011144e+00
9.905351571933655578e+03,3.860357516305684911e+00
9.905351593263336326e+03,3.860357486187321108e+00
9.905351614593015256e+03,3.860357456070923288e+00
9.905351635922694186e+03,3.860357425956491451e+00
9.905351657252373116e+03,3.860357395844023820e+00
9.905351678582052045e+03,3.860357365733520396e+00
9.905351699911732794e+03,3.860357335624980291e+00
9.905351721241411724e+03,3.860357305518407056e+00
9.905351742571090654e+03,3.860357275413799361e+00
9.905351763900769583e+03,3.860357245311157204e+00
9.905351785230448513e+03,3.860357215210480142e+00
9.905351806560127443e+03,3.860357185111768619e+00
9.905351827889808192e+03,3.860357155015019970e+00
9.905351849219487121e+03,3.860357124920239080e+00
9.905351870549166051e+03,3.860357094827424618e+00
9.905351891878844981e+03,3.860357064736575250e+00
9.905351913208523911e+03,3.860357034647691421e+00
9.905351934538204659e+03,3.860357004560772243e+00
9.905351955867883589e+03,3.860356974475820824e+00
9.905351977197562519e+03,3.860356944392835832e+00
9.905351998527241449e+03,3.860356914311817267e+00
9.905352019856920379e+03,3.860356884232764685e+00
9.905352041186599308e+03,3.860356854155679418e+00
9.905352062516280057e+03,3.860356824080556581e+00
9.905352083845958987e+03,3.860356794007404613e+00
9.905352105175637917e+03,3.860356763936218183e+00
9.905352126505316846e+03,3.860356733866999512e+00
9.905352147834995776e+03,3.860356703799746825e+00
9.905352169164676525e+03,3.860356673734459232e+00
9.905352190494355455e+03,3.860356643671140731e+00
9.905352211824034384e+03,3.860356613609789544e+00
9.905352233153713314e+03,3.860356583550405674e+00
9.905352254483392244e+03,3.860356553492988674e+00
9.905352275813072993e+03,3.860356523437537213e+00
9.905352297142751922e+03,3.860356493384055288e+00
9.905352318472430852e+03,3.860356463332542454e+00
9.905352339802109782e+03,3.860356433282995603e+00
9.905352361131788712e+03,3.860356403235417844e+00
9.905352382461467641e+03,3.860356373189806956e+00
9.905352403791148390e+03,3.860356343146162494e+00
9.905352425120827320e+03,3.860356313104488457e+00
9.905352446450506250e+03,3.860356283064782179e+00
9.905352467780185179e+03,3.860356253027044104e+00
9.905352489109864109e+03,3.860356222991274677e+00
9.905352510439544858e+03,3.860356192957470789e+00
9.905352531769223788e+03,3.860356162925638213e+00
9.905352553098902717e+03,3.860356132895774728e+00
9.905352574428581647e+03,3.860356102867879891e+00
9.905352595758260577e+03,3.860356072841953701e+00
9.905352617087939507e+03,3.860356042817995714e+00
9.905352638417620255e+03,3.860356012796005487e+00
9.905352659747299185e+03,3.860355982775986128e+00
9.905352681076978115e+03,3.860355952757935860e+00
9.905352702406657045e+03,3.860355922741855128e+00
9.905352723736335975e+03,3.860355892727744376e+00
9.905352745066016723e+03,3.860355862715599162e+00
9.905352766395695653e+03,3.860355832705427037e+00
9.905352787725374583e+03,3.860355802697224892e+00
9.905352809055053513e+03,3.860355772690992282e+00
9.905352830384732442e+03,3.860355742686729208e+00
9.905352851714411372e+03,3.860355712684435670e+00
9.905352873044092121e+03,3.860355682684110334e+00
9.905352894373771051e+03,3.860355652685757200e+00
9.905352915703449980e+03,3.860355622689374488e+00
9.905352937033128910e+03,3.860355592694961757e+00
9.905352958362807840e+03,3.860355562702520338e+00
9.905352979692488589e+03,3.860355532712045790e+00
9.905353001022167518e+03,3.860355502723544330e+00
9.905353022351846448e+03,3.860355472737014626e+00
9.905353043681525378e+03,3.860355442752455346e+00
9.905353065011204308e+03,3.860355412769866490e+00
9.905353086340885056e+03,3.860355382789245393e+00
9.905353107670563986e+03,3.860355352810599605e+00
9.905353129000242916e+03,3.860355322833923797e+00
9.905353150329921846e+03,3.860355292859218856e+00
9.905353171659600775e+03,3.860355262886486116e+00
9.905353192989279705e+03,3.860355232915724688e+00
9.905353214318960454e+03,3.860355202946931463e+00
9.905353235648639384e+03,3.860355172980113103e+00
9.905353256978318313e+03,3.860355143015266499e+00
9.905353278307997243e+03,3.860355113052390763e+00
9.905353299637676173e+03,3.860355083091488115e+00
9.905353320967356922e+03,3.860355053132554559e+00
9.905353342297035852e+03,3.860355023175594535e+00
9.905353363626714781e+03,3.860354993220607600e+00
9.905353384956393711e+03,3.860354963267592421e+00
9.905353406286072641e+03,3.860354933316549886e+00
9.905353427615751571e+03,3.860354903367479995e+00
9.905353448945432319e+03,3.860354873420379640e+00
9.905353470275111249e+03,3.860354843475255038e+00
9.905353491604790179e+03,3.860354813532102636e+00
9.905353512934469109e+03,3.860354783590922434e+00
9.905353534264148038e+03,3.860354753651716209e+00
9.905353555593828787e+03,3.860354723714479519e+00
9.905353576923507717e+03,3.860354693779219026e+00
9.905353598253186647e+03,3.860354663845931178e+00
9.905353619582865576e+03,3.860354633914617306e+00
9.905353640912544506e+03,3.860354603985275634e+00
9.905353662242223436e+03,3.860354574057908383e+00
9.905353683571904185e+03,3.860354544132512000e+00
9.905353704901583114e+03,3.860354514209091370e+00
9.905353726231262044e+03,3.860354484287644272e+00
9.905353747560940974e+03,3.860354454368171595e+00
9.905353768890619904e+03,3.860354424450672006e+00
9.905353790220300652e+03,3.860354394535145062e+00
9.905353811549979582e+03,3.860354364621593426e+00
9.905353832879658512e+03,3.860354334710016655e+00
9.905353854209337442e+03,3.860354304800413860e+00
9.905353875539016371e+03,3.860354274892785931e+00
9.905353896868695301e+03,3.860354244987131977e+00
9.905353918198376050e+03,3.860354215083450224e+00
9.905353939528054980e+03,3.860354185181745112e+00
9.905353960857733910e+03,3.860354155282014865e+00
9.905353982187412839e+03,3.860354125384260371e+00
9.905354003517091769e+03,3.860354095488479409e+00
9.905354024846772518e+03,3.860354065594671980e+00
9.905354046176451448e+03,3.860354035702840747e+00
9.905354067506130377e+03,3.860354005812986156e+00
9.905354088835809307e+03,3.860353975925105541e+00
9.905354110165488237e+03,3.860353946039201567e+00
9.905354131495168986e+03,3.860353916155269793e+00
9.905354152824847915e+03,3.860353886273316437e+00
9.905354174154526845e+03,3.860353856393338390e+00
9.905354195484205775e+03,3.860353826515335207e+00
9.905354216813884705e+03,3.860353796639309110e+00
9.905354238143563634e+03,3.860353766765258765e+00
9.905354259473244383e+03,3.860353736893181065e+00
9.905354280802923313e+03,3.860353707023082670e+00
9.905354302132602243e+03,3.860353677154960472e+00
9.905354323462281172e+03,3.860353647288814027e+00
9.905354344791960102e+03,3.860353617424645112e+00
9.905354366121640851e+03,3.860353587562449285e+00
9.905354387451319781e+03,3.860353557702232319e+00
9.905354408780998710e+03,3.860353527843991994e+00
9.905354430110677640e+03,3.860353497987728311e+00
9.905354451440356570e+03,3.860353468133442156e+00
9.905354472770035500e+03,3.860353438281132199e+00
9.905354494099716248e+03,3.860353408430796662e+00
9.905354515429395178e+03,3.860353378582441319e+00
9.905354536759074108e+03,3.860353348736063062e+00
9.905354558088753038e+03,3.860353318891661001e+00
9.905354579418431967e+03,3.860353289049237357e+00
9.905354600748112716e+03,3.860353259208788579e+00
9.905354622077791646e+03,3.860353229370319550e+00
9.905354643407470576e+03,3.860353199533828050e+00
9.905354664737149506e+03,3.860353169699314968e+00
9.905354686066828435e+03,3.860353139866778971e+00
9.905354707396507365e+03,3.860353110036221391e+00
9.905354728726188114e+03,3.860353080207639564e+00
9.905354750055867044e+03,3.860353050381037487e+00
9.905354771385545973e+03,3.860353020556413828e+00
9.905354792715224903e+03,3.860352990733768141e+00
9.905354814044903833e+03,3.860352960913101761e+00
9.905354835374584582e+03,3.860352931094410245e+00
9.905354856704263511e+03,3.860352901277700255e+00
9.905354878033942441e+03,3.860352871462969571e+00
9.905354899363621371e+03,3.860352841650217304e+00
9.905354920693300301e+03,3.860352811839443010e+00
9.905354942022981049e+03,3.860352782030646246e+00
9.905354963352659979e+03,3.860352752223830120e+00
9.905354984682338909e+03,3.860352722418992855e+00
9.905355006012017839e+03,3.860352692616135339e+00
9.905355027341696768e+03,3.860352662815257130e+00
9.905355048671375698e+03,3.860352633016358670e+00
9.905355070001056447e+03,3.860352603219436407e+00
9.905355091330735377e+03,3.860352573424496558e+00
9.905355112660414306e+03,3.860352543631536015e+00
9.905355133990093236e+03,3.860352513840555222e+00
9.905355155319772166e+03,3.860352484051554622e+00
9.905355176649452915e+03,3.860352454264531552e+00
9.905355197979131844e+03,3.860352424479490896e+00
9.905355219308810774e+03,3.860352394696429990e+00
9.905355240638489704e+03,3.860352364915349277e+00
9.905355261968168634e+03,3.860352335136249202e+00
9.905355283297847564e+03,3.860352305359129321e+00
9.905355304627528312e+03,3.860352275583987414e+00
9.905355325957207242e+03,3.860352245810828364e+00
9.905355347286886172e+03,3.860352216039650397e+00
9.905355368616565102e+03,3.860352186270453068e+00
9.905355389946244031e+03,3.860352156503236376e+00
9.905355411275924780e+03,3.860352126737997658e+00
9.905355432605603710e+03,3.860352096974743574e+00
9.905355453935282640e+03,3.860352067213469240e+00
9.905355475264961569e+03,3.860352037454177321e+00
9.905355496594640499e+03,3.860352007696865595e+00
9.905355517924319429e+03,3.860351977941536283e+00
9.905355539254000178e+03,3.860351948188185389e+00
9.905355560583679107e+03,3.860351918436818242e+00
9.905355581913358037e+03,3.860351888687433508e+00
9.905355603243036967e+03,3.860351858940029857e+00
9.905355624572715897e+03,3.860351829194608175e+00
9.905355645902396645e+03,3.860351799451166244e+00
9.905355667232075575e+03,3.860351769709708059e+00
9.905355688561754505e+03,3.860351739970233176e+00
9.905355709891433435e+03,3.860351710232739819e+00
9.905355731221112364e+03,3.860351680497227989e+00
9.905355752550791294e+03,3.860351650763699904e+00
9.905355773880472043e+03,3.860351621032150682e+00
9.905355795210150973e+03,3.860351591302587426e+00
9.905355816539829902e+03,3.860351561575006141e+00
9.905355837869508832e+03,3.860351531849407714e+00
9.905355859199187762e+03,3.860351502125792145e+00
9.905355880528868511e+03,3.860351472404157658e+00
9.905355901858547440e+03,3.860351442684507806e+00
9.905355923188226370e+03,3.860351412966841700e+00
9.905355944517905300e+03,3.860351383251158008e+00
9.905355965847584230e+03,3.860351353537458508e+00
9.905355987177264979e+03,3.860351323825738756e+00
9.905356008506943908e+03,3.860351294116006304e+00
9.905356029836622838e+03,3.860351264408256267e+00
9.905356051166301768e+03,3.860351234702490419e+00
9.905356072495980698e+03,3.860351204998708763e+00
9.905356093825659627e+03,3.860351175296909521e+00
9.905356115155340376e+03,3.860351145597092692e+00
9.905356136485019306e+03,3.860351115899262275e+00
9.905356157814698236e+03,3.860351086203416049e+00
9.905356179144377165e+03,3.860351056509553569e+00
9.905356200474056095e+03,3.860351026817675724e+00
9.905356221803736844e+03,3.860350997127780737e+00
9.905356243133415774e+03,3.860350967439871273e+00
9.905356264463094703e+03,3.860350937753946887e+00
9.905356285792773633e+03,3.860350908070007137e+00
9.905356307122452563e+03,3.860350878388052021e+00
9.905356328452131493e+03,3.860350848708081539e+00
9.905356349781812241e+03,3.860350819030093916e+00
9.905356371111491171e+03,3.860350789354093592e+00
9.905356392441170101e+03,3.860350759680078347e+00
9.905356413770849031e+03,3.860350730008048181e+00
9.905356435100527960e+03,3.860350700338003982e+00
9.905356456430208709e+03,3.860350670669942197e+00
9.905356477759887639e+03,3.860350641003868155e+00
9.905356499089566569e+03,3.860350611339780080e+00
9.905356520419245498e+03,3.860350581677677084e+00
9.905356541748924428e+03,3.860350552017560055e+00
9.905356563078603358e+03,3.860350522359428993e+00
9.905356584408284107e+03,3.860350492703281233e+00
9.905356605737963037e+03,3.860350463049122105e+00
9.905356627067641966e+03,3.860350433396948944e+00
9.905356648397320896e+03,3.860350403746761749e+00
9.905356669726999826e+03,3.860350374098561410e+00
9.905356691056680575e+03,3.860350344452345261e+00
9.905356712386359504e+03,3.860350314808116856e+00
9.905356733716038434e+03,3.860350285165876194e+00
9.905356755045717364e+03,3.860350255525621055e+00
9.905356776375396294e+03,3.860350225887353215e+00
9.905356797705077042e+03,3.860350196251070454e+00
9.905356819034755972e+03,3.860350166616775880e+00
9.905356840364434902e+03,3.860350136984469493e+00
9.905356861694113832e+03,3.860350107354148630e+00
9.905356883023792761e+03,3.860350077725816398e+00
9.905356904353471691e+03,3.860350048099471021e+00
9.905356925683152440e+03,3.860350018475109835e+00
9.905356947012831370e+03,3.860349988852739056e+00
9.905356968342510299e+03,3.860349959232356021e+00
9.905356989672189229e+03,3.860349929613961173e+00
9.905357011001868159e+03,3.860349899997553624e+00
9.905357032331548908e+03,3.860349870383130710e+00
9.905357053661227837e+03,3.860349840770699092e+00
9.905357074990906767e+03,3.860349811160255218e+00
9.905357096320585697e+03,3.860349781551799087e+00
9.905357117650264627e+03,3.860349751945331143e+00
9.905357138979943556e+03,3.860349722340852274e+00
9.905357160309624305e+03,3.860349692738358041e+00
9.905357181639303235e+03,3.860349663137855991e+00
9.905357202968982165e+03,3.860349633539341685e+00
9.905357224298661095e+03,3.860349603942816454e+00
9.905357245628340024e+03,3.860349574348279855e+00
9.905357266958020773e+03,3.860349544755729667e+00
9.905357288287699703e+03,3.860349515165170775e+00
9.905357309617378633e+03,3.860349485576600959e+00
9.905357330947057562e+03,3.860349455990020218e+00
9.905357352276736492e+03,3.860349426405428108e+00
9.905357373606415422e+03,3.860349396822826407e+00
9.905357394936096171e+03,3.860349367242210228e+00
9.905357416265775100e+03,3.860349337663587121e+00
9.905357437595454030e+03,3.860349308086952647e+00
9.905357458925132960e+03,3.860349278512308580e+00
9.905357480254811890e+03,3.860349248939654476e+00
9.905357501584492638e+03,3.860349219368987228e+00
9.905357522914171568e+03,3.860349189800311720e+00
9.905357544243850498e+03,3.860349160233627064e+00
9.905357565573529428e+03,3.860349130668931927e+00
9.905357586903208357e+03,3.860349101106227643e+00
9.905357608232887287e+03,3.860349071545513322e+00
9.905357629562568036e+03,3.860349041986786744e+00
9.905357650892246966e+03,3.860349012430053683e+00
9.905357672221925895e+03,3.860348982875310142e+00
9.905357693551604825e+03,3.860348953322557897e+00
9.905357714881283755e+03,3.860348923771796503e+00
9.905357736210964504e+03,3.860348894223022853e+00
9.905357757540643433e+03,3.860348864676243164e+00
9.905357778870322363e+03,3.860348835131454326e+00
9.905357800200001293e+03,3.860348805588656340e+00
9.905357821529680223e+03,3.860348776047850095e+00
9.905357842859360971e+03,3.860348746509032480e+00
9.905357864189039901e+03,3.860348716972208383e+00
9.905357885518718831e+03,3.860348687437375581e+00
9.905357906848397761e+03,3.860348657904534520e+00
9.905357928178076691e+03,3.860348628373685198e+00
9.905357949507755620e+03,3.860348598844827617e+00
9.905357970837436369e+03,3.860348569317959555e+00
9.905357992167115299e+03,3.860348539793085454e+00
9.905358013496794229e+03,3.860348510270203537e+00
9.905358034826473158e+03,3.860348480749313360e+00
9.905358056156152088e+03,3.860348451230415812e+00
9.905358077485832837e+03,3.860348421713508227e+00
9.905358098815511767e+03,3.860348392198594603e+00
9.905358120145190696e+03,3.860348362685674939e+00
9.905358141474869626e+03,3.860348333174745683e+00
9.905358162804548556e+03,3.860348303665810832e+00
9.905358184134227486e+03,3.860348274158868165e+00
9.905358205463908234e+03,3.860348244653915462e+00
9.905358226793587164e+03,3.860348215150958495e+00
9.905358248123266094e+03,3.860348185649994601e+00
9.905358269452945024e+03,3.860348156151023336e+00
9.905358290782623953e+03,3.860348126654045142e+00
9.905358312112304702e+03,3.860348097159058689e+00
9.905358333441983632e+03,3.860348067666067085e+00
9.905358354771662562e+03,3.860348038175069885e+00
9.905358376101341491e+03,3.860348008686065313e+00
9.905358397431020421e+03,3.860347979199054702e+00
9.905358418760699351e+03,3.860347949714037608e+00
9.905358440090380100e+03,3.860347920231011809e+00
9.905358461420059029e+03,3.860347890749982636e+00
9.905358482749737959e+03,3.860347861270947423e+00
9.905358504079416889e+03,3.860347831793906170e+00
9.905358525409095819e+03,3.860347802318858879e+00
9.905358546738776568e+03,3.860347772845804215e+00
9.905358568068455497e+03,3.860347743374745288e+00
9.905358589398134427e+03,3.860347713905681211e+00
9.905358610727813357e+03,3.860347684438612426e+00
9.905358632057492287e+03,3.860347654973537157e+00
9.905358653387173035e+03,3.860347625510454073e+00
9.905358674716851965e+03,3.860347596049368502e+00
9.905358696046530895e+03,3.860347566590278667e+00
9.905358717376209825e+03,3.860347537133182794e+00
9.905358738705888754e+03,3.860347507678082657e+00
9.905358760035567684e+03,3.860347478224977369e+00
9.905358781365248433e+03,3.860347448773864709e+00
9.905358802694927363e+03,3.860347419324749563e+00
9.905358824024606292e+03,3.860347389877630153e+00
9.905358845354285222e+03,3.860347360432506481e+00
9.905358866683964152e+03,3.860347330989378101e+00
9.905358888013644901e+03,3.860347301548243237e+00
9.905358909343323830e+03,3.860347272109106331e+00
9.905358930673002760e+03,3.860347242671966050e+00
9.905358952002681690e+03,3.860347213236821062e+00
9.905358973332360620e+03,3.860347183803671811e+00
9.905358994662039549e+03,3.860347154372519185e+00
9.905359015991720298e+03,3.860347124943360519e+00
9.905359037321399228e+03,3.860347095516200255e+00
9.905359058651078158e+03,3.860347066091036616e+00
9.905359079980757087e+03,3.860347036667869602e+00
9.905359101310436017e+03,3.860347007246698325e+00
9.905359122640116766e+03,3.860346977827522341e+00
9.905359143969795696e+03,3.860346948410345203e+00
9.905359165299474625e+03,3.860346918995165133e+00
9.905359186629153555e+03,3.860346889581981245e+00
9.905359207958832485e+03,3.860346860170795313e+00
9.905359229288511415e+03,3.860346830761605563e+00
9.905359250618192164e+03,3.860346801354411550e+00
9.905359271947871093e+03,3.860346771949216826e+00
9.905359293277550023e+03,3.860346742546019616e+00
9.905359314607228953e+03,3.860346713144819919e+00
9.905359335936907883e+03,3.860346683745617735e+00
9.905359357266588631e+03,3.860346654348410844e+00
9.905359378596267561e+03,3.860346624953204575e+00
9.905359399925946491e+03,3.860346595559994931e+00
9.905359421255625421e+03,3.860346566168784577e+00
9.905359442585304350e+03,3.860346536779571291e+00
9.905359463914983280e+03,3.860346507392356408e+00
9.905359485244664029e+03,3.860346478007137261e+00
9.905359506574342959e+03,3.860346448623919624e+00
9.905359527904021888e+03,3.860346419242699945e+00
9.905359549233700818e+03,3.860346389863477778e+00
9.905359570563379748e+03,3.860346360486255790e+00
9.905359591893060497e+03,3.860346331111029095e+00
9.905359613222739426e+03,3.860346301737803465e+00
9.905359634552418356e+03,3.860346272366577125e+00
9.905359655882097286e+03,3.860346242997349187e+00
9.905359677211776216e+03,3.860346213630120982e+00
9.905359698541456964e+03,3.860346184264889402e+00
9.905359719871135894e+03,3.860346154901658888e+00
9.905359741200814824e+03,3.860346125540428108e+00
9.905359762530493754e+03,3.860346096181196174e+00
9.905359783860172683e+03,3.860346066823963973e+00
9.905359805189851613e+03,3.860346037468731062e+00
9.905359826519532362e+03,3.860346008115496552e+00
9.905359847849211292e+03,3.860345978764263553e+00
9.905359869178890222e+03,3.860345949415029843e+00
9.905359890508569151e+03,3.860345920067796754e+00
9.905359911838248081e+03,3.860345890722563400e+00
9.905359933167928830e+03,3.860345861379327115e+00
9.905359954497607760e+03,3.860345832038094116e+00
9.905359975827286689e+03,3.860345802698861739e+00
9.905359997156965619e+03,3.860345773361629540e+00
9.905360018486644549e+03,3.860345744026397075e+00
9.905360039816323479e+03,3.860345714693166119e+00
9.905360061146004227e+03,3.860345685361933121e+00
9.905360082475683157e+03,3.860345656032702966e+00
9.905360103805362087e+03,3.860345626705473876e+00
9.905360125135041017e+03,3.860345597380245852e+00
9.905360146464719946e+03,3.860345568057018451e+00
9.905360167794400695e+03,3.860345538735789894e+00
9.905360189124079625e+03,3.860345509416565069e+00
9.905360210453758555e+03,3.860345480099340865e+00
9.905360231783437484e+03,3.860345450784119059e+00
9.905360253113116414e+03,3.860345421470897431e+00
9.905360274442795344e+03,3.860345392159678646e+00
9.905360295772476093e+03,3.860345362850458262e+00
9.905360317102155022e+03,3.860345333543242052e+00
9.905360338431833952e+03,3.860345304238027797e+00
9.905360359761512882e+03,3.860345274934815940e+00
9.905360381091191812e+03,3.860345245633605593e+00
9.905360402420872560e+03,3.860345216334394980e+00
9.905360423750551490e+03,3.860345187037188985e+00
9.905360445080230420e+03,3.860345157741985389e+00
9.905360466409909350e+03,3.860345128448783747e+00
9.905360487739588280e+03,3.860345099157584503e+00
9.905360509069269028e+03,3.860345069868384993e+00
9.905360530398947958e+03,3.860345040581191434e+00
9.905360551728626888e+03,3.860345011296000717e+00
9.905360573058305818e+03,3.860344982012811954e+00
9.905360594387984747e+03,3.860344952731626478e+00
9.905360615717663677e+03,3.860344923452444288e+00
9.905360637047344426e+03,3.860344894175261832e+00
9.905360658377023356e+03,3.860344864900085771e+00
9.905360679706702285e+03,3.860344835626912996e+00
9.905360701036381215e+03,3.860344806355743064e+00
9.905360722366060145e+03,3.860344777086577306e+00
9.905360743695740894e+03,3.860344747819411726e+00
9.905360765025419823e+03,3.860344718554252097e+00
9.905360786355098753e+03,3.860344689291097087e+00
9.905360807684777683e+03,3.860344660029945363e+00
9.905360829014456613e+03,3.860344630770797814e+00
9.905360850344135542e+03,3.860344601513653995e+00
9.905360871673816291e+03,3.860344572258511686e+00
9.905360893003495221e+03,3.860344543005375773e+00
9.905360914333174151e+03,3.860344513754244478e+00
9.905360935662853080e+03,3.860344484505117357e+00
9.905360956992532010e+03,3.860344455257994412e+00
9.905360978322212759e+03,3.860344426012874308e+00
9.905360999651891689e+03,3.860344396769760156e+00
9.905361020981570618e+03,3.860344367528651510e+00
9.905361042311249548e+03,3.860344338289547483e+00
9.905361063640928478e+03,3.860344309052448519e+00
9.905361084970607408e+03,3.860344279817353286e+00
9.905361106300288156e+03,3.860344250584262227e+00
9.905361127629967086e+03,3.860344221353177563e+00
9.905361148959646016e+03,3.860344192124098850e+00
9.905361170289324946e+03,3.860344162897024756e+00
9.905361191619003876e+03,3.860344133671957056e+00
9.905361212948684624e+03,3.860344104448891756e+00
9.905361234278363554e+03,3.860344075227834182e+00
9.905361255608042484e+03,3.860344046008782559e+00
9.905361276937721414e+03,3.860344016791736887e+00
9.905361298267400343e+03,3.860343987576697167e+00
9.905361319597079273e+03,3.860343958363663397e+00
9.905361340926760022e+03,3.860343929152632469e+00
9.905361362256438952e+03,3.860343899943611046e+00
9.905361383586117881e+03,3.860343870736595573e+00
9.905361404915796811e+03,3.860343841531585607e+00
9.905361426245475741e+03,3.860343812328582924e+00
9.905361447575156490e+03,3.860343783127583528e+00
9.905361468904835419e+03,3.860343753928594079e+00
9.905361490234514349e+03,3.860343724731610582e+00
9.905361511564193279e+03,3.860343695536633923e+00
9.905361532893872209e+03,3.860343666343664104e+00
9.905361554223552957e+03,3.860343637152698459e+00
9.905361575553231887e+03,3.860343607963743207e+00
9.905361596882910817e+03,3.860343578776793905e+00
9.905361618212589747e+03,3.860343549591852774e+00
9.905361639542268676e+03,3.860343520408918039e+00
9.905361660871947606e+03,3.860343491227991031e+00
9.905361682201628355e+03,3.860343462049069529e+00
9.905361703531307285e+03,3.860343432872157088e+00
9.905361724860986214e+03,3.860343403697252818e+00
9.905361746190665144e+03,3.860343374524356275e+00
9.905361767520344074e+03,3.860343345353467459e+00
9.905361788850024823e+03,3.860343316184584594e+00
9.905361810179703753e+03,3.860343287017711678e+00
9.905361831509382682e+03,3.860343257852846488e+00
9.905361852839061612e+03,3.860343228689989914e+00
9.905361874168740542e+03,3.860343199529141955e+00
9.905361895498419472e+03,3.860343170370301724e+00
9.905361916828100220e+03,3.860343141213467888e+00
9.905361938157779150e+03,3.860343112058644444e+00
9.905361959487458080e+03,3.860343082905830059e+00
9.905361980817137010e+03,3.860343053755023845e+00
9.905362002146815939e+03,3.860343024606227136e+00
9.905362023476496688e+03,3.860342995459436821e+00
9.905362044806175618e+03,3.860342966314656898e+00
9.905362066135854548e+03,3.860342937171887367e+00
9.905362087465533477e+03,3.860342908031126008e+00
9.905362108795212407e+03,3.860342878892374596e+00
9.905362130124891337e+03,3.860342849755632244e+00
9.905362151454572086e+03,3.860342820620896731e+00
9.905362172784251015e+03,3.860342791488173386e+00
9.905362194113929945e+03,3.860342762357459545e+00
9.905362215443608875e+03,3.860342733228755208e+00
9.905362236773287805e+03,3.860342704102060818e+00
9.905362258102968553e+03,3.860342674977374156e+00
9.905362279432647483e+03,3.860342645854700105e+00
9.905362300762326413e+03,3.860342616734034671e+00
9.905362322092005343e+03,3.860342587615380516e+00
9.905362343421684272e+03,3.860342558498735865e+00
9.905362364751365021e+03,3.860342529384099830e+00
9.905362386081043951e+03,3.860342500271476407e+00
9.905362407410722881e+03,3.860342471160863376e+00
9.905362428740401811e+03,3.860342442052261624e+00
9.905362450070080740e+03,3.860342412945669821e+00
9.905362471399759670e+03,3.860342383841088409e+00
9.905362492729440419e+03,3.860342354738515613e+00
9.905362514059119349e+03,3.860342325637956762e+00
9.905362535388798278e+03,3.860342296539408302e+00
9.905362556718477208e+03,3.860342267442871123e+00
9.905362578048156138e+03,3.860342238348345667e+00
9.905362599377836887e+03,3.860342209255828827e+00
9.905362620707515816e+03,3.860342180165325043e+00
9.905362642037194746e+03,3.860342151076833872e+00
9.905362663366873676e+03,3.860342121990353537e+00
9.905362684696552606e+03,3.860342092905884925e+00
9.905362706026231535e+03,3.860342063823427594e+00
9.905362727355912284e+03,3.860342034742980655e+00
9.905362748685591214e+03,3.860342005664547216e+00
9.905362770015270144e+03,3.860341976588125945e+00
9.905362791344949073e+03,3.860341947513717287e+00
9.905362812674628003e+03,3.860341918441320352e+00
9.905362834004308752e+03,3.860341889370933366e+00
9.905362855333987682e+03,3.860341860302560768e+00
9.905362876663666611e+03,3.860341831236201671e+00
9.905362897993345541e+03,3.860341802171853853e+00
9.905362919323024471e+03,3.860341773109519981e+00
9.905362940652703401e+03,3.860341744049198276e+00
9.905362961982384149e+03,3.860341714990886519e+00
9.905362983312063079e+03,3.860341685934589595e+00
9.905363004641742009e+03,3.860341656880306616e+00
9.905363025971420939e+03,3.860341627828036692e+00
9.905363047301099868e+03,3.860341598777779382e+00
9.905363068630780617e+03,3.860341569729533795e+00
9.905363089960459547e+03,3.860341540683303041e+00
9.905363111290138477e+03,3.860341511639086232e+00
9.905363132619817407e+03,3.860341482596882479e+00
9.905363153949496336e+03,3.860341453556692670e+00
9.905363175279175266e+03,3.860341424518516806e+00
9.905363196608856015e+03,3.860341395482352223e+00
9.905363217938534945e+03,3.860341366448202916e+00
9.905363239268213874e+03,3.860341337416068885e+00
9.905363260597892804e+03,3.860341308385947912e+00
9.905363281927571734e+03,3.860341279357842215e+00
9.905363303257252483e+03,3.860341250331747354e+00
9.905363324586931412e+03,3.860341221307669546e+00
9.905363345916610342e+03,3.860341192285606571e+00
9.905363367246289272e+03,3.860341163265557540e+00
9.905363388575968202e+03,3.860341134247523343e+00
9.905363409905648950e+03,3.860341105231500425e+00
9.905363431235327880e+03,3.860341076217496337e+00
9.905363452565006810e+03,3.860341047205506193e+00
9.905363473894685740e+03,3.860341018195530438e+00
9.905363495224364669e+03,3.860340989187570848e+00
9.905363516554043599e+03,3.860340960181626091e+00
9.905363537883724348e+03,3.860340931177693946e+00
9.905363559213403278e+03,3.860340902175778410e+00
9.905363580543082207e+03,3.860340873175879928e+00
9.905363601872761137e+03,3.860340844177995834e+00
9.905363623202440067e+03,3.860340815182128349e+00
9.905363644532120816e+03,3.860340786188273476e+00
9.905363665861799745e+03,3.860340757196436101e+00
9.905363687191478675e+03,3.860340728206615779e+00
9.905363708521157605e+03,3.860340699218810290e+00
9.905363729850836535e+03,3.860340670233021854e+00
9.905363751180515465e+03,3.860340641249248694e+00
9.905363772510196213e+03,3.860340612267489480e+00
9.905363793839875143e+03,3.860340583287749094e+00
9.905363815169554073e+03,3.860340554310025318e+00
9.905363836499233003e+03,3.860340525334317263e+00
9.905363857828911932e+03,3.860340496360626261e+00
9.905363879158592681e+03,3.860340467388949648e+00
9.905363900488271611e+03,3.860340438419291420e+00
9.905363921817950541e+03,3.860340409451650689e+00
9.905363943147629470e+03,3.860340380486027012e+00
9.905363964477308400e+03,3.860340351522419500e+00
9.905363985806987330e+03,3.860340322560829485e+00
9.905364007136668079e+03,3.860340293601254302e+00
9.905364028466347008e+03,3.860340264643698838e+00
9.905364049796025938e+03,3.860340235688159982e+00
9.905364071125704868e+03,3.860340206734639956e+00
9.905364092455383798e+03,3.860340177783136539e+00
9.905364113785064546e+03,3.860340148833648399e+00
9.905364135114743476e+03,3.860340119886179977e+00
9.905364156444422406e+03,3.860340090940729940e+00
9.905364177774101336e+03,3.860340061997296957e+00
9.905364199103780265e+03,3.860340033055882802e+00
9.905364220433461014e+03,3.860340004116483925e+00
9.905364241763139944e+03,3.860339975179105210e+00
9.905364263092818874e+03,3.860339946243745768e+00
9.905364284422497803e+03,3.860339917310403823e+00
9.905364305752176733e+03,3.860339888379079820e+00
9.905364327081855663e+03,3.860339859449775091e+00
9.905364348411536412e+03,3.860339830522486526e+00
9.905364369741215341e+03,3.860339801597219012e+00
9.905364391070894271e+03,3.860339772673969883e+00
9.905364412400573201e+03,3.860339743752740471e+00
9.905364433730252131e+03,3.860339714833529001e+00
9.905364455059932880e+03,3.860339685916334140e+00
9.905364476389611809e+03,3.860339657001161662e+00
9.905364497719290739e+03,3.860339628088008013e+00
9.905364519048969669e+03,3.860339599176872749e+00
9.905364540378648599e+03,3.860339570267757647e+00
9.905364561708327528e+03,3.860339541360661819e+00
9.905364583038008277e+03,3.860339512455583044e+00
9.905364604367687207e+03,3.860339483552527096e+00
9.905364625697366137e+03,3.860339454651490421e+00
9.905364647027045066e+03,3.860339425752473463e+00
9.905364668356723996e+03,3.860339396855476224e+00
9.905364689686404745e+03,3.860339367960496038e+00
9.905364711016083675e+03,3.860339339067540010e+00
9.905364732345762604e+03,3.860339310176602812e+00
9.905364753675441534e+03,3.860339281287685775e+00
9.905364775005120464e+03,3.860339252400790233e+00
9.905364796334799394e+03,3.860339223515913964e+00
9.905364817664480142e+03,3.860339194633056081e+00
9.905364838994159072e+03,3.860339165752221913e+00
9.905364860323838002e+03,3.860339136873407462e+00
9.905364881653516932e+03,3.860339107996614505e+00
9.905364902983195861e+03,3.860339079121842154e+00
9.905364924312876610e+03,3.860339050249088189e+00
9.905364945642555540e+03,3.860339021378357494e+00
9.905364966972234470e+03,3.860338992509648737e+00
9.905364988301913399e+03,3.860338963642960586e+00
9.905365009631592329e+03,3.860338934778294373e+00
9.905365030961271259e+03,3.860338905915649210e+00
9.905365052290952008e+03,3.860338877055022877e+00
9.905365073620630938e+03,3.860338848196420702e+00
9.905365094950309867e+03,3.860338819339840022e+00
9.905365116279988797e+03,3.860338790485281280e+00
9.905365137609667727e+03,3.860338761632744031e+00
9.905365158939348476e+03,3.860338732782227389e+00
9.905365180269027405e+03,3.860338703933734461e+00
9.905365201598706335e+03,3.860338675087263471e+00
9.905365222928385265e+03,3.860338646242815308e+00
9.905365244258064195e+03,3.860338617400388195e+00
9.905365265587744943e+03,3.860338588559982131e+00
9.905365286917423873e+03,3.860338559721600671e+00
9.905365308247102803e+03,3.860338530885242037e+00
9.905365329576781733e+03,3.860338502050905340e+00
9.905365350906460662e+03,3.860338473218592359e+00
9.905365372236139592e+03,3.860338444388301316e+00
9.905365393565820341e+03,3.860338415560031322e+00
9.905365414895499271e+03,3.860338386733785931e+00
9.905365436225178200e+03,3.860338357909564255e+00
9.905365457554857130e+03,3.860338329087366294e+00
9.905365478884536060e+03,3.860338300267191158e+00
9.905365500214216809e+03,3.860338271449036185e+00
9.905365521543895738e+03,3.860338242632907590e+00
9.905365542873574668e+03,3.860338213818802267e+00
9.905365564203253598e+03,3.860338185006721101e+00
9.905365585532932528e+03,3.860338156196664094e+00
9.905365606862611457e+03,3.860338127388630358e+00
9.905365628192292206e+03,3.860338098582617228e+00
9.905365649521971136e+03,3.860338069778631365e+00
9.905365670851650066e+03,3.860338040976669216e+00
9.905365692181328996e+03,3.860338012176731670e+00
9.905365713511007925e+03,3.860337983378817839e+00
9.905365734840688674e+03,3.860337954582925946e+00
9.905365756170367604e+03,3.860337925789060876e+00
9.905365777500046534e+03,3.860337896997220852e+00
9.905365798829725463e+03,3.860337868207404988e+00
9.905365820159404393e+03,3.860337839419613726e+00
9.905365841489083323e+03,3.860337810633847955e+00
9.905365862818764072e+03,3.860337781850104122e+00
9.905365884148443001e+03,3.860337753068387112e+00
9.905365905478121931e+03,3.860337724288696037e+00
9.905365926807800861e+03,3.860337695511029121e+00
9.905365948137479791e+03,3.860337666735387696e+00
9.905365969467160539e+03,3.860337637961769985e+00
9.905365990796839469e+03,3.860337609190179098e+00
9.905366012126518399e+03,3.860337580420613701e+00
9.905366033456197329e+03,3.860337551653073795e+00
9.905366054785876258e+03,3.860337522887560269e+00
9.905366076115557007e+03,3.860337494124069568e+00
9.905366097445235937e+03,3.860337465362607468e+00
9.905366118774914867e+03,3.860337436603170858e+00
9.905366140104593796e+03,3.860337407845760627e+00
9.905366161434272726e+03,3.860337379090375443e+00
9.905366182763951656e+03,3.860337350337017526e+00
9.905366204093632405e+03,3.860337321585683323e+00
9.905366225423311334e+03,3.860337292836377276e+00
9.905366246752990264e+03,3.860337264089098053e+00
9.905366268082669194e+03,3.860337235343845208e+00
9.905366289412348124e+03,3.860337206600619631e+00
9.905366310742028872e+03,3.860337177859417324e+00
9.905366332071707802e+03,3.860337149120244948e+00
9.905366353401386732e+03,3.860337120383099396e+00
9.905366374731065662e+03,3.860337091647980667e+00
9.905366396060744592e+03,3.860337062914888762e+00
9.905366417390423521e+03,3.860337034183824567e+00
9.905366438720104270e+03,3.860337005454784087e+00
9.905366460049783200e+03,3.860336976727774427e+00
9.905366481379462130e+03,3.860336948002792035e+00
9.905366502709141059e+03,3.860336919279837353e+00
9.905366524038819989e+03,3.860336890558909495e+00
9.905366545368500738e+03,3.860336861840007128e+00
9.905366566698179668e+03,3.860336833123134692e+00
9.905366588027858597e+03,3.860336804408290412e+00
9.905366609357537527e+03,3.860336775695474287e+00
9.905366630687216457e+03,3.860336746984685874e+00
9.905366652016895387e+03,3.860336718275926060e+00
9.905366673346576135e+03,3.860336689569191737e+00
9.905366694676255065e+03,3.860336660864487790e+00
9.905366716005933995e+03,3.860336632161811554e+00
9.905366737335612925e+03,3.860336603461164806e+00
9.905366758665291854e+03,3.860336574762546213e+00
9.905366779994972603e+03,3.860336546065954444e+00
9.905366801324651533e+03,3.860336517371393494e+00
9.905366822654330463e+03,3.860336488678860700e+00
9.905366843984009392e+03,3.860336459988357838e+00
9.905366865313688322e+03,3.860336431299883575e+00
9.905366886643367252e+03,3.860336402613438356e+00
9.905366907973048001e+03,3.860336373929019071e+00
9.905366929302726930e+03,3.860336345246632384e+00
9.905366950632405860e+03,3.860336316566275183e+00
9.905366971962084790e+03,3.860336287887946582e+00
9.905366993291763720e+03,3.860336259211648802e+00
9.905367014621444469e+03,3.860336230537377400e+00
9.905367035951123398e+03,3.860336201865137706e+00
9.905367057280802328e+03,3.860336173194928389e+00
9.905367078610481258e+03,3.860336144526748114e+00
9.905367099940160188e+03,3.860336115860598660e+00
9.905367121269840936e+03,3.860336087196476473e+00
9.905367142599519866e+03,3.860336058534387327e+00
9.905367163929198796e+03,3.860336029874327668e+00
9.905367185258877726e+03,3.860336001216298385e+00
9.905367206588556655e+03,3.860335972560299922e+00
9.905367227918235585e+03,3.860335943906332279e+00
9.905367249247916334e+03,3.860335915254391903e+00
9.905367270577595264e+03,3.860335886604484124e+00
9.905367291907274193e+03,3.860335857956608940e+00
9.905367313236953123e+03,3.860335829310762801e+00
9.905367334566632053e+03,3.860335800666948369e+00
9.905367355896312802e+03,3.860335772025162981e+00
9.905367377225991731e+03,3.860335743385410190e+00
9.905367398555670661e+03,3.860335714747689106e+00
9.905367419885349591e+03,3.860335686111998843e+00
9.905367441215028521e+03,3.860335657478340288e+00
9.905367462544707450e+03,3.860335628846713441e+00
9.905367483874388199e+03,3.860335600217115193e+00
9.905367505204067129e+03,3.860335571589551318e+00
9.905367526533746059e+03,3.860335542964019151e+00
9.905367547863424988e+03,3.860335514340518692e+00
9.905367569193103918e+03,3.860335485719049498e+00
9.905367590522784667e+03,3.860335457099611123e+00
9.905367611852463597e+03,3.860335428482206233e+00
9.905367633182142526e+03,3.860335399866833939e+00
9.905367654511821456e+03,3.860335371253493797e+00
9.905367675841500386e+03,3.860335342642185807e+00
9.905367697171179316e+03,3.860335314032910414e+00
9.905367718500860065e+03,3.860335285425664065e+00
9.905367739830538994e+03,3.860335256820453864e+00
9.905367761160217924e+03,3.860335228217275816e+00
9.905367782489896854e+03,3.860335199616130808e+00
9.905367803819575784e+03,3.860335171017019285e+00
9.905367825149256532e+03,3.860335142419936805e+00
9.905367846478935462e+03,3.860335113824891362e+00
9.905367867808614392e+03,3.860335085231878072e+00
9.905367889138293322e+03,3.860335056640897822e+00
9.905367910467972251e+03,3.860335028051951500e+00
9.905367931797653000e+03,3.860334999465035555e+00
9.905367953127331930e+03,3.860334970880155758e+00
9.905367974457010860e+03,3.860334942297309446e+00
9.905367995786689789e+03,3.860334913716497507e+00
9.905368017116368719e+03,3.860334885137718164e+00
9.905368038446047649e+03,3.860334856560973193e+00
9.905368059775728398e+03,3.860334827986259487e+00
9.905368081105407327e+03,3.860334799413582374e+00
9.905368102435086257e+03,3.860334770842939189e+00
9.905368123764765187e+03,3.860334742274329933e+00
9.905368145094444117e+03,3.860334713707755494e+00
9.905368166424124865e+03,3.860334685143212319e+00
9.905368187753803795e+03,3.860334656580706625e+00
9.905368209083482725e+03,3.860334628020234859e+00
9.905368230413161655e+03,3.860334599461798355e+00
9.905368251742840584e+03,3.860334570905396223e+00
9.905368273072519514e+03,3.860334542351028020e+00
9.905368294402200263e+03,3.860334513798693301e+00
9.905368315731879193e+03,3.860334485248395620e+00
9.905368337061558123e+03,3.860334456700132755e+00
9.905368358391237052e+03,3.860334428153905595e+00
9.905368379720915982e+03,3.860334399609713252e+00
9.905368401050596731e+03,3.860334371067553505e+00
9.905368422380275661e+03,3.860334342527431684e+00
9.905368443709954590e+03,3.860334313989345567e+00
9.905368465039633520e+03,3.860334285453295156e+00
9.905368486369312450e+03,3.860334256919280449e+00
9.905368507698991380e+03,3.860334228387301447e+00
9.905368529028672128e+03,3.860334199857355486e+00
9.905368550358351058e+03,3.860334171329447894e+00
9.905368571688029988e+03,3.860334142803576452e+00
9.905368593017708918e+03,3.860334114279741158e+00
9.905368614347387847e+03,3.860334085757941125e+00
9.905368635677068596e+03,3.860334057238176353e+00
9.905368657006747526e+03,3.860334028720449506e+00
9.905368678336426456e+03,3.860334000204759253e+00
9.905368699666105385e+03,3.860333971691105592e+00
9.905368720995784315e+03,3.860333943179488525e+00
9.905368742325463245e+03,3.860333914669908051e+00
9.905368763655143994e+03,3.860333886162361949e+00
9.905368784984822923e+03,3.860333857656855550e+00
9.905368806314501853e+03,3.860333829153385299e+00
9.905368827644180783e+03,3.860333800651952529e+00
9.905368848973859713e+03,3.860333772152557241e+00
9.905368870303540461e+03,3.860333743655195882e+00
9.905368891633219391e+03,3.860333715159874224e+00
9.905368912962898321e+03,3.860333686666590935e+00
9.905368934292577251e+03,3.860333658175344240e+00
9.905368955622256181e+03,3.860333629686135914e+00
9.905368976951936929e+03,3.860333601198962405e+00
9.905368998281615859e+03,3.860333572713829042e+00
9.905369019611294789e+03,3.860333544230733605e+00
9.905369040940973719e+03,3.860333515749676536e+00
9.905369062270652648e+03,3.860333487270656505e+00
9.905369083600331578e+03,3.860333458793675288e+00
9.905369104930012327e+03,3.860333430318729331e+00
9.905369126259691257e+03,3.860333401845824408e+00
9.905369147589370186e+03,3.860333373374957411e+00
9.905369168919049116e+03,3.860333344906129227e+00
9.905369190248728046e+03,3.860333316439339857e+00
9.905369211578408795e+03,3.860333287974585748e+00
9.905369232908087724e+03,3.860333259511873116e+00
9.905369254237766654e+03,3.860333231051200187e+00
9.905369275567445584e+03,3.860333202592564739e+00
9.905369296897124514e+03,3.860333174135968992e+00
9.905369318226803443e+03,3.860333145681412503e+00
9.905369339556484192e+03,3.860333117228892608e+00
9.905369360886163122e+03,3.860333088778413302e+00
9.905369382215842052e+03,3.860333060329974142e+00
9.905369403545520981e+03,3.860333031883575128e+00
9.905369424875199911e+03,3.860333003439214927e+00
9.905369446204880660e+03,3.860332974996891320e+00
9.905369467534559590e+03,3.860332946556610523e+00
9.905369488864238519e+03,3.860332918118369427e+00
9.905369510193917449e+03,3.860332889682168478e+00
9.905369531523596379e+03,3.860332861248006342e+00
9.905369552853275309e+03,3.860332832815885240e+00
9.905369574182956057e+03,3.860332804385801619e+00
9.905369595512634987e+03,3.860332775957760365e+00
9.905369616842313917e+03,3.860332747531758812e+00
9.905369638171992847e+03,3.860332719107798294e+00
9.905369659501671777e+03,3.860332690685877921e+00
9.905369680831352525e+03,3.860332662265995918e+00
9.905369702161031455e+03,3.860332633848156725e+00
9.905369723490710385e+03,3.860332605432359010e+00
9.905369744820389315e+03,3.860332577018600553e+00
9.905369766150068244e+03,3.860332548606884462e+00
9.905369787479748993e+03,3.860332520197206296e+00
9.905369808809427923e+03,3.860332491789571385e+00
9.905369830139106853e+03,3.860332463383977508e+00
9.905369851468785782e+03,3.860332434980425109e+00
9.905369872798464712e+03,3.860332406578914632e+00
9.905369894128143642e+03,3.860332378179444746e+00
9.905369915457824391e+03,3.860332349782014116e+00
9.905369936787503320e+03,3.860332321386627630e+00
9.905369958117182250e+03,3.860332292993283065e+00
9.905369979446861180e+03,3.860332264601979979e+00
9.905370000776540110e+03,3.860332236212718815e+00
9.905370022106220858e+03,3.860332207825496464e+00
9.905370043435899788e+03,3.860332179440319145e+00
9.905370064765578718e+03,3.860332151057183747e+00
9.905370086095257648e+03,3.860332122676090716e+00
9.905370107424936577e+03,3.860332094297040495e+00
9.905370128754615507e+03,3.860332065920031752e+00
9.905370150084296256e+03,3.860332037545062711e+00
9.905370171413975186e+03,3.860332009172139145e+00
9.905370192743654115e+03,3.860331980801258833e+00
9.905370214073333045e+03,3.860331952432420444e+00
9.905370235403011975e+03,3.860331924065624865e+00
9.905370256732692724e+03,3.860331895700869875e+00
9.905370278062371654e+03,3.860331867338160361e+00
9.905370299392050583e+03,3.860331838977493657e+00
9.905370320721729513e+03,3.860331810618870207e+00
9.905370342051408443e+03,3.860331782262290456e+00
9.905370363381087373e+03,3.860331753907753072e+00
9.905370384710768121e+03,3.860331725555257165e+00
9.905370406040447051e+03,3.860331697204807622e+00
9.905370427370125981e+03,3.860331668856400889e+00
9.905370448699804911e+03,3.860331640510037854e+00
9.905370470029483840e+03,3.860331612165719406e+00
9.905370491359164589e+03,3.860331583823441104e+00
9.905370512688843519e+03,3.860331555483210053e+00
9.905370534018522449e+03,3.860331527145023145e+00
9.905370555348201378e+03,3.860331498808879935e+00
9.905370576677880308e+03,3.860331470474780424e+00
9.905370598007559238e+03,3.860331442142725500e+00
9.905370619337239987e+03,3.860331413812712942e+00
9.905370640666918916e+03,3.860331385484747635e+00
9.905370661996597846e+03,3.860331357158826027e+00
9.905370683326276776e+03,3.860331328834949005e+00
9.905370704655955706e+03,3.860331300513117014e+00
9.905370725985636454e+03,3.860331272193326502e+00
9.905370747315315384e+03,3.860331243875584573e+00
9.905370768644994314e+03,3.860331215559887230e+00
9.905370789974673244e+03,3.860331187246234474e+00
9.905370811304352173e+03,3.860331158934627194e+00
9.905370832634032922e+03,3.860331130625062279e+00
9.905370853963711852e+03,3.860331102317545948e+00
9.905370875293390782e+03,3.860331074012074204e+00
9.905370896623069711e+03,3.860331045708647935e+00
9.905370917952748641e+03,3.860331017407268028e+00
9.905370939282427571e+03,3.860330989107932709e+00
9.905370960612108320e+03,3.860330960810641976e+00
9.905370981941787250e+03,3.860330932515398938e+00
9.905371003271466179e+03,3.860330904222200932e+00
9.905371024601145109e+03,3.860330875931049732e+00
9.905371045930824039e+03,3.860330847641944452e+00
9.905371067260504788e+03,3.860330819354883758e+00
9.905371088590183717e+03,3.860330791069870315e+00
9.905371109919862647e+03,3.860330762786904124e+00
9.905371131249541577e+03,3.860330734505984296e+00
9.905371152579220507e+03,3.860330706227110387e+00
9.905371173908899436e+03,3.860330677950283729e+00
9.905371195238580185e+03,3.860330649675501213e+00
9.905371216568259115e+03,3.860330621402767726e+00
9.905371237897938045e+03,3.860330593132081489e+00
9.905371259227616974e+03,3.860330564863442060e+00
9.905371280557295904e+03,3.860330536596848994e+00
9.905371301886976653e+03,3.860330508332301402e+00
9.905371323216655583e+03,3.860330480069803283e+00
9.905371344546334512e+03,3.860330451809352859e+00
9.905371365876013442e+03,3.860330423550948797e+00
9.905371387205692372e+03,3.860330395294592876e+00
9.905371408535371302e+03,3.860330367040284205e+00
9.905371429865052050e+03,3.860330338788021010e+00
9.905371451194730980e+03,3.860330310537808174e+00
9.905371472524409910e+03,3.860330282289642589e+00
9.905371493854088840e+03,3.860330254043525144e+00
9.905371515183767769e+03,3.860330225799455839e+00
9.905371536513448518e+03,3.860330197557431564e+00
9.905371557843127448e+03,3.860330169317458537e+00
9.905371579172806378e+03,3.860330141079533650e+00
9.905371600502485308e+03,3.860330112843657346e+00
9.905371621832164237e+03,3.860330084609829182e+00
9.905371643161844986e+03,3.860330056378046937e+00
9.905371664491523916e+03,3.860330028148315940e+00
9.905371685821202846e+03,3.860329999920633526e+00
9.905371707150881775e+03,3.860329971695000140e+00
9.905371728480560705e+03,3.860329943471415337e+00
9.905371749810239635e+03,3.860329915249879118e+00
9.905371771139920384e+03,3.860329887030389706e+00
9.905371792469599313e+03,3.860329858812952430e+00
9.905371813799278243e+03,3.860329830597563738e+00
9.905371835128957173e+03,3.860329802384224074e+00
9.905371856458636103e+03,3.860329774172935213e+00
9.905371877788316851e+03,3.860329745963691828e+00
9.905371899117995781e+03,3.860329717756501466e+00
9.905371920447674711e+03,3.860329689551359689e+00
9.905371941777353641e+03,3.860329661348268715e+00
9.905371963107032570e+03,3.860329633147226325e+00
9.905371984436711500e+03,3.860329604948234294e+00
9.905372005766392249e+03,3.860329576751289959e+00
9.905372027096071179e+03,3.860329548556398649e+00
9.905372048425750108e+03,3.860329520363557254e+00
9.905372069755429038e+03,3.860329492172765775e+00
9.905372091085107968e+03,3.860329463984024656e+00
9.905372112414788717e+03,3.860329435797331676e+00
9.905372133744467646e+03,3.860329407612691277e+00
9.905372155074146576e+03,3.860329379430102126e+00
9.905372176403825506e+03,3.860329351249563334e+00
9.905372197733504436e+03,3.860329323071074903e+00
9.905372219063183366e+03,3.860329294894638164e+00
9.905372240392864114e+03,3.860329266720249120e+00
9.905372261722543044e+03,3.860329238547913544e+00
9.905372283052221974e+03,3.860329210377629661e+00
9.905372304381900904e+03,3.860329182209396137e+00
9.905372325711579833e+03,3.860329154043214306e+00
9.905372347041260582e+03,3.860329125879081502e+00
9.905372368370939512e+03,3.860329097717002611e+00
9.905372389700618442e+03,3.860329069556974968e+00
9.905372411030297371e+03,3.860329041398999017e+00
9.905372432359976301e+03,3.860329013243075202e+00
9.905372453689657050e+03,3.860328985089200415e+00
9.905372475019335980e+03,3.860328956937379541e+00
9.905372496349014909e+03,3.860328928787610803e+00
9.905372517678693839e+03,3.860328900639894645e+00
9.905372539008372769e+03,3.860328872494230623e+00
9.905372560338051699e+03,3.860328844350618294e+00
9.905372581667732447e+03,3.860328816209055880e+00
9.905372602997411377e+03,3.860328788069548267e+00
9.905372624327090307e+03,3.860328759932093678e+00
9.905372645656769237e+03,3.860328731796691226e+00
9.905372666986448166e+03,3.860328703663341354e+00
9.905372688316128915e+03,3.860328675532041842e+00
9.905372709645807845e+03,3.860328647402797575e+00
9.905372730975486775e+03,3.860328619275606332e+00
9.905372752305165704e+03,3.860328591150468114e+00
9.905372773634844634e+03,3.860328563027383364e+00
9.905372794964523564e+03,3.860328534906351194e+00
9.905372816294204313e+03,3.860328506787369385e+00
9.905372837623883242e+03,3.860328478670443708e+00
9.905372858953562172e+03,3.860328450555571944e+00
9.905372880283241102e+03,3.860328422442754093e+00
9.905372901612920032e+03,3.860328394331988822e+00
9.905372922942600781e+03,3.860328366223275243e+00
9.905372944272279710e+03,3.860328338116617353e+00
9.905372965601958640e+03,3.860328310012013819e+00
9.905372986931637570e+03,3.860328281909464199e+00
9.905373008261316500e+03,3.860328253808968935e+00
9.905373029590995429e+03,3.860328225710527139e+00
9.905373050920676178e+03,3.860328197614137924e+00
9.905373072250355108e+03,3.860328169519804398e+00
9.905373093580034038e+03,3.860328141427525672e+00
9.905373114909712967e+03,3.860328113337301303e+00
9.905373136239391897e+03,3.860328085249131735e+00
9.905373157569072646e+03,3.860328057163014748e+00
9.905373178898751576e+03,3.860328029078953893e+00
9.905373200228430505e+03,3.860328000996948727e+00
9.905373221558109435e+03,3.860327972916997918e+00
9.905373242887788365e+03,3.860327944839102798e+00
9.905373264217467295e+03,3.860327916763262035e+00
9.905373285547148043e+03,3.860327888689473852e+00
9.905373306876826973e+03,3.860327860617744022e+00
9.905373328206505903e+03,3.860327832548068994e+00
9.905373349536184833e+03,3.860327804480449210e+00
9.905373370865863762e+03,3.860327776414885115e+00
9.905373392195544511e+03,3.860327748351374044e+00
9.905373413525223441e+03,3.860327720289921771e+00
9.905373434854902371e+03,3.860327692230525187e+00
9.905373456184581300e+03,3.860327664173183848e+00
9.905373477514260230e+03,3.860327636117898642e+00
9.905373498843940979e+03,3.860327608064666904e+00
9.905373520173619909e+03,3.860327580013493520e+00
9.905373541503298839e+03,3.860327551964377157e+00
9.905373562832977768e+03,3.860327523917316039e+00
9.905373584162656698e+03,3.860327495872311054e+00
9.905373605492335628e+03,3.860327467829363535e+00
9.905373626822016377e+03,3.860327439788469484e+00
9.905373648151695306e+03,3.860327411749635118e+00
9.905373669481374236e+03,3.860327383712856886e+00
9.905373690811053166e+03,3.860327355678136119e+00
9.905373712140732096e+03,3.860327327645471041e+00
9.905373733470412844e+03,3.860327299614860763e+00
9.905373754800091774e+03,3.860327271586310616e+00
9.905373776129770704e+03,3.860327243559817045e+00
9.905373797459449634e+03,3.860327215535381384e+00
9.905373818789128563e+03,3.860327187513002301e+00
9.905373840118807493e+03,3.860327159492681126e+00
9.905373861448488242e+03,3.860327131474414308e+00
9.905373882778167172e+03,3.860327103458208065e+00
9.905373904107846101e+03,3.860327075444058842e+00
9.905373925437525031e+03,3.860327047431967973e+00
9.905373946767203961e+03,3.860327019421934569e+00
9.905373968096884710e+03,3.860326991413956854e+00
9.905373989426563639e+03,3.860326963408039713e+00
9.905374010756242569e+03,3.860326935404180482e+00
9.905374032085921499e+03,3.860326907402379160e+00
9.905374053415600429e+03,3.860326879402635747e+00
9.905374074745279358e+03,3.860326851404951132e+00
9.905374096074960107e+03,3.860326823409323094e+00
9.905374117404639037e+03,3.860326795415755186e+00
9.905374138734317967e+03,3.860326767424245631e+00
9.905374160063996896e+03,3.860326739434795318e+00
9.905374181393675826e+03,3.860326711447403358e+00
9.905374202723356575e+03,3.860326683462067976e+00
9.905374224053035505e+03,3.860326655478794500e+00
9.905374245382714435e+03,3.860326627497579821e+00
9.905374266712393364e+03,3.860326599518423496e+00
9.905374288042072294e+03,3.860326571541326413e+00
9.905374309371753043e+03,3.860326543566287238e+00
9.905374330701431973e+03,3.860326515593308638e+00
9.905374352031110902e+03,3.860326487622390168e+00
9.905374373360789832e+03,3.860326459653530939e+00
9.905374394690468762e+03,3.860326431686731397e+00
9.905374416020147692e+03,3.860326403721992428e+00
9.905374437349828440e+03,3.860326375759309148e+00
9.905374458679507370e+03,3.860326347798689550e+00
9.905374480009186300e+03,3.860326319840128750e+00
9.905374501338865230e+03,3.860326291883628969e+00
9.905374522668544159e+03,3.860326263929189317e+00
9.905374543998224908e+03,3.860326235976806242e+00
9.905374565327903838e+03,3.860326208026486849e+00
9.905374586657582768e+03,3.860326180078227587e+00
9.905374607987261697e+03,3.860326152132028898e+00
9.905374629316940627e+03,3.860326124187890784e+00
9.905374650646619557e+03,3.860326096245813243e+00
9.905374671976300306e+03,3.860326068305794500e+00
9.905374693305979235e+03,3.860326040367838107e+00
9.905374714635658165e+03,3.860326012431943177e+00
9.905374735965337095e+03,3.860325984498109264e+00
9.905374757295016025e+03,3.860325956566335925e+00
9.905374778624696773e+03,3.860325928636621828e+00
9.905374799954375703e+03,3.860325900708970526e+00
9.905374821284054633e+03,3.860325872783381573e+00
9.905374842613733563e+03,3.860325844859854083e+00
9.905374863943412493e+03,3.860325816938386723e+00
9.905374885273091422e+03,3.860325789018982157e+00
9.905374906602772171e+03,3.860325761101636832e+00
9.905374927932451101e+03,3.860325733186354746e+00
9.905374949262130031e+03,3.860325705273135011e+00
9.905374970591808960e+03,3.860325677361977625e+00
9.905374991921487890e+03,3.860325649452882146e+00
9.905375013251168639e+03,3.860325621545845909e+00
9.905375034580847569e+03,3.860325593640874242e+00
9.905375055910526498e+03,3.860325565737965814e+00
9.905375077240205428e+03,3.860325537837118404e+00
9.905375098569884358e+03,3.860325509938334232e+00
9.905375119899563288e+03,3.860325482041612410e+00
9.905375141229244036e+03,3.860325454146950275e+00
9.905375162558922966e+03,3.860325426254354042e+00
9.905375183888601896e+03,3.860325398363819716e+00
9.905375205218280826e+03,3.860325370475348628e+00
9.905375226547959755e+03,3.860325342588940778e+00
9.905375247877640504e+03,3.860325314704593058e+00
9.905375269207319434e+03,3.860325286822311686e+00
9.905375290536998364e+03,3.860325258942092663e+00
9.905375311866677293e+03,3.860325231063937323e+00
9.905375333196356223e+03,3.860325203187845666e+00
9.905375354526036972e+03,3.860325175313814583e+00
9.905375375855715902e+03,3.860325147441849847e+00
9.905375397185394831e+03,3.860325119571948793e+00
9.905375418515073761e+03,3.860325091704110090e+00
9.905375439844752691e+03,3.860325063838336845e+00
9.905375461174431621e+03,3.860325035974626395e+00
9.905375482504112369e+03,3.860325008112978296e+00
9.905375503833791299e+03,3.860324980253396543e+00
9.905375525163470229e+03,3.860324952395878029e+00
9.905375546493149159e+03,3.860324924540424529e+00
9.905375567822828089e+03,3.860324896687035601e+00
9.905375589152508837e+03,3.860324868835708134e+00
9.905375610482187767e+03,3.860324840986447903e+00
9.905375631811866697e+03,3.860324813139251798e+00
9.905375653141545627e+03,3.860324785294120264e+00
9.905375674471224556e+03,3.860324757451053745e+00
9.905375695800903486e+03,3.860324729610052241e+00
9.905375717130584235e+03,3.860324701771112643e+00
9.905375738460263165e+03,3.860324673934241613e+00
9.905375759789942094e+03,3.860324646099434265e+00
9.905375781119621024e+03,3.860324618266692820e+00
9.905375802449299954e+03,3.860324590436016834e+00
9.905375823778980703e+03,3.860324562607403198e+00
9.905375845108659632e+03,3.860324534780858130e+00
9.905375866438338562e+03,3.860324506956378077e+00
9.905375887768017492e+03,3.860324479133963482e+00
9.905375909097696422e+03,3.860324451313615235e+00
9.905375930427375351e+03,3.860324423495331558e+00
9.905375951757056100e+03,3.860324395679112008e+00
9.905375973086735030e+03,3.860324367864960582e+00
9.905375994416413960e+03,3.860324340052875947e+00
9.905376015746092889e+03,3.860324312242856770e+00
9.905376037075771819e+03,3.860324284434903497e+00
9.905376058405452568e+03,3.860324256629014794e+00
9.905376079735131498e+03,3.860324228825194215e+00
9.905376101064810427e+03,3.860324201023440427e+00
9.905376122394489357e+03,3.860324173223753430e+00
9.905376143724168287e+03,3.860324145426132336e+00
9.905376165053849036e+03,3.860324117630575813e+00
9.905376186383527966e+03,3.860324089837088746e+00
9.905376207713206895e+03,3.860324062045667581e+00
9.905376229042885825e+03,3.860324034256314985e+00
9.905376250372564755e+03,3.860324006469028291e+00
9.905376271702243685e+03,3.860323978683808832e+00
9.905376293031924433e+03,3.860323950900654388e+00
9.905376314361603363e+03,3.860323923119569400e+00
9.905376335691282293e+03,3.860323895340552536e+00
9.905376357020961223e+03,3.860323867563602462e+00
9.905376378350640152e+03,3.860323839788720512e+00
9.905376399680320901e+03,3.860323812015903133e+00
9.905376421009999831e+03,3.860323784245155654e+00
9.905376442339678761e+03,3.860323756476476742e+00
9.905376463669357690e+03,3.860323728709865065e+00
9.905376484999036620e+03,3.860323700945321956e+00
9.905376506328715550e+03,3.860323673182846083e+00
9.905376527658396299e+03,3.860323645422436556e+00
9.905376548988075228e+03,3.860323617664097817e+00
9.905376570317754158e+03,3.860323589907827646e+00
9.905376591647433088e+03,3.860323562153624710e+00
9.905376612977112018e+03,3.860323534401490786e+00
9.905376634306792766e+03,3.860323506651423209e+00
9.905376655636471696e+03,3.860323478903426864e+00
9.905376676966150626e+03,3.860323451157499530e+00
9.905376698295829556e+03,3.860323423413640320e+00
9.905376719625508485e+03,3.860323395671850122e+00
9.905376740955187415e+03,3.860323367932128935e+00
9.905376762284868164e+03,3.860323340194474540e+00
9.905376783614547094e+03,3.860323312458890932e+00
9.905376804944226024e+03,3.860323284725377668e+00
9.905376826273904953e+03,3.860323256993933860e+00
9.905376847603583883e+03,3.860323229264558176e+00
9.905376868933264632e+03,3.860323201537251059e+00
9.905376890262943562e+03,3.860323173812014730e+00
9.905376911592622491e+03,3.860323146088849189e+00
9.905376932922301421e+03,3.860323118367752659e+00
9.905376954251980351e+03,3.860323090648726474e+00
9.905376975581659281e+03,3.860323062931769744e+00
9.905376996911340029e+03,3.860323035216880694e+00
9.905377018241018959e+03,3.860323007504064208e+00
9.905377039570697889e+03,3.860322979793317621e+00
9.905377060900376819e+03,3.860322952084641823e+00
9.905377082230055748e+03,3.860322924378035925e+00
9.905377103559736497e+03,3.860322896673498150e+00
9.905377124889415427e+03,3.860322868971033383e+00
9.905377146219094357e+03,3.860322841270639849e+00
9.905377167548773286e+03,3.860322813572315326e+00
9.905377188878452216e+03,3.860322785876062923e+00
9.905377210208132965e+03,3.860322758181879532e+00
9.905377231537811895e+03,3.860322730489768261e+00
9.905377252867490824e+03,3.860322702799728223e+00
9.905377274197169754e+03,3.860322675111759860e+00
9.905377295526848684e+03,3.860322647425862286e+00
9.905377316856527614e+03,3.860322619742035943e+00
9.905377338186208362e+03,3.860322592060278613e+00
9.905377359515887292e+03,3.860322564380594734e+00
9.905377380845566222e+03,3.860322536702982976e+00
9.905377402175245152e+03,3.860322509027442894e+00
9.905377423504924081e+03,3.860322481353974489e+00
9.905377444834604830e+03,3.860322453682575095e+00
9.905377466164283760e+03,3.860322426013250041e+00
9.905377487493962690e+03,3.860322398345997552e+00
9.905377508823641620e+03,3.860322370680816739e+00
9.905377530153320549e+03,3.860322343017707603e+00
9.905377551482999479e+03,3.860322315356670586e+00
9.905377572812680228e+03,3.860322287697704802e+00
9.905377594142359158e+03,3.860322260040812470e+00
9.905377615472038087e+03,3.860322232385993146e+00
9.905377636801717017e+03,3.860322204733246831e+00
9.905377658131395947e+03,3.860322177082571748e+00
9.905377679461076696e+03,3.860322149433968786e+00
9.905377700790755625e+03,3.860322121787439720e+00
9.905377722120434555e+03,3.860322094142984106e+00
9.905377743450113485e+03,3.860322066500601057e+00
9.905377764779792415e+03,3.860322038860291460e+00
9.905377786109471344e+03,3.860322011222054428e+00
9.905377807439152093e+03,3.860321983585889072e+00
9.905377828768831023e+03,3.860321955951798945e+00
9.905377850098509953e+03,3.860321928319782714e+00
9.905377871428188882e+03,3.860321900689839048e+00
9.905377892757867812e+03,3.860321873061969722e+00
9.905377914087548561e+03,3.860321845436171184e+00
9.905377935417227491e+03,3.860321817812448764e+00
9.905377956746906420e+03,3.860321790190800684e+00
9.905377978076585350e+03,3.860321762571226500e+00
9.905377999406264280e+03,3.860321734953726214e+00
9.905378020735945029e+03,3.860321707338297159e+00
9.905378042065623958e+03,3.860321679724945110e+00
9.905378063395302888e+03,3.860321652113666957e+00
9.905378084724981818e+03,3.860321624504463589e+00
9.905378106054660748e+03,3.860321596897334118e+00
9.905378127384339678e+03,3.860321569292278987e+00
9.905378148714020426e+03,3.860321541689296421e+00
9.905378170043699356e+03,3.860321514088391304e+00
9.905378191373378286e+03,3.860321486489560527e+00
9.905378212703057216e+03,3.860321458892804092e+00
9.905378234032736145e+03,3.860321431298123773e+00
9.905378255362416894e+03,3.860321403705515131e+00
9.905378276692095824e+03,3.860321376114983938e+00
9.905378298021774754e+03,3.860321348526528862e+00
9.905378319351453683e+03,3.860321320940147682e+00
9.905378340681132613e+03,3.860321293355843064e+00
9.905378362010811543e+03,3.860321265773613231e+00
9.905378383340492292e+03,3.860321238193456850e+00
9.905378404670171221e+03,3.860321210615377918e+00
9.905378425999850151e+03,3.860321183039375104e+00
9.905378447329529081e+03,3.860321155465448406e+00
9.905378468659208011e+03,3.860321127893597382e+00
9.905378489988888759e+03,3.860321100323818921e+00
9.905378511318567689e+03,3.860321072756120131e+00
9.905378532648246619e+03,3.860321045190497014e+00
9.905378553977925549e+03,3.860321017626950013e+00
9.905378575307604478e+03,3.860320990065479130e+00
9.905378596637283408e+03,3.860320962506084808e+00
9.905378617966964157e+03,3.860320934948764826e+00
9.905378639296643087e+03,3.860320907393523182e+00
9.905378660626322016e+03,3.860320879840358543e+00
9.905378681956000946e+03,3.860320852289270022e+00
9.905378703285679876e+03,3.860320824740258949e+00
9.905378724615360625e+03,3.860320797193322218e+00
9.905378745945039554e+03,3.860320769648464712e+00
9.905378767274718484e+03,3.860320742105684211e+00
9.905378788604397414e+03,3.860320714564980271e+00
9.905378809934076344e+03,3.860320687026354225e+00
9.905378831263755274e+03,3.860320659489806072e+00
9.905378852593436022e+03,3.860320631955331816e+00
9.905378873923114952e+03,3.860320604422938118e+00
9.905378895252793882e+03,3.860320576892621869e+00
9.905378916582472812e+03,3.860320549364382181e+00
9.905378937912151741e+03,3.860320521838221719e+00
9.905378959241832490e+03,3.860320494314135598e+00
9.905378980571511420e+03,3.860320466792130478e+00
9.905379001901190350e+03,3.860320439272202364e+00
9.905379023230869279e+03,3.860320411754353032e+00
9.905379044560548209e+03,3.860320384238581592e+00
9.905379065890228958e+03,3.860320356724885826e+00
9.905379087219907888e+03,3.860320329213271506e+00
9.905379108549586817e+03,3.860320301703735080e+00
9.905379129879265747e+03,3.860320274196276991e+00
9.905379151208944677e+03,3.860320246690897239e+00
9.905379172538623607e+03,3.860320219187596713e+00
9.905379193868304355e+03,3.860320191686372304e+00
9.905379215197983285e+03,3.860320164187228897e+00
9.905379236527662215e+03,3.860320136690164272e+00
9.905379257857341145e+03,3.860320109195178873e+00
9.905379279187020074e+03,3.860320081702272699e+00
9.905379300516700823e+03,3.860320054211443530e+00
9.905379321846379753e+03,3.860320026722695363e+00
9.905379343176058683e+03,3.860319999236026423e+00
9.905379364505737612e+03,3.860319971751437151e+00
9.905379385835416542e+03,3.860319944268927106e+00
9.905379407165095472e+03,3.860319916788496730e+00
9.905379428494776221e+03,3.860319889310143804e+00
9.905379449824455151e+03,3.860319861833872768e+00
9.905379471154134080e+03,3.860319834359682289e+00
9.905379492483813010e+03,3.860319806887571037e+00
9.905379513813491940e+03,3.860319779417539010e+00
9.905379535143172689e+03,3.860319751949585765e+00
9.905379556472851618e+03,3.860319724483715298e+00
9.905379577802530548e+03,3.860319697019924057e+00
9.905379599132209478e+03,3.860319669558214262e+00
9.905379620461888408e+03,3.860319642098583248e+00
9.905379641791567337e+03,3.860319614641033681e+00
9.905379663121248086e+03,3.860319587185562895e+00
9.905379684450927016e+03,3.860319559732174888e+00
9.905379705780605946e+03,3.860319532280866550e+00
9.905379727110284875e+03,3.860319504831640103e+00
9.905379748439963805e+03,3.860319477384494213e+00
9.905379769769644554e+03,3.860319449939427106e+00
9.905379791099323484e+03,3.860319422496443664e+00
9.905379812429002413e+03,3.860319395055541225e+00
9.905379833758681343e+03,3.860319367616719788e+00
9.905379855088360273e+03,3.860319340179979353e+00
9.905379876418041022e+03,3.860319312745317699e+00
9.905379897747719951e+03,3.860319285312740600e+00
9.905379919077398881e+03,3.860319257882245392e+00
9.905379940407077811e+03,3.860319230453831629e+00
9.905379961736756741e+03,3.860319203027499313e+00
9.905379983066435670e+03,3.860319175603249331e+00
9.905380004396116419e+03,3.860319148181078575e+00
9.905380025725795349e+03,3.860319120760992373e+00
9.905380047055474279e+03,3.860319093342988062e+00
9.905380068385153209e+03,3.860319065927065640e+00
9.905380089714832138e+03,3.860319038513225109e+00
9.905380111044512887e+03,3.860319011101465136e+00
9.905380132374191817e+03,3.860318983691790606e+00
9.905380153703870747e+03,3.860318956284197967e+00
9.905380175033549676e+03,3.860318928878687661e+00
9.905380196363228606e+03,3.860318901475259690e+00
9.905380217692907536e+03,3.860318874073915829e+00
9.905380239022588285e+03,3.860318846674651638e+00
9.905380260352267214e+03,3.860318819277472002e+00
9.905380281681946144e+03,3.860318791882376477e+00
9.905380303011625074e+03,3.860318764489364174e+00
9.905380324341304004e+03,3.860318737098433761e+00
9.905380345670984752e+03,3.860318709709585683e+00
9.905380367000663682e+03,3.860318682322822159e+00
9.905380388330342612e+03,3.860318654938142746e+00
9.905380409660021542e+03,3.860318627555546556e+00
9.905380430989700471e+03,3.860318600175034032e+00
9.905380452319379401e+03,3.860318572796604730e+00
9.905380473649060150e+03,3.860318545420257763e+00
9.905380494978739080e+03,3.860318518045996239e+00
9.905380516308418009e+03,3.860318490673819269e+00
9.905380537638096939e+03,3.860318463303725522e+00
9.905380558967775869e+03,3.860318435935716774e+00
9.905380580297456618e+03,3.860318408569789916e+00
9.905380601627135547e+03,3.860318381205949390e+00
9.905380622956814477e+03,3.860318353844192085e+00
9.905380644286493407e+03,3.860318326484520668e+00
9.905380665616172337e+03,3.860318299126932473e+00
9.905380686945851267e+03,3.860318271771430165e+00
9.905380708275532015e+03,3.860318244418009304e+00
9.905380729605210945e+03,3.860318217066676105e+00
9.905380750934889875e+03,3.860318189717427906e+00
9.905380772264568805e+03,3.860318162370264261e+00
9.905380793594247734e+03,3.860318135025185171e+00
9.905380814923928483e+03,3.860318107682190192e+00
9.905380836253607413e+03,3.860318080341281100e+00
9.905380857583286343e+03,3.860318053002457894e+00
9.905380878912965272e+03,3.860318025665720576e+00
9.905380900242644202e+03,3.860317998331068701e+00
9.905380921572324951e+03,3.860317970998499160e+00
9.905380942902003881e+03,3.860317943668018170e+00
9.905380964231682810e+03,3.860317916339623068e+00
9.905380985561361740e+03,3.860317889013313408e+00
9.905381006891040670e+03,3.860317861689089192e+00
9.905381028220719600e+03,3.860317834366950862e+00
9.905381049550400348e+03,3.860317807046896643e+00
9.905381070880079278e+03,3.860317779728930976e+00
9.905381092209758208e+03,3.860317752413051640e+00
9.905381113539437138e+03,3.860317725099258634e+00
9.905381134869116067e+03,3.860317697787551072e+00
9.905381156198796816e+03,3.860317670477928953e+00
9.905381177528475746e+03,3.860317643170394497e+00
9.905381198858154676e+03,3.860317615864947705e+00
9.905381220187833605e+03,3.860317588561586355e+00
9.905381241517512535e+03,3.860317561260312669e+00
9.905381262847191465e+03,3.860317533961126202e+00
9.905381284176872214e+03,3.860317506664022957e+00
9.905381305506551143e+03,3.860317479369010485e+00
9.905381326836230073e+03,3.860317452076084344e+00
9.905381348165909003e+03,3.860317424785245866e+00
9.905381369495587933e+03,3.860317397496493719e+00
9.905381390825268682e+03,3.860317370209827015e+00
9.905381412154947611e+03,3.860317342925251083e+00
9.905381433484626541e+03,3.860317315642761926e+00
9.905381454814305471e+03,3.860317288362359989e+00
9.905381476143984401e+03,3.860317261084046159e+00
9.905381497473663330e+03,3.860317233807819992e+00
9.905381518803344079e+03,3.860317206533679713e+00
9.905381540133023009e+03,3.860317179261629317e+00
9.905381561462701939e+03,3.860317151991667473e+00
9.905381582792380868e+03,3.860317124723793292e+00
9.905381604122059798e+03,3.860317097458007218e+00
9.905381625451740547e+03,3.860317070194307032e+00
9.905381646781419477e+03,3.860317042932697618e+00
9.905381668111098406e+03,3.860317015673177199e+00
9.905381689440777336e+03,3.860316988415744444e+00
9.905381710770456266e+03,3.860316961160400684e+00
9.905381732100137015e+03,3.860316933907144143e+00
9.905381753429815944e+03,3.860316906655977931e+00
9.905381774759494874e+03,3.860316879406899382e+00
9.905381796089173804e+03,3.860316852159912049e+00
9.905381817418852734e+03,3.860316824915012379e+00
9.905381838748531663e+03,3.860316797672202149e+00
9.905381860078212412e+03,3.860316770431478250e+00
9.905381881407891342e+03,3.860316743192846900e+00
9.905381902737570272e+03,3.860316715956304101e+00
9.905381924067249201e+03,3.860316688721851186e+00
9.905381945396928131e+03,3.860316661489487711e+00
9.905381966726608880e+03,3.860316634259211455e+00
9.905381988056287810e+03,3.860316607031027303e+00
9.905382009385966740e+03,3.860316579804933035e+00
9.905382030715645669e+03,3.860316552580928651e+00
9.905382052045324599e+03,3.860316525359014150e+00
9.905382073375003529e+03,3.860316498139189978e+00
9.905382094704684278e+03,3.860316470921452581e+00
9.905382116034363207e+03,3.860316443705808176e+00
9.905382137364042137e+03,3.860316416492254543e+00
9.905382158693721067e+03,3.860316389280791238e+00
9.905382180023399997e+03,3.860316362071417817e+00
9.905382201353080745e+03,3.860316334864132948e+00
9.905382222682759675e+03,3.860316307658940627e+00
9.905382244012438605e+03,3.860316280455839522e+00
9.905382265342117535e+03,3.860316253254829189e+00
9.905382286671796464e+03,3.860316226055910072e+00
9.905382308001475394e+03,3.860316198859080394e+00
9.905382329331156143e+03,3.860316171664341045e+00
9.905382350660835073e+03,3.860316144471694244e+00
9.905382371990514002e+03,3.860316117281139103e+00
9.905382393320192932e+03,3.860316090092675179e+00
9.905382414649871862e+03,3.860316062906302470e+00
9.905382435979552611e+03,3.860316035722018757e+00
9.905382457309231540e+03,3.860316008539828925e+00
9.905382478638910470e+03,3.860315981359730753e+00
9.905382499968589400e+03,3.860315954181724685e+00
9.905382521298268330e+03,3.860315927005809833e+00
9.905382542627947259e+03,3.860315899831986641e+00
9.905382563957628008e+03,3.860315872660253778e+00
9.905382585287306938e+03,3.860315845490615239e+00
9.905382606616985868e+03,3.860315818323068804e+00
9.905382627946664797e+03,3.860315791157614473e+00
9.905382649276343727e+03,3.860315763994251359e+00
9.905382670606024476e+03,3.860315736832979905e+00
9.905382691935703406e+03,3.860315709673802331e+00
9.905382713265382336e+03,3.860315682516716862e+00
9.905382734595061265e+03,3.860315655361724829e+00
9.905382755924740195e+03,3.860315628208825789e+00
9.905382777254420944e+03,3.860315601058016188e+00
9.905382798584099874e+03,3.860315573909302689e+00
9.905382819913778803e+03,3.860315546762681738e+00
9.905382841243457733e+03,3.860315519618153335e+00
9.905382862573136663e+03,3.860315492475718813e+00
9.905382883902815593e+03,3.860315465335376839e+00
9.905382905232496341e+03,3.860315438197126081e+00
9.905382926562175271e+03,3.860315411060971869e+00
9.905382947891854201e+03,3.860315383926909760e+00
9.905382969221533131e+03,3.860315356794941533e+00
9.905382990551212060e+03,3.860315329665067630e+00
9.905383011880892809e+03,3.860315302537284055e+00
9.905383033210571739e+03,3.860315275411597025e+00
9.905383054540250669e+03,3.860315248288003875e+00
9.905383075869929598e+03,3.860315221166504607e+00
9.905383097199608528e+03,3.860315194047099663e+00
9.905383118529287458e+03,3.860315166929788600e+00
9.905383139858968207e+03,3.860315139814569640e+00
9.905383161188647136e+03,3.860315112701447227e+00
9.905383182518326066e+03,3.860315085590418693e+00
9.905383203848004996e+03,3.860315058481484929e+00
9.905383225177683926e+03,3.860315031374646377e+00
9.905383246507364674e+03,3.860315004269899042e+00
9.905383267837043604e+03,3.860314977167248696e+00
9.905383289166722534e+03,3.860314950066693562e+00
9.905383310496401464e+03,3.860314922968233198e+00
9.905383331826080394e+03,3.860314895871867602e+00
9.905383353155759323e+03,3.860314868777597663e+00
9.905383374485440072e+03,3.860314841685420273e+00
9.905383395815119002e+03,3.860314814595339872e+00
9.905383417144797932e+03,3.860314787507355128e+00
9.905383438474476861e+03,3.860314760421465596e+00
9.905383459804155791e+03,3.860314733337671278e+00
9.905383481133836540e+03,3.860314706255971284e+00
9.905383502463515470e+03,3.860314679176367836e+00
9.905383523793194399e+03,3.860314652098860488e+00
9.905383545122873329e+03,3.860314625023449242e+00
9.905383566452552259e+03,3.860314597950133653e+00
9.905383587782233008e+03,3.860314570878911944e+00
9.905383609111911937e+03,3.860314543809788557e+00
9.905383630441590867e+03,3.860314516742760382e+00
9.905383651771269797e+03,3.860314489677829197e+00
9.905383673100948727e+03,3.860314462614994557e+00
9.905383694430627656e+03,3.860314435554255574e+00
9.905383715760308405e+03,3.860314408495610472e+00
9.905383737089987335e+03,3.860314381439065023e+00
9.905383758419666265e+03,3.860314354384615676e+00
9.905383779749345194e+03,3.860314327332262874e+00
9.905383801079024124e+03,3.860314300282007061e+00
9.905383822408704873e+03,3.860314273233846460e+00
9.905383843738383803e+03,3.860314246187784182e+00
9.905383865068062732e+03,3.860314219143818892e+00
9.905383886397741662e+03,3.860314192101951036e+00
9.905383907727420592e+03,3.860314165062181058e+00
9.905383929057099522e+03,3.860314138024507180e+00
9.905383950386780270e+03,3.860314110988928960e+00
9.905383971716459200e+03,3.860314083955449949e+00
9.905383993046138130e+03,3.860314056924068371e+00
9.905384014375817060e+03,3.860314029894785115e+00
9.905384035705495990e+03,3.860314002867598848e+00
9.905384057035176738e+03,3.860313975842508682e+00
9.905384078364855668e+03,3.860313948819518171e+00
9.905384099694534598e+03,3.860313921798626424e+00
9.905384121024213528e+03,3.860313894779831667e+00
9.905384142353892457e+03,3.860313867763135232e+00
9.905384163683571387e+03,3.860313840748537118e+00
9.905384185013252136e+03,3.860313813736034216e+00
9.905384206342931066e+03,3.860313786725633634e+00
9.905384227672609995e+03,3.860313759717330040e+00
9.905384249002288925e+03,3.860313732711125656e+00
9.905384270331967855e+03,3.860313705707019594e+00
9.905384291661648604e+03,3.860313678705010076e+00
9.905384312991327533e+03,3.860313651705101101e+00
9.905384334321006463e+03,3.860313624707290892e+00
9.905384355650685393e+03,3.860313597711580336e+00
9.905384376980364323e+03,3.860313570717968989e+00
9.905384398310043252e+03,3.860313543726455521e+00
9.905384419639724001e+03,3.860313516737039929e+00
9.905384440969402931e+03,3.860313489749724880e+00
9.905384462299081861e+03,3.860313462764509929e+00
9.905384483628760790e+03,3.860313435781394631e+00
9.905384504958439720e+03,3.860313408800377655e+00
9.905384526288120469e+03,3.860313381821459444e+00
9.905384547617799399e+03,3.860313354844642220e+00
9.905384568947478328e+03,3.860313327869924649e+00
9.905384590277157258e+03,3.860313300897307620e+00
9.905384611606836188e+03,3.860313273926789801e+00
9.905384632936516937e+03,3.860313246958370303e+00
9.905384654266195867e+03,3.860313219992053124e+00
9.905384675595874796e+03,3.860313193027836043e+00
9.905384696925553726e+03,3.860313166065718615e+00
9.905384718255232656e+03,3.860313139105701730e+00
9.905384739584911586e+03,3.860313112147785386e+00
9.905384760914592334e+03,3.860313085191966920e+00
9.905384782244271264e+03,3.860313058238252104e+00
9.905384803573950194e+03,3.860313031286637386e+00
9.905384824903629124e+03,3.860313004337123655e+00
9.905384846233308053e+03,3.860312977389710465e+00
9.905384867562988802e+03,3.860312950444395597e+00
9.905384888892667732e+03,3.860312923501184823e+00
9.905384910222346662e+03,3.860312896560074147e+00
9.905384931552025591e+03,3.860312869621065346e+00
9.905384952881704521e+03,3.860312842684157975e+00
9.905384974211383451e+03,3.860312815749351145e+00
9.905384995541064200e+03,3.860312788816643970e+00
9.905385016870743129e+03,3.860312761886040001e+00
9.905385038200422059e+03,3.860312734957538350e+00
9.905385059530100989e+03,3.860312708031137685e+00
9.905385080859779919e+03,3.860312681106838895e+00
9.905385102189460667e+03,3.860312654184639758e+00
9.905385123519139597e+03,3.860312627264544716e+00
9.905385144848818527e+03,3.860312600346551992e+00
9.905385166178497457e+03,3.860312573430660255e+00
9.905385187508176386e+03,3.860312546516871279e+00
9.905385208837855316e+03,3.860312519605185066e+00
9.905385230167536065e+03,3.860312492695598507e+00
9.905385251497214995e+03,3.860312465788116487e+00
9.905385272826893925e+03,3.860312438882736785e+00
9.905385294156572854e+03,3.860312411979459846e+00
9.905385315486251784e+03,3.860312385078286113e+00
9.905385336815932533e+03,3.860312358179211589e+00
9.905385358145611463e+03,3.860312331282242937e+00
9.905385379475290392e+03,3.860312304387376603e+00
9.905385400804969322e+03,3.860312277494613920e+00
9.905385422134648252e+03,3.860312250603953999e+00
9.905385443464329001e+03,3.860312223715395508e+00
9.905385464794007930e+03,3.860312196828941111e+00
9.905385486123686860e+03,3.860312169944591254e+00
9.905385507453365790e+03,3.860312143062343715e+00
9.905385528783044720e+03,3.860312116182200270e+00
9.905385550112723649e+03,3.860312089304160477e+00
9.905385571442404398e+03,3.860312062428221669e+00
9.905385592772083328e+03,3.860312035554389176e+00
9.905385614101762258e+03,3.860312008682660334e+00
9.905385635431441187e+03,3.860311981813035143e+00
9.905385656761120117e+03,3.860311954945514046e+00
9.905385678090800866e+03,3.860311928080094379e+00
9.905385699420479796e+03,3.860311901216781472e+00
9.905385720750158725e+03,3.860311874355573103e+00
9.905385742079837655e+03,3.860311847496468385e+00
9.905385763409516585e+03,3.860311820639468205e+00
9.905385784739195515e+03,3.860311793784572565e+00
9.905385806068876263e+03,3.860311766931779243e+00
9.905385827398555193e+03,3.860311740081092235e+00
9.905385848728234123e+03,3.860311713232511099e+00
9.905385870057913053e+03,3.860311686386033170e+00
9.905385891387591982e+03,3.860311659541661111e+00
9.905385912717272731e+03,3.860311632699391815e+00
9.905385934046951661e+03,3.860311605859229278e+00
9.905385955376630591e+03,3.860311579021171724e+00
9.905385976706309521e+03,3.860311552185219597e+00
9.905385998035988450e+03,3.860311525351373341e+00
9.905386019365667380e+03,3.860311498519632067e+00
9.905386040695348129e+03,3.860311471689993112e+00
9.905386062025027059e+03,3.860311444862463137e+00
9.905386083354705988e+03,3.860311418037038145e+00
9.905386104684384918e+03,3.860311391213719023e+00
9.905386126014063848e+03,3.860311364392504885e+00
9.905386147343744597e+03,3.860311337573394841e+00
9.905386168673423526e+03,3.860311310756393777e+00
9.905386190003102456e+03,3.860311283941497695e+00
9.905386211332781386e+03,3.860311257128708373e+00
9.905386232662460316e+03,3.860311230318024034e+00
9.905386253992139245e+03,3.860311203509447786e+00
9.905386275321819994e+03,3.860311176702973412e+00
9.905386296651498924e+03,3.860311149898609795e+00
9.905386317981177854e+03,3.860311123096351160e+00
9.905386339310856783e+03,3.860311096296200173e+00
9.905386360640535713e+03,3.860311069498155057e+00
9.905386381970216462e+03,3.860311042702214479e+00
9.905386403299895392e+03,3.860311015908383769e+00
9.905386424629574321e+03,3.860310989116659375e+00
9.905386445959253251e+03,3.860310962327041739e+00
9.905386467288932181e+03,3.860310935539531307e+00
9.905386488618612930e+03,3.860310908754126746e+00
9.905386509948291859e+03,3.860310881970830277e+00
9.905386531277970789e+03,3.860310855189641455e+00
9.905386552607649719e+03,3.860310828410560280e+00
9.905386573937328649e+03,3.860310801633586753e+00
9.905386595267007579e+03,3.860310774858720428e+00
9.905386616596688327e+03,3.860310748085959531e+00
9.905386637926367257e+03,3.860310721315309390e+00
9.905386659256046187e+03,3.860310694546765564e+00
9.905386680585725117e+03,3.860310667780330718e+00
9.905386701915404046e+03,3.860310641016003519e+00
9.905386723245084795e+03,3.860310614253782191e+00
9.905386744574763725e+03,3.860310587493671619e+00
9.905386765904442655e+03,3.860310560735668250e+00
9.905386787234121584e+03,3.860310533979774306e+00
9.905386808563800514e+03,3.860310507225987564e+00
9.905386829893479444e+03,3.860310480474310690e+00
9.905386851223160193e+03,3.860310453724738800e+00
9.905386872552839122e+03,3.860310426977278997e+00
9.905386893882518052e+03,3.860310400231926842e+00
9.905386915212196982e+03,3.860310373488683666e+00
9.905386936541875912e+03,3.860310346747549470e+00
9.905386957871556660e+03,3.860310320008522922e+00
9.905386979201235590e+03,3.860310293271606241e+00
9.905387000530914520e+03,3.860310266536799428e+00
9.905387021860593450e+03,3.860310239804101595e+00
9.905387043190272379e+03,3.860310213073513630e+00
9.905387064519951309e+03,3.860310186345033756e+00
9.905387085849632058e+03,3.860310159618661530e+00
9.905387107179310988e+03,3.860310132894401391e+00
9.905387128508989917e+03,3.860310106172251121e+00
9.905387149838668847e+03,3.860310079452210275e+00
9.905387171168347777e+03,3.860310052734279296e+00
9.905387192498028526e+03,3.860310026018455964e+00
9.905387213827707455e+03,3.860309999304744721e+00
9.905387235157386385e+03,3.860309972593143346e+00
9.905387256487065315e+03,3.860309945883651839e+00
9.905387277816744245e+03,3.860309919176271087e+00
9.905387299146424994e+03,3.860309892470997983e+00
9.905387320476103923e+03,3.860309865767836968e+00
9.905387341805782853e+03,3.860309839066787152e+00
9.905387363135461783e+03,3.860309812367848092e+00
9.905387384465140713e+03,3.860309785671018901e+00
9.905387405794819642e+03,3.860309758976300465e+00
9.905387427124500391e+03,3.860309732283690565e+00
9.905387448454179321e+03,3.860309705593194529e+00
9.905387469783858251e+03,3.860309678904808806e+00
9.905387491113537180e+03,3.860309652218533838e+00
9.905387512443216110e+03,3.860309625534370070e+00
9.905387533772896859e+03,3.860309598852314839e+00
9.905387555102575789e+03,3.860309572172374359e+00
9.905387576432254718e+03,3.860309545494544192e+00
9.905387597761933648e+03,3.860309518818825669e+00
9.905387619091612578e+03,3.860309492145218346e+00
9.905387640421291508e+03,3.860309465473723112e+00
9.905387661750972256e+03,3.860309438804337301e+00
9.905387683080651186e+03,3.860309412137064911e+00
9.905387704410330116e+03,3.860309385471904609e+00
9.905387725740009046e+03,3.860309358808856395e+00
9.905387747069687975e+03,3.860309332147919825e+00
9.905387768399368724e+03,3.860309305489092679e+00
9.905387789729047654e+03,3.860309278832381175e+00
9.905387811058726584e+03,3.860309252177780870e+00
9.905387832388405513e+03,3.860309225525293098e+00
9.905387853718084443e+03,3.860309198874918302e+00
9.905387875047763373e+03,3.860309172226655150e+00
9.905387896377444122e+03,3.860309145580502754e+00
9.905387917707123052e+03,3.860309118936465556e+00
9.905387939036801981e+03,3.860309092294540001e+00
9.905387960366480911e+03,3.860309065654727867e+00
9.905387981696159841e+03,3.860309039017028709e+00
9.905388003025840590e+03,3.860309012381440308e+00
9.905388024355519519e+03,3.860308985747967103e+00
9.905388045685198449e+03,3.860308959116606875e+00
9.905388067014877379e+03,3.860308932487360067e+00
9.905388088344556309e+03,3.860308905860226236e+00
9.905388109674235238e+03,3.860308879235206270e+00
9.905388131003915987e+03,3.860308852612297059e+00
9.905388152333594917e+03,3.860308825991503490e+00
9.905388173663273847e+03,3.860308799372823341e+00
9.905388194992952776e+03,3.860308772756257945e+00
9.905388216322631706e+03,3.860308746141805081e+00
9.905388237652312455e+03,3.860308719529464305e+00
9.905388258981991385e+03,3.860308692919240059e+00
9.905388280311670314e+03,3.860308666311129233e+00
9.905388301641349244e+03,3.860308639705133160e+00
9.905388322971028174e+03,3.860308613101251396e+00
9.905388344300708923e+03,3.860308586499480832e+00
9.905388365630387852e+03,3.860308559899827241e+00
9.905388386960066782e+03,3.860308533302288403e+00
9.905388408289745712e+03,3.860308506706863874e+00
9.905388429619424642e+03,3.860308480113553209e+00
9.905388450949103571e+03,3.860308453522357741e+00
9.905388472278784320e+03,3.860308426933275250e+00
9.905388493608463250e+03,3.860308400346309732e+00
9.905388514938142180e+03,3.860308373761458967e+00
9.905388536267821110e+03,3.860308347178722510e+00
9.905388557597500039e+03,3.860308320598101250e+00
9.905388578927180788e+03,3.860308294019594300e+00
9.905388600256859718e+03,3.860308267443202990e+00
9.905388621586538648e+03,3.860308240868928209e+00
9.905388642916217577e+03,3.860308214296768625e+00
9.905388664245896507e+03,3.860308187726723794e+00
9.905388685575575437e+03,3.860308161158795048e+00
9.905388706905256186e+03,3.860308134592980167e+00
9.905388728234935115e+03,3.860308108029283147e+00
9.905388749564614045e+03,3.860308081467701768e+00
9.905388770894292975e+03,3.860308054908236031e+00
9.905388792223971905e+03,3.860308028350886378e+00
9.905388813553652653e+03,3.860308001795650590e+00
9.905388834883331583e+03,3.860307975242533107e+00
9.905388856213010513e+03,3.860307948691532154e+00
9.905388877542689443e+03,3.860307922142647286e+00
9.905388898872368372e+03,3.860307895595878502e+00
9.905388920202047302e+03,3.860307869051225804e+00
9.905388941531728051e+03,3.860307842508688747e+00
9.905388962861406981e+03,3.860307815968269551e+00
9.905388984191085910e+03,3.860307789429967329e+00
9.905389005520764840e+03,3.860307762893781636e+00
9.905389026850443770e+03,3.860307736359712916e+00
9.905389048180124519e+03,3.860307709827758949e+00
9.905389069509803448e+03,3.860307683297924175e+00
9.905389090839482378e+03,3.860307656770206819e+00
9.905389112169161308e+03,3.860307630244606880e+00
9.905389133498840238e+03,3.860307603721123471e+00
9.905389154828520986e+03,3.860307577199755702e+00
9.905389176158199916e+03,3.860307550680507571e+00
9.905389197487878846e+03,3.860307524163376414e+00
9.905389218817557776e+03,3.860307497648363562e+00
9.905389240147236706e+03,3.860307471135467683e+00
9.905389261476915635e+03,3.860307444624690554e+00
9.905389282806596384e+03,3.860307418116027733e+00
9.905389304136275314e+03,3.860307391609485883e+00
9.905389325465954244e+03,3.860307365105062782e+00
9.905389346795633173e+03,3.860307338602756655e+00
9.905389368125312103e+03,3.860307312102568389e+00
9.905389389454992852e+03,3.860307285604497096e+00
9.905389410784671782e+03,3.860307259108545885e+00
9.905389432114350711e+03,3.860307232614713424e+00
9.905389453444029641e+03,3.860307206122998824e+00
9.905389474773708571e+03,3.860307179633402974e+00
9.905389496103387501e+03,3.860307153145925874e+00
9.905389517433068249e+03,3.860307126660565302e+00
9.905389538762747179e+03,3.860307100177325701e+00
9.905389560092426109e+03,3.860307073696205293e+00
9.905389581422105039e+03,3.860307047217203635e+00
9.905389602751783968e+03,3.860307020740321615e+00
9.905389624081464717e+03,3.860306994265555680e+00
9.905389645411143647e+03,3.860306967792911603e+00
9.905389666740822577e+03,3.860306941322386720e+00
9.905389688070501506e+03,3.860306914853980587e+00
9.905389709400180436e+03,3.860306888387694535e+00
9.905389730729859366e+03,3.860306861923528121e+00
9.905389752059540115e+03,3.860306835461479569e+00
9.905389773389219044e+03,3.860306809001552431e+00
9.905389794718897974e+03,3.860306782543744930e+00
9.905389816048576904e+03,3.860306756088057067e+00
9.905389837378255834e+03,3.860306729634489731e+00
9.905389858707936583e+03,3.860306703183039367e+00
9.905389880037615512e+03,3.860306676733712195e+00
9.905389901367294442e+03,3.860306650286504659e+00
9.905389922696973372e+03,3.860306623841418094e+00
9.905389944026652302e+03,3.860306597398451611e+00
9.905389965356331231e+03,3.860306570957604766e+00
9.905389986686011980e+03,3.860306544518877114e+00
9.905390008015690910e+03,3.860306518082272209e+00
9.905390029345369840e+03,3.860306491647787386e+00
9.905390050675048769e+03,3.860306465215423533e+00
9.905390072004727699e+03,3.860306438785181093e+00
9.905390093334408448e+03,3.860306412357056960e+00
9.905390114664087378e+03,3.860306385931055573e+00
9.905390135993766307e+03,3.860306359507176488e+00
9.905390157323445237e+03,3.860306333085417041e+00
9.905390178653124167e+03,3.860306306665780340e+00
9.905390199982804916e+03,3.860306280248261945e+00
9.905390221312483845e+03,3.860306253832866741e+00
9.905390242642162775e+03,3.860306227419593839e+00
9.905390263971841705e+03,3.860306201008442351e+00
9.905390285301520635e+03,3.860306174599412277e+00
9.905390306631199564e+03,3.860306148192504505e+00
9.905390327960880313e+03,3.860306121787715483e+00
9.905390349290559243e+03,3.860306095385050984e+00
9.905390370620238173e+03,3.860306068984508343e+00
9.905390391949917102e+03,3.860306042586087560e+00
9.905390413279596032e+03,3.860306016189789080e+00
9.905390434609276781e+03,3.860305989795610682e+00
9.905390455938955711e+03,3.860305963403556806e+00
9.905390477268634640e+03,3.860305937013625233e+00
9.905390498598313570e+03,3.860305910625816406e+00
9.905390519927992500e+03,3.860305884240129437e+00
9.905390541257671430e+03,3.860305857856565659e+00
9.905390562587352179e+03,3.860305831475121963e+00
9.905390583917031108e+03,3.860305805095804121e+00
9.905390605246710038e+03,3.860305778718608583e+00
9.905390626576388968e+03,3.860305752343535346e+00
9.905390647906067898e+03,3.860305725970585744e+00
9.905390669235748646e+03,3.860305699599757112e+00
9.905390690565427576e+03,3.860305673231053891e+00
9.905390711895106506e+03,3.860305646864473861e+00
9.905390733224785436e+03,3.860305620500017021e+00
9.905390754554464365e+03,3.860305594137683816e+00
9.905390775884143295e+03,3.860305567777474245e+00
9.905390797213824044e+03,3.860305541419385644e+00
9.905390818543502974e+03,3.860305515063422899e+00
9.905390839873181903e+03,3.860305488709583788e+00
9.905390861202860833e+03,3.860305462357869200e+00
9.905390882532539763e+03,3.860305436008278246e+00
9.905390903862220512e+03,3.860305409660808706e+00
9.905390925191899441e+03,3.860305383315465466e+00
9.905390946521578371e+03,3.860305356972247637e+00
9.905390967851257301e+03,3.860305330631152554e+00
9.905390989180936231e+03,3.860305304292181994e+00
9.905391010510616979e+03,3.860305277955334180e+00
9.905391031840295909e+03,3.860305251620612665e+00
9.905391053169974839e+03,3.860305225288016118e+00
9.905391074499653769e+03,3.860305198957543205e+00
9.905391095829332698e+03,3.860305172629196147e+00
9.905391117159011628e+03,3.860305146302973167e+00
9.905391138488692377e+03,3.860305119978873378e+00
9.905391159818371307e+03,3.860305093656900777e+00
9.905391181148050237e+03,3.860305067337052698e+00
9.905391202477729166e+03,3.860305041019330030e+00
9.905391223807408096e+03,3.860305014703731885e+00
9.905391245137088845e+03,3.860304988390257819e+00
9.905391266466767775e+03,3.860304962078910940e+00
9.905391287796446704e+03,3.860304935769689916e+00
9.905391309126125634e+03,3.860304909462593415e+00
9.905391330455804564e+03,3.860304883157622768e+00
9.905391351785483494e+03,3.860304856854778865e+00
9.905391373115164242e+03,3.860304830554057265e+00
9.905391394444843172e+03,3.860304804255464184e+00
9.905391415774522102e+03,3.860304777958997402e+00
9.905391437104201032e+03,3.860304751664656031e+00
9.905391458433879961e+03,3.860304725372440959e+00
9.905391479763560710e+03,3.860304699082350410e+00
9.905391501093239640e+03,3.860304672794387493e+00
9.905391522422918570e+03,3.860304646508551318e+00
9.905391543752597499e+03,3.860304620224840999e+00
9.905391565082276429e+03,3.860304593943258311e+00
9.905391586411955359e+03,3.860304567663800590e+00
9.905391607741636108e+03,3.860304541386469168e+00
9.905391629071315037e+03,3.860304515111265822e+00
9.905391650400993967e+03,3.860304488838188774e+00
9.905391671730672897e+03,3.860304462567239359e+00
9.905391693060351827e+03,3.860304436298416242e+00
9.905391714390032575e+03,3.860304410031718092e+00
9.905391735719711505e+03,3.860304383767149794e+00
9.905391757049390435e+03,3.860304357504708239e+00
9.905391778379069365e+03,3.860304331244393872e+00
9.905391799708748295e+03,3.860304304986208024e+00
9.905391821038427224e+03,3.860304278730148475e+00
9.905391842368107973e+03,3.860304252476214781e+00
9.905391863697786903e+03,3.860304226224410051e+00
9.905391885027465833e+03,3.860304199974733397e+00
9.905391906357144762e+03,3.860304173727185262e+00
9.905391927686823692e+03,3.860304147481764314e+00
9.905391949016504441e+03,3.860304121238469222e+00
9.905391970346183371e+03,3.860304094997304869e+00
9.905391991675862300e+03,3.860304068758268148e+00
9.905392013005541230e+03,3.860304042521359502e+00
9.905392034335220160e+03,3.860304016286578932e+00
9.905392055664900909e+03,3.860303990053925105e+00
9.905392076994579838e+03,3.860303963823401130e+00
9.905392098324258768e+03,3.860303937595006118e+00
9.905392119653937698e+03,3.860303911368739627e+00
9.905392140983616628e+03,3.860303885144602098e+00
9.905392162313295557e+03,3.860303858922592646e+00
9.905392183642976306e+03,3.860303832702710825e+00
9.905392204972655236e+03,3.860303806484958855e+00
9.905392226302334166e+03,3.860303780269337182e+00
9.905392247632013095e+03,3.860303754055843584e+00
9.905392268961692025e+03,3.860303727844479837e+00
9.905392290291372774e+03,3.860303701635242390e+00
9.905392311621051704e+03,3.860303675428137016e+00
9.905392332950730633e+03,3.860303649223160605e+00
9.905392354280409563e+03,3.860303623020314046e+00
9.905392375610088493e+03,3.860303596819596894e+00
9.905392396939767423e+03,3.860303570621008262e+00
9.905392418269448171e+03,3.860303544424548594e+00
9.905392439599127101e+03,3.860303518230220110e+00
9.905392460928806031e+03,3.860303492038022366e+00
9.905392482258484961e+03,3.860303465847954030e+00
9.905392503588163891e+03,3.860303439660015545e+00
9.905392524917844639e+03,3.860303413474205581e+00
9.905392546247523569e+03,3.860303387290526800e+00
9.905392567577202499e+03,3.860303361108979203e+00
9.905392588906881429e+03,3.860303334929562347e+00
9.905392610236560358e+03,3.860303308752274454e+00
9.905392631566239288e+03,3.860303282577118633e+00
9.905392652895920037e+03,3.860303256404090444e+00
9.905392674225598967e+03,3.860303230233195215e+00
9.905392695555277896e+03,3.860303204064430727e+00
9.905392716884956826e+03,3.860303177897796978e+00
9.905392738214635756e+03,3.860303151733294413e+00
9.905392759544316505e+03,3.860303125570920368e+00
9.905392780873995434e+03,3.860303099410679284e+00
9.905392802203674364e+03,3.860303073252569828e+00
9.905392823533353294e+03,3.860303047096591555e+00
9.905392844863032224e+03,3.860303020942744467e+00
9.905392866192712972e+03,3.860302994791026787e+00
9.905392887522391902e+03,3.860302968641442956e+00
9.905392908852070832e+03,3.860302942493989864e+00
9.905392930181749762e+03,3.860302916348668845e+00
9.905392951511428691e+03,3.860302890205480342e+00
9.905392972841107621e+03,3.860302864064422135e+00
9.905392994170788370e+03,3.860302837925494224e+00
9.905393015500467300e+03,3.860302811788700605e+00
9.905393036830146229e+03,3.860302785654038615e+00
9.905393058159825159e+03,3.860302759521509142e+00
9.905393079489504089e+03,3.860302733391112184e+00
9.905393100819184838e+03,3.860302707262844635e+00
9.905393122148863768e+03,3.860302681136711822e+00
9.905393143478542697e+03,3.860302655012711526e+00
9.905393164808221627e+03,3.860302628890843746e+00
9.905393186137900557e+03,3.860302602771108926e+00
9.905393207467579487e+03,3.860302576653506179e+00
9.905393228797260235e+03,3.860302550538033728e+00
9.905393250126939165e+03,3.860302524424696902e+00
9.905393271456618095e+03,3.860302498313492592e+00
9.905393292786297025e+03,3.860302472204422131e+00
9.905393314115975954e+03,3.860302446097483742e+00
9.905393335445656703e+03,3.860302419992676537e+00
9.905393356775335633e+03,3.860302393890004957e+00
9.905393378105014563e+03,3.860302367789465894e+00
9.905393399434693492e+03,3.860302341691061567e+00
9.905393420764372422e+03,3.860302315594790201e+00
9.905393442094051352e+03,3.860302289500652240e+00
9.905393463423732101e+03,3.860302263408645018e+00
9.905393484753411030e+03,3.860302237318775198e+00
9.905393506083089960e+03,3.860302211231038338e+00
9.905393527412768890e+03,3.860302185145434883e+00
9.905393548742447820e+03,3.860302159061966165e+00
9.905393570072128568e+03,3.860302132980628631e+00
9.905393591401807498e+03,3.860302106901428054e+00
9.905393612731486428e+03,3.860302080824360882e+00
9.905393634061165358e+03,3.860302054749428446e+00
9.905393655390844287e+03,3.860302028676630304e+00
9.905393676720523217e+03,3.860302002605966898e+00
9.905393698050203966e+03,3.860301976537435564e+00
9.905393719379882896e+03,3.860301950471041188e+00
9.905393740709561825e+03,3.860301924406781104e+00
9.905393762039240755e+03,3.860301898344656202e+00
9.905393783368919685e+03,3.860301872284665148e+00
9.905393804698600434e+03,3.860301846226807942e+00
9.905393826028279364e+03,3.860301820171087250e+00
9.905393847357958293e+03,3.860301794117501739e+00
9.905393868687637223e+03,3.860301768066051409e+00
9.905393890017316153e+03,3.860301742016736259e+00
9.905393911346996902e+03,3.860301715969554071e+00
9.905393932676675831e+03,3.860301689924510171e+00
9.905393954006354761e+03,3.860301663881601009e+00
9.905393975336033691e+03,3.860301637840827915e+00
9.905393996665712621e+03,3.860301611802190003e+00
9.905394017995391550e+03,3.860301585765687715e+00
9.905394039325072299e+03,3.860301559731319720e+00
9.905394060654751229e+03,3.860301533699089127e+00
9.905394081984430159e+03,3.860301507668994603e+00
9.905394103314109088e+03,3.860301481641036592e+00
9.905394124643788018e+03,3.860301455615214206e+00
9.905394145973468767e+03,3.860301429591525224e+00
9.905394167303147697e+03,3.860301403569975864e+00
9.905394188632826626e+03,3.860301377550562130e+00
9.905394209962505556e+03,3.860301351533284908e+00
9.905394231292184486e+03,3.860301325518144200e+00
9.905394252621863416e+03,3.860301299505140005e+00
9.905394273951544164e+03,3.860301273494270546e+00
9.905394295281223094e+03,3.860301247485540266e+00
9.905394316610902024e+03,3.860301221478945610e+00
9.905394337940580954e+03,3.860301195474489244e+00
9.905394359270259883e+03,3.860301169472169391e+00
9.905394380599940632e+03,3.860301143471983831e+00
9.905394401929619562e+03,3.860301117473938337e+00
9.905394423259298492e+03,3.860301091478029800e+00
9.905394444588977422e+03,3.860301065484258221e+00
9.905394465918656351e+03,3.860301039492624042e+00
9.905394487248335281e+03,3.860301013503127709e+00
9.905394508578016030e+03,3.860300987515766558e+00
9.905394529907694960e+03,3.860300961530545472e+00
9.905394551237373889e+03,3.860300935547462231e+00
9.905394572567052819e+03,3.860300909566516392e+00
9.905394593896731749e+03,3.860300883587708398e+00
9.905394615226412498e+03,3.860300857611035585e+00
9.905394636556091427e+03,3.860300831636503727e+00
9.905394657885770357e+03,3.860300805664109713e+00
9.905394679215449287e+03,3.860300779693853990e+00
9.905394700545128217e+03,3.860300753725736111e+00
9.905394721874808965e+03,3.860300727759755191e+00
9.905394743204487895e+03,3.860300701795914335e+00
9.905394764534166825e+03,3.860300675834212214e+00
9.905394785863845755e+03,3.860300649874648382e+00
9.905394807193524684e+03,3.860300623917222840e+00
9.905394828523203614e+03,3.860300597961936475e+00
9.905394849852884363e+03,3.860300572008786624e+00
9.905394871182563293e+03,3.860300546057778615e+00
9.905394892512242222e+03,3.860300520108908451e+00
9.905394913841921152e+03,3.860300494162177465e+00
9.905394935171600082e+03,3.860300468217586101e+00
9.905394956501280831e+03,3.860300442275131250e+00
9.905394977830959760e+03,3.860300416334818685e+00
9.905394999160638690e+03,3.860300390396645298e+00
9.905395020490317620e+03,3.860300364460610645e+00
9.905395041819996550e+03,3.860300338526716057e+00
9.905395063149675480e+03,3.860300312594961092e+00
9.905395084479356228e+03,3.860300286665343528e+00
9.905395105809035158e+03,3.860300260737866918e+00
9.905395127138714088e+03,3.860300234812531706e+00
9.905395148468393018e+03,3.860300208889336115e+00
9.905395169798071947e+03,3.860300182968279703e+00
9.905395191127752696e+03,3.860300157049361580e+00
9.905395212457431626e+03,3.860300131132585744e+00
9.905395233787110556e+03,3.860300105217950861e+00
9.905395255116789485e+03,3.860300079305455156e+00
9.905395276446468415e+03,3.860300053395099962e+00
9.905395297776147345e+03,3.860300027486886165e+00
9.905395319105828094e+03,3.860300001580810214e+00
9.905395340435507023e+03,3.860299975676876549e+00
9.905395361765185953e+03,3.860299949775085171e+00
9.905395383094864883e+03,3.860299923875432970e+00
9.905395404424543813e+03,3.860299897977922612e+00
9.905395425754224561e+03,3.860299872082550543e+00
9.905395447083903491e+03,3.860299846189321649e+00
9.905395468413582421e+03,3.860299820298233708e+00
9.905395489743261351e+03,3.860299794409288054e+00
9.905395511072940280e+03,3.860299768522482022e+00
9.905395532402621029e+03,3.860299742637816056e+00
9.905395553732299959e+03,3.860299716755294153e+00
9.905395575061978889e+03,3.860299690874912759e+00
9.905395596391657818e+03,3.860299664996674096e+00
9.905395617721336748e+03,3.860299639120575499e+00
9.905395639051015678e+03,3.860299613246620076e+00
9.905395660380696427e+03,3.860299587374803831e+00
9.905395681710375356e+03,3.860299561505131205e+00
9.905395703040054286e+03,3.860299535637601309e+00
9.905395724369733216e+03,3.860299509772212811e+00
9.905395745699412146e+03,3.860299483908967044e+00
9.905395767029092895e+03,3.860299458047860455e+00
9.905395788358771824e+03,3.860299432188899704e+00
9.905395809688450754e+03,3.860299406332080352e+00
9.905395831018129684e+03,3.860299380477403286e+00
9.905395852347808614e+03,3.860299354624868950e+00
9.905395873677487543e+03,3.860299328774477789e+00
9.905395895007168292e+03,3.860299302926227138e+00
9.905395916336847222e+03,3.860299277080120550e+00
9.905395937666526152e+03,3.860299251236157581e+00
9.905395958996205081e+03,3.860299225394337341e+00
9.905395980325884011e+03,3.860299199554659833e+00
9.905396001655564760e+03,3.860299173717123722e+00
9.905396022985243690e+03,3.860299147881733006e+00
9.905396044314922619e+03,3.860299122048484577e+00
9.905396065644601549e+03,3.860299096217380210e+00
9.905396086974280479e+03,3.860299070388419462e+00
9.905396108303959409e+03,3.860299044561601889e+00
9.905396129633640157e+03,3.860299018736925714e+00
9.905396150963319087e+03,3.860298992914395377e+00
9.905396172292998017e+03,3.860298967094008216e+00
9.905396193622676947e+03,3.860298941275766005e+00
9.905396214952355876e+03,3.860298915459666524e+00
9.905396236282036625e+03,3.860298889645709774e+00
9.905396257611715555e+03,3.860298863833898420e+00
9.905396278941394485e+03,3.860298838024231571e+00
9.905396300271073414e+03,3.860298812216709230e+00
9.905396321600752344e+03,3.860298786411330951e+00
9.905396342930431274e+03,3.860298760608096735e+00
9.905396364260112023e+03,3.860298734807004806e+00
9.905396385589790953e+03,3.860298709008059603e+00
9.905396406919469882e+03,3.860298683211259352e+00
9.905396428249148812e+03,3.860298657416603163e+00
9.905396449578827742e+03,3.860298631624092813e+00
9.905396470908508491e+03,3.860298605833724306e+00
9.905396492238187420e+03,3.860298580045502970e+00
9.905396513567866350e+03,3.860298554259426584e+00
9.905396534897545280e+03,3.860298528475495150e+00
9.905396556227224210e+03,3.860298502693709111e+00
9.905396577556904958e+03,3.860298476914065802e+00
9.905396598886583888e+03,3.860298451136570108e+00
9.905396620216262818e+03,3.860298425361220254e+00
9.905396641545941748e+03,3.860298399588014906e+00
9.905396662875620677e+03,3.860298373816955841e+00
9.905396684205299607e+03,3.860298348048042616e+00
9.905396705534980356e+03,3.860298322281272565e+00
9.905396726864659286e+03,3.860298296516650574e+00
9.905396748194338215e+03,3.860298270754173533e+00
9.905396769524017145e+03,3.860298244993843220e+00
9.905396790853696075e+03,3.860298219235658745e+00
9.905396812183376824e+03,3.860298193479617890e+00
9.905396833513055753e+03,3.860298167725726426e+00
9.905396854842734683e+03,3.860298141973980801e+00
9.905396876172413613e+03,3.860298116224381459e+00
9.905396897502092543e+03,3.860298090476927513e+00
9.905396918831771472e+03,3.860298064731621626e+00
9.905396940161452221e+03,3.860298038988459357e+00
9.905396961491131151e+03,3.860298013247445592e+00
9.905396982820810081e+03,3.860297987508578554e+00
9.905397004150489010e+03,3.860297961771859132e+00
9.905397025480167940e+03,3.860297936037286437e+00
9.905397046809848689e+03,3.860297910304857805e+00
9.905397068139527619e+03,3.860297884574579008e+00
9.905397089469206549e+03,3.860297858846446495e+00
9.905397110798885478e+03,3.860297833120461597e+00
9.905397132128564408e+03,3.860297807396624314e+00
9.905397153458243338e+03,3.860297781674934647e+00
9.905397174787924087e+03,3.860297755955389931e+00
9.905397196117603016e+03,3.860297730237994607e+00
9.905397217447281946e+03,3.860297704522746898e+00
9.905397238776960876e+03,3.860297678809646804e+00
9.905397260106639806e+03,3.860297653098694326e+00
9.905397281436320554e+03,3.860297627389888575e+00
9.905397302765999484e+03,3.860297601683232216e+00
9.905397324095678414e+03,3.860297575978723472e+00
9.905397345425357344e+03,3.860297550276363232e+00
9.905397366755036273e+03,3.860297524576150607e+00
9.905397388084717022e+03,3.860297498878084266e+00
9.905397409414395952e+03,3.860297473182168648e+00
9.905397430744074882e+03,3.860297447488401978e+00
9.905397452073753811e+03,3.860297421796782924e+00
9.905397473403432741e+03,3.860297396107311929e+00
9.905397494733111671e+03,3.860297370419990326e+00
9.905397516062792420e+03,3.860297344734815450e+00
9.905397537392471349e+03,3.860297319051790854e+00
9.905397558722150279e+03,3.860297293370915206e+00
9.905397580051829209e+03,3.860297267692189394e+00
9.905397601381508139e+03,3.860297242015611197e+00
9.905397622711188887e+03,3.860297216341181059e+00
9.905397644040867817e+03,3.860297190668901646e+00
9.905397665370546747e+03,3.860297164998771624e+00
9.905397686700225677e+03,3.860297139330790550e+00
9.905397708029904607e+03,3.860297113664958868e+00
9.905397729359583536e+03,3.860297088001277466e+00
9.905397750689264285e+03,3.860297062339742791e+00
9.905397772018943215e+03,3.860297036680360172e+00
9.905397793348622145e+03,3.860297011023127389e+00
9.905397814678301074e+03,3.860296985368044442e+00
9.905397836007980004e+03,3.860296959715111331e+00
9.905397857337660753e+03,3.860296934064325836e+00
9.905397878667339683e+03,3.860296908415691508e+00
9.905397899997018612e+03,3.860296882769209237e+00
9.905397921326697542e+03,3.860296857124875913e+00
9.905397942656376472e+03,3.860296831482692870e+00
9.905397963986055402e+03,3.860296805842660994e+00
9.905397985315736150e+03,3.860296780204776290e+00
9.905398006645415080e+03,3.860296754569044531e+00
9.905398027975094010e+03,3.860296728935464383e+00
9.905398049304772940e+03,3.860296703304033628e+00
9.905398070634451869e+03,3.860296677674754484e+00
9.905398091964132618e+03,3.860296652047622956e+00
9.905398113293811548e+03,3.860296626422644817e+00
9.905398134623490478e+03,3.860296600799818290e+00
9.905398155953169407e+03,3.860296575179142931e+00
9.905398177282848337e+03,3.860296549560617851e+00
9.905398198612527267e+03,3.860296523944244385e+00
9.905398219942208016e+03,3.860296498330019865e+00
9.905398241271886945e+03,3.860296472717949179e+00
9.905398262601565875e+03,3.860296447108029660e+00
9.905398283931244805e+03,3.860296421500261754e+00
9.905398305260923735e+03,3.860296395894645460e+00
9.905398326590604483e+03,3.860296370291178558e+00
9.905398347920283413e+03,3.860296344689865933e+00
9.905398369249962343e+03,3.860296319090704920e+00
9.905398390579641273e+03,3.860296293493695963e+00
9.905398411909320203e+03,3.860296267898839062e+00
9.905398433239000951e+03,3.860296242306131553e+00
9.905398454568679881e+03,3.860296216715578321e+00
9.905398475898358811e+03,3.860296191127178034e+00
9.905398497228037741e+03,3.860296165540928914e+00
9.905398518557716670e+03,3.860296139956833184e+00
9.905398539887395600e+03,3.860296114374889953e+00
9.905398561217076349e+03,3.860296088795096114e+00
9.905398582546755279e+03,3.860296063217457885e+00
9.905398603876434208e+03,3.860296037641971711e+00
9.905398625206113138e+03,3.860296012068638927e+00
9.905398646535792068e+03,3.860295986497459086e+00
9.905398667865472817e+03,3.860295960928429082e+00
9.905398689195151746e+03,3.860295935361555575e+00
9.905398710524830676e+03,3.860295909796834568e+00
9.905398731854509606e+03,3.860295884234266506e+00
9.905398753184188536e+03,3.860295858673851388e+00
9.905398774513867465e+03,3.860295833115590103e+00
9.905398795843548214e+03,3.860295807559480430e+00
9.905398817173227144e+03,3.860295782005525478e+00
9.905398838502906074e+03,3.860295756453724803e+00
9.905398859832585003e+03,3.860295730904077516e+00
9.905398881162263933e+03,3.860295705356583618e+00
9.905398902491944682e+03,3.860295679811241332e+00
9.905398923821623612e+03,3.860295654268055543e+00
9.905398945151302541e+03,3.860295628727023587e+00
9.905398966480981471e+03,3.860295603188145463e+00
9.905398987810660401e+03,3.860295577651422061e+00
9.905399009140339331e+03,3.860295552116852047e+00
9.905399030470020080e+03,3.860295526584434089e+00
9.905399051799699009e+03,3.860295501054173961e+00
9.905399073129377939e+03,3.860295475526066333e+00
9.905399094459056869e+03,3.860295450000114759e+00
9.905399115788735799e+03,3.860295424476317017e+00
9.905399137118416547e+03,3.860295398954671331e+00
9.905399158448095477e+03,3.860295373435183475e+00
9.905399179777774407e+03,3.860295347917850339e+00
9.905399201107453337e+03,3.860295322402671925e+00
9.905399222437132266e+03,3.860295296889648231e+00
9.905399243766813015e+03,3.860295271378777482e+00
9.905399265096491945e+03,3.860295245870063674e+00
9.905399286426170875e+03,3.860295220363505031e+00
9.905399307755849804e+03,3.860295194859102441e+00
9.905399329085528734e+03,3.860295169356854572e+00
9.905399350415207664e+03,3.860295143856762756e+00
9.905399371744888413e+03,3.860295118358823441e+00
9.905399393074567342e+03,3.860295092863042843e+00
9.905399414404246272e+03,3.860295067369417410e+00
9.905399435733925202e+03,3.860295041877947142e+00
9.905399457063604132e+03,3.860295016388633371e+00
9.905399478393284880e+03,3.860294990901473877e+00
9.905399499722963810e+03,3.860294965416471324e+00
9.905399521052642740e+03,3.860294939933625269e+00
9.905399542382321670e+03,3.860294914452936155e+00
9.905399563712000599e+03,3.860294888974402205e+00
9.905399585041679529e+03,3.860294863498025197e+00
9.905399606371360278e+03,3.860294838023802022e+00
9.905399627701039208e+03,3.860294812551737120e+00
9.905399649030718138e+03,3.860294787081829604e+00
9.905399670360397067e+03,3.860294761614078141e+00
9.905399691690075997e+03,3.860294736148483175e+00
9.905399713019756746e+03,3.860294710685043373e+00
9.905399734349435676e+03,3.860294685223761846e+00
9.905399755679114605e+03,3.860294659764637704e+00
9.905399777008793535e+03,3.860294634307670503e+00
9.905399798338472465e+03,3.860294608852860243e+00
9.905399819668151395e+03,3.860294583400207369e+00
9.905399840997832143e+03,3.860294557949709660e+00
9.905399862327511073e+03,3.860294532501371556e+00
9.905399883657190003e+03,3.860294507055189950e+00
9.905399904986868933e+03,3.860294481611166173e+00
9.905399926316547862e+03,3.860294456169300226e+00
9.905399947646228611e+03,3.860294430729589443e+00
9.905399968975907541e+03,3.860294405292039155e+00
9.905399990305586471e+03,3.860294379856645364e+00
9.905400011635265400e+03,3.860294354423411178e+00
9.905400032964944330e+03,3.860294328992333934e+00
9.905400054294623260e+03,3.860294303563414076e+00
9.905400075624304009e+03,3.860294278136651158e+00
9.905400096953982938e+03,3.860294252712047847e+00
9.905400118283661868e+03,3.860294227289603697e+00
9.905400139613340798e+03,3.860294201869316932e+00
9.905400160943019728e+03,3.860294176451189330e+00
9.905400182272700476e+03,3.860294151035217336e+00
9.905400203602379406e+03,3.860294125621405836e+00
9.905400224932058336e+03,3.860294100209753942e+00
9.905400246261737266e+03,3.860294074800260322e+00
9.905400267591416196e+03,3.860294049392925420e+00
9.905400288921096944e+03,3.860294023987747014e+00
9.905400310250775874e+03,3.860293998584729991e+00
9.905400331580454804e+03,3.860293973183871685e+00
9.905400352910133734e+03,3.860293947785172541e+00
9.905400374239812663e+03,3.860293922388632559e+00
9.905400395569491593e+03,3.860293896994252183e+00
9.905400416899172342e+03,3.860293871602028748e+00
9.905400438228851272e+03,3.860293846211966695e+00
9.905400459558530201e+03,3.860293820824065136e+00
9.905400480888209131e+03,3.860293795438322295e+00
9.905400502217888061e+03,3.860293770054738616e+00
9.905400523547568810e+03,3.860293744673312766e+00
9.905400544877247739e+03,3.860293719294049186e+00
9.905400566206926669e+03,3.860293693916945212e+00
9.905400587536605599e+03,3.860293668542001289e+00
9.905400608866284529e+03,3.860293643169217415e+00
9.905400630195963458e+03,3.860293617798594479e+00
9.905400651525644207e+03,3.860293592430128928e+00
9.905400672855323137e+03,3.860293567063824760e+00
9.905400694185002067e+03,3.860293541699682418e+00
9.905400715514680996e+03,3.860293516337700126e+00
9.905400736844359926e+03,3.860293490977877440e+00
9.905400758174040675e+03,3.860293465620214359e+00
9.905400779503719605e+03,3.860293440264713549e+00
9.905400800833398534e+03,3.860293414911373233e+00
9.905400822163077464e+03,3.860293389560193411e+00
9.905400843492756394e+03,3.860293364211174971e+00
9.905400864822435324e+03,3.860293338864318358e+00
9.905400886152116072e+03,3.860293313519619129e+00
9.905400907481795002e+03,3.860293288177083948e+00
9.905400928811473932e+03,3.860293262836709705e+00
9.905400950141152862e+03,3.860293237498497287e+00
9.905400971470831792e+03,3.860293212162445808e+00
9.905400992800512540e+03,3.860293186828553935e+00
9.905401014130191470e+03,3.860293161496824776e+00
9.905401035459870400e+03,3.860293136167257888e+00
9.905401056789549330e+03,3.860293110839852826e+00
9.905401078119228259e+03,3.860293085514608702e+00
9.905401099448909008e+03,3.860293060191525072e+00
9.905401120778587938e+03,3.860293034870605045e+00
9.905401142108266868e+03,3.860293009551846843e+00
9.905401163437945797e+03,3.860292984235251357e+00
9.905401184767624727e+03,3.860292958920817696e+00
9.905401206097303657e+03,3.860292933608546306e+00
9.905401227426984406e+03,3.860292908298434522e+00
9.905401248756663335e+03,3.860292882990487229e+00
9.905401270086342265e+03,3.860292857684703094e+00
9.905401291416021195e+03,3.860292832381080785e+00
9.905401312745700125e+03,3.860292807079622079e+00
9.905401334075380873e+03,3.860292781780322979e+00
9.905401355405059803e+03,3.860292756483189258e+00
9.905401376734738733e+03,3.860292731188217807e+00
9.905401398064417663e+03,3.860292705895409071e+00
9.905401419394096592e+03,3.860292680604763493e+00
9.905401440723775522e+03,3.860292655316281518e+00
9.905401462053456271e+03,3.860292630029960481e+00
9.905401483383135201e+03,3.860292604745804379e+00
9.905401504712814130e+03,3.860292579463811435e+00
9.905401526042493060e+03,3.860292554183982094e+00
9.905401547372171990e+03,3.860292528906317244e+00
9.905401568701852739e+03,3.860292503630812000e+00
9.905401590031531669e+03,3.860292478357473911e+00
9.905401611361210598e+03,3.860292453086298980e+00
9.905401632690889528e+03,3.860292427817287209e+00
9.905401654020568458e+03,3.860292402550439927e+00
9.905401675350247388e+03,3.860292377285756249e+00
9.905401696679928136e+03,3.860292352023234841e+00
9.905401718009607066e+03,3.860292326762878812e+00
9.905401739339285996e+03,3.860292301504687273e+00
9.905401760668964926e+03,3.860292276248660670e+00
9.905401781998643855e+03,3.860292250994797225e+00
9.905401803328324604e+03,3.860292225743096939e+00
9.905401824658003534e+03,3.860292200493562920e+00
9.905401845987682464e+03,3.860292175246192947e+00
9.905401867317361393e+03,3.860292150000987910e+00
9.905401888647040323e+03,3.860292124757947363e+00
9.905401909976719253e+03,3.860292099517072195e+00
9.905401931306400002e+03,3.860292074278358854e+00
9.905401952636078931e+03,3.860292049041814000e+00
9.905401973965757861e+03,3.860292023807432749e+00
9.905401995295436791e+03,3.860291998575216876e+00
9.905402016625115721e+03,3.860291973345165939e+00
9.905402037954796469e+03,3.860291948117278604e+00
9.905402059284475399e+03,3.860291922891558869e+00
9.905402080614154329e+03,3.860291897668004069e+00
9.905402101943833259e+03,3.860291872446614647e+00
9.905402123273512188e+03,3.860291847227391049e+00
9.905402144603192937e+03,3.860291822010331053e+00
9.905402165932871867e+03,3.860291796795438657e+00
9.905402187262550797e+03,3.860291771582712084e+00
9.905402208592229726e+03,3.860291746372150445e+00
9.905402229921908656e+03,3.860291721163755962e+00
9.905402251251587586e+03,3.860291695957527303e+00
9.905402272581268335e+03,3.860291670753461801e+00
9.905402293910947265e+03,3.860291645551565232e+00
9.905402315240626194e+03,3.860291620351834485e+00
9.905402336570305124e+03,3.860291595154270450e+00
9.905402357899984054e+03,3.860291569958872238e+00
9.905402379229664803e+03,3.860291544765638516e+00
9.905402400559343732e+03,3.860291519574574171e+00
9.905402421889022662e+03,3.860291494385675648e+00
9.905402443218701592e+03,3.860291469198944281e+00
9.905402464548380522e+03,3.860291444014379625e+00
9.905402485878059451e+03,3.860291418831981680e+00
9.905402507207740200e+03,3.860291393651747782e+00
9.905402528537419130e+03,3.860291368473684148e+00
9.905402549867098060e+03,3.860291343297786781e+00
9.905402571196776989e+03,3.860291318124057014e+00
9.905402592526455919e+03,3.860291292952494846e+00
9.905402613856136668e+03,3.860291267783096725e+00
9.905402635185815598e+03,3.860291242615869312e+00
9.905402656515494527e+03,3.860291217450808166e+00
9.905402677845173457e+03,3.860291192287915063e+00
9.905402699174852387e+03,3.860291167127189560e+00
9.905402720504531317e+03,3.860291141968632544e+00
9.905402741834212065e+03,3.860291116812240020e+00
9.905402763163890995e+03,3.860291091658018203e+00
9.905402784493569925e+03,3.860291066505964430e+00
9.905402805823248855e+03,3.860291041356078257e+00
9.905402827152927784e+03,3.860291016208359682e+00
9.905402848482608533e+03,3.860290991062807819e+00
9.905402869812287463e+03,3.860290965919426220e+00
9.905402891141966393e+03,3.860290940778212221e+00
9.905402912471645323e+03,3.860290915639168041e+00
9.905402933801324252e+03,3.860290890502291017e+00
9.905402955131005001e+03,3.860290865367581148e+00
9.905402976460683931e+03,3.860290840235041543e+00
9.905402997790362861e+03,3.860290815104671314e+00
9.905403019120041790e+03,3.860290789976468240e+00
9.905403040449720720e+03,3.860290764850434986e+00
9.905403061779399650e+03,3.860290739726571108e+00
9.905403083109080399e+03,3.860290714604874385e+00
9.905403104438759328e+03,3.860290689485348370e+00
9.905403125768438258e+03,3.860290664367990843e+00
9.905403147098117188e+03,3.860290639252802691e+00
9.905403168427796118e+03,3.860290614139784804e+00
9.905403189757476866e+03,3.860290589028933184e+00
9.905403211087155796e+03,3.860290563920254048e+00
9.905403232416834726e+03,3.860290538813743844e+00
9.905403253746513656e+03,3.860290513709403459e+00
9.905403275076192585e+03,3.860290488607232451e+00
9.905403296405871515e+03,3.860290463507231262e+00
9.905403317735552264e+03,3.860290438409398117e+00
9.905403339065231194e+03,3.860290413313736124e+00
9.905403360394910123e+03,3.860290388220245728e+00
9.905403381724589053e+03,3.860290363128924263e+00
9.905403403054267983e+03,3.860290338039773061e+00
9.905403424383948732e+03,3.860290312952789904e+00
9.905403445713627661e+03,3.860290287867979231e+00
9.905403467043306591e+03,3.860290262785339710e+00
9.905403488372985521e+03,3.860290237704869565e+00
9.905403509702664451e+03,3.860290212626570572e+00
9.905403531032343381e+03,3.860290187550441843e+00
9.905403552362024129e+03,3.860290162476481601e+00
9.905403573691703059e+03,3.860290137404695177e+00
9.905403595021381989e+03,3.860290112335078572e+00
9.905403616351060919e+03,3.860290087267633563e+00
9.905403637680739848e+03,3.860290062202358374e+00
9.905403659010420597e+03,3.860290037139253894e+00
9.905403680340099527e+03,3.860290012078321009e+00
9.905403701669778457e+03,3.860289987019560165e+00
9.905403722999457386e+03,3.860289961962970473e+00
9.905403744329136316e+03,3.860289936908552821e+00
9.905403765658815246e+03,3.860289911856305434e+00
9.905403786988495995e+03,3.860289886806228310e+00
9.905403808318174924e+03,3.860289861758324559e+00
9.905403829647853854e+03,3.860289836712592848e+00
9.905403850977532784e+03,3.860289811669032289e+00
9.905403872307211714e+03,3.860289786627643771e+00
9.905403893636892462e+03,3.860289761588425517e+00
9.905403914966571392e+03,3.860289736551381079e+00
9.905403936296250322e+03,3.860289711516508238e+00
9.905403957625929252e+03,3.860289686483808325e+00
9.905403978955608181e+03,3.860289661453280452e+00
9.905404000285288930e+03,3.860289636424921955e+00
9.905404021614967860e+03,3.860289611398739051e+00
9.905404042944646790e+03,3.860289586374727744e+00
9.905404064274325719e+03,3.860289561352889365e+00
9.905404085604004649e+03,3.860289536333223914e+00
9.905404106933683579e+03,3.860289511315730504e+00
9.905404128263364328e+03,3.860289486300408246e+00
9.905404149593043257e+03,3.860289461287261137e+00
9.905404170922722187e+03,3.860289436276286068e+00
9.905404192252401117e+03,3.860289411267484372e+00
9.905404213582080047e+03,3.860289386260856048e+00
9.905404234911760796e+03,3.860289361256398433e+00
9.905404256241439725e+03,3.860289336254116410e+00
9.905404277571118655e+03,3.860289311254006872e+00
9.905404298900797585e+03,3.860289286256072483e+00
9.905404320230476515e+03,3.860289261260309246e+00
9.905404341560155444e+03,3.860289236266721158e+00
9.905404362889836193e+03,3.860289211275304222e+00
9.905404384219515123e+03,3.860289186286063323e+00
9.905404405549194053e+03,3.860289161298994909e+00
9.905404426878872982e+03,3.860289136314101643e+00
9.905404448208551912e+03,3.860289111331381751e+00
9.905404469538232661e+03,3.860289086350833454e+00
9.905404490867911591e+03,3.860289061372462083e+00
9.905404512197590520e+03,3.860289036396264972e+00
9.905404533527269450e+03,3.860289011422241234e+00
9.905404554856948380e+03,3.860288986450391313e+00
9.905404576186627310e+03,3.860288961480716985e+00
9.905404597516308058e+03,3.860288936513214697e+00
9.905404618845986988e+03,3.860288911547889334e+00
9.905404640175665918e+03,3.860288886584737789e+00
9.905404661505344848e+03,3.860288861623761392e+00
9.905404682835023777e+03,3.860288836664959700e+00
9.905404704164704526e+03,3.860288811708330492e+00
9.905404725494383456e+03,3.860288786753877766e+00
9.905404746824062386e+03,3.860288761801601520e+00
9.905404768153741315e+03,3.860288736851498648e+00
9.905404789483420245e+03,3.860288711903572256e+00
9.905404810813100994e+03,3.860288686957818349e+00
9.905404832142779924e+03,3.860288662014241812e+00
9.905404853472458854e+03,3.860288637072840423e+00
9.905404874802137783e+03,3.860288612133614627e+00
9.905404896131816713e+03,3.860288587196565313e+00
9.905404917461495643e+03,3.860288562261690259e+00
9.905404938791176392e+03,3.860288537328989467e+00
9.905404960120855321e+03,3.860288512398466043e+00
9.905404981450534251e+03,3.860288487470119101e+00
9.905405002780213181e+03,3.860288462543947308e+00
9.905405024109892111e+03,3.860288437619952440e+00
9.905405045439572859e+03,3.860288412698130500e+00
9.905405066769251789e+03,3.860288387778487706e+00
9.905405088098930719e+03,3.860288362861020062e+00
9.905405109428609649e+03,3.860288337945729342e+00
9.905405130758288578e+03,3.860288313032615104e+00
9.905405152087967508e+03,3.860288288121676903e+00
9.905405173417648257e+03,3.860288263212913407e+00
9.905405194747327187e+03,3.860288238306327724e+00
9.905405216077006116e+03,3.860288213401920299e+00
9.905405237406685046e+03,3.860288188499688022e+00
9.905405258736363976e+03,3.860288163599634004e+00
9.905405280066044725e+03,3.860288138701753358e+00
9.905405301395723654e+03,3.860288113806052301e+00
9.905405322725402584e+03,3.860288088912528615e+00
9.905405344055081514e+03,3.860288064021181853e+00
9.905405365384760444e+03,3.860288039132012017e+00
9.905405386714439373e+03,3.860288014245019550e+00
9.905405408044120122e+03,3.860287989360203564e+00
9.905405429373799052e+03,3.860287964477564948e+00
9.905405450703477982e+03,3.860287939597105478e+00
9.905405472033156911e+03,3.860287914718823377e+00
9.905405493362835841e+03,3.860287889842718201e+00
9.905405514692516590e+03,3.860287864968789062e+00
9.905405536022195520e+03,3.860287840097039513e+00
9.905405557351874450e+03,3.860287815227468222e+00
9.905405578681553379e+03,3.860287790360074744e+00
9.905405600011232309e+03,3.860287765494859524e+00
9.905405621340911239e+03,3.860287740631821674e+00
9.905405642670591988e+03,3.860287715770960748e+00
9.905405664000270917e+03,3.860287690912279857e+00
9.905405685329949847e+03,3.860287666055777223e+00
9.905405706659628777e+03,3.860287641201452402e+00
9.905405727989307707e+03,3.860287616349307172e+00
9.905405749318988455e+03,3.860287591499337534e+00
9.905405770648667385e+03,3.860287566651549263e+00
9.905405791978346315e+03,3.860287541805939693e+00
9.905405813308025245e+03,3.860287516962508825e+00
9.905405834637704174e+03,3.860287492121256214e+00
9.905405855967384923e+03,3.860287467282181417e+00
9.905405877297063853e+03,3.860287442445287098e+00
9.905405898626742783e+03,3.860287417610571481e+00
9.905405919956421712e+03,3.860287392778035898e+00
9.905405941286100642e+03,3.860287367947678572e+00
9.905405962615779572e+03,3.860287343119501280e+00
9.905405983945460321e+03,3.860287318293501357e+00
9.905406005275139250e+03,3.860287293469683245e+00
9.905406026604818180e+03,3.860287268648044279e+00
9.905406047934497110e+03,3.860287243828584902e+00
9.905406069264176040e+03,3.860287219011305115e+00
9.905406090593856788e+03,3.860287194196203142e+00
9.905406111923535718e+03,3.860287169383283423e+00
9.905406133253214648e+03,3.860287144572542850e+00
9.905406154582893578e+03,3.860287119763983643e+00
9.905406175912572508e+03,3.860287094957603138e+00
9.905406197242251437e+03,3.860287070153403999e+00
9.905406218571932186e+03,3.860287045351381785e+00
9.905406239901611116e+03,3.860287020551542714e+00
9.905406261231290046e+03,3.860286995753883676e+00
9.905406282560968975e+03,3.860286970958404673e+00
9.905406303890647905e+03,3.860286946165107480e+00
9.905406325220328654e+03,3.860286921373988100e+00
9.905406346550007584e+03,3.860286896585050975e+00
9.905406367879686513e+03,3.860286871798295216e+00
9.905406389209365443e+03,3.860286847013720823e+00
9.905406410539044373e+03,3.860286822231326020e+00
9.905406431868723303e+03,3.860286797451113472e+00
9.905406453198404051e+03,3.860286772673079181e+00
9.905406474528082981e+03,3.860286747897228476e+00
9.905406495857761911e+03,3.860286723123558694e+00
9.905406517187440841e+03,3.860286698352069834e+00
9.905406538517119770e+03,3.860286673582763672e+00
9.905406559846800519e+03,3.860286648815635324e+00
9.905406581176479449e+03,3.860286624050691451e+00
9.905406602506158379e+03,3.860286599287929388e+00
9.905406623835837308e+03,3.860286574527348691e+00
9.905406645165516238e+03,3.860286549768949360e+00
9.905406666495196987e+03,3.860286525012730063e+00
9.905406687824875917e+03,3.860286500258694353e+00
9.905406709154554846e+03,3.860286475506841786e+00
9.905406730484233776e+03,3.860286450757170584e+00
9.905406751813912706e+03,3.860286426009681637e+00
9.905406773143591636e+03,3.860286401264374501e+00
9.905406794473272384e+03,3.860286376521247398e+00
9.905406815802951314e+03,3.860286351780305214e+00
9.905406837132630244e+03,3.860286327041546173e+00
9.905406858462309174e+03,3.860286302304968054e+00
9.905406879791988104e+03,3.860286277570573521e+00
9.905406901121668852e+03,3.860286252838359466e+00
9.905406922451347782e+03,3.860286228108329887e+00
9.905406943781026712e+03,3.860286203380483450e+00
9.905406965110705642e+03,3.860286178654819711e+00
9.905406986440384571e+03,3.860286153931339559e+00
9.905407007770063501e+03,3.860286129210041661e+00
9.905407029099744250e+03,3.860286104490925130e+00
9.905407050429423180e+03,3.860286079773993517e+00
9.905407071759102109e+03,3.860286055059245047e+00
