Time (BJD_TBD - 2450000), F_star + F_c (mJy)
9.917309675925876945e+03,3.860613754918736262e+00
9.917309697571559809e+03,3.860613712919362950e+00
9.917309719217242673e+03,3.860613670921204221e+00
9.917309740862925537e+03,3.860613628924260521e+00
9.917309762508608401e+03,3.860613586928532737e+00
9.917309784154293084e+03,3.860613544934016872e+00
9.917309805799975948e+03,3.860613502940719588e+00
9.917309827445658811e+03,3.860613460948638664e+00
9.917309849091341675e+03,3.860613418957773213e+00
9.917309870737024539e+03,3.860613376968125010e+00
9.917309892382707403e+03,3.860613334979691835e+00
9.917309914028390267e+03,3.860613292992476353e+00
9.917309935674073131e+03,3.860613251006475899e+00
9.917309957319757814e+03,3.860613209021689141e+00
9.917309978965440678e+03,3.860613167038122739e+00
9.917310000611123542e+03,3.860613125055772699e+00
9.917310022256806405e+03,3.860613083074639906e+00
9.917310043902489269e+03,3.860613041094725251e+00
9.917310065548172133e+03,3.860612999116026955e+00
9.917310087193854997e+03,3.860612957138546353e+00
9.917310108839537861e+03,3.860612915162282555e+00
9.917310130485222544e+03,3.860612873187233784e+00
9.917310152130905408e+03,3.860612831213406260e+00
9.917310173776588272e+03,3.860612789240796872e+00
9.917310195422271136e+03,3.860612747269404288e+00
9.917310217067954000e+03,3.860612705299231617e+00
9.917310238713636863e+03,3.860612663330276195e+00
9.917310260359319727e+03,3.860612621362539354e+00
9.917310282005002591e+03,3.860612579396021538e+00
9.917310303650687274e+03,3.860612537430718749e+00
9.917310325296370138e+03,3.860612495466637650e+00
9.917310346942053002e+03,3.860612453503776464e+00
9.917310368587735866e+03,3.860612411542134748e+00
9.917310390233418730e+03,3.860612369581711167e+00
9.917310411879101594e+03,3.860612327622507944e+00
9.917310433524784457e+03,3.860612285664523302e+00
9.917310455170467321e+03,3.860612243707758573e+00
9.917310476816152004e+03,3.860612201752210204e+00
9.917310498461834868e+03,3.860612159797885745e+00
9.917310520107517732e+03,3.860612117844781199e+00
9.917310541753200596e+03,3.860612075892897010e+00
9.917310563398883460e+03,3.860612033942232735e+00
9.917310585044566324e+03,3.860611991992788372e+00
9.917310606690249188e+03,3.860611950044566143e+00
9.917310628335932051e+03,3.860611908097563383e+00
9.917310649981616734e+03,3.860611866151778315e+00
9.917310671627299598e+03,3.860611824207217602e+00
9.917310693272982462e+03,3.860611782263878133e+00
9.917310714918665326e+03,3.860611740321759910e+00
9.917310736564348190e+03,3.860611698380863377e+00
9.917310758210031054e+03,3.860611656441188089e+00
9.917310779855713918e+03,3.860611614502734046e+00
9.917310801501396782e+03,3.860611572565502581e+00
9.917310823147079645e+03,3.860611530629492361e+00
9.917310844792764328e+03,3.860611488694701166e+00
9.917310866438447192e+03,3.860611446761135213e+00
9.917310888084130056e+03,3.860611404828791837e+00
9.917310909729812920e+03,3.860611362897670595e+00
9.917310931375495784e+03,3.860611320967771931e+00
9.917310953021178648e+03,3.860611279039096289e+00
9.917310974666861512e+03,3.860611237111643668e+00
9.917310996312544376e+03,3.860611195185413180e+00
9.917311017958229058e+03,3.860611153260403494e+00
9.917311039603911922e+03,3.860611111336619050e+00
9.917311061249594786e+03,3.860611069414058960e+00
9.917311082895277650e+03,3.860611027492722780e+00
9.917311104540960514e+03,3.860610985572610065e+00
9.917311126186643378e+03,3.860610943653719929e+00
9.917311147832326242e+03,3.860610901736055034e+00
9.917311169478009106e+03,3.860610859819613605e+00
9.917311191123693789e+03,3.860610817904392089e+00
9.917311212769376652e+03,3.860610775990399812e+00
9.917311234415059516e+03,3.860610734077631001e+00
9.917311256060742380e+03,3.860610692166087432e+00
9.917311277706425244e+03,3.860610650255767773e+00
9.917311299352108108e+03,3.860610608346672912e+00
9.917311320997790972e+03,3.860610566438804181e+00
9.917311342643473836e+03,3.860610524532158916e+00
9.917311364289158519e+03,3.860610482626736228e+00
9.917311385934841383e+03,3.860610440722542780e+00
9.917311407580524246e+03,3.860610398819574129e+00
9.917311429226207110e+03,3.860610356917831609e+00
9.917311450871889974e+03,3.860610315017314331e+00
9.917311472517572838e+03,3.860610273118023628e+00
9.917311494163255702e+03,3.860610231219958166e+00
9.917311515808938566e+03,3.860610189323118835e+00
9.917311537454623249e+03,3.860610147427502525e+00
9.917311559100306113e+03,3.860610105533115899e+00
9.917311580745988977e+03,3.860610063639956291e+00
9.917311602391671840e+03,3.860610021748023701e+00
9.917311624037354704e+03,3.860609979857317242e+00
9.917311645683037568e+03,3.860609937967837801e+00
9.917311667328720432e+03,3.860609896079585823e+00
9.917311688974403296e+03,3.860609854192560420e+00
9.917311710620087979e+03,3.860609812306758926e+00
9.917311732265770843e+03,3.860609770422188447e+00
9.917311753911453707e+03,3.860609728538846319e+00
9.917311775557136571e+03,3.860609686656730322e+00
9.917311797202819434e+03,3.860609644775844007e+00
9.917311818848502298e+03,3.860609602896184711e+00
9.917311840494185162e+03,3.860609561017753766e+00
9.917311862139868026e+03,3.860609519140551171e+00
9.917311883785550890e+03,3.860609477264576483e+00
9.917311905431235573e+03,3.860609435389827038e+00
9.917311927076918437e+03,3.860609393516309940e+00
9.917311948722601301e+03,3.860609351644021192e+00
9.917311970368284165e+03,3.860609309772961684e+00
9.917311992013967028e+03,3.860609267903130970e+00
9.917312013659649892e+03,3.860609226034529495e+00
9.917312035305332756e+03,3.860609184167158148e+00
9.917312056951015620e+03,3.860609142301015595e+00
9.917312078596700303e+03,3.860609100436099173e+00
9.917312100242383167e+03,3.860609058572415986e+00
9.917312121888066031e+03,3.860609016709962038e+00
9.917312143533748895e+03,3.860608974848738661e+00
9.917312165179431759e+03,3.860608932988745412e+00
9.917312186825114622e+03,3.860608891129981846e+00
9.917312208470797486e+03,3.860608849272449294e+00
9.917312230116480350e+03,3.860608807416146870e+00
9.917312251762165033e+03,3.860608765561071909e+00
9.917312273407847897e+03,3.860608723707231071e+00
9.917312295053530761e+03,3.860608681854621249e+00
9.917312316699213625e+03,3.860608640003242886e+00
9.917312338344896489e+03,3.860608598153094650e+00
9.917312359990579353e+03,3.860608556304177874e+00
9.917312381636262216e+03,3.860608514456493001e+00
9.917312403281945080e+03,3.860608472610039588e+00
9.917312424927629763e+03,3.860608430764814525e+00
9.917312446573312627e+03,3.860608388920824030e+00
9.917312468218995491e+03,3.860608347078066771e+00
9.917312489864678355e+03,3.860608305236540083e+00
9.917312511510361219e+03,3.860608263396246187e+00
9.917312533156044083e+03,3.860608221557184638e+00
9.917312554801726947e+03,3.860608179719355881e+00
9.917312576447409810e+03,3.860608137882759472e+00
9.917312598093094493e+03,3.860608096047392301e+00
9.917312619738777357e+03,3.860608054213262363e+00
9.917312641384460221e+03,3.860608012380364329e+00
9.917312663030143085e+03,3.860607970548699974e+00
9.917312684675825949e+03,3.860607928718268855e+00
9.917312706321508813e+03,3.860607886889070528e+00
9.917312727967191677e+03,3.860607845061106325e+00
9.917312749612874541e+03,3.860607803234375801e+00
9.917312771258559223e+03,3.860607761408875849e+00
9.917312792904242087e+03,3.860607719584612685e+00
9.917312814549924951e+03,3.860607677761583645e+00
9.917312836195607815e+03,3.860607635939789173e+00
9.917312857841290679e+03,3.860607594119228825e+00
9.917312879486973543e+03,3.860607552299903045e+00
9.917312901132656407e+03,3.860607510481811389e+00
9.917312922778339271e+03,3.860607468664954744e+00
9.917312944424022135e+03,3.860607426849333113e+00
9.917312966069706818e+03,3.860607385034943384e+00
9.917312987715389681e+03,3.860607343221790888e+00
9.917313009361072545e+03,3.860607301409874736e+00
9.917313031006755409e+03,3.860607259599193597e+00
9.917313052652438273e+03,3.860607217789748802e+00
9.917313074298121137e+03,3.860607175981538575e+00
9.917313095943804001e+03,3.860607134174564692e+00
9.917313117589486865e+03,3.860607092368825821e+00
9.917313139235171548e+03,3.860607050564320630e+00
9.917313160880854412e+03,3.860607008761054448e+00
9.917313182526537275e+03,3.860606966959025055e+00
9.917313204172220139e+03,3.860606925158232006e+00
9.917313225817903003e+03,3.860606883358675745e+00
9.917313247463585867e+03,3.860606841560355385e+00
9.917313269109268731e+03,3.860606799763272701e+00
9.917313290754951595e+03,3.860606757967425917e+00
9.917313312400636278e+03,3.860606716172813258e+00
9.917313334046319142e+03,3.860606674379441827e+00
9.917313355692002006e+03,3.860606632587307185e+00
9.917313377337684869e+03,3.860606590796410664e+00
9.917313398983367733e+03,3.860606549006751376e+00
9.917313420629050597e+03,3.860606507218328876e+00
9.917313442274733461e+03,3.860606465431145384e+00
9.917313463920416325e+03,3.860606423645200014e+00
9.917313485566101008e+03,3.860606381860489211e+00
9.917313507211783872e+03,3.860606340077019194e+00
9.917313528857466736e+03,3.860606298294789074e+00
9.917313550503149600e+03,3.860606256513797074e+00
9.917313572148832463e+03,3.860606214734042752e+00
9.917313593794515327e+03,3.860606172955527882e+00
9.917313615440198191e+03,3.860606131178252909e+00
9.917313637085881055e+03,3.860606089402216057e+00
9.917313658731565738e+03,3.860606047627414217e+00
9.917313680377248602e+03,3.860606005853856271e+00
9.917313702022931466e+03,3.860605964081537333e+00
9.917313723668614330e+03,3.860605922310458293e+00
9.917313745314297194e+03,3.860605880540618706e+00
9.917313766959980057e+03,3.860605838772019016e+00
9.917313788605662921e+03,3.860605797004659667e+00
9.917313810251345785e+03,3.860605755238539771e+00
9.917313831897030468e+03,3.860605713473656664e+00
9.917313853542713332e+03,3.860605671710018338e+00
9.917313875188396196e+03,3.860605629947620354e+00
9.917313896834079060e+03,3.860605588186462267e+00
9.917313918479761924e+03,3.860605546426545409e+00
9.917313940125444788e+03,3.860605504667869781e+00
9.917313961771127651e+03,3.860605462910434937e+00
9.917313983416810515e+03,3.860605421154240879e+00
9.917314005062495198e+03,3.860605379399284942e+00
9.917314026708178062e+03,3.860605337645573787e+00
9.917314048353860926e+03,3.860605295893104305e+00
9.917314069999543790e+03,3.860605254141877385e+00
9.917314091645226654e+03,3.860605212391891250e+00
9.917314113290909518e+03,3.860605170643146788e+00
9.917314134936592382e+03,3.860605128895645333e+00
9.917314156582275245e+03,3.860605087149385994e+00
9.917314178227958109e+03,3.860605045404368774e+00
9.917314199873642792e+03,3.860605003660590562e+00
9.917314221519325656e+03,3.860604961918058020e+00
9.917314243165008520e+03,3.860604920176769372e+00
9.917314264810691384e+03,3.860604878436722398e+00
9.917314286456374248e+03,3.860604836697919318e+00
9.917314308102057112e+03,3.860604794960358799e+00
9.917314329747739976e+03,3.860604753224042174e+00
9.917314351393422839e+03,3.860604711488968110e+00
9.917314373039107522e+03,3.860604669755134832e+00
9.917314394684790386e+03,3.860604628022549001e+00
9.917314416330473250e+03,3.860604586291206175e+00
9.917314437976156114e+03,3.860604544561108131e+00
9.917314459621838978e+03,3.860604502832253537e+00
9.917314481267521842e+03,3.860604461104642837e+00
9.917314502913204706e+03,3.860604419378277363e+00
9.917314524558887570e+03,3.860604377653155339e+00
9.917314546204572252e+03,3.860604335929274988e+00
9.917314567850255116e+03,3.860604294206642972e+00
9.917314589495937980e+03,3.860604252485255738e+00
9.917314611141620844e+03,3.860604210765113731e+00
9.917314632787303708e+03,3.860604169046216505e+00
9.917314654432986572e+03,3.860604127328564505e+00
9.917314676078669436e+03,3.860604085612158176e+00
9.917314697724352300e+03,3.860604043896997073e+00
9.917314719370036983e+03,3.860604002183078087e+00
9.917314741015719846e+03,3.860603960470408769e+00
9.917314762661402710e+03,3.860603918758985564e+00
9.917314784307085574e+03,3.860603877048807586e+00
9.917314805952768438e+03,3.860603835339876166e+00
9.917314827598451302e+03,3.860603793632190861e+00
9.917314849244134166e+03,3.860603751925753002e+00
9.917314870889817030e+03,3.860603710220560369e+00
9.917314892535501713e+03,3.860603668516611187e+00
9.917314914181184577e+03,3.860603626813913003e+00
9.917314935826867440e+03,3.860603585112461378e+00
9.917314957472550304e+03,3.860603543412257199e+00
9.917314979118233168e+03,3.860603501713300023e+00
9.917315000763916032e+03,3.860603460015590294e+00
9.917315022409598896e+03,3.860603418319128011e+00
9.917315044055281760e+03,3.860603376623913174e+00
9.917315065700966443e+03,3.860603334929943120e+00
9.917315087346649307e+03,3.860603293237224065e+00
9.917315108992332171e+03,3.860603251545752457e+00
9.917315130638015034e+03,3.860603209855530071e+00
9.917315152283697898e+03,3.860603168166555133e+00
9.917315173929380762e+03,3.860603126478828973e+00
9.917315195575063626e+03,3.860603084792351591e+00
9.917315217220746490e+03,3.860603043107122545e+00
9.917315238866429354e+03,3.860603001423141833e+00
9.917315260512114037e+03,3.860602959740407680e+00
9.917315282157796901e+03,3.860602918058925859e+00
9.917315303803479765e+03,3.860602876378692372e+00
9.917315325449162629e+03,3.860602834699708996e+00
9.917315347094845492e+03,3.860602793021975288e+00
9.917315368740528356e+03,3.860602751345490358e+00
9.917315390386211220e+03,3.860602709670255983e+00
9.917315412031894084e+03,3.860602667996270387e+00
9.917315433677578767e+03,3.860602626323532238e+00
9.917315455323261631e+03,3.860602584652047753e+00
9.917315476968944495e+03,3.860602542981812935e+00
9.917315498614627359e+03,3.860602501312828672e+00
9.917315520260310223e+03,3.860602459645094964e+00
9.917315541905993086e+03,3.860602417978611811e+00
9.917315563551675950e+03,3.860602376313380102e+00
9.917315585197358814e+03,3.860602334649398948e+00
9.917315606843043497e+03,3.860602292986664796e+00
9.917315628488726361e+03,3.860602251325185641e+00
9.917315650134409225e+03,3.860602209664957929e+00
9.917315671780092089e+03,3.860602168005981660e+00
9.917315693425774953e+03,3.860602126348257279e+00
9.917315715071457817e+03,3.860602084691783897e+00
9.917315736717140680e+03,3.860602043036562403e+00
9.917315758362823544e+03,3.860602001382593684e+00
9.917315780008508227e+03,3.860601959729873300e+00
9.917315801654191091e+03,3.860601918078407913e+00
9.917315823299873955e+03,3.860601876428195744e+00
9.917315844945556819e+03,3.860601834779235464e+00
9.917315866591239683e+03,3.860601793131527959e+00
9.917315888236922547e+03,3.860601751485073230e+00
9.917315909882605411e+03,3.860601709839871720e+00
9.917315931528288274e+03,3.860601668195922542e+00
9.917315953173972957e+03,3.860601626553223920e+00
9.917315974819655821e+03,3.860601584911780737e+00
9.917315996465338685e+03,3.860601543271591662e+00
9.917316018111021549e+03,3.860601501632656696e+00
9.917316039756704413e+03,3.860601459994974949e+00
9.917316061402387277e+03,3.860601418358546866e+00
9.917316083048070141e+03,3.860601376723372891e+00
9.917316104693753005e+03,3.860601335089453023e+00
9.917316126339437687e+03,3.860601293456783711e+00
9.917316147985120551e+03,3.860601251825372504e+00
9.917316169630803415e+03,3.860601210195214961e+00
9.917316191276486279e+03,3.860601168566312857e+00
9.917316212922169143e+03,3.860601126938665306e+00
9.917316234567852007e+03,3.860601085312272307e+00
9.917316256213534871e+03,3.860601043687134748e+00
9.917316277859217735e+03,3.860601002063252629e+00
9.917316299504900599e+03,3.860600960440625062e+00
9.917316321150585281e+03,3.860600918819249383e+00
9.917316342796268145e+03,3.860600877199132253e+00
9.917316364441951009e+03,3.860600835580272339e+00
9.917316386087633873e+03,3.860600793962666533e+00
9.917316407733316737e+03,3.860600752346317943e+00
9.917316429378999601e+03,3.860600710731223906e+00
9.917316451024682465e+03,3.860600669117387085e+00
9.917316472670365329e+03,3.860600627504806148e+00
9.917316494316050012e+03,3.860600585893478431e+00
9.917316515961732875e+03,3.860600544283410596e+00
9.917316537607415739e+03,3.860600502674599976e+00
9.917316559253098603e+03,3.860600461067045241e+00
9.917316580898781467e+03,3.860600419460748611e+00
9.917316602544464331e+03,3.860600377855707865e+00
9.917316624190147195e+03,3.860600336251925224e+00
9.917316645835830059e+03,3.860600294649399356e+00
9.917316667481514742e+03,3.860600253048128483e+00
9.917316689127197606e+03,3.860600211448117047e+00
9.917316710772880469e+03,3.860600169849364161e+00
9.917316732418563333e+03,3.860600128251869378e+00
9.917316754064246197e+03,3.860600086655633145e+00
9.917316775709929061e+03,3.860600045060654129e+00
9.917316797355611925e+03,3.860600003466933217e+00
9.917316819001294789e+03,3.860599961874470853e+00
9.917316840646979472e+03,3.860599920283264375e+00
9.917316862292662336e+03,3.860599878693319109e+00
9.917316883938345200e+03,3.860599837104633281e+00
9.917316905584028063e+03,3.860599795517206445e+00
9.917316927229710927e+03,3.860599753931037714e+00
9.917316948875393791e+03,3.860599712346129309e+00
9.917316970521076655e+03,3.860599670762478564e+00
9.917316992166759519e+03,3.860599629180089476e+00
9.917317013812444202e+03,3.860599587598954496e+00
9.917317035458127066e+03,3.860599546019084283e+00
9.917317057103809930e+03,3.860599504440473062e+00
9.917317078749492794e+03,3.860599462863121722e+00
9.917317100395175657e+03,3.860599421287030264e+00
9.917317122040858521e+03,3.860599379712199575e+00
9.917317143686541385e+03,3.860599338138629211e+00
9.917317165332224249e+03,3.860599296566319616e+00
9.917317186977908932e+03,3.860599254995266350e+00
9.917317208623591796e+03,3.860599213425478293e+00
9.917317230269274660e+03,3.860599171856950118e+00
9.917317251914957524e+03,3.860599130289684044e+00
9.917317273560640388e+03,3.860599088723678296e+00
9.917317295206323251e+03,3.860599047158933761e+00
9.917317316852006115e+03,3.860599005595451771e+00
9.917317338497688979e+03,3.860598964033230551e+00
9.917317360143371843e+03,3.860598922472270544e+00
9.917317381789056526e+03,3.860598880912569530e+00
9.917317403434739390e+03,3.860598839354133283e+00
9.917317425080422254e+03,3.860598797796959580e+00
9.917317446726105118e+03,3.860598756241048424e+00
9.917317468371787982e+03,3.860598714686398925e+00
9.917317490017470845e+03,3.860598673133011971e+00
9.917317511663153709e+03,3.860598631580887563e+00
9.917317533308836573e+03,3.860598590030026589e+00
9.917317554954521256e+03,3.860598548480424164e+00
9.917317576600204120e+03,3.860598506932089169e+00
9.917317598245886984e+03,3.860598465385016720e+00
9.917317619891569848e+03,3.860598423839206816e+00
9.917317641537252712e+03,3.860598382294661235e+00
9.917317663182935576e+03,3.860598340751379087e+00
9.917317684828618439e+03,3.860598299209359929e+00
9.917317706474301303e+03,3.860598257668605537e+00
9.917317728119985986e+03,3.860598216129111027e+00
9.917317749765668850e+03,3.860598174590883946e+00
9.917317771411351714e+03,3.860598133053920744e+00
9.917317793057034578e+03,3.860598091518222308e+00
9.917317814702717442e+03,3.860598049983788194e+00
9.917317836348400306e+03,3.860598008450618401e+00
9.917317857994083170e+03,3.860597966918713819e+00
9.917317879639766034e+03,3.860597925388074003e+00
9.917317901285450716e+03,3.860597883858695401e+00
9.917317922931133580e+03,3.860597842330585117e+00
9.917317944576816444e+03,3.860597800803740043e+00
9.917317966222499308e+03,3.860597759278161067e+00
9.917317987868182172e+03,3.860597717753846858e+00
9.917318009513865036e+03,3.860597676230798747e+00
9.917318031159547900e+03,3.860597634709015846e+00
9.917318052805230764e+03,3.860597593188499044e+00
9.917318074450915447e+03,3.860597551669244787e+00
9.917318096096598310e+03,3.860597510151260625e+00
9.917318117742281174e+03,3.860597468634541674e+00
9.917318139387964038e+03,3.860597427119089264e+00
9.917318161033646902e+03,3.860597385604904286e+00
9.917318182679329766e+03,3.860597344091985406e+00
9.917318204325012630e+03,3.860597302580333068e+00
9.917318225970695494e+03,3.860597261069948161e+00
9.917318247616380177e+03,3.860597219560826687e+00
9.917318269262063041e+03,3.860597178052975753e+00
9.917318290907745904e+03,3.860597136546392250e+00
9.917318312553428768e+03,3.860597095041076621e+00
9.917318334199111632e+03,3.860597053537027534e+00
9.917318355844794496e+03,3.860597012034247211e+00
9.917318377490477360e+03,3.860596970532733430e+00
9.917318399136160224e+03,3.860596929032488411e+00
9.917318420781843088e+03,3.860596887533511268e+00
9.917318442427527771e+03,3.860596846035798890e+00
9.917318464073210635e+03,3.860596804539358828e+00
9.917318485718893498e+03,3.860596763044187085e+00
9.917318507364576362e+03,3.860596721550284105e+00
9.917318529010259226e+03,3.860596680057649444e+00
9.917318550655942090e+03,3.860596638566283545e+00
9.917318572301624954e+03,3.860596597076186853e+00
9.917318593947307818e+03,3.860596555587359813e+00
9.917318615592992501e+03,3.860596514099797538e+00
9.917318637238675365e+03,3.860596472613508467e+00
9.917318658884358229e+03,3.860596431128489492e+00
9.917318680530041092e+03,3.860596389644739723e+00
9.917318702175723956e+03,3.860596348162259606e+00
9.917318723821406820e+03,3.860596306681049583e+00
9.917318745467089684e+03,3.860596265201110100e+00
9.917318767112772548e+03,3.860596223722440712e+00
9.917318788758457231e+03,3.860596182245036978e+00
9.917318810404140095e+03,3.860596140768908224e+00
9.917318832049822959e+03,3.860596099294049566e+00
9.917318853695505823e+03,3.860596057820462335e+00
9.917318875341188686e+03,3.860596016348145643e+00
9.917318896986871550e+03,3.860595974877099490e+00
9.917318918632554414e+03,3.860595933407324765e+00
9.917318940278237278e+03,3.860595891938821467e+00
9.917318961923921961e+03,3.860595850471585599e+00
9.917318983569604825e+03,3.860595809005625600e+00
9.917319005215287689e+03,3.860595767540935697e+00
9.917319026860970553e+03,3.860595726077518997e+00
9.917319048506653417e+03,3.860595684615373280e+00
9.917319070152336280e+03,3.860595643154500323e+00
9.917319091798019144e+03,3.860595601694898793e+00
9.917319113443702008e+03,3.860595560236570023e+00
9.917319135089386691e+03,3.860595518779510460e+00
9.917319156735069555e+03,3.860595477323726321e+00
9.917319178380752419e+03,3.860595435869214942e+00
9.917319200026435283e+03,3.860595394415976322e+00
9.917319221672118147e+03,3.860595352964010907e+00
9.917319243317801011e+03,3.860595311513318251e+00
9.917319264963483874e+03,3.860595270063899243e+00
9.917319286609166738e+03,3.860595228615752994e+00
9.917319308254851421e+03,3.860595187168876841e+00
9.917319329900534285e+03,3.860595145723277888e+00
9.917319351546217149e+03,3.860595104278953027e+00
9.917319373191900013e+03,3.860595062835901370e+00
9.917319394837582877e+03,3.860595021394123361e+00
9.917319416483265741e+03,3.860594979953620332e+00
9.917319438128948605e+03,3.860594938514391838e+00
9.917319459774631468e+03,3.860594897076436549e+00
9.917319481420314332e+03,3.860594855639757128e+00
9.917319503065999015e+03,3.860594814204347802e+00
9.917319524711681879e+03,3.860594772770217009e+00
9.917319546357364743e+03,3.860594731337361196e+00
9.917319568003047607e+03,3.860594689905779919e+00
9.917319589648730471e+03,3.860594648475474511e+00
9.917319611294413335e+03,3.860594607046444082e+00
9.917319632940096199e+03,3.860594565618689078e+00
9.917319654585779062e+03,3.860594524192209054e+00
9.917319676231463745e+03,3.860594482767002233e+00
9.917319697877146609e+03,3.860594441343073946e+00
9.917319719522829473e+03,3.860594399920422415e+00
9.917319741168512337e+03,3.860594358499046752e+00
9.917319762814195201e+03,3.860594317078946514e+00
9.917319784459878065e+03,3.860594275660123476e+00
9.917319806105560929e+03,3.860594234242575862e+00
9.917319827751243793e+03,3.860594192826305893e+00
9.917319849396928475e+03,3.860594151411308239e+00
9.917319871042611339e+03,3.860594109997592227e+00
9.917319892688294203e+03,3.860594068585152083e+00
9.917319914333977067e+03,3.860594027173989140e+00
9.917319935979659931e+03,3.860593985764104286e+00
9.917319957625342795e+03,3.860593944355495299e+00
9.917319979271025659e+03,3.860593902948164846e+00
9.917320000916708523e+03,3.860593861542112037e+00
9.917320022562393206e+03,3.860593820137333765e+00
9.917320044208076069e+03,3.860593778733836245e+00
9.917320065853758933e+03,3.860593737331616371e+00
9.917320087499441797e+03,3.860593695930675917e+00
9.917320109145124661e+03,3.860593654531013108e+00
9.917320130790807525e+03,3.860593613132628832e+00
9.917320152436490389e+03,3.860593571735523089e+00
9.917320174082173253e+03,3.860593530339695878e+00
9.917320195727857936e+03,3.860593488945144092e+00
9.917320217373540800e+03,3.860593447551874391e+00
9.917320239019223663e+03,3.860593406159884555e+00
9.917320260664906527e+03,3.860593364769172808e+00
9.917320282310589391e+03,3.860593323379741371e+00
9.917320303956272255e+03,3.860593281991588910e+00
9.917320325601955119e+03,3.860593240604715870e+00
9.917320347247637983e+03,3.860593199219123139e+00
9.917320368893322666e+03,3.860593157834806277e+00
9.917320390539005530e+03,3.860593116451773277e+00
9.917320412184688394e+03,3.860593075070020141e+00
9.917320433830371257e+03,3.860593033689547315e+00
9.917320455476054121e+03,3.860592992310355243e+00
9.917320477121736985e+03,3.860592950932443035e+00
9.917320498767419849e+03,3.860592909555812025e+00
9.917320520413102713e+03,3.860592868180461767e+00
9.917320542058787396e+03,3.860592826806388267e+00
9.917320563704470260e+03,3.860592785433599960e+00
9.917320585350153124e+03,3.860592744062092851e+00
9.917320606995835988e+03,3.860592702691866052e+00
9.917320628641518852e+03,3.860592661322921337e+00
9.917320650287201715e+03,3.860592619955258264e+00
9.917320671932884579e+03,3.860592578588876833e+00
9.917320693578567443e+03,3.860592537223777487e+00
9.917320715224250307e+03,3.860592495859959783e+00
9.917320736869934990e+03,3.860592454497421055e+00
9.917320758515617854e+03,3.860592413136166634e+00
9.917320780161300718e+03,3.860592371776195630e+00
9.917320801806983582e+03,3.860592330417507156e+00
9.917320823452666446e+03,3.860592289060101656e+00
9.917320845098349309e+03,3.860592247703978241e+00
9.917320866744032173e+03,3.860592206349137800e+00
9.917320888389715037e+03,3.860592164995579889e+00
9.917320910035399720e+03,3.860592123643302287e+00
9.917320931681082584e+03,3.860592082292311655e+00
9.917320953326765448e+03,3.860592040942603997e+00
9.917320974972448312e+03,3.860591999594179313e+00
9.917320996618131176e+03,3.860591958247038491e+00
9.917321018263814040e+03,3.860591916901181975e+00
9.917321039909496903e+03,3.860591875556609320e+00
9.917321061555179767e+03,3.860591834213320528e+00
9.917321083200864450e+03,3.860591792871312045e+00
9.917321104846547314e+03,3.860591751530591420e+00
9.917321126492230178e+03,3.860591710191155546e+00
9.917321148137913042e+03,3.860591668853004421e+00
9.917321169783595906e+03,3.860591627516137159e+00
9.917321191429278770e+03,3.860591586180555979e+00
9.917321213074961634e+03,3.860591544846258216e+00
9.917321234720644497e+03,3.860591503513246536e+00
9.917321256366329180e+03,3.860591462181516054e+00
9.917321278012012044e+03,3.860591420851074762e+00
9.917321299657694908e+03,3.860591379521919553e+00
9.917321321303377772e+03,3.860591338194048650e+00
9.917321342949060636e+03,3.860591296867464717e+00
9.917321364594743500e+03,3.860591255542165090e+00
9.917321386240426364e+03,3.860591214218152434e+00
9.917321407886109228e+03,3.860591172895426304e+00
9.917321429531793910e+03,3.860591131573982260e+00
9.917321451177476774e+03,3.860591090253828295e+00
9.917321472823159638e+03,3.860591048934960856e+00
9.917321494468842502e+03,3.860591007617379944e+00
9.917321516114525366e+03,3.860590966301085558e+00
9.917321537760208230e+03,3.860590924986078587e+00
9.917321559405891094e+03,3.860590883672358142e+00
9.917321581051573958e+03,3.860590842359925112e+00
9.917321602697258641e+03,3.860590801048775944e+00
9.917321624342941504e+03,3.860590759738917743e+00
9.917321645988624368e+03,3.860590718430346957e+00
9.917321667634307232e+03,3.860590677123063585e+00
9.917321689279990096e+03,3.860590635817068517e+00
9.917321710925672960e+03,3.860590594512361751e+00
9.917321732571355824e+03,3.860590553208941955e+00
9.917321754217038688e+03,3.860590511906810907e+00
9.917321775862721552e+03,3.860590470605968161e+00
9.917321797508406235e+03,3.860590429306410609e+00
9.917321819154089098e+03,3.860590388008144469e+00
9.917321840799771962e+03,3.860590346711167964e+00
9.917321862445454826e+03,3.860590305415479762e+00
9.917321884091137690e+03,3.860590264121080750e+00
9.917321905736820554e+03,3.860590222827970930e+00
9.917321927382503418e+03,3.860590181536149856e+00
9.917321949028186282e+03,3.860590140245618418e+00
9.917321970673870965e+03,3.860590098956373062e+00
9.917321992319553829e+03,3.860590057668420449e+00
9.917322013965236692e+03,3.860590016381758804e+00
9.917322035610919556e+03,3.860589975096386350e+00
9.917322057256602420e+03,3.860589933812303531e+00
9.917322078902285284e+03,3.860589892529510792e+00
9.917322100547968148e+03,3.860589851248009019e+00
9.917322122193651012e+03,3.860589809967796882e+00
9.917322143839335695e+03,3.860589768688872603e+00
9.917322165485018559e+03,3.860589727411241512e+00
9.917322187130701423e+03,3.860589686134902276e+00
9.917322208776384286e+03,3.860589644859853564e+00
9.917322230422067150e+03,3.860589603586095819e+00
9.917322252067750014e+03,3.860589562313629042e+00
9.917322273713432878e+03,3.860589521042453676e+00
9.917322295359115742e+03,3.860589479772570165e+00
9.917322317004800425e+03,3.860589438503974957e+00
9.917322338650483289e+03,3.860589397236674269e+00
9.917322360296166153e+03,3.860589355970665437e+00
9.917322381941849017e+03,3.860589314705948905e+00
9.917322403587531880e+03,3.860589273442524672e+00
9.917322425233214744e+03,3.860589232180392294e+00
9.917322446878897608e+03,3.860589190919552216e+00
9.917322468524580472e+03,3.860589149660004882e+00
9.917322490170265155e+03,3.860589108401746739e+00
9.917322511815948019e+03,3.860589067144785336e+00
9.917322533461630883e+03,3.860589025889116233e+00
9.917322555107313747e+03,3.860588984634739873e+00
9.917322576752996611e+03,3.860588943381657145e+00
9.917322598398679474e+03,3.860588902129867162e+00
9.917322620044362338e+03,3.860588860879371254e+00
9.917322641690045202e+03,3.860588819630168533e+00
9.917322663335729885e+03,3.860588778382255892e+00
9.917322684981412749e+03,3.860588737135640880e+00
9.917322706627095613e+03,3.860588695890319055e+00
9.917322728272778477e+03,3.860588654646291751e+00
9.917322749918461341e+03,3.860588613403558522e+00
9.917322771564144205e+03,3.860588572162119814e+00
9.917322793209827068e+03,3.860588530921976069e+00
9.917322814855509932e+03,3.860588489683126401e+00
9.917322836501192796e+03,3.860588448445571252e+00
9.917322858146877479e+03,3.860588407209307515e+00
9.917322879792560343e+03,3.860588365974341851e+00
9.917322901438243207e+03,3.860588324740672039e+00
9.917322923083926071e+03,3.860588283508297192e+00
9.917322944729608935e+03,3.860588242277217308e+00
9.917322966375291799e+03,3.860588201047433721e+00
9.917322988020974663e+03,3.860588159818945098e+00
9.917323009666657526e+03,3.860588118591752771e+00
9.917323031312342209e+03,3.860588077365851856e+00
9.917323052958025073e+03,3.860588036141251234e+00
9.917323074603707937e+03,3.860587994917946464e+00
9.917323096249390801e+03,3.860587953695938879e+00
9.917323117895073665e+03,3.860587912475226258e+00
9.917323139540756529e+03,3.860587871255811265e+00
9.917323161186439393e+03,3.860587830037692125e+00
9.917323182832122257e+03,3.860587788820869726e+00
9.917323204477806939e+03,3.860587747605341846e+00
9.917323226123489803e+03,3.860587706391113372e+00
9.917323247769172667e+03,3.860587665178182526e+00
9.917323269414855531e+03,3.860587623966549309e+00
9.917323291060538395e+03,3.860587582756213276e+00
9.917323312706221259e+03,3.860587541547174428e+00
9.917323334351904123e+03,3.860587500339433653e+00
9.917323355997586987e+03,3.860587459132990507e+00
9.917323377643271670e+03,3.860587417927842324e+00
9.917323399288954533e+03,3.860587376723995323e+00
9.917323420934637397e+03,3.860587335521446839e+00
9.917323442580320261e+03,3.860587294320195983e+00
9.917323464226003125e+03,3.860587253120244977e+00
9.917323485871685989e+03,3.860587211921591155e+00
9.917323507517368853e+03,3.860587170724236739e+00
9.917323529163051717e+03,3.860587129528181283e+00
9.917323550808736400e+03,3.860587088333420791e+00
9.917323572454419264e+03,3.860587047139962813e+00
9.917323594100102127e+03,3.860587005947804684e+00
9.917323615745784991e+03,3.860586964756945516e+00
9.917323637391467855e+03,3.860586923567387085e+00
9.917323659037150719e+03,3.860586882379126727e+00
9.917323680682833583e+03,3.860586841192166663e+00
9.917323702328516447e+03,3.860586800006506447e+00
9.917323723974201130e+03,3.860586758822143416e+00
9.917323745619883994e+03,3.860586717639083787e+00
9.917323767265566858e+03,3.860586676457324007e+00
9.917323788911249721e+03,3.860586635276864520e+00
9.917323810556932585e+03,3.860586594097706215e+00
9.917323832202615449e+03,3.860586552919848202e+00
9.917323853848298313e+03,3.860586511743291371e+00
9.917323875493981177e+03,3.860586470568034834e+00
9.917323897139664041e+03,3.860586429394079921e+00
9.917323918785348724e+03,3.860586388221423082e+00
9.917323940431031588e+03,3.860586347050070533e+00
9.917323962076714452e+03,3.860586305880019165e+00
9.917323983722397315e+03,3.860586264711269866e+00
9.917324005368080179e+03,3.860586223543821749e+00
9.917324027013763043e+03,3.860586182377676145e+00
9.917324048659445907e+03,3.860586141212832167e+00
9.917324070305128771e+03,3.860586100049290703e+00
9.917324091950813454e+03,3.860586058887047756e+00
9.917324113596496318e+03,3.860586017726109986e+00
9.917324135242179182e+03,3.860585976566475619e+00
9.917324156887862046e+03,3.860585935408143765e+00
9.917324178533544909e+03,3.860585894251114869e+00
9.917324200179227773e+03,3.860585853095388487e+00
9.917324221824910637e+03,3.860585811940965062e+00
9.917324243470593501e+03,3.860585770787844595e+00
9.917324265116278184e+03,3.860585729636024421e+00
9.917324286761961048e+03,3.860585688485510758e+00
9.917324308407643912e+03,3.860585647336300941e+00
9.917324330053326776e+03,3.860585606188394525e+00
9.917324351699009640e+03,3.860585565041792400e+00
9.917324373344692503e+03,3.860585523896493232e+00
9.917324394990375367e+03,3.860585482752499686e+00
9.917324416636058231e+03,3.860585441609808655e+00
9.917324438281742914e+03,3.860585400468419692e+00
9.917324459927425778e+03,3.860585359328337685e+00
9.917324481573108642e+03,3.860585318189561299e+00
9.917324503218791506e+03,3.860585277052089204e+00
9.917324524864474370e+03,3.860585235915921842e+00
9.917324546510157234e+03,3.860585194781059215e+00
9.917324568155840097e+03,3.860585153647501766e+00
9.917324589801522961e+03,3.860585112515249495e+00
9.917324611447207644e+03,3.860585071384299738e+00
9.917324633092890508e+03,3.860585030254658268e+00
9.917324654738573372e+03,3.860584989126322419e+00
9.917324676384256236e+03,3.860584947999293082e+00
9.917324698029939100e+03,3.860584906873568922e+00
9.917324719675621964e+03,3.860584865749151273e+00
9.917324741321304828e+03,3.860584824626039691e+00
9.917324762966987691e+03,3.860584783504234174e+00
9.917324784612672374e+03,3.860584742383731616e+00
9.917324806258355238e+03,3.860584701264538676e+00
9.917324827904038102e+03,3.860584660146652247e+00
9.917324849549720966e+03,3.860584619030073661e+00
9.917324871195403830e+03,3.860584577914801141e+00
9.917324892841086694e+03,3.860584536800836020e+00
9.917324914486769558e+03,3.860584495688177853e+00
9.917324936132452422e+03,3.860584454576827085e+00
9.917324957778135285e+03,3.860584413466784159e+00
9.917324979423819968e+03,3.860584372358044636e+00
9.917325001069502832e+03,3.860584331250616952e+00
9.917325022715185696e+03,3.860584290144496222e+00
9.917325044360868560e+03,3.860584249039684224e+00
9.917325066006551424e+03,3.860584207936180068e+00
9.917325087652234288e+03,3.860584166833984199e+00
9.917325109297917152e+03,3.860584125733096172e+00
9.917325130943600016e+03,3.860584084633516877e+00
9.917325152589284698e+03,3.860584043535243204e+00
9.917325174234967562e+03,3.860584002438281814e+00
9.917325195880650426e+03,3.860583961342628267e+00
9.917325217526333290e+03,3.860583920248284340e+00
9.917325239172016154e+03,3.860583879155249143e+00
9.917325260817699018e+03,3.860583838063524009e+00
9.917325282463381882e+03,3.860583796973107606e+00
9.917325304109064746e+03,3.860583755884000823e+00
9.917325325754749429e+03,3.860583714796200105e+00
9.917325347400432292e+03,3.860583673709712560e+00
9.917325369046115156e+03,3.860583632624535966e+00
9.917325390691798020e+03,3.860583591540668547e+00
9.917325412337480884e+03,3.860583550458111191e+00
9.917325433983163748e+03,3.860583509376864342e+00
9.917325455628846612e+03,3.860583468296928000e+00
9.917325477274529476e+03,3.860583427218302166e+00
9.917325498920214159e+03,3.860583386140982398e+00
9.917325520565897023e+03,3.860583345064978467e+00
9.917325542211579886e+03,3.860583303990284154e+00
9.917325563857262750e+03,3.860583262916902569e+00
9.917325585502945614e+03,3.860583221844831048e+00
9.917325607148628478e+03,3.860583180774070922e+00
9.917325628794311342e+03,3.860583139704622191e+00
9.917325650439994206e+03,3.860583098636485300e+00
9.917325672085678889e+03,3.860583057569656695e+00
9.917325693731361753e+03,3.860583016504143483e+00
9.917325715377044617e+03,3.860582975439942111e+00
9.917325737022727481e+03,3.860582934377052133e+00
9.917325758668410344e+03,3.860582893315475328e+00
9.917325780314093208e+03,3.860582852255210806e+00
9.917325801959776072e+03,3.860582811196258124e+00
9.917325823605458936e+03,3.860582770138619058e+00
9.917325845251143619e+03,3.860582729082288722e+00
9.917325866896826483e+03,3.860582688027274223e+00
9.917325888542509347e+03,3.860582646973573340e+00
9.917325910188192211e+03,3.860582605921185184e+00
9.917325931833875075e+03,3.860582564870110645e+00
9.917325953479557938e+03,3.860582523820349721e+00
9.917325975125240802e+03,3.860582482771902413e+00
9.917325996770923666e+03,3.860582441724768277e+00
9.917326018416606530e+03,3.860582400678947312e+00
9.917326040062291213e+03,3.860582359634437299e+00
9.917326061707974077e+03,3.860582318591245343e+00
9.917326083353656941e+03,3.860582277549367003e+00
9.917326104999339805e+03,3.860582236508803611e+00
9.917326126645022669e+03,3.860582195469554279e+00
9.917326148290705532e+03,3.860582154431618562e+00
9.917326169936388396e+03,3.860582113394999126e+00
9.917326191582071260e+03,3.860582072359693306e+00
9.917326213227755943e+03,3.860582031325699770e+00
9.917326234873438807e+03,3.860581990293024290e+00
9.917326256519121671e+03,3.860581949261664203e+00
9.917326278164804535e+03,3.860581908231619064e+00
9.917326299810487399e+03,3.860581867202890205e+00
9.917326321456170263e+03,3.860581826175476738e+00
9.917326343101853126e+03,3.860581785149378220e+00
9.917326364747535990e+03,3.860581744124596426e+00
9.917326386393220673e+03,3.860581703101126472e+00
9.917326408038903537e+03,3.860581662078976795e+00
9.917326429684586401e+03,3.860581621058142954e+00
9.917326451330269265e+03,3.860581580038625393e+00
9.917326472975952129e+03,3.860581539020424557e+00
9.917326494621634993e+03,3.860581498003540002e+00
9.917326516267317857e+03,3.860581456987973059e+00
9.917326537913000720e+03,3.860581415973721509e+00
9.917326559558685403e+03,3.860581374960785350e+00
9.917326581204368267e+03,3.860581333949168581e+00
9.917326602850051131e+03,3.860581292938869424e+00
9.917326624495733995e+03,3.860581251929886992e+00
9.917326646141416859e+03,3.860581210922222617e+00
9.917326667787099723e+03,3.860581169915876742e+00
9.917326689432782587e+03,3.860581128910848037e+00
9.917326711078465451e+03,3.860581087907136943e+00
9.917326732724150133e+03,3.860581046904740354e+00
9.917326754369832997e+03,3.860581005903665819e+00
9.917326776015515861e+03,3.860580964903909340e+00
9.917326797661198725e+03,3.860580923905471362e+00
9.917326819306881589e+03,3.860580882908352329e+00
9.917326840952564453e+03,3.860580841912551353e+00
9.917326862598247317e+03,3.860580800918069766e+00
9.917326884243930181e+03,3.860580759924907124e+00
9.917326905889614864e+03,3.860580718933059430e+00
9.917326927535297727e+03,3.860580677942535122e+00
9.917326949180980591e+03,3.860580636953329758e+00
9.917326970826663455e+03,3.860580595965443784e+00
9.917326992472346319e+03,3.860580554978877643e+00
9.917327014118029183e+03,3.860580513993631779e+00
9.917327035763712047e+03,3.860580473009705305e+00
9.917327057409394911e+03,3.860580432027098219e+00
9.917327079055077775e+03,3.860580391045812299e+00
9.917327100700762458e+03,3.860580350065842659e+00
9.917327122346445321e+03,3.860580309087196405e+00
9.917327143992128185e+03,3.860580268109871760e+00
9.917327165637811049e+03,3.860580227133866948e+00
9.917327187283493913e+03,3.860580186159182414e+00
9.917327208929176777e+03,3.860580145185819489e+00
9.917327230574859641e+03,3.860580104213777730e+00
9.917327252220542505e+03,3.860580063243057136e+00
9.917327273866227188e+03,3.860580022273654155e+00
9.917327295511910052e+03,3.860579981305576336e+00
9.917327317157592915e+03,3.860579940338819238e+00
9.917327338803275779e+03,3.860579899373384638e+00
9.917327360448958643e+03,3.860579858409271203e+00
9.917327382094641507e+03,3.860579817446479822e+00
9.917327403740324371e+03,3.860579776485011383e+00
9.917327425386007235e+03,3.860579735524864553e+00
9.917327447031691918e+03,3.860579694566035780e+00
9.917327468677374782e+03,3.860579653608534390e+00
9.917327490323057646e+03,3.860579612652354164e+00
9.917327511968740509e+03,3.860579571697497325e+00
9.917327533614423373e+03,3.860579530743963428e+00
9.917327555260106237e+03,3.860579489791752472e+00
9.917327576905789101e+03,3.860579448840864458e+00
9.917327598551471965e+03,3.860579407891299386e+00
9.917327620197156648e+03,3.860579366943054591e+00
9.917327641842839512e+03,3.860579325996136735e+00
9.917327663488522376e+03,3.860579285050542264e+00
9.917327685134205240e+03,3.860579244106272068e+00
9.917327706779888103e+03,3.860579203163325257e+00
9.917327728425570967e+03,3.860579162221702276e+00
9.917327750071253831e+03,3.860579121281404014e+00
9.917327771716936695e+03,3.860579080342430025e+00
9.917327793362621378e+03,3.860579039404776758e+00
9.917327815008304242e+03,3.860578998468450873e+00
9.917327836653987106e+03,3.860578957533449707e+00
9.917327858299669970e+03,3.860578916599774146e+00
9.917327879945352834e+03,3.860578875667423304e+00
9.917327901591035697e+03,3.860578834736396292e+00
9.917327923236718561e+03,3.860578793806695774e+00
9.917327944882401425e+03,3.860578752878319975e+00
9.917327966528086108e+03,3.860578711951266673e+00
9.917327988173768972e+03,3.860578671025542086e+00
9.917328009819451836e+03,3.860578630101142661e+00
9.917328031465134700e+03,3.860578589178069731e+00
9.917328053110817564e+03,3.860578548256322406e+00
9.917328074756500428e+03,3.860578507335900689e+00
9.917328096402183292e+03,3.860578466416805909e+00
9.917328118047866155e+03,3.860578425499037181e+00
9.917328139693550838e+03,3.860578384582591838e+00
9.917328161339233702e+03,3.860578343667475654e+00
9.917328182984916566e+03,3.860578302753686408e+00
9.917328204630599430e+03,3.860578261841224990e+00
9.917328226276282294e+03,3.860578220930089621e+00
9.917328247921965158e+03,3.860578180020281636e+00
9.917328269567648022e+03,3.860578139111801033e+00
9.917328291213330886e+03,3.860578098204646924e+00
9.917328312859013749e+03,3.860578057298821086e+00
9.917328334504698432e+03,3.860578016394319079e+00
9.917328356150381296e+03,3.860577975491148894e+00
9.917328377796064160e+03,3.860577934589305205e+00
9.917328399441747024e+03,3.860577893688790674e+00
9.917328421087429888e+03,3.860577852789604414e+00
9.917328442733112752e+03,3.860577811891745537e+00
9.917328464378795616e+03,3.860577770995215818e+00
9.917328486024478480e+03,3.860577730100014371e+00
9.917328507670163162e+03,3.860577689206137642e+00
9.917328529315846026e+03,3.860577648313593624e+00
9.917328550961528890e+03,3.860577607422378321e+00
9.917328572607211754e+03,3.860577566532492177e+00
9.917328594252894618e+03,3.860577525643935193e+00
9.917328615898577482e+03,3.860577484756707367e+00
9.917328637544260346e+03,3.860577443870809144e+00
9.917328659189943210e+03,3.860577402986240525e+00
9.917328680835627893e+03,3.860577362102997512e+00
9.917328702481310756e+03,3.860577321221088098e+00
9.917328724126993620e+03,3.860577280340509621e+00
9.917328745772676484e+03,3.860577239461259857e+00
9.917328767418359348e+03,3.860577198583340586e+00
9.917328789064042212e+03,3.860577157706751805e+00
9.917328810709725076e+03,3.860577116831493072e+00
9.917328832355407940e+03,3.860577075957565274e+00
9.917328854001092623e+03,3.860577035084964859e+00
9.917328875646775487e+03,3.860576994213698487e+00
9.917328897292458350e+03,3.860576953343763495e+00
9.917328918938141214e+03,3.860576912475159439e+00
9.917328940583824078e+03,3.860576871607886318e+00
9.917328962229506942e+03,3.860576830741945020e+00
9.917328983875189806e+03,3.860576789877334214e+00
9.917329005520872670e+03,3.860576749014056563e+00
9.917329027166557353e+03,3.860576708152105407e+00
9.917329048812240217e+03,3.860576667291490960e+00
9.917329070457923081e+03,3.860576626432207892e+00
9.917329092103605944e+03,3.860576585574257091e+00
9.917329113749288808e+03,3.860576544717638559e+00
9.917329135394971672e+03,3.860576503862352737e+00
9.917329157040654536e+03,3.860576463008398740e+00
9.917329178686337400e+03,3.860576422155777454e+00
9.917329200332022083e+03,3.860576381304485771e+00
9.917329221977704947e+03,3.860576340454530353e+00
9.917329243623387811e+03,3.860576299605907646e+00
9.917329265269070675e+03,3.860576258758618984e+00
9.917329286914753538e+03,3.860576217912662589e+00
9.917329308560436402e+03,3.860576177068040238e+00
9.917329330206119266e+03,3.860576136224751487e+00
9.917329351851802130e+03,3.860576095382796336e+00
9.917329373497484994e+03,3.860576054542174340e+00
9.917329395143169677e+03,3.860576013702883280e+00
9.917329416788852541e+03,3.860575972864930261e+00
9.917329438434535405e+03,3.860575932028310842e+00
9.917329460080218269e+03,3.860575891193025910e+00
9.917329481725901132e+03,3.860575850359074579e+00
9.917329503371583996e+03,3.860575809526459068e+00
9.917329525017266860e+03,3.860575768695177601e+00
9.917329546662949724e+03,3.860575727865231066e+00
9.917329568308634407e+03,3.860575687036616355e+00
9.917329589954317271e+03,3.860575646209339684e+00
9.917329611600000135e+03,3.860575605383398390e+00
9.917329633245682999e+03,3.860575564558792472e+00
9.917329654891365863e+03,3.860575523735522818e+00
9.917329676537048726e+03,3.860575482913587653e+00
9.917329698182731590e+03,3.860575442092988752e+00
9.917329719828414454e+03,3.860575401273725227e+00
9.917329741474099137e+03,3.860575360455794858e+00
9.917329763119782001e+03,3.860575319639203862e+00
9.917329784765464865e+03,3.860575278823948242e+00
9.917329806411147729e+03,3.860575238010029775e+00
9.917329828056830593e+03,3.860575197197447572e+00
9.917329849702513457e+03,3.860575156386202522e+00
9.917329871348196320e+03,3.860575115576293737e+00
9.917329892993879184e+03,3.860575074767722104e+00
9.917329914639563867e+03,3.860575033960484514e+00
9.917329936285246731e+03,3.860574993154585854e+00
9.917329957930929595e+03,3.860574952350025679e+00
9.917329979576612459e+03,3.860574911546803545e+00
9.917330001222295323e+03,3.860574870744918119e+00
9.917330022867978187e+03,3.860574829944370290e+00
9.917330044513661051e+03,3.860574789145160057e+00
9.917330066159343914e+03,3.860574748347287866e+00
9.917330087805028597e+03,3.860574707550750606e+00
9.917330109450711461e+03,3.860574666755554940e+00
9.917330131096394325e+03,3.860574625961697759e+00
9.917330152742077189e+03,3.860574585169178619e+00
9.917330174387760053e+03,3.860574544377997963e+00
9.917330196033442917e+03,3.860574503588156237e+00
9.917330217679125781e+03,3.860574462799653439e+00
9.917330239324808645e+03,3.860574422012489126e+00
9.917330260970493327e+03,3.860574381226660634e+00
9.917330282616176191e+03,3.860574340442175068e+00
9.917330304261859055e+03,3.860574299659028430e+00
9.917330325907541919e+03,3.860574258877221610e+00
9.917330347553224783e+03,3.860574218096754162e+00
9.917330369198907647e+03,3.860574177317626532e+00
9.917330390844590511e+03,3.860574136539838719e+00
9.917330412490273375e+03,3.860574095763391167e+00
9.917330434135956239e+03,3.860574054988283432e+00
9.917330455781640921e+03,3.860574014214511962e+00
9.917330477427323785e+03,3.860573973442084750e+00
9.917330499073006649e+03,3.860573932670998687e+00
9.917330520718689513e+03,3.860573891901252441e+00
9.917330542364372377e+03,3.860573851132847345e+00
9.917330564010055241e+03,3.860573810365782954e+00
9.917330585655738105e+03,3.860573769600059268e+00
9.917330607301420969e+03,3.860573728835676732e+00
9.917330628947105652e+03,3.860573688072632237e+00
9.917330650592788515e+03,3.860573647310932444e+00
9.917330672238471379e+03,3.860573606550575132e+00
9.917330693884154243e+03,3.860573565791558526e+00
9.917330715529837107e+03,3.860573525033883957e+00
9.917330737175519971e+03,3.860573484277550538e+00
9.917330758821202835e+03,3.860573443522560488e+00
9.917330780466885699e+03,3.860573402768912032e+00
9.917330802112570382e+03,3.860573362016602061e+00
9.917330823758253246e+03,3.860573321265638125e+00
9.917330845403936110e+03,3.860573280516017114e+00
9.917330867049618973e+03,3.860573239767738141e+00
9.917330888695301837e+03,3.860573199020801649e+00
9.917330910340984701e+03,3.860573158275209416e+00
9.917330931986667565e+03,3.860573117530959220e+00
9.917330953632350429e+03,3.860573076788052838e+00
9.917330975278035112e+03,3.860573036046486273e+00
9.917330996923717976e+03,3.860572995306266186e+00
9.917331018569400840e+03,3.860572954567389470e+00
9.917331040215083704e+03,3.860572913829857011e+00
9.917331061860766567e+03,3.860572873093668367e+00
9.917331083506449431e+03,3.860572832358823092e+00
9.917331105152132295e+03,3.860572791625322076e+00
9.917331126797815159e+03,3.860572750893166205e+00
9.917331148443499842e+03,3.860572710162350596e+00
9.917331170089182706e+03,3.860572669432883242e+00
9.917331191734865570e+03,3.860572628704759701e+00
9.917331213380548434e+03,3.860572587977980863e+00
9.917331235026231298e+03,3.860572547252547171e+00
9.917331256671914161e+03,3.860572506528459513e+00
9.917331278317597025e+03,3.860572465805716114e+00
9.917331299963279889e+03,3.860572425084317860e+00
9.917331321608964572e+03,3.860572384364261644e+00
9.917331343254647436e+03,3.860572343645553683e+00
9.917331364900330300e+03,3.860572302928192645e+00
9.917331386546013164e+03,3.860572262212176753e+00
9.917331408191696028e+03,3.860572221497506007e+00
9.917331429837378892e+03,3.860572180784182628e+00
9.917331451483061755e+03,3.860572140072203950e+00
9.917331473128744619e+03,3.860572099361573084e+00
9.917331494774427483e+03,3.860572058652287364e+00
9.917331516420112166e+03,3.860572017944345014e+00
9.917331538065795030e+03,3.860571977237753583e+00
9.917331559711477894e+03,3.860571936532508630e+00
9.917331581357160758e+03,3.860571895828610156e+00
9.917331603002843622e+03,3.860571855126058605e+00
9.917331624648526486e+03,3.860571814424854864e+00
9.917331646294209349e+03,3.860571773724997602e+00
9.917331667939892213e+03,3.860571733026488150e+00
9.917331689585576896e+03,3.860571692329323401e+00
9.917331711231259760e+03,3.860571651633509127e+00
9.917331732876942624e+03,3.860571610939042664e+00
9.917331754522625488e+03,3.860571570245924455e+00
9.917331776168308352e+03,3.860571529554154502e+00
9.917331797813991216e+03,3.860571488863731915e+00
9.917331819459674080e+03,3.860571448174658027e+00
9.917331841105356943e+03,3.860571407486932838e+00
9.917331862751041626e+03,3.860571366800552351e+00
9.917331884396724490e+03,3.860571326115524560e+00
9.917331906042407354e+03,3.860571285431845023e+00
9.917331927688090218e+03,3.860571244749515074e+00
9.917331949333773082e+03,3.860571204068533824e+00
9.917331970979455946e+03,3.860571163388901716e+00
9.917331992625138810e+03,3.860571122710619196e+00
9.917332014270821674e+03,3.860571082033686263e+00
9.917332035916506356e+03,3.860571041358099365e+00
9.917332057562189220e+03,3.860571000683865162e+00
9.917332079207872084e+03,3.860570960010980990e+00
9.917332100853554948e+03,3.860570919339447737e+00
9.917332122499237812e+03,3.860570878669263628e+00
9.917332144144920676e+03,3.860570838000430438e+00
9.917332165790603540e+03,3.860570797332947279e+00
9.917332187436286404e+03,3.860570756666814596e+00
9.917332209081971087e+03,3.860570716002029279e+00
9.917332230727653950e+03,3.860570675338597546e+00
9.917332252373336814e+03,3.860570634676517621e+00
9.917332274019019678e+03,3.860570594015788615e+00
9.917332295664702542e+03,3.860570553356410084e+00
9.917332317310385406e+03,3.860570512698383361e+00
9.917332338956068270e+03,3.860570472041707557e+00
9.917332360601751134e+03,3.860570431386383561e+00
9.917332382247435817e+03,3.860570390732407375e+00
9.917332403893118681e+03,3.860570350079787438e+00
9.917332425538801544e+03,3.860570309428518421e+00
9.917332447184484408e+03,3.860570268778602099e+00
9.917332468830167272e+03,3.860570228130038029e+00
9.917332490475850136e+03,3.860570187482825766e+00
9.917332512121533000e+03,3.860570146836965755e+00
9.917332533767215864e+03,3.860570106192458883e+00
9.917332555412898728e+03,3.860570065549304708e+00
9.917332577058583411e+03,3.860570024907499231e+00
9.917332598704266275e+03,3.860569984267050447e+00
9.917332620349949138e+03,3.860569943627955247e+00
9.917332641995632002e+03,3.860569902990212743e+00
9.917332663641314866e+03,3.860569862353824266e+00
9.917332685286997730e+03,3.860569821718788042e+00
9.917332706932680594e+03,3.860569781085106289e+00
9.917332728578363458e+03,3.860569740452778120e+00
9.917332750224048141e+03,3.860569699821799983e+00
9.917332771869731005e+03,3.860569659192179426e+00
9.917332793515413869e+03,3.860569618563912897e+00
9.917332815161096732e+03,3.860569577937000840e+00
9.917332836806779596e+03,3.860569537311442812e+00
9.917332858452462460e+03,3.860569496687239255e+00
9.917332880098145324e+03,3.860569456064391058e+00
9.917332901743828188e+03,3.860569415442896446e+00
9.917332923389512871e+03,3.860569374822754085e+00
9.917332945035195735e+03,3.860569334203970193e+00
9.917332966680878599e+03,3.860569293586541217e+00
9.917332988326561463e+03,3.860569252970467602e+00
9.917333009972244326e+03,3.860569212355748903e+00
9.917333031617927190e+03,3.860569171742386452e+00
9.917333053263610054e+03,3.860569131130378917e+00
9.917333074909292918e+03,3.860569090519727187e+00
9.917333096554977601e+03,3.860569049910428152e+00
9.917333118200660465e+03,3.860569009302488919e+00
9.917333139846343329e+03,3.860568968695905046e+00
9.917333161492026193e+03,3.860568928090678309e+00
9.917333183137709057e+03,3.860568887486807377e+00
9.917333204783391921e+03,3.860568846884292693e+00
9.917333226429074784e+03,3.860568806283135590e+00
9.917333248074757648e+03,3.860568765683334291e+00
9.917333269720442331e+03,3.860568725084887465e+00
9.917333291366125195e+03,3.860568684487799995e+00
9.917333313011808059e+03,3.860568643892070995e+00
9.917333334657490923e+03,3.860568603297697798e+00
9.917333356303173787e+03,3.860568562704683515e+00
9.917333377948856651e+03,3.860568522113025924e+00
9.917333399594539515e+03,3.860568481522725914e+00
9.917333421240222378e+03,3.860568440933783929e+00
9.917333442885907061e+03,3.860568400346196860e+00
9.917333464531589925e+03,3.860568359759970924e+00
9.917333486177272789e+03,3.860568319175103458e+00
9.917333507822955653e+03,3.860568278591593572e+00
9.917333529468638517e+03,3.860568238009443043e+00
9.917333551114321381e+03,3.860568197428650539e+00
9.917333572760004245e+03,3.860568156849216503e+00
9.917333594405687109e+03,3.860568116271141825e+00
9.917333616051369972e+03,3.860568075694426504e+00
9.917333637697054655e+03,3.860568035119066099e+00
9.917333659342737519e+03,3.860567994545068160e+00
9.917333680988420383e+03,3.860567953972430022e+00
9.917333702634103247e+03,3.860567913401151685e+00
9.917333724279786111e+03,3.860567872831232261e+00
9.917333745925468975e+03,3.860567832262672638e+00
9.917333767571151839e+03,3.860567791695473261e+00
9.917333789216834703e+03,3.860567751129634129e+00
9.917333810862519385e+03,3.860567710565150801e+00
9.917333832508202249e+03,3.860567670002031271e+00
9.917333854153885113e+03,3.860567629440272874e+00
9.917333875799567977e+03,3.860567588879874723e+00
9.917333897445250841e+03,3.860567548320836817e+00
9.917333919090933705e+03,3.860567507763159600e+00
9.917333940736616569e+03,3.860567467206843073e+00
9.917333962382299433e+03,3.860567426651888567e+00
9.917333984027984116e+03,3.860567386098291198e+00
9.917334005673666979e+03,3.860567345546058515e+00
9.917334027319349843e+03,3.860567304995187410e+00
9.917334048965032707e+03,3.860567264445677438e+00
9.917334070610715571e+03,3.860567223897529487e+00
9.917334092256398435e+03,3.860567183350743115e+00
9.917334113902081299e+03,3.860567142805318319e+00
9.917334135547764163e+03,3.860567102261255990e+00
9.917334157193448846e+03,3.860567061718552129e+00
9.917334178839131710e+03,3.860567021177213842e+00
9.917334200484814573e+03,3.860566980637238466e+00
9.917334222130497437e+03,3.860566940098625999e+00
9.917334243776180301e+03,3.860566899561375553e+00
9.917334265421863165e+03,3.860566859025487574e+00
9.917334287067546029e+03,3.860566818490963836e+00
9.917334308713228893e+03,3.860566777957801676e+00
9.917334330358913576e+03,3.860566737425999762e+00
9.917334352004596440e+03,3.860566696895564753e+00
9.917334373650279304e+03,3.860566656366493099e+00
9.917334395295962167e+03,3.860566615838784799e+00
9.917334416941645031e+03,3.860566575312441184e+00
9.917334438587327895e+03,3.860566534787460480e+00
9.917334460233010759e+03,3.860566494263843129e+00
9.917334481878693623e+03,3.860566453741591353e+00
9.917334503524378306e+03,3.860566413220699378e+00
9.917334525170061170e+03,3.860566372701175641e+00
9.917334546815744034e+03,3.860566332183016147e+00
9.917334568461426898e+03,3.860566291666220451e+00
9.917334590107109761e+03,3.860566251150790773e+00
9.917334611752792625e+03,3.860566210636725337e+00
9.917334633398475489e+03,3.860566170124024588e+00
9.917334655044158353e+03,3.860566129612689412e+00
9.917334676689843036e+03,3.860566089102715814e+00
9.917334698335525900e+03,3.860566048594111344e+00
9.917334719981208764e+03,3.860566008086872447e+00
9.917334741626891628e+03,3.860565967580998681e+00
9.917334763272574492e+03,3.860565927076490933e+00
9.917334784918257355e+03,3.860565886573349204e+00
9.917334806563940219e+03,3.860565846071572160e+00
9.917334828209623083e+03,3.860565805571162912e+00
9.917334849855305947e+03,3.860565765072119682e+00
9.917334871500990630e+03,3.860565724574438029e+00
9.917334893146673494e+03,3.860565684078127280e+00
9.917334914792356358e+03,3.860565643583183881e+00
9.917334936438039222e+03,3.860565603089606501e+00
9.917334958083722086e+03,3.860565562597395139e+00
9.917334979729404949e+03,3.860565522106552017e+00
9.917335001375087813e+03,3.860565481617075800e+00
9.917335023020770677e+03,3.860565441128966935e+00
9.917335044666455360e+03,3.860565400642221867e+00
9.917335066312138224e+03,3.860565360156847259e+00
9.917335087957821088e+03,3.860565319672841333e+00
9.917335109603503952e+03,3.860565279190202759e+00
9.917335131249186816e+03,3.860565238708931979e+00
9.917335152894869680e+03,3.860565198229028994e+00
9.917335174540552543e+03,3.860565157750494247e+00
9.917335196186235407e+03,3.860565117273327296e+00
9.917335217831920090e+03,3.860565076797526807e+00
9.917335239477602954e+03,3.860565036323096777e+00
9.917335261123285818e+03,3.860564995850036318e+00
9.917335282768968682e+03,3.860564955378344987e+00
9.917335304414651546e+03,3.860564914908021450e+00
9.917335326060334410e+03,3.860564874439067484e+00
9.917335347706017274e+03,3.860564833971483534e+00
9.917335369351700137e+03,3.860564793505268266e+00
9.917335390997384820e+03,3.860564753040418129e+00
9.917335412643067684e+03,3.860564712576942004e+00
9.917335434288750548e+03,3.860564672114835005e+00
9.917335455934433412e+03,3.860564631654098466e+00
9.917335477580116276e+03,3.860564591194731499e+00
9.917335499225799140e+03,3.860564550736734546e+00
9.917335520871482004e+03,3.860564510280107609e+00
9.917335542517164868e+03,3.860564469824851574e+00
9.917335564162849550e+03,3.860564429370962891e+00
9.917335585808532414e+03,3.860564388918447776e+00
9.917335607454215278e+03,3.860564348467303120e+00
9.917335629099898142e+03,3.860564308017529367e+00
9.917335650745581006e+03,3.860564267569126962e+00
9.917335672391263870e+03,3.860564227122095016e+00
9.917335694036946734e+03,3.860564186676434417e+00
9.917335715682629598e+03,3.860564146232145166e+00
9.917335737328314281e+03,3.860564105789225042e+00
9.917335758973997144e+03,3.860564065347678486e+00
9.917335780619680008e+03,3.860564024907504610e+00
9.917335802265362872e+03,3.860563984468702525e+00
9.917335823911045736e+03,3.860563944031272232e+00
9.917335845556728600e+03,3.860563903595214175e+00
9.917335867202411464e+03,3.860563863160528353e+00
9.917335888848094328e+03,3.860563822727214323e+00
9.917335910493777192e+03,3.860563782295272972e+00
9.917335932139461875e+03,3.860563741864701637e+00
9.917335953785144739e+03,3.860563701435505646e+00
9.917335975430827602e+03,3.860563661007682335e+00
9.917335997076510466e+03,3.860563620581232591e+00
9.917336018722193330e+03,3.860563580156155972e+00
9.917336040367876194e+03,3.860563539732452476e+00
9.917336062013559058e+03,3.860563499310122992e+00
9.917336083659241922e+03,3.860563458889166633e+00
9.917336105304926605e+03,3.860563418469579844e+00
9.917336126950609469e+03,3.860563378051371508e+00
9.917336148596292333e+03,3.860563337634535852e+00
9.917336170241975196e+03,3.860563297219074652e+00
9.917336191887658060e+03,3.860563256804987908e+00
9.917336213533340924e+03,3.860563216392275621e+00
9.917336235179023788e+03,3.860563175980936901e+00
9.917336256824706652e+03,3.860563135570973081e+00
9.917336278470391335e+03,3.860563095162380609e+00
9.917336300116074199e+03,3.860563054755166590e+00
9.917336321761757063e+03,3.860563014349327471e+00
9.917336343407439927e+03,3.860562973944862808e+00
9.917336365053122790e+03,3.860562933541773933e+00
9.917336386698805654e+03,3.860562893140059959e+00
9.917336408344488518e+03,3.860562852739721773e+00
9.917336429990171382e+03,3.860562812340759375e+00
9.917336451635856065e+03,3.860562771943168325e+00
9.917336473281538929e+03,3.860562731546957060e+00
9.917336494927221793e+03,3.860562691152121584e+00
9.917336516572904657e+03,3.860562650758662784e+00
9.917336538218587521e+03,3.860562610366579328e+00
9.917336559864270384e+03,3.860562569975872549e+00
9.917336581509953248e+03,3.860562529586542446e+00
9.917336603155636112e+03,3.860562489198589020e+00
9.917336624801320795e+03,3.860562448812008274e+00
9.917336646447003659e+03,3.860562408426808645e+00
9.917336668092686523e+03,3.860562368042984804e+00
9.917336689738369387e+03,3.860562327660538973e+00
9.917336711384052251e+03,3.860562287279469817e+00
9.917336733029735115e+03,3.860562246899779115e+00
9.917336754675417978e+03,3.860562206521464645e+00
9.917336776321100842e+03,3.860562166144527740e+00
9.917336797966785525e+03,3.860562125768965736e+00
9.917336819612468389e+03,3.860562085394785292e+00
9.917336841258151253e+03,3.860562045021981969e+00
9.917336862903834117e+03,3.860562004650557544e+00
9.917336884549516981e+03,3.860561964280510683e+00
9.917336906195199845e+03,3.860561923911842719e+00
9.917336927840882709e+03,3.860561883544552764e+00
9.917336949486565572e+03,3.860561843178641706e+00
9.917336971132248436e+03,3.860561802814109100e+00
9.917336992777933119e+03,3.860561762450952283e+00
9.917337014423615983e+03,3.860561722089177916e+00
9.917337036069298847e+03,3.860561681728782446e+00
9.917337057714981711e+03,3.860561641369766317e+00
9.917337079360664575e+03,3.860561601012130417e+00
9.917337101006347439e+03,3.860561560655872526e+00
9.917337122652030303e+03,3.860561520300995308e+00
9.917337144297713166e+03,3.860561479947497432e+00
9.917337165943397849e+03,3.860561439595375788e+00
9.917337187589080713e+03,3.860561399244637926e+00
9.917337209234763577e+03,3.860561358895280737e+00
9.917337230880446441e+03,3.860561318547302889e+00
9.917337252526129305e+03,3.860561278200705271e+00
9.917337274171812169e+03,3.860561237855489214e+00
9.917337295817495033e+03,3.860561197511653386e+00
9.917337317463177897e+03,3.860561157169197788e+00
9.917337339108862579e+03,3.860561116828120642e+00
9.917337360754545443e+03,3.860561076488427723e+00
9.917337382400228307e+03,3.860561036150115477e+00
9.917337404045911171e+03,3.860560995813184793e+00
9.917337425691594035e+03,3.860560955477636114e+00
9.917337447337276899e+03,3.860560915143468108e+00
9.917337468982959763e+03,3.860560874810681664e+00
9.917337490628642627e+03,3.860560834479277670e+00
9.917337512274327310e+03,3.860560794149251240e+00
9.917337533920010173e+03,3.860560753820611701e+00
9.917337555565693037e+03,3.860560713493353280e+00
9.917337577211375901e+03,3.860560673167477752e+00
9.917337598857058765e+03,3.860560632842984230e+00
9.917337620502741629e+03,3.860560592519873158e+00
9.917337642148424493e+03,3.860560552198145423e+00
9.917337663794107357e+03,3.860560511877800138e+00
9.917337685439792040e+03,3.860560471558834195e+00
9.917337707085474904e+03,3.860560431241255142e+00
9.917337728731157767e+03,3.860560390925058538e+00
9.917337750376840631e+03,3.860560350610246161e+00
9.917337772022523495e+03,3.860560310296817121e+00
9.917337793668206359e+03,3.860560269984770532e+00
9.917337815313889223e+03,3.860560229674109500e+00
9.917337836959572087e+03,3.860560189364830475e+00
9.917337858605256770e+03,3.860560149056933454e+00
9.917337880250939634e+03,3.860560108750423325e+00
9.917337901896622498e+03,3.860560068445297421e+00
9.917337923542305361e+03,3.860560028141555744e+00
9.917337945187988225e+03,3.860559987839198293e+00
9.917337966833671089e+03,3.860559947538225956e+00
9.917337988479353953e+03,3.860559907238637845e+00
9.917338010125036817e+03,3.860559866940434848e+00
9.917338031770719681e+03,3.860559826643616965e+00
9.917338053416404364e+03,3.860559786348180644e+00
9.917338075062087228e+03,3.860559746054132990e+00
9.917338096707770092e+03,3.860559705761470450e+00
9.917338118353452955e+03,3.860559665470193913e+00
9.917338139999135819e+03,3.860559625180302934e+00
9.917338161644818683e+03,3.860559584891797069e+00
9.917338183290501547e+03,3.860559544604677651e+00
9.917338204936184411e+03,3.860559504318944235e+00
9.917338226581869094e+03,3.860559464034593269e+00
9.917338248227551958e+03,3.860559423751632746e+00
9.917338269873234822e+03,3.860559383470058226e+00
9.917338291518917686e+03,3.860559343189869264e+00
9.917338313164600549e+03,3.860559302911067636e+00
9.917338334810283413e+03,3.860559262633652455e+00
9.917338356455966277e+03,3.860559222357625053e+00
9.917338378101649141e+03,3.860559182082983654e+00
9.917338399747333824e+03,3.860559141809726480e+00
9.917338421393016688e+03,3.860559101537859750e+00
9.917338443038699552e+03,3.860559061267380354e+00
9.917338464684382416e+03,3.860559020998288737e+00
9.917338486330065280e+03,3.860558980730584455e+00
9.917338507975748144e+03,3.860558940464267952e+00
9.917338529621431007e+03,3.860558900199339671e+00
9.917338551267113871e+03,3.860558859935800058e+00
9.917338572912798554e+03,3.860558819673644226e+00
9.917338594558481418e+03,3.860558779412879726e+00
9.917338616204164282e+03,3.860558739153504781e+00
9.917338637849847146e+03,3.860558698895517171e+00
9.917338659495530010e+03,3.860558658638919116e+00
9.917338681141212874e+03,3.860558618383709728e+00
9.917338702786895738e+03,3.860558578129889007e+00
9.917338724432578601e+03,3.860558537877457397e+00
9.917338746078263284e+03,3.860558497626411789e+00
9.917338767723946148e+03,3.860558457376758401e+00
9.917338789369629012e+03,3.860558417128495012e+00
9.917338811015311876e+03,3.860558376881621179e+00
9.917338832660994740e+03,3.860558336636136456e+00
9.917338854306677604e+03,3.860558296392041289e+00
9.917338875952360468e+03,3.860558256149336565e+00
9.917338897598043332e+03,3.860558215908021840e+00
9.917338919243728014e+03,3.860558175668094449e+00
9.917338940889410878e+03,3.860558135429560167e+00
9.917338962535093742e+03,3.860558095192416328e+00
9.917338984180776606e+03,3.860558054956662932e+00
9.917339005826459470e+03,3.860558014722300424e+00
9.917339027472142334e+03,3.860557974489329247e+00
9.917339049117825198e+03,3.860557934257748069e+00
9.917339070763508062e+03,3.860557894027558223e+00
9.917339092409190926e+03,3.860557853798760153e+00
9.917339114054875608e+03,3.860557813571349861e+00
9.917339135700558472e+03,3.860557773345334454e+00
9.917339157346241336e+03,3.860557733120709489e+00
9.917339178991924200e+03,3.860557692897478077e+00
9.917339200637607064e+03,3.860557652675637108e+00
9.917339222283289928e+03,3.860557612455188803e+00
9.917339243928972792e+03,3.860557572236131829e+00
9.917339265574655656e+03,3.860557532018467075e+00
9.917339287220340339e+03,3.860557491802191876e+00
9.917339308866023202e+03,3.860557451587312894e+00
9.917339330511706066e+03,3.860557411373825687e+00
9.917339352157388930e+03,3.860557371161731588e+00
9.917339373803071794e+03,3.860557330951031041e+00
9.917339395448754658e+03,3.860557290741722269e+00
9.917339417094437522e+03,3.860557250533806606e+00
9.917339438740120386e+03,3.860557210327285382e+00
9.917339460385805069e+03,3.860557170122152826e+00
9.917339482031487933e+03,3.860557129918417818e+00
9.917339503677170796e+03,3.860557089716075918e+00
9.917339525322853660e+03,3.860557049515128902e+00
9.917339546968536524e+03,3.860557009315574550e+00
9.917339568614219388e+03,3.860556969117414194e+00
9.917339590259902252e+03,3.860556928920649167e+00
9.917339611905585116e+03,3.860556888725277247e+00
9.917339633551269799e+03,3.860556848531296659e+00
9.917339655196952663e+03,3.860556808338714063e+00
9.917339676842635527e+03,3.860556768147525908e+00
9.917339698488318390e+03,3.860556727957732637e+00
9.917339720134001254e+03,3.860556687769333362e+00
9.917339741779684118e+03,3.860556647582329859e+00
9.917339763425366982e+03,3.860556607396721684e+00
9.917339785071049846e+03,3.860556567212509282e+00
9.917339806716734529e+03,3.860556527029687324e+00
9.917339828362417393e+03,3.860556486848265578e+00
9.917339850008100257e+03,3.860556446668238717e+00
9.917339871653783121e+03,3.860556406489608516e+00
9.917339893299465984e+03,3.860556366312373644e+00
9.917339914945148848e+03,3.860556326136534100e+00
9.917339936590831712e+03,3.860556285962092105e+00
9.917339958236514576e+03,3.860556245789045882e+00
9.917339979882199259e+03,3.860556205617391878e+00
9.917340001527882123e+03,3.860556165447138088e+00
9.917340023173564987e+03,3.860556125278281403e+00
9.917340044819247851e+03,3.860556085110821378e+00
9.917340066464930715e+03,3.860556044944758458e+00
9.917340088110613578e+03,3.860556004780092199e+00
9.917340109756296442e+03,3.860555964616823488e+00
9.917340131401979306e+03,3.860555924454951882e+00
9.917340153047662170e+03,3.860555884294476936e+00
9.917340174693346853e+03,3.860555844135396875e+00
9.917340196339029717e+03,3.860555803977717471e+00
9.917340217984712581e+03,3.860555763821436948e+00
9.917340239630395445e+03,3.860555723666553085e+00
9.917340261276078309e+03,3.860555683513067660e+00
9.917340282921761172e+03,3.860555643360980671e+00
9.917340304567444036e+03,3.860555603210292119e+00
9.917340326213126900e+03,3.860555563061001116e+00
9.917340347858811583e+03,3.860555522913105886e+00
9.917340369504494447e+03,3.860555482766612645e+00
9.917340391150177311e+03,3.860555442621518285e+00
9.917340412795860175e+03,3.860555402477822806e+00
9.917340434441543039e+03,3.860555362335526208e+00
9.917340456087225903e+03,3.860555322194628936e+00
9.917340477732908766e+03,3.860555282055130988e+00
9.917340499378591630e+03,3.860555241917032365e+00
9.917340521024276313e+03,3.860555201780330403e+00
9.917340542669959177e+03,3.860555161645031319e+00
9.917340564315642041e+03,3.860555121511132004e+00
9.917340585961324905e+03,3.860555081378632014e+00
9.917340607607007769e+03,3.860555041247533126e+00
9.917340629252690633e+03,3.860555001117833562e+00
9.917340650898373497e+03,3.860554960989534656e+00
9.917340672544056360e+03,3.860554920862636408e+00
9.917340694189741043e+03,3.860554880737134820e+00
9.917340715835423907e+03,3.860554840613037442e+00
9.917340737481106771e+03,3.860554800490341609e+00
9.917340759126789635e+03,3.860554760369046434e+00
9.917340780772472499e+03,3.860554720249151472e+00
9.917340802418155363e+03,3.860554680130658944e+00
9.917340824063838227e+03,3.860554640013567074e+00
9.917340845709521091e+03,3.860554599897876304e+00
9.917340867355205773e+03,3.860554559783584860e+00
9.917340889000888637e+03,3.860554519670698070e+00
9.917340910646571501e+03,3.860554479559212382e+00
9.917340932292254365e+03,3.860554439449129127e+00
9.917340953937937229e+03,3.860554399340447862e+00
9.917340975583620093e+03,3.860554359233169475e+00
9.917340997229302957e+03,3.860554319127293077e+00
9.917341018874985821e+03,3.860554279022818669e+00
9.917341040520670504e+03,3.860554238919744030e+00
9.917341062166353368e+03,3.860554198818075378e+00
9.917341083812036231e+03,3.860554158717809603e+00
9.917341105457719095e+03,3.860554118618947150e+00
9.917341127103401959e+03,3.860554078521486687e+00
9.917341148749084823e+03,3.860554038425430434e+00
9.917341170394767687e+03,3.860553998330777059e+00
9.917341192040450551e+03,3.860553958237527894e+00
9.917341213686135234e+03,3.860553918145678054e+00
9.917341235331818098e+03,3.860553878055235977e+00
9.917341256977500962e+03,3.860553837966196777e+00
9.917341278623183825e+03,3.860553797878562676e+00
9.917341300268866689e+03,3.860553757792332341e+00
9.917341321914549553e+03,3.860553717707506216e+00
9.917341343560232417e+03,3.860553677624084745e+00
9.917341365205915281e+03,3.860553637542067040e+00
9.917341386851598145e+03,3.860553597461454434e+00
9.917341408497282828e+03,3.860553557382243373e+00
9.917341430142965692e+03,3.860553517304440074e+00
9.917341451788648556e+03,3.860553477228041874e+00
9.917341473434331419e+03,3.860553437153049661e+00
9.917341495080014283e+03,3.860553397079462101e+00
9.917341516725697147e+03,3.860553357007280084e+00
9.917341538371380011e+03,3.860553316936502721e+00
9.917341560017062875e+03,3.860553276867132233e+00
9.917341581662747558e+03,3.860553236799163290e+00
9.917341603308430422e+03,3.860553196732603887e+00
9.917341624954113286e+03,3.860553156667450470e+00
9.917341646599796150e+03,3.860553116603703483e+00
9.917341668245479013e+03,3.860553076541362039e+00
9.917341689891161877e+03,3.860553036480427469e+00
9.917341711536844741e+03,3.860552996420899330e+00
9.917341733182527605e+03,3.860552956362777621e+00
9.917341754828212288e+03,3.860552916306060123e+00
9.917341776473895152e+03,3.860552876250752163e+00
9.917341798119578016e+03,3.860552836196851079e+00
9.917341819765260880e+03,3.860552796144357313e+00
9.917341841410943744e+03,3.860552756093270865e+00
9.917341863056626607e+03,3.860552716043592181e+00
9.917341884702309471e+03,3.860552675995321259e+00
9.917341906347992335e+03,3.860552635948457212e+00
9.917341927993677018e+03,3.860552595902998263e+00
9.917341949639359882e+03,3.860552555858949741e+00
9.917341971285042746e+03,3.860552515816310315e+00
9.917341992930725610e+03,3.860552475775078207e+00
9.917342014576408474e+03,3.860552435735254750e+00
9.917342036222091338e+03,3.860552395696839056e+00
9.917342057867774201e+03,3.860552355659832902e+00
9.917342079513457065e+03,3.860552315624234954e+00
9.917342101159141748e+03,3.860552275590042548e+00
9.917342122804824612e+03,3.860552235557261902e+00
9.917342144450507476e+03,3.860552195525891239e+00
9.917342166096190340e+03,3.860552155495928783e+00
9.917342187741873204e+03,3.860552115467376311e+00
9.917342209387556068e+03,3.860552075440232933e+00
9.917342231033238932e+03,3.860552035414499539e+00
9.917342252678921795e+03,3.860551995390175239e+00
9.917342274324606478e+03,3.860551955367257371e+00
9.917342295970289342e+03,3.860551915345753038e+00
9.917342317615972206e+03,3.860551875325658688e+00
9.917342339261655070e+03,3.860551835306974766e+00
9.917342360907337934e+03,3.860551795289700827e+00
9.917342382553020798e+03,3.860551755273837315e+00
9.917342404198703662e+03,3.860551715259384675e+00
9.917342425844386526e+03,3.860551675246342906e+00
9.917342447490069389e+03,3.860551635234712009e+00
9.917342469135754072e+03,3.860551595224487986e+00
9.917342490781436936e+03,3.860551555215678832e+00
9.917342512427119800e+03,3.860551515208280104e+00
9.917342534072802664e+03,3.860551475202294025e+00
9.917342555718485528e+03,3.860551435197717929e+00
9.917342577364168392e+03,3.860551395194554480e+00
9.917342599009851256e+03,3.860551355192802792e+00
9.917342620655534120e+03,3.860551315192462862e+00
9.917342642301218802e+03,3.860551275193530696e+00
9.917342663946901666e+03,3.860551235196014286e+00
9.917342685592584530e+03,3.860551195199910968e+00
9.917342707238267394e+03,3.860551155205218965e+00
9.917342728883950258e+03,3.860551115211939166e+00
9.917342750529633122e+03,3.860551075220072459e+00
9.917342772175315986e+03,3.860551035229618400e+00
9.917342793820998850e+03,3.860550995240577876e+00
9.917342815466683533e+03,3.860550955252946448e+00
9.917342837112366396e+03,3.860550915266730776e+00
9.917342858758049260e+03,3.860550875281929528e+00
9.917342880403732124e+03,3.860550835298540928e+00
9.917342902049414988e+03,3.860550795316565864e+00
9.917342923695097852e+03,3.860550755336003892e+00
9.917342945340780716e+03,3.860550715356855900e+00
9.917342966986463580e+03,3.860550675379122776e+00
9.917342988632148263e+03,3.860550635402799191e+00
9.917343010277831127e+03,3.860550595427893583e+00
9.917343031923513990e+03,3.860550555454401067e+00
9.917343053569196854e+03,3.860550515482323863e+00
9.917343075214879718e+03,3.860550475511661084e+00
9.917343096860562582e+03,3.860550435542413172e+00
9.917343118506245446e+03,3.860550395574579685e+00
9.917343140151928310e+03,3.860550355608161066e+00
9.917343161797612993e+03,3.860550315643153763e+00
9.917343183443295857e+03,3.860550275679565324e+00
9.917343205088978721e+03,3.860550235717392198e+00
9.917343226734661584e+03,3.860550195756634384e+00
9.917343248380344448e+03,3.860550155797291438e+00
9.917343270026027312e+03,3.860550115839364693e+00
9.917343291671710176e+03,3.860550075882852816e+00
9.917343313317393040e+03,3.860550035927758028e+00
9.917343334963077723e+03,3.860549995974075443e+00
9.917343356608760587e+03,3.860549956021811724e+00
9.917343378254443451e+03,3.860549916070964649e+00
9.917343399900126315e+03,3.860549876121534218e+00
9.917343421545809178e+03,3.860549836173519989e+00
9.917343443191492042e+03,3.860549796226922847e+00
9.917343464837174906e+03,3.860549756281741463e+00
9.917343486482857770e+03,3.860549716337977610e+00
9.917343508128540634e+03,3.860549676395630847e+00
9.917343529774225317e+03,3.860549636454697175e+00
9.917343551419908181e+03,3.860549596515185033e+00
9.917343573065591045e+03,3.860549556577089092e+00
9.917343594711273909e+03,3.860549516640411571e+00
9.917343616356956773e+03,3.860549476705151140e+00
9.917343638002639636e+03,3.860549436771308685e+00
9.917343659648322500e+03,3.860549396838884650e+00
9.917343681294005364e+03,3.860549356907877705e+00
9.917343702939690047e+03,3.860549316978286516e+00
9.917343724585372911e+03,3.860549277050116412e+00
9.917343746231055775e+03,3.860549237123364286e+00
9.917343767876738639e+03,3.860549197198031468e+00
9.917343789522421503e+03,3.860549157274117071e+00
9.917343811168104367e+03,3.860549117351620207e+00
9.917343832813787230e+03,3.860549077430543985e+00
9.917343854459470094e+03,3.860549037510886183e+00
9.917343876105154777e+03,3.860548997592643250e+00
9.917343897750837641e+03,3.860548957675824067e+00
9.917343919396520505e+03,3.860548917760423748e+00
9.917343941042203369e+03,3.860548877846442739e+00
9.917343962687886233e+03,3.860548837933881483e+00
9.917343984333569097e+03,3.860548798022739980e+00
9.917344005979251961e+03,3.860548758113019119e+00
9.917344027624934824e+03,3.860548718204718011e+00
9.917344049270619507e+03,3.860548678297833103e+00
9.917344070916302371e+03,3.860548638392371945e+00
9.917344092561985235e+03,3.860548598488331429e+00
9.917344114207668099e+03,3.860548558585710666e+00
9.917344135853350963e+03,3.860548518684511876e+00
9.917344157499033827e+03,3.860548478784732840e+00
9.917344179144716691e+03,3.860548438886375333e+00
9.917344200790399555e+03,3.860548398989438024e+00
9.917344222436084237e+03,3.860548359093919579e+00
9.917344244081767101e+03,3.860548319199825329e+00
9.917344265727449965e+03,3.860548279307152608e+00
9.917344287373132829e+03,3.860548239415900529e+00
9.917344309018815693e+03,3.860548199526070867e+00
9.917344330664498557e+03,3.860548159637663179e+00
9.917344352310181421e+03,3.860548119750677021e+00
9.917344373955864285e+03,3.860548079865112392e+00
9.917344395601548968e+03,3.860548039980967072e+00
9.917344417247231831e+03,3.860548000098247723e+00
9.917344438892914695e+03,3.860547960216950791e+00
9.917344460538597559e+03,3.860547920337075389e+00
9.917344482184280423e+03,3.860547880458623293e+00
9.917344503829963287e+03,3.860547840581594503e+00
9.917344525475646151e+03,3.860547800705987687e+00
9.917344547121329015e+03,3.860547760831804620e+00
9.917344568767011879e+03,3.860547720959043527e+00
9.917344590412696562e+03,3.860547681087703964e+00
9.917344612058379425e+03,3.860547641217790371e+00
9.917344633704062289e+03,3.860547601349300084e+00
9.917344655349745153e+03,3.860547561482233991e+00
9.917344676995428017e+03,3.860547521616591204e+00
9.917344698641110881e+03,3.860547481752372612e+00
9.917344720286793745e+03,3.860547441889578213e+00
9.917344741932476609e+03,3.860547402028207564e+00
9.917344763578161292e+03,3.860547362168258001e+00
9.917344785223844156e+03,3.860547322309736185e+00
9.917344806869527019e+03,3.860547282452639450e+00
9.917344828515209883e+03,3.860547242596966910e+00
9.917344850160892747e+03,3.860547202742719008e+00
9.917344871806575611e+03,3.860547162889896189e+00
9.917344893452258475e+03,3.860547123038498452e+00
9.917344915097941339e+03,3.860547083188525797e+00
9.917344936743626022e+03,3.860547043339975115e+00
9.917344958389308886e+03,3.860547003492853513e+00
9.917344980034991750e+03,3.860546963647156993e+00
9.917345001680674613e+03,3.860546923802885999e+00
9.917345023326357477e+03,3.860546883960041420e+00
9.917345044972040341e+03,3.860546844118622811e+00
9.917345066617723205e+03,3.860546804278629729e+00
9.917345088263406069e+03,3.860546764440063061e+00
9.917345109909090752e+03,3.860546724602919255e+00
9.917345131554773616e+03,3.860546684767204972e+00
9.917345153200456480e+03,3.860546644932917548e+00
9.917345174846139344e+03,3.860546605100056983e+00
9.917345196491822207e+03,3.860546565268622832e+00
9.917345218137505071e+03,3.860546525438616428e+00
9.917345239783187935e+03,3.860546485610035994e+00
9.917345261428870799e+03,3.860546445782883751e+00
9.917345283074555482e+03,3.860546405957154814e+00
9.917345304720238346e+03,3.860546366132856733e+00
9.917345326365921210e+03,3.860546326309985510e+00
9.917345348011604074e+03,3.860546286488543366e+00
9.917345369657286938e+03,3.860546246668528081e+00
9.917345391302969801e+03,3.860546206849940987e+00
9.917345412948652665e+03,3.860546167032781639e+00
9.917345434594335529e+03,3.860546127217051371e+00
9.917345456240020212e+03,3.860546087402744853e+00
9.917345477885703076e+03,3.860546047589871410e+00
9.917345499531385940e+03,3.860546007778425714e+00
9.917345521177068804e+03,3.860545967968409098e+00
9.917345542822751668e+03,3.860545928159821116e+00
9.917345564468434532e+03,3.860545888352662214e+00
9.917345586114117395e+03,3.860545848546931946e+00
9.917345607759800259e+03,3.860545808742630314e+00
9.917345629405483123e+03,3.860545768939759537e+00
9.917345651051167806e+03,3.860545729138313842e+00
9.917345672696850670e+03,3.860545689338300779e+00
9.917345694342533534e+03,3.860545649539718127e+00
9.917345715988216398e+03,3.860545609742564999e+00
9.917345737633899262e+03,3.860545569946841837e+00
9.917345759279582126e+03,3.860545530152549087e+00
9.917345780925264989e+03,3.860545490359685861e+00
9.917345802570947853e+03,3.860545450568253489e+00
9.917345824216632536e+03,3.860545410778247977e+00
9.917345845862315400e+03,3.860545370989676872e+00
9.917345867507998264e+03,3.860545331202535735e+00
9.917345889153681128e+03,3.860545291416826341e+00
9.917345910799363992e+03,3.860545251632547359e+00
9.917345932445046856e+03,3.860545211849699232e+00
9.917345954090729720e+03,3.860545172068281961e+00
9.917345975736412584e+03,3.860545132288297321e+00
9.917345997382097266e+03,3.860545092509739984e+00
9.917346019027780130e+03,3.860545052732617055e+00
9.917346040673462994e+03,3.860545012956926314e+00
9.917346062319145858e+03,3.860544973182667317e+00
9.917346083964828722e+03,3.860544933409840507e+00
9.917346105610511586e+03,3.860544893638445885e+00
9.917346127256194450e+03,3.860544853868483006e+00
9.917346148901877314e+03,3.860544814099952760e+00
9.917346170547561997e+03,3.860544774332851592e+00
9.917346192193244860e+03,3.860544734567186165e+00
9.917346213838927724e+03,3.860544694802953369e+00
9.917346235484610588e+03,3.860544655040154094e+00
9.917346257130293452e+03,3.860544615278787006e+00
9.917346278775976316e+03,3.860544575518852994e+00
9.917346300421659180e+03,3.860544535760352503e+00
9.917346322067342044e+03,3.860544496003285531e+00
9.917346343713026727e+03,3.860544456247648526e+00
9.917346365358709591e+03,3.860544416493447706e+00
9.917346387004392454e+03,3.860544376740682182e+00
9.917346408650075318e+03,3.860544336989349290e+00
9.917346430295758182e+03,3.860544297239450806e+00
9.917346451941441046e+03,3.860544257490985842e+00
9.917346473587123910e+03,3.860544217743955286e+00
9.917346495232806774e+03,3.860544177998359139e+00
9.917346516878491457e+03,3.860544138254193847e+00
9.917346538524174321e+03,3.860544098511466515e+00
9.917346560169857185e+03,3.860544058770174480e+00
9.917346581815540048e+03,3.860544019030316854e+00
9.917346603461222912e+03,3.860543979291894523e+00
9.917346625106905776e+03,3.860543939554907489e+00
9.917346646752588640e+03,3.860543899819355307e+00
9.917346668398271504e+03,3.860543860085237977e+00
9.917346690043954368e+03,3.860543820352556388e+00
9.917346711689639051e+03,3.860543780621306986e+00
9.917346733335321915e+03,3.860543740891496878e+00
9.917346754981004779e+03,3.860543701163123398e+00
9.917346776626687642e+03,3.860543661436184326e+00
9.917346798272370506e+03,3.860543621710682327e+00
9.917346819918053370e+03,3.860543581986616513e+00
9.917346841563736234e+03,3.860543542263986438e+00
9.917346863209419098e+03,3.860543502542792993e+00
9.917346884855103781e+03,3.860543462823033511e+00
9.917346906500786645e+03,3.860543423104712879e+00
9.917346928146469509e+03,3.860543383387829763e+00
9.917346949792152373e+03,3.860543343672384164e+00
9.917346971437835236e+03,3.860543303958374306e+00
9.917346993083518100e+03,3.860543264245802852e+00
9.917347014729200964e+03,3.860543224534668472e+00
9.917347036374883828e+03,3.860543184824971608e+00
9.917347058020568511e+03,3.860543145116708708e+00
9.917347079666251375e+03,3.860543105409886877e+00
9.917347101311934239e+03,3.860543065704503007e+00
9.917347122957617103e+03,3.860543026000556655e+00
9.917347144603299967e+03,3.860542986298049151e+00
9.917347166248982830e+03,3.860542946596979164e+00
9.917347187894665694e+03,3.860542906897347581e+00
9.917347209540348558e+03,3.860542867199155292e+00
9.917347231186033241e+03,3.860542827502397412e+00
9.917347252831716105e+03,3.860542787807082377e+00
9.917347274477398969e+03,3.860542748113205747e+00
9.917347296123081833e+03,3.860542708420767966e+00
9.917347317768764697e+03,3.860542668729769034e+00
9.917347339414447561e+03,3.860542629040209839e+00
9.917347361060130424e+03,3.860542589352089493e+00
9.917347382705813288e+03,3.860542549665408885e+00
9.917347404351497971e+03,3.860542509980164017e+00
9.917347425997180835e+03,3.860542470296363771e+00
9.917347447642863699e+03,3.860542430614001486e+00
9.917347469288546563e+03,3.860542390933080270e+00
9.917347490934229427e+03,3.860542351253598792e+00
9.917347512579912291e+03,3.860542311575557939e+00
9.917347534225595155e+03,3.860542271898956823e+00
9.917347555871278018e+03,3.860542232223796777e+00
9.917347577516962701e+03,3.860542192550073803e+00
9.917347599162645565e+03,3.860542152877794564e+00
9.917347620808328429e+03,3.860542113206956394e+00
9.917347642454011293e+03,3.860542073537559293e+00
9.917347664099694157e+03,3.860542033869602818e+00
9.917347685745377021e+03,3.860541994203087857e+00
9.917347707391059885e+03,3.860541954538013965e+00
9.917347729036742749e+03,3.860541914874382474e+00
9.917347750682425612e+03,3.860541875212192053e+00
9.917347772328110295e+03,3.860541835551439593e+00
9.917347793973793159e+03,3.860541795892132644e+00
9.917347815619476023e+03,3.860541756234267652e+00
9.917347837265158887e+03,3.860541716577844618e+00
9.917347858910841751e+03,3.860541676922864429e+00
9.917347880556524615e+03,3.860541637269325754e+00
9.917347902202207479e+03,3.860541597617229481e+00
9.917347923847890343e+03,3.860541557966576498e+00
9.917347945493575025e+03,3.860541518317362808e+00
9.917347967139257889e+03,3.860541478669595072e+00
9.917347988784940753e+03,3.860541439023270183e+00
9.917348010430623617e+03,3.860541399378388583e+00
9.917348032076306481e+03,3.860541359734949829e+00
9.917348053721989345e+03,3.860541320092955253e+00
9.917348075367672209e+03,3.860541280452403523e+00
9.917348097013355073e+03,3.860541240813295527e+00
9.917348118659039756e+03,3.860541201175628157e+00
9.917348140304722619e+03,3.860541161539407629e+00
9.917348161950405483e+03,3.860541121904631279e+00
9.917348183596088347e+03,3.860541082271298663e+00
9.917348205241771211e+03,3.860541042639410669e+00
9.917348226887454075e+03,3.860541003008966410e+00
9.917348248533136939e+03,3.860540963379967216e+00
9.917348270178819803e+03,3.860540923752412201e+00
9.917348291824504486e+03,3.860540884126299144e+00
9.917348313470187350e+03,3.860540844501634261e+00
9.917348335115870213e+03,3.860540804878414001e+00
9.917348356761553077e+03,3.860540765256638807e+00
9.917348378407235941e+03,3.860540725636309123e+00
9.917348400052918805e+03,3.860540686017424061e+00
9.917348421698601669e+03,3.860540646399984954e+00
9.917348443344284533e+03,3.860540606783991802e+00
9.917348464989969216e+03,3.860540567169440607e+00
9.917348486635652080e+03,3.860540527556338475e+00
9.917348508281334944e+03,3.860540487944683186e+00
9.917348529927017807e+03,3.860540448334472963e+00
9.917348551572700671e+03,3.860540408725709138e+00
9.917348573218383535e+03,3.860540369118391713e+00
9.917348594864066399e+03,3.860540329512521129e+00
9.917348616509749263e+03,3.860540289908096945e+00
9.917348638155433946e+03,3.860540250305116494e+00
9.917348659801116810e+03,3.860540210703585551e+00
9.917348681446799674e+03,3.860540171103501894e+00
9.917348703092482538e+03,3.860540131504865524e+00
9.917348724738165402e+03,3.860540091907675997e+00
9.917348746383848265e+03,3.860540052311934200e+00
9.917348768029531129e+03,3.860540012717639247e+00
9.917348789675213993e+03,3.860539973124792912e+00
9.917348811320898676e+03,3.860539933533389867e+00
9.917348832966581540e+03,3.860539893943438550e+00
9.917348854612264404e+03,3.860539854354935407e+00
9.917348876257947268e+03,3.860539814767879552e+00
9.917348897903630132e+03,3.860539775182272315e+00
9.917348919549312996e+03,3.860539735598113698e+00
9.917348941194995859e+03,3.860539696015402811e+00
9.917348962840678723e+03,3.860539656434141431e+00
9.917348984486361587e+03,3.860539616854328671e+00
9.917349006132046270e+03,3.860539577275960976e+00
9.917349027777729134e+03,3.860539537699045898e+00
9.917349049423411998e+03,3.860539498123580326e+00
9.917349071069094862e+03,3.860539458549562930e+00
9.917349092714777726e+03,3.860539418976995485e+00
9.917349114360460590e+03,3.860539379405877103e+00
9.917349136006143453e+03,3.860539339836208228e+00
9.917349157651826317e+03,3.860539300267989749e+00
9.917349179297511000e+03,3.860539260701218112e+00
9.917349200943193864e+03,3.860539221135898202e+00
9.917349222588876728e+03,3.860539181572029577e+00
9.917349244234559592e+03,3.860539142009611346e+00
9.917349265880242456e+03,3.860539102448643067e+00
9.917349287525925320e+03,3.860539062889125184e+00
9.917349309171608184e+03,3.860539023331057695e+00
9.917349330817291047e+03,3.860538983774441046e+00
9.917349352462975730e+03,3.860538944219272128e+00
9.917349374108658594e+03,3.860538904665557158e+00
9.917349395754341458e+03,3.860538865113293916e+00
9.917349417400024322e+03,3.860538825562481069e+00
9.917349439045707186e+03,3.860538786013119950e+00
9.917349460691390050e+03,3.860538746465210114e+00
9.917349482337072914e+03,3.860538706918752450e+00
9.917349503982755778e+03,3.860538667373745625e+00
9.917349525628440460e+03,3.860538627830188307e+00
9.917349547274123324e+03,3.860538588288085382e+00
9.917349568919806188e+03,3.860538548747434628e+00
9.917349590565489052e+03,3.860538509208236935e+00
9.917349612211171916e+03,3.860538469670490969e+00
9.917349633856854780e+03,3.860538430134197618e+00
9.917349655502537644e+03,3.860538390599356440e+00
9.917349677148220508e+03,3.860538351065967877e+00
9.917349698793905191e+03,3.860538311534029265e+00
9.917349720439588054e+03,3.860538272003547267e+00
9.917349742085270918e+03,3.860538232474517439e+00
9.917349763730953782e+03,3.860538192946942004e+00
9.917349785376636646e+03,3.860538153420818741e+00
9.917349807022319510e+03,3.860538113896149870e+00
9.917349828668002374e+03,3.860538074372934059e+00
9.917349850313685238e+03,3.860538034851171751e+00
9.917349871959369921e+03,3.860537995330860284e+00
9.917349893605052785e+03,3.860537955812006317e+00
9.917349915250735648e+03,3.860537916294605854e+00
9.917349936896418512e+03,3.860537876778660227e+00
9.917349958542101376e+03,3.860537837264168104e+00
9.917349980187784240e+03,3.860537797751131261e+00
9.917350001833467104e+03,3.860537758239548367e+00
9.917350023479149968e+03,3.860537718729420753e+00
9.917350045124832832e+03,3.860537679220747531e+00
9.917350066770517515e+03,3.860537639713526481e+00
9.917350088416200379e+03,3.860537600207763376e+00
9.917350110061883242e+03,3.860537560703455551e+00
9.917350131707566106e+03,3.860537521200603006e+00
9.917350153353248970e+03,3.860537481699206186e+00
9.917350174998931834e+03,3.860537442199264646e+00
9.917350196644614698e+03,3.860537402700778387e+00
9.917350218290297562e+03,3.860537363203748740e+00
9.917350239935982245e+03,3.860537323708171709e+00
9.917350261581665109e+03,3.860537284214053511e+00
9.917350283227347973e+03,3.860537244721391481e+00
9.917350304873030836e+03,3.860537205230186508e+00
9.917350326518713700e+03,3.860537165740437260e+00
9.917350348164396564e+03,3.860537126252144624e+00
9.917350369810079428e+03,3.860537086765309489e+00
9.917350391455762292e+03,3.860537047279930523e+00
9.917350413101446975e+03,3.860537007796005504e+00
9.917350434747129839e+03,3.860536968313540651e+00
9.917350456392812703e+03,3.860536928832532855e+00
9.917350478038495567e+03,3.860536889352982559e+00
9.917350499684178430e+03,3.860536849874888876e+00
9.917350521329861294e+03,3.860536810398253582e+00
9.917350542975544158e+03,3.860536770923076233e+00
9.917350564621227022e+03,3.860536731449356829e+00
9.917350586266911705e+03,3.860536691977090928e+00
9.917350607912594569e+03,3.860536652506287414e+00
9.917350629558277433e+03,3.860536613036941844e+00
9.917350651203960297e+03,3.860536573569054219e+00
9.917350672849643161e+03,3.860536534102625872e+00
9.917350694495326024e+03,3.860536494637655913e+00
9.917350716141008888e+03,3.860536455174143899e+00
9.917350737786691752e+03,3.860536415712090719e+00
9.917350759432376435e+03,3.860536376251494151e+00
9.917350781078059299e+03,3.860536336792359524e+00
9.917350802723742163e+03,3.860536297334683731e+00
9.917350824369425027e+03,3.860536257878467659e+00
9.917350846015107891e+03,3.860536218423710420e+00
9.917350867660790755e+03,3.860536178970412902e+00
9.917350889306473618e+03,3.860536139518575993e+00
9.917350910952156482e+03,3.860536100068197474e+00
9.917350932597841165e+03,3.860536060619276455e+00
9.917350954243524029e+03,3.860536021171818710e+00
9.917350975889206893e+03,3.860535981725821131e+00
9.917350997534889757e+03,3.860535942281283717e+00
9.917351019180572621e+03,3.860535902838206468e+00
9.917351040826255485e+03,3.860535863396590717e+00
9.917351062471938349e+03,3.860535823956434687e+00
9.917351084117621212e+03,3.860535784517739710e+00
9.917351105763304076e+03,3.860535745080505787e+00
9.917351127408988759e+03,3.860535705644729809e+00
9.917351149054671623e+03,3.860535666210418437e+00
9.917351170700354487e+03,3.860535626777567675e+00
9.917351192346037351e+03,3.860535587346178854e+00
9.917351213991720215e+03,3.860535547916251087e+00
9.917351235637403079e+03,3.860535508487785261e+00
9.917351257283085943e+03,3.860535469060780933e+00
9.917351278928768807e+03,3.860535429635238991e+00
9.917351300574453489e+03,3.860535390211155882e+00
9.917351322220136353e+03,3.860535350788538267e+00
9.917351343865819217e+03,3.860535311367383038e+00
9.917351365511502081e+03,3.860535271947689751e+00
9.917351387157184945e+03,3.860535232529459293e+00
9.917351408802867809e+03,3.860535193112691665e+00
9.917351430448550673e+03,3.860535153697385979e+00
9.917351452094233537e+03,3.860535114283544011e+00
9.917351473739918220e+03,3.860535074871161321e+00
9.917351495385601083e+03,3.860535035460245457e+00
9.917351517031283947e+03,3.860534996050793310e+00
9.917351538676966811e+03,3.860534956642803550e+00
9.917351560322649675e+03,3.860534917236277508e+00
9.917351581968332539e+03,3.860534877831215628e+00
9.917351603614015403e+03,3.860534838427617910e+00
9.917351625259698267e+03,3.860534799025483021e+00
9.917351646905382950e+03,3.860534759624809631e+00
9.917351668551065814e+03,3.860534720225603067e+00
9.917351690196748677e+03,3.860534680827861997e+00
9.917351711842431541e+03,3.860534641431583758e+00
9.917351733488114405e+03,3.860534602036771457e+00
9.917351755133797269e+03,3.860534562643423317e+00
9.917351776779480133e+03,3.860534523251539785e+00
9.917351798425162997e+03,3.860534483861120858e+00
9.917351820070847680e+03,3.860534444472163873e+00
9.917351841716530544e+03,3.860534405084675491e+00
9.917351863362213408e+03,3.860534365698652159e+00
9.917351885007896271e+03,3.860534326314094322e+00
9.917351906653579135e+03,3.860534286931002423e+00
9.917351928299261999e+03,3.860534247549376019e+00
9.917351949944944863e+03,3.860534208169214665e+00
9.917351971590627727e+03,3.860534168790519693e+00
9.917351993236312410e+03,3.860534129413287996e+00
9.917352014881995274e+03,3.860534090037525345e+00
9.917352036527678138e+03,3.860534050663229078e+00
9.917352058173361002e+03,3.860534011290398748e+00
9.917352079819043865e+03,3.860533971919034801e+00
9.917352101464726729e+03,3.860533932549138569e+00
9.917352123110409593e+03,3.860533893180708720e+00
9.917352144756092457e+03,3.860533853813745253e+00
9.917352166401775321e+03,3.860533814448249057e+00
9.917352188047460004e+03,3.860533775084216135e+00
9.917352209693142868e+03,3.860533735721654924e+00
9.917352231338825732e+03,3.860533696360560540e+00
9.917352252984508596e+03,3.860533657000932983e+00
9.917352274630191459e+03,3.860533617642774029e+00
9.917352296275874323e+03,3.860533578286082346e+00
9.917352317921557187e+03,3.860533538930859265e+00
9.917352339567240051e+03,3.860533499577103456e+00
9.917352361212924734e+03,3.860533460224813140e+00
9.917352382858607598e+03,3.860533420873993649e+00
9.917352404504290462e+03,3.860533381524642316e+00
9.917352426149973326e+03,3.860533342176760474e+00
9.917352447795656190e+03,3.860533302830346791e+00
9.917352469441339053e+03,3.860533263485402156e+00
9.917352491087021917e+03,3.860533224141925679e+00
9.917352512732704781e+03,3.860533184799919137e+00
9.917352534378389464e+03,3.860533145459377646e+00
9.917352556024072328e+03,3.860533106120309199e+00
9.917352577669755192e+03,3.860533066782709355e+00
9.917352599315438056e+03,3.860533027446580334e+00
9.917352620961120920e+03,3.860532988111919472e+00
9.917352642606803784e+03,3.860532948778729434e+00
9.917352664252486647e+03,3.860532909447008443e+00
9.917352685898169511e+03,3.860532870116758275e+00
9.917352707543854194e+03,3.860532830787974934e+00
9.917352729189537058e+03,3.860532791460664637e+00
9.917352750835219922e+03,3.860532752134824719e+00
9.917352772480902786e+03,3.860532712810455180e+00
9.917352794126585650e+03,3.860532673487556909e+00
9.917352815772268514e+03,3.860532634166128130e+00
9.917352837417951378e+03,3.860532594846171506e+00
9.917352859063634241e+03,3.860532555527685261e+00
9.917352880709318924e+03,3.860532516210666731e+00
9.917352902355001788e+03,3.860532476895123466e+00
9.917352924000684652e+03,3.860532437581050580e+00
9.917352945646367516e+03,3.860532398268449850e+00
9.917352967292050380e+03,3.860532358957320387e+00
9.917352988937733244e+03,3.860532319647662636e+00
9.917353010583416108e+03,3.860532280339477040e+00
9.917353032229098972e+03,3.860532241032763601e+00
9.917353053874783654e+03,3.860532201727518320e+00
9.917353075520466518e+03,3.860532162423749192e+00
9.917353097166149382e+03,3.860532123121451775e+00
9.917353118811832246e+03,3.860532083820626958e+00
9.917353140457515110e+03,3.860532044521275630e+00
9.917353162103197974e+03,3.860532005223395569e+00
9.917353183748880838e+03,3.860531965926989439e+00
9.917353205394563702e+03,3.860531926632056354e+00
9.917353227040246566e+03,3.860531887338595869e+00
9.917353248685931248e+03,3.860531848046605319e+00
9.917353270331614112e+03,3.860531808756091809e+00
9.917353291977296976e+03,3.860531769467051344e+00
9.917353313622979840e+03,3.860531730179484367e+00
9.917353335268662704e+03,3.860531690893390877e+00
9.917353356914345568e+03,3.860531651608771764e+00
9.917353378560028432e+03,3.860531612325627027e+00
9.917353400205711296e+03,3.860531573043956222e+00
9.917353421851395979e+03,3.860531533763755352e+00
9.917353443497078842e+03,3.860531494485033299e+00
9.917353465142761706e+03,3.860531455207784735e+00
9.917353486788444570e+03,3.860531415932010990e+00
9.917353508434127434e+03,3.860531376657712510e+00
9.917353530079810298e+03,3.860531337384888406e+00
9.917353551725493162e+03,3.860531298113539123e+00
9.917353573371176026e+03,3.860531258843665103e+00
9.917353595016860709e+03,3.860531219575263684e+00
9.917353616662543573e+03,3.860531180308339749e+00
9.917353638308226436e+03,3.860531141042891967e+00
9.917353659953909300e+03,3.860531101778919005e+00
9.917353681599592164e+03,3.860531062516422640e+00
9.917353703245275028e+03,3.860531023255401539e+00
9.917353724890957892e+03,3.860530983995857035e+00
9.917353746536640756e+03,3.860530944737788239e+00
9.917353768182325439e+03,3.860530905481191599e+00
9.917353789828008303e+03,3.860530866226075553e+00
9.917353811473691167e+03,3.860530826972435658e+00
9.917353833119374031e+03,3.860530787720271473e+00
9.917353854765056894e+03,3.860530748469585216e+00
9.917353876410739758e+03,3.860530709220375556e+00
9.917353898056422622e+03,3.860530669972642048e+00
9.917353919702105486e+03,3.860530630726386025e+00
9.917353941347790169e+03,3.860530591481604379e+00
9.917353962993473033e+03,3.860530552238303326e+00
9.917353984639155897e+03,3.860530512996478425e+00
9.917354006284838761e+03,3.860530473756132785e+00
9.917354027930521625e+03,3.860530434517263298e+00
9.917354049576204488e+03,3.860530395279872629e+00
9.917354071221887352e+03,3.860530356043959888e+00
9.917354092867570216e+03,3.860530316809524631e+00
9.917354114513254899e+03,3.860530277576564639e+00
9.917354136158937763e+03,3.860530238345086129e+00
9.917354157804620627e+03,3.860530199115085992e+00
9.917354179450303491e+03,3.860530159886563784e+00
9.917354201095986355e+03,3.860530120659521280e+00
9.917354222741669219e+03,3.860530081433957594e+00
9.917354244387352082e+03,3.860530042209871837e+00
9.917354266033034946e+03,3.860530002987265785e+00
9.917354287678717810e+03,3.860529963766139439e+00
9.917354309324402493e+03,3.860529924546487912e+00
9.917354330970085357e+03,3.860529885328320088e+00
9.917354352615768221e+03,3.860529846111630636e+00
9.917354374261451085e+03,3.860529806896421778e+00
9.917354395907133949e+03,3.860529767682692626e+00
9.917354417552816813e+03,3.860529728470442734e+00
9.917354439198499676e+03,3.860529689259673436e+00
9.917354460844182540e+03,3.860529650050384731e+00
9.917354482489867223e+03,3.860529610842571735e+00
9.917354504135550087e+03,3.860529571636243329e+00
9.917354525781232951e+03,3.860529532431395516e+00
9.917354547426915815e+03,3.860529493228028297e+00
9.917354569072598679e+03,3.860529454026141671e+00
9.917354590718281543e+03,3.860529414825735195e+00
9.917354612363964407e+03,3.860529375626810644e+00
9.917354634009647270e+03,3.860529336429367131e+00
9.917354655655331953e+03,3.860529297233401547e+00
9.917354677301014817e+03,3.860529258038920553e+00
9.917354698946697681e+03,3.860529218845921484e+00
9.917354720592380545e+03,3.860529179654403453e+00
9.917354742238063409e+03,3.860529140464367348e+00
9.917354763883746273e+03,3.860529101275813169e+00
9.917354785529429137e+03,3.860529062088740915e+00
9.917354807175112001e+03,3.860529022903151031e+00
9.917354828820796683e+03,3.860528983719040408e+00
9.917354850466479547e+03,3.860528944536414819e+00
9.917354872112162411e+03,3.860528905355271601e+00
9.917354893757845275e+03,3.860528866175611640e+00
9.917354915403528139e+03,3.860528826997434049e+00
9.917354937049211003e+03,3.860528787820739272e+00
9.917354958694893867e+03,3.860528748645528196e+00
9.917354980340576731e+03,3.860528709471798603e+00
9.917355001986261414e+03,3.860528670299550491e+00
9.917355023631944277e+03,3.860528631128788746e+00
9.917355045277627141e+03,3.860528591959509814e+00
9.917355066923310005e+03,3.860528552791715473e+00
9.917355088568992869e+03,3.860528513625404390e+00
9.917355110214675733e+03,3.860528474460576565e+00
9.917355131860358597e+03,3.860528435297234218e+00
9.917355153506041461e+03,3.860528396135374241e+00
9.917355175151726144e+03,3.860528356974996633e+00
9.917355196797409008e+03,3.860528317816105837e+00
9.917355218443091871e+03,3.860528278658699630e+00
9.917355240088774735e+03,3.860528239502778458e+00
9.917355261734457599e+03,3.860528200348341432e+00
9.917355283380140463e+03,3.860528161195389885e+00
9.917355305025823327e+03,3.860528122043922483e+00
9.917355326671506191e+03,3.860528082893941004e+00
9.917355348317190874e+03,3.860528043745440563e+00
9.917355369962873738e+03,3.860528004598429597e+00
9.917355391608556602e+03,3.860527965452903221e+00
9.917355413254239465e+03,3.860527926308863211e+00
9.917355434899922329e+03,3.860527887166308680e+00
9.917355456545605193e+03,3.860527848025240072e+00
9.917355478191288057e+03,3.860527808885657386e+00
9.917355499836970921e+03,3.860527769747560622e+00
9.917355521482653785e+03,3.860527730610950226e+00
9.917355543128338468e+03,3.860527691475822198e+00
9.917355564774021332e+03,3.860527652342185423e+00
9.917355586419704196e+03,3.860527613210033682e+00
9.917355608065387059e+03,3.860527574079370083e+00
9.917355629711069923e+03,3.860527534950191519e+00
9.917355651356752787e+03,3.860527495822501098e+00
9.917355673002435651e+03,3.860527456696297932e+00
9.917355694648118515e+03,3.860527417571581132e+00
9.917355716293803198e+03,3.860527378448348479e+00
9.917355737939486062e+03,3.860527339326607521e+00
9.917355759585168926e+03,3.860527300206353818e+00
9.917355781230851790e+03,3.860527261087586925e+00
9.917355802876534653e+03,3.860527221970308176e+00
9.917355824522217517e+03,3.860527182854518013e+00
9.917355846167900381e+03,3.860527143740215106e+00
9.917355867813583245e+03,3.860527104627400341e+00
9.917355889459267928e+03,3.860527065516071499e+00
9.917355911104950792e+03,3.860527026406233464e+00
9.917355932750633656e+03,3.860526987297884016e+00
9.917355954396316520e+03,3.860526948191023600e+00
9.917355976041999384e+03,3.860526909085652214e+00
9.917355997687682247e+03,3.860526869981769416e+00
9.917356019333365111e+03,3.860526830879376092e+00
9.917356040979047975e+03,3.860526791778471356e+00
9.917356062624732658e+03,3.860526752679052986e+00
9.917356084270415522e+03,3.860526713581126756e+00
9.917356105916098386e+03,3.860526674484690446e+00
9.917356127561781250e+03,3.860526635389744055e+00
9.917356149207464114e+03,3.860526596296287583e+00
9.917356170853146978e+03,3.860526557204320586e+00
9.917356192498829841e+03,3.860526518113843064e+00
9.917356214144512705e+03,3.860526479024856350e+00
9.917356235790197388e+03,3.860526439937356891e+00
9.917356257435880252e+03,3.860526400851350903e+00
9.917356279081563116e+03,3.860526361766834835e+00
9.917356300727245980e+03,3.860526322683810463e+00
9.917356322372928844e+03,3.860526283602276454e+00
9.917356344018611708e+03,3.860526244522232808e+00
9.917356365664294572e+03,3.860526205443680858e+00
9.917356387309977436e+03,3.860526166366619272e+00
9.917356408955662118e+03,3.860526127291046272e+00
9.917356430601344982e+03,3.860526088216967633e+00
9.917356452247027846e+03,3.860526049144380245e+00
9.917356473892710710e+03,3.860526010073285441e+00
9.917356495538393574e+03,3.860525971003681445e+00
9.917356517184076438e+03,3.860525931935570032e+00
9.917356538829759302e+03,3.860525892868950315e+00
9.917356560475442166e+03,3.860525853803823182e+00
9.917356582121125030e+03,3.860525814740187744e+00
9.917356603766809712e+03,3.860525775678040894e+00
9.917356625412492576e+03,3.860525736617390624e+00
9.917356647058175440e+03,3.860525697558232938e+00
9.917356668703858304e+03,3.860525658500568280e+00
9.917356690349541168e+03,3.860525619444395762e+00
9.917356711995224032e+03,3.860525580389716271e+00
9.917356733640906896e+03,3.860525541336529809e+00
9.917356755286589760e+03,3.860525502284837707e+00
9.917356776932274443e+03,3.860525463234634191e+00
9.917356798577957306e+03,3.860525424185928145e+00
9.917356820223640170e+03,3.860525385138716015e+00
9.917356841869323034e+03,3.860525346092996912e+00
9.917356863515005898e+03,3.860525307048772170e+00
9.917356885160688762e+03,3.860525268006040900e+00
9.917356906806371626e+03,3.860525228964804878e+00
9.917356928452054490e+03,3.860525189925061884e+00
9.917356950097739173e+03,3.860525150886810142e+00
9.917356971743422037e+03,3.860525111850056756e+00
9.917356993389104900e+03,3.860525072814797287e+00
9.917357015034787764e+03,3.860525033781032622e+00
9.917357036680470628e+03,3.860524994748762762e+00
9.917357058326153492e+03,3.860524955717988593e+00
9.917357079971836356e+03,3.860524916688708341e+00
9.917357101617519220e+03,3.860524877660923782e+00
9.917357123263203903e+03,3.860524838634631806e+00
9.917357144908886767e+03,3.860524799609837743e+00
9.917357166554569631e+03,3.860524760586540260e+00
9.917357188200252494e+03,3.860524721564738027e+00
9.917357209845935358e+03,3.860524682544431041e+00
9.917357231491618222e+03,3.860524643525620636e+00
9.917357253137301086e+03,3.860524604508305924e+00
9.917357274782983950e+03,3.860524565492487792e+00
9.917357296428668633e+03,3.860524526478161800e+00
9.917357318074351497e+03,3.860524487465335941e+00
9.917357339720034361e+03,3.860524448454007551e+00
9.917357361365717225e+03,3.860524409444174854e+00
9.917357383011400088e+03,3.860524370435839625e+00
9.917357404657082952e+03,3.860524331429000533e+00
9.917357426302765816e+03,3.860524292423659354e+00
9.917357447948448680e+03,3.860524253419814311e+00
9.917357469594133363e+03,3.860524214417464073e+00
9.917357491239816227e+03,3.860524175416613968e+00
9.917357512885499091e+03,3.860524136417262220e+00
9.917357534531181955e+03,3.860524097419407941e+00
9.917357556176864819e+03,3.860524058423050686e+00
9.917357577822547682e+03,3.860524019428192233e+00
9.917357599468230546e+03,3.860523980434830804e+00
9.917357621113913410e+03,3.860523941442968621e+00
9.917357642759596274e+03,3.860523902452603462e+00
9.917357664405280957e+03,3.860523863463734440e+00
9.917357686050963821e+03,3.860523824476366883e+00
9.917357707696646685e+03,3.860523785490498572e+00
9.917357729342329549e+03,3.860523746506128617e+00
9.917357750988012413e+03,3.860523707523257464e+00
9.917357772633695276e+03,3.860523668541884668e+00
9.917357794279378140e+03,3.860523629562012005e+00
9.917357815925061004e+03,3.860523590583638143e+00
9.917357837570745687e+03,3.860523551606760417e+00
9.917357859216428551e+03,3.860523512631385934e+00
9.917357880862111415e+03,3.860523473657510252e+00
9.917357902507794279e+03,3.860523434685134703e+00
9.917357924153477143e+03,3.860523395714259287e+00
9.917357945799160007e+03,3.860523356744884005e+00
9.917357967444842870e+03,3.860523317777008412e+00
9.917357989090525734e+03,3.860523278810633396e+00
9.917358010736210417e+03,3.860523239845755405e+00
9.917358032381893281e+03,3.860523200882380657e+00
9.917358054027576145e+03,3.860523161920506485e+00
9.917358075673259009e+03,3.860523122960134224e+00
9.917358097318941873e+03,3.860523084001262095e+00
9.917358118964624737e+03,3.860523045043890544e+00
9.917358140610307601e+03,3.860523006088020903e+00
9.917358162255990464e+03,3.860522967133651839e+00
9.917358183901675147e+03,3.860522928180781133e+00
9.917358205547358011e+03,3.860522889229415000e+00
9.917358227193040875e+03,3.860522850279550777e+00
9.917358248838723739e+03,3.860522811331188020e+00
9.917358270484406603e+03,3.860522772384327617e+00
9.917358292130089467e+03,3.860522733438968679e+00
9.917358313775772331e+03,3.860522694495111651e+00
9.917358335421455195e+03,3.860522655552756977e+00
9.917358357067139877e+03,3.860522616611901547e+00
9.917358378712822741e+03,3.860522577672552025e+00
9.917358400358505605e+03,3.860522538734703968e+00
9.917358422004188469e+03,3.860522499798359597e+00
9.917358443649871333e+03,3.860522460863517580e+00
9.917358465295554197e+03,3.860522421930179249e+00
9.917358486941237061e+03,3.860522382998343272e+00
9.917358508586919925e+03,3.860522344068010980e+00
9.917358530232604608e+03,3.860522305139178378e+00
9.917358551878287471e+03,3.860522266211852571e+00
9.917358573523970335e+03,3.860522227286031338e+00
9.917358595169653199e+03,3.860522188361712015e+00
9.917358616815336063e+03,3.860522149438897710e+00
9.917358638461018927e+03,3.860522110517587091e+00
9.917358660106701791e+03,3.860522071597780158e+00
9.917358681752384655e+03,3.860522032679477356e+00
9.917358703398067519e+03,3.860521993762679571e+00
9.917358725043752202e+03,3.860521954847381920e+00
9.917358746689435065e+03,3.860521915933592840e+00
9.917358768335117929e+03,3.860521877021308335e+00
9.917358789980800793e+03,3.860521838110528403e+00
9.917358811626483657e+03,3.860521799201253934e+00
9.917358833272166521e+03,3.860521760293484483e+00
9.917358854917849385e+03,3.860521721387219163e+00
9.917358876563532249e+03,3.860521682482459749e+00
9.917358898209216932e+03,3.860521643579203133e+00
9.917358919854899796e+03,3.860521604677453755e+00
9.917358941500582660e+03,3.860521565777210728e+00
9.917358963146265523e+03,3.860521526878474496e+00
9.917358984791948387e+03,3.860521487981242839e+00
9.917359006437631251e+03,3.860521449085517531e+00
9.917359028083314115e+03,3.860521410191299019e+00
9.917359049728996979e+03,3.860521371298585969e+00
9.917359071374681662e+03,3.860521332407376160e+00
9.917359093020364526e+03,3.860521293517676700e+00
9.917359114666047390e+03,3.860521254629483145e+00
9.917359136311730254e+03,3.860521215742797274e+00
9.917359157957413117e+03,3.860521176857617309e+00
9.917359179603095981e+03,3.860521137973945027e+00
9.917359201248778845e+03,3.860521099091778652e+00
9.917359222894461709e+03,3.860521060211120847e+00
9.917359244540146392e+03,3.860521021331966729e+00
9.917359266185829256e+03,3.860520982454323402e+00
9.917359287831512120e+03,3.860520943578187314e+00
9.917359309477194984e+03,3.860520904703559353e+00
9.917359331122877848e+03,3.860520865830439075e+00
9.917359352768560711e+03,3.860520826958826479e+00
9.917359374414243575e+03,3.860520788088722899e+00
9.917359396059926439e+03,3.860520749220127446e+00
9.917359417705611122e+03,3.860520710353036122e+00
9.917359439351293986e+03,3.860520671487457367e+00
9.917359460996976850e+03,3.860520632623386739e+00
9.917359482642659714e+03,3.860520593760824681e+00
9.917359504288342578e+03,3.860520554899772083e+00
9.917359525934025442e+03,3.860520516040227612e+00
9.917359547579708305e+03,3.860520477182193044e+00
9.917359569225391169e+03,3.860520438325667048e+00
9.917359590871075852e+03,3.860520399470647401e+00
9.917359612516758716e+03,3.860520360617141211e+00
9.917359634162441580e+03,3.860520321765143148e+00
9.917359655808124444e+03,3.860520282914655432e+00
9.917359677453807308e+03,3.860520244065678064e+00
9.917359699099490172e+03,3.860520205218210155e+00
9.917359720745173036e+03,3.860520166372252149e+00
9.917359742390855899e+03,3.860520127527804490e+00
9.917359764036538763e+03,3.860520088684867179e+00
9.917359785682223446e+03,3.860520049843437107e+00
9.917359807327906310e+03,3.860520011003520047e+00
9.917359828973589174e+03,3.860519972165114666e+00
9.917359850619272038e+03,3.860519933328220077e+00
9.917359872264954902e+03,3.860519894492835835e+00
9.917359893910637766e+03,3.860519855658962829e+00
9.917359915556320630e+03,3.860519816826601502e+00
9.917359937202003493e+03,3.860519777995750523e+00
9.917359958847688176e+03,3.860519739166408115e+00
9.917359980493371040e+03,3.860519700338580495e+00
9.917360002139053904e+03,3.860519661512264555e+00
9.917360023784736768e+03,3.860519622687460739e+00
9.917360045430419632e+03,3.860519583864168602e+00
9.917360067076102496e+03,3.860519545042388145e+00
9.917360088721785360e+03,3.860519506222119812e+00
9.917360110367468224e+03,3.860519467403364047e+00
9.917360132013152906e+03,3.860519428586117296e+00
9.917360153658835770e+03,3.860519389770387111e+00
9.917360175304518634e+03,3.860519350956168605e+00
9.917360196950201498e+03,3.860519312143463111e+00
9.917360218595884362e+03,3.860519273332270629e+00
9.917360240241567226e+03,3.860519234522590715e+00
9.917360261887250090e+03,3.860519195714424256e+00
9.917360283532932954e+03,3.860519156907771254e+00
9.917360305178617637e+03,3.860519118102628155e+00
9.917360326824300500e+03,3.860519079299001177e+00
9.917360348469983364e+03,3.860519040496888987e+00
9.917360370115666228e+03,3.860519001696289365e+00
9.917360391761349092e+03,3.860518962897204531e+00
9.917360413407031956e+03,3.860518924099633153e+00
9.917360435052714820e+03,3.860518885303575676e+00
9.917360456698397684e+03,3.860518846509033430e+00
9.917360478344082367e+03,3.860518807716001533e+00
9.917360499989765231e+03,3.860518768924486643e+00
9.917360521635448094e+03,3.860518730134487431e+00
9.917360543281130958e+03,3.860518691346002562e+00
9.917360564926813822e+03,3.860518652559033370e+00
9.917360586572496686e+03,3.860518613773578522e+00
9.917360608218179550e+03,3.860518574989638019e+00
9.917360629863862414e+03,3.860518536207213192e+00
9.917360651509547097e+03,3.860518497426300932e+00
9.917360673155229961e+03,3.860518458646907014e+00
9.917360694800912825e+03,3.860518419869027884e+00
9.917360716446595688e+03,3.860518381092665763e+00
9.917360738092278552e+03,3.860518342317819318e+00
9.917360759737961416e+03,3.860518303544487662e+00
9.917360781383644280e+03,3.860518264772673014e+00
9.917360803029327144e+03,3.860518226002374931e+00
9.917360824675010008e+03,3.860518187233592080e+00
9.917360846320694691e+03,3.860518148466322685e+00
9.917360867966377555e+03,3.860518109700572964e+00
9.917360889612060419e+03,3.860518070936340695e+00
9.917360911257743282e+03,3.860518032173624547e+00
9.917360932903426146e+03,3.860517993412425408e+00
9.917360954549109010e+03,3.860517954652743722e+00
9.917360976194791874e+03,3.860517915894578600e+00
9.917360997840474738e+03,3.860517877137930931e+00
9.917361019486159421e+03,3.860517838382798050e+00
9.917361041131842285e+03,3.860517799629185287e+00
9.917361062777525149e+03,3.860517760877090865e+00
9.917361084423208013e+03,3.860517722126513007e+00
9.917361106068890876e+03,3.860517683377453491e+00
9.917361127714573740e+03,3.860517644629912759e+00
9.917361149360256604e+03,3.860517605883889480e+00
9.917361171005939468e+03,3.860517567139384543e+00
9.917361192651624151e+03,3.860517528396395281e+00
9.917361214297307015e+03,3.860517489654927026e+00
9.917361235942989879e+03,3.860517450914977111e+00
9.917361257588672743e+03,3.860517412176546870e+00
9.917361279234355607e+03,3.860517373439635413e+00
9.917361300880038470e+03,3.860517334704242742e+00
9.917361322525721334e+03,3.860517295970368856e+00
9.917361344171404198e+03,3.860517257238013755e+00
9.917361365817088881e+03,3.860517218507176107e+00
9.917361387462771745e+03,3.860517179777860353e+00
9.917361409108454609e+03,3.860517141050064271e+00
9.917361430754137473e+03,3.860517102323788308e+00
9.917361452399820337e+03,3.860517063599031573e+00
9.917361474045503201e+03,3.860517024875795400e+00
9.917361495691186065e+03,3.860516986154079344e+00
9.917361517336868928e+03,3.860516947433882518e+00
9.917361538982553611e+03,3.860516908715204032e+00
9.917361560628236475e+03,3.860516869998048328e+00
9.917361582273919339e+03,3.860516831282413186e+00
9.917361603919602203e+03,3.860516792568299937e+00
9.917361625565285067e+03,3.860516753855706806e+00
9.917361647210967931e+03,3.860516715144634237e+00
9.917361668856650795e+03,3.860516676435083117e+00
9.917361690502333659e+03,3.860516637727052558e+00
9.917361712148018341e+03,3.860516599020540784e+00
9.917361733793701205e+03,3.860516560315553569e+00
9.917361755439384069e+03,3.860516521612087359e+00
9.917361777085066933e+03,3.860516482910143932e+00
9.917361798730749797e+03,3.860516444209721509e+00
9.917361820376432661e+03,3.860516405510820981e+00
9.917361842022115525e+03,3.860516366813442790e+00
9.917361863667798389e+03,3.860516328117586937e+00
9.917361885313481253e+03,3.860516289423252978e+00
9.917361906959165935e+03,3.860516250730438248e+00
9.917361928604848799e+03,3.860516212039148964e+00
9.917361950250531663e+03,3.860516173349382907e+00
9.917361971896214527e+03,3.860516134661140075e+00
9.917361993541897391e+03,3.860516095974419137e+00
9.917362015187580255e+03,3.860516057289221870e+00
9.917362036833263119e+03,3.860516018605547384e+00
9.917362058478945983e+03,3.860515979923396124e+00
9.917362080124630666e+03,3.860515941242764981e+00
9.917362101770313529e+03,3.860515902563661061e+00
9.917362123415996393e+03,3.860515863886080812e+00
9.917362145061679257e+03,3.860515825210023344e+00
9.917362166707362121e+03,3.860515786535490435e+00
9.917362188353044985e+03,3.860515747862482083e+00
9.917362209998727849e+03,3.860515709190996514e+00
9.917362231644410713e+03,3.860515670521036391e+00
9.917362253290095396e+03,3.860515631852596385e+00
9.917362274935778260e+03,3.860515593185684491e+00
9.917362296581461123e+03,3.860515554520298043e+00
9.917362318227143987e+03,3.860515515856435265e+00
9.917362339872826851e+03,3.860515477194097933e+00
9.917362361518509715e+03,3.860515438533284716e+00
9.917362383164192579e+03,3.860515399873997389e+00
9.917362404809875443e+03,3.860515361216235508e+00
9.917362426455560126e+03,3.860515322559995077e+00
9.917362448101242990e+03,3.860515283905283646e+00
9.917362469746925854e+03,3.860515245252097216e+00
9.917362491392608717e+03,3.860515206600437565e+00
9.917362513038291581e+03,3.860515167950303361e+00
9.917362534683974445e+03,3.860515129301694603e+00
9.917362556329657309e+03,3.860515090654611736e+00
9.917362577975340173e+03,3.860515052009055648e+00
9.917362599621024856e+03,3.860515013365023229e+00
9.917362621266707720e+03,3.860514974722519366e+00
9.917362642912390584e+03,3.860514936081542725e+00
9.917362664558073448e+03,3.860514897442092419e+00
9.917362686203756311e+03,3.860514858804168892e+00
9.917362707849439175e+03,3.860514820167772587e+00
9.917362729495122039e+03,3.860514781532903061e+00
9.917362751140804903e+03,3.860514742899560758e+00
9.917362772786489586e+03,3.860514704267742569e+00
9.917362794432172450e+03,3.860514665637455156e+00
9.917362816077855314e+03,3.860514627008694966e+00
9.917362837723538178e+03,3.860514588381462442e+00
9.917362859369221042e+03,3.860514549755758029e+00
9.917362881014903905e+03,3.860514511131581283e+00
9.917362902660586769e+03,3.860514472508932204e+00
9.917362924306269633e+03,3.860514433887812125e+00
9.917362945951954316e+03,3.860514395268216159e+00
9.917362967597637180e+03,3.860514356650153189e+00
9.917362989243320044e+03,3.860514318033617442e+00
9.917363010889002908e+03,3.860514279418611139e+00
9.917363032534685772e+03,3.860514240805132502e+00
9.917363054180368636e+03,3.860514202193183309e+00
9.917363075826051499e+03,3.860514163582763558e+00
9.917363097471734363e+03,3.860514124973872363e+00
9.917363119117417227e+03,3.860514086366510611e+00
9.917363140763101910e+03,3.860514047760675194e+00
9.917363162408784774e+03,3.860514009156371440e+00
9.917363184054467638e+03,3.860513970553598906e+00
9.917363205700150502e+03,3.860513931952354927e+00
9.917363227345833366e+03,3.860513893352641279e+00
9.917363248991516230e+03,3.860513854754457519e+00
9.917363270637199093e+03,3.860513816157804090e+00
9.917363292282881957e+03,3.860513777562680104e+00
9.917363313928566640e+03,3.860513738969083786e+00
9.917363335574249504e+03,3.860513700377020907e+00
9.917363357219932368e+03,3.860513661786488804e+00
9.917363378865615232e+03,3.860513623197487476e+00
9.917363400511298096e+03,3.860513584610016924e+00
9.917363422156980960e+03,3.860513546024077147e+00
9.917363443802663824e+03,3.860513507439668146e+00
9.917363465448346687e+03,3.860513468856791253e+00
9.917363487094031370e+03,3.860513430275441138e+00
9.917363508739714234e+03,3.860513391695626684e+00
9.917363530385397098e+03,3.860513353117343893e+00
9.917363552031079962e+03,3.860513314540592322e+00
9.917363573676762826e+03,3.860513275965372859e+00
9.917363595322445690e+03,3.860513237391685060e+00
9.917363616968128554e+03,3.860513198819528924e+00
9.917363638613811418e+03,3.860513160248904896e+00
9.917363660259496100e+03,3.860513121679810755e+00
9.917363681905178964e+03,3.860513083112251831e+00
9.917363703550861828e+03,3.860513044546225903e+00
9.917363725196544692e+03,3.860513005981731638e+00
9.917363746842227556e+03,3.860512967418770813e+00
9.917363768487910420e+03,3.860512928857342985e+00
9.917363790133593284e+03,3.860512890297448152e+00
9.917363811779276148e+03,3.860512851739085427e+00
9.917363833424960831e+03,3.860512813182253922e+00
9.917363855070643694e+03,3.860512774626958521e+00
9.917363876716326558e+03,3.860512736073197004e+00
9.917363898362009422e+03,3.860512697520968928e+00
9.917363920007692286e+03,3.860512658970274291e+00
9.917363941653375150e+03,3.860512620421113095e+00
9.917363963299058014e+03,3.860512581873487115e+00
9.917363984944740878e+03,3.860512543327394130e+00
9.917364006590425561e+03,3.860512504782832366e+00
9.917364028236108425e+03,3.860512466239809370e+00
9.917364049881791288e+03,3.860512427698319371e+00
9.917364071527474152e+03,3.860512389158364588e+00
9.917364093173157016e+03,3.860512350619944133e+00
9.917364114818839880e+03,3.860512312083059339e+00
9.917364136464522744e+03,3.860512273547707984e+00
9.917364158110205608e+03,3.860512235013893179e+00
9.917364179755888472e+03,3.860512196481612701e+00
9.917364201401573155e+03,3.860512157950865220e+00
9.917364223047256019e+03,3.860512119421655619e+00
9.917364244692938883e+03,3.860512080893981679e+00
9.917364266338621746e+03,3.860512042367843843e+00
9.917364287984304610e+03,3.860512003843241668e+00
9.917364309629987474e+03,3.860511965320175154e+00
9.917364331275670338e+03,3.860511926798645188e+00
9.917364352921353202e+03,3.860511888278650883e+00
9.917364374567037885e+03,3.860511849760189573e+00
9.917364396212720749e+03,3.860511811243268365e+00
9.917364417858403613e+03,3.860511772727882818e+00
9.917364439504086477e+03,3.860511734214034707e+00
9.917364461149769340e+03,3.860511695701723145e+00
9.917364482795452204e+03,3.860511657190949020e+00
9.917364504441135068e+03,3.860511618681710999e+00
9.917364526086817932e+03,3.860511580174010859e+00
9.917364547732502615e+03,3.860511541667844160e+00
9.917364569378185479e+03,3.860511503163218450e+00
9.917364591023868343e+03,3.860511464660130176e+00
9.917364612669551207e+03,3.860511426158579784e+00
9.917364634315234071e+03,3.860511387658566385e+00
9.917364655960916934e+03,3.860511349160091310e+00
9.917364677606599798e+03,3.860511310663155005e+00
9.917364699252282662e+03,3.860511272167755248e+00
9.917364720897967345e+03,3.860511233673891596e+00
9.917364742543650209e+03,3.860511195181569377e+00
9.917364764189333073e+03,3.860511156690785040e+00
9.917364785835015937e+03,3.860511118201540803e+00
9.917364807480698801e+03,3.860511079713833560e+00
9.917364829126381665e+03,3.860511041227666418e+00
9.917364850772064528e+03,3.860511002743037157e+00
9.917364872417747392e+03,3.860510964259947553e+00
9.917364894063432075e+03,3.860510925778394054e+00
9.917364915709114939e+03,3.860510887298382432e+00
9.917364937354797803e+03,3.860510848819911356e+00
9.917364959000480667e+03,3.860510810342979049e+00
9.917364980646163531e+03,3.860510771867586843e+00
9.917365002291846395e+03,3.860510733393734295e+00
9.917365023937529259e+03,3.860510694921421404e+00
9.917365045583212122e+03,3.860510656450649059e+00
9.917365067228896805e+03,3.860510617981413262e+00
9.917365088874579669e+03,3.860510579513721119e+00
9.917365110520262533e+03,3.860510541047569077e+00
9.917365132165945397e+03,3.860510502582958470e+00
9.917365153811628261e+03,3.860510464119887075e+00
9.917365175457311125e+03,3.860510425658357558e+00
9.917365197102993989e+03,3.860510387198368587e+00
9.917365218748676853e+03,3.860510348739921493e+00
9.917365240394359716e+03,3.860510310283014501e+00
9.917365262040044399e+03,3.860510271827645390e+00
9.917365283685727263e+03,3.860510233373821709e+00
9.917365305331410127e+03,3.860510194921539018e+00
9.917365326977092991e+03,3.860510156470798204e+00
9.917365348622775855e+03,3.860510118021599268e+00
9.917365370268458719e+03,3.860510079573941766e+00
9.917365391914141583e+03,3.860510041127827030e+00
9.917365413559824447e+03,3.860510002683253283e+00
9.917365435205509129e+03,3.860509964240219638e+00
9.917365456851191993e+03,3.860509925798730979e+00
9.917365478496874857e+03,3.860509887358785086e+00
9.917365500142557721e+03,3.860509848920381515e+00
9.917365521788240585e+03,3.860509810483520265e+00
9.917365543433923449e+03,3.860509772048202670e+00
9.917365565079606313e+03,3.860509733614428285e+00
9.917365586725289177e+03,3.860509695182196221e+00
9.917365608370973860e+03,3.860509656751504703e+00
9.917365630016656723e+03,3.860509618322359060e+00
9.917365651662339587e+03,3.860509579894756627e+00
9.917365673308022451e+03,3.860509541468698735e+00
9.917365694953705315e+03,3.860509503044184054e+00
9.917365716599388179e+03,3.860509464621213471e+00
9.917365738245071043e+03,3.860509426199786542e+00
9.917365759890753907e+03,3.860509387779903268e+00
9.917365781536438590e+03,3.860509349361561870e+00
9.917365803182121454e+03,3.860509310944767680e+00
9.917365824827804317e+03,3.860509272529517144e+00
9.917365846473487181e+03,3.860509234115812038e+00
9.917365868119170045e+03,3.860509195703651475e+00
9.917365889764852909e+03,3.860509157293035454e+00
9.917365911410535773e+03,3.860509118883964863e+00
9.917365933056218637e+03,3.860509080476438815e+00
9.917365954701903320e+03,3.860509042070454644e+00
9.917365976347586184e+03,3.860509003666018568e+00
9.917365997993269048e+03,3.860508965263128811e+00
9.917366019638951911e+03,3.860508926861784484e+00
9.917366041284634775e+03,3.860508888461985144e+00
9.917366062930317639e+03,3.860508850063731678e+00
9.917366084576000503e+03,3.860508811667024087e+00
9.917366106221683367e+03,3.860508773271862815e+00
9.917366127867368050e+03,3.860508734878244752e+00
9.917366149513050914e+03,3.860508696486175229e+00
9.917366171158733778e+03,3.860508658095652912e+00
9.917366192804416642e+03,3.860508619706676470e+00
9.917366214450099505e+03,3.860508581319246790e+00
9.917366236095782369e+03,3.860508542933363874e+00
9.917366257741465233e+03,3.860508504549027720e+00
9.917366279387148097e+03,3.860508466166239216e+00
9.917366301032830961e+03,3.860508427784996588e+00
9.917366322678515644e+03,3.860508389405298946e+00
9.917366344324198508e+03,3.860508351027151175e+00
9.917366365969881372e+03,3.860508312650551055e+00
9.917366387615564236e+03,3.860508274275499030e+00
9.917366409261247099e+03,3.860508235901993768e+00
9.917366430906929963e+03,3.860508197530037044e+00
9.917366452552612827e+03,3.860508159159627972e+00
9.917366474198295691e+03,3.860508120790766551e+00
9.917366495843980374e+03,3.860508082423451004e+00
9.917366517489663238e+03,3.860508044057685773e+00
9.917366539135346102e+03,3.860508005693470412e+00
9.917366560781028966e+03,3.860507967330802259e+00
9.917366582426711830e+03,3.860507928969683533e+00
9.917366604072394694e+03,3.860507890610113790e+00
9.917366625718077557e+03,3.860507852252091698e+00
9.917366647363760421e+03,3.860507813895619922e+00
9.917366669009445104e+03,3.860507775540694020e+00
9.917366690655127968e+03,3.860507737187320210e+00
9.917366712300810832e+03,3.860507698835495383e+00
9.917366733946493696e+03,3.860507660485220427e+00
9.917366755592176560e+03,3.860507622136494899e+00
9.917366777237859424e+03,3.860507583789320130e+00
9.917366798883542288e+03,3.860507545443693900e+00
9.917366820529225151e+03,3.860507507099618429e+00
9.917366842174909834e+03,3.860507468757089278e+00
9.917366863820592698e+03,3.860507430416113994e+00
9.917366885466275562e+03,3.860507392076689026e+00
9.917366907111958426e+03,3.860507353738813929e+00
9.917366928757641290e+03,3.860507315402490480e+00
9.917366950403324154e+03,3.860507277067717347e+00
9.917366972049007018e+03,3.860507238734494528e+00
9.917366993694689882e+03,3.860507200402823358e+00
9.917367015340374564e+03,3.860507162072699394e+00
9.917367036986057428e+03,3.860507123744130187e+00
9.917367058631740292e+03,3.860507085417112183e+00
9.917367080277423156e+03,3.860507047091645827e+00
9.917367101923106020e+03,3.860507008767731119e+00
9.917367123568788884e+03,3.860506970445368058e+00
9.917367145214471748e+03,3.860506932124556645e+00
9.917367166860154612e+03,3.860506893805296880e+00
9.917367188505839295e+03,3.860506855487586542e+00
9.917367210151522158e+03,3.860506817171430960e+00
9.917367231797205022e+03,3.860506778856828802e+00
9.917367253442887886e+03,3.860506740543777848e+00
9.917367275088570750e+03,3.860506702232279874e+00
9.917367296734253614e+03,3.860506663922334436e+00
9.917367318379936478e+03,3.860506625613941978e+00
9.917367340025619342e+03,3.860506587307101611e+00
9.917367361671302206e+03,3.860506549001815557e+00
9.917367383316986889e+03,3.860506510698078042e+00
9.917367404962669752e+03,3.860506472395897948e+00
9.917367426608352616e+03,3.860506434095271278e+00
9.917367448254035480e+03,3.860506395796197587e+00
9.917367469899718344e+03,3.860506357498677765e+00
9.917367491545401208e+03,3.860506319202710923e+00
9.917367513191084072e+03,3.860506280908299281e+00
9.917367534836766936e+03,3.860506242615440176e+00
9.917367556482451619e+03,3.860506204324133162e+00
9.917367578128134483e+03,3.860506166034383124e+00
9.917367599773817346e+03,3.860506127746187843e+00
9.917367621419500210e+03,3.860506089459545986e+00
9.917367643065183074e+03,3.860506051174459774e+00
9.917367664710865938e+03,3.860506012890928318e+00
9.917367686356548802e+03,3.860505974608950730e+00
9.917367708002231666e+03,3.860505936328528787e+00
9.917367729647916349e+03,3.860505898049658491e+00
9.917367751293599213e+03,3.860505859772346060e+00
9.917367772939282077e+03,3.860505821496589718e+00
9.917367794584964940e+03,3.860505783222388132e+00
9.917367816230647804e+03,3.860505744949743079e+00
9.917367837876330668e+03,3.860505706678652782e+00
9.917367859522013532e+03,3.860505668409118130e+00
9.917367881167696396e+03,3.860505630141140010e+00
9.917367902813381079e+03,3.860505591874715314e+00
9.917367924459063943e+03,3.860505553609848484e+00
9.917367946104746807e+03,3.860505515346538186e+00
9.917367967750429671e+03,3.860505477084785753e+00
9.917367989396112534e+03,3.860505438824588520e+00
9.917368011041795398e+03,3.860505400565947820e+00
9.917368032687478262e+03,3.860505362308864097e+00
9.917368054333161126e+03,3.860505324053337350e+00
9.917368075978845809e+03,3.860505285799364916e+00
9.917368097624528673e+03,3.860505247546952123e+00
9.917368119270211537e+03,3.860505209296097195e+00
9.917368140915894401e+03,3.860505171046799244e+00
9.917368162561577265e+03,3.860505132799057826e+00
9.917368184207260128e+03,3.860505094552874716e+00
9.917368205852942992e+03,3.860505056308249916e+00
9.917368227498625856e+03,3.860505018065182536e+00
9.917368249144310539e+03,3.860504979823670357e+00
9.917368270789993403e+03,3.860504941583718708e+00
9.917368292435676267e+03,3.860504903345325811e+00
9.917368314081359131e+03,3.860504865108490780e+00
9.917368335727041995e+03,3.860504826873214501e+00
9.917368357372724859e+03,3.860504788639496976e+00
9.917368379018407722e+03,3.860504750407337315e+00
9.917368400664090586e+03,3.860504712176736852e+00
9.917368422309773450e+03,3.860504673947695586e+00
9.917368443955458133e+03,3.860504635720209965e+00
9.917368465601140997e+03,3.860504597494286649e+00
9.917368487246823861e+03,3.860504559269922531e+00
9.917368508892506725e+03,3.860504521047118498e+00
9.917368530538189589e+03,3.860504482825873662e+00
9.917368552183872453e+03,3.860504444606188024e+00
9.917368573829555316e+03,3.860504406388062026e+00
9.917368595475238180e+03,3.860504368171497003e+00
9.917368617120922863e+03,3.860504329956488068e+00
9.917368638766605727e+03,3.860504291743041883e+00
9.917368660412288591e+03,3.860504253531156671e+00
9.917368682057971455e+03,3.860504215320831989e+00
9.917368703703654319e+03,3.860504177112067392e+00
9.917368725349337183e+03,3.860504138904864213e+00
9.917368746995020047e+03,3.860504100699220675e+00
9.917368768640702910e+03,3.860504062495138999e+00
9.917368790286387593e+03,3.860504024292613412e+00
9.917368811932070457e+03,3.860503986091653239e+00
9.917368833577753321e+03,3.860503947892254928e+00
9.917368855223436185e+03,3.860503909694417146e+00
9.917368876869119049e+03,3.860503871498140338e+00
9.917368898514801913e+03,3.860503833303426280e+00
9.917368920160484777e+03,3.860503795110272751e+00
9.917368941806167641e+03,3.860503756918681972e+00
9.917368963451852323e+03,3.860503718728649503e+00
9.917368985097535187e+03,3.860503680540182891e+00
9.917369006743218051e+03,3.860503642353277698e+00
9.917369028388900915e+03,3.860503604167935254e+00
9.917369050034583779e+03,3.860503565984154672e+00
9.917369071680266643e+03,3.860503527801937285e+00
9.917369093325949507e+03,3.860503489621282647e+00
9.917369114971632371e+03,3.860503451442189427e+00
9.917369136617317054e+03,3.860503413264657180e+00
9.917369158262999917e+03,3.860503375088690792e+00
9.917369179908682781e+03,3.860503336914288042e+00
9.917369201554365645e+03,3.860503298741447598e+00
9.917369223200048509e+03,3.860503260570171236e+00
9.917369244845731373e+03,3.860503222400458068e+00
9.917369266491414237e+03,3.860503184232308538e+00
9.917369288137097101e+03,3.860503146065722646e+00
9.917369309782781784e+03,3.860503107900697728e+00
9.917369331428464648e+03,3.860503069737240001e+00
9.917369353074147512e+03,3.860503031575346355e+00
9.917369374719830375e+03,3.860502993415016348e+00
9.917369396365513239e+03,3.860502955256251756e+00
9.917369418011196103e+03,3.860502917099050801e+00
9.917369439656878967e+03,3.860502878943414373e+00
9.917369461302561831e+03,3.860502840789343360e+00
9.917369482948246514e+03,3.860502802636833319e+00
9.917369504593929378e+03,3.860502764485891802e+00
9.917369526239612242e+03,3.860502726336515256e+00
9.917369547885295106e+03,3.860502688188703679e+00
9.917369569530977969e+03,3.860502650042457518e+00
9.917369591176660833e+03,3.860502611897777214e+00
9.917369612822343697e+03,3.860502573754661881e+00
9.917369634468026561e+03,3.860502535613111963e+00
9.917369656113709425e+03,3.860502497473128791e+00
9.917369677759394108e+03,3.860502459334707925e+00
9.917369699405076972e+03,3.860502421197856027e+00
9.917369721050759836e+03,3.860502383062570431e+00
9.917369742696442700e+03,3.860502344928851137e+00
9.917369764342125563e+03,3.860502306796697702e+00
9.917369785987808427e+03,3.860502268666111902e+00
9.917369807633491291e+03,3.860502230537091517e+00
9.917369829279174155e+03,3.860502192409638766e+00
9.917369850924858838e+03,3.860502154283749210e+00
9.917369872570541702e+03,3.860502116159429953e+00
9.917369894216224566e+03,3.860502078036678331e+00
9.917369915861907430e+03,3.860502039915493455e+00
9.917369937507590294e+03,3.860502001795875771e+00
9.917369959153273157e+03,3.860501963677825277e+00
9.917369980798956021e+03,3.860501925561342862e+00
9.917370002444638885e+03,3.860501887446428970e+00
9.917370024090323568e+03,3.860501849333078273e+00
9.917370045736006432e+03,3.860501811221299651e+00
9.917370067381689296e+03,3.860501773111088664e+00
9.917370089027372160e+03,3.860501735002446200e+00
9.917370110673055024e+03,3.860501696895371815e+00
9.917370132318737888e+03,3.860501658789865509e+00
9.917370153964420751e+03,3.860501620685927726e+00
9.917370175610103615e+03,3.860501582583559799e+00
9.917370197255788298e+03,3.860501544482756398e+00
9.917370218901471162e+03,3.860501506383525516e+00
9.917370240547154026e+03,3.860501468285863602e+00
9.917370262192836890e+03,3.860501430189770655e+00
9.917370283838519754e+03,3.860501392095246675e+00
9.917370305484202618e+03,3.860501354002292995e+00
9.917370327129885482e+03,3.860501315910908282e+00
9.917370348775568345e+03,3.860501277821093424e+00
9.917370370421253028e+03,3.860501239732844425e+00
9.917370392066935892e+03,3.860501201646169722e+00
9.917370413712618756e+03,3.860501163561063986e+00
9.917370435358301620e+03,3.860501125477528550e+00
9.917370457003984484e+03,3.860501087395563413e+00
9.917370478649667348e+03,3.860501049315169464e+00
9.917370500295350212e+03,3.860501011236344482e+00
9.917370521941033076e+03,3.860500973159091131e+00
9.917370543586717758e+03,3.860500935083405416e+00
9.917370565232400622e+03,3.860500897009293109e+00
9.917370586878083486e+03,3.860500858936751989e+00
9.917370608523766350e+03,3.860500820865782057e+00
9.917370630169449214e+03,3.860500782796383312e+00
9.917370651815132078e+03,3.860500744728555311e+00
9.917370673460814942e+03,3.860500706662298942e+00
9.917370695106497806e+03,3.860500668597614204e+00
9.917370716752180670e+03,3.860500630534501543e+00
9.917370738397865352e+03,3.860500592472957404e+00
9.917370760043548216e+03,3.860500554412988006e+00
9.917370781689231080e+03,3.860500516354591127e+00
9.917370803334913944e+03,3.860500478297766325e+00
9.917370824980596808e+03,3.860500440242513598e+00
9.917370846626279672e+03,3.860500402188833835e+00
9.917370868271962536e+03,3.860500364136725704e+00
9.917370889917645400e+03,3.860500326086190537e+00
9.917370911563330083e+03,3.860500288037224781e+00
9.917370933209012946e+03,3.860500249989835098e+00
9.917370954854695810e+03,3.860500211944018378e+00
9.917370976500378674e+03,3.860500173899775511e+00
9.917370998146061538e+03,3.860500135857105608e+00
9.917371019791744402e+03,3.860500097816008225e+00
9.917371041437427266e+03,3.860500059776485138e+00
9.917371063083110130e+03,3.860500021738535459e+00
9.917371084728794813e+03,3.860499983702156523e+00
9.917371106374477677e+03,3.860499945667353661e+00
9.917371128020160540e+03,3.860499907634125982e+00
9.917371149665843404e+03,3.860499869602471268e+00
9.917371171311526268e+03,3.860499831572391738e+00
9.917371192957209132e+03,3.860499793543885616e+00
9.917371214602891996e+03,3.860499755516954679e+00
9.917371236248574860e+03,3.860499717491597593e+00
9.917371257894259543e+03,3.860499679467812584e+00
9.917371279539942407e+03,3.860499641445605423e+00
9.917371301185625271e+03,3.860499603424973891e+00
9.917371322831308134e+03,3.860499565405915767e+00
9.917371344476990998e+03,3.860499527388433716e+00
9.917371366122673862e+03,3.860499489372527737e+00
9.917371387768356726e+03,3.860499451358195611e+00
9.917371409414039590e+03,3.860499413345440001e+00
9.917371431059724273e+03,3.860499375334256467e+00
9.917371452705407137e+03,3.860499337324651670e+00
9.917371474351090001e+03,3.860499299316623389e+00
9.917371495996772865e+03,3.860499261310170294e+00
9.917371517642455728e+03,3.860499223305294159e+00
9.917371539288138592e+03,3.860499185301993652e+00
9.917371560933821456e+03,3.860499147300270106e+00
9.917371582579504320e+03,3.860499109300122189e+00
9.917371604225189003e+03,3.860499071301548568e+00
9.917371625870871867e+03,3.860499033304553684e+00
9.917371647516554731e+03,3.860498995309137094e+00
9.917371669162237595e+03,3.860498957315296575e+00
9.917371690807920459e+03,3.860498919323033018e+00
9.917371712453603323e+03,3.860498881332346865e+00
9.917371734099286186e+03,3.860498843343237674e+00
9.917371755744969050e+03,3.860498805355706331e+00
9.917371777390651914e+03,3.860498767369752393e+00
9.917371799036336597e+03,3.860498729385373640e+00
9.917371820682019461e+03,3.860498691402574956e+00
9.917371842327702325e+03,3.860498653421354565e+00
9.917371863973385189e+03,3.860498615441712467e+00
9.917371885619068053e+03,3.860498577463648218e+00
9.917371907264750917e+03,3.860498539487162262e+00
9.917371928910433780e+03,3.860498501512254599e+00
9.917371950556116644e+03,3.860498463538925229e+00
9.917371972201801327e+03,3.860498425567171044e+00
9.917371993847484191e+03,3.860498387596999592e+00
9.917372015493167055e+03,3.860498349628407322e+00
9.917372037138849919e+03,3.860498311661393345e+00
9.917372058784532783e+03,3.860498273695957661e+00
9.917372080430215647e+03,3.860498235732102934e+00
9.917372102075898511e+03,3.860498197769826501e+00
9.917372123721581374e+03,3.860498159809130136e+00
9.917372145367266057e+03,3.860498121850009401e+00
9.917372167012948921e+03,3.860498083892472287e+00
9.917372188658631785e+03,3.860498045936514355e+00
9.917372210304314649e+03,3.860498007982136937e+00
9.917372231949997513e+03,3.860497970029339143e+00
9.917372253595680377e+03,3.860497932078121863e+00
9.917372275241363241e+03,3.860497894128485097e+00
9.917372296887046105e+03,3.860497856180427956e+00
9.917372318532730787e+03,3.860497818233949108e+00
9.917372340178413651e+03,3.860497780289052994e+00
9.917372361824096515e+03,3.860497742345738281e+00
9.917372383469779379e+03,3.860497704404004526e+00
9.917372405115462243e+03,3.860497666463851729e+00
9.917372426761145107e+03,3.860497628525280778e+00
9.917372448406827971e+03,3.860497590588289896e+00
9.917372470052510835e+03,3.860497552652881303e+00
9.917372491698195518e+03,3.860497514719050116e+00
9.917372513343878381e+03,3.860497476786804771e+00
9.917372534989561245e+03,3.860497438856140384e+00
9.917372556635244109e+03,3.860497400927058287e+00
9.917372578280926973e+03,3.860497362999558035e+00
9.917372599926609837e+03,3.860497325073639630e+00
9.917372621572292701e+03,3.860497287149304402e+00
9.917372643217975565e+03,3.860497249226550576e+00
9.917372664863660248e+03,3.860497211305376375e+00
9.917372686509343112e+03,3.860497173385787129e+00
9.917372708155025975e+03,3.860497135467781948e+00
9.917372729800708839e+03,3.860497097551359058e+00
9.917372751446391703e+03,3.860497059636518902e+00
9.917372773092074567e+03,3.860497021723261035e+00
9.917372794737757431e+03,3.860496983811587679e+00
9.917372816383440295e+03,3.860496945901497057e+00
9.917372838029123159e+03,3.860496907992989613e+00
9.917372859674807842e+03,3.860496870086063570e+00
9.917372881320490706e+03,3.860496832180722926e+00
9.917372902966173569e+03,3.860496794276966792e+00
9.917372924611856433e+03,3.860496756374795169e+00
9.917372946257539297e+03,3.860496718474206723e+00
9.917372967903222161e+03,3.860496680575201900e+00
9.917372989548905025e+03,3.860496642677782475e+00
9.917373011194587889e+03,3.860496604781946672e+00
9.917373032840272572e+03,3.860496566887692271e+00
9.917373054485955436e+03,3.860496528995026377e+00
9.917373076131638300e+03,3.860496491103944106e+00
9.917373097777321163e+03,3.860496453214447676e+00
9.917373119423004027e+03,3.860496415326535313e+00
9.917373141068686891e+03,3.860496377440208793e+00
9.917373162714369755e+03,3.860496339555467671e+00
9.917373184360052619e+03,3.860496301672311503e+00
9.917373206005737302e+03,3.860496263790737181e+00
9.917373227651420166e+03,3.860496225910751811e+00
9.917373249297103030e+03,3.860496188032352283e+00
9.917373270942785894e+03,3.860496150155538153e+00
9.917373292588468757e+03,3.860496112280310310e+00
9.917373314234151621e+03,3.860496074406669198e+00
9.917373335879834485e+03,3.860496036534613484e+00
9.917373357525517349e+03,3.860495998664143613e+00
9.917373379171202032e+03,3.860495960795257808e+00
9.917373400816884896e+03,3.860495922927961843e+00
9.917373422462567760e+03,3.860495885062251720e+00
9.917373444108250624e+03,3.860495847198128772e+00
9.917373465753933488e+03,3.860495809335592554e+00
9.917373487399616351e+03,3.860495771474643512e+00
9.917373509045299215e+03,3.860495733615281200e+00
9.917373530690982079e+03,3.860495695757506951e+00
9.917373552336666762e+03,3.860495657901315880e+00
9.917373573982349626e+03,3.860495620046715537e+00
9.917373595628032490e+03,3.860495582193703701e+00
9.917373617273715354e+03,3.860495544342279484e+00
9.917373638919398218e+03,3.860495506492441997e+00
9.917373660565081082e+03,3.860495468644193462e+00
9.917373682210763945e+03,3.860495430797532546e+00
9.917373703856446809e+03,3.860495392952460580e+00
9.917373725502131492e+03,3.860495355108972682e+00
9.917373747147814356e+03,3.860495317267076842e+00
9.917373768793497220e+03,3.860495279426769510e+00
9.917373790439180084e+03,3.860495241588051130e+00
9.917373812084862948e+03,3.860495203750921700e+00
9.917373833730545812e+03,3.860495165915380333e+00
9.917373855376228676e+03,3.860495128081428362e+00
9.917373877021911539e+03,3.860495090249065786e+00
9.917373898667594403e+03,3.860495052418292605e+00
9.917373920313279086e+03,3.860495014589105711e+00
9.917373941958961950e+03,3.860494976761510877e+00
9.917373963604644814e+03,3.860494938935506326e+00
9.917373985250327678e+03,3.860494901111090726e+00
9.917374006896010542e+03,3.860494863288264966e+00
9.917374028541693406e+03,3.860494825467030378e+00
9.917374050187376270e+03,3.860494787647384740e+00
9.917374071833059133e+03,3.860494749829329830e+00
9.917374093478743816e+03,3.860494712012862095e+00
9.917374115124426680e+03,3.860494674197987308e+00
9.917374136770109544e+03,3.860494636384704137e+00
9.917374158415792408e+03,3.860494598573010805e+00
9.917374180061475272e+03,3.860494560762909533e+00
9.917374201707158136e+03,3.860494522954397656e+00
9.917374223352841000e+03,3.860494485147477839e+00
9.917374244998523864e+03,3.860494447342148749e+00
9.917374266644208546e+03,3.860494409538407723e+00
9.917374288289891410e+03,3.860494371736262309e+00
9.917374309935574274e+03,3.860494333935707179e+00
9.917374331581257138e+03,3.860494296136744108e+00
9.917374353226940002e+03,3.860494258339372653e+00
9.917374374872622866e+03,3.860494220543593702e+00
9.917374396518305730e+03,3.860494182749406367e+00
9.917374418163988594e+03,3.860494144956810647e+00
9.917374439809673277e+03,3.860494107165804323e+00
9.917374461455356141e+03,3.860494069376393611e+00
9.917374483101039004e+03,3.860494031588575847e+00
9.917374504746721868e+03,3.860493993802350587e+00
9.917374526392404732e+03,3.860493956017717387e+00
9.917374548038087596e+03,3.860493918234678024e+00
9.917374569683770460e+03,3.860493880453231164e+00
9.917374591329453324e+03,3.860493842673376808e+00
9.917374612975138007e+03,3.860493804895113179e+00
9.917374634620820871e+03,3.860493767118445607e+00
9.917374656266503735e+03,3.860493729343371427e+00
9.917374677912186598e+03,3.860493691569891528e+00
9.917374699557869462e+03,3.860493653798005020e+00
9.917374721203552326e+03,3.860493616027711905e+00
9.917374742849235190e+03,3.860493578259012626e+00
9.917374764494918054e+03,3.860493540491908071e+00
9.917374786140602737e+03,3.860493502726393356e+00
9.917374807786285601e+03,3.860493464962477361e+00
9.917374829431968465e+03,3.860493427200155647e+00
9.917374851077651329e+03,3.860493389439427769e+00
9.917374872723334192e+03,3.860493351680294616e+00
9.917374894369017056e+03,3.860493313922756187e+00
9.917374916014699920e+03,3.860493276166813370e+00
9.917374937660382784e+03,3.860493238412464390e+00
9.917374959306065648e+03,3.860493200659711466e+00
9.917374980951750331e+03,3.860493162908550158e+00
9.917375002597433195e+03,3.860493125158987571e+00
9.917375024243116059e+03,3.860493087411020152e+00
9.917375045888798923e+03,3.860493049664648346e+00
9.917375067534481786e+03,3.860493011919873041e+00
9.917375089180164650e+03,3.860492974176692460e+00
9.917375110825847514e+03,3.860492936435108824e+00
9.917375132471530378e+03,3.860492898695120356e+00
9.917375154117215061e+03,3.860492860956724837e+00
9.917375175762897925e+03,3.860492823219929370e+00
9.917375197408580789e+03,3.860492785484730405e+00
9.917375219054263653e+03,3.860492747751127496e+00
9.917375240699946517e+03,3.860492710019121976e+00
9.917375262345629380e+03,3.860492672288712956e+00
9.917375283991312244e+03,3.860492634559900438e+00
9.917375305636995108e+03,3.860492596832684864e+00
9.917375327282679791e+03,3.860492559107063126e+00
9.917375348928362655e+03,3.860492521383042330e+00
9.917375370574045519e+03,3.860492483660618479e+00
9.917375392219728383e+03,3.860492445939792905e+00
9.917375413865411247e+03,3.860492408220563831e+00
9.917375435511094111e+03,3.860492370502933479e+00
9.917375457156776974e+03,3.860492332786900960e+00
9.917375478802459838e+03,3.860492295072465829e+00
9.917375500448144521e+03,3.860492257359625867e+00
9.917375522093827385e+03,3.860492219648387291e+00
9.917375543739510249e+03,3.860492181938746992e+00
9.917375565385193113e+03,3.860492144230704525e+00
9.917375587030875977e+03,3.860492106524261224e+00
9.917375608676558841e+03,3.860492068819416644e+00
9.917375630322241705e+03,3.860492031116170342e+00
9.917375651967924568e+03,3.860491993414523648e+00
9.917375673613609251e+03,3.860491955714473011e+00
9.917375695259292115e+03,3.860491918016024204e+00
9.917375716904974979e+03,3.860491880319174118e+00
9.917375738550657843e+03,3.860491842623924086e+00
9.917375760196340707e+03,3.860491804930273663e+00
9.917375781842023571e+03,3.860491767238222405e+00
9.917375803487706435e+03,3.860491729547771644e+00
9.917375825133389299e+03,3.860491691858920049e+00
9.917375846779073981e+03,3.860491654171665399e+00
9.917375868424756845e+03,3.860491616486014355e+00
9.917375890070439709e+03,3.860491578801963808e+00
9.917375911716122573e+03,3.860491541119512426e+00
9.917375933361805437e+03,3.860491503438662431e+00
9.917375955007488301e+03,3.860491465759412932e+00
9.917375976653171165e+03,3.860491428081763488e+00
9.917375998298854029e+03,3.860491390405715872e+00
9.917376019944538712e+03,3.860491352731265646e+00
9.917376041590221575e+03,3.860491315058419470e+00
9.917376063235904439e+03,3.860491277387174236e+00
9.917376084881587303e+03,3.860491239717530831e+00
9.917376106527270167e+03,3.860491202049488813e+00
9.917376128172953031e+03,3.860491164383047735e+00
9.917376149818635895e+03,3.860491126718208488e+00
9.917376171464318759e+03,3.860491089054971514e+00
9.917376193110001623e+03,3.860491051393335482e+00
9.917376214755686306e+03,3.860491013733299059e+00
9.917376236401369169e+03,3.860490976074867575e+00
9.917376258047052033e+03,3.860490938418038365e+00
9.917376279692734897e+03,3.860490900762811872e+00
9.917376301338417761e+03,3.860490863109187654e+00
9.917376322984100625e+03,3.860490825457166153e+00
9.917376344629783489e+03,3.860490787806747370e+00
9.917376366275466353e+03,3.860490750157931306e+00
9.917376387921151036e+03,3.860490712510714850e+00
9.917376409566833900e+03,3.860490674865104666e+00
9.917376431212516763e+03,3.860490637221098087e+00
9.917376452858199627e+03,3.860490599578694226e+00
9.917376474503882491e+03,3.860490561937893972e+00
9.917376496149565355e+03,3.860490524298697768e+00
9.917376517795248219e+03,3.860490486661105169e+00
9.917376539440931083e+03,3.860490449025116177e+00
9.917376561086615766e+03,3.860490411390727239e+00
9.917376582732298630e+03,3.860490373757946347e+00
9.917376604377981494e+03,3.860490336126769062e+00
9.917376626023664357e+03,3.860490298497196715e+00
9.917376647669347221e+03,3.860490260869227974e+00
9.917376669315030085e+03,3.860490223242864172e+00
9.917376690960712949e+03,3.860490185618104420e+00
9.917376712606395813e+03,3.860490147994950050e+00
9.917376734252080496e+03,3.860490110373397510e+00
9.917376755897763360e+03,3.860490072753453017e+00
9.917376777543446224e+03,3.860490035135113462e+00
9.917376799189129088e+03,3.860489997518378846e+00
9.917376820834811951e+03,3.860489959903249613e+00
9.917376842480494815e+03,3.860489922289725762e+00
9.917376864126177679e+03,3.860489884677807737e+00
9.917376885771860543e+03,3.860489847067495539e+00
9.917376907417545226e+03,3.860489809458786503e+00
9.917376929063228090e+03,3.860489771851685070e+00
9.917376950708910954e+03,3.860489734246190796e+00
9.917376972354593818e+03,3.860489696642302349e+00
9.917376994000276682e+03,3.860489659040019728e+00
9.917377015645959546e+03,3.860489621439344265e+00
9.917377037291642409e+03,3.860489583840275074e+00
9.917377058937325273e+03,3.860489546242812153e+00
9.917377080583009956e+03,3.860489508646952839e+00
9.917377102228692820e+03,3.860489471052704236e+00
9.917377123874375684e+03,3.860489433460061903e+00
9.917377145520058548e+03,3.860489395869027618e+00
9.917377167165741412e+03,3.860489358279599603e+00
9.917377188811424276e+03,3.860489320691779191e+00
9.917377210457107140e+03,3.860489283105565939e+00
9.917377232102790003e+03,3.860489245520961177e+00
9.917377253748472867e+03,3.860489207937964018e+00
9.917377275394157550e+03,3.860489170356570465e+00
9.917377297039840414e+03,3.860489132776789400e+00
9.917377318685523278e+03,3.860489095198615050e+00
9.917377340331206142e+03,3.860489057622049192e+00
9.917377361976889006e+03,3.860489020047091824e+00
9.917377383622571870e+03,3.860488982473743391e+00
9.917377405268254734e+03,3.860488944902003006e+00
9.917377426913937597e+03,3.860488907331871111e+00
9.917377448559622280e+03,3.860488869763345043e+00
9.917377470205305144e+03,3.860488832196431019e+00
9.917377491850988008e+03,3.860488794631125931e+00
9.917377513496670872e+03,3.860488757067430221e+00
9.917377535142353736e+03,3.860488719505343447e+00
9.917377556788036600e+03,3.860488681944865608e+00
9.917377578433719464e+03,3.860488644385998480e+00
9.917377600079402328e+03,3.860488606828739844e+00
9.917377621725087010e+03,3.860488569273087922e+00
9.917377643370769874e+03,3.860488531719049377e+00
9.917377665016452738e+03,3.860488494166621098e+00
9.917377686662135602e+03,3.860488456615802200e+00
9.917377708307818466e+03,3.860488419066594012e+00
9.917377729953501330e+03,3.860488381518995205e+00
9.917377751599184194e+03,3.860488343973007996e+00
9.917377773244867058e+03,3.860488306428630167e+00
9.917377794890551741e+03,3.860488268885860830e+00
9.917377816536234604e+03,3.860488231344705312e+00
9.917377838181917468e+03,3.860488193805160062e+00
9.917377859827600332e+03,3.860488156267226412e+00
9.917377881473283196e+03,3.860488118730903473e+00
9.917377903118966060e+03,3.860488081196191690e+00
9.917377924764648924e+03,3.860488043663091950e+00
9.917377946410331788e+03,3.860488006131602923e+00
9.917377968056016471e+03,3.860487968601722830e+00
9.917377989701699335e+03,3.860487931073457890e+00
9.917378011347382198e+03,3.860487893546804550e+00
9.917378032993065062e+03,3.860487856021763253e+00
9.917378054638747926e+03,3.860487818498333557e+00
9.917378076284430790e+03,3.860487780976516792e+00
9.917378097930113654e+03,3.860487743456311627e+00
9.917378119575796518e+03,3.860487705937718950e+00
9.917378141221481201e+03,3.860487668420736096e+00
9.917378162867164065e+03,3.860487630905368839e+00
9.917378184512846929e+03,3.860487593391614070e+00
9.917378206158529792e+03,3.860487555879473121e+00
9.917378227804212656e+03,3.860487518368944215e+00
9.917378249449895520e+03,3.860487480860029574e+00
9.917378271095578384e+03,3.860487443352726977e+00
9.917378292741261248e+03,3.860487405847038644e+00
9.917378314386944112e+03,3.860487368342962800e+00
9.917378336032628795e+03,3.860487330840498998e+00
9.917378357678311659e+03,3.860487293339650794e+00
9.917378379323994523e+03,3.860487255840417298e+00
9.917378400969677386e+03,3.860487218342796734e+00
9.917378422615360250e+03,3.860487180846790878e+00
9.917378444261043114e+03,3.860487143352399286e+00
9.917378465906725978e+03,3.860487105859621959e+00
9.917378487552408842e+03,3.860487068368458896e+00
9.917378509198093525e+03,3.860487030878907433e+00
9.917378530843776389e+03,3.860486993390974231e+00
9.917378552489459253e+03,3.860486955904655293e+00
9.917378574135142117e+03,3.860486918419951952e+00
9.917378595780824980e+03,3.860486880936861986e+00
9.917378617426507844e+03,3.860486843455388506e+00
9.917378639072190708e+03,3.860486805975530178e+00
9.917378660717873572e+03,3.860486768497287891e+00
9.917378682363558255e+03,3.860486731020656759e+00
9.917378704009241119e+03,3.860486693545644776e+00
9.917378725654923983e+03,3.860486656072248390e+00
9.917378747300606847e+03,3.860486618600468489e+00
9.917378768946289711e+03,3.860486581130303740e+00
9.917378790591972574e+03,3.860486543661756365e+00
9.917378812237655438e+03,3.860486506194823697e+00
9.917378833883338302e+03,3.860486468729508402e+00
9.917378855529022985e+03,3.860486431265806040e+00
9.917378877174705849e+03,3.860486393803722827e+00
9.917378898820388713e+03,3.860486356343257430e+00
9.917378920466071577e+03,3.860486318884408075e+00
9.917378942111754441e+03,3.860486281427176536e+00
9.917378963757437305e+03,3.860486243971561482e+00
9.917378985403120168e+03,3.860486206517563357e+00
9.917379007048803032e+03,3.860486169065182160e+00
9.917379028694487715e+03,3.860486131614415672e+00
9.917379050340170579e+03,3.860486094165270110e+00
9.917379071985853443e+03,3.860486056717741921e+00
9.917379093631536307e+03,3.860486019271831992e+00
9.917379115277219171e+03,3.860485981827539881e+00
9.917379136922902035e+03,3.860485944384865586e+00
9.917379158568584899e+03,3.860485906943808665e+00
9.917379180214267762e+03,3.860485869504370893e+00
9.917379201859952445e+03,3.860485832066547829e+00
9.917379223505635309e+03,3.860485794630346579e+00
9.917379245151318173e+03,3.860485757195763590e+00
9.917379266797001037e+03,3.860485719762799750e+00
9.917379288442683901e+03,3.860485682331455060e+00
9.917379310088366765e+03,3.860485644901728630e+00
9.917379331734049629e+03,3.860485607473620906e+00
9.917379353379732493e+03,3.860485570047132775e+00
9.917379375025415357e+03,3.860485532622264238e+00
9.917379396671100039e+03,3.860485495199011741e+00
9.917379418316782903e+03,3.860485457777381946e+00
9.917379439962465767e+03,3.860485420357371744e+00
9.917379461608148631e+03,3.860485382938981580e+00
9.917379483253831495e+03,3.860485345522211453e+00
9.917379504899514359e+03,3.860485308107060032e+00
9.917379526545197223e+03,3.860485270693529980e+00
9.917379548190880087e+03,3.860485233281619522e+00
9.917379569836564770e+03,3.860485195871326880e+00
9.917379591482247633e+03,3.860485158462657385e+00
9.917379613127930497e+03,3.860485121055608815e+00
9.917379634773613361e+03,3.860485083650181171e+00
9.917379656419296225e+03,3.860485046246374008e+00
9.917379678064979089e+03,3.860485008844187771e+00
9.917379699710661953e+03,3.860484971443622459e+00
9.917379721356344817e+03,3.860484934044678074e+00
9.917379743002029500e+03,3.860484896647352393e+00
9.917379764647712364e+03,3.860484859251651635e+00
9.917379786293395227e+03,3.860484821857571358e+00
9.917379807939078091e+03,3.860484784465113339e+00
9.917379829584760955e+03,3.860484747074276690e+00
9.917379851230443819e+03,3.860484709685062299e+00
9.917379872876126683e+03,3.860484672297470166e+00
9.917379894521809547e+03,3.860484634911500290e+00
9.917379916167494230e+03,3.860484597527148232e+00
9.917379937813177094e+03,3.860484560144422872e+00
9.917379959458859958e+03,3.860484522763319770e+00
9.917379981104542821e+03,3.860484485383838926e+00
9.917380002750225685e+03,3.860484448005980340e+00
9.917380024395908549e+03,3.860484410629745788e+00
9.917380046041591413e+03,3.860484373255133050e+00
9.917380067687274277e+03,3.860484335882144347e+00
9.917380089332958960e+03,3.860484298510775236e+00
9.917380110978641824e+03,3.860484261141033269e+00
9.917380132624324688e+03,3.860484223772913559e+00
9.917380154270007552e+03,3.860484186406417884e+00
9.917380175915690415e+03,3.860484149041546242e+00
9.917380197561373279e+03,3.860484111678297303e+00
9.917380219207056143e+03,3.860484074316673286e+00
9.917380240852739007e+03,3.860484036956673304e+00
9.917380262498423690e+03,3.860483999598293803e+00
9.917380284144106554e+03,3.860483962241542333e+00
9.917380305789789418e+03,3.860483924886414009e+00
9.917380327435472282e+03,3.860483887532911051e+00
9.917380349081155146e+03,3.860483850181032128e+00
9.917380370726838009e+03,3.860483812830778572e+00
9.917380392372520873e+03,3.860483775482149937e+00
9.917380414018203737e+03,3.860483738135145781e+00
9.917380435663886601e+03,3.860483700789767436e+00
9.917380457309571284e+03,3.860483663446010016e+00
9.917380478955254148e+03,3.860483626103881960e+00
9.917380500600937012e+03,3.860483588763378826e+00
9.917380522246619876e+03,3.860483551424501059e+00
9.917380543892302740e+03,3.860483514087249102e+00
9.917380565537985603e+03,3.860483476751622955e+00
9.917380587183668467e+03,3.860483439417623064e+00
9.917380608829351331e+03,3.860483402085248983e+00
9.917380630475036014e+03,3.860483364754497604e+00
9.917380652120718878e+03,3.860483327425376476e+00
9.917380673766401742e+03,3.860483290097881159e+00
9.917380695412084606e+03,3.860483252772012097e+00
9.917380717057767470e+03,3.860483215447769290e+00
9.917380738703450334e+03,3.860483178125154069e+00
9.917380760349133197e+03,3.860483140804165103e+00
9.917380781994816061e+03,3.860483103484803280e+00
9.917380803640500744e+03,3.860483066167065491e+00
9.917380825286183608e+03,3.860483028850957954e+00
9.917380846931866472e+03,3.860482991536478448e+00
9.917380868577549336e+03,3.860482954223625196e+00
9.917380890223232200e+03,3.860482916912399975e+00
9.917380911868915064e+03,3.860482879602802342e+00
9.917380933514597928e+03,3.860482842294832739e+00
9.917380955160280791e+03,3.860482804988490280e+00
9.917380976805965474e+03,3.860482767683773186e+00
9.917380998451648338e+03,3.860482730380687233e+00
9.917381020097331202e+03,3.860482693079230199e+00
9.917381041743014066e+03,3.860482655779401195e+00
9.917381063388696930e+03,3.860482618481199779e+00
9.917381085034379794e+03,3.860482581184628170e+00
9.917381106680062658e+03,3.860482543889685036e+00
9.917381128325745522e+03,3.860482506596369934e+00
9.917381149971430204e+03,3.860482469304681530e+00
9.917381171617113068e+03,3.860482432014624710e+00
9.917381193262795932e+03,3.860482394726197253e+00
9.917381214908478796e+03,3.860482357439399159e+00
9.917381236554161660e+03,3.860482320154230873e+00
9.917381258199844524e+03,3.860482282870691506e+00
9.917381279845527388e+03,3.860482245588782391e+00
9.917381301491210252e+03,3.860482208308503083e+00
9.917381323136894935e+03,3.860482171029850473e+00
9.917381344782577798e+03,3.860482133752830336e+00
9.917381366428260662e+03,3.860482096477440894e+00
9.917381388073943526e+03,3.860482059203681704e+00
9.917381409719626390e+03,3.860482021931552321e+00
9.917381431365309254e+03,3.860481984661053634e+00
9.917381453010992118e+03,3.860481947392185642e+00
9.917381474656674982e+03,3.860481910124949234e+00
9.917381496302357846e+03,3.860481872859342634e+00
9.917381517948042529e+03,3.860481835595364064e+00
9.917381539593725392e+03,3.860481798333020187e+00
9.917381561239408256e+03,3.860481761072306117e+00
9.917381582885091120e+03,3.860481723813224963e+00
9.917381604530773984e+03,3.860481686555774505e+00
9.917381626176456848e+03,3.860481649299955631e+00
9.917381647822139712e+03,3.860481612045768784e+00
9.917381669467822576e+03,3.860481574793213078e+00
9.917381691113507259e+03,3.860481537542286734e+00
9.917381712759190123e+03,3.860481500292994639e+00
9.917381734404872986e+03,3.860481463045335015e+00
9.917381756050555850e+03,3.860481425799307864e+00
9.917381777696238714e+03,3.860481388554913629e+00
9.917381799341921578e+03,3.860481351312150533e+00
9.917381820987604442e+03,3.860481314071021242e+00
9.917381842633287306e+03,3.860481276831524866e+00
9.917381864278971989e+03,3.860481239593656522e+00
9.917381885924654853e+03,3.860481202357425978e+00
9.917381907570337717e+03,3.860481165122827907e+00
9.917381929216020580e+03,3.860481127889862307e+00
9.917381950861703444e+03,3.860481090658530956e+00
9.917381972507386308e+03,3.860481053428832965e+00
9.917381994153069172e+03,3.860481016200767890e+00
9.917382015798752036e+03,3.860480978974336619e+00
9.917382037444436719e+03,3.860480941749536488e+00
9.917382059090119583e+03,3.860480904526373269e+00
9.917382080735802447e+03,3.860480867304843855e+00
9.917382102381485311e+03,3.860480830084948689e+00
9.917382124027168175e+03,3.860480792866687771e+00
9.917382145672851038e+03,3.860480755650061102e+00
9.917382167318533902e+03,3.860480718435068681e+00
9.917382188964216766e+03,3.860480681221710952e+00
9.917382210609901449e+03,3.860480644009984807e+00
9.917382232255584313e+03,3.860480606799896908e+00
9.917382253901267177e+03,3.860480569591443700e+00
9.917382275546950041e+03,3.860480532384626073e+00
9.917382297192632905e+03,3.860480495179443139e+00
9.917382318838315769e+03,3.860480457975895341e+00
9.917382340483998632e+03,3.860480420773982679e+00
9.917382362129681496e+03,3.860480383573706487e+00
9.917382383775366179e+03,3.860480346375062322e+00
9.917382405421049043e+03,3.860480309178057290e+00
9.917382427066731907e+03,3.860480271982688283e+00
9.917382448712414771e+03,3.860480234788954412e+00
9.917382470358097635e+03,3.860480197596857010e+00
9.917382492003780499e+03,3.860480160406396521e+00
9.917382513649463363e+03,3.860480123217571613e+00
9.917382535295146226e+03,3.860480086030384062e+00
9.917382556940829090e+03,3.860480048844832535e+00
9.917382578586513773e+03,3.860480011660913924e+00
9.917382600232196637e+03,3.860479974478636223e+00
9.917382621877879501e+03,3.860479937297995434e+00
9.917382643523562365e+03,3.860479900118990670e+00
9.917382665169245229e+03,3.860479862941623708e+00
9.917382686814928093e+03,3.860479825765894990e+00
9.917382708460610957e+03,3.860479788591802297e+00
9.917382730106293820e+03,3.860479751419347405e+00
9.917382751751978503e+03,3.860479714248527650e+00
9.917382773397661367e+03,3.860479677079347915e+00
9.917382795043344231e+03,3.860479639911807315e+00
9.917382816689027095e+03,3.860479602745903627e+00
9.917382838334709959e+03,3.860479565581638184e+00
9.917382859980392823e+03,3.860479528419010986e+00
9.917382881626075687e+03,3.860479491258022477e+00
9.917382903271758551e+03,3.860479454098672214e+00
9.917382924917443233e+03,3.860479416940957531e+00
9.917382946563126097e+03,3.860479379784884646e+00
9.917382968208808961e+03,3.860479342630450894e+00
9.917382989854491825e+03,3.860479305477655387e+00
9.917383011500174689e+03,3.860479268326499458e+00
9.917383033145857553e+03,3.860479231176982218e+00
9.917383054791540417e+03,3.860479194029104111e+00
9.917383076437223281e+03,3.860479156882866469e+00
9.917383098082907964e+03,3.860479119738264409e+00
9.917383119728590827e+03,3.860479082595305034e+00
9.917383141374273691e+03,3.860479045453985680e+00
9.917383163019956555e+03,3.860479008314306792e+00
9.917383184665639419e+03,3.860478971176266594e+00
9.917383206311322283e+03,3.860478934039867749e+00
9.917383227957005147e+03,3.860478896905108037e+00
9.917383249602688011e+03,3.860478859771989235e+00
9.917383271248372694e+03,3.860478822640507790e+00
9.917383292894055558e+03,3.860478785510669475e+00
9.917383314539738421e+03,3.860478748382472958e+00
9.917383336185421285e+03,3.860478711255916462e+00
9.917383357831104149e+03,3.860478674131000876e+00
9.917383379476787013e+03,3.860478637007726199e+00
9.917383401122469877e+03,3.860478599886093320e+00
9.917383422768152741e+03,3.860478562766101795e+00
9.917383444413837424e+03,3.860478525647748071e+00
9.917383466059520288e+03,3.860478488531038366e+00
9.917383487705203152e+03,3.860478451415970902e+00
9.917383509350886015e+03,3.860478414302545680e+00
9.917383530996568879e+03,3.860478377190762256e+00
9.917383552642251743e+03,3.860478340080619741e+00
9.917383574287934607e+03,3.860478302972120357e+00
9.917383595933617471e+03,3.860478265865262770e+00
9.917383617579302154e+03,3.860478228760044761e+00
9.917383639224985018e+03,3.860478191656471214e+00
9.917383660870667882e+03,3.860478154554540797e+00
9.917383682516350746e+03,3.860478117454253955e+00
9.917383704162033609e+03,3.860478080355608910e+00
9.917383725807716473e+03,3.860478043258607439e+00
9.917383747453399337e+03,3.860478006163248654e+00
9.917383769099082201e+03,3.860477969069533000e+00
9.917383790744765065e+03,3.860477931977460919e+00
9.917383812390449748e+03,3.860477894887027972e+00
9.917383834036132612e+03,3.860477857798242596e+00
9.917383855681815476e+03,3.860477820711100794e+00
9.917383877327498340e+03,3.860477783625603454e+00
9.917383898973181203e+03,3.860477746541747912e+00
9.917383920618864067e+03,3.860477709459537721e+00
9.917383942264546931e+03,3.860477672378971548e+00
9.917383963910229795e+03,3.860477635300049837e+00
9.917383985555914478e+03,3.860477598222769036e+00
9.917384007201597342e+03,3.860477561147135361e+00
9.917384028847280206e+03,3.860477524073146594e+00
9.917384050492963070e+03,3.860477487000802732e+00
9.917384072138645934e+03,3.860477449930103777e+00
9.917384093784328797e+03,3.860477412861048840e+00
9.917384115430011661e+03,3.860477375793639254e+00
9.917384137075694525e+03,3.860477338727875463e+00
9.917384158721379208e+03,3.860477301663753469e+00
9.917384180367062072e+03,3.860477264601279934e+00
9.917384202012744936e+03,3.860477227540451750e+00
9.917384223658427800e+03,3.860477190481268916e+00
9.917384245304110664e+03,3.860477153423731878e+00
9.917384266949793528e+03,3.860477116367841521e+00
9.917384288595476391e+03,3.860477079313596516e+00
9.917384310241159255e+03,3.860477042260997749e+00
9.917384331886843938e+03,3.860477005210041668e+00
9.917384353532526802e+03,3.860476968160734490e+00
9.917384375178209666e+03,3.860476931113075327e+00
9.917384396823892530e+03,3.860476894067061515e+00
9.917384418469575394e+03,3.860476857022693942e+00
9.917384440115258258e+03,3.860476819979974383e+00
9.917384461760941122e+03,3.860476782938901064e+00
9.917384483406623986e+03,3.860476745899474871e+00
9.917384505052308668e+03,3.860476708861693140e+00
9.917384526697991532e+03,3.860476671825561201e+00
9.917384548343674396e+03,3.860476634791076389e+00
9.917384569989357260e+03,3.860476597758239148e+00
9.917384591635040124e+03,3.860476560727050366e+00
9.917384613280722988e+03,3.860476523697507822e+00
9.917384634926405852e+03,3.860476486669614626e+00
9.917384656572088716e+03,3.860476449643369001e+00
9.917384678217773399e+03,3.860476412618767839e+00
9.917384699863456262e+03,3.860476375595817355e+00
9.917384721509139126e+03,3.860476338574516220e+00
9.917384743154821990e+03,3.860476301554863543e+00
9.917384764800504854e+03,3.860476264536858881e+00
9.917384786446187718e+03,3.860476227520502679e+00
9.917384808091870582e+03,3.860476190505796268e+00
9.917384829737553446e+03,3.860476153492737428e+00
9.917384851383236310e+03,3.860476116481328379e+00
9.917384873028920993e+03,3.860476079471565125e+00
9.917384894674603856e+03,3.860476042463454327e+00
9.917384916320286720e+03,3.860476005456992432e+00
9.917384937965969584e+03,3.860475968452180773e+00
9.917384959611652448e+03,3.860475931449018017e+00
9.917384981257335312e+03,3.860475894447504608e+00
9.917385002903018176e+03,3.860475857447641879e+00
9.917385024548701040e+03,3.860475820449428497e+00
9.917385046194385723e+03,3.860475783452862242e+00
9.917385067840068587e+03,3.860475746457949775e+00
9.917385089485751450e+03,3.860475709464686656e+00
9.917385111131434314e+03,3.860475672473075104e+00
9.917385132777117178e+03,3.860475635483112899e+00
9.917385154422800042e+03,3.860475598494801819e+00
9.917385176068482906e+03,3.860475561508141418e+00
9.917385197714165770e+03,3.860475524523132140e+00
9.917385219359850453e+03,3.860475487539769990e+00
9.917385241005533317e+03,3.860475450558062960e+00
9.917385262651216181e+03,3.860475413578006609e+00
9.917385284296899044e+03,3.860475376599601383e+00
9.917385305942581908e+03,3.860475339622847724e+00
9.917385327588264772e+03,3.860475302647745632e+00
9.917385349233947636e+03,3.860475265674295553e+00
9.917385370879630500e+03,3.860475228702497041e+00
9.917385392525315183e+03,3.860475191732347433e+00
9.917385414170998047e+03,3.860475154763852945e+00
9.917385435816680911e+03,3.860475117797010469e+00
9.917385457462363775e+03,3.860475080831820449e+00
9.917385479108046638e+03,3.860475043868282885e+00
9.917385500753729502e+03,3.860475006906397777e+00
9.917385522399412366e+03,3.860474969946165125e+00
9.917385544045095230e+03,3.860474932987585373e+00
9.917385565690779913e+03,3.860474896030654524e+00
9.917385587336462777e+03,3.860474859075380127e+00
9.917385608982145641e+03,3.860474822121759519e+00
9.917385630627828505e+03,3.860474785169791367e+00
9.917385652273511369e+03,3.860474748219477004e+00
9.917385673919194232e+03,3.860474711270815540e+00
9.917385695564877096e+03,3.860474674323807864e+00
9.917385717210559960e+03,3.860474637378453977e+00
9.917385738856244643e+03,3.860474600434750325e+00
9.917385760501927507e+03,3.860474563492704458e+00
9.917385782147610371e+03,3.860474526552311936e+00
9.917385803793293235e+03,3.860474489613573645e+00
9.917385825438976099e+03,3.860474452676489143e+00
9.917385847084658963e+03,3.860474415741060206e+00
9.917385868730341826e+03,3.860474378807284612e+00
9.917385890376024690e+03,3.860474341875164583e+00
9.917385912021707554e+03,3.860474304944698343e+00
9.917385933667392237e+03,3.860474268015884558e+00
9.917385955313075101e+03,3.860474231088728558e+00
9.917385976958757965e+03,3.860474194163226791e+00
9.917385998604440829e+03,3.860474157239381032e+00
9.917386020250123693e+03,3.860474120317190394e+00
9.917386041895806557e+03,3.860474083396655764e+00
9.917386063541489420e+03,3.860474046477776255e+00
9.917386085187172284e+03,3.860474009560551867e+00
9.917386106832856967e+03,3.860473972644980822e+00
9.917386128478539831e+03,3.860473935731068007e+00
9.917386150124222695e+03,3.860473898818811644e+00
9.917386171769905559e+03,3.860473861908211290e+00
9.917386193415588423e+03,3.860473824999267389e+00
9.917386215061271287e+03,3.860473788091979497e+00
9.917386236706954151e+03,3.860473751186347613e+00
9.917386258352637014e+03,3.860473714282372626e+00
9.917386279998321697e+03,3.860473677380052315e+00
9.917386301644004561e+03,3.860473640479390678e+00
9.917386323289687425e+03,3.860473603580386381e+00
9.917386344935370289e+03,3.860473566683038538e+00
9.917386366581053153e+03,3.860473529787348479e+00
9.917386388226736017e+03,3.860473492893315317e+00
9.917386409872418881e+03,3.860473456000939940e+00
9.917386431518101745e+03,3.860473419110222348e+00
9.917386453163786427e+03,3.860473382221158545e+00
9.917386474809469291e+03,3.860473345333756523e+00
9.917386496455152155e+03,3.860473308448010510e+00
9.917386518100835019e+03,3.860473271563924502e+00
9.917386539746517883e+03,3.860473234681494947e+00
9.917386561392200747e+03,3.860473197800724510e+00
9.917386583037883611e+03,3.860473160921611857e+00
9.917386604683566475e+03,3.860473124044158322e+00
9.917386626329251158e+03,3.860473087168359907e+00
9.917386647974934021e+03,3.860473050294222830e+00
9.917386669620616885e+03,3.860473013421745758e+00
9.917386691266299749e+03,3.860472976550926028e+00
9.917386712911982613e+03,3.860472939681766746e+00
9.917386734557665477e+03,3.860472902814265250e+00
9.917386756203348341e+03,3.860472865948423760e+00
9.917386777849031205e+03,3.860472829084241830e+00
9.917386799494715888e+03,3.860472792221715910e+00
9.917386821140398752e+03,3.860472755360852659e+00
9.917386842786081615e+03,3.860472718501648970e+00
9.917386864431764479e+03,3.860472681644105286e+00
9.917386886077447343e+03,3.860472644788221164e+00
9.917386907723130207e+03,3.860472607933998379e+00
9.917386929368813071e+03,3.860472571081434712e+00
9.917386951014495935e+03,3.860472534230531050e+00
9.917386972660178799e+03,3.860472497381288282e+00
9.917386994305863482e+03,3.860472460533702854e+00
9.917387015951546346e+03,3.860472423687780985e+00
9.917387037597229209e+03,3.860472386843520454e+00
9.917387059242912073e+03,3.860472350000919928e+00
9.917387080888594937e+03,3.860472313159981628e+00
9.917387102534277801e+03,3.860472276320703333e+00
9.917387124179960665e+03,3.860472239483086376e+00
9.917387145825643529e+03,3.860472202647131201e+00
9.917387167471328212e+03,3.860472165812833811e+00
9.917387189117011076e+03,3.860472128980201756e+00
9.917387210762693940e+03,3.860472092149231038e+00
9.917387232408376804e+03,3.860472055319922102e+00
9.917387254054059667e+03,3.860472018492274948e+00
9.917387275699742531e+03,3.860471981666290020e+00
9.917387297345425395e+03,3.860471944841967318e+00
9.917387318991108259e+03,3.860471908019305953e+00
9.917387340636792942e+03,3.860471871198305482e+00
9.917387362282475806e+03,3.860471834378969902e+00
9.917387383928158670e+03,3.860471797561296547e+00
9.917387405573841534e+03,3.860471760745285863e+00
9.917387427219524398e+03,3.860471723930938293e+00
9.917387448865207261e+03,3.860471687118254280e+00
9.917387470510890125e+03,3.860471650307232938e+00
9.917387492156572989e+03,3.860471613497874710e+00
9.917387513802257672e+03,3.860471576690176487e+00
9.917387535447940536e+03,3.860471539884144487e+00
9.917387557093623400e+03,3.860471503079776934e+00
9.917387578739306264e+03,3.860471466277072494e+00
9.917387600384989128e+03,3.860471429476031613e+00
9.917387622030671992e+03,3.860471392676655622e+00
9.917387643676354855e+03,3.860471355878942745e+00
9.917387665322037719e+03,3.860471319082893871e+00
9.917387686967722402e+03,3.860471282288505890e+00
9.917387708613405266e+03,3.860471245495786352e+00
9.917387730259088130e+03,3.860471208704730817e+00
9.917387751904770994e+03,3.860471171915340172e+00
9.917387773550453858e+03,3.860471135127613973e+00
9.917387795196136722e+03,3.860471098341552221e+00
9.917387816841819586e+03,3.860471061557155803e+00
9.917387838487502449e+03,3.860471024774424276e+00
9.917387860133187132e+03,3.860470987993354974e+00
9.917387881778869996e+03,3.860470951213954116e+00
9.917387903424552860e+03,3.860470914436218592e+00
9.917387925070235724e+03,3.860470877660148403e+00
9.917387946715918588e+03,3.860470840885743549e+00
9.917387968361601452e+03,3.860470804113005361e+00
9.917387990007284316e+03,3.860470767341932063e+00
9.917388011652967180e+03,3.860470730572524989e+00
9.917388033298650043e+03,3.860470693804784581e+00
9.917388054944334726e+03,3.860470657038706843e+00
9.917388076590017590e+03,3.860470620274298881e+00
9.917388098235700454e+03,3.860470583511556697e+00
9.917388119881383318e+03,3.860470546750482068e+00
9.917388141527066182e+03,3.860470509991073662e+00
9.917388163172749046e+03,3.860470473233331479e+00
9.917388184818431910e+03,3.860470436477256406e+00
9.917388206464114774e+03,3.860470399722848445e+00
9.917388228109799456e+03,3.860470362970104929e+00
9.917388249755482320e+03,3.860470326219031190e+00
9.917388271401165184e+03,3.860470289469625449e+00
9.917388293046848048e+03,3.860470252721886819e+00
9.917388314692530912e+03,3.860470215975816188e+00
9.917388336338213776e+03,3.860470179231412224e+00
9.917388357983896640e+03,3.860470142488676704e+00
9.917388379629579504e+03,3.860470105747609182e+00
9.917388401275264187e+03,3.860470069008206995e+00
9.917388422920947050e+03,3.860470032270475915e+00
9.917388444566629914e+03,3.860469995534412391e+00
9.917388466212312778e+03,3.860469958800018198e+00
9.917388487857995642e+03,3.860469922067292003e+00
9.917388509503678506e+03,3.860469885336234697e+00
9.917388531149361370e+03,3.860469848606845389e+00
9.917388552795044234e+03,3.860469811879125857e+00
9.917388574440728917e+03,3.860469775153072547e+00
9.917388596086411781e+03,3.860469738428690345e+00
9.917388617732094644e+03,3.860469701705978363e+00
9.917388639377777508e+03,3.860469664984934823e+00
9.917388661023460372e+03,3.860469628265561060e+00
9.917388682669143236e+03,3.860469591547857071e+00
9.917388704314826100e+03,3.860469554831822414e+00
9.917388725960508964e+03,3.860469518117457977e+00
9.917388747606193647e+03,3.860469481404760206e+00
9.917388769251876511e+03,3.860469444693735763e+00
9.917388790897559375e+03,3.860469407984381096e+00
9.917388812543242238e+03,3.860469371276696648e+00
9.917388834188925102e+03,3.860469334570682864e+00
9.917388855834607966e+03,3.860469297866339744e+00
9.917388877480290830e+03,3.860469261163666843e+00
9.917388899125973694e+03,3.860469224462665050e+00
9.917388920771658377e+03,3.860469187763330812e+00
9.917388942417341241e+03,3.860469151065670790e+00
9.917388964063024105e+03,3.860469114369680987e+00
9.917388985708706969e+03,3.860469077675362737e+00
9.917389007354389832e+03,3.860469040982716038e+00
9.917389029000072696e+03,3.860469004291741335e+00
9.917389050645755560e+03,3.860468967602437296e+00
9.917389072291438424e+03,3.860468930914805696e+00
9.917389093937121288e+03,3.860468894228845205e+00
9.917389115582805971e+03,3.860468857544553600e+00
9.917389137228488835e+03,3.860468820861937100e+00
9.917389158874171699e+03,3.860468784180992596e+00
9.917389180519854563e+03,3.860468747501720976e+00
9.917389202165537426e+03,3.860468710824120908e+00
9.917389223811220290e+03,3.860468674148193280e+00
9.917389245456903154e+03,3.860468637473938980e+00
9.917389267102586018e+03,3.860468600801357120e+00
9.917389288748270701e+03,3.860468564130444591e+00
9.917389310393953565e+03,3.860468527461208499e+00
9.917389332039636429e+03,3.860468490793645735e+00
9.917389353685319293e+03,3.860468454127755411e+00
9.917389375331002157e+03,3.860468417463538859e+00
9.917389396976685020e+03,3.860468380800995192e+00
9.917389418622367884e+03,3.860468344140125296e+00
9.917389440268050748e+03,3.860468307480928729e+00
9.917389461913735431e+03,3.860468270823402825e+00
9.917389483559418295e+03,3.860468234167554247e+00
9.917389505205101159e+03,3.860468197513379440e+00
9.917389526850784023e+03,3.860468160860878850e+00
9.917389548496466887e+03,3.860468124210052920e+00
9.917389570142149751e+03,3.860468087560900319e+00
9.917389591787832615e+03,3.860468050913423266e+00
9.917389613433515478e+03,3.860468014267619985e+00
9.917389635079200161e+03,3.860467977623488256e+00
9.917389656724883025e+03,3.860467940981033852e+00
9.917389678370565889e+03,3.860467904340255441e+00
9.917389700016248753e+03,3.860467867701151690e+00
9.917389721661931617e+03,3.860467831063722599e+00
9.917389743307614481e+03,3.860467794427969057e+00
9.917389764953297345e+03,3.860467757793891508e+00
9.917389786598980209e+03,3.860467721161488619e+00
9.917389808244664891e+03,3.860467684530758170e+00
9.917389829890347755e+03,3.860467647901706822e+00
9.917389851536030619e+03,3.860467611274331023e+00
9.917389873181713483e+03,3.860467574648632105e+00
9.917389894827396347e+03,3.860467538024608292e+00
9.917389916473079211e+03,3.860467501402260471e+00
9.917389938118762075e+03,3.860467464781589086e+00
9.917389959764444939e+03,3.860467428162594583e+00
9.917389981410129622e+03,3.860467391545273852e+00
9.917390003055812485e+03,3.860467354929632222e+00
9.917390024701495349e+03,3.860467318315667029e+00
9.917390046347178213e+03,3.860467281703379161e+00
9.917390067992861077e+03,3.860467245092768174e+00
9.917390089638543941e+03,3.860467208483834067e+00
9.917390111284226805e+03,3.860467171876576842e+00
9.917390132929909669e+03,3.860467135270997829e+00
9.917390154575594352e+03,3.860467098667092145e+00
9.917390176221277216e+03,3.860467062064867783e+00
9.917390197866960079e+03,3.860467025464321189e+00
9.917390219512642943e+03,3.860466988865452809e+00
9.917390241158325807e+03,3.860466952268260421e+00
9.917390262804008671e+03,3.860466915672747579e+00
9.917390284449691535e+03,3.860466879078912950e+00
9.917390306095374399e+03,3.860466842486755645e+00
9.917390327741057263e+03,3.860466805896277886e+00
9.917390349386741946e+03,3.860466769307474344e+00
9.917390371032424810e+03,3.860466732720352567e+00
9.917390392678107673e+03,3.860466696134910336e+00
9.917390414323790537e+03,3.860466659551146762e+00
9.917390435969473401e+03,3.860466622969061845e+00
9.917390457615156265e+03,3.860466586388655585e+00
9.917390479260839129e+03,3.860466549809928871e+00
9.917390500906521993e+03,3.860466513232881702e+00
9.917390522552206676e+03,3.860466476657510526e+00
9.917390544197889540e+03,3.860466440083822004e+00
9.917390565843572404e+03,3.860466403511813027e+00
9.917390587489255267e+03,3.860466366941483596e+00
9.917390609134938131e+03,3.860466330372834598e+00
9.917390630780620995e+03,3.860466293805865146e+00
9.917390652426303859e+03,3.860466257240576127e+00
9.917390674071986723e+03,3.860466220676967097e+00
9.917390695717671406e+03,3.860466184115034949e+00
9.917390717363354270e+03,3.860466147554786787e+00
9.917390739009037134e+03,3.860466110996218614e+00
9.917390760654719998e+03,3.860466074439332207e+00
9.917390782300402861e+03,3.860466037884125790e+00
9.917390803946085725e+03,3.860466001330599806e+00
9.917390825591768589e+03,3.860465964778755144e+00
9.917390847237451453e+03,3.860465928228591803e+00
9.917390868883136136e+03,3.860465891680107120e+00
9.917390890528819000e+03,3.860465855133306423e+00
9.917390912174501864e+03,3.860465818588186604e+00
9.917390933820184728e+03,3.860465782044749439e+00
9.917390955465867592e+03,3.860465745502993151e+00
9.917390977111550455e+03,3.860465708962919074e+00
9.917390998757233319e+03,3.860465672424526762e+00
9.917391020402916183e+03,3.860465635887817104e+00
9.917391042048600866e+03,3.860465599352785659e+00
9.917391063694283730e+03,3.860465562819440422e+00
9.917391085339966594e+03,3.860465526287776505e+00
9.917391106985649458e+03,3.860465489757795243e+00
9.917391128631332322e+03,3.860465453229497523e+00
9.917391150277015186e+03,3.860465416702882013e+00
9.917391171922698049e+03,3.860465380177949601e+00
9.917391193568380913e+03,3.860465343654699399e+00
9.917391215214065596e+03,3.860465307133129631e+00
9.917391236859748460e+03,3.860465270613246513e+00
9.917391258505431324e+03,3.860465234095046494e+00
9.917391280151114188e+03,3.860465197578529573e+00
9.917391301796797052e+03,3.860465161063696637e+00
9.917391323442479916e+03,3.860465124550546800e+00
9.917391345088162780e+03,3.860465088039080950e+00
9.917391366733845643e+03,3.860465051529299974e+00
9.917391388379528507e+03,3.860465015021202095e+00
9.917391410025213190e+03,3.860464978514784651e+00
9.917391431670896054e+03,3.860464942010055189e+00
9.917391453316578918e+03,3.860464905507010158e+00
9.917391474962261782e+03,3.860464869005649557e+00
9.917391496607944646e+03,3.860464832505973387e+00
9.917391518253627510e+03,3.860464796007982091e+00
9.917391539899310374e+03,3.860464759511675670e+00
9.917391561544993237e+03,3.860464723017054123e+00
9.917391583190677920e+03,3.860464686524114786e+00
9.917391604836360784e+03,3.860464650032862544e+00
9.917391626482043648e+03,3.860464613543296952e+00
9.917391648127726512e+03,3.860464577055415791e+00
9.917391669773409376e+03,3.860464540569220837e+00
9.917391691419092240e+03,3.860464504084711201e+00
9.917391713064775104e+03,3.860464467601887328e+00
9.917391734710457968e+03,3.860464431120748774e+00
9.917391756356142650e+03,3.860464394641293318e+00
9.917391778001825514e+03,3.860464358163527621e+00
9.917391799647508378e+03,3.860464321687447686e+00
9.917391821293191242e+03,3.860464285213054403e+00
9.917391842938874106e+03,3.860464248740347326e+00
9.917391864584556970e+03,3.860464212269326012e+00
9.917391886230239834e+03,3.860464175799992681e+00
9.917391907875922698e+03,3.860464139332345113e+00
9.917391929521607381e+03,3.860464102866381975e+00
9.917391951167290244e+03,3.860464066402108152e+00
9.917391972812973108e+03,3.860464029939521868e+00
9.917391994458655972e+03,3.860463993478623568e+00
9.917392016104338836e+03,3.860463957019411918e+00
9.917392037750021700e+03,3.860463920561886919e+00
9.917392059395704564e+03,3.860463884106050791e+00
9.917392081041387428e+03,3.860463847651902203e+00
9.917392102687072111e+03,3.860463811199437600e+00
9.917392124332754975e+03,3.860463774748664534e+00
9.917392145978437838e+03,3.860463738299579006e+00
9.917392167624120702e+03,3.860463701852181906e+00
9.917392189269803566e+03,3.860463665406473233e+00
9.917392210915486430e+03,3.860463628962452542e+00
9.917392232561169294e+03,3.860463592520121168e+00
9.917392254206852158e+03,3.860463556079477332e+00
9.917392275852536841e+03,3.860463519640519703e+00
9.917392297498219705e+03,3.860463483203254054e+00
9.917392319143902569e+03,3.860463446767676388e+00
9.917392340789585433e+03,3.860463410333789813e+00
9.917392362435268296e+03,3.860463373901590334e+00
9.917392384080951160e+03,3.860463337471081058e+00
9.917392405726634024e+03,3.860463301042261541e+00
9.917392427372316888e+03,3.860463264615131340e+00
9.917392449017999752e+03,3.860463228189690454e+00
9.917392470663684435e+03,3.860463191765936664e+00
9.917392492309367299e+03,3.860463155343875297e+00
9.917392513955050163e+03,3.860463118923504133e+00
9.917392535600733027e+03,3.860463082504822729e+00
9.917392557246415890e+03,3.860463046087832417e+00
9.917392578892098754e+03,3.860463009672531420e+00
9.917392600537781618e+03,3.860462973258921515e+00
9.917392622183464482e+03,3.860462936847001814e+00
9.917392643829149165e+03,3.860462900436770539e+00
9.917392665474832029e+03,3.860462864028232133e+00
9.917392687120514893e+03,3.860462827621385262e+00
9.917392708766197757e+03,3.860462791216229039e+00
9.917392730411880621e+03,3.860462754812763908e+00
9.917392752057563484e+03,3.860462718410990313e+00
9.917392773703246348e+03,3.860462682010907365e+00
9.917392795348929212e+03,3.860462645612516397e+00
9.917392816994613895e+03,3.860462609215814300e+00
9.917392838640296759e+03,3.860462572820806848e+00
9.917392860285979623e+03,3.860462536427490932e+00
9.917392881931662487e+03,3.860462500035866995e+00
9.917392903577345351e+03,3.860462463645935483e+00
9.917392925223028215e+03,3.860462427257695506e+00
9.917392946868711078e+03,3.860462390871148397e+00
9.917392968514393942e+03,3.860462354486293712e+00
9.917392990160078625e+03,3.860462318103127899e+00
9.917393011805761489e+03,3.860462281721657618e+00
9.917393033451444353e+03,3.860462245341881093e+00
9.917393055097127217e+03,3.860462208963796549e+00
9.917393076742810081e+03,3.860462172587405760e+00
9.917393098388492945e+03,3.860462136212707396e+00
9.917393120034175809e+03,3.860462099839702343e+00
9.917393141679858672e+03,3.860462063468390603e+00
9.917393163325543355e+03,3.860462027098769511e+00
9.917393184971226219e+03,3.860461990730844395e+00
9.917393206616909083e+03,3.860461954364613035e+00
9.917393228262591947e+03,3.860461918000076320e+00
9.917393249908274811e+03,3.860461881637232473e+00
9.917393271553957675e+03,3.860461845276083714e+00
9.917393293199640539e+03,3.860461808916627824e+00
9.917393314845323403e+03,3.860461772558866578e+00
9.917393336491008085e+03,3.860461736202797312e+00
9.917393358136690949e+03,3.860461699848425354e+00
9.917393379782373813e+03,3.860461663495746709e+00
9.917393401428056677e+03,3.860461627144764485e+00
9.917393423073739541e+03,3.860461590795476017e+00
9.917393444719422405e+03,3.860461554447883081e+00
9.917393466365105269e+03,3.860461518101984346e+00
9.917393488010788133e+03,3.860461481757781144e+00
9.917393509656470997e+03,3.860461445415273474e+00
9.917393531302155679e+03,3.860461409074457340e+00
9.917393552947838543e+03,3.860461372735341179e+00
9.917393574593521407e+03,3.860461336397919663e+00
9.917393596239204271e+03,3.860461300062193679e+00
9.917393617884887135e+03,3.860461263728164560e+00
9.917393639530569999e+03,3.860461227395829642e+00
9.917393661176252863e+03,3.860461191065192477e+00
9.917393682821935727e+03,3.860461154736250400e+00
9.917393704467620410e+03,3.860461118409002079e+00
9.917393726113303273e+03,3.860461082083453288e+00
9.917393747758986137e+03,3.860461045759600918e+00
9.917393769404669001e+03,3.860461009437445412e+00
9.917393791050351865e+03,3.860460973116986327e+00
9.917393812696034729e+03,3.860460936798223663e+00
9.917393834341717593e+03,3.860460900481158752e+00
9.917393855987400457e+03,3.860460864165790262e+00
9.917393877633085140e+03,3.860460827852117305e+00
9.917393899278768004e+03,3.860460791540143433e+00
9.917393920924450867e+03,3.860460755229867313e+00
9.917393942570133731e+03,3.860460718921288947e+00
9.917393964215816595e+03,3.860460682614407446e+00
9.917393985861499459e+03,3.860460646309224142e+00
9.917394007507182323e+03,3.860460610005739479e+00
9.917394029152865187e+03,3.860460573703952125e+00
9.917394050798549870e+03,3.860460537403860304e+00
9.917394072444232734e+03,3.860460501105468900e+00
9.917394094089915598e+03,3.860460464808776138e+00
9.917394115735598461e+03,3.860460428513782460e+00
9.917394137381281325e+03,3.860460392220487424e+00
9.917394159026964189e+03,3.860460355928890142e+00
9.917394180672647053e+03,3.860460319638991944e+00
9.917394202318329917e+03,3.860460283350793720e+00
9.917394223964014600e+03,3.860460247064290584e+00
9.917394245609697464e+03,3.860460210779489643e+00
9.917394267255380328e+03,3.860460174496387786e+00
9.917394288901063192e+03,3.860460138214986348e+00
9.917394310546746055e+03,3.860460101935283550e+00
9.917394332192428919e+03,3.860460065657280726e+00
9.917394353838111783e+03,3.860460029380976543e+00
9.917394375483794647e+03,3.860459993106373666e+00
9.917394397129479330e+03,3.860459956833467210e+00
9.917394418775162194e+03,3.860459920562262948e+00
9.917394440420845058e+03,3.860459884292759991e+00
9.917394462066527922e+03,3.860459848024957008e+00
9.917394483712210786e+03,3.860459811758854443e+00
9.917394505357893649e+03,3.860459775494452295e+00
9.917394527003576513e+03,3.860459739231750564e+00
9.917394548649259377e+03,3.860459702970750584e+00
9.917394570294942241e+03,3.860459666711451021e+00
9.917394591940626924e+03,3.860459630453848323e+00
9.917394613586309788e+03,3.860459594197950484e+00
9.917394635231992652e+03,3.860459557943754394e+00
9.917394656877675516e+03,3.860459521691259610e+00
9.917394678523358380e+03,3.860459485440466132e+00
9.917394700169041243e+03,3.860459449191373960e+00
9.917394721814724107e+03,3.860459412943983093e+00
9.917394743460406971e+03,3.860459376698293976e+00
9.917394765106091654e+03,3.860459340454304389e+00
9.917394786751774518e+03,3.860459304212019660e+00
9.917394808397457382e+03,3.860459267971437125e+00
9.917394830043140246e+03,3.860459231732556784e+00
9.917394851688823110e+03,3.860459195495379081e+00
9.917394873334505974e+03,3.860459159259903128e+00
9.917394894980188838e+03,3.860459123026130257e+00
9.917394916625871701e+03,3.860459086794060024e+00
9.917394938271556384e+03,3.860459050563689321e+00
9.917394959917239248e+03,3.860459014335025252e+00
9.917394981562922112e+03,3.860458978108063377e+00
9.917395003208604976e+03,3.860458941882805473e+00
9.917395024854287840e+03,3.860458905659249762e+00
9.917395046499970704e+03,3.860458869437398022e+00
9.917395068145653568e+03,3.860458833217250252e+00
9.917395089791336432e+03,3.860458796998805564e+00
9.917395111437021114e+03,3.860458760782061294e+00
9.917395133082703978e+03,3.860458724567024991e+00
9.917395154728386842e+03,3.860458688353691326e+00
9.917395176374069706e+03,3.860458652142062519e+00
9.917395198019752570e+03,3.860458615932137683e+00
9.917395219665435434e+03,3.860458579723917705e+00
9.917395241311118298e+03,3.860458543517400809e+00
9.917395262956801162e+03,3.860458507312589660e+00
9.917395284602485845e+03,3.860458471109479817e+00
9.917395306248168708e+03,3.860458434908077496e+00
9.917395327893851572e+03,3.860458398708380034e+00
9.917395349539534436e+03,3.860458362510387875e+00
9.917395371185217300e+03,3.860458326314101019e+00
9.917395392830900164e+03,3.860458290119519020e+00
9.917395414476583028e+03,3.860458253926642325e+00
9.917395436122265892e+03,3.860458217735470487e+00
9.917395457767950575e+03,3.860458181546002177e+00
9.917395479413633439e+03,3.860458145358242277e+00
9.917395501059316302e+03,3.860458109172187680e+00
9.917395522704999166e+03,3.860458072987839717e+00
9.917395544350682030e+03,3.860458036805197057e+00
9.917395565996364894e+03,3.860458000624261476e+00
9.917395587642047758e+03,3.860457964445031198e+00
9.917395609287730622e+03,3.860457928267507555e+00
9.917395630933413486e+03,3.860457892091690546e+00
9.917395652579098169e+03,3.860457855917577064e+00
9.917395674224781033e+03,3.860457819745173325e+00
9.917395695870463896e+03,3.860457783574475776e+00
9.917395717516146760e+03,3.860457747405485751e+00
9.917395739161829624e+03,3.860457711238202805e+00
9.917395760807512488e+03,3.860457675072626493e+00
9.917395782453195352e+03,3.860457638908757705e+00
9.917395804098878216e+03,3.860457602746596439e+00
9.917395825744562899e+03,3.860457566586140032e+00
9.917395847390245763e+03,3.860457530427394257e+00
9.917395869035928627e+03,3.860457494270355117e+00
9.917395890681611490e+03,3.860457458115024831e+00
9.917395912327294354e+03,3.860457421961402069e+00
9.917395933972977218e+03,3.860457385809487718e+00
9.917395955618660082e+03,3.860457349659280890e+00
9.917395977264342946e+03,3.860457313510782917e+00
9.917395998910027629e+03,3.860457277363990691e+00
9.917396020555710493e+03,3.860457241218909097e+00
9.917396042201393357e+03,3.860457205075535914e+00
9.917396063847076221e+03,3.860457168933872918e+00
9.917396085492759084e+03,3.860457132793917889e+00
9.917396107138441948e+03,3.860457096655671272e+00
9.917396128784124812e+03,3.860457060519134842e+00
9.917396150429807676e+03,3.860457024384306823e+00
9.917396172075492359e+03,3.860456988251185884e+00
9.917396193721175223e+03,3.860456952119776464e+00
9.917396215366858087e+03,3.860456915990077231e+00
9.917396237012540951e+03,3.860456879862087742e+00
9.917396258658223815e+03,3.860456843735807553e+00
9.917396280303906678e+03,3.860456807611237995e+00
9.917396301949589542e+03,3.860456771488377736e+00
9.917396323595272406e+03,3.860456735367228109e+00
9.917396345240957089e+03,3.860456699247785117e+00
9.917396366886639953e+03,3.860456663130055421e+00
9.917396388532322817e+03,3.860456627014036801e+00
9.917396410178005681e+03,3.860456590899728813e+00
9.917396431823688545e+03,3.860456554787130568e+00
9.917396453469371409e+03,3.860456518676243398e+00
9.917396475115054272e+03,3.860456482567067749e+00
9.917396496760737136e+03,3.860456446459603175e+00
9.917396518406421819e+03,3.860456410353846124e+00
9.917396540052104683e+03,3.860456374249803702e+00
9.917396561697787547e+03,3.860456338147472355e+00
9.917396583343470411e+03,3.860456302046852972e+00
9.917396604989153275e+03,3.860456265947945109e+00
9.917396626634836139e+03,3.860456229850748766e+00
9.917396648280519003e+03,3.860456193755263943e+00
9.917396669926201866e+03,3.860456157661491083e+00
9.917396691571884730e+03,3.860456121569430632e+00
9.917396713217569413e+03,3.860456085479079480e+00
9.917396734863252277e+03,3.860456049390443400e+00
9.917396756508935141e+03,3.860456013303519729e+00
9.917396778154618005e+03,3.860455977218308021e+00
9.917396799800300869e+03,3.860455941134809166e+00
9.917396821445983733e+03,3.860455905053024050e+00
9.917396843091666597e+03,3.860455868972950899e+00
9.917396864737349460e+03,3.860455832894590600e+00
9.917396886383034143e+03,3.860455796817940488e+00
9.917396908028717007e+03,3.860455760743007225e+00
9.917396929674399871e+03,3.860455724669786370e+00
9.917396951320082735e+03,3.860455688598279256e+00
9.917396972965765599e+03,3.860455652528486326e+00
9.917396994611448463e+03,3.860455616460405803e+00
9.917397016257131327e+03,3.860455580394040354e+00
9.917397037902814191e+03,3.860455544329387312e+00
9.917397059548498873e+03,3.860455508266446234e+00
9.917397081194181737e+03,3.860455472205222005e+00
9.917397102839864601e+03,3.860455436145712405e+00
9.917397124485547465e+03,3.860455400087916544e+00
9.917397146131230329e+03,3.860455364031835312e+00
9.917397167776913193e+03,3.860455327977468709e+00
9.917397189422596057e+03,3.860455291924817178e+00
9.917397211068278921e+03,3.860455255873880276e+00
9.917397232713963604e+03,3.860455219824654449e+00
9.917397254359646467e+03,3.860455183777146804e+00
9.917397276005329331e+03,3.860455147731355119e+00
9.917397297651012195e+03,3.860455111687278507e+00
9.917397319296695059e+03,3.860455075644916967e+00
9.917397340942377923e+03,3.860455039604270500e+00
9.917397362588060787e+03,3.860455003565339993e+00
9.917397384233743651e+03,3.860454967528125447e+00
9.917397405879428334e+03,3.860454931492623309e+00
9.917397427525111198e+03,3.860454895458839797e+00
9.917397449170794062e+03,3.860454859426772689e+00
9.917397470816476925e+03,3.860454823396421986e+00
9.917397492462159789e+03,3.860454787367787244e+00
9.917397514107842653e+03,3.860454751340869350e+00
9.917397535753525517e+03,3.860454715315667418e+00
9.917397557399208381e+03,3.860454679292182334e+00
9.917397579044893064e+03,3.860454643270410546e+00
9.917397600690575928e+03,3.860454607250358272e+00
9.917397622336258792e+03,3.860454571232023735e+00
9.917397643981941656e+03,3.860454535215406047e+00
9.917397665627624519e+03,3.860454499200506095e+00
9.917397687273307383e+03,3.860454463187322993e+00
9.917397708918990247e+03,3.860454427175857184e+00
9.917397730564673111e+03,3.860454391166108667e+00
9.917397752210357794e+03,3.860454355158074780e+00
9.917397773856040658e+03,3.860454319151761737e+00
9.917397795501723522e+03,3.860454283147166876e+00
9.917397817147406386e+03,3.860454247144289752e+00
9.917397838793089250e+03,3.860454211143130809e+00
9.917397860438772113e+03,3.860454175143690048e+00
9.917397882084454977e+03,3.860454139145967467e+00
9.917397903730137841e+03,3.860454103149963068e+00
9.917397925375820705e+03,3.860454067155677738e+00
9.917397947021505388e+03,3.860454031163107480e+00
9.917397968667188252e+03,3.860453995172259400e+00
9.917397990312871116e+03,3.860453959183129502e+00
9.917398011958553980e+03,3.860453923195719117e+00
9.917398033604236844e+03,3.860453887210028245e+00
9.917398055249919707e+03,3.860453851226055999e+00
9.917398076895602571e+03,3.860453815243803710e+00
9.917398098541285435e+03,3.860453779263270491e+00
9.917398120186970118e+03,3.860453743284453676e+00
9.917398141832652982e+03,3.860453707307359927e+00
9.917398163478335846e+03,3.860453671331985248e+00
9.917398185124018710e+03,3.860453635358330970e+00
9.917398206769701574e+03,3.860453599386396206e+00
9.917398228415384438e+03,3.860453563416182288e+00
9.917398250061067301e+03,3.860453527447687883e+00
9.917398271706750165e+03,3.860453491480914767e+00
9.917398293352434848e+03,3.860453455515858501e+00
9.917398314998117712e+03,3.860453419552525745e+00
9.917398336643800576e+03,3.860453383590913834e+00
9.917398358289483440e+03,3.860453347631022769e+00
9.917398379935166304e+03,3.860453311672852550e+00
9.917398401580849168e+03,3.860453275716403176e+00
9.917398423226532032e+03,3.860453239761675093e+00
9.917398444872214895e+03,3.860453203808668299e+00
9.917398466517899578e+03,3.860453167857380130e+00
9.917398488163582442e+03,3.860453131907815472e+00
9.917398509809265306e+03,3.860453095959973435e+00
9.917398531454948170e+03,3.860453060013852689e+00
9.917398553100631034e+03,3.860453024069453676e+00
9.917398574746313898e+03,3.860452988126776841e+00
9.917398596391996762e+03,3.860452952185822184e+00
9.917398618037679626e+03,3.860452916246589261e+00
9.917398639683364308e+03,3.860452880309075852e+00
9.917398661329047172e+03,3.860452844373287729e+00
9.917398682974730036e+03,3.860452808439222672e+00
9.917398704620412900e+03,3.860452772506879349e+00
9.917398726266095764e+03,3.860452736576258648e+00
9.917398747911778628e+03,3.860452700647361901e+00
9.917398769557461492e+03,3.860452664720187332e+00
9.917398791203144356e+03,3.860452628794735830e+00
9.917398812848829039e+03,3.860452592871005173e+00
9.917398834494511902e+03,3.860452556948999803e+00
9.917398856140194766e+03,3.860452521028718831e+00
9.917398877785877630e+03,3.860452485110160481e+00
9.917398899431560494e+03,3.860452449193326085e+00
9.917398921077243358e+03,3.860452413278215200e+00
9.917398942722926222e+03,3.860452377364829157e+00
9.917398964368609086e+03,3.860452341453166625e+00
9.917398986014291950e+03,3.860452305543228047e+00
9.917399007659976633e+03,3.860452269635010314e+00
9.917399029305659496e+03,3.860452233728520532e+00
9.917399050951342360e+03,3.860452197823754261e+00
9.917399072597025224e+03,3.860452161920713721e+00
9.917399094242708088e+03,3.860452126019396690e+00
9.917399115888390952e+03,3.860452090119804947e+00
9.917399137534073816e+03,3.860452054221938045e+00
9.917399159179756680e+03,3.860452018325796431e+00
9.917399180825441363e+03,3.860451982431376550e+00
9.917399202471124227e+03,3.860451946538684620e+00
9.917399224116807090e+03,3.860451910647718421e+00
9.917399245762489954e+03,3.860451874758478397e+00
9.917399267408172818e+03,3.860451838870962771e+00
9.917399289053855682e+03,3.860451802985173764e+00
9.917399310699538546e+03,3.860451767101109599e+00
9.917399332345221410e+03,3.860451731218772053e+00
9.917399353990906093e+03,3.860451695338157130e+00
9.917399375636588957e+03,3.860451659459271045e+00
9.917399397282271821e+03,3.860451623582111580e+00
9.917399418927954684e+03,3.860451587706678733e+00
9.917399440573637548e+03,3.860451551832971617e+00
9.917399462219320412e+03,3.860451515960991564e+00
9.917399483865003276e+03,3.860451480090738574e+00
9.917399505510686140e+03,3.860451444222211759e+00
9.917399527156370823e+03,3.860451408355409786e+00
9.917399548802053687e+03,3.860451372490337096e+00
9.917399570447736551e+03,3.860451336626991026e+00
9.917399592093419415e+03,3.860451300765372462e+00
9.917399613739102278e+03,3.860451264905482294e+00
9.917399635384785142e+03,3.860451229047319188e+00
9.917399657030468006e+03,3.860451193190882702e+00
9.917399678676150870e+03,3.860451157336174610e+00
9.917399700321835553e+03,3.860451121483191805e+00
9.917399721967518417e+03,3.860451085631938728e+00
9.917399743613201281e+03,3.860451049782414490e+00
9.917399765258884145e+03,3.860451013934619091e+00
9.917399786904567009e+03,3.860450978088551199e+00
9.917399808550249872e+03,3.860450942244211703e+00
9.917399830195932736e+03,3.860450906401601046e+00
9.917399851841615600e+03,3.860450870560718339e+00
9.917399873487300283e+03,3.860450834721561808e+00
9.917399895132983147e+03,3.860450798884136780e+00
9.917399916778666011e+03,3.860450763048441480e+00
9.917399938424348875e+03,3.860450727214474131e+00
9.917399960070031739e+03,3.860450691382236510e+00
9.917399981715714603e+03,3.860450655551728172e+00
9.917400003361397467e+03,3.860450619722950005e+00
9.917400025007080330e+03,3.860450583895900678e+00
9.917400046652763194e+03,3.860450548070580634e+00
9.917400068298447877e+03,3.860450512246987209e+00
9.917400089944130741e+03,3.860450476425127508e+00
9.917400111589813605e+03,3.860450440604997535e+00
9.917400133235496469e+03,3.860450404786597289e+00
9.917400154881179333e+03,3.860450368969926771e+00
9.917400176526862197e+03,3.860450333154987757e+00
9.917400198172545061e+03,3.860450297341778025e+00
9.917400219818227924e+03,3.860450261530300242e+00
9.917400241463912607e+03,3.860450225720549078e+00
9.917400263109595471e+03,3.860450189912531194e+00
9.917400284755278335e+03,3.860450154106244813e+00
9.917400306400961199e+03,3.860450118301689937e+00
9.917400328046644063e+03,3.860450082498865232e+00
9.917400349692326927e+03,3.860450046697772919e+00
9.917400371338009791e+03,3.860450010898411222e+00
9.917400392983692655e+03,3.860449975100781028e+00
9.917400414629377337e+03,3.860449939304878786e+00
9.917400436275060201e+03,3.860449903510712044e+00
9.917400457920743065e+03,3.860449867718276806e+00
9.917400479566425929e+03,3.860449831927572628e+00
9.917400501212108793e+03,3.860449796138602174e+00
9.917400522857791657e+03,3.860449760351362780e+00
9.917400544503474521e+03,3.860449724565855334e+00
9.917400566149157385e+03,3.860449688782080724e+00
9.917400587794842068e+03,3.860449653000035397e+00
9.917400609440524931e+03,3.860449617219725127e+00
9.917400631086207795e+03,3.860449581441148581e+00
9.917400652731890659e+03,3.860449545664304427e+00
9.917400674377573523e+03,3.860449509889192665e+00
9.917400696023256387e+03,3.860449474115814628e+00
9.917400717668939251e+03,3.860449438344168982e+00
9.917400739314622115e+03,3.860449402574257505e+00
9.917400760960306798e+03,3.860449366806075311e+00
9.917400782605989662e+03,3.860449331039630838e+00
9.917400804251672525e+03,3.860449295274919201e+00
9.917400825897355389e+03,3.860449259511940845e+00
9.917400847543038253e+03,3.860449223750697545e+00
9.917400869188721117e+03,3.860449187991187081e+00
9.917400890834403981e+03,3.860449152233411230e+00
9.917400912480086845e+03,3.860449116477368658e+00
9.917400934125771528e+03,3.860449080723058479e+00
9.917400955771454392e+03,3.860449044970484689e+00
9.917400977417137256e+03,3.860449009219645955e+00
9.917400999062820119e+03,3.860448973470541834e+00
9.917401020708502983e+03,3.860448937723172769e+00
9.917401042354185847e+03,3.860448901977538316e+00
9.917401063999868711e+03,3.860448866233637588e+00
9.917401085645551575e+03,3.860448830491472805e+00
9.917401107291234439e+03,3.860448794751043966e+00
9.917401128936919122e+03,3.860448759012346187e+00
9.917401150582601986e+03,3.860448723275387461e+00
9.917401172228284850e+03,3.860448687540163792e+00
9.917401193873967713e+03,3.860448651806676512e+00
9.917401215519650577e+03,3.860448616074924288e+00
9.917401237165333441e+03,3.860448580344908454e+00
9.917401258811016305e+03,3.860448544616627675e+00
9.917401280456699169e+03,3.860448508890083730e+00
9.917401302102383852e+03,3.860448473165272620e+00
9.917401323748066716e+03,3.860448437442201008e+00
9.917401345393749580e+03,3.860448401720865341e+00
9.917401367039432444e+03,3.860448366001266951e+00
9.917401388685115307e+03,3.860448330283404506e+00
9.917401410330798171e+03,3.860448294567279337e+00
9.917401431976481035e+03,3.860448258852890557e+00
9.917401453622163899e+03,3.860448223140238166e+00
9.917401475267848582e+03,3.860448187429320832e+00
9.917401496913531446e+03,3.860448151720143439e+00
9.917401518559214310e+03,3.860448116012703768e+00
9.917401540204897174e+03,3.860448080307000929e+00
9.917401561850580038e+03,3.860448044603035811e+00
9.917401583496262901e+03,3.860448008900807970e+00
9.917401605141945765e+03,3.860447973200318739e+00
9.917401626787628629e+03,3.860447937501566340e+00
9.917401648433313312e+03,3.860447901804548998e+00
9.917401670078996176e+03,3.860447866109273374e+00
9.917401691724679040e+03,3.860447830415735915e+00
9.917401713370361904e+03,3.860447794723936177e+00
9.917401735016044768e+03,3.860447759033875492e+00
9.917401756661727632e+03,3.860447723345553417e+00
9.917401778307410495e+03,3.860447687658969063e+00
9.917401799953093359e+03,3.860447651974124650e+00
9.917401821598778042e+03,3.860447616291015294e+00
9.917401843244460906e+03,3.860447580609648099e+00
9.917401864890143770e+03,3.860447544930020403e+00
9.917401886535826634e+03,3.860447509252131315e+00
9.917401908181509498e+03,3.860447473575981725e+00
9.917401929827192362e+03,3.860447437901572076e+00
9.917401951472875226e+03,3.860447402228901481e+00
9.917401973118558089e+03,3.860447366557970827e+00
9.917401994764242772e+03,3.860447330888776563e+00
9.917402016409925636e+03,3.860447295221326236e+00
9.917402038055608500e+03,3.860447259555614519e+00
9.917402059701291364e+03,3.860447223891643631e+00
9.917402081346974228e+03,3.860447188229412685e+00
9.917402102992657092e+03,3.860447152568922125e+00
9.917402124638339956e+03,3.860447116910171950e+00
9.917402146284022820e+03,3.860447081253163049e+00
9.917402167929705683e+03,3.860447045597894533e+00
9.917402189575390366e+03,3.860447009944363739e+00
9.917402211221073230e+03,3.860446974292575995e+00
9.917402232866756094e+03,3.860446938642529968e+00
9.917402254512438958e+03,3.860446902994225216e+00
9.917402276158121822e+03,3.860446867347661737e+00
9.917402297803804686e+03,3.860446831702839088e+00
9.917402319449487550e+03,3.860446796059758157e+00
9.917402341095170414e+03,3.860446760418418943e+00
9.917402362740855096e+03,3.860446724778818339e+00
9.917402384386537960e+03,3.860446689140962562e+00
9.917402406032220824e+03,3.860446653504848058e+00
9.917402427677903688e+03,3.860446617870476604e+00
9.917402449323586552e+03,3.860446582237846869e+00
9.917402470969269416e+03,3.860446546606959295e+00
9.917402492614952280e+03,3.860446510977814327e+00
9.917402514260635144e+03,3.860446475350411522e+00
9.917402535906319827e+03,3.860446439724749101e+00
9.917402557552002690e+03,3.860446404100831064e+00
9.917402579197685554e+03,3.860446368478656964e+00
9.917402600843368418e+03,3.860446332858225027e+00
9.917402622489051282e+03,3.860446297239536140e+00
9.917402644134734146e+03,3.860446261622591191e+00
9.917402665780417010e+03,3.860446226007388848e+00
9.917402687426099874e+03,3.860446190393930443e+00
9.917402709071784557e+03,3.860446154782211980e+00
9.917402730717467421e+03,3.860446119172240120e+00
9.917402752363150285e+03,3.860446083564012643e+00
9.917402774008833148e+03,3.860446047957527771e+00
9.917402795654516012e+03,3.860446012352787726e+00
9.917402817300198876e+03,3.860445976749791175e+00
9.917402838945881740e+03,3.860445941148539006e+00
9.917402860591564604e+03,3.860445905549032108e+00
9.917402882237249287e+03,3.860445869951266040e+00
9.917402903882932151e+03,3.860445834355246575e+00
9.917402925528615015e+03,3.860445798760971936e+00
9.917402947174297879e+03,3.860445763168443012e+00
9.917402968819980742e+03,3.860445727577658026e+00
9.917402990465663606e+03,3.860445691988617867e+00
9.917403012111346470e+03,3.860445656401323422e+00
9.917403033757029334e+03,3.860445620815773804e+00
9.917403055402714017e+03,3.860445585231966792e+00
9.917403077048396881e+03,3.860445549649908159e+00
9.917403098694079745e+03,3.860445514069594797e+00
9.917403120339762609e+03,3.860445478491027149e+00
9.917403141985445473e+03,3.860445442914204772e+00
9.917403163631128336e+03,3.860445407339128554e+00
9.917403185276811200e+03,3.860445371765798050e+00
9.917403206922494064e+03,3.860445336194214594e+00
9.917403228568176928e+03,3.860445300624375964e+00
9.917403250213861611e+03,3.860445265056281716e+00
9.917403271859544475e+03,3.860445229489935848e+00
9.917403293505227339e+03,3.860445193925337914e+00
9.917403315150910203e+03,3.860445158362485252e+00
9.917403336796593067e+03,3.860445122801379636e+00
9.917403358442275930e+03,3.860445087242021511e+00
9.917403380087958794e+03,3.860445051684409989e+00
9.917403401733641658e+03,3.860445016128545070e+00
9.917403423379326341e+03,3.860444980574425422e+00
9.917403445025009205e+03,3.860444945022055485e+00
9.917403466670692069e+03,3.860444909471432595e+00
9.917403488316374933e+03,3.860444873922557640e+00
9.917403509962057797e+03,3.860444838375429732e+00
9.917403531607740661e+03,3.860444802830050204e+00
9.917403553253423524e+03,3.860444767286418610e+00
9.917403574899106388e+03,3.860444731744535396e+00
9.917403596544791071e+03,3.860444696204396120e+00
9.917403618190473935e+03,3.860444660666008332e+00
9.917403639836156799e+03,3.860444625129369811e+00
9.917403661481839663e+03,3.860444589594478781e+00
9.917403683127522527e+03,3.860444554061336575e+00
9.917403704773205391e+03,3.860444518529942748e+00
9.917403726418888255e+03,3.860444483000297744e+00
9.917403748064571118e+03,3.860444447472402008e+00
9.917403769710255801e+03,3.860444411946251986e+00
9.917403791355938665e+03,3.860444376421853896e+00
9.917403813001621529e+03,3.860444340899204629e+00
9.917403834647304393e+03,3.860444305378305518e+00
9.917403856292987257e+03,3.860444269859156119e+00
9.917403877938670121e+03,3.860444234341755543e+00
9.917403899584352985e+03,3.860444198826104678e+00
9.917403921230035849e+03,3.860444163312203081e+00
9.917403942875720531e+03,3.860444127800049419e+00
9.917403964521403395e+03,3.860444092289648577e+00
9.917403986167086259e+03,3.860444056780997446e+00
9.917404007812769123e+03,3.860444021274096471e+00
9.917404029458451987e+03,3.860443985768946096e+00
9.917404051104134851e+03,3.860443950265545876e+00
9.917404072749817715e+03,3.860443914763896256e+00
9.917404094395500579e+03,3.860443879263997680e+00
9.917404116041185262e+03,3.860443843765846594e+00
9.917404137686868125e+03,3.860443808269449661e+00
9.917404159332550989e+03,3.860443772774803328e+00
9.917404180978233853e+03,3.860443737281908483e+00
9.917404202623916717e+03,3.860443701790764237e+00
9.917404224269599581e+03,3.860443666301371479e+00
9.917404245915282445e+03,3.860443630813730653e+00
9.917404267560965309e+03,3.860443595327840871e+00
9.917404289206649992e+03,3.860443559843700800e+00
9.917404310852332856e+03,3.860443524361313994e+00
9.917404332498015719e+03,3.860443488880680007e+00
9.917404354143698583e+03,3.860443453401798397e+00
9.917404375789381447e+03,3.860443417924668275e+00
9.917404397435064311e+03,3.860443382449290528e+00
9.917404419080747175e+03,3.860443346975664713e+00
9.917404440726430039e+03,3.860443311503791275e+00
9.917404462372112903e+03,3.860443276033671101e+00
9.917404484017797586e+03,3.860443240565300194e+00
9.917404505663480450e+03,3.860443205098685659e+00
9.917404527309163313e+03,3.860443169633823501e+00
9.917404548954846177e+03,3.860443134170714607e+00
9.917404570600529041e+03,3.860443098709358534e+00
9.917404592246211905e+03,3.860443063249756168e+00
9.917404613891894769e+03,3.860443027791906179e+00
9.917404635537577633e+03,3.860442992335810342e+00
9.917404657183262316e+03,3.860442956881465548e+00
9.917404678828945180e+03,3.860442921428876684e+00
9.917404700474628044e+03,3.860442885978041971e+00
9.917404722120310907e+03,3.860442850528960523e+00
9.917404743765993771e+03,3.860442815081634116e+00
9.917404765411676635e+03,3.860442779636060973e+00
9.917404787057359499e+03,3.860442744192242426e+00
9.917404808703042363e+03,3.860442708750178475e+00
9.917404830348727046e+03,3.860442673309865569e+00
9.917404851994409910e+03,3.860442637871310811e+00
9.917404873640092774e+03,3.860442602434510206e+00
9.917404895285775638e+03,3.860442566999464642e+00
9.917404916931458501e+03,3.860442531566174118e+00
9.917404938577141365e+03,3.860442496134638191e+00
9.917404960222824229e+03,3.860442460704857748e+00
9.917404981868507093e+03,3.860442425276832790e+00
9.917405003514191776e+03,3.860442389850559763e+00
9.917405025159874640e+03,3.860442354426044442e+00
9.917405046805557504e+03,3.860442319003285494e+00
9.917405068451240368e+03,3.860442283582282919e+00
9.917405090096923232e+03,3.860442248163035828e+00
9.917405111742606096e+03,3.860442212745543777e+00
9.917405133388288959e+03,3.860442177329808100e+00
9.917405155033971823e+03,3.860442141915828795e+00
9.917405176679656506e+03,3.860442106503603199e+00
9.917405198325339370e+03,3.860442071093136640e+00
9.917405219971022234e+03,3.860442035684426010e+00
9.917405241616705098e+03,3.860442000277472197e+00
9.917405263262387962e+03,3.860441964872275200e+00
9.917405284908070826e+03,3.860441929468835021e+00
9.917405306553753690e+03,3.860441894067152102e+00
9.917405328199436553e+03,3.860441858667226001e+00
9.917405349845121236e+03,3.860441823269054051e+00
9.917405371490804100e+03,3.860441787872642472e+00
9.917405393136486964e+03,3.860441752477987709e+00
9.917405414782169828e+03,3.860441717085091096e+00
9.917405436427852692e+03,3.860441681693951743e+00
9.917405458073535556e+03,3.860441646304570096e+00
9.917405479719218420e+03,3.860441610916946598e+00
9.917405501364901284e+03,3.860441575531080360e+00
9.917405523010584147e+03,3.860441540146972716e+00
9.917405544656268830e+03,3.860441504764620557e+00
9.917405566301951694e+03,3.860441469384028768e+00
9.917405587947634558e+03,3.860441434005196015e+00
9.917405609593317422e+03,3.860441398628121412e+00
9.917405631239000286e+03,3.860441363252804958e+00
9.917405652884683150e+03,3.860441327879247986e+00
9.917405674530366014e+03,3.860441292507449607e+00
9.917405696176048878e+03,3.860441257137409821e+00
9.917405717821733560e+03,3.860441221769126852e+00
9.917405739467416424e+03,3.860441186402605585e+00
9.917405761113099288e+03,3.860441151037843355e+00
9.917405782758782152e+03,3.860441115674841051e+00
9.917405804404465016e+03,3.860441080313597784e+00
9.917405826050147880e+03,3.860441044954113998e+00
9.917405847695830744e+03,3.860441009596390582e+00
9.917405869341513608e+03,3.860440974240426648e+00
9.917405890987198291e+03,3.860440938886219087e+00
9.917405912632881154e+03,3.860440903533775447e+00
9.917405934278564018e+03,3.860440868183091734e+00
9.917405955924246882e+03,3.860440832834167946e+00
9.917405977569929746e+03,3.860440797487004527e+00
9.917405999215612610e+03,3.860440762141601923e+00
9.917406020861295474e+03,3.860440726797960576e+00
9.917406042506978338e+03,3.860440691456078266e+00
9.917406064152663021e+03,3.860440656115954994e+00
9.917406085798345885e+03,3.860440620777595644e+00
9.917406107444028748e+03,3.860440585440997108e+00
9.917406129089711612e+03,3.860440550106159829e+00
9.917406150735394476e+03,3.860440514773083809e+00
9.917406172381077340e+03,3.860440479441768158e+00
9.917406194026760204e+03,3.860440444112215097e+00
9.917406215672443068e+03,3.860440408784423294e+00
9.917406237318127751e+03,3.860440373458391417e+00
9.917406258963810615e+03,3.860440338134123017e+00
9.917406280609493479e+03,3.860440302811616320e+00
9.917406302255176342e+03,3.860440267490872657e+00
9.917406323900859206e+03,3.860440232171890695e+00
9.917406345546542070e+03,3.860440196854670880e+00
9.917406367192224934e+03,3.860440161539213655e+00
9.917406388837907798e+03,3.860440126225519020e+00
9.917406410483592481e+03,3.860440090913584310e+00
9.917406432129275345e+03,3.860440055603414411e+00
9.917406453774958209e+03,3.860440020295007990e+00
9.917406475420641073e+03,3.860439984988364159e+00
9.917406497066323936e+03,3.860439949683483363e+00
9.917406518712006800e+03,3.860439914380366488e+00
9.917406540357689664e+03,3.860439879079012204e+00
9.917406562003372528e+03,3.860439843779421398e+00
9.917406583649055392e+03,3.860439808481594071e+00
9.917406605294740075e+03,3.860439773185527113e+00
9.917406626940422939e+03,3.860439737891227630e+00
9.917406648586105803e+03,3.860439702598691181e+00
9.917406670231788667e+03,3.860439667307919542e+00
9.917406691877471530e+03,3.860439632018911382e+00
9.917406713523154394e+03,3.860439596731667589e+00
9.917406735168837258e+03,3.860439561446187717e+00
9.917406756814520122e+03,3.860439526162473101e+00
9.917406778460204805e+03,3.860439490880518854e+00
9.917406800105887669e+03,3.860439455600332526e+00
9.917406821751570533e+03,3.860439420321911452e+00
9.917406843397253397e+03,3.860439385045255190e+00
9.917406865042936261e+03,3.860439349770363293e+00
9.917406886688619124e+03,3.860439314497236651e+00
9.917406908334301988e+03,3.860439279225875708e+00
9.917406929979984852e+03,3.860439243956279132e+00
9.917406951625669535e+03,3.860439208688446033e+00
9.917406973271352399e+03,3.860439173422380410e+00
9.917406994917035263e+03,3.860439138158081374e+00
9.917407016562718127e+03,3.860439102895546704e+00
9.917407038208400991e+03,3.860439067634779065e+00
9.917407059854083855e+03,3.860439032375776680e+00
9.917407081499766718e+03,3.860438997118541327e+00
9.917407103145449582e+03,3.860438961863071228e+00
9.917407124791134265e+03,3.860438926609364607e+00
9.917407146436817129e+03,3.860438891357427682e+00
9.917407168082499993e+03,3.860438856107257344e+00
9.917407189728182857e+03,3.860438820858853592e+00
9.917407211373865721e+03,3.860438785612215540e+00
9.917407233019548585e+03,3.860438750367345406e+00
9.917407254665231449e+03,3.860438715124242304e+00
9.917407276310914312e+03,3.860438679882905344e+00
9.917407297956598995e+03,3.860438644643333639e+00
9.917407319602281859e+03,3.860438609405531629e+00
9.917407341247964723e+03,3.860438574169497095e+00
9.917407362893647587e+03,3.860438538935229591e+00
9.917407384539330451e+03,3.860438503702730006e+00
9.917407406185013315e+03,3.860438468471998341e+00
9.917407427830696179e+03,3.860438433243034151e+00
9.917407449476379043e+03,3.860438398015838324e+00
9.917407471122063725e+03,3.860438362790407307e+00
9.917407492767746589e+03,3.860438327566747763e+00
9.917407514413429453e+03,3.860438292344856581e+00
9.917407536059112317e+03,3.860438257124732875e+00
9.917407557704795181e+03,3.860438221906379308e+00
9.917407579350478045e+03,3.860438186689792772e+00
9.917407600996160909e+03,3.860438151474975488e+00
9.917407622641843773e+03,3.860438116261927455e+00
9.917407644287526637e+03,3.860438081050647785e+00
9.917407665933211319e+03,3.860438045841135146e+00
9.917407687578894183e+03,3.860438010633393535e+00
9.917407709224577047e+03,3.860437975427421620e+00
9.917407730870259911e+03,3.860437940223218956e+00
9.917407752515942775e+03,3.860437905020786431e+00
9.917407774161625639e+03,3.860437869820123158e+00
9.917407795807308503e+03,3.860437834621229580e+00
9.917407817452991367e+03,3.860437799424104810e+00
9.917407839098676050e+03,3.860437764228748847e+00
9.917407860744358914e+03,3.860437729035165244e+00
9.917407882390041777e+03,3.860437693843351337e+00
9.917407904035724641e+03,3.860437658653308013e+00
9.917407925681407505e+03,3.860437623465034829e+00
9.917407947327090369e+03,3.860437588278532672e+00
9.917407968972773233e+03,3.860437553093800656e+00
9.917407990618456097e+03,3.860437517910839667e+00
9.917408012264140780e+03,3.860437482729646597e+00
9.917408033909823644e+03,3.860437447550226775e+00
9.917408055555506508e+03,3.860437412372578869e+00
9.917408077201189371e+03,3.860437377196701991e+00
9.917408098846872235e+03,3.860437342022595697e+00
9.917408120492555099e+03,3.860437306850261763e+00
9.917408142138237963e+03,3.860437271679698856e+00
9.917408163783920827e+03,3.860437236510907422e+00
9.917408185429605510e+03,3.860437201343884794e+00
9.917408207075288374e+03,3.860437166178636748e+00
9.917408228720971238e+03,3.860437131015161505e+00
9.917408250366654102e+03,3.860437095853457734e+00
9.917408272012336965e+03,3.860437060693525879e+00
9.917408293658019829e+03,3.860437025535366384e+00
9.917408315303702693e+03,3.860436990378979250e+00
9.917408336949385557e+03,3.860436955224364919e+00
9.917408358595070240e+03,3.860436920071520728e+00
9.917408380240753104e+03,3.860436884920451561e+00
9.917408401886435968e+03,3.860436849771155643e+00
9.917408423532118832e+03,3.860436814623632085e+00
9.917408445177801696e+03,3.860436779477881331e+00
9.917408466823484559e+03,3.860436744333904713e+00
9.917408488469167423e+03,3.860436709191700899e+00
9.917408510114850287e+03,3.860436674051270334e+00
9.917408531760534970e+03,3.860436638912610352e+00
9.917408553406217834e+03,3.860436603775727615e+00
9.917408575051900698e+03,3.860436568640617683e+00
9.917408596697583562e+03,3.860436533507281887e+00
9.917408618343266426e+03,3.860436498375720671e+00
9.917408639988949290e+03,3.860436463245933147e+00
9.917408661634632153e+03,3.860436428117918872e+00
9.917408683280315017e+03,3.860436392991679622e+00
9.917408704925997881e+03,3.860436357867214507e+00
9.917408726571682564e+03,3.860436322744521309e+00
9.917408748217365428e+03,3.860436287623605800e+00
9.917408769863048292e+03,3.860436252504464427e+00
9.917408791508731156e+03,3.860436217387098523e+00
9.917408813154414020e+03,3.860436182271506311e+00
9.917408834800096884e+03,3.860436147157690456e+00
9.917408856445779747e+03,3.860436112045649626e+00
9.917408878091462611e+03,3.860436076935383820e+00
9.917408899737147294e+03,3.860436041826889930e+00
9.917408921382830158e+03,3.860436006720175062e+00
9.917408943028513022e+03,3.860435971615235662e+00
9.917408964674195886e+03,3.860435936512072175e+00
9.917408986319878750e+03,3.860435901410684600e+00
9.917409007965561614e+03,3.860435866311072051e+00
9.917409029611244478e+03,3.860435831213236302e+00
9.917409051256927341e+03,3.860435796117176466e+00
9.917409072902612024e+03,3.860435761022890322e+00
9.917409094548294888e+03,3.860435725930383200e+00
9.917409116193977752e+03,3.860435690839652434e+00
9.917409137839660616e+03,3.860435655750698913e+00
9.917409159485343480e+03,3.860435620663521750e+00
9.917409181131026344e+03,3.860435585578121387e+00
9.917409202776709208e+03,3.860435550494497825e+00
9.917409224422392072e+03,3.860435515412650620e+00
9.917409246068076754e+03,3.860435480332578884e+00
9.917409267713759618e+03,3.860435445254286613e+00
9.917409289359442482e+03,3.860435410177772031e+00
9.917409311005125346e+03,3.860435375103035138e+00
9.917409332650808210e+03,3.860435340030075047e+00
9.917409354296491074e+03,3.860435304958893532e+00
9.917409375942173938e+03,3.860435269889489707e+00
9.917409397587856802e+03,3.860435234821863126e+00
9.917409419233541485e+03,3.860435199756012015e+00
9.917409440879224348e+03,3.860435164691942145e+00
9.917409462524907212e+03,3.860435129629650852e+00
9.917409484170590076e+03,3.860435094569136805e+00
9.917409505816272940e+03,3.860435059510402667e+00
9.917409527461955804e+03,3.860435024453445774e+00
9.917409549107638668e+03,3.860434989398268346e+00
9.917409570753321532e+03,3.860434954344869496e+00
9.917409592399006215e+03,3.860434919293247003e+00
9.917409614044689079e+03,3.860434884243406195e+00
9.917409635690371942e+03,3.860434849195344409e+00
9.917409657336054806e+03,3.860434814149061644e+00
9.917409678981737670e+03,3.860434779104559233e+00
9.917409700627420534e+03,3.860434744061834955e+00
9.917409722273103398e+03,3.860434709020891031e+00
9.917409743918786262e+03,3.860434673981726572e+00
9.917409765564469126e+03,3.860434638944342467e+00
9.917409787210153809e+03,3.860434603908735163e+00
9.917409808855836673e+03,3.860434568874910433e+00
9.917409830501519536e+03,3.860434533842866056e+00
9.917409852147202400e+03,3.860434498812602033e+00
9.917409873792885264e+03,3.860434463784118364e+00
9.917409895438568128e+03,3.860434428757414604e+00
9.917409917084250992e+03,3.860434393732492087e+00
9.917409938729933856e+03,3.860434358709349922e+00
9.917409960375618539e+03,3.860434323687985447e+00
9.917409982021301403e+03,3.860434288668405767e+00
9.917410003666984267e+03,3.860434253650605996e+00
9.917410025312667130e+03,3.860434218634588355e+00
9.917410046958349994e+03,3.860434183620350623e+00
9.917410068604032858e+03,3.860434148607895022e+00
9.917410090249715722e+03,3.860434113597221550e+00
9.917410111895398586e+03,3.860434078588328433e+00
9.917410133541083269e+03,3.860434043581215224e+00
9.917410155186766133e+03,3.860434008575885922e+00
9.917410176832448997e+03,3.860433973572338306e+00
9.917410198478131861e+03,3.860433938570572820e+00
9.917410220123814725e+03,3.860433903570590353e+00
9.917410241769497588e+03,3.860433868572389571e+00
9.917410263415180452e+03,3.860433833575970919e+00
9.917410285060863316e+03,3.860433798581335285e+00
9.917410306706547999e+03,3.860433763588478673e+00
9.917410328352230863e+03,3.860433728597407743e+00
9.917410349997913727e+03,3.860433693608120276e+00
9.917410371643596591e+03,3.860433658620614938e+00
9.917410393289279455e+03,3.860433623634893063e+00
9.917410414934962319e+03,3.860433588650954206e+00
9.917410436580645182e+03,3.860433553668798368e+00
9.917410458226328046e+03,3.860433518688425991e+00
9.917410479872012729e+03,3.860433483709833524e+00
9.917410501517695593e+03,3.860433448733028516e+00
9.917410523163378457e+03,3.860433413758007415e+00
9.917410544809061321e+03,3.860433378784768887e+00
9.917410566454744185e+03,3.860433343813314711e+00
9.917410588100427049e+03,3.860433308843645328e+00
9.917410609746109913e+03,3.860433273875758520e+00
9.917410631391792776e+03,3.860433238909657394e+00
9.917410653037477459e+03,3.860433203945337510e+00
9.917410674683160323e+03,3.860433168982804197e+00
9.917410696328843187e+03,3.860433134022055679e+00
9.917410717974526051e+03,3.860433099063091955e+00
9.917410739620208915e+03,3.860433064105913470e+00
9.917410761265891779e+03,3.860433029150519335e+00
9.917410782911574643e+03,3.860432994196909995e+00
9.917410804557257507e+03,3.860432959245085893e+00
9.917410826202940370e+03,3.860432924295047030e+00
9.917410847848625053e+03,3.860432889346790297e+00
9.917410869494307917e+03,3.860432854400322800e+00
9.917410891139990781e+03,3.860432819455640097e+00
9.917410912785673645e+03,3.860432784512743964e+00
9.917410934431356509e+03,3.860432749571633071e+00
9.917410956077039373e+03,3.860432714632307860e+00
9.917410977722722237e+03,3.860432679694768332e+00
9.917410999368405101e+03,3.860432644759015375e+00
9.917411021014089783e+03,3.860432609825045436e+00
9.917411042659772647e+03,3.860432574892865176e+00
9.917411064305455511e+03,3.860432539962471044e+00
9.917411085951138375e+03,3.860432505033863038e+00
9.917411107596821239e+03,3.860432470107042047e+00
9.917411129242504103e+03,3.860432435182008515e+00
9.917411150888186967e+03,3.860432400258761110e+00
9.917411172533869831e+03,3.860432365337300720e+00
9.917411194179554514e+03,3.860432330417624680e+00
9.917411215825237377e+03,3.860432295499738764e+00
9.917411237470920241e+03,3.860432260583639863e+00
9.917411259116603105e+03,3.860432225669328865e+00
9.917411280762285969e+03,3.860432190756804882e+00
9.917411302407968833e+03,3.860432155846068802e+00
9.917411324053651697e+03,3.860432120937120182e+00
9.917411345699334561e+03,3.860432086029959020e+00
9.917411367345019244e+03,3.860432051124583541e+00
9.917411388990702108e+03,3.860432016220999518e+00
9.917411410636384971e+03,3.860431981319203398e+00
9.917411432282067835e+03,3.860431946419195182e+00
9.917411453927750699e+03,3.860431911520975312e+00
9.917411475573433563e+03,3.860431876624544678e+00
9.917411497219116427e+03,3.860431841729901947e+00
9.917411518864799291e+03,3.860431806837048452e+00
9.917411540510483974e+03,3.860431771945980195e+00
9.917411562156166838e+03,3.860431737056704726e+00
9.917411583801849702e+03,3.860431702169217605e+00
9.917411605447532565e+03,3.860431667283520163e+00
9.917411627093215429e+03,3.860431632399611512e+00
9.917411648738898293e+03,3.860431597517492097e+00
9.917411670384581157e+03,3.860431562637162806e+00
9.917411692030264021e+03,3.860431527758623194e+00
9.917411713675948704e+03,3.860431492881870597e+00
9.917411735321631568e+03,3.860431458006910344e+00
9.917411756967314432e+03,3.860431423133739770e+00
9.917411778612997296e+03,3.860431388262359764e+00
9.917411800258680159e+03,3.860431353392768994e+00
9.917411821904363023e+03,3.860431318524969235e+00
9.917411843550045887e+03,3.860431283658960044e+00
9.917411865195728751e+03,3.860431248794740977e+00
9.917411886841413434e+03,3.860431213932309369e+00
9.917411908487096298e+03,3.860431179071672769e+00
9.917411930132779162e+03,3.860431144212825405e+00
9.917411951778462026e+03,3.860431109355769497e+00
9.917411973424144890e+03,3.860431074500504156e+00
9.917411995069827753e+03,3.860431039647031159e+00
9.917412016715510617e+03,3.860431004795348731e+00
9.917412038361193481e+03,3.860430969945457758e+00
9.917412060006876345e+03,3.860430935097358240e+00
9.917412081652561028e+03,3.860430900251047071e+00
9.917412103298243892e+03,3.860430865406531353e+00
9.917412124943926756e+03,3.860430830563806648e+00
9.917412146589609620e+03,3.860430795722874286e+00
9.917412168235292484e+03,3.860430760883734269e+00
9.917412189880975347e+03,3.860430726046385264e+00
9.917412211526658211e+03,3.860430691210829934e+00
9.917412233172341075e+03,3.860430656377065617e+00
9.917412254818025758e+03,3.860430621545091867e+00
9.917412276463708622e+03,3.860430586714913126e+00
9.917412298109391486e+03,3.860430551886527173e+00
9.917412319755074350e+03,3.860430517059934008e+00
9.917412341400757214e+03,3.860430482235134075e+00
9.917412363046440078e+03,3.860430447412126931e+00
9.917412384692122941e+03,3.860430412590913019e+00
9.917412406337805805e+03,3.860430377771491894e+00
9.917412427983490488e+03,3.860430342953861338e+00
9.917412449629173352e+03,3.860430308138028010e+00
9.917412471274856216e+03,3.860430273323987471e+00
9.917412492920539080e+03,3.860430238511740608e+00
9.917412514566221944e+03,3.860430203701287422e+00
9.917412536211904808e+03,3.860430168892628355e+00
9.917412557857587672e+03,3.860430134085763410e+00
9.917412579503270535e+03,3.860430099280693472e+00
9.917412601148955218e+03,3.860430064477413659e+00
9.917412622794638082e+03,3.860430029675931518e+00
9.917412644440320946e+03,3.860429994876243054e+00
9.917412666086003810e+03,3.860429960078349598e+00
9.917412687731686674e+03,3.860429925282251151e+00
9.917412709377369538e+03,3.860429890487947269e+00
9.917412731023052402e+03,3.860429855695438395e+00
9.917412752668735266e+03,3.860429820904724973e+00
9.917412774314419948e+03,3.860429786115803008e+00
9.917412795960102812e+03,3.860429751328679604e+00
9.917412817605785676e+03,3.860429716543351653e+00
9.917412839251468540e+03,3.860429681759818266e+00
9.917412860897151404e+03,3.860429646978080775e+00
9.917412882542834268e+03,3.860429612198139182e+00
9.917412904188517132e+03,3.860429577419993930e+00
9.917412925834199996e+03,3.860429542643643686e+00
9.917412947479884679e+03,3.860429507869087118e+00
9.917412969125567543e+03,3.860429473096329112e+00
9.917412990771250406e+03,3.860429438325367446e+00
9.917413012416933270e+03,3.860429403556202121e+00
9.917413034062616134e+03,3.860429368788833582e+00
9.917413055708298998e+03,3.860429334023260495e+00
9.917413077353981862e+03,3.860429299259485081e+00
9.917413098999664726e+03,3.860429264497506452e+00
9.917413120645347590e+03,3.860429229737323720e+00
9.917413142291032273e+03,3.860429194978936440e+00
9.917413163936715137e+03,3.860429160222347722e+00
9.917413185582398000e+03,3.860429125467557565e+00
9.917413207228080864e+03,3.860429090714563749e+00
9.917413228873763728e+03,3.860429055963367606e+00
9.917413250519446592e+03,3.860429021213968692e+00
9.917413272165129456e+03,3.860428986466367896e+00
9.917413293810812320e+03,3.860428951720564772e+00
9.917413315456497003e+03,3.860428916976556213e+00
9.917413337102179867e+03,3.860428882234348880e+00
9.917413358747862731e+03,3.860428847493939220e+00
9.917413380393545594e+03,3.860428812755328121e+00
9.917413402039228458e+03,3.860428778018515583e+00
9.917413423684911322e+03,3.860428743283500719e+00
9.917413445330594186e+03,3.860428708550285304e+00
9.917413466976277050e+03,3.860428673818868006e+00
9.917413488621961733e+03,3.860428639089246605e+00
9.917413510267644597e+03,3.860428604361426874e+00
9.917413531913327461e+03,3.860428569635405704e+00
9.917413553559010325e+03,3.860428534911184428e+00
9.917413575204693188e+03,3.860428500188761713e+00
9.917413596850376052e+03,3.860428465468138448e+00
9.917413618496058916e+03,3.860428430749313744e+00
9.917413640141741780e+03,3.860428396032289822e+00
9.917413661787426463e+03,3.860428361317061796e+00
9.917413683433109327e+03,3.860428326603636329e+00
9.917413705078792191e+03,3.860428291892011199e+00
9.917413726724475055e+03,3.860428257182185963e+00
9.917413748370157919e+03,3.860428222474161508e+00
9.917413770015840782e+03,3.860428187767936059e+00
9.917413791661523646e+03,3.860428153063510504e+00
9.917413813307206510e+03,3.860428118360886618e+00
9.917413834952891193e+03,3.860428083660059517e+00
9.917413856598574057e+03,3.860428048961035863e+00
9.917413878244256921e+03,3.860428014263813434e+00
9.917413899889939785e+03,3.860427979568391343e+00
9.917413921535622649e+03,3.860427944874770034e+00
9.917413943181305513e+03,3.860427910182950395e+00
9.917413964826988376e+03,3.860427875492931538e+00
9.917413986472671240e+03,3.860427840804713462e+00
9.917414008118355923e+03,3.860427806118294392e+00
9.917414029764038787e+03,3.860427771433680100e+00
9.917414051409721651e+03,3.860427736750867034e+00
9.917414073055404515e+03,3.860427702069854750e+00
9.917414094701087379e+03,3.860427667390645023e+00
9.917414116346770243e+03,3.860427632713237411e+00
9.917414137992453107e+03,3.860427598037631913e+00
9.917414159638135970e+03,3.860427563363828085e+00
9.917414181283818834e+03,3.860427528691825927e+00
9.917414202929503517e+03,3.860427494021624106e+00
9.917414224575186381e+03,3.860427459353227952e+00
9.917414246220869245e+03,3.860427424686633469e+00
9.917414267866552109e+03,3.860427390021842431e+00
9.917414289512234973e+03,3.860427355358853063e+00
9.917414311157917837e+03,3.860427320697667142e+00
9.917414332803600701e+03,3.860427286038284667e+00
9.917414354449283564e+03,3.860427251380705638e+00
9.917414376094968247e+03,3.860427216724925614e+00
9.917414397740651111e+03,3.860427182070952146e+00
9.917414419386333975e+03,3.860427147418783456e+00
9.917414441032016839e+03,3.860427112768416880e+00
9.917414462677699703e+03,3.860427078119853750e+00
9.917414484323382567e+03,3.860427043473094955e+00
9.917414505969065431e+03,3.860427008828140494e+00
9.917414527614748295e+03,3.860426974184989479e+00
9.917414549260432977e+03,3.860426939543640135e+00
9.917414570906115841e+03,3.860426904904097345e+00
9.917414592551798705e+03,3.860426870266358890e+00
9.917414614197481569e+03,3.860426835630424769e+00
9.917414635843164433e+03,3.860426800996295871e+00
9.917414657488847297e+03,3.860426766363971307e+00
9.917414679134530161e+03,3.860426731733451522e+00
9.917414700780213025e+03,3.860426697104736071e+00
9.917414722425897708e+03,3.860426662477823179e+00
9.917414744071580571e+03,3.860426627852718173e+00
9.917414765717263435e+03,3.860426593229417946e+00
9.917414787362946299e+03,3.860426558607922942e+00
9.917414809008629163e+03,3.860426523988234049e+00
9.917414830654312027e+03,3.860426489370350378e+00
9.917414852299994891e+03,3.860426454754272374e+00
9.917414873945677755e+03,3.860426420139999593e+00
9.917414895591362438e+03,3.860426385527530257e+00
9.917414917237045302e+03,3.860426350916870142e+00
9.917414938882728165e+03,3.860426316308015249e+00
9.917414960528411029e+03,3.860426281700966911e+00
9.917414982174093893e+03,3.860426247095725127e+00
9.917415003819776757e+03,3.860426212492289011e+00
9.917415025465459621e+03,3.860426177890659449e+00
9.917415047111142485e+03,3.860426143290836887e+00
9.917415068756827168e+03,3.860426108692818659e+00
9.917415090402510032e+03,3.860426074096609206e+00
9.917415112048192896e+03,3.860426039502207196e+00
9.917415133693875759e+03,3.860426004909611741e+00
9.917415155339558623e+03,3.860425970318824174e+00
9.917415176985241487e+03,3.860425935729843605e+00
9.917415198630924351e+03,3.860425901142669591e+00
9.917415220276607215e+03,3.860425866557304353e+00
9.917415241922290079e+03,3.860425831973746114e+00
9.917415263567974762e+03,3.860425797391992653e+00
9.917415285213657626e+03,3.860425762812049300e+00
9.917415306859340490e+03,3.860425728233914722e+00
9.917415328505023354e+03,3.860425693657588031e+00
9.917415350150706217e+03,3.860425659083068783e+00
9.917415371796389081e+03,3.860425624510358755e+00
9.917415393442071945e+03,3.860425589939456614e+00
9.917415415087754809e+03,3.860425555370362360e+00
9.917415436733439492e+03,3.860425520803074662e+00
9.917415458379122356e+03,3.860425486237597958e+00
9.917415480024805220e+03,3.860425451673930031e+00
9.917415501670488084e+03,3.860425417112071322e+00
9.917415523316170948e+03,3.860425382552022278e+00
9.917415544961853811e+03,3.860425347993781564e+00
9.917415566607536675e+03,3.860425313437349182e+00
9.917415588253219539e+03,3.860425278882727351e+00
9.917415609898904222e+03,3.860425244329911632e+00
9.917415631544587086e+03,3.860425209778908240e+00
9.917415653190269950e+03,3.860425175229714512e+00
9.917415674835952814e+03,3.860425140682331335e+00
9.917415696481635678e+03,3.860425106136757378e+00
9.917415718127318542e+03,3.860425071592993529e+00
9.917415739773001405e+03,3.860425037051039787e+00
9.917415761418684269e+03,3.860425002510896597e+00
9.917415783064368952e+03,3.860424967972559962e+00
9.917415804710051816e+03,3.860424933436037431e+00
9.917415826355734680e+03,3.860424898901324564e+00
9.917415848001417544e+03,3.860424864368423137e+00
9.917415869647100408e+03,3.860424829837332261e+00
9.917415891292783272e+03,3.860424795308051937e+00
9.917415912938466136e+03,3.860424760780582165e+00
9.917415934584148999e+03,3.860424726254924277e+00
9.917415956229833682e+03,3.860424691731075164e+00
9.917415977875516546e+03,3.860424657209039268e+00
9.917415999521199410e+03,3.860424622688814811e+00
9.917416021166882274e+03,3.860424588170402238e+00
9.917416042812565138e+03,3.860424553653801105e+00
9.917416064458248002e+03,3.860424519139011412e+00
9.917416086103930866e+03,3.860424484626034047e+00
9.917416107749613730e+03,3.860424450114868566e+00
9.917416129395298412e+03,3.860424415605512305e+00
9.917416151040981276e+03,3.860424381097970592e+00
9.917416172686664140e+03,3.860424346592241207e+00
9.917416194332347004e+03,3.860424312088324150e+00
9.917416215978029868e+03,3.860424277586220310e+00
9.917416237623712732e+03,3.860424243085928353e+00
9.917416259269395596e+03,3.860424208587450057e+00
9.917416280915078460e+03,3.860424174090783644e+00
9.917416302560761324e+03,3.860424139595930004e+00
9.917416324206446006e+03,3.860424105102886472e+00
9.917416345852128870e+03,3.860424070611659708e+00
9.917416367497811734e+03,3.860424036122246161e+00
9.917416389143494598e+03,3.860424001634645830e+00
9.917416410789177462e+03,3.860423967148858715e+00
9.917416432434860326e+03,3.860423932664884816e+00
9.917416454080543190e+03,3.860423898182725466e+00
9.917416475726226054e+03,3.860423863702379332e+00
9.917416497371910737e+03,3.860423829223843750e+00
9.917416519017593600e+03,3.860423794747126269e+00
9.917416540663276464e+03,3.860423760272222449e+00
9.917416562308959328e+03,3.860423725799132288e+00
9.917416583954642192e+03,3.860423691327857121e+00
9.917416605600325056e+03,3.860423656858396058e+00
9.917416627246007920e+03,3.860423622390749543e+00
9.917416648891690784e+03,3.860423587924918465e+00
9.917416670537375467e+03,3.860423553460898383e+00
9.917416692183058331e+03,3.860423518998695958e+00
9.917416713828741194e+03,3.860423484538309413e+00
9.917416735474424058e+03,3.860423450079736973e+00
9.917416757120106922e+03,3.860423415622980414e+00
9.917416778765789786e+03,3.860423381168038848e+00
9.917416800411472650e+03,3.860423346714912718e+00
9.917416822057155514e+03,3.860423312263602025e+00
9.917416843702840197e+03,3.860423277814104548e+00
9.917416865348523061e+03,3.860423243366425172e+00
9.917416886994205925e+03,3.860423208920561677e+00
9.917416908639888788e+03,3.860423174476514507e+00
9.917416930285571652e+03,3.860423140034283218e+00
9.917416951931254516e+03,3.860423105593867810e+00
9.917416973576937380e+03,3.860423071155269170e+00
9.917416995222620244e+03,3.860423036718486856e+00
9.917417016868304927e+03,3.860423002283518201e+00
9.917417038513987791e+03,3.860422967850368092e+00
9.917417060159670655e+03,3.860422933419036529e+00
9.917417081805353519e+03,3.860422898989519958e+00
9.917417103451036382e+03,3.860422864561821488e+00
9.917417125096719246e+03,3.860422830135940231e+00
9.917417146742402110e+03,3.860422795711874855e+00
9.917417168388084974e+03,3.860422761289627580e+00
9.917417190033769657e+03,3.860422726869195298e+00
9.917417211679452521e+03,3.860422692450582893e+00
9.917417233325135385e+03,3.860422658033788146e+00
9.917417254970818249e+03,3.860422623618810167e+00
9.917417276616501113e+03,3.860422589205651178e+00
9.917417298262183976e+03,3.860422554794310290e+00
9.917417319907866840e+03,3.860422520384786171e+00
9.917417341553549704e+03,3.860422485977081042e+00
9.917417363199232568e+03,3.860422451571194014e+00
9.917417384844917251e+03,3.860422417167122866e+00
9.917417406490600115e+03,3.860422382764872484e+00
9.917417428136282979e+03,3.860422348364441092e+00
9.917417449781965843e+03,3.860422313965828245e+00
9.917417471427648707e+03,3.860422279569033499e+00
9.917417493073331570e+03,3.860422245174058187e+00
9.917417514719014434e+03,3.860422210780901864e+00
9.917417536364697298e+03,3.860422176389564530e+00
9.917417558010381981e+03,3.860422142000044410e+00
9.917417579656064845e+03,3.860422107612345499e+00
9.917417601301747709e+03,3.860422073226466022e+00
9.917417622947430573e+03,3.860422038842406423e+00
9.917417644593113437e+03,3.860422004460166701e+00
9.917417666238796301e+03,3.860421970079746412e+00
9.917417687884479164e+03,3.860421935701146001e+00
9.917417709530162028e+03,3.860421901324365912e+00
9.917417731175846711e+03,3.860421866949403036e+00
9.917417752821529575e+03,3.860421832576262258e+00
9.917417774467212439e+03,3.860421798204943133e+00
9.917417796112895303e+03,3.860421763835443443e+00
9.917417817758578167e+03,3.860421729467764518e+00
9.917417839404261031e+03,3.860421695101905915e+00
9.917417861049943895e+03,3.860421660737868965e+00
9.917417882695626759e+03,3.860421626375652338e+00
9.917417904341311441e+03,3.860421592015253811e+00
9.917417925986994305e+03,3.860421557656679159e+00
9.917417947632677169e+03,3.860421523299926161e+00
9.917417969278360033e+03,3.860421488944993484e+00
9.917417990924042897e+03,3.860421454591882906e+00
9.917418012569725761e+03,3.860421420240593982e+00
9.917418034215408625e+03,3.860421385891126267e+00
9.917418055861091489e+03,3.860421351543479762e+00
9.917418077506776172e+03,3.860421317197652691e+00
9.917418099152459035e+03,3.860421282853650826e+00
9.917418120798141899e+03,3.860421248511470615e+00
9.917418142443824763e+03,3.860421214171112503e+00
9.917418164089507627e+03,3.860421179832576488e+00
9.917418185735190491e+03,3.860421145495863016e+00
9.917418207380873355e+03,3.860421111160972529e+00
9.917418229026556219e+03,3.860421076827904141e+00
9.917418250672240902e+03,3.860421042496655630e+00
9.917418272317923766e+03,3.860421008167232770e+00
9.917418293963606629e+03,3.860420973839632897e+00
9.917418315609289493e+03,3.860420939513855565e+00
9.917418337254972357e+03,3.860420905189902108e+00
9.917418358900655221e+03,3.860420870867771637e+00
9.917418380546338085e+03,3.860420836547464152e+00
9.917418402192020949e+03,3.860420802228980097e+00
9.917418423837705632e+03,3.860420767912317253e+00
9.917418445483388496e+03,3.860420733597480059e+00
9.917418467129071360e+03,3.860420699284468071e+00
9.917418488774754223e+03,3.860420664973278626e+00
9.917418510420437087e+03,3.860420630663913499e+00
9.917418532066119951e+03,3.860420596356373135e+00
9.917418553711802815e+03,3.860420562050656645e+00
9.917418575357485679e+03,3.860420527746764030e+00
9.917418597003168543e+03,3.860420493444695733e+00
9.917418618648853226e+03,3.860420459144449534e+00
9.917418640294536090e+03,3.860420424846031207e+00
9.917418661940218954e+03,3.860420390549437197e+00
9.917418683585901817e+03,3.860420356254668395e+00
9.917418705231584681e+03,3.860420321961723911e+00
9.917418726877267545e+03,3.860420287670604189e+00
9.917418748522950409e+03,3.860420253381310562e+00
9.917418770168633273e+03,3.860420219093842142e+00
9.917418791814317956e+03,3.860420184808195376e+00
9.917418813460000820e+03,3.860420150524377814e+00
9.917418835105683684e+03,3.860420116242385458e+00
9.917418856751366548e+03,3.860420081962219196e+00
9.917418878397049411e+03,3.860420047683878586e+00
9.917418900042732275e+03,3.860420013407363626e+00
9.917418921688415139e+03,3.860419979132675206e+00
9.917418943334098003e+03,3.860419944859812436e+00
9.917418964979782686e+03,3.860419910588773540e+00
9.917418986625465550e+03,3.860419876319563848e+00
9.917419008271148414e+03,3.860419842052181139e+00
9.917419029916831278e+03,3.860419807786623636e+00
9.917419051562514142e+03,3.860419773522893561e+00
9.917419073208197005e+03,3.860419739260990024e+00
9.917419094853879869e+03,3.860419705000913915e+00
9.917419116499562733e+03,3.860419670742664344e+00
9.917419138145247416e+03,3.860419636486239536e+00
9.917419159790930280e+03,3.860419602231644820e+00
9.917419181436613144e+03,3.860419567978876199e+00
9.917419203082296008e+03,3.860419533727936336e+00
9.917419224727978872e+03,3.860419499478823901e+00
9.917419246373661736e+03,3.860419465231538450e+00
9.917419268019344599e+03,3.860419430986081313e+00
9.917419289665027463e+03,3.860419396742452047e+00
9.917419311310712146e+03,3.860419362500647100e+00
9.917419332956395010e+03,3.860419328260674021e+00
9.917419354602077874e+03,3.860419294022529257e+00
9.917419376247760738e+03,3.860419259786211921e+00
9.917419397893443602e+03,3.860419225551723788e+00
9.917419419539126466e+03,3.860419191319064414e+00
9.917419441184809330e+03,3.860419157088232467e+00
9.917419462830492193e+03,3.860419122859229724e+00
9.917419484476176876e+03,3.860419088632053963e+00
9.917419506121859740e+03,3.860419054406709183e+00
9.917419527767542604e+03,3.860419020183194050e+00
9.917419549413225468e+03,3.860418985961506788e+00
9.917419571058908332e+03,3.860418951741649618e+00
9.917419592704591196e+03,3.860418917523622540e+00
9.917419614350274060e+03,3.860418883307423332e+00
9.917419635995956924e+03,3.860418849093055549e+00
9.917419657641639787e+03,3.860418814880516525e+00
9.917419679287324470e+03,3.860418780669804040e+00
9.917419700933007334e+03,3.860418746460924755e+00
9.917419722578690198e+03,3.860418712253876006e+00
9.917419744224373062e+03,3.860418678048656904e+00
9.917419765870055926e+03,3.860418643845268338e+00
9.917419787515738790e+03,3.860418609643709864e+00
9.917419809161421654e+03,3.860418575443981481e+00
9.917419830807104518e+03,3.860418541246084967e+00
9.917419852452789200e+03,3.860418507050014991e+00
9.917419874098472064e+03,3.860418472855779104e+00
9.917419895744154928e+03,3.860418438663373752e+00
9.917419917389837792e+03,3.860418404472800269e+00
9.917419939035520656e+03,3.860418370284056877e+00
9.917419960681203520e+03,3.860418336097146241e+00
9.917419982326886384e+03,3.860418301912065253e+00
9.917420003972569248e+03,3.860418267728817021e+00
9.917420025618253931e+03,3.860418233547396660e+00
9.917420047263936794e+03,3.860418199367810832e+00
9.917420068909619658e+03,3.860418165190056428e+00
9.917420090555302522e+03,3.860418131014134779e+00
9.917420112200985386e+03,3.860418096840044999e+00
9.917420133846668250e+03,3.860418062667786643e+00
9.917420155492351114e+03,3.860418028497361043e+00
9.917420177138033978e+03,3.860417994328767755e+00
9.917420198783718661e+03,3.860417960162003670e+00
9.917420220429401525e+03,3.860417925997075450e+00
9.917420242075084388e+03,3.860417891833979542e+00
9.917420263720767252e+03,3.860417857672715947e+00
9.917420285366450116e+03,3.860417823513285995e+00
9.917420307012132980e+03,3.860417789355688356e+00
9.917420328657815844e+03,3.860417755199924361e+00
9.917420350303498708e+03,3.860417721045993122e+00
9.917420371949183391e+03,3.860417686893891975e+00
9.917420393594866255e+03,3.860417652743627581e+00
9.917420415240549119e+03,3.860417618595196387e+00
9.917420436886231982e+03,3.860417584448599726e+00
9.917420458531914846e+03,3.860417550303835377e+00
9.917420480177597710e+03,3.860417516160905560e+00
9.917420501823280574e+03,3.860417482019809832e+00
9.917420523468963438e+03,3.860417447880547304e+00
9.917420545114648121e+03,3.860417413743116644e+00
9.917420566760330985e+03,3.860417379607523625e+00
9.917420588406013849e+03,3.860417345473764250e+00
9.917420610051696713e+03,3.860417311341839852e+00
9.917420631697379577e+03,3.860417277211749543e+00
9.917420653343062440e+03,3.860417243083493766e+00
9.917420674988745304e+03,3.860417208957072521e+00
9.917420696634428168e+03,3.860417174832487142e+00
9.917420718280111032e+03,3.860417140709736294e+00
9.917420739925795715e+03,3.860417106588817315e+00
9.917420761571478579e+03,3.860417072469736866e+00
9.917420783217161443e+03,3.860417038352491836e+00
9.917420804862844307e+03,3.860417004237081340e+00
9.917420826508527171e+03,3.860416970123507152e+00
9.917420848154210034e+03,3.860416936011768829e+00
9.917420869799892898e+03,3.860416901901865927e+00
9.917420891445575762e+03,3.860416867793798446e+00
9.917420913091260445e+03,3.860416833687565052e+00
9.917420934736943309e+03,3.860416799583169745e+00
9.917420956382626173e+03,3.860416765480611190e+00
9.917420978028309037e+03,3.860416731379887612e+00
9.917420999673991901e+03,3.860416697281002119e+00
9.917421021319674765e+03,3.860416663183952490e+00
9.917421042965357628e+03,3.860416629088739615e+00
9.917421064611040492e+03,3.860416594995362605e+00
9.917421086256725175e+03,3.860416560903820127e+00
9.917421107902408039e+03,3.860416526814117955e+00
9.917421129548090903e+03,3.860416492726252091e+00
9.917421151193773767e+03,3.860416458640224313e+00
9.917421172839456631e+03,3.860416424556032400e+00
9.917421194485139495e+03,3.860416390473679016e+00
9.917421216130822359e+03,3.860416356393162385e+00
9.917421237776505222e+03,3.860416322314483395e+00
9.917421259422189905e+03,3.860416288237639826e+00
9.917421281067872769e+03,3.860416254162636118e+00
9.917421302713555633e+03,3.860416220089471384e+00
9.917421324359238497e+03,3.860416186018143847e+00
9.917421346004921361e+03,3.860416151948654395e+00
9.917421367650604225e+03,3.860416117881003473e+00
9.917421389296287089e+03,3.860416083815190635e+00
9.917421410941969953e+03,3.860416049751215883e+00
9.917421432587654635e+03,3.860416015689077884e+00
9.917421454233337499e+03,3.860415981628781079e+00
9.917421475879020363e+03,3.860415947570322803e+00
9.917421497524703227e+03,3.860415913513702613e+00
9.917421519170386091e+03,3.860415879458922284e+00
9.917421540816068955e+03,3.860415845405981372e+00
9.917421562461751819e+03,3.860415811354878990e+00
9.917421584107434683e+03,3.860415777305615581e+00
9.917421605753119366e+03,3.860415743258189369e+00
9.917421627398802229e+03,3.860415709212605240e+00
9.917421649044485093e+03,3.860415675168860972e+00
9.917421670690167957e+03,3.860415641126956121e+00
9.917421692335850821e+03,3.860415607086891132e+00
9.917421713981533685e+03,3.860415573048666005e+00
9.917421735627216549e+03,3.860415539012281183e+00
9.917421757272899413e+03,3.860415504977736667e+00
9.917421778918582277e+03,3.860415470945032457e+00
9.917421800564266960e+03,3.860415436914164999e+00
9.917421822209949823e+03,3.860415402885141845e+00
9.917421843855632687e+03,3.860415368857958551e+00
9.917421865501315551e+03,3.860415334832616008e+00
9.917421887146998415e+03,3.860415300809114658e+00
9.917421908792681279e+03,3.860415266787453614e+00
9.917421930438364143e+03,3.860415232767634652e+00
9.917421952084047007e+03,3.860415198749655552e+00
9.917421973729731690e+03,3.860415164733515425e+00
9.917421995375414554e+03,3.860415130719219601e+00
9.917422017021097417e+03,3.860415096706764970e+00
9.917422038666780281e+03,3.860415062696152422e+00
9.917422060312463145e+03,3.860415028687380623e+00
9.917422081958146009e+03,3.860414994680451350e+00
9.917422103603828873e+03,3.860414960675363716e+00
9.917422125249511737e+03,3.860414926672117719e+00
9.917422146895196420e+03,3.860414892670711584e+00
9.917422168540879284e+03,3.860414858671149752e+00
9.917422190186562148e+03,3.860414824673430889e+00
9.917422211832245011e+03,3.860414790677554109e+00
9.917422233477927875e+03,3.860414756683519855e+00
9.917422255123610739e+03,3.860414722691328571e+00
9.917422276769293603e+03,3.860414688700979369e+00
9.917422298414976467e+03,3.860414654712473581e+00
9.917422320060661150e+03,3.860414620725807211e+00
9.917422341706344014e+03,3.860414586740987364e+00
9.917422363352026878e+03,3.860414552758010931e+00
9.917422384997709742e+03,3.860414518776876580e+00
9.917422406643392605e+03,3.860414484797586532e+00
9.917422428289075469e+03,3.860414450820139898e+00
9.917422449934758333e+03,3.860414416844536234e+00
9.917422471580441197e+03,3.860414382870777761e+00
9.917422493226125880e+03,3.860414348898859149e+00
9.917422514871808744e+03,3.860414314928786617e+00
9.917422536517491608e+03,3.860414280960558830e+00
9.917422558163174472e+03,3.860414246994175791e+00
9.917422579808857336e+03,3.860414213029636166e+00
9.917422601454540199e+03,3.860414179066941287e+00
9.917422623100223063e+03,3.860414145106089823e+00
9.917422644745905927e+03,3.860414111147083993e+00
9.917422666391590610e+03,3.860414077189920246e+00
9.917422688037273474e+03,3.860414043234603465e+00
9.917422709682956338e+03,3.860414009281130987e+00
9.917422731328639202e+03,3.860413975329504144e+00
9.917422752974322066e+03,3.860413941379722491e+00
9.917422774620004930e+03,3.860413907431786473e+00
9.917422796265687793e+03,3.860413873485694758e+00
9.917422817911370657e+03,3.860413839541448677e+00
9.917422839557053521e+03,3.860413805599048676e+00
9.917422861202738204e+03,3.860413771658490756e+00
9.917422882848421068e+03,3.860413737719782468e+00
9.917422904494103932e+03,3.860413703782918926e+00
9.917422926139786796e+03,3.860413669847902352e+00
9.917422947785469660e+03,3.860413635914730968e+00
9.917422969431152524e+03,3.860413601983406107e+00
9.917422991076835388e+03,3.860413568053927325e+00
9.917423012722518251e+03,3.860413534126294621e+00
9.917423034368202934e+03,3.860413500200505776e+00
9.917423056013885798e+03,3.860413466276566119e+00
9.917423077659568662e+03,3.860413432354473873e+00
9.917423099305251526e+03,3.860413398434228149e+00
9.917423120950934390e+03,3.860413364515828505e+00
9.917423142596617254e+03,3.860413330599277160e+00
9.917423164242300118e+03,3.860413296684571893e+00
9.917423185887982982e+03,3.860413262771714482e+00
9.917423207533667664e+03,3.860413228860701818e+00
9.917423229179350528e+03,3.860413194951538340e+00
9.917423250825033392e+03,3.860413161044223607e+00
9.917423272470716256e+03,3.860413127138755396e+00
9.917423294116399120e+03,3.860413093235136373e+00
9.917423315762081984e+03,3.860413059333363872e+00
9.917423337407764848e+03,3.860413025433440115e+00
9.917423359053447712e+03,3.860412991535363769e+00
9.917423380699132395e+03,3.860412957639133058e+00
9.917423402344815258e+03,3.860412923744753755e+00
9.917423423990498122e+03,3.860412889852223195e+00
9.917423445636180986e+03,3.860412855961540490e+00
9.917423467281863850e+03,3.860412822072706529e+00
9.917423488927546714e+03,3.860412788185720867e+00
9.917423510573229578e+03,3.860412754300584837e+00
9.917423532218912442e+03,3.860412720417297550e+00
9.917423553864597125e+03,3.860412686535856341e+00
9.917423575510279989e+03,3.860412652656266985e+00
9.917423597155962852e+03,3.860412618778526816e+00
9.917423618801645716e+03,3.860412584902636723e+00
9.917423640447328580e+03,3.860412551028594930e+00
9.917423662093011444e+03,3.860412517156403212e+00
9.917423683738694308e+03,3.860412483286061125e+00
9.917423705384377172e+03,3.860412449417569558e+00
9.917423727030061855e+03,3.860412415550924070e+00
9.917423748675744719e+03,3.860412381686132210e+00
9.917423770321427583e+03,3.860412347823190427e+00
9.917423791967110446e+03,3.860412313962098274e+00
9.917423813612793310e+03,3.860412280102857085e+00
9.917423835258476174e+03,3.860412246245465084e+00
9.917423856904159038e+03,3.860412212389924935e+00
9.917423878549841902e+03,3.860412178536234862e+00
9.917423900195524766e+03,3.860412144684395752e+00
9.917423921841209449e+03,3.860412110834404498e+00
9.917423943486892313e+03,3.860412076986266872e+00
9.917423965132575177e+03,3.860412043139981098e+00
9.917423986778258040e+03,3.860412009295545399e+00
9.917424008423940904e+03,3.860411975452961553e+00
9.917424030069623768e+03,3.860411941612229558e+00
9.917424051715306632e+03,3.860411907773348528e+00
9.917424073360989496e+03,3.860411873936319349e+00
9.917424095006674179e+03,3.860411840101138470e+00
9.917424116652357043e+03,3.860411806267812995e+00
9.917424138298039907e+03,3.860411772436339373e+00
9.917424159943722771e+03,3.860411738606717602e+00
9.917424181589405634e+03,3.860411704778947239e+00
9.917424203235088498e+03,3.860411670953030061e+00
9.917424224880771362e+03,3.860411637128965179e+00
9.917424246526454226e+03,3.860411603306752149e+00
9.917424268172138909e+03,3.860411569486389194e+00
9.917424289817821773e+03,3.860411535667882088e+00
9.917424311463504637e+03,3.860411501851226834e+00
9.917424333109187501e+03,3.860411468036425653e+00
9.917424354754870365e+03,3.860411434223476768e+00
9.917424376400553228e+03,3.860411400412381067e+00
9.917424398046236092e+03,3.860411366603138550e+00
9.917424419691918956e+03,3.860411332795748773e+00
9.917424441337603639e+03,3.860411298990210849e+00
9.917424462983286503e+03,3.860411265186528329e+00
9.917424484628969367e+03,3.860411231384699882e+00
9.917424506274652231e+03,3.860411197584725063e+00
9.917424527920335095e+03,3.860411163786603872e+00
9.917424549566017959e+03,3.860411129990337198e+00
9.917424571211700822e+03,3.860411096195923708e+00
9.917424592857383686e+03,3.860411062403365179e+00
9.917424614503068369e+03,3.860411028612657613e+00
9.917424636148751233e+03,3.860410994823808117e+00
9.917424657794434097e+03,3.860410961036812250e+00
9.917424679440116961e+03,3.860410927251670898e+00
9.917424701085799825e+03,3.860410893468384508e+00
9.917424722731482689e+03,3.860410859686953078e+00
9.917424744377165553e+03,3.860410825907376609e+00
9.917424766022848416e+03,3.860410792129654656e+00
9.917424787668533099e+03,3.860410758353785443e+00
9.917424809314215963e+03,3.860410724579773856e+00
9.917424830959898827e+03,3.860410690807617673e+00
9.917424852605581691e+03,3.860410657037317783e+00
9.917424874251264555e+03,3.860410623268872410e+00
9.917424895896947419e+03,3.860410589502282885e+00
9.917424917542630283e+03,3.860410555737549210e+00
9.917424939188313147e+03,3.860410521974672271e+00
9.917424960833997829e+03,3.860410488213647184e+00
9.917424982479680693e+03,3.860410454454481055e+00
9.917425004125363557e+03,3.860410420697172107e+00
9.917425025771046421e+03,3.860410386941719008e+00
9.917425047416729285e+03,3.860410353188122201e+00
9.917425069062412149e+03,3.860410319436381688e+00
9.917425090708095013e+03,3.860410285686498355e+00
9.917425112353777877e+03,3.860410251938471760e+00
9.917425133999460741e+03,3.860410218192301457e+00
9.917425155645145423e+03,3.860410184447985671e+00
9.917425177290828287e+03,3.860410150705529286e+00
9.917425198936511151e+03,3.860410116964930527e+00
9.917425220582194015e+03,3.860410083226188505e+00
9.917425242227876879e+03,3.860410049489304551e+00
9.917425263873559743e+03,3.860410015754276891e+00
9.917425285519242607e+03,3.860409982021107744e+00
9.917425307164925471e+03,3.860409948289796223e+00
9.917425328810610154e+03,3.860409914560340106e+00
9.917425350456293017e+03,3.860409880832743834e+00
9.917425372101975881e+03,3.860409847107006076e+00
9.917425393747658745e+03,3.860409813383126387e+00
9.917425415393341609e+03,3.860409779661103880e+00
9.917425437039024473e+03,3.860409745940940773e+00
9.917425458684707337e+03,3.860409712222636180e+00
9.917425480330390201e+03,3.860409678506189213e+00
9.917425501976074884e+03,3.860409644791599426e+00
9.917425523621757748e+03,3.860409611078869929e+00
9.917425545267440611e+03,3.860409577367999834e+00
9.917425566913123475e+03,3.860409543658988696e+00
9.917425588558806339e+03,3.860409509951836959e+00
9.917425610204489203e+03,3.860409476246543292e+00
9.917425631850172067e+03,3.860409442543110359e+00
9.917425653495854931e+03,3.860409408841535495e+00
9.917425675141539614e+03,3.860409375141817812e+00
9.917425696787222478e+03,3.860409341443963083e+00
9.917425718432905342e+03,3.860409307747967311e+00
9.917425740078588206e+03,3.860409274053831830e+00
9.917425761724271069e+03,3.860409240361555305e+00
9.917425783369953933e+03,3.860409206671139515e+00
9.917425805015636797e+03,3.860409172982584014e+00
9.917425826661319661e+03,3.860409139295888803e+00
9.917425848307004344e+03,3.860409105611050773e+00
9.917425869952687208e+03,3.860409071928075697e+00
9.917425891598370072e+03,3.860409038246961355e+00
9.917425913244052936e+03,3.860409004567708191e+00
9.917425934889735800e+03,3.860408970890315761e+00
9.917425956535418663e+03,3.860408937214784064e+00
9.917425978181101527e+03,3.860408903541113101e+00
9.917425999826784391e+03,3.860408869869303317e+00
9.917426021472469074e+03,3.860408836199351601e+00
9.917426043118151938e+03,3.860408802531264616e+00
9.917426064763834802e+03,3.860408768865038809e+00
9.917426086409517666e+03,3.860408735200673735e+00
9.917426108055200530e+03,3.860408701538171616e+00
9.917426129700883394e+03,3.860408667877530675e+00
9.917426151346566257e+03,3.860408634218750912e+00
9.917426172992249121e+03,3.860408600561833214e+00
9.917426194637931985e+03,3.860408566906778471e+00
9.917426216283616668e+03,3.860408533253582686e+00
9.917426237929299532e+03,3.860408499602252075e+00
9.917426259574982396e+03,3.860408465952783086e+00
9.917426281220665260e+03,3.860408432305176607e+00
9.917426302866348124e+03,3.860408398659433526e+00
9.917426324512030988e+03,3.860408365015552956e+00
9.917426346157713851e+03,3.860408331373534008e+00
9.917426367803396715e+03,3.860408297733379346e+00
9.917426389449081398e+03,3.860408264095084085e+00
9.917426411094764262e+03,3.860408230458655332e+00
9.917426432740447126e+03,3.860408196824089089e+00
9.917426454386129990e+03,3.860408163191386244e+00
9.917426476031812854e+03,3.860408129560547241e+00
9.917426497677495718e+03,3.860408095931572081e+00
9.917426519323178582e+03,3.860408062304459431e+00
9.917426540968861445e+03,3.860408028679211068e+00
9.917426562614546128e+03,3.860407995055824326e+00
9.917426584260228992e+03,3.860407961434304092e+00
9.917426605905911856e+03,3.860407927814647255e+00
9.917426627551594720e+03,3.860407894196855150e+00
9.917426649197277584e+03,3.860407860580926442e+00
9.917426670842960448e+03,3.860407826966862910e+00
9.917426692488643312e+03,3.860407793354664552e+00
9.917426714134326176e+03,3.860407759744329148e+00
9.917426735780010858e+03,3.860407726135856699e+00
9.917426757425693722e+03,3.860407692529251644e+00
9.917426779071376586e+03,3.860407658924510876e+00
9.917426800717059450e+03,3.860407625321636171e+00
9.917426822362742314e+03,3.860407591720625753e+00
9.917426844008425178e+03,3.860407558121481397e+00
9.917426865654108042e+03,3.860407524524201328e+00
9.917426887299790906e+03,3.860407490928786878e+00
9.917426908945475589e+03,3.860407457335235826e+00
9.917426930591158452e+03,3.860407423743553057e+00
9.917426952236841316e+03,3.860407390153735463e+00
9.917426973882524180e+03,3.860407356565784376e+00
9.917426995528207044e+03,3.860407322979698908e+00
9.917427017173889908e+03,3.860407289395479502e+00
9.917427038819572772e+03,3.860407255813126159e+00
9.917427060465255636e+03,3.860407222232638880e+00
9.917427082110940319e+03,3.860407188654015886e+00
9.917427103756623183e+03,3.860407155077262065e+00
9.917427125402306046e+03,3.860407121502374306e+00
9.917427147047988910e+03,3.860407087929353942e+00
9.917427168693671774e+03,3.860407054358200085e+00
9.917427190339354638e+03,3.860407020788912735e+00
9.917427211985037502e+03,3.860406987221493225e+00
9.917427233630720366e+03,3.860406953655940221e+00
9.917427255276403230e+03,3.860406920092254168e+00
9.917427276922087913e+03,3.860406886530433290e+00
9.917427298567770777e+03,3.860406852970482028e+00
9.917427320213453640e+03,3.860406819412399049e+00
9.917427341859136504e+03,3.860406785856183465e+00
9.917427363504819368e+03,3.860406752301835276e+00
9.917427385150502232e+03,3.860406718749355370e+00
9.917427406796185096e+03,3.860406685198742860e+00
9.917427428441867960e+03,3.860406651649999521e+00
9.917427450087552643e+03,3.860406618103120913e+00
9.917427471733235507e+03,3.860406584558113252e+00
9.917427493378918371e+03,3.860406551014973431e+00
9.917427515024601234e+03,3.860406517473703225e+00
9.917427536670284098e+03,3.860406483934301303e+00
9.917427558315966962e+03,3.860406450396768108e+00
9.917427579961649826e+03,3.860406416861103196e+00
9.917427601607332690e+03,3.860406383327307900e+00
9.917427623253017373e+03,3.860406349795378222e+00
9.917427644898700237e+03,3.860406316265320825e+00
9.917427666544383101e+03,3.860406282737132599e+00
9.917427688190065965e+03,3.860406249210813989e+00
9.917427709835748828e+03,3.860406215686364106e+00
9.917427731481431692e+03,3.860406182163784727e+00
9.917427753127114556e+03,3.860406148643074520e+00
9.917427774772797420e+03,3.860406115124234372e+00
9.917427796418482103e+03,3.860406081607260731e+00
9.917427818064164967e+03,3.860406048092160258e+00
9.917427839709847831e+03,3.860406014578929845e+00
9.917427861355530695e+03,3.860405981067569048e+00
9.917427883001213559e+03,3.860405947558079198e+00
9.917427904646896422e+03,3.860405914050459408e+00
9.917427926292579286e+03,3.860405880544711010e+00
9.917427947938262150e+03,3.860405847040831784e+00
9.917427969583946833e+03,3.860405813538821285e+00
9.917427991229629697e+03,3.860405780038684398e+00
9.917428012875312561e+03,3.860405746540418903e+00
9.917428034520995425e+03,3.860405713044023912e+00
9.917428056166678289e+03,3.860405679549499869e+00
9.917428077812361153e+03,3.860405646056847218e+00
9.917428099458044017e+03,3.860405612566065958e+00
9.917428121103726880e+03,3.860405579077156535e+00
9.917428142749411563e+03,3.860405545590115839e+00
9.917428164395094427e+03,3.860405512104948755e+00
9.917428186040777291e+03,3.860405478621654396e+00
9.917428207686460155e+03,3.860405445140230984e+00
9.917428229332143019e+03,3.860405411660680741e+00
9.917428250977825883e+03,3.860405378183001446e+00
9.917428272623508747e+03,3.860405344707194875e+00
9.917428294269191611e+03,3.860405311233260583e+00
9.917428315914874474e+03,3.860405277761199017e+00
9.917428337560559157e+03,3.860405244291006621e+00
9.917428359206242021e+03,3.860405210822689615e+00
9.917428380851924885e+03,3.860405177356245776e+00
9.917428402497607749e+03,3.860405143891674218e+00
9.917428424143290613e+03,3.860405110428976716e+00
9.917428445788973477e+03,3.860405076968151050e+00
9.917428467434656341e+03,3.860405043509199441e+00
9.917428489080339205e+03,3.860405010052120112e+00
9.917428510726023887e+03,3.860404976596912174e+00
9.917428532371706751e+03,3.860404943143580514e+00
9.917428554017389615e+03,3.860404909692121578e+00
9.917428575663072479e+03,3.860404876242537142e+00
9.917428597308755343e+03,3.860404842794825875e+00
9.917428618954438207e+03,3.860404809348988664e+00
9.917428640600121071e+03,3.860404775905026398e+00
9.917428662245803935e+03,3.860404742462936856e+00
9.917428683891488618e+03,3.860404709022720038e+00
9.917428705537171481e+03,3.860404675584379053e+00
9.917428727182854345e+03,3.860404642147913012e+00
9.917428748828537209e+03,3.860404608713321917e+00
9.917428770474220073e+03,3.860404575280604877e+00
9.917428792119902937e+03,3.860404541849762339e+00
9.917428813765585801e+03,3.860404508420795189e+00
9.917428835411268665e+03,3.860404474993702983e+00
9.917428857056953348e+03,3.860404441568482170e+00
9.917428878702636212e+03,3.860404408145140742e+00
9.917428900348319075e+03,3.860404374723673371e+00
9.917428921994001939e+03,3.860404341304081832e+00
9.917428943639684803e+03,3.860404307886365238e+00
9.917428965285367667e+03,3.860404274470525365e+00
9.917428986931050531e+03,3.860404241056560437e+00
9.917429008576733395e+03,3.860404207644471342e+00
9.917429030222418078e+03,3.860404174234255414e+00
9.917429051868100942e+03,3.860404140825917985e+00
9.917429073513783806e+03,3.860404107419457276e+00
9.917429095159466669e+03,3.860404074014871956e+00
9.917429116805149533e+03,3.860404040612162913e+00
9.917429138450832397e+03,3.860404007211331479e+00
9.917429160096515261e+03,3.860403973812375877e+00
9.917429181742198125e+03,3.860403940415296553e+00
9.917429203387882808e+03,3.860403907020091729e+00
9.917429225033565672e+03,3.860403873626765847e+00
9.917429246679248536e+03,3.860403840235317574e+00
9.917429268324931400e+03,3.860403806845746022e+00
9.917429289970614263e+03,3.860403773458052079e+00
9.917429311616297127e+03,3.860403740072234413e+00
9.917429333261979991e+03,3.860403706688295244e+00
9.917429354907662855e+03,3.860403673306232353e+00
9.917429376553345719e+03,3.860403639926047958e+00
9.917429398199030402e+03,3.860403606547738065e+00
9.917429419844713266e+03,3.860403573171309777e+00
9.917429441490396130e+03,3.860403539796758210e+00
9.917429463136078994e+03,3.860403506424084696e+00
9.917429484781761857e+03,3.860403473053289236e+00
9.917429506427444721e+03,3.860403439684372273e+00
9.917429528073127585e+03,3.860403406317333808e+00
9.917429549718810449e+03,3.860403372952173839e+00
9.917429571364495132e+03,3.860403339588889260e+00
9.917429593010177996e+03,3.860403306227486286e+00
9.917429614655860860e+03,3.860403272867961810e+00
9.917429636301543724e+03,3.860403239510316276e+00
9.917429657947226588e+03,3.860403206154549682e+00
9.917429679592909451e+03,3.860403172800662031e+00
9.917429701238592315e+03,3.860403139448653764e+00
9.917429722884275179e+03,3.860403106098524439e+00
9.917429744529959862e+03,3.860403072750272280e+00
9.917429766175642726e+03,3.860403039403901282e+00
9.917429787821325590e+03,3.860403006059411002e+00
9.917429809467008454e+03,3.860402972716799663e+00
9.917429831112691318e+03,3.860402939376068598e+00
9.917429852758374182e+03,3.860402906037217363e+00
9.917429874404057045e+03,3.860402872700245958e+00
9.917429896049739909e+03,3.860402839365154826e+00
9.917429917695424592e+03,3.860402806031940859e+00
9.917429939341107456e+03,3.860402772700610274e+00
9.917429960986790320e+03,3.860402739371159964e+00
9.917429982632473184e+03,3.860402706043590371e+00
9.917430004278156048e+03,3.860402672717901051e+00
9.917430025923838912e+03,3.860402639394092450e+00
9.917430047569521776e+03,3.860402606072164122e+00
9.917430069215204639e+03,3.860402572752117401e+00
9.917430090860889322e+03,3.860402539433949620e+00
9.917430112506572186e+03,3.860402506117664778e+00
9.917430134152255050e+03,3.860402472803261542e+00
9.917430155797937914e+03,3.860402439490739468e+00
9.917430177443620778e+03,3.860402406180099444e+00
9.917430199089303642e+03,3.860402372871340582e+00
9.917430220734986506e+03,3.860402339564463325e+00
9.917430242380669370e+03,3.860402306259467675e+00
9.917430264026354052e+03,3.860402272956351855e+00
9.917430285672036916e+03,3.860402239655119860e+00
9.917430307317719780e+03,3.860402206355770360e+00
9.917430328963402644e+03,3.860402173058303799e+00
9.917430350609085508e+03,3.860402139762718843e+00
9.917430372254768372e+03,3.860402106469016381e+00
9.917430393900451236e+03,3.860402073177195970e+00
9.917430415546134100e+03,3.860402039887259384e+00
9.917430437191816964e+03,3.860402006599203961e+00
9.917430458837501646e+03,3.860401973313030144e+00
9.917430480483184510e+03,3.860401940028741041e+00
9.917430502128867374e+03,3.860401906746334877e+00
9.917430523774550238e+03,3.860401873465812095e+00
9.917430545420233102e+03,3.860401840187173139e+00
9.917430567065915966e+03,3.860401806910416234e+00
9.917430588711598830e+03,3.860401773635544487e+00
9.917430610357281694e+03,3.860401740362554790e+00
9.917430632002966377e+03,3.860401707091446699e+00
9.917430653648649240e+03,3.860401673822225099e+00
9.917430675294332104e+03,3.860401640554887326e+00
9.917430696940014968e+03,3.860401607289433823e+00
9.917430718585697832e+03,3.860401574025864146e+00
9.917430740231380696e+03,3.860401540764179185e+00
9.917430761877063560e+03,3.860401507504378049e+00
9.917430783522746424e+03,3.860401474246461184e+00
9.917430805168431107e+03,3.860401440990426369e+00
9.917430826814113971e+03,3.860401407736278045e+00
9.917430848459796835e+03,3.860401374484015324e+00
9.917430870105479698e+03,3.860401341233636874e+00
9.917430891751162562e+03,3.860401307985144026e+00
9.917430913396845426e+03,3.860401274738535893e+00
9.917430935042528290e+03,3.860401241493812918e+00
9.917430956688211154e+03,3.860401208250975102e+00
9.917430978333895837e+03,3.860401175010019781e+00
9.917430999979578701e+03,3.860401141770953615e+00
9.917431021625261565e+03,3.860401108533772163e+00
9.917431043270944429e+03,3.860401075298476758e+00
9.917431064916627292e+03,3.860401042065066513e+00
9.917431086562310156e+03,3.860401008833542313e+00
9.917431108207993020e+03,3.860400975603904161e+00
9.917431129853675884e+03,3.860400942376152056e+00
9.917431151499360567e+03,3.860400909150283333e+00
9.917431173145043431e+03,3.860400875926304209e+00
9.917431194790726295e+03,3.860400842704210689e+00
9.917431216436409159e+03,3.860400809484004103e+00
9.917431238082092023e+03,3.860400776265684453e+00
9.917431259727774886e+03,3.860400743049250849e+00
9.917431281373457750e+03,3.860400709834704180e+00
9.917431303019140614e+03,3.860400676622044447e+00
9.917431324664825297e+03,3.860400643411269428e+00
9.917431346310508161e+03,3.860400610202384453e+00
9.917431367956191025e+03,3.860400576995385968e+00
9.917431389601873889e+03,3.860400543790274863e+00
9.917431411247556753e+03,3.860400510587052025e+00
9.917431432893239617e+03,3.860400477385715678e+00
9.917431454538922480e+03,3.860400444186267599e+00
9.917431476184605344e+03,3.860400410988706899e+00
9.917431497830288208e+03,3.860400377793034465e+00
9.917431519475972891e+03,3.860400344599247635e+00
9.917431541121655755e+03,3.860400311407350848e+00
9.917431562767338619e+03,3.860400278217342329e+00
9.917431584413021483e+03,3.860400245029222077e+00
9.917431606058704347e+03,3.860400211842990981e+00
9.917431627704387211e+03,3.860400178658647263e+00
9.917431649350070074e+03,3.860400145476192701e+00
9.917431670995752938e+03,3.860400112295626851e+00
9.917431692641437621e+03,3.860400079116947047e+00
9.917431714287120485e+03,3.860400045940159064e+00
9.917431735932803349e+03,3.860400012765259792e+00
9.917431757578486213e+03,3.860399979592249675e+00
9.917431779224169077e+03,3.860399946421128714e+00
9.917431800869851941e+03,3.860399913251897352e+00
9.917431822515534805e+03,3.860399880084555146e+00
9.917431844161217668e+03,3.860399846919102540e+00
9.917431865806902351e+03,3.860399813755537313e+00
9.917431887452585215e+03,3.860399780593863905e+00
9.917431909098268079e+03,3.860399747434080986e+00
9.917431930743950943e+03,3.860399714276187222e+00
9.917431952389633807e+03,3.860399681120184390e+00
9.917431974035316671e+03,3.860399647966071601e+00
9.917431995680999535e+03,3.860399614813848412e+00
9.917432017326682399e+03,3.860399581663515711e+00
9.917432038972367081e+03,3.860399548515070833e+00
9.917432060618049945e+03,3.860399515368519552e+00
9.917432082263732809e+03,3.860399482223859202e+00
9.917432103909415673e+03,3.860399449081089340e+00
9.917432125555098537e+03,3.860399415940209522e+00
9.917432147200781401e+03,3.860399382801222412e+00
9.917432168846464265e+03,3.860399349664125346e+00
9.917432190492147129e+03,3.860399316528919655e+00
9.917432212137831812e+03,3.860399283395602232e+00
9.917432233783514675e+03,3.860399250264179294e+00
9.917432255429197539e+03,3.860399217134648175e+00
9.917432277074880403e+03,3.860399184007008433e+00
9.917432298720563267e+03,3.860399150881259622e+00
9.917432320366246131e+03,3.860399117757403964e+00
9.917432342011928995e+03,3.860399084635439237e+00
9.917432363657611859e+03,3.860399051515367219e+00
9.917432385303296542e+03,3.860399018397184356e+00
9.917432406948979406e+03,3.860398985280896422e+00
9.917432428594662269e+03,3.860398952166501196e+00
9.917432450240345133e+03,3.860398919053997346e+00
9.917432471886027997e+03,3.860398885943387093e+00
9.917432493531710861e+03,3.860398852834669547e+00
9.917432515177393725e+03,3.860398819727844266e+00
9.917432536823076589e+03,3.860398786622912581e+00
9.917432558468761272e+03,3.860398753519870496e+00
9.917432580114444136e+03,3.860398720418724672e+00
9.917432601760127000e+03,3.860398687319471556e+00
9.917432623405809863e+03,3.860398654222112480e+00
9.917432645051492727e+03,3.860398621126645669e+00
9.917432666697175591e+03,3.860398588033073342e+00
9.917432688342858455e+03,3.860398554941394611e+00
9.917432709988541319e+03,3.860398521851609033e+00
9.917432731634224183e+03,3.860398488763717939e+00
9.917432753279908866e+03,3.860398455677717333e+00
9.917432774925591730e+03,3.860398422593613876e+00
9.917432796571274594e+03,3.860398389511404460e+00
9.917432818216957457e+03,3.860398356431089084e+00
9.917432839862640321e+03,3.860398323352668637e+00
9.917432861508323185e+03,3.860398290276141786e+00
9.917432883154006049e+03,3.860398257201510308e+00
9.917432904799688913e+03,3.860398224128772871e+00
9.917432926445373596e+03,3.860398191057927697e+00
9.917432948091056460e+03,3.860398157988979673e+00
9.917432969736739324e+03,3.860398124921927909e+00
9.917432991382422188e+03,3.860398091856770186e+00
9.917433013028105051e+03,3.860398058793507392e+00
9.917433034673787915e+03,3.860398025732140859e+00
9.917433056319470779e+03,3.860397992672668366e+00
9.917433077965153643e+03,3.860397959615093022e+00
9.917433099610838326e+03,3.860397926559409054e+00
9.917433121256521190e+03,3.860397893505624900e+00
9.917433142902204054e+03,3.860397860453735230e+00
9.917433164547886918e+03,3.860397827403741822e+00
9.917433186193569782e+03,3.860397794355645562e+00
9.917433207839252645e+03,3.860397761309443787e+00
9.917433229484935509e+03,3.860397728265139161e+00
9.917433251130618373e+03,3.860397695222730796e+00
9.917433272776303056e+03,3.860397662182216472e+00
9.917433294421985920e+03,3.860397629143600629e+00
9.917433316067668784e+03,3.860397596106881490e+00
9.917433337713351648e+03,3.860397563072059057e+00
9.917433359359034512e+03,3.860397530039133773e+00
9.917433381004717376e+03,3.860397497008106082e+00
9.917433402650400240e+03,3.860397463978974208e+00
9.917433424296083103e+03,3.860397430951740372e+00
9.917433445941767786e+03,3.860397397926400576e+00
9.917433467587450650e+03,3.860397364902960593e+00
9.917433489233133514e+03,3.860397331881419092e+00
9.917433510878816378e+03,3.860397298861774740e+00
9.917433532524499242e+03,3.860397265844027093e+00
9.917433554170182106e+03,3.860397232828178371e+00
9.917433575815864970e+03,3.860397199814227243e+00
9.917433597461547834e+03,3.860397166802174596e+00
9.917433619107232516e+03,3.860397133792016433e+00
9.917433640752915380e+03,3.860397100783759861e+00
9.917433662398598244e+03,3.860397067777400881e+00
9.917433684044281108e+03,3.860397034772940827e+00
9.917433705689963972e+03,3.860397001770379255e+00
9.917433727335646836e+03,3.860396968769716164e+00
9.917433748981329700e+03,3.860396935770952442e+00
9.917433770627012564e+03,3.860396902774086314e+00
9.917433792272695428e+03,3.860396869779119555e+00
9.917433813918380110e+03,3.860396836786049501e+00
9.917433835564062974e+03,3.860396803794881038e+00
9.917433857209745838e+03,3.860396770805612388e+00
9.917433878855428702e+03,3.860396737818242663e+00
9.917433900501111566e+03,3.860396704832771864e+00
9.917433922146794430e+03,3.860396671849200878e+00
9.917433943792477294e+03,3.860396638867529706e+00
9.917433965438160158e+03,3.860396605887758348e+00
9.917433987083844841e+03,3.860396572909884583e+00
9.917434008729527704e+03,3.860396539933912852e+00
9.917434030375210568e+03,3.860396506959840934e+00
9.917434052020893432e+03,3.860396473987669719e+00
9.917434073666576296e+03,3.860396441017398761e+00
9.917434095312259160e+03,3.860396408049028505e+00
9.917434116957942024e+03,3.860396375082558063e+00
9.917434138603624888e+03,3.860396342117988322e+00
9.917434160249309571e+03,3.860396309155316619e+00
9.917434181894992435e+03,3.860396276194549170e+00
9.917434203540675298e+03,3.860396243235681535e+00
9.917434225186358162e+03,3.860396210278715490e+00
9.917434246832041026e+03,3.860396177323650591e+00
9.917434268477723890e+03,3.860396144370486837e+00
9.917434290123406754e+03,3.860396111419224230e+00
9.917434311769089618e+03,3.860396078469862768e+00
9.917434333414774301e+03,3.860396045522400676e+00
9.917434355060457165e+03,3.860396012576843283e+00
9.917434376706140029e+03,3.860395979633186592e+00
9.917434398351822892e+03,3.860395946691432378e+00
9.917434419997505756e+03,3.860395913751579755e+00
9.917434441643188620e+03,3.860395880813629166e+00
9.917434463288871484e+03,3.860395847877581499e+00
9.917434484934554348e+03,3.860395814943435422e+00
9.917434506580239031e+03,3.860395782011189159e+00
9.917434528225921895e+03,3.860395749080847150e+00
9.917434549871604759e+03,3.860395716152409396e+00
9.917434571517287623e+03,3.860395683225872787e+00
9.917434593162970486e+03,3.860395650301240433e+00
9.917434614808653350e+03,3.860395617378510114e+00
9.917434636454336214e+03,3.860395584457682272e+00
9.917434658100019078e+03,3.860395551538758241e+00
9.917434679745703761e+03,3.860395518621734468e+00
9.917434701391386625e+03,3.860395485706616725e+00
9.917434723037069489e+03,3.860395452793402793e+00
9.917434744682752353e+03,3.860395419882091783e+00
9.917434766328435217e+03,3.860395386972684584e+00
9.917434787974118080e+03,3.860395354065180751e+00
9.917434809619800944e+03,3.860395321159581616e+00
9.917434831265483808e+03,3.860395288255885404e+00
9.917434852911166672e+03,3.860395255354093447e+00
9.917434874556851355e+03,3.860395222454203523e+00
9.917434896202534219e+03,3.860395189556220075e+00
9.917434917848217083e+03,3.860395156660140881e+00
9.917434939493899947e+03,3.860395123765966385e+00
9.917434961139582811e+03,3.860395090873696589e+00
9.917434982785265674e+03,3.860395057983331046e+00
9.917435004430948538e+03,3.860395025094870203e+00
9.917435026076631402e+03,3.860394992208313614e+00
9.917435047722316085e+03,3.860394959323660391e+00
9.917435069367998949e+03,3.860394926440914531e+00
9.917435091013681813e+03,3.860394893560073815e+00
9.917435112659364677e+03,3.860394860681138240e+00
9.917435134305047541e+03,3.860394827804108697e+00
9.917435155950730405e+03,3.860394794928983853e+00
9.917435177596413268e+03,3.860394762055764151e+00
9.917435199242096132e+03,3.860394729184450924e+00
9.917435220887780815e+03,3.860394696315040619e+00
9.917435242533463679e+03,3.860394663447539010e+00
9.917435264179146543e+03,3.860394630581943876e+00
9.917435285824829407e+03,3.860394597718253884e+00
9.917435307470512271e+03,3.860394564856471256e+00
9.917435329116195135e+03,3.860394531996593770e+00
9.917435350761877999e+03,3.860394499138622315e+00
9.917435372407560862e+03,3.860394466282558223e+00
9.917435394053245545e+03,3.860394433428397942e+00
9.917435415698928409e+03,3.860394400576147245e+00
9.917435437344611273e+03,3.860394367725803910e+00
9.917435458990294137e+03,3.860394334877366607e+00
9.917435480635977001e+03,3.860394302030836222e+00
9.917435502281659865e+03,3.860394269186213201e+00
9.917435523927342729e+03,3.860394236343497987e+00
9.917435545573025593e+03,3.860394203502688804e+00
9.917435567218710275e+03,3.860394170663785651e+00
9.917435588864393139e+03,3.860394137826791638e+00
9.917435610510076003e+03,3.860394104991706765e+00
9.917435632155758867e+03,3.860394072158527923e+00
9.917435653801441731e+03,3.860394039327257776e+00
9.917435675447124595e+03,3.860394006497895880e+00
9.917435697092807459e+03,3.860393973670441792e+00
9.917435718738490323e+03,3.860393940844895955e+00
9.917435740384175006e+03,3.860393908021255260e+00
9.917435762029857869e+03,3.860393875199525926e+00
9.917435783675540733e+03,3.860393842379705287e+00
9.917435805321223597e+03,3.860393809561792899e+00
9.917435826966906461e+03,3.860393776745789207e+00
9.917435848612589325e+03,3.860393743931694654e+00
9.917435870258272189e+03,3.860393711119508353e+00
9.917435891903955053e+03,3.860393678309231191e+00
9.917435913549637917e+03,3.860393645500864057e+00
9.917435935195322600e+03,3.860393612694402510e+00
9.917435956841005464e+03,3.860393579889852766e+00
9.917435978486688327e+03,3.860393547087213495e+00
9.917436000132371191e+03,3.860393514286482919e+00
9.917436021778054055e+03,3.860393481487661926e+00
9.917436043423736919e+03,3.860393448690750962e+00
9.917436065069419783e+03,3.860393415895749580e+00
9.917436086715102647e+03,3.860393383102658671e+00
9.917436108360787330e+03,3.860393350311473792e+00
9.917436130006470194e+03,3.860393317522202938e+00
9.917436151652153058e+03,3.860393284734842112e+00
9.917436173297835921e+03,3.860393251949391757e+00
9.917436194943518785e+03,3.860393219165850986e+00
9.917436216589201649e+03,3.860393186384221575e+00
9.917436238234884513e+03,3.860393153604502636e+00
9.917436259880567377e+03,3.860393120826694169e+00
9.917436281526252060e+03,3.860393088050794841e+00
9.917436303171934924e+03,3.860393055276808205e+00
9.917436324817617788e+03,3.860393022504732485e+00
9.917436346463300652e+03,3.860392989734568570e+00
9.917436368108983515e+03,3.860392956966315570e+00
9.917436389754666379e+03,3.860392924199973930e+00
9.917436411400349243e+03,3.860392891435543650e+00
9.917436433046032107e+03,3.860392858673025618e+00
9.917436454691716790e+03,3.860392825912415393e+00
9.917436476337399654e+03,3.860392793153720969e+00
9.917436497983082518e+03,3.860392760396937017e+00
9.917436519628765382e+03,3.860392727642066202e+00
9.917436541274448246e+03,3.860392694889107190e+00
9.917436562920131109e+03,3.860392662138060871e+00
9.917436584565813973e+03,3.860392629388925911e+00
9.917436606211496837e+03,3.860392596641704088e+00
9.917436627857181520e+03,3.860392563896390961e+00
9.917436649502864384e+03,3.860392531152994966e+00
9.917436671148547248e+03,3.860392498411509887e+00
9.917436692794230112e+03,3.860392465671938833e+00
9.917436714439912976e+03,3.860392432934280027e+00
9.917436736085595840e+03,3.860392400198534357e+00
9.917436757731278703e+03,3.860392367464701824e+00
9.917436779376961567e+03,3.860392334732782871e+00
9.917436801022646250e+03,3.860392302002773945e+00
9.917436822668329114e+03,3.860392269274681709e+00
9.917436844314011978e+03,3.860392236548503053e+00
9.917436865959694842e+03,3.860392203824237978e+00
9.917436887605377706e+03,3.860392171101886483e+00
9.917436909251060570e+03,3.860392138381448124e+00
9.917436930896743434e+03,3.860392105662924678e+00
9.917436952542426297e+03,3.860392072946315256e+00
9.917436974188109161e+03,3.860392040231619859e+00
9.917436995833793844e+03,3.860392007518835822e+00
9.917437017479476708e+03,3.860391974807968918e+00
9.917437039125159572e+03,3.860391942099016482e+00
9.917437060770842436e+03,3.860391909391978515e+00
9.917437082416525300e+03,3.860391876686855461e+00
9.917437104062208164e+03,3.860391843983646876e+00
9.917437125707891028e+03,3.860391811282353647e+00
9.917437147353573891e+03,3.860391778582974887e+00
9.917437168999258574e+03,3.860391745885509263e+00
9.917437190644941438e+03,3.860391713189961216e+00
9.917437212290624302e+03,3.860391680496328082e+00
9.917437233936307166e+03,3.860391647804610304e+00
9.917437255581990030e+03,3.860391615114808328e+00
9.917437277227672894e+03,3.860391582426922152e+00
9.917437298873355758e+03,3.860391549740951334e+00
9.917437320519038622e+03,3.860391517056896760e+00
9.917437342164723304e+03,3.860391484374754878e+00
9.917437363810406168e+03,3.860391451694531906e+00
9.917437385456089032e+03,3.860391419016225178e+00
9.917437407101771896e+03,3.860391386339834696e+00
9.917437428747454760e+03,3.860391353665359571e+00
9.917437450393137624e+03,3.860391320992802466e+00
9.917437472038820488e+03,3.860391288322160719e+00
9.917437493684503352e+03,3.860391255653436104e+00
9.917437515330188035e+03,3.860391222986625070e+00
9.917437536975870898e+03,3.860391190321733834e+00
9.917437558621553762e+03,3.860391157658759731e+00
9.917437580267236626e+03,3.860391124997702317e+00
9.917437601912919490e+03,3.860391092338562480e+00
9.917437623558602354e+03,3.860391059681340220e+00
9.917437645204285218e+03,3.860391027026034649e+00
9.917437666849968082e+03,3.860390994372647100e+00
9.917437688495652765e+03,3.860390961721173131e+00
9.917437710141335629e+03,3.860390929071621180e+00
9.917437731787018492e+03,3.860390896423985474e+00
9.917437753432701356e+03,3.860390863778269122e+00
9.917437775078384220e+03,3.860390831134469902e+00
9.917437796724067084e+03,3.860390798492589148e+00
9.917437818369749948e+03,3.860390765852625972e+00
9.917437840015432812e+03,3.860390733214581260e+00
9.917437861661117495e+03,3.860390700578452794e+00
9.917437883306800359e+03,3.860390667944245013e+00
9.917437904952483223e+03,3.860390635311955254e+00
9.917437926598166086e+03,3.860390602681584848e+00
9.917437948243848950e+03,3.860390570053133352e+00
9.917437969889531814e+03,3.860390537426601210e+00
9.917437991535214678e+03,3.860390504801987088e+00
9.917438013180897542e+03,3.860390472179292320e+00
9.917438034826580406e+03,3.860390439558517350e+00
9.917438056472265089e+03,3.860390406939658181e+00
9.917438078117947953e+03,3.860390374322721474e+00
9.917438099763630817e+03,3.860390341707704565e+00
9.917438121409313680e+03,3.860390309094607009e+00
9.917438143054996544e+03,3.860390276483429250e+00
9.917438164700679408e+03,3.860390243874170846e+00
9.917438186346362272e+03,3.860390211266833127e+00
9.917438207992045136e+03,3.860390178661415206e+00
9.917438229637729819e+03,3.860390146057913974e+00
9.917438251283412683e+03,3.860390113456336980e+00
9.917438272929095547e+03,3.860390080856679340e+00
9.917438294574778411e+03,3.860390048258942830e+00
9.917438316220461274e+03,3.860390015663125673e+00
9.917438337866144138e+03,3.860389983069230535e+00
9.917438359511827002e+03,3.860389950477255638e+00
9.917438381157509866e+03,3.860389917887200983e+00
9.917438402803194549e+03,3.860389885299065682e+00
9.917438424448877413e+03,3.860389852712853731e+00
9.917438446094560277e+03,3.860389820128562910e+00
9.917438467740243141e+03,3.860389787546193663e+00
9.917438489385926005e+03,3.860389754965744658e+00
9.917438511031608869e+03,3.860389722387218558e+00
9.917438532677291732e+03,3.860389689810612701e+00
9.917438554322974596e+03,3.860389657235929306e+00
9.917438575968659279e+03,3.860389624663164376e+00
9.917438597614342143e+03,3.860389592092325017e+00
9.917438619260025007e+03,3.860389559523407232e+00
9.917438640905707871e+03,3.860389526956411022e+00
9.917438662551390735e+03,3.860389494391337273e+00
9.917438684197073599e+03,3.860389461828185986e+00
9.917438705842756463e+03,3.860389429266956718e+00
9.917438727488439326e+03,3.860389396707650356e+00
9.917438749134124009e+03,3.860389364150263791e+00
9.917438770779806873e+03,3.860389331594802798e+00
9.917438792425489737e+03,3.860389299041264266e+00
9.917438814071172601e+03,3.860389266489649085e+00
9.917438835716855465e+03,3.860389233939956810e+00
9.917438857362538329e+03,3.860389201392187442e+00
9.917438879008221193e+03,3.860389168846340979e+00
9.917438900653904057e+03,3.860389136302418756e+00
9.917438922299588739e+03,3.860389103760416329e+00
9.917438943945271603e+03,3.860389071220340806e+00
9.917438965590954467e+03,3.860389038682188634e+00
9.917438987236637331e+03,3.860389006145959812e+00
9.917439008882320195e+03,3.860388973611655228e+00
9.917439030528003059e+03,3.860388941079273994e+00
9.917439052173685923e+03,3.860388908548817000e+00
9.917439073819368787e+03,3.860388876020284687e+00
9.917439095465053470e+03,3.860388843493673505e+00
9.917439117110736333e+03,3.860388810968990558e+00
9.917439138756419197e+03,3.860388778446230518e+00
9.917439160402102061e+03,3.860388745925395604e+00
9.917439182047784925e+03,3.860388713406485373e+00
9.917439203693467789e+03,3.860388680889499824e+00
9.917439225339150653e+03,3.860388648374438514e+00
9.917439246984833517e+03,3.860388615861303663e+00
9.917439268630516381e+03,3.860388583350092606e+00
9.917439290276201064e+03,3.860388550840804012e+00
9.917439311921883927e+03,3.860388518333444541e+00
9.917439333567566791e+03,3.860388485828008864e+00
9.917439355213249655e+03,3.860388453324500091e+00
9.917439376858932519e+03,3.860388420822916444e+00
9.917439398504615383e+03,3.860388388323257480e+00
9.917439420150298247e+03,3.860388355825524975e+00
9.917439441795981111e+03,3.860388323329718485e+00
9.917439463441665794e+03,3.860388290835835345e+00
9.917439485087348658e+03,3.860388258343881329e+00
9.917439506733031521e+03,3.860388225853852440e+00
9.917439528378714385e+03,3.860388193365750453e+00
9.917439550024397249e+03,3.860388160879575370e+00
9.917439571670080113e+03,3.860388128395326302e+00
9.917439593315762977e+03,3.860388095913004136e+00
9.917439614961445841e+03,3.860388063432608430e+00
9.917439636607130524e+03,3.860388030954136518e+00
9.917439658252813388e+03,3.860387998477594618e+00
9.917439679898496252e+03,3.860387966002979621e+00
9.917439701544179115e+03,3.860387933530291527e+00
9.917439723189861979e+03,3.860387901059530780e+00
9.917439744835544843e+03,3.860387868590697380e+00
9.917439766481227707e+03,3.860387836123791327e+00
9.917439788126910571e+03,3.860387803658812622e+00
9.917439809772595254e+03,3.860387771195759488e+00
9.917439831418278118e+03,3.860387738734636365e+00
9.917439853063960982e+03,3.860387706275441033e+00
9.917439874709643846e+03,3.860387673818173493e+00
9.917439896355326709e+03,3.860387641362834632e+00
9.917439918001009573e+03,3.860387608909423118e+00
9.917439939646692437e+03,3.860387576457940284e+00
9.917439961292375301e+03,3.860387544008385685e+00
9.917439982938059984e+03,3.860387511560756657e+00
9.917440004583742848e+03,3.860387479115059417e+00
9.917440026229425712e+03,3.860387446671290412e+00
9.917440047875108576e+03,3.860387414229450531e+00
9.917440069520791440e+03,3.860387381789538885e+00
9.917440091166474303e+03,3.860387349351556363e+00
9.917440112812157167e+03,3.860387316915502964e+00
9.917440134457840031e+03,3.860387284481378245e+00
9.917440156103524714e+03,3.860387252049180873e+00
9.917440177749207578e+03,3.860387219618915289e+00
9.917440199394890442e+03,3.860387187190579272e+00
9.917440221040573306e+03,3.860387154764173268e+00
9.917440242686256170e+03,3.860387122339695942e+00
9.917440264331939034e+03,3.860387089917148629e+00
9.917440285977621897e+03,3.860387057496531771e+00
9.917440307623304761e+03,3.860387025077844481e+00
9.917440329268987625e+03,3.860386992661087202e+00
9.917440350914672308e+03,3.860386960246257715e+00
9.917440372560355172e+03,3.860386927833360904e+00
9.917440394206038036e+03,3.860386895422394549e+00
9.917440415851720900e+03,3.860386863013359093e+00
9.917440437497403764e+03,3.860386830606254094e+00
9.917440459143086628e+03,3.860386798201079106e+00
9.917440480788769491e+03,3.860386765797835462e+00
9.917440502434452355e+03,3.860386733396522718e+00
9.917440524080137038e+03,3.860386700997137766e+00
9.917440545725819902e+03,3.860386668599687265e+00
9.917440567371502766e+03,3.860386636204167665e+00
9.917440589017185630e+03,3.860386603810579853e+00
9.917440610662868494e+03,3.860386571418922497e+00
9.917440632308551358e+03,3.860386539029197372e+00
9.917440653954234222e+03,3.860386506641403148e+00
9.917440675599917085e+03,3.860386474255541156e+00
9.917440697245601768e+03,3.860386441871608731e+00
9.917440718891284632e+03,3.860386409489610315e+00
9.917440740536967496e+03,3.860386377109544132e+00
9.917440762182650360e+03,3.860386344731410180e+00
9.917440783828333224e+03,3.860386312355208460e+00
9.917440805474016088e+03,3.860386279980938529e+00
9.917440827119698952e+03,3.860386247608601717e+00
9.917440848765381816e+03,3.860386215238197138e+00
9.917440870411066498e+03,3.860386182869722571e+00
9.917440892056749362e+03,3.860386150503182900e+00
9.917440913702432226e+03,3.860386118138576794e+00
9.917440935348115090e+03,3.860386085775903364e+00
9.917440956993797954e+03,3.860386053415162610e+00
9.917440978639480818e+03,3.860386021056355865e+00
9.917441000285163682e+03,3.860385988699481796e+00
9.917441021930846546e+03,3.860385956344540404e+00
9.917441043576531229e+03,3.860385923991530355e+00
9.917441065222214093e+03,3.860385891640457423e+00
9.917441086867896956e+03,3.860385859291317168e+00
9.917441108513579820e+03,3.860385826944110921e+00
9.917441130159262684e+03,3.860385794598838682e+00
9.917441151804945548e+03,3.860385762255499564e+00
9.917441173450628412e+03,3.860385729914095787e+00
9.917441195096311276e+03,3.860385697574625130e+00
9.917441216741995959e+03,3.860385665237086705e+00
9.917441238387678823e+03,3.860385632901484954e+00
9.917441260033361687e+03,3.860385600567817654e+00
9.917441281679044550e+03,3.860385568236085696e+00
9.917441303324727414e+03,3.860385535906287746e+00
9.917441324970410278e+03,3.860385503578424693e+00
9.917441346616093142e+03,3.860385471252496536e+00
9.917441368261776006e+03,3.860385438928502833e+00
9.917441389907458870e+03,3.860385406606444914e+00
9.917441411553143553e+03,3.860385374286319671e+00
9.917441433198826417e+03,3.860385341968131101e+00
9.917441454844509281e+03,3.860385309651878760e+00
9.917441476490192144e+03,3.860385277337562204e+00
9.917441498135875008e+03,3.860385245025181433e+00
9.917441519781557872e+03,3.860385212714735559e+00
9.917441541427240736e+03,3.860385180406225469e+00
9.917441563072923600e+03,3.860385148099652053e+00
9.917441584718608283e+03,3.860385115795011313e+00
9.917441606364291147e+03,3.860385083492309466e+00
9.917441628009974011e+03,3.860385051191543848e+00
9.917441649655656875e+03,3.860385018892714459e+00
9.917441671301339738e+03,3.860384986595822188e+00
9.917441692947022602e+03,3.860384954300866145e+00
9.917441714592705466e+03,3.860384922007846331e+00
9.917441736238388330e+03,3.860384889716762746e+00
9.917441757884073013e+03,3.860384857427614058e+00
9.917441779529755877e+03,3.860384825140404708e+00
9.917441801175438741e+03,3.860384792855132474e+00
9.917441822821121605e+03,3.860384760571797358e+00
9.917441844466804469e+03,3.860384728290399359e+00
9.917441866112487332e+03,3.860384696010939365e+00
9.917441887758170196e+03,3.860384663733415600e+00
9.917441909403853060e+03,3.860384631457830729e+00
9.917441931049537743e+03,3.860384599184179422e+00
9.917441952695220607e+03,3.860384566912469229e+00
9.917441974340903471e+03,3.860384534642696597e+00
9.917441995986586335e+03,3.860384502374861970e+00
9.917442017632269199e+03,3.860384470108965793e+00
9.917442039277952063e+03,3.860384437845007177e+00
9.917442060923634926e+03,3.860384405582987011e+00
9.917442082569317790e+03,3.860384373322905738e+00
9.917442104215002473e+03,3.860384341064759806e+00
9.917442125860685337e+03,3.860384308808554543e+00
9.917442147506368201e+03,3.860384276554289062e+00
9.917442169152051065e+03,3.860384244301961143e+00
9.917442190797733929e+03,3.860384212051572561e+00
9.917442212443416793e+03,3.860384179803123317e+00
9.917442234089099657e+03,3.860384147556612966e+00
9.917442255734782520e+03,3.860384115312041509e+00
9.917442277380467203e+03,3.860384083069406280e+00
9.917442299026150067e+03,3.860384050828713054e+00
9.917442320671832931e+03,3.860384018589960498e+00
9.917442342317515795e+03,3.860383986353145946e+00
9.917442363963198659e+03,3.860383954118272065e+00
9.917442385608881523e+03,3.860383921885337966e+00
9.917442407254564387e+03,3.860383889654343204e+00
9.917442428900247251e+03,3.860383857425289111e+00
9.917442450545930114e+03,3.860383825198174801e+00
9.917442472191614797e+03,3.860383792972997163e+00
9.917442493837297661e+03,3.860383760749764193e+00
9.917442515482980525e+03,3.860383728528470559e+00
9.917442537128663389e+03,3.860383696309117152e+00
9.917442558774346253e+03,3.860383664091704858e+00
9.917442580420029117e+03,3.860383631876232791e+00
9.917442602065711981e+03,3.860383599662700949e+00
9.917442623711394845e+03,3.860383567451111109e+00
9.917442645357079527e+03,3.860383535241459718e+00
9.917442667002762391e+03,3.860383503033751662e+00
9.917442688648445255e+03,3.860383470827983832e+00
9.917442710294128119e+03,3.860383438624158448e+00
9.917442731939810983e+03,3.860383406422274621e+00
9.917442753585493847e+03,3.860383374222331909e+00
9.917442775231176711e+03,3.860383342024330755e+00
9.917442796876859575e+03,3.860383309828270715e+00
9.917442818522544258e+03,3.860383277634150456e+00
9.917442840168227121e+03,3.860383245441974420e+00
9.917442861813909985e+03,3.860383213251740386e+00
9.917442883459592849e+03,3.860383181063448799e+00
9.917442905105275713e+03,3.860383148877099213e+00
9.917442926750958577e+03,3.860383116692692074e+00
9.917442948396641441e+03,3.860383084510228269e+00
9.917442970042324305e+03,3.860383052329705578e+00
9.917442991688008988e+03,3.860383020151123112e+00
9.917443013333691852e+03,3.860382987974485758e+00
9.917443034979374715e+03,3.860382955799791738e+00
9.917443056625057579e+03,3.860382923627040608e+00
9.917443078270740443e+03,3.860382891456232368e+00
9.917443099916423307e+03,3.860382859287367463e+00
9.917443121562106171e+03,3.860382827120445004e+00
9.917443143207789035e+03,3.860382794955467212e+00
9.917443164853473718e+03,3.860382762792429201e+00
9.917443186499156582e+03,3.860382730631337189e+00
9.917443208144839446e+03,3.860382698472188956e+00
9.917443229790522309e+03,3.860382666314985389e+00
9.917443251436205173e+03,3.860382634159724713e+00
9.917443273081888037e+03,3.860382602006407815e+00
9.917443294727570901e+03,3.860382569855035140e+00
9.917443316373253765e+03,3.860382537705606687e+00
9.917443338018938448e+03,3.860382505558120236e+00
9.917443359664621312e+03,3.860382473412580229e+00
9.917443381310304176e+03,3.860382441268985332e+00
9.917443402955987040e+03,3.860382409127334213e+00
9.917443424601669903e+03,3.860382376987627762e+00
9.917443446247352767e+03,3.860382344849866421e+00
9.917443467893035631e+03,3.860382312714049746e+00
9.917443489538718495e+03,3.860382280580177738e+00
9.917443511184401359e+03,3.860382248448251730e+00
9.917443532830086042e+03,3.860382216318266835e+00
9.917443554475768906e+03,3.860382184190231492e+00
9.917443576121451770e+03,3.860382152064140371e+00
9.917443597767134634e+03,3.860382119939994361e+00
9.917443619412817498e+03,3.860382087817795238e+00
9.917443641058500361e+03,3.860382055697540338e+00
9.917443662704183225e+03,3.860382023579232325e+00
9.917443684349866089e+03,3.860381991462868978e+00
9.917443705995550772e+03,3.860381959348449854e+00
9.917443727641233636e+03,3.860381927235979393e+00
9.917443749286916500e+03,3.860381895125454932e+00
9.917443770932599364e+03,3.860381863016876025e+00
9.917443792578282228e+03,3.860381830910244449e+00
9.917443814223965092e+03,3.860381798805558873e+00
9.917443835869647955e+03,3.860381766702820627e+00
9.917443857515330819e+03,3.860381734602027493e+00
9.917443879161015502e+03,3.860381702503179913e+00
9.917443900806698366e+03,3.860381670406280996e+00
9.917443922452381230e+03,3.860381638311329411e+00
9.917443944098064094e+03,3.860381606218325601e+00
9.917443965743746958e+03,3.860381574127268234e+00
9.917443987389429822e+03,3.860381542038158198e+00
9.917444009035112686e+03,3.860381509950995493e+00
9.917444030680795549e+03,3.860381477865780120e+00
9.917444052326480232e+03,3.860381445782509857e+00
9.917444073972163096e+03,3.860381413701189146e+00
9.917444095617845960e+03,3.860381381621817098e+00
9.917444117263528824e+03,3.860381349544392826e+00
9.917444138909211688e+03,3.860381317468916329e+00
9.917444160554894552e+03,3.860381285395388051e+00
9.917444182200577416e+03,3.860381253323807993e+00
9.917444203846260280e+03,3.860381221254176154e+00
9.917444225491944962e+03,3.860381189186489870e+00
9.917444247137627826e+03,3.860381157120755358e+00
9.917444268783310690e+03,3.860381125056969065e+00
9.917444290428993554e+03,3.860381092995130992e+00
9.917444312074676418e+03,3.860381060935242026e+00
9.917444333720359282e+03,3.860381028877302168e+00
9.917444355366042146e+03,3.860380996821310973e+00
9.917444377011725010e+03,3.860380964767269329e+00
9.917444398657409693e+03,3.860380932715173241e+00
9.917444420303092556e+03,3.860380900665029813e+00
9.917444441948775420e+03,3.860380868616836825e+00
9.917444463594458284e+03,3.860380836570591612e+00
9.917444485240141148e+03,3.860380804526297283e+00
9.917444506885824012e+03,3.860380772483951173e+00
9.917444528531506876e+03,3.860380740443555947e+00
9.917444550177189740e+03,3.860380708405110717e+00
9.917444571822872604e+03,3.860380676368615038e+00
9.917444593468557287e+03,3.860380644334066247e+00
9.917444615114240150e+03,3.860380612301471004e+00
9.917444636759923014e+03,3.860380580270826645e+00
9.917444658405605878e+03,3.860380548242131837e+00
9.917444680051288742e+03,3.860380516215387914e+00
9.917444701696971606e+03,3.860380484190594430e+00
9.917444723342654470e+03,3.860380452167751386e+00
9.917444744988337334e+03,3.860380420146860114e+00
9.917444766634022017e+03,3.860380388127916174e+00
9.917444788279704881e+03,3.860380356110926225e+00
9.917444809925387744e+03,3.860380324095887605e+00
9.917444831571070608e+03,3.860380292082799425e+00
9.917444853216753472e+03,3.860380260071663017e+00
9.917444874862436336e+03,3.860380228062478380e+00
9.917444896508119200e+03,3.860380196055244628e+00
9.917444918153802064e+03,3.860380164049962204e+00
9.917444939799486747e+03,3.860380132046630219e+00
9.917444961445169611e+03,3.860380100045251339e+00
9.917444983090852475e+03,3.860380068045825119e+00
9.917445004736535338e+03,3.860380036048351116e+00
9.917445026382218202e+03,3.860380004052828440e+00
9.917445048027901066e+03,3.860379972059258868e+00
9.917445069673583930e+03,3.860379940067641069e+00
9.917445091319266794e+03,3.860379908077975486e+00
9.917445112964951477e+03,3.860379876090260343e+00
9.917445134610634341e+03,3.860379844104500080e+00
9.917445156256317205e+03,3.860379812120692478e+00
9.917445177902000069e+03,3.860379780138837980e+00
9.917445199547682932e+03,3.860379748158936142e+00
9.917445221193365796e+03,3.860379716180987852e+00
9.917445242839048660e+03,3.860379684204993112e+00
9.917445264484731524e+03,3.860379652230950587e+00
9.917445286130416207e+03,3.860379620258858946e+00
9.917445307776099071e+03,3.860379588288723074e+00
9.917445329421781935e+03,3.860379556320540750e+00
9.917445351067464799e+03,3.860379524354312863e+00
9.917445372713147663e+03,3.860379492390038081e+00
9.917445394358830526e+03,3.860379460427717735e+00
9.917445416004513390e+03,3.860379428467350937e+00
9.917445437650196254e+03,3.860379396508938132e+00
9.917445459295880937e+03,3.860379364552477099e+00
9.917445480941563801e+03,3.860379332597971835e+00
9.917445502587246665e+03,3.860379300645421896e+00
9.917445524232929529e+03,3.860379268694826838e+00
9.917445545878612393e+03,3.860379236746185327e+00
9.917445567524295257e+03,3.860379204799499142e+00
9.917445589169978120e+03,3.860379172854767837e+00
9.917445610815660984e+03,3.860379140911990969e+00
9.917445632461343848e+03,3.860379108971168982e+00
9.917445654107028531e+03,3.860379077032299655e+00
9.917445675752711395e+03,3.860379045095387873e+00
9.917445697398394259e+03,3.860379013160430972e+00
9.917445719044077123e+03,3.860378981227429840e+00
9.917445740689759987e+03,3.860378949296384032e+00
9.917445762335442851e+03,3.860378917367293550e+00
9.917445783981125714e+03,3.860378885440159280e+00
9.917445805626808578e+03,3.860378853514980779e+00
9.917445827272493261e+03,3.860378821591754939e+00
9.917445848918176125e+03,3.860378789670488420e+00
9.917445870563858989e+03,3.860378757751177670e+00
9.917445892209541853e+03,3.860378725833823133e+00
9.917445913855224717e+03,3.860378693918424364e+00
9.917445935500907581e+03,3.860378662004982253e+00
9.917445957146590445e+03,3.860378630093496355e+00
9.917445978792273308e+03,3.860378598183967558e+00
9.917446000437957991e+03,3.860378566276391865e+00
9.917446022083640855e+03,3.860378534370776382e+00
9.917446043729323719e+03,3.860378502467118000e+00
9.917446065375006583e+03,3.860378470565415832e+00
9.917446087020689447e+03,3.860378438665671208e+00
9.917446108666372311e+03,3.860378406767882797e+00
9.917446130312055175e+03,3.860378374872052376e+00
9.917446151957738039e+03,3.860378342978179500e+00
9.917446173603422721e+03,3.860378311086261061e+00
9.917446195249105585e+03,3.860378279196303719e+00
9.917446216894788449e+03,3.860378247308303035e+00
9.917446238540471313e+03,3.860378215422260340e+00
9.917446260186154177e+03,3.860378183538175634e+00
9.917446281831837041e+03,3.860378151656048917e+00
9.917446303477519905e+03,3.860378119775880190e+00
9.917446325123202769e+03,3.860378087897669452e+00
9.917446346768887452e+03,3.860378056021414928e+00
9.917446368414570316e+03,3.860378024147120612e+00
9.917446390060253179e+03,3.860377992274785175e+00
9.917446411705936043e+03,3.860377960404408615e+00
9.917446433351618907e+03,3.860377928535990044e+00
9.917446454997301771e+03,3.860377896669530795e+00
9.917446476642984635e+03,3.860377864805029979e+00
9.917446498288667499e+03,3.860377832942488485e+00
9.917446519934352182e+03,3.860377801081903204e+00
9.917446541580035046e+03,3.860377769223279909e+00
9.917446563225717910e+03,3.860377737366615492e+00
9.917446584871400773e+03,3.860377705511911284e+00
9.917446606517083637e+03,3.860377673659165954e+00
9.917446628162766501e+03,3.860377641808379945e+00
9.917446649808449365e+03,3.860377609959554146e+00
9.917446671454132229e+03,3.860377578112688113e+00
9.917446693099816912e+03,3.860377546267778737e+00
9.917446714745499776e+03,3.860377514424832235e+00
9.917446736391182640e+03,3.860377482583845943e+00
9.917446758036865504e+03,3.860377450744819861e+00
9.917446779682548367e+03,3.860377418907753988e+00
9.917446801328231231e+03,3.860377387072648325e+00
9.917446822973914095e+03,3.860377355239503760e+00
9.917446844619596959e+03,3.860377323408318961e+00
9.917446866265279823e+03,3.860377291579094816e+00
9.917446887910964506e+03,3.860377259751829548e+00
9.917446909556647370e+03,3.860377227926527599e+00
9.917446931202330234e+03,3.860377196103186304e+00
9.917446952848013098e+03,3.860377164281805662e+00
9.917446974493695961e+03,3.860377132462387451e+00
9.917446996139378825e+03,3.860377100644929893e+00
9.917447017785061689e+03,3.860377068829433878e+00
9.917447039430744553e+03,3.860377037015898960e+00
9.917447061076429236e+03,3.860377005204322920e+00
9.917447082722112100e+03,3.860376973394711086e+00
9.917447104367794964e+03,3.860376941587061683e+00
9.917447126013477828e+03,3.860376909781373822e+00
9.917447147659160692e+03,3.860376877977647503e+00
9.917447169304843555e+03,3.860376846175884058e+00
9.917447190950526419e+03,3.860376814376083043e+00
9.917447212596209283e+03,3.860376782578243571e+00
9.917447234241893966e+03,3.860376750782363420e+00
9.917447255887576830e+03,3.860376718988448808e+00
9.917447277533259694e+03,3.860376687196497070e+00
9.917447299178942558e+03,3.860376655406508206e+00
9.917447320824625422e+03,3.860376623618481773e+00
9.917447342470308286e+03,3.860376591832417770e+00
9.917447364115991149e+03,3.860376560048317085e+00
9.917447385761674013e+03,3.860376528266179719e+00
9.917447407407358696e+03,3.860376496486003006e+00
9.917447429053041560e+03,3.860376464707791833e+00
9.917447450698724424e+03,3.860376432931544421e+00
9.917447472344407288e+03,3.860376401157260329e+00
9.917447493990090152e+03,3.860376369384939554e+00
9.917447515635773016e+03,3.860376337614582987e+00
9.917447537281455880e+03,3.860376305846190181e+00
9.917447558927138743e+03,3.860376274079760250e+00
9.917447580572823426e+03,3.860376242315293194e+00
9.917447602218506290e+03,3.860376210552791232e+00
9.917447623864189154e+03,3.860376178792255253e+00
9.917447645509872018e+03,3.860376147033682148e+00
9.917447667155554882e+03,3.860376115277074138e+00
9.917447688801237746e+03,3.860376083522429891e+00
9.917447710446920610e+03,3.860376051769750738e+00
9.917447732092603474e+03,3.860376020019036236e+00
9.917447753738288156e+03,3.860375988270283720e+00
9.917447775383971020e+03,3.860375956523498964e+00
9.917447797029653884e+03,3.860375924778678858e+00
9.917447818675336748e+03,3.860375893035824291e+00
9.917447840321019612e+03,3.860375861294934818e+00
9.917447861966702476e+03,3.860375829556010885e+00
9.917447883612385340e+03,3.860375797819051602e+00
9.917447905258068204e+03,3.860375766084058302e+00
9.917447926903751068e+03,3.860375734351030985e+00
9.917447948549435750e+03,3.860375702619966098e+00
9.917447970195118614e+03,3.860375670890868971e+00
9.917447991840801478e+03,3.860375639163739159e+00
9.917448013486484342e+03,3.860375607438574885e+00
9.917448035132167206e+03,3.860375575715375707e+00
9.917448056777850070e+03,3.860375543994143843e+00
9.917448078423532934e+03,3.860375512274877963e+00
9.917448100069215798e+03,3.860375480557578509e+00
9.917448121714900481e+03,3.860375448842242818e+00
9.917448143360583344e+03,3.860375417128875775e+00
9.917448165006266208e+03,3.860375385417476046e+00
9.917448186651949072e+03,3.860375353708043189e+00
9.917448208297631936e+03,3.860375322000577647e+00
9.917448229943314800e+03,3.860375290295078532e+00
9.917448251588997664e+03,3.860375258591546288e+00
9.917448273234680528e+03,3.860375226889981803e+00
9.917448294880365211e+03,3.860375195190381081e+00
9.917448316526048075e+03,3.860375163492751227e+00
9.917448338171730938e+03,3.860375131797088244e+00
9.917448359817413802e+03,3.860375100103393020e+00
9.917448381463096666e+03,3.860375068411666000e+00
9.917448403108779530e+03,3.860375036721906294e+00
9.917448424754462394e+03,3.860375005034114793e+00
9.917448446400145258e+03,3.860374973348291050e+00
9.917448468045829941e+03,3.860374941664432402e+00
9.917448489691512805e+03,3.860374909982545066e+00
9.917448511337195669e+03,3.860374878302625934e+00
9.917448532982878532e+03,3.860374846624675449e+00
9.917448554628561396e+03,3.860374814948693167e+00
9.917448576274244260e+03,3.860374783274679089e+00
9.917448597919927124e+03,3.860374751602634547e+00
9.917448619565609988e+03,3.860374719932557763e+00
9.917448641211294671e+03,3.860374688264447851e+00
9.917448662856977535e+03,3.860374656598309251e+00
9.917448684502660399e+03,3.860374624934140630e+00
9.917448706148343263e+03,3.860374593271940213e+00
9.917448727794026127e+03,3.860374561611709776e+00
9.917448749439708990e+03,3.860374529953448430e+00
9.917448771085391854e+03,3.860374498297155732e+00
9.917448792731074718e+03,3.860374466642833902e+00
9.917448814376759401e+03,3.860374434990478054e+00
9.917448836022442265e+03,3.860374403340095295e+00
9.917448857668125129e+03,3.860374371691682516e+00
9.917448879313807993e+03,3.860374340045240160e+00
9.917448900959490857e+03,3.860374308400766452e+00
9.917448922605173721e+03,3.860374276758264056e+00
9.917448944250856584e+03,3.860374245117731640e+00
9.917448965896539448e+03,3.860374213479169647e+00
9.917448987542222312e+03,3.860374181842578079e+00
9.917449009187906995e+03,3.860374150207954713e+00
9.917449030833589859e+03,3.860374118575303992e+00
9.917449052479272723e+03,3.860374086944624139e+00
9.917449074124955587e+03,3.860374055315916042e+00
9.917449095770638451e+03,3.860374023689177925e+00
9.917449117416321315e+03,3.860373992064411564e+00
9.917449139062004178e+03,3.860373960441616070e+00
9.917449160707687042e+03,3.860373928820792333e+00
9.917449182353371725e+03,3.860373897201936799e+00
9.917449203999054589e+03,3.860373865585055686e+00
9.917449225644737453e+03,3.860373833970145885e+00
9.917449247290420317e+03,3.860373802357207840e+00
9.917449268936103181e+03,3.860373770746241995e+00
9.917449290581786045e+03,3.860373739137247462e+00
9.917449312227468909e+03,3.860373707530225129e+00
9.917449333873151772e+03,3.860373675925174997e+00
9.917449355518836455e+03,3.860373644322093512e+00
9.917449377164519319e+03,3.860373612720988223e+00
9.917449398810202183e+03,3.860373581121854691e+00
9.917449420455885047e+03,3.860373549524693804e+00
9.917449442101567911e+03,3.860373517929505116e+00
9.917449463747250775e+03,3.860373486336289073e+00
9.917449485392933639e+03,3.860373454745046562e+00
9.917449507038616503e+03,3.860373423155776251e+00
9.917449528684301185e+03,3.860373391568476364e+00
9.917449550329984049e+03,3.860373359983153119e+00
9.917449571975666913e+03,3.860373328399802073e+00
9.917449593621349777e+03,3.860373296818424116e+00
9.917449615267032641e+03,3.860373265239020135e+00
9.917449636912715505e+03,3.860373233661589687e+00
9.917449658558398369e+03,3.860373202086132771e+00
9.917449680204081233e+03,3.860373170512648944e+00
9.917449701849765916e+03,3.860373138941136428e+00
9.917449723495448779e+03,3.860373107371600554e+00
9.917449745141131643e+03,3.860373075804038656e+00
9.917449766786814507e+03,3.860373044238451623e+00
9.917449788432497371e+03,3.860373012674837678e+00
9.917449810078180235e+03,3.860372981113198598e+00
9.917449831723863099e+03,3.860372949553533495e+00
9.917449853369545963e+03,3.860372917995842812e+00
9.917449875015230646e+03,3.860372886440123885e+00
9.917449896660913510e+03,3.860372854886383376e+00
9.917449918306596373e+03,3.860372823334616399e+00
9.917449939952279237e+03,3.860372791784824731e+00
9.917449961597962101e+03,3.860372760237008372e+00
9.917449983243644965e+03,3.860372728691166877e+00
9.917450004889327829e+03,3.860372697147300247e+00
9.917450026535010693e+03,3.860372665605409370e+00
9.917450048180693557e+03,3.860372634065493358e+00
9.917450069826378240e+03,3.860372602527550434e+00
9.917450091472061104e+03,3.860372570991585484e+00
9.917450113117743967e+03,3.860372539457596730e+00
9.917450134763426831e+03,3.860372507925583285e+00
9.917450156409109695e+03,3.860372476395546482e+00
9.917450178054792559e+03,3.860372444867484099e+00
9.917450199700475423e+03,3.860372413341398801e+00
9.917450221346158287e+03,3.860372381817289700e+00
9.917450242991842970e+03,3.860372350295154131e+00
9.917450264637525834e+03,3.860372318774996980e+00
9.917450286283208698e+03,3.860372287256816914e+00
9.917450307928891561e+03,3.860372255740613490e+00
9.917450329574574425e+03,3.860372224226387150e+00
9.917450351220257289e+03,3.860372192714136563e+00
9.917450372865940153e+03,3.860372161203863062e+00
9.917450394511623017e+03,3.860372129695566645e+00
9.917450416157307700e+03,3.860372098189244650e+00
9.917450437802990564e+03,3.860372066684902848e+00
9.917450459448673428e+03,3.860372035182537243e+00
9.917450481094356292e+03,3.860372003682150055e+00
9.917450502740039155e+03,3.860371972183739508e+00
9.917450524385722019e+03,3.860371940687307379e+00
9.917450546031404883e+03,3.860371909192852335e+00
9.917450567677087747e+03,3.860371877700374821e+00
9.917450589322772430e+03,3.860371846209873059e+00
9.917450610968455294e+03,3.860371814721351935e+00
9.917450632614138158e+03,3.860371783234808341e+00
9.917450654259821022e+03,3.860371751750243607e+00
9.917450675905503886e+03,3.860371720267656404e+00
9.917450697551186749e+03,3.860371688787047617e+00
9.917450719196869613e+03,3.860371657308417692e+00
9.917450740842552477e+03,3.860371625831766185e+00
9.917450762488237160e+03,3.860371594357090430e+00
9.917450784133920024e+03,3.860371562884396202e+00
9.917450805779602888e+03,3.860371531413681279e+00
9.917450827425285752e+03,3.860371499944944329e+00
9.917450849070968616e+03,3.860371468478187573e+00
9.917450870716651480e+03,3.860371437013408791e+00
9.917450892362334343e+03,3.860371405550610202e+00
9.917450914008017207e+03,3.860371374089789587e+00
9.917450935653701890e+03,3.860371342630947833e+00
9.917450957299384754e+03,3.860371311174086273e+00
9.917450978945067618e+03,3.860371279719205795e+00
9.917451000590750482e+03,3.860371248266304178e+00
9.917451022236433346e+03,3.860371216815382756e+00
9.917451043882116210e+03,3.860371185366441527e+00
9.917451065527799074e+03,3.860371153919480047e+00
9.917451087173481937e+03,3.860371122474498318e+00
9.917451108819164801e+03,3.860371091031497670e+00
9.917451130464849484e+03,3.860371059590473664e+00
9.917451152110532348e+03,3.860371028151433404e+00
9.917451173756215212e+03,3.860370996714373337e+00
9.917451195401898076e+03,3.860370965279294353e+00
9.917451217047580940e+03,3.860370933846196007e+00
9.917451238693263804e+03,3.860370902415078298e+00
9.917451260338946668e+03,3.860370870985941671e+00
9.917451281984629532e+03,3.860370839558785683e+00
9.917451303630314214e+03,3.860370808133608111e+00
9.917451325275997078e+03,3.860370776710414731e+00
9.917451346921679942e+03,3.860370745289203320e+00
9.917451368567362806e+03,3.860370713869972104e+00
9.917451390213045670e+03,3.860370682452723301e+00
9.917451411858728534e+03,3.860370651037455580e+00
9.917451433504411398e+03,3.860370619624169830e+00
9.917451455150094262e+03,3.860370588212866494e+00
9.917451476795778945e+03,3.860370556803541131e+00
9.917451498441461808e+03,3.860370525396201291e+00
9.917451520087144672e+03,3.860370493990843865e+00
9.917451541732827536e+03,3.860370462587468410e+00
9.917451563378510400e+03,3.860370431186074036e+00
9.917451585024193264e+03,3.860370399786663409e+00
9.917451606669876128e+03,3.860370368389235196e+00
9.917451628315558992e+03,3.860370336993788953e+00
9.917451649961243675e+03,3.860370305600323348e+00
9.917451671606926539e+03,3.860370274208843711e+00
9.917451693252609402e+03,3.860370242819345599e+00
9.917451714898292266e+03,3.860370211431830789e+00
9.917451736543975130e+03,3.860370180046299726e+00
9.917451758189657994e+03,3.860370148662751966e+00
9.917451779835340858e+03,3.860370117281187508e+00
9.917451801481023722e+03,3.860370085901605464e+00
9.917451823126708405e+03,3.860370054524005390e+00
9.917451844772391269e+03,3.860370023148391283e+00
9.917451866418074133e+03,3.860369991774760479e+00
9.917451888063756996e+03,3.860369960403113865e+00
9.917451909709439860e+03,3.860369929033450553e+00
9.917451931355122724e+03,3.860369897665771433e+00
9.917451953000805588e+03,3.860369866300076946e+00
9.917451974646488452e+03,3.860369834936366207e+00
9.917451996292173135e+03,3.860369803574637437e+00
9.917452017937855999e+03,3.860369772214895523e+00
9.917452039583538863e+03,3.860369740857137799e+00
9.917452061229221727e+03,3.860369709501365154e+00
9.917452082874904590e+03,3.860369678147576700e+00
9.917452104520587454e+03,3.860369646795773768e+00
9.917452126166270318e+03,3.860369615445955471e+00
9.917452147811953182e+03,3.860369584098121365e+00
9.917452169457636046e+03,3.860369552752273670e+00
9.917452191103320729e+03,3.860369521408407500e+00
9.917452212749003593e+03,3.860369490066529519e+00
9.917452234394686457e+03,3.860369458726637060e+00
9.917452256040369321e+03,3.860369427388729680e+00
9.917452277686052184e+03,3.860369396052807822e+00
9.917452299331735048e+03,3.860369364718872376e+00
9.917452320977417912e+03,3.860369333386922008e+00
9.917452342623100776e+03,3.860369302056958052e+00
9.917452364268785459e+03,3.860369270728976954e+00
9.917452385914468323e+03,3.860369239402985375e+00
9.917452407560151187e+03,3.860369208078978875e+00
9.917452429205834051e+03,3.860369176756959675e+00
9.917452450851516915e+03,3.860369145436925997e+00
9.917452472497199778e+03,3.860369114118879175e+00
9.917452494142882642e+03,3.860369082802818763e+00
9.917452515788565506e+03,3.860369051488745207e+00
9.917452537434250189e+03,3.860369020176655397e+00
9.917452559079933053e+03,3.860368988866555551e+00
9.917452580725615917e+03,3.860368957558443004e+00
9.917452602371298781e+03,3.860368926252316868e+00
9.917452624016981645e+03,3.860368894948178475e+00
9.917452645662664509e+03,3.860368863646026494e+00
9.917452667308347372e+03,3.860368832345861811e+00
9.917452688954030236e+03,3.860368801047685761e+00
9.917452710599714919e+03,3.860368769751493900e+00
9.917452732245397783e+03,3.860368738457292004e+00
9.917452753891080647e+03,3.860368707165077851e+00
9.917452775536763511e+03,3.860368675874852329e+00
9.917452797182446375e+03,3.860368644586613662e+00
9.917452818828129239e+03,3.860368613300364515e+00
9.917452840473812103e+03,3.860368582016102668e+00
9.917452862119494966e+03,3.860368550733828563e+00
9.917452883765179649e+03,3.860368519453540870e+00
9.917452905410862513e+03,3.860368488175244028e+00
9.917452927056545377e+03,3.860368456898935374e+00
9.917452948702228241e+03,3.860368425624616684e+00
9.917452970347911105e+03,3.860368394352285293e+00
9.917452991993593969e+03,3.860368363081943421e+00
9.917453013639276833e+03,3.860368331813590181e+00
9.917453035284959697e+03,3.860368300547226017e+00
9.917453056930644379e+03,3.860368269282848264e+00
9.917453078576327243e+03,3.860368238020463139e+00
9.917453100222010107e+03,3.860368206760066201e+00
9.917453121867692971e+03,3.860368175501659227e+00
9.917453143513375835e+03,3.860368144245242217e+00
9.917453165159058699e+03,3.860368112990814282e+00
9.917453186804741563e+03,3.860368081738376311e+00
9.917453208450424427e+03,3.860368050487928304e+00
9.917453230096109110e+03,3.860368019239467152e+00
9.917453251741791973e+03,3.860367987992998628e+00
9.917453273387474837e+03,3.860367956748520513e+00
9.917453295033157701e+03,3.860367925506031916e+00
9.917453316678840565e+03,3.860367894265534616e+00
9.917453338324523429e+03,3.860367863027027280e+00
9.917453359970206293e+03,3.860367831790510795e+00
9.917453381615889157e+03,3.860367800555985163e+00
9.917453403261572021e+03,3.860367769323449050e+00
9.917453424907256704e+03,3.860367738092902012e+00
9.917453446552939567e+03,3.860367706864348492e+00
9.917453468198622431e+03,3.860367675637785378e+00
9.917453489844305295e+03,3.860367644413214006e+00
9.917453511489988159e+03,3.860367613190633929e+00
9.917453533135671023e+03,3.860367581970044704e+00
9.917453554781353887e+03,3.860367550751446775e+00
9.917453576427036751e+03,3.860367519534840586e+00
9.917453598072721434e+03,3.860367488320223028e+00
9.917453619718404298e+03,3.860367457107600320e+00
9.917453641364087161e+03,3.860367425896969351e+00
9.917453663009770025e+03,3.860367394688329234e+00
9.917453684655452889e+03,3.860367363481682190e+00
9.917453706301135753e+03,3.860367332277027330e+00
9.917453727946818617e+03,3.860367301074364210e+00
9.917453749592501481e+03,3.860367269873693719e+00
9.917453771238186164e+03,3.860367238675013191e+00
9.917453792883869028e+03,3.860367207478326623e+00
9.917453814529551892e+03,3.860367176283634016e+00
9.917453836175234756e+03,3.860367145090933150e+00
9.917453857820917619e+03,3.860367113900225355e+00
9.917453879466600483e+03,3.860367082711510189e+00
9.917453901112283347e+03,3.860367051524788540e+00
9.917453922757966211e+03,3.860367020340059074e+00
9.917453944403650894e+03,3.860366989157320905e+00
9.917453966049333758e+03,3.860366957976578917e+00
9.917453987695016622e+03,3.860366926797829557e+00
9.917454009340699486e+03,3.860366895621074157e+00
9.917454030986382350e+03,3.860366864446312274e+00
9.917454052632065213e+03,3.860366833273543907e+00
9.917454074277748077e+03,3.860366802102769057e+00
9.917454095923430941e+03,3.860366770933988168e+00
9.917454117569115624e+03,3.860366739767198574e+00
9.917454139214798488e+03,3.860366708602406050e+00
9.917454160860481352e+03,3.860366677439607042e+00
9.917454182506164216e+03,3.860366646278802438e+00
9.917454204151847080e+03,3.860366615119992684e+00
9.917454225797529944e+03,3.860366583963177334e+00
9.917454247443212807e+03,3.860366552808356388e+00
9.917454269088895671e+03,3.860366521655529848e+00
9.917454290734580354e+03,3.860366490504695491e+00
9.917454312380263218e+03,3.860366459355859092e+00
9.917454334025946082e+03,3.860366428209017542e+00
9.917454355671628946e+03,3.860366397064169952e+00
9.917454377317311810e+03,3.860366365921318099e+00
9.917454398962994674e+03,3.860366334780461539e+00
9.917454420608677538e+03,3.860366303641600272e+00
9.917454442254360401e+03,3.860366272504735630e+00
9.917454463900043265e+03,3.860366241369864948e+00
9.917454485545727948e+03,3.860366210236987783e+00
9.917454507191410812e+03,3.860366179106109019e+00
9.917454528837093676e+03,3.860366147977225548e+00
9.917454550482776540e+03,3.860366116850338702e+00
9.917454572128459404e+03,3.860366085725447594e+00
9.917454593774142268e+03,3.860366054602553110e+00
9.917454615419825132e+03,3.860366023481653919e+00
9.917454637065507995e+03,3.860365992362751797e+00
9.917454658711192678e+03,3.860365961245843192e+00
9.917454680356875542e+03,3.860365930130933876e+00
9.917454702002558406e+03,3.860365899018020297e+00
9.917454723648241270e+03,3.860365867907104231e+00
9.917454745293924134e+03,3.860365836798185235e+00
9.917454766939606998e+03,3.860365805691262420e+00
9.917454788585289862e+03,3.860365774586337562e+00
9.917454810230972726e+03,3.860365743483408885e+00
9.917454831876657408e+03,3.860365712382475500e+00
9.917454853522340272e+03,3.860365681283540962e+00
9.917454875168023136e+03,3.860365650186604380e+00
9.917454896813706000e+03,3.860365619091665756e+00
9.917454918459388864e+03,3.860365587998724646e+00
9.917454940105071728e+03,3.860365556907780160e+00
9.917454961750754592e+03,3.860365525818834964e+00
9.917454983396437456e+03,3.860365494731886393e+00
9.917455005042122139e+03,3.860365463646933559e+00
9.917455026687805002e+03,3.860365432563981791e+00
9.917455048333487866e+03,3.860365401483027981e+00
9.917455069979170730e+03,3.860365370404072571e+00
9.917455091624853594e+03,3.860365339327114675e+00
9.917455113270536458e+03,3.860365308252156957e+00
9.917455134916219322e+03,3.860365277179196752e+00
9.917455156561902186e+03,3.860365246108234505e+00
9.917455178207586869e+03,3.860365215039269771e+00
9.917455199853269733e+03,3.860365183972306102e+00
9.917455221498952596e+03,3.860365152907340391e+00
9.917455243144635460e+03,3.860365121844375302e+00
9.917455264790318324e+03,3.860365090783408171e+00
9.917455286436001188e+03,3.860365059724440773e+00
9.917455308081684052e+03,3.860365028667472664e+00
9.917455329727366916e+03,3.860364997612503846e+00
9.917455351373051599e+03,3.860364966559532984e+00
9.917455373018734463e+03,3.860364935508563189e+00
9.917455394664417327e+03,3.860364904459593127e+00
9.917455416310100190e+03,3.860364873412624132e+00
9.917455437955783054e+03,3.860364842367653537e+00
9.917455459601465918e+03,3.860364811324684009e+00
9.917455481247148782e+03,3.860364780283713770e+00
9.917455502892831646e+03,3.860364749244745042e+00
9.917455524538514510e+03,3.860364718207775603e+00
9.917455546184199193e+03,3.860364687172804121e+00
9.917455567829882057e+03,3.860364656139835926e+00
9.917455589475564921e+03,3.860364625108868353e+00
9.917455611121247784e+03,3.860364594079900957e+00
9.917455632766930648e+03,3.860364563052935516e+00
9.917455654412613512e+03,3.860364532027970252e+00
9.917455676058296376e+03,3.860364501005006499e+00
9.917455697703979240e+03,3.860364469984042923e+00
9.917455719349663923e+03,3.860364438965078637e+00
9.917455740995346787e+03,3.860364407948118082e+00
9.917455762641029651e+03,3.860364376933159924e+00
9.917455784286712515e+03,3.860364345920201945e+00
9.917455805932395378e+03,3.860364314909245920e+00
9.917455827578078242e+03,3.860364283900291404e+00
9.917455849223761106e+03,3.860364252893338843e+00
9.917455870869443970e+03,3.860364221888388236e+00
9.917455892515128653e+03,3.860364190885437807e+00
9.917455914160811517e+03,3.860364159884490665e+00
9.917455935806494381e+03,3.860364128885547252e+00
9.917455957452177245e+03,3.860364097888604906e+00
9.917455979097860109e+03,3.860364066893664958e+00
9.917456000743542972e+03,3.860364035900727853e+00
9.917456022389225836e+03,3.860364004909794033e+00
9.917456044034908700e+03,3.860363973920861724e+00
9.917456065680593383e+03,3.860363942933930481e+00
9.917456087326276247e+03,3.860363911949004301e+00
9.917456108971959111e+03,3.860363880966080075e+00
9.917456130617641975e+03,3.860363849985160023e+00
9.917456152263324839e+03,3.860363819006243258e+00
9.917456173909007703e+03,3.860363788029329335e+00
9.917456195554690566e+03,3.860363757054419587e+00
9.917456217200373430e+03,3.860363726081512681e+00
9.917456238846058113e+03,3.860363695110606841e+00
9.917456260491740977e+03,3.860363664141706952e+00
9.917456282137423841e+03,3.860363633174811238e+00
9.917456303783106705e+03,3.860363602209918810e+00
9.917456325428789569e+03,3.860363571247031000e+00
9.917456347074472433e+03,3.860363540286146922e+00
9.917456368720155297e+03,3.860363509327267018e+00
9.917456390365838161e+03,3.860363478370391288e+00
9.917456412011522843e+03,3.860363447415516625e+00
9.917456433657205707e+03,3.860363416462650576e+00
9.917456455302888571e+03,3.860363385511788259e+00
9.917456476948571435e+03,3.860363354562929672e+00
9.917456498594254299e+03,3.860363323616077036e+00
9.917456520239937163e+03,3.860363292671228574e+00
9.917456541885620027e+03,3.860363261728385620e+00
9.917456563531302891e+03,3.860363230787547284e+00
9.917456585176985755e+03,3.860363199848714011e+00
9.917456606822670437e+03,3.860363168911883580e+00
9.917456628468353301e+03,3.860363137977060877e+00
9.917456650114036165e+03,3.860363107044243680e+00
9.917456671759719029e+03,3.860363076113431990e+00
9.917456693405401893e+03,3.860363045184626252e+00
9.917456715051084757e+03,3.860363014257826020e+00
9.917456736696767621e+03,3.860362983333031739e+00
9.917456758342450485e+03,3.860362952410242965e+00
9.917456779988135168e+03,3.860362921489457033e+00
9.917456801633818031e+03,3.860362890570680605e+00
9.917456823279500895e+03,3.860362859653910572e+00
9.917456844925183759e+03,3.860362828739146046e+00
9.917456866570866623e+03,3.860362797826389247e+00
9.917456888216549487e+03,3.860362766915637511e+00
9.917456909862232351e+03,3.860362736006893059e+00
9.917456931507915215e+03,3.860362705100154557e+00
9.917456953153599898e+03,3.860362674195421118e+00
9.917456974799282762e+03,3.860362643292697182e+00
9.917456996444965625e+03,3.860362612391980086e+00
9.917457018090648489e+03,3.860362581493269829e+00
9.917457039736331353e+03,3.860362550596566855e+00
9.917457061382014217e+03,3.860362519701871165e+00
9.917457083027697081e+03,3.860362488809181869e+00
9.917457104673379945e+03,3.860362457918501189e+00
9.917457126319064628e+03,3.860362427029825128e+00
9.917457147964747492e+03,3.860362396143159014e+00
9.917457169610430356e+03,3.860362365258501516e+00
9.917457191256113219e+03,3.860362334375850857e+00
9.917457212901796083e+03,3.860362303495208813e+00
9.917457234547478947e+03,3.860362272616574941e+00
9.917457256193161811e+03,3.860362241739949241e+00
9.917457277838844675e+03,3.860362210865330823e+00
9.917457299484529358e+03,3.860362179992719245e+00
9.917457321130212222e+03,3.860362149122118502e+00
9.917457342775895086e+03,3.860362118253525487e+00
9.917457364421577950e+03,3.860362087386941976e+00
9.917457386067260813e+03,3.860362056522366636e+00
9.917457407712943677e+03,3.860362025659800800e+00
9.917457429358626541e+03,3.860361994799242691e+00
9.917457451004309405e+03,3.860361963940694530e+00
9.917457472649994088e+03,3.860361933084152319e+00
9.917457494295676952e+03,3.860361902229622721e+00
9.917457515941359816e+03,3.860361871377101739e+00
9.917457537587042680e+03,3.860361840526590260e+00
9.917457559232725544e+03,3.860361809678088729e+00
9.917457580878408407e+03,3.860361778831596258e+00
9.917457602524091271e+03,3.860361747987113734e+00
9.917457624169774135e+03,3.860361717144641158e+00
9.917457645815456999e+03,3.860361686304178530e+00
9.917457667461141682e+03,3.860361655465723629e+00
9.917457689106824546e+03,3.860361624629280897e+00
9.917457710752507410e+03,3.860361593794848112e+00
9.917457732398190274e+03,3.860361562962425275e+00
9.917457754043873138e+03,3.860361532132013274e+00
9.917457775689556001e+03,3.860361501303612108e+00
9.917457797335238865e+03,3.860361470477221335e+00
9.917457818980921729e+03,3.860361439652841842e+00
9.917457840626606412e+03,3.860361408830469632e+00
9.917457862272289276e+03,3.860361378010110922e+00
9.917457883917972140e+03,3.860361347191763048e+00
9.917457905563655004e+03,3.860361316375426899e+00
9.917457927209337868e+03,3.860361285561101585e+00
9.917457948855020732e+03,3.860361254748787108e+00
9.917457970500703595e+03,3.860361223938484798e+00
9.917457992146386459e+03,3.860361193130192881e+00
9.917458013792071142e+03,3.860361162323910911e+00
9.917458035437754006e+03,3.860361131519642885e+00
9.917458057083436870e+03,3.860361100717387028e+00
9.917458078729119734e+03,3.860361069917142451e+00
9.917458100374802598e+03,3.860361039118909598e+00
9.917458122020485462e+03,3.860361008322688470e+00
9.917458143666168326e+03,3.860360977528480841e+00
9.917458165311851189e+03,3.860360946736284493e+00
9.917458186957535872e+03,3.860360915946097649e+00
9.917458208603218736e+03,3.860360885157926969e+00
9.917458230248901600e+03,3.860360854371767569e+00
9.917458251894584464e+03,3.860360823587621670e+00
9.917458273540267328e+03,3.860360792805487495e+00
9.917458295185950192e+03,3.860360762025366377e+00
9.917458316831633056e+03,3.860360731247259203e+00
9.917458338477315920e+03,3.860360700471164197e+00
9.917458360123000602e+03,3.860360669697080027e+00
9.917458381768683466e+03,3.860360638925011134e+00
9.917458403414366330e+03,3.860360608154955298e+00
9.917458425060049194e+03,3.860360577386913850e+00
9.917458446705732058e+03,3.860360546620885458e+00
9.917458468351414922e+03,3.860360515856870567e+00
9.917458489997097786e+03,3.860360485094869620e+00
9.917458511642780650e+03,3.860360454334881730e+00
9.917458533288465333e+03,3.860360423576905564e+00
9.917458554934148196e+03,3.860360392820946451e+00
9.917458576579831060e+03,3.860360362067001283e+00
9.917458598225513924e+03,3.860360331315069615e+00
9.917458619871196788e+03,3.860360300565153224e+00
9.917458641516879652e+03,3.860360269817249890e+00
9.917458663162562516e+03,3.860360239071361832e+00
9.917458684808245380e+03,3.860360208327488163e+00
9.917458706453928244e+03,3.860360177585629327e+00
9.917458728099612927e+03,3.860360146845782658e+00
9.917458749745295790e+03,3.860360116107953043e+00
9.917458771390978654e+03,3.860360085372138705e+00
9.917458793036661518e+03,3.860360054638338756e+00
9.917458814682344382e+03,3.860360023906554972e+00
9.917458836328027246e+03,3.860359993176786020e+00
9.917458857973710110e+03,3.860359962449032345e+00
9.917458879619392974e+03,3.860359931723294391e+00
9.917458901265077657e+03,3.860359900999569049e+00
9.917458922910760521e+03,3.860359870277861649e+00
9.917458944556443384e+03,3.860359839558169970e+00
9.917458966202126248e+03,3.860359808840494900e+00
9.917458987847809112e+03,3.860359778124835106e+00
9.917459009493491976e+03,3.860359747411191478e+00
9.917459031139174840e+03,3.860359716699563570e+00
9.917459052784857704e+03,3.860359685989952716e+00
9.917459074430542387e+03,3.860359655282354918e+00
9.917459096076225251e+03,3.860359624576775950e+00
9.917459117721908115e+03,3.860359593873213591e+00
9.917459139367590979e+03,3.860359563171668285e+00
9.917459161013273842e+03,3.860359532472139588e+00
9.917459182658956706e+03,3.860359501774627056e+00
9.917459204304639570e+03,3.860359471079132021e+00
9.917459225950322434e+03,3.860359440385654040e+00
9.917459247596007117e+03,3.860359409694190003e+00
9.917459269241689981e+03,3.860359379004746572e+00
9.917459290887372845e+03,3.860359348317319750e+00
9.917459312533055709e+03,3.860359317631909537e+00
9.917459334178738573e+03,3.860359286948518154e+00
9.917459355824421436e+03,3.860359256267143380e+00
9.917459377470104300e+03,3.860359225587787435e+00
9.917459399115787164e+03,3.860359194910448100e+00
9.917459420761471847e+03,3.860359164235124929e+00
9.917459442407154711e+03,3.860359133561821476e+00
9.917459464052837575e+03,3.860359102890536409e+00
9.917459485698520439e+03,3.860359072221269283e+00
9.917459507344203303e+03,3.860359041554020099e+00
9.917459528989886167e+03,3.860359010888790632e+00
9.917459550635569030e+03,3.860358980225578218e+00
9.917459572281251894e+03,3.860358949564384634e+00
9.917459593926936577e+03,3.860358918905207215e+00
9.917459615572619441e+03,3.860358888248051290e+00
9.917459637218302305e+03,3.860358857592914195e+00
9.917459658863985169e+03,3.860358826939795929e+00
9.917459680509668033e+03,3.860358796288696492e+00
9.917459702155350897e+03,3.860358765639615886e+00
9.917459723801033761e+03,3.860358734992554552e+00
9.917459745446716624e+03,3.860358704347512493e+00
9.917459767092399488e+03,3.860358673704491039e+00
9.917459788738084171e+03,3.860358643063485307e+00
9.917459810383767035e+03,3.860358612424501512e+00
9.917459832029449899e+03,3.860358581787538323e+00
9.917459853675132763e+03,3.860358551152594853e+00
9.917459875320815627e+03,3.860358520519670211e+00
9.917459896966498491e+03,3.860358489888766620e+00
9.917459918612181355e+03,3.860358459259882746e+00
9.917459940257864218e+03,3.860358428633019479e+00
9.917459961903548901e+03,3.860358398008173264e+00
9.917459983549231765e+03,3.860358367385349876e+00
9.917460005194914629e+03,3.860358336764547538e+00
9.917460026840597493e+03,3.860358306145765361e+00
9.917460048486280357e+03,3.860358275529003791e+00
9.917460070131963221e+03,3.860358244914262826e+00
9.917460091777646085e+03,3.860358214301543356e+00
9.917460113423328949e+03,3.860358183690844935e+00
9.917460135069013631e+03,3.860358153082164012e+00
9.917460156714696495e+03,3.860358122475507692e+00
9.917460178360379359e+03,3.860358091870871533e+00
9.917460200006062223e+03,3.860358061268257313e+00
9.917460221651745087e+03,3.860358030667665474e+00
9.917460243297427951e+03,3.860358000069093354e+00
9.917460264943110815e+03,3.860357969472544504e+00
9.917460286588793679e+03,3.860357938878016704e+00
9.917460308234478362e+03,3.860357908285507733e+00
9.917460329880161225e+03,3.860357877695022921e+00
9.917460351525844089e+03,3.860357847106560936e+00
9.917460373171526953e+03,3.860357816520120888e+00
9.917460394817209817e+03,3.860357785935703667e+00
9.917460416462892681e+03,3.860357755353307496e+00
9.917460438108575545e+03,3.860357724772935040e+00
9.917460459754258409e+03,3.860357694194583633e+00
9.917460481399943092e+03,3.860357663618253277e+00
9.917460503045625956e+03,3.860357633043947523e+00
9.917460524691308819e+03,3.860357602471665484e+00
9.917460546336991683e+03,3.860357571901405382e+00
9.917460567982674547e+03,3.860357541333168108e+00
9.917460589628357411e+03,3.860357510766954547e+00
9.917460611274040275e+03,3.860357480202763814e+00
9.917460632919723139e+03,3.860357449640596794e+00
9.917460654565407822e+03,3.860357419080449937e+00
9.917460676211090686e+03,3.860357388522329902e+00
9.917460697856773550e+03,3.860357357966232250e+00
9.917460719502456413e+03,3.860357327412158757e+00
9.917460741148139277e+03,3.860357296860109422e+00
9.917460762793822141e+03,3.860357266310083357e+00
9.917460784439505005e+03,3.860357235762081896e+00
9.917460806085187869e+03,3.860357205216104592e+00
9.917460827730872552e+03,3.860357174672147895e+00
9.917460849376555416e+03,3.860357144130218465e+00
9.917460871022238280e+03,3.860357113590313194e+00
9.917460892667921144e+03,3.860357083052432081e+00
9.917460914313604007e+03,3.860357052516576015e+00
9.917460935959286871e+03,3.860357021982744996e+00
9.917460957604969735e+03,3.860356991450937247e+00
9.917460979250652599e+03,3.860356960921155878e+00
9.917461000896335463e+03,3.860356930393398223e+00
9.917461022542020146e+03,3.860356899867662950e+00
9.917461044187703010e+03,3.860356869343956276e+00
9.917461065833385874e+03,3.860356838822274650e+00
9.917461087479068738e+03,3.860356808302617626e+00
9.917461109124751601e+03,3.860356777784986093e+00
9.917461130770434465e+03,3.860356747269380495e+00
9.917461152416117329e+03,3.860356716755799500e+00
9.917461174061800193e+03,3.860356686244244884e+00
9.917461195707484876e+03,3.860356655734713982e+00
9.917461217353167740e+03,3.860356625227211236e+00
9.917461238998850604e+03,3.860356594721733536e+00
9.917461260644533468e+03,3.860356564218283104e+00
9.917461282290216332e+03,3.860356533716858163e+00
9.917461303935899195e+03,3.860356503217459156e+00
9.917461325581582059e+03,3.860356472720086529e+00
9.917461347227264923e+03,3.860356442224741169e+00
9.917461368872949606e+03,3.860356411731419524e+00
9.917461390518632470e+03,3.860356381240126478e+00
9.917461412164315334e+03,3.860356350750860699e+00
9.917461433809998198e+03,3.860356320263621743e+00
9.917461455455681062e+03,3.860356289778409167e+00
9.917461477101363926e+03,3.860356259295223857e+00
9.917461498747046790e+03,3.860356228814065371e+00
9.917461520392729653e+03,3.860356198334935041e+00
9.917461542038414336e+03,3.860356167857828424e+00
9.917461563684097200e+03,3.860356137382752628e+00
9.917461585329780064e+03,3.860356106909703211e+00
9.917461606975462928e+03,3.860356076438682393e+00
9.917461628621145792e+03,3.860356045969689287e+00
9.917461650266828656e+03,3.860356015502723448e+00
9.917461671912511520e+03,3.860355985037786208e+00
9.917461693558194384e+03,3.860355954574875792e+00
9.917461715203879066e+03,3.860355924113991311e+00
9.917461736849561930e+03,3.860355893655138093e+00
9.917461758495244794e+03,3.860355863198312587e+00
9.917461780140927658e+03,3.860355832743515236e+00
9.917461801786610522e+03,3.860355802290746929e+00
9.917461823432293386e+03,3.860355771840007222e+00
9.917461845077976250e+03,3.860355741391295226e+00
9.917461866723659114e+03,3.860355710944613161e+00
9.917461888369343797e+03,3.860355680499956588e+00
9.917461910015026660e+03,3.860355650057332166e+00
9.917461931660709524e+03,3.860355619616735900e+00
9.917461953306392388e+03,3.860355589178169566e+00
9.917461974952075252e+03,3.860355558741631832e+00
9.917461996597758116e+03,3.860355528307123585e+00
9.917462018243440980e+03,3.860355497874644826e+00
9.917462039889123844e+03,3.860355467444195998e+00
9.917462061534806708e+03,3.860355437015776658e+00
9.917462083180491391e+03,3.860355406589383698e+00
9.917462104826174254e+03,3.860355376165023777e+00
9.917462126471857118e+03,3.860355345742693345e+00
9.917462148117539982e+03,3.860355315322392844e+00
9.917462169763222846e+03,3.860355284904122719e+00
9.917462191408905710e+03,3.860355254487883414e+00
9.917462213054588574e+03,3.860355224073673597e+00
9.917462234700271438e+03,3.860355193661494155e+00
9.917462256345956121e+03,3.860355163251341981e+00
9.917462277991638985e+03,3.860355132843223736e+00
9.917462299637321848e+03,3.860355102437136310e+00
9.917462321283004712e+03,3.860355072033080148e+00
9.917462342928687576e+03,3.860355041631053474e+00
9.917462364574370440e+03,3.860355011231058064e+00
9.917462386220053304e+03,3.860354980833094363e+00
9.917462407865736168e+03,3.860354950437161925e+00
9.917462429511420851e+03,3.860354920043257199e+00
9.917462451157103715e+03,3.860354889651386845e+00
9.917462472802786579e+03,3.860354859261547755e+00
9.917462494448469442e+03,3.860354828873740818e+00
9.917462516094152306e+03,3.860354798487964700e+00
9.917462537739835170e+03,3.860354768104220291e+00
9.917462559385518034e+03,3.860354737722508478e+00
9.917462581031200898e+03,3.860354707342828373e+00
9.917462602676885581e+03,3.860354676965177312e+00
9.917462624322568445e+03,3.860354646589560623e+00
9.917462645968251309e+03,3.860354616215976975e+00
9.917462667613934173e+03,3.860354585844425479e+00
9.917462689259617036e+03,3.860354555474905247e+00
9.917462710905299900e+03,3.860354525107419388e+00
9.917462732550982764e+03,3.860354494741964793e+00
9.917462754196665628e+03,3.860354464378543238e+00
9.917462775842350311e+03,3.860354434017151171e+00
9.917462797488033175e+03,3.860354403657795697e+00
9.917462819133716039e+03,3.860354373300472375e+00
9.917462840779398903e+03,3.860354342945182538e+00
9.917462862425081767e+03,3.860354312591925741e+00
9.917462884070764630e+03,3.860354282240701984e+00
9.917462905716447494e+03,3.860354251891512156e+00
9.917462927362130358e+03,3.860354221544355369e+00
9.917462949007815041e+03,3.860354191199228957e+00
9.917462970653497905e+03,3.860354160856139139e+00
9.917462992299180769e+03,3.860354130515083693e+00
9.917463013944863633e+03,3.860354100176060843e+00
9.917463035590546497e+03,3.860354069839073254e+00
9.917463057236229361e+03,3.860354039504118262e+00
9.917463078881912224e+03,3.860354009171198530e+00
9.917463100527595088e+03,3.860353978840312728e+00
9.917463122173277952e+03,3.860353948511461741e+00
9.917463143818962635e+03,3.860353918184642019e+00
9.917463165464645499e+03,3.860353887859858890e+00
9.917463187110328363e+03,3.860353857537110578e+00
9.917463208756011227e+03,3.860353827216397082e+00
9.917463230401694091e+03,3.860353796897718404e+00
9.917463252047376955e+03,3.860353766581074986e+00
9.917463273693059818e+03,3.860353736266465940e+00
9.917463295338742682e+03,3.860353705953891712e+00
9.917463316984427365e+03,3.860353675643350524e+00
9.917463338630110229e+03,3.860353645334847705e+00
9.917463360275793093e+03,3.860353615028379703e+00
9.917463381921475957e+03,3.860353584723947407e+00
9.917463403567158821e+03,3.860353554421549926e+00
9.917463425212841685e+03,3.860353524121188595e+00
9.917463446858524549e+03,3.860353493822863413e+00
9.917463468504207412e+03,3.860353463526573936e+00
9.917463490149892095e+03,3.860353433232317055e+00
9.917463511795574959e+03,3.860353402940098988e+00
9.917463533441257823e+03,3.860353372649917070e+00
9.917463555086940687e+03,3.860353342361771745e+00
9.917463576732623551e+03,3.860353312075662124e+00
9.917463598378306415e+03,3.860353281791589986e+00
9.917463620023989279e+03,3.860353251509553552e+00
9.917463641669672143e+03,3.860353221229553711e+00
9.917463663315356825e+03,3.860353190951588243e+00
9.917463684961039689e+03,3.860353160675661588e+00
9.917463706606722553e+03,3.860353130401772859e+00
9.917463728252405417e+03,3.860353100129919834e+00
9.917463749898088281e+03,3.860353069860105180e+00
9.917463771543771145e+03,3.860353039592326674e+00
9.917463793189454009e+03,3.860353009326585205e+00
9.917463814835136873e+03,3.860352979062881662e+00
9.917463836480821556e+03,3.860352948801213380e+00
9.917463858126504419e+03,3.860352918541584355e+00
9.917463879772187283e+03,3.860352888283994144e+00
9.917463901417870147e+03,3.860352858028440970e+00
9.917463923063553011e+03,3.860352827774925721e+00
9.917463944709235875e+03,3.860352797523447954e+00
9.917463966354918739e+03,3.860352767274008112e+00
9.917463988000601603e+03,3.860352737026607528e+00
9.917464009646286286e+03,3.860352706781241316e+00
9.917464031291969150e+03,3.860352676537917027e+00
9.917464052937652013e+03,3.860352646296630663e+00
9.917464074583334877e+03,3.860352616057383113e+00
9.917464096229017741e+03,3.860352585820173488e+00
9.917464117874700605e+03,3.860352555585002676e+00
9.917464139520383469e+03,3.860352525351871567e+00
9.917464161166066333e+03,3.860352495120778382e+00
9.917464182811749197e+03,3.860352464891724011e+00
9.917464204457433880e+03,3.860352434664706678e+00
9.917464226103116744e+03,3.860352404439731711e+00
9.917464247748799608e+03,3.860352374216795113e+00
9.917464269394482471e+03,3.860352343995898217e+00
9.917464291040165335e+03,3.860352313777040578e+00
9.917464312685848199e+03,3.860352283560222642e+00
9.917464334331531063e+03,3.860352253345444407e+00
9.917464355977213927e+03,3.860352223132705429e+00
9.917464377622898610e+03,3.860352192922004377e+00
9.917464399268581474e+03,3.860352162713344804e+00
9.917464420914264338e+03,3.860352132506725820e+00
9.917464442559947202e+03,3.860352102302147426e+00
9.917464464205630065e+03,3.860352072099609178e+00
9.917464485851312929e+03,3.860352041899111075e+00
9.917464507496995793e+03,3.860352011700653119e+00
9.917464529142678657e+03,3.860351981504236196e+00
9.917464550788363340e+03,3.860351951309856311e+00
9.917464572434046204e+03,3.860351921117520568e+00
9.917464594079729068e+03,3.860351890927224972e+00
9.917464615725411932e+03,3.860351860738970853e+00
9.917464637371094796e+03,3.860351830552757768e+00
9.917464659016777659e+03,3.860351800368585717e+00
9.917464680662460523e+03,3.860351770186454257e+00
9.917464702308143387e+03,3.860351740006364274e+00
9.917464723953828070e+03,3.860351709828313549e+00
9.917464745599510934e+03,3.860351679652306522e+00
9.917464767245193798e+03,3.860351649478340530e+00
9.917464788890876662e+03,3.860351619306416904e+00
9.917464810536559526e+03,3.860351589136535200e+00
9.917464832182242390e+03,3.860351558968694530e+00
9.917464853827925253e+03,3.860351528802896670e+00
9.917464875473608117e+03,3.860351498639140289e+00
9.917464897119292800e+03,3.860351468477424053e+00
9.917464918764975664e+03,3.860351438317751516e+00
9.917464940410658528e+03,3.860351408160122233e+00
9.917464962056341392e+03,3.860351378004534872e+00
9.917464983702024256e+03,3.860351347850989434e+00
9.917465005347707120e+03,3.860351317699487250e+00
9.917465026993389984e+03,3.860351287550027877e+00
9.917465048639072847e+03,3.860351257402611758e+00
9.917465070284757530e+03,3.860351227257235784e+00
9.917465091930440394e+03,3.860351197113904398e+00
9.917465113576123258e+03,3.860351166972617154e+00
9.917465135221806122e+03,3.860351136833371832e+00
9.917465156867488986e+03,3.860351106696171097e+00
9.917465178513171850e+03,3.860351076561012729e+00
9.917465200158854714e+03,3.860351046427898503e+00
9.917465221804537578e+03,3.860351016296827975e+00
9.917465243450220441e+03,3.860350986167800702e+00
9.917465265095905124e+03,3.860350956040814019e+00
9.917465286741587988e+03,3.860350925915874143e+00
9.917465308387270852e+03,3.860350895792977965e+00
9.917465330032953716e+03,3.860350865672126819e+00
9.917465351678636580e+03,3.860350835553318927e+00
9.917465373324319444e+03,3.860350805436555621e+00
9.917465394970002308e+03,3.860350775321836458e+00
9.917465416615685172e+03,3.860350745209161438e+00
9.917465438261369854e+03,3.860350715098528784e+00
9.917465459907052718e+03,3.860350684989942938e+00
9.917465481552735582e+03,3.860350654883402566e+00
9.917465503198418446e+03,3.860350624778906337e+00
9.917465524844101310e+03,3.860350594676455138e+00
9.917465546489784174e+03,3.860350564576048082e+00
9.917465568135467038e+03,3.860350534477686946e+00
9.917465589781149902e+03,3.860350504381371284e+00
9.917465611426834585e+03,3.860350474287097544e+00
9.917465633072517448e+03,3.860350444194871944e+00
9.917465654718200312e+03,3.860350414104692263e+00
9.917465676363883176e+03,3.860350384016557612e+00
9.917465698009566040e+03,3.860350353930468881e+00
9.917465719655248904e+03,3.860350323846425624e+00
9.917465741300931768e+03,3.860350293764427843e+00
9.917465762946614632e+03,3.860350263684476868e+00
9.917465784592299315e+03,3.860350233606568704e+00
9.917465806237982179e+03,3.860350203530709123e+00
9.917465827883665042e+03,3.860350173456896350e+00
9.917465849529347906e+03,3.860350143385129051e+00
9.917465871175030770e+03,3.860350113315409004e+00
9.917465892820713634e+03,3.860350083247734876e+00
9.917465914466396498e+03,3.860350053182107555e+00
9.917465936112079362e+03,3.860350023118527041e+00
9.917465957757764045e+03,3.860349993056991114e+00
9.917465979403446909e+03,3.860349962997504214e+00
9.917466001049129773e+03,3.860349932940064122e+00
9.917466022694812636e+03,3.860349902884670836e+00
9.917466044340495500e+03,3.860349872831325246e+00
9.917466065986178364e+03,3.860349842780026464e+00
9.917466087631861228e+03,3.860349812730775376e+00
9.917466109277544092e+03,3.860349782683571096e+00
9.917466130923228775e+03,3.860349752638413179e+00
9.917466152568911639e+03,3.860349722595304289e+00
9.917466174214594503e+03,3.860349692554243539e+00
9.917466195860277367e+03,3.860349662515230040e+00
9.917466217505960230e+03,3.860349632478265125e+00
9.917466239151643094e+03,3.860349602443347905e+00
9.917466260797325958e+03,3.860349572410479269e+00
9.917466282443008822e+03,3.860349542379657883e+00
9.917466304088691686e+03,3.860349512350885526e+00
9.917466325734376369e+03,3.860349482324158643e+00
9.917466347380059233e+03,3.860349452299483453e+00
9.917466369025742097e+03,3.860349422276855513e+00
9.917466390671424961e+03,3.860349392256277046e+00
9.917466412317107824e+03,3.860349362237748050e+00
9.917466433962790688e+03,3.860349332221266749e+00
9.917466455608473552e+03,3.860349302206834921e+00
9.917466477254156416e+03,3.860349272194452119e+00
9.917466498899841099e+03,3.860349242184115681e+00
9.917466520545523963e+03,3.860349212175831823e+00
9.917466542191206827e+03,3.860349182169596549e+00
9.917466563836889691e+03,3.860349152165410747e+00
9.917466585482572555e+03,3.860349122163273972e+00
9.917466607128255419e+03,3.860349092163188001e+00
9.917466628773938282e+03,3.860349062165151057e+00
9.917466650419621146e+03,3.860349032169163586e+00
9.917466672065305829e+03,3.860349002175223809e+00
9.917466693710988693e+03,3.860348972183336613e+00
9.917466715356671557e+03,3.860348942193500221e+00
9.917466737002354421e+03,3.860348912205712857e+00
9.917466758648037285e+03,3.860348882219976741e+00
9.917466780293720149e+03,3.860348852236289652e+00
9.917466801939403013e+03,3.860348822254654255e+00
9.917466823585085876e+03,3.860348792275069219e+00
9.917466845230770559e+03,3.860348762297532321e+00
9.917466866876453423e+03,3.860348732322048448e+00
9.917466888522136287e+03,3.860348702348615380e+00
9.917466910167819151e+03,3.860348672377233559e+00
9.917466931813502015e+03,3.860348642407902542e+00
9.917466953459184879e+03,3.860348612440622329e+00
9.917466975104867743e+03,3.860348582475393364e+00
9.917466996750550607e+03,3.860348552512216980e+00
9.917467018396235289e+03,3.860348522551087846e+00
9.917467040041918153e+03,3.860348492592013514e+00
9.917467061687601017e+03,3.860348462634991318e+00
9.917467083333283881e+03,3.860348432680019926e+00
9.917467104978966745e+03,3.860348402727100225e+00
9.917467126624649609e+03,3.860348372776233106e+00
9.917467148270332473e+03,3.860348342827417678e+00
9.917467169916015337e+03,3.860348312880653943e+00
9.917467191561700020e+03,3.860348282935940567e+00
9.917467213207382883e+03,3.860348252993281104e+00
9.917467234853065747e+03,3.860348223052675110e+00
9.917467256498748611e+03,3.860348193114120363e+00
9.917467278144431475e+03,3.860348163177619529e+00
9.917467299790114339e+03,3.860348133243170388e+00
9.917467321435797203e+03,3.860348103310773826e+00
9.917467343081480067e+03,3.860348073380430289e+00
9.917467364727164750e+03,3.860348043452138000e+00
9.917467386372847614e+03,3.860348013525900068e+00
9.917467408018530477e+03,3.860347983601716049e+00
9.917467429664213341e+03,3.860347953679584609e+00
9.917467451309896205e+03,3.860347923759506639e+00
9.917467472955579069e+03,3.860347893841483025e+00
9.917467494601261933e+03,3.860347863925511547e+00
9.917467516246944797e+03,3.860347834011593982e+00
9.917467537892627661e+03,3.860347804099730329e+00
9.917467559538312344e+03,3.860347774189918368e+00
9.917467581183995208e+03,3.860347744282162097e+00
9.917467602829678071e+03,3.860347714376459738e+00
9.917467624475360935e+03,3.860347684472811736e+00
9.917467646121043799e+03,3.860347654571218090e+00
9.917467667766726663e+03,3.860347624671678801e+00
9.917467689412409527e+03,3.860347594774192981e+00
9.917467711058092391e+03,3.860347564878761961e+00
9.917467732703777074e+03,3.860347534985383078e+00
9.917467754349459938e+03,3.860347505094062104e+00
9.917467775995142802e+03,3.860347475204794598e+00
9.917467797640825665e+03,3.860347445317582782e+00
9.917467819286508529e+03,3.860347415432425322e+00
9.917467840932191393e+03,3.860347385549323107e+00
9.917467862577874257e+03,3.860347355668275693e+00
9.917467884223557121e+03,3.860347325789283968e+00
9.917467905869241804e+03,3.860347295912344823e+00
9.917467927514924668e+03,3.860347266037463587e+00
9.917467949160607532e+03,3.860347236164637597e+00
9.917467970806290396e+03,3.860347206293866851e+00
9.917467992451973259e+03,3.860347176425152682e+00
9.917468014097656123e+03,3.860347146558493758e+00
9.917468035743338987e+03,3.860347116693890079e+00
9.917468057389021851e+03,3.860347086831343422e+00
9.917468079034706534e+03,3.860347056970849788e+00
9.917468100680389398e+03,3.860347027112414953e+00
9.917468122326072262e+03,3.860346997256035806e+00
9.917468143971755126e+03,3.860346967401713236e+00
9.917468165617437990e+03,3.860346937549447244e+00
9.917468187263120853e+03,3.860346907699238272e+00
9.917468208908803717e+03,3.860346877851085434e+00
9.917468230554486581e+03,3.860346848004989173e+00
9.917468252200171264e+03,3.860346818160947269e+00
9.917468273845854128e+03,3.860346788318964606e+00
9.917468295491536992e+03,3.860346758479038964e+00
9.917468317137219856e+03,3.860346728641170788e+00
9.917468338782902720e+03,3.860346698805358745e+00
9.917468360428585584e+03,3.860346668971605055e+00
9.917468382074268447e+03,3.860346639139908387e+00
9.917468403719951311e+03,3.860346609310268740e+00
9.917468425365635994e+03,3.860346579482684337e+00
9.917468447011318858e+03,3.860346549657160953e+00
9.917468468657001722e+03,3.860346519833694146e+00
9.917468490302684586e+03,3.860346490012285692e+00
9.917468511948367450e+03,3.860346460192934703e+00
9.917468533594050314e+03,3.860346430375642068e+00
9.917468555239733178e+03,3.860346400560408231e+00
9.917468576885416041e+03,3.860346370747231415e+00
9.917468598531098905e+03,3.860346340936113396e+00
9.917468620176783588e+03,3.860346311127051511e+00
9.917468641822466452e+03,3.860346281320050643e+00
9.917468663468149316e+03,3.860346251515108129e+00
9.917468685113832180e+03,3.860346221712223969e+00
9.917468706759515044e+03,3.860346191911399050e+00
9.917468728405197908e+03,3.860346162112632040e+00
9.917468750050880772e+03,3.860346132315925161e+00
9.917468771696563635e+03,3.860346102521277079e+00
9.917468793342248318e+03,3.860346072728684685e+00
9.917468814987931182e+03,3.860346042938155087e+00
9.917468836633614046e+03,3.860346013149685174e+00
9.917468858279296910e+03,3.860345983363273614e+00
9.917468879924979774e+03,3.860345953578922185e+00
9.917468901570662638e+03,3.860345923796629997e+00
9.917468923216345502e+03,3.860345894016397050e+00
9.917468944862028366e+03,3.860345864238225122e+00
9.917468966507713048e+03,3.860345834462109771e+00
9.917468988153395912e+03,3.860345804688057658e+00
9.917469009799078776e+03,3.860345774916064787e+00
9.917469031444761640e+03,3.860345745146131602e+00
9.917469053090444504e+03,3.860345715378260323e+00
9.917469074736127368e+03,3.860345685612448285e+00
9.917469096381810232e+03,3.860345655848696822e+00
9.917469118027493096e+03,3.860345626087005932e+00
9.917469139673177779e+03,3.860345596327372952e+00
9.917469161318860642e+03,3.860345566569804099e+00
9.917469182964543506e+03,3.860345536814295819e+00
9.917469204610226370e+03,3.860345507060847670e+00
9.917469226255909234e+03,3.860345477309461426e+00
9.917469247901592098e+03,3.860345447560135312e+00
9.917469269547274962e+03,3.860345417812870661e+00
9.917469291192957826e+03,3.860345388067668360e+00
9.917469312838642509e+03,3.860345358324523968e+00
9.917469334484325373e+03,3.860345328583443703e+00
9.917469356130008237e+03,3.860345298844425344e+00
9.917469377775691100e+03,3.860345269107468003e+00
9.917469399421373964e+03,3.860345239372573456e+00
9.917469421067056828e+03,3.860345209639739483e+00
9.917469442712739692e+03,3.860345179908968749e+00
9.917469464358422556e+03,3.860345150180259033e+00
9.917469486004107239e+03,3.860345120453609447e+00
9.917469507649790103e+03,3.860345090729024431e+00
9.917469529295472967e+03,3.860345061006502210e+00
9.917469550941155831e+03,3.860345031286041895e+00
9.917469572586838694e+03,3.860345001567644374e+00
9.917469594232521558e+03,3.860344971851309204e+00
9.917469615878204422e+03,3.860344942137037272e+00
9.917469637523887286e+03,3.860344912424827690e+00
9.917469659169570150e+03,3.860344882714680903e+00
9.917469680815254833e+03,3.860344853006594690e+00
9.917469702460937697e+03,3.860344823300574379e+00
9.917469724106620561e+03,3.860344793596616864e+00
9.917469745752303425e+03,3.860344763894722586e+00
9.917469767397986288e+03,3.860344734194891547e+00
9.917469789043669152e+03,3.860344704497124191e+00
9.917469810689352016e+03,3.860344674801420961e+00
9.917469832335034880e+03,3.860344645107780970e+00
9.917469853980719563e+03,3.860344615416202441e+00
9.917469875626402427e+03,3.860344585726689370e+00
9.917469897272085291e+03,3.860344556039240871e+00
9.917469918917768155e+03,3.860344526353856054e+00
9.917469940563451019e+03,3.860344496670535364e+00
9.917469962209133882e+03,3.860344466989279244e+00
9.917469983854816746e+03,3.860344437310087695e+00
9.917470005500499610e+03,3.860344407632960273e+00
9.917470027146184293e+03,3.860344377957893869e+00
9.917470048791867157e+03,3.860344348284895144e+00
9.917470070437550021e+03,3.860344318613961878e+00
9.917470092083232885e+03,3.860344288945092739e+00
9.917470113728915749e+03,3.860344259278288614e+00
9.917470135374598613e+03,3.860344229613549061e+00
9.917470157020281476e+03,3.860344199950874522e+00
9.917470178665964340e+03,3.860344170290265442e+00
9.917470200311649023e+03,3.860344140631719601e+00
9.917470221957331887e+03,3.860344110975240994e+00
9.917470243603014751e+03,3.860344081320827403e+00
9.917470265248697615e+03,3.860344051668480159e+00
9.917470286894380479e+03,3.860344022018197929e+00
9.917470308540063343e+03,3.860343992369982047e+00
9.917470330185746207e+03,3.860343962723831179e+00
9.917470351831429070e+03,3.860343933079746659e+00
9.917470373477113753e+03,3.860343903437725377e+00
9.917470395122796617e+03,3.860343873797773107e+00
9.917470416768479481e+03,3.860343844159886295e+00
9.917470438414162345e+03,3.860343814524066275e+00
9.917470460059845209e+03,3.860343784890312158e+00
9.917470481705528073e+03,3.860343755258624832e+00
9.917470503351210937e+03,3.860343725629004741e+00
9.917470524996893801e+03,3.860343696001449665e+00
9.917470546642578483e+03,3.860343666375960048e+00
9.917470568288261347e+03,3.860343636752539886e+00
9.917470589933944211e+03,3.860343607131185628e+00
9.917470611579627075e+03,3.860343577511898605e+00
9.917470633225309939e+03,3.860343547894679261e+00
9.917470654870992803e+03,3.860343518279527153e+00
9.917470676516675667e+03,3.860343488666442280e+00
9.917470698162358531e+03,3.860343459055424198e+00
9.917470719808041395e+03,3.860343429446474239e+00
9.917470741453726077e+03,3.860343399839588852e+00
9.917470763099408941e+03,3.860343370234773808e+00
9.917470784745091805e+03,3.860343340632026887e+00
9.917470806390774669e+03,3.860343311031347646e+00
9.917470828036457533e+03,3.860343281432735196e+00
9.917470849682140397e+03,3.860343251836192202e+00
9.917470871327823261e+03,3.860343222241716443e+00
9.917470892973506125e+03,3.860343192649310140e+00
9.917470914619190808e+03,3.860343163058968408e+00
9.917470936264873671e+03,3.860343133470698351e+00
9.917470957910556535e+03,3.860343103884496418e+00
9.917470979556239399e+03,3.860343074300363053e+00
9.917471001201922263e+03,3.860343044718298700e+00
9.917471022847605127e+03,3.860343015138302469e+00
9.917471044493287991e+03,3.860342985560376139e+00
9.917471066138970855e+03,3.860342955984517932e+00
9.917471087784655538e+03,3.860342926410726516e+00
9.917471109430338402e+03,3.860342896839006777e+00
9.917471131076021265e+03,3.860342867269356049e+00
9.917471152721704129e+03,3.860342837701775665e+00
9.917471174367386993e+03,3.860342808136262960e+00
9.917471196013069857e+03,3.860342778572821487e+00
9.917471217658752721e+03,3.860342749011449026e+00
9.917471239304435585e+03,3.860342719452146465e+00
9.917471260950120268e+03,3.860342689894910251e+00
9.917471282595803132e+03,3.860342660339747489e+00
9.917471304241485996e+03,3.860342630786654183e+00
9.917471325887168859e+03,3.860342601235631221e+00
9.917471347532851723e+03,3.860342571686678603e+00
9.917471369178534587e+03,3.860342542139795885e+00
9.917471390824217451e+03,3.860342512594983955e+00
9.917471412469900315e+03,3.860342483052241924e+00
9.917471434115584998e+03,3.860342453511568017e+00
9.917471455761267862e+03,3.860342423972967563e+00
9.917471477406950726e+03,3.860342394436437008e+00
9.917471499052633590e+03,3.860342364901978573e+00
9.917471520698316453e+03,3.860342335369590483e+00
9.917471542343999317e+03,3.860342305839273624e+00
9.917471563989682181e+03,3.860342276311027110e+00
9.917471585635365045e+03,3.860342246784852716e+00
9.917471607281049728e+03,3.860342217260746889e+00
9.917471628926732592e+03,3.860342187738714959e+00
9.917471650572415456e+03,3.860342158218754260e+00
9.917471672218098320e+03,3.860342128700865683e+00
9.917471693863781184e+03,3.860342099185047893e+00
9.917471715509464047e+03,3.860342069671302223e+00
9.917471737155146911e+03,3.860342040159628674e+00
9.917471758800829775e+03,3.860342010650027245e+00
9.917471780446512639e+03,3.860341981142497048e+00
9.917471802092197322e+03,3.860341951637037639e+00
9.917471823737880186e+03,3.860341922133652126e+00
9.917471845383563050e+03,3.860341892632339622e+00
9.917471867029245914e+03,3.860341863133098350e+00
9.917471888674928778e+03,3.860341833635930531e+00
9.917471910320611642e+03,3.860341804140834387e+00
9.917471931966294505e+03,3.860341774647812141e+00
9.917471953611977369e+03,3.860341745156862014e+00
9.917471975257662052e+03,3.860341715667982676e+00
9.917471996903344916e+03,3.860341686181178567e+00
9.917472018549027780e+03,3.860341656696447465e+00
9.917472040194710644e+03,3.860341627213789373e+00
9.917472061840393508e+03,3.860341597733205177e+00
9.917472083486076372e+03,3.860341568254693989e+00
9.917472105131759236e+03,3.860341538778255810e+00
9.917472126777442099e+03,3.860341509303891083e+00
9.917472148423126782e+03,3.860341479831598033e+00
9.917472170068809646e+03,3.860341450361381099e+00
9.917472191714492510e+03,3.860341420893238062e+00
9.917472213360175374e+03,3.860341391427168922e+00
9.917472235005858238e+03,3.860341361963173679e+00
9.917472256651541102e+03,3.860341332501252776e+00
9.917472278297223966e+03,3.860341303041404881e+00
9.917472299942906830e+03,3.860341273583632660e+00
9.917472321588591512e+03,3.860341244127932114e+00
9.917472343234274376e+03,3.860341214674308130e+00
9.917472364879957240e+03,3.860341185222758487e+00
9.917472386525640104e+03,3.860341155773283628e+00
9.917472408171322968e+03,3.860341126325884442e+00
9.917472429817005832e+03,3.860341096880559153e+00
9.917472451462688696e+03,3.860341067437309093e+00
9.917472473108371560e+03,3.860341037996132929e+00
9.917472494754056243e+03,3.860341008557030662e+00
9.917472516399739106e+03,3.860340979120005844e+00
9.917472538045421970e+03,3.860340949685055811e+00
9.917472559691104834e+03,3.860340920252182340e+00
9.917472581336787698e+03,3.860340890821383653e+00
9.917472602982470562e+03,3.860340861392660194e+00
9.917472624628153426e+03,3.860340831966012409e+00
9.917472646273836290e+03,3.860340802541440741e+00
9.917472667919520973e+03,3.860340773118942526e+00
9.917472689565203837e+03,3.860340743698523092e+00
9.917472711210886700e+03,3.860340714280179331e+00
9.917472732856569564e+03,3.860340684863911687e+00
9.917472754502252428e+03,3.860340655449719716e+00
9.917472776147935292e+03,3.860340626037604750e+00
9.917472797793618156e+03,3.860340596627565901e+00
9.917472819439301020e+03,3.860340567219603614e+00
9.917472841084983884e+03,3.860340537813718331e+00
9.917472862730668567e+03,3.860340508409906057e+00
9.917472884376351431e+03,3.860340479008174341e+00
9.917472906022034294e+03,3.860340449608518743e+00
9.917472927667717158e+03,3.860340420210940593e+00
9.917472949313400022e+03,3.860340390815439449e+00
9.917472970959082886e+03,3.860340361422014865e+00
9.917472992604765750e+03,3.860340332030668176e+00
9.917473014250448614e+03,3.860340302641398935e+00
9.917473035896133297e+03,3.860340273254204035e+00
9.917473057541816161e+03,3.860340243869089694e+00
9.917473079187499025e+03,3.860340214486052357e+00
9.917473100833181888e+03,3.860340185105093358e+00
9.917473122478864752e+03,3.860340155726211808e+00
9.917473144124547616e+03,3.860340126349407708e+00
9.917473165770230480e+03,3.860340096974682389e+00
9.917473187415913344e+03,3.860340067602034519e+00
9.917473209061598027e+03,3.860340038231462767e+00
9.917473230707280891e+03,3.860340008862972461e+00
9.917473252352963755e+03,3.860339979496559604e+00
9.917473273998646619e+03,3.860339950132225084e+00
9.917473295644329482e+03,3.860339920769968902e+00
9.917473317290012346e+03,3.860339891409791946e+00
9.917473338935695210e+03,3.860339862051693771e+00
9.917473360581378074e+03,3.860339832695674378e+00
9.917473382227062757e+03,3.860339803341730658e+00
9.917473403872745621e+03,3.860339773989869272e+00
9.917473425518428485e+03,3.860339744640087112e+00
9.917473447164111349e+03,3.860339715292383733e+00
9.917473468809794213e+03,3.860339685946759580e+00
9.917473490455477076e+03,3.860339656603214653e+00
9.917473512101159940e+03,3.860339627261749396e+00
9.917473533746842804e+03,3.860339597922364252e+00
9.917473555392527487e+03,3.860339568585054781e+00
9.917473577038210351e+03,3.860339539249829421e+00
9.917473598683893215e+03,3.860339509916682399e+00
9.917473620329576079e+03,3.860339480585616379e+00
9.917473641975258943e+03,3.860339451256630028e+00
9.917473663620941807e+03,3.860339421929722903e+00
9.917473685266624670e+03,3.860339392604896780e+00
9.917473706912307534e+03,3.860339363282151215e+00
9.917473728557992217e+03,3.860339333961483099e+00
9.917473750203675081e+03,3.860339304642898650e+00
9.917473771849357945e+03,3.860339275326393871e+00
9.917473793495040809e+03,3.860339246011969649e+00
9.917473815140723673e+03,3.860339216699626874e+00
9.917473836786406537e+03,3.860339187389365101e+00
9.917473858432089401e+03,3.860339158081183886e+00
9.917473880077772264e+03,3.860339128775083672e+00
9.917473901723456947e+03,3.860339099471062685e+00
9.917473923369139811e+03,3.860339070169124476e+00
9.917473945014822675e+03,3.860339040869268157e+00
9.917473966660505539e+03,3.860339011571493284e+00
9.917473988306188403e+03,3.860338982275798969e+00
9.917474009951871267e+03,3.860338952982186989e+00
9.917474031597554131e+03,3.860338923690657342e+00
9.917474053243236995e+03,3.860338894401209142e+00
9.917474074888919858e+03,3.860338865113841944e+00
9.917474096534604541e+03,3.860338835828555304e+00
9.917474118180287405e+03,3.860338806545352330e+00
9.917474139825970269e+03,3.860338777264232135e+00
9.917474161471653133e+03,3.860338747985193830e+00
9.917474183117335997e+03,3.860338718708237415e+00
9.917474204763018861e+03,3.860338689433364223e+00
9.917474226408701725e+03,3.860338660160573365e+00
9.917474248054384589e+03,3.860338630889865730e+00
9.917474269700069271e+03,3.860338601621236876e+00
9.917474291345752135e+03,3.860338572354693909e+00
9.917474312991434999e+03,3.860338543090234609e+00
9.917474334637117863e+03,3.860338513827857199e+00
9.917474356282800727e+03,3.860338484567563455e+00
9.917474377928483591e+03,3.860338455309352490e+00
9.917474399574166455e+03,3.860338426053225191e+00
9.917474421219849319e+03,3.860338396799180671e+00
9.917474442865534002e+03,3.860338367547218485e+00
9.917474464511216866e+03,3.860338338297341298e+00
9.917474486156899729e+03,3.860338309049547778e+00
9.917474507802582593e+03,3.860338279803837480e+00
9.917474529448265457e+03,3.860338250560212181e+00
9.917474551093948321e+03,3.860338221318669660e+00
9.917474572739631185e+03,3.860338192079211694e+00
9.917474594385314049e+03,3.860338162841837839e+00
9.917474616030998732e+03,3.860338133606545430e+00
9.917474637676681596e+03,3.860338104373339352e+00
9.917474659322364460e+03,3.860338075142218273e+00
9.917474680968047323e+03,3.860338045913182192e+00
9.917474702613730187e+03,3.860338016686229778e+00
9.917474724259413051e+03,3.860337987461361919e+00
9.917474745905095915e+03,3.860337958238579503e+00
9.917474767550778779e+03,3.860337929017881642e+00
9.917474789196463462e+03,3.860337899799265671e+00
9.917474810842146326e+03,3.860337870582737807e+00
9.917474832487829190e+03,3.860337841368294054e+00
9.917474854133512054e+03,3.860337812155937076e+00
9.917474875779194917e+03,3.860337782945664209e+00
9.917474897424877781e+03,3.860337753737477229e+00
9.917474919070560645e+03,3.860337724531375247e+00
9.917474940716243509e+03,3.860337695327359597e+00
9.917474962361928192e+03,3.860337666125426725e+00
9.917474984007611056e+03,3.860337636925581961e+00
9.917475005653293920e+03,3.860337607727823084e+00
9.917475027298976784e+03,3.860337578532150093e+00
9.917475048944659648e+03,3.860337549338562990e+00
9.917475070590342511e+03,3.860337520147062218e+00
9.917475092236025375e+03,3.860337490957647777e+00
9.917475113881708239e+03,3.860337461770319667e+00
9.917475135527391103e+03,3.860337432585077444e+00
9.917475157173075786e+03,3.860337403401920220e+00
9.917475178818758650e+03,3.860337374220850659e+00
9.917475200464441514e+03,3.860337345041869206e+00
9.917475222110124378e+03,3.860337315864973196e+00
9.917475243755807242e+03,3.860337286690164849e+00
9.917475265401490105e+03,3.860337257517442833e+00
9.917475287047172969e+03,3.860337228346808924e+00
9.917475308692855833e+03,3.860337199178261347e+00
9.917475330338540516e+03,3.860337170011798325e+00
9.917475351984223380e+03,3.860337140847425630e+00
9.917475373629906244e+03,3.860337111685140155e+00
9.917475395275589108e+03,3.860337082524942343e+00
9.917475416921271972e+03,3.860337053366831750e+00
9.917475438566954836e+03,3.860337024210808377e+00
9.917475460212637699e+03,3.860336995056873999e+00
9.917475481858320563e+03,3.860336965905026396e+00
9.917475503504005246e+03,3.860336936755265125e+00
9.917475525149688110e+03,3.860336907607593737e+00
9.917475546795370974e+03,3.860336878462010901e+00
9.917475568441053838e+03,3.860336849318516173e+00
9.917475590086736702e+03,3.860336820177109551e+00
9.917475611732419566e+03,3.860336791037791482e+00
9.917475633378102430e+03,3.860336761900561520e+00
9.917475655023785293e+03,3.860336732765421441e+00
9.917475676669469976e+03,3.860336703632366362e+00
9.917475698315152840e+03,3.860336674501402943e+00
9.917475719960835704e+03,3.860336645372528075e+00
9.917475741606518568e+03,3.860336616245743091e+00
9.917475763252201432e+03,3.860336587121045770e+00
9.917475784897884296e+03,3.860336557998438334e+00
9.917475806543567160e+03,3.860336528877920781e+00
9.917475828189250024e+03,3.860336499759491780e+00
9.917475849834934706e+03,3.860336470643149998e+00
9.917475871480617570e+03,3.860336441528899876e+00
9.917475893126300434e+03,3.860336412416739638e+00
9.917475914771983298e+03,3.860336383306668839e+00
9.917475936417666162e+03,3.860336354198688369e+00
9.917475958063349026e+03,3.860336325092797338e+00
9.917475979709031890e+03,3.860336295988996191e+00
9.917476001354714754e+03,3.860336266887285372e+00
9.917476023000399437e+03,3.860336237787661773e+00
9.917476044646082300e+03,3.860336208690131610e+00
9.917476066291765164e+03,3.860336179594691774e+00
9.917476087937448028e+03,3.860336150501341379e+00
9.917476109583130892e+03,3.860336121410082644e+00
9.917476131228813756e+03,3.860336092320914236e+00
9.917476152874496620e+03,3.860336063233836601e+00
9.917476174520179484e+03,3.860336034148849294e+00
9.917476196165862348e+03,3.860336005065952314e+00
9.917476217811547031e+03,3.860335975985145662e+00
9.917476239457229894e+03,3.860335946906430671e+00
9.917476261102912758e+03,3.860335917829808228e+00
9.917476282748595622e+03,3.860335888755276113e+00
9.917476304394278486e+03,3.860335859682836546e+00
9.917476326039961350e+03,3.860335830612487307e+00
9.917476347685644214e+03,3.860335801544230172e+00
9.917476369331327078e+03,3.860335772478063809e+00
9.917476390977011761e+03,3.860335743413987775e+00
9.917476412622694625e+03,3.860335714352005176e+00
9.917476434268377488e+03,3.860335685292115571e+00
9.917476455914060352e+03,3.860335656234317181e+00
9.917476477559743216e+03,3.860335627178610007e+00
9.917476499205426080e+03,3.860335598124996270e+00
9.917476520851108944e+03,3.860335569073474637e+00
9.917476542496791808e+03,3.860335540024045553e+00
9.917476564142476491e+03,3.860335510976705908e+00
9.917476585788159355e+03,3.860335481931461921e+00
9.917476607433842219e+03,3.860335452888309149e+00
9.917476629079525082e+03,3.860335423847250702e+00
9.917476650725207946e+03,3.860335394808284359e+00
9.917476672370890810e+03,3.860335365771411009e+00
9.917476694016573674e+03,3.860335336736631096e+00
9.917476715662256538e+03,3.860335307703942842e+00
9.917476737307941221e+03,3.860335278673346249e+00
9.917476758953624085e+03,3.860335249644845756e+00
9.917476780599306949e+03,3.860335220618438701e+00
9.917476802244989813e+03,3.860335191594125082e+00
9.917476823890672676e+03,3.860335162571904455e+00
9.917476845536355540e+03,3.860335133551777709e+00
9.917476867182038404e+03,3.860335104533743955e+00
9.917476888827721268e+03,3.860335075517805414e+00
9.917476910473405951e+03,3.860335046503956757e+00
9.917476932119088815e+03,3.860335017492205978e+00
9.917476953764771679e+03,3.860334988482549079e+00
9.917476975410454543e+03,3.860334959474985173e+00
9.917476997056137407e+03,3.860334930469517367e+00
9.917477018701820271e+03,3.860334901466142110e+00
9.917477040347503134e+03,3.860334872464862954e+00
9.917477061993185998e+03,3.860334843465677679e+00
9.917477083638870681e+03,3.860334814468584508e+00
9.917477105284553545e+03,3.860334785473588770e+00
9.917477126930236409e+03,3.860334756480686913e+00
9.917477148575919273e+03,3.860334727489880713e+00
9.917477170221602137e+03,3.860334698501169282e+00
9.917477191867285001e+03,3.860334669514553951e+00
9.917477213512967865e+03,3.860334640530032946e+00
9.917477235158650728e+03,3.860334611547607153e+00
9.917477256804333592e+03,3.860334582567277018e+00
9.917477278450018275e+03,3.860334553589039430e+00
9.917477300095701139e+03,3.860334524612900609e+00
9.917477321741384003e+03,3.860334495638856556e+00
9.917477343387066867e+03,3.860334466666909048e+00
9.917477365032749731e+03,3.860334437697057197e+00
9.917477386678432595e+03,3.860334408729301003e+00
9.917477408324115459e+03,3.860334379763641355e+00
9.917477429969798322e+03,3.860334350800076919e+00
9.917477451615483005e+03,3.860334321838607252e+00
9.917477473261165869e+03,3.860334292879235019e+00
9.917477494906848733e+03,3.860334263921960662e+00
9.917477516552531597e+03,3.860334234966781963e+00
9.917477538198214461e+03,3.860334206013699809e+00
9.917477559843897325e+03,3.860334177062715089e+00
9.917477581489580189e+03,3.860334148113826025e+00
9.917477603135263053e+03,3.860334119167033951e+00
9.917477624780947735e+03,3.860334090222337089e+00
9.917477646426630599e+03,3.860334061279739437e+00
9.917477668072313463e+03,3.860334032339238775e+00
9.917477689717996327e+03,3.860334003400835101e+00
9.917477711363679191e+03,3.860333974464529305e+00
9.917477733009362055e+03,3.860333945530320054e+00
9.917477754655044919e+03,3.860333916598209125e+00
9.917477776300727783e+03,3.860333887668194741e+00
9.917477797946412466e+03,3.860333858740276014e+00
9.917477819592095329e+03,3.860333829814458273e+00
9.917477841237778193e+03,3.860333800890737965e+00
9.917477862883461057e+03,3.860333771969114647e+00
9.917477884529143921e+03,3.860333743049590982e+00
9.917477906174826785e+03,3.860333714132164307e+00
9.917477927820509649e+03,3.860333685216835953e+00
9.917477949466192513e+03,3.860333656303605920e+00
9.917477971111877196e+03,3.860333627392472433e+00
9.917477992757560060e+03,3.860333598483439488e+00
9.917478014403242923e+03,3.860333569576504864e+00
9.917478036048925787e+03,3.860333540671668562e+00
9.917478057694608651e+03,3.860333511768931469e+00
9.917478079340291515e+03,3.860333482868293586e+00
9.917478100985974379e+03,3.860333453969754469e+00
9.917478122631657243e+03,3.860333425073314118e+00
9.917478144277341926e+03,3.860333396178970755e+00
9.917478165923024790e+03,3.860333367286729267e+00
9.917478187568707654e+03,3.860333338396586544e+00
9.917478209214390517e+03,3.860333309508543032e+00
9.917478230860073381e+03,3.860333280622599617e+00
9.917478252505756245e+03,3.860333251738755411e+00
9.917478274151439109e+03,3.860333222857010860e+00
9.917478295797121973e+03,3.860333193977365518e+00
9.917478317442804837e+03,3.860333165099821162e+00
9.917478339088489520e+03,3.860333136224374240e+00
9.917478360734172384e+03,3.860333107351028747e+00
9.917478382379855248e+03,3.860333078479784241e+00
9.917478404025538111e+03,3.860333049610639389e+00
9.917478425671220975e+03,3.860333020743595966e+00
9.917478447316903839e+03,3.860332991878652198e+00
9.917478468962586703e+03,3.860332963015808083e+00
9.917478490608269567e+03,3.860332934155065843e+00
9.917478512253954250e+03,3.860332905296421036e+00
9.917478533899637114e+03,3.860332876439879879e+00
9.917478555545319978e+03,3.860332847585439264e+00
9.917478577191002842e+03,3.860332818733099192e+00
9.917478598836685705e+03,3.860332789882861437e+00
9.917478620482368569e+03,3.860332761034723781e+00
9.917478642128051433e+03,3.860332732188687554e+00
9.917478663773734297e+03,3.860332703344752758e+00
9.917478685419418980e+03,3.860332674502917172e+00
9.917478707065101844e+03,3.860332645663184792e+00
9.917478728710784708e+03,3.860332616825554286e+00
9.917478750356467572e+03,3.860332587990025210e+00
9.917478772002150436e+03,3.860332559156598897e+00
9.917478793647833299e+03,3.860332530325273126e+00
9.917478815293516163e+03,3.860332501496050117e+00
9.917478836939199027e+03,3.860332472668928538e+00
9.917478858584883710e+03,3.860332443843907502e+00
9.917478880230566574e+03,3.860332415020991004e+00
9.917478901876249438e+03,3.860332386200176380e+00
9.917478923521932302e+03,3.860332357381464075e+00
9.917478945167615166e+03,3.860332328564854532e+00
9.917478966813298030e+03,3.860332299750347751e+00
9.917478988458980893e+03,3.860332270937943289e+00
9.917479010104663757e+03,3.860332242127641145e+00
9.917479031750348440e+03,3.860332213319439987e+00
9.917479053396031304e+03,3.860332184513343812e+00
9.917479075041714168e+03,3.860332155709351287e+00
9.917479096687397032e+03,3.860332126907461969e+00
9.917479118333079896e+03,3.860332098107675414e+00
9.917479139978762760e+03,3.860332069309992065e+00
9.917479161624445624e+03,3.860332040514412810e+00
9.917479183270128487e+03,3.860332011720936318e+00
9.917479204915813170e+03,3.860331982929561256e+00
9.917479226561496034e+03,3.860331954140291622e+00
9.917479248207178898e+03,3.860331925353126969e+00
9.917479269852861762e+03,3.860331896568065524e+00
9.917479291498544626e+03,3.860331867785107729e+00
9.917479313144227490e+03,3.860331839004254029e+00
9.917479334789910354e+03,3.860331810225505755e+00
9.917479356435593218e+03,3.860331781448860244e+00
9.917479378081276082e+03,3.860331752674319716e+00
9.917479399726960764e+03,3.860331723901880174e+00
9.917479421372643628e+03,3.860331695131548724e+00
9.917479443018326492e+03,3.860331666363321368e+00
9.917479464664009356e+03,3.860331637597198551e+00
9.917479486309692220e+03,3.860331608833180272e+00
9.917479507955375084e+03,3.860331580071267421e+00
9.917479529601057948e+03,3.860331551311459108e+00
9.917479551246740812e+03,3.860331522553756223e+00
9.917479572892425495e+03,3.860331493798156099e+00
9.917479594538108358e+03,3.860331465044662735e+00
9.917479616183791222e+03,3.860331436293275686e+00
9.917479637829474086e+03,3.860331407543993176e+00
9.917479659475156950e+03,3.860331378796816981e+00
9.917479681120839814e+03,3.860331350051745769e+00
9.917479702766522678e+03,3.860331321308780872e+00
9.917479724412205542e+03,3.860331292567920514e+00
9.917479746057890225e+03,3.860331263829164694e+00
9.917479767703573089e+03,3.860331235092516522e+00
9.917479789349255952e+03,3.860331206357975109e+00
9.917479810994938816e+03,3.860331177625540011e+00
9.917479832640621680e+03,3.860331148895210340e+00
9.917479854286304544e+03,3.860331120166986985e+00
9.917479875931987408e+03,3.860331091440870388e+00
9.917479897577670272e+03,3.860331062716859662e+00
9.917479919223354955e+03,3.860331033994953920e+00
9.917479940869037819e+03,3.860331005275157157e+00
9.917479962514720683e+03,3.860330976557465821e+00
9.917479984160403546e+03,3.860330947841882576e+00
9.917480005806086410e+03,3.860330919128405647e+00
9.917480027451769274e+03,3.860330890417036809e+00
9.917480049097452138e+03,3.860330861707773842e+00
9.917480070743135002e+03,3.860330833000619410e+00
9.917480092388819685e+03,3.860330804295568630e+00
9.917480114034502549e+03,3.860330775592628605e+00
9.917480135680185413e+03,3.860330746891795339e+00
9.917480157325868277e+03,3.860330718193070165e+00
9.917480178971551140e+03,3.860330689496452194e+00
9.917480200617234004e+03,3.860330660801942315e+00
9.917480222262916868e+03,3.860330632109539639e+00
9.917480243908599732e+03,3.860330603419245055e+00
9.917480265554284415e+03,3.860330574731057229e+00
9.917480287199967279e+03,3.860330546044978384e+00
9.917480308845650143e+03,3.860330517361008518e+00
9.917480330491333007e+03,3.860330488679147187e+00
9.917480352137015871e+03,3.860330459999393504e+00
9.917480373782698734e+03,3.860330431321748801e+00
9.917480395428381598e+03,3.860330402646212189e+00
9.917480417074064462e+03,3.860330373972785001e+00
9.917480438719747326e+03,3.860330345301465904e+00
9.917480460365432009e+03,3.860330316632253123e+00
9.917480482011114873e+03,3.860330287965152429e+00
9.917480503656797737e+03,3.860330259300159828e+00
9.917480525302480601e+03,3.860330230637277094e+00
9.917480546948163465e+03,3.860330201976503339e+00
9.917480568593846328e+03,3.860330173317839453e+00
9.917480590239529192e+03,3.860330144661283658e+00
9.917480611885212056e+03,3.860330116006838175e+00
9.917480633530896739e+03,3.860330087354499895e+00
9.917480655176579603e+03,3.860330058704273259e+00
9.917480676822262467e+03,3.860330030056156936e+00
9.917480698467945331e+03,3.860330001410150036e+00
9.917480720113628195e+03,3.860329972766252116e+00
9.917480741759311059e+03,3.860329944124465840e+00
9.917480763404993922e+03,3.860329915484788543e+00
9.917480785050676786e+03,3.860329886847222003e+00
9.917480806696361469e+03,3.860329858211763554e+00
9.917480828342044333e+03,3.860329829578417193e+00
9.917480849987727197e+03,3.860329800947182033e+00
9.917480871633410061e+03,3.860329772318056740e+00
9.917480893279092925e+03,3.860329743691042204e+00
9.917480914924775789e+03,3.860329715066138423e+00
9.917480936570458653e+03,3.860329686443345842e+00
9.917480958216141516e+03,3.860329657822663574e+00
9.917480979861826199e+03,3.860329629204090729e+00
9.917481001507509063e+03,3.860329600587630861e+00
9.917481023153191927e+03,3.860329571973281748e+00
9.917481044798874791e+03,3.860329543361044724e+00
9.917481066444557655e+03,3.860329514750918900e+00
9.917481088090240519e+03,3.860329486142903832e+00
9.917481109735923383e+03,3.860329457537001296e+00
9.917481131381606247e+03,3.860329428933209517e+00
9.917481153027290929e+03,3.860329400331527161e+00
9.917481174672973793e+03,3.860329371731959114e+00
9.917481196318656657e+03,3.860329343134503155e+00
9.917481217964339521e+03,3.860329314539159284e+00
9.917481239610022385e+03,3.860329285945927502e+00
9.917481261255705249e+03,3.860329257354808252e+00
9.917481282901388113e+03,3.860329228765800202e+00
9.917481304547070977e+03,3.860329200178905129e+00
9.917481326192755660e+03,3.860329171594120368e+00
9.917481347838438523e+03,3.860329143011450803e+00
9.917481369484121387e+03,3.860329114430893327e+00
9.917481391129804251e+03,3.860329085852448383e+00
9.917481412775487115e+03,3.860329057276116416e+00
9.917481434421169979e+03,3.860329028701897425e+00
9.917481456066852843e+03,3.860329000129790966e+00
9.917481477712535707e+03,3.860328971559798372e+00
9.917481499358220390e+03,3.860328942991915646e+00
9.917481521003903254e+03,3.860328914426149893e+00
9.917481542649586117e+03,3.860328885862496229e+00
9.917481564295268981e+03,3.860328857300956873e+00
9.917481585940951845e+03,3.860328828741530049e+00
9.917481607586634709e+03,3.860328800184217535e+00
9.917481629232317573e+03,3.860328771629017997e+00
9.917481650878000437e+03,3.860328743075933211e+00
9.917481672523683301e+03,3.860328714524961846e+00
9.917481694169367984e+03,3.860328685976102570e+00
9.917481715815050848e+03,3.860328657429359378e+00
9.917481737460733711e+03,3.860328628884730051e+00
9.917481759106416575e+03,3.860328600342215033e+00
9.917481780752099439e+03,3.860328571801814768e+00
9.917481802397782303e+03,3.860328543263529255e+00
9.917481824043465167e+03,3.860328514727357163e+00
9.917481845689148031e+03,3.860328486193300268e+00
9.917481867334832714e+03,3.860328457661355461e+00
9.917481888980515578e+03,3.860328429131527628e+00
9.917481910626198442e+03,3.860328400603815435e+00
9.917481932271881305e+03,3.860328372078217551e+00
9.917481953917564169e+03,3.860328343554735309e+00
9.917481975563247033e+03,3.860328315033368263e+00
9.917481997208929897e+03,3.860328286514115970e+00
9.917482018854612761e+03,3.860328257996978873e+00
9.917482040500297444e+03,3.860328229481955642e+00
9.917482062145980308e+03,3.860328200969049384e+00
9.917482083791663172e+03,3.860328172458259210e+00
9.917482105437346036e+03,3.860328143949584678e+00
9.917482127083028900e+03,3.860328115443025343e+00
9.917482148728711763e+03,3.860328086938582537e+00
9.917482170374394627e+03,3.860328058436255816e+00
9.917482192020077491e+03,3.860328029936044292e+00
9.917482213665762174e+03,3.860328001437947520e+00
9.917482235311445038e+03,3.860327972941968611e+00
9.917482256957127902e+03,3.860327944448106230e+00
9.917482278602810766e+03,3.860327915956360822e+00
9.917482300248493630e+03,3.860327887466730612e+00
9.917482321894176494e+03,3.860327858979218263e+00
9.917482343539859357e+03,3.860327830493821555e+00
9.917482365185542221e+03,3.860327802010542708e+00
9.917482386831226904e+03,3.860327773529377726e+00
9.917482408476909768e+03,3.860327745050332382e+00
9.917482430122592632e+03,3.860327716573403123e+00
9.917482451768275496e+03,3.860327688098591725e+00
9.917482473413958360e+03,3.860327659625897745e+00
9.917482495059641224e+03,3.860327631155320738e+00
9.917482516705324088e+03,3.860327602686861592e+00
9.917482538351006951e+03,3.860327574220519420e+00
9.917482559996691634e+03,3.860327545756292000e+00
9.917482581642374498e+03,3.860327517294185107e+00
9.917482603288057362e+03,3.860327488834196075e+00
9.917482624933740226e+03,3.860327460376325348e+00
9.917482646579423090e+03,3.860327431920572039e+00
9.917482668225105954e+03,3.860327403466936147e+00
9.917482689870788818e+03,3.860327375015419449e+00
9.917482711516471682e+03,3.860327346566021056e+00
9.917482733162154545e+03,3.860327318118739637e+00
9.917482754807839228e+03,3.860327289673575635e+00
9.917482776453522092e+03,3.860327261230531271e+00
9.917482798099204956e+03,3.860327232789606544e+00
9.917482819744887820e+03,3.860327204350799679e+00
9.917482841390570684e+03,3.860327175914112008e+00
9.917482863036253548e+03,3.860327147479542642e+00
9.917482884681936412e+03,3.860327119047092470e+00
9.917482906327619276e+03,3.860327090616761936e+00
9.917482927973303958e+03,3.860327062188547487e+00
9.917482949618986822e+03,3.860327033762454452e+00
9.917482971264669686e+03,3.860327005338481055e+00
9.917482992910352550e+03,3.860326976916626851e+00
9.917483014556035414e+03,3.860326948496891841e+00
9.917483036201718278e+03,3.860326920079276913e+00
9.917483057847401142e+03,3.860326891663781179e+00
9.917483079493084006e+03,3.860326863250405527e+00
9.917483101138768689e+03,3.860326834839146848e+00
9.917483122784451552e+03,3.860326806430011359e+00
9.917483144430134416e+03,3.860326778022994176e+00
9.917483166075817280e+03,3.860326749618098852e+00
9.917483187721500144e+03,3.860326721215322276e+00
9.917483209367183008e+03,3.860326692814667116e+00
9.917483231012865872e+03,3.860326664416131592e+00
9.917483252658548736e+03,3.860326636019717039e+00
9.917483274304233419e+03,3.860326607625420792e+00
9.917483295949916283e+03,3.860326579233246846e+00
9.917483317595599146e+03,3.860326550843194315e+00
9.917483339241282010e+03,3.860326522455262310e+00
9.917483360886964874e+03,3.860326494069450831e+00
9.917483382532647738e+03,3.860326465685760766e+00
9.917483404178330602e+03,3.860326437304191227e+00
9.917483425824013466e+03,3.860326408924743102e+00
9.917483447469698149e+03,3.860326380547413727e+00
9.917483469115381013e+03,3.860326352172208431e+00
9.917483490761063877e+03,3.860326323799124548e+00
9.917483512406746740e+03,3.860326295428162080e+00
9.917483534052429604e+03,3.860326267059321026e+00
9.917483555698112468e+03,3.860326238692601830e+00
9.917483577343795332e+03,3.860326210328004493e+00
9.917483598989478196e+03,3.860326181965529013e+00
9.917483620635162879e+03,3.860326153605173616e+00
9.917483642280845743e+03,3.860326125246941853e+00
9.917483663926528607e+03,3.860326096890832392e+00
9.917483685572211471e+03,3.860326068536845234e+00
9.917483707217894334e+03,3.860326040184980378e+00
9.917483728863577198e+03,3.860326011835237825e+00
9.917483750509260062e+03,3.860325983487618018e+00
9.917483772154942926e+03,3.860325955142120513e+00
9.917483793800625790e+03,3.860325926798745755e+00
9.917483815446310473e+03,3.860325898457491967e+00
9.917483837091993337e+03,3.860325870118362257e+00
9.917483858737676201e+03,3.860325841781356626e+00
9.917483880383359065e+03,3.860325813446472853e+00
9.917483902029041928e+03,3.860325785113713604e+00
9.917483923674724792e+03,3.860325756783077100e+00
9.917483945320407656e+03,3.860325728454563787e+00
9.917483966966090520e+03,3.860325700128173221e+00
9.917483988611775203e+03,3.860325671803904513e+00
9.917484010257458067e+03,3.860325643481761215e+00
9.917484031903140931e+03,3.860325615161741997e+00
9.917484053548823795e+03,3.860325586843846857e+00
9.917484075194506659e+03,3.860325558528074907e+00
9.917484096840189522e+03,3.860325530214427481e+00
9.917484118485872386e+03,3.860325501902903245e+00
9.917484140131555250e+03,3.860325473593503975e+00
9.917484161777239933e+03,3.860325445286225676e+00
9.917484183422922797e+03,3.860325416981075008e+00
9.917484205068605661e+03,3.860325388678048419e+00
9.917484226714288525e+03,3.860325360377145909e+00
9.917484248359971389e+03,3.860325332078367921e+00
9.917484270005654253e+03,3.860325303781714901e+00
9.917484291651337116e+03,3.860325275487186403e+00
9.917484313297019980e+03,3.860325247194783316e+00
9.917484334942704663e+03,3.860325218904502087e+00
9.917484356588387527e+03,3.860325190616348046e+00
9.917484378234070391e+03,3.860325162330319859e+00
9.917484399879753255e+03,3.860325134046416640e+00
9.917484421525436119e+03,3.860325105764638387e+00
9.917484443171118983e+03,3.860325077484985545e+00
9.917484464816801847e+03,3.860325049207458115e+00
9.917484486462484711e+03,3.860325020932056095e+00
9.917484508108169393e+03,3.860324992658777710e+00
9.917484529753852257e+03,3.860324964387627400e+00
9.917484551399535121e+03,3.860324936118602945e+00
9.917484573045217985e+03,3.860324907851704346e+00
9.917484594690900849e+03,3.860324879586931157e+00
9.917484616336583713e+03,3.860324851324284712e+00
9.917484637982266577e+03,3.860324823063763677e+00
9.917484659627949441e+03,3.860324794805369386e+00
9.917484681273634123e+03,3.860324766549099174e+00
9.917484702919316987e+03,3.860324738294957925e+00
9.917484724564999851e+03,3.860324710042942975e+00
9.917484746210682715e+03,3.860324681793054769e+00
9.917484767856365579e+03,3.860324653545293305e+00
9.917484789502048443e+03,3.860324625299658141e+00
9.917484811147731307e+03,3.860324597056150164e+00
9.917484832793414171e+03,3.860324568814768931e+00
9.917484854439097035e+03,3.860324540575515329e+00
9.917484876084781718e+03,3.860324512338385361e+00
9.917484897730464581e+03,3.860324484103386133e+00
9.917484919376147445e+03,3.860324455870513649e+00
9.917484941021830309e+03,3.860324427639768796e+00
9.917484962667513173e+03,3.860324399411151131e+00
9.917484984313196037e+03,3.860324371184661540e+00
9.917485005958878901e+03,3.860324342960299138e+00
9.917485027604561765e+03,3.860324314738064810e+00
9.917485049250246448e+03,3.860324286517955450e+00
9.917485070895929312e+03,3.860324258299977274e+00
9.917485092541612175e+03,3.860324230084126729e+00
9.917485114187295039e+03,3.860324201870403815e+00
9.917485135832977903e+03,3.860324173658809421e+00
9.917485157478660767e+03,3.860324145449344435e+00
9.917485179124343631e+03,3.860324117242006636e+00
9.917485200770026495e+03,3.860324089036796913e+00
9.917485222415711178e+03,3.860324060833714821e+00
9.917485244061394042e+03,3.860324032632762581e+00
9.917485265707076906e+03,3.860324004433939304e+00
9.917485287352759769e+03,3.860323976237245436e+00
9.917485308998442633e+03,3.860323948042679643e+00
9.917485330644125497e+03,3.860323919850243701e+00
9.917485352289808361e+03,3.860323891659936280e+00
9.917485373935491225e+03,3.860323863471757821e+00
9.917485395581175908e+03,3.860323835285706551e+00
9.917485417226858772e+03,3.860323807101787352e+00
9.917485438872541636e+03,3.860323778919997562e+00
9.917485460518224500e+03,3.860323750740336290e+00
9.917485482163907363e+03,3.860323722562806203e+00
9.917485503809590227e+03,3.860323694387404636e+00
9.917485525455273091e+03,3.860323666214133365e+00
9.917485547100955955e+03,3.860323638042991945e+00
9.917485568746640638e+03,3.860323609873978157e+00
9.917485590392323502e+03,3.860323581707096885e+00
9.917485612038006366e+03,3.860323553542345909e+00
9.917485633683689230e+03,3.860323525379724785e+00
9.917485655329372094e+03,3.860323497219234845e+00
9.917485676975054957e+03,3.860323469060873869e+00
9.917485698620737821e+03,3.860323440904644965e+00
9.917485720266420685e+03,3.860323412750545913e+00
9.917485741912105368e+03,3.860323384598574936e+00
9.917485763557788232e+03,3.860323356448737364e+00
9.917485785203471096e+03,3.860323328301030976e+00
9.917485806849153960e+03,3.860323300155454884e+00
9.917485828494836824e+03,3.860323272012009976e+00
9.917485850140519688e+03,3.860323243870696697e+00
9.917485871786202551e+03,3.860323215731514157e+00
9.917485893431885415e+03,3.860323187594463246e+00
9.917485915077568279e+03,3.860323159459543962e+00
9.917485936723252962e+03,3.860323131326753199e+00
9.917485958368935826e+03,3.860323103196096728e+00
9.917485980014618690e+03,3.860323075067572329e+00
9.917486001660301554e+03,3.860323046941179115e+00
9.917486023305984418e+03,3.860323018816918417e+00
9.917486044951667282e+03,3.860322990694788459e+00
9.917486066597350145e+03,3.860322962574791905e+00
9.917486088243033009e+03,3.860322934456926092e+00
9.917486109888717692e+03,3.860322906341191018e+00
9.917486131534400556e+03,3.860322878227590238e+00
9.917486153180083420e+03,3.860322850116121973e+00
9.917486174825766284e+03,3.860322822006786669e+00
9.917486196471449148e+03,3.860322793899583438e+00
9.917486218117132012e+03,3.860322765794512723e+00
9.917486239762814876e+03,3.860322737691574968e+00
9.917486261408497739e+03,3.860322709590770174e+00
9.917486283054182422e+03,3.860322681492095676e+00
9.917486304699865286e+03,3.860322653395556802e+00
9.917486326345548150e+03,3.860322625301150445e+00
9.917486347991231014e+03,3.860322597208877937e+00
9.917486369636913878e+03,3.860322569118738389e+00
9.917486391282596742e+03,3.860322541030731358e+00
9.917486412928279606e+03,3.860322512944859064e+00
9.917486434573962470e+03,3.860322484861119730e+00
9.917486456219647152e+03,3.860322456779512024e+00
9.917486477865330016e+03,3.860322428700040387e+00
9.917486499511012880e+03,3.860322400622702155e+00
9.917486521156695744e+03,3.860322372547498215e+00
9.917486542802378608e+03,3.860322344474427680e+00
9.917486564448061472e+03,3.860322316403491438e+00
9.917486586093744336e+03,3.860322288334689933e+00
9.917486607739427200e+03,3.860322260268022276e+00
9.917486629385111883e+03,3.860322232203486248e+00
9.917486651030794746e+03,3.860322204141087621e+00
9.917486672676477610e+03,3.860322176080822398e+00
9.917486694322160474e+03,3.860322148022692357e+00
9.917486715967843338e+03,3.860322119966697496e+00
9.917486737613526202e+03,3.860322091912836928e+00
9.917486759259209066e+03,3.860322063861111541e+00
9.917486780904891930e+03,3.860322035811520891e+00
9.917486802550576613e+03,3.860322007764063201e+00
9.917486824196259477e+03,3.860321979718742913e+00
9.917486845841942340e+03,3.860321951675557806e+00
9.917486867487625204e+03,3.860321923634507879e+00
9.917486889133308068e+03,3.860321895595593578e+00
9.917486910778990932e+03,3.860321867558814013e+00
9.917486932424673796e+03,3.860321839524170962e+00
9.917486954070356660e+03,3.860321811491663091e+00
9.917486975716039524e+03,3.860321783461290845e+00
9.917486997361724207e+03,3.860321755433052449e+00
9.917487019007407071e+03,3.860321727406951453e+00
9.917487040653089934e+03,3.860321699382987415e+00
9.917487062298772798e+03,3.860321671361159446e+00
9.917487083944455662e+03,3.860321643341467102e+00
9.917487105590138526e+03,3.860321615323912159e+00
9.917487127235821390e+03,3.860321587308492841e+00
9.917487148881504254e+03,3.860321559295209148e+00
9.917487170527188937e+03,3.860321531284061081e+00
9.917487192172871801e+03,3.860321503275051302e+00
9.917487213818554665e+03,3.860321475268178482e+00
9.917487235464237529e+03,3.860321447263442174e+00
9.917487257109920392e+03,3.860321419260842823e+00
9.917487278755603256e+03,3.860321391260380430e+00
9.917487300401286120e+03,3.860321363262054550e+00
9.917487322046968984e+03,3.860321335265866960e+00
9.917487343692653667e+03,3.860321307271813662e+00
9.917487365338336531e+03,3.860321279279900430e+00
9.917487386984019395e+03,3.860321251290124600e+00
9.917487408629702259e+03,3.860321223302485727e+00
9.917487430275385123e+03,3.860321195316984255e+00
9.917487451921067986e+03,3.860321167333621517e+00
9.917487473566750850e+03,3.860321139352395292e+00
9.917487495212433714e+03,3.860321111373307801e+00
9.917487516858118397e+03,3.860321083396356379e+00
9.917487538503801261e+03,3.860321055421544578e+00
9.917487560149484125e+03,3.860321027448871067e+00
9.917487581795166989e+03,3.860320999478335846e+00
9.917487603440849853e+03,3.860320971509938470e+00
9.917487625086532717e+03,3.860320943543680716e+00
9.917487646732215580e+03,3.860320915579560364e+00
9.917487668377898444e+03,3.860320887617578300e+00
9.917487690023583127e+03,3.860320859657733639e+00
9.917487711669265991e+03,3.860320831700029043e+00
9.917487733314948855e+03,3.860320803744464513e+00
9.917487754960631719e+03,3.860320775791037828e+00
9.917487776606314583e+03,3.860320747839750322e+00
9.917487798251997447e+03,3.860320719890602437e+00
9.917487819897680311e+03,3.860320691943592841e+00
9.917487841543363174e+03,3.860320663998723756e+00
9.917487863189047857e+03,3.860320636055990295e+00
9.917487884834730721e+03,3.860320608115400010e+00
9.917487906480413585e+03,3.860320580176948013e+00
9.917487928126096449e+03,3.860320552240636527e+00
9.917487949771779313e+03,3.860320524306464218e+00
9.917487971417462177e+03,3.860320496374431976e+00
9.917487993063145041e+03,3.860320468444539355e+00
9.917488014708827905e+03,3.860320440516787244e+00
9.917488036354512587e+03,3.860320412591172534e+00
9.917488058000195451e+03,3.860320384667700555e+00
9.917488079645878315e+03,3.860320356746369086e+00
9.917488101291561179e+03,3.860320328827177683e+00
9.917488122937244043e+03,3.860320300910126345e+00
9.917488144582926907e+03,3.860320272995215518e+00
9.917488166228609771e+03,3.860320245082445645e+00
9.917488187874292635e+03,3.860320217171816282e+00
9.917488209519975499e+03,3.860320189263327872e+00
9.917488231165660181e+03,3.860320161356977753e+00
9.917488252811343045e+03,3.860320133452770808e+00
9.917488274457025909e+03,3.860320105550704817e+00
9.917488296102708773e+03,3.860320077650780668e+00
9.917488317748391637e+03,3.860320049752997029e+00
9.917488339394074501e+03,3.860320021857355233e+00
9.917488361039757365e+03,3.860319993963854390e+00
9.917488382685440229e+03,3.860319966072494502e+00
9.917488404331124912e+03,3.860319938183275124e+00
9.917488425976807775e+03,3.860319910296198920e+00
9.917488447622490639e+03,3.860319882411265002e+00
9.917488469268173503e+03,3.860319854528472483e+00
9.917488490913856367e+03,3.860319826647821806e+00
9.917488512559539231e+03,3.860319798769312971e+00
9.917488534205222095e+03,3.860319770892947311e+00
9.917488555850904959e+03,3.860319743018723049e+00
9.917488577496589642e+03,3.860319715146638853e+00
9.917488599142272506e+03,3.860319687276698719e+00
9.917488620787955369e+03,3.860319659408901316e+00
9.917488642433638233e+03,3.860319631543247088e+00
9.917488664079321097e+03,3.860319603679735589e+00
9.917488685725003961e+03,3.860319575818365934e+00
9.917488707370686825e+03,3.860319547959139008e+00
9.917488729016369689e+03,3.860319520102056146e+00
9.917488750662054372e+03,3.860319492247113349e+00
9.917488772307737236e+03,3.860319464394315947e+00
9.917488793953420100e+03,3.860319436543661276e+00
9.917488815599102963e+03,3.860319408695150223e+00
9.917488837244785827e+03,3.860319380848781901e+00
9.917488858890468691e+03,3.860319353004557641e+00
9.917488880536151555e+03,3.860319325162476556e+00
9.917488902181834419e+03,3.860319297322539533e+00
9.917488923827519102e+03,3.860319269484743465e+00
9.917488945473201966e+03,3.860319241649093680e+00
9.917488967118884830e+03,3.860319213815587513e+00
9.917488988764567694e+03,3.860319185984225410e+00
9.917489010410250557e+03,3.860319158155007369e+00
9.917489032055933421e+03,3.860319130327932946e+00
9.917489053701616285e+03,3.860319102503003474e+00
9.917489075347299149e+03,3.860319074680218510e+00
9.917489096992983832e+03,3.860319046859574055e+00
9.917489118638666696e+03,3.860319019041078104e+00
9.917489140284349560e+03,3.860318991224725771e+00
9.917489161930032424e+03,3.860318963410518833e+00
9.917489183575715288e+03,3.860318935598456402e+00
9.917489205221398151e+03,3.860318907788538478e+00
9.917489226867081015e+03,3.860318879980765061e+00
9.917489248512763879e+03,3.860318852175136595e+00
9.917489270158446743e+03,3.860318824371653967e+00
9.917489291804131426e+03,3.860318796570314515e+00
9.917489313449814290e+03,3.860318768771121789e+00
9.917489335095497154e+03,3.860318740974074458e+00
9.917489356741180018e+03,3.860318713179172523e+00
9.917489378386862882e+03,3.860318685386416426e+00
9.917489400032545745e+03,3.860318657595806169e+00
9.917489421678228609e+03,3.860318629807341306e+00
9.917489443323911473e+03,3.860318602021021839e+00
9.917489464969596156e+03,3.860318574236845990e+00
9.917489486615279020e+03,3.860318546454819089e+00
9.917489508260961884e+03,3.860318518674938026e+00
9.917489529906644748e+03,3.860318490897202803e+00
9.917489551552327612e+03,3.860318463121613419e+00
9.917489573198010476e+03,3.860318435348171651e+00
9.917489594843693339e+03,3.860318407576874833e+00
9.917489616489376203e+03,3.860318379807725186e+00
9.917489638135060886e+03,3.860318352040719603e+00
9.917489659780743750e+03,3.860318324275863411e+00
9.917489681426426614e+03,3.860318296513153058e+00
9.917489703072109478e+03,3.860318268752590321e+00
9.917489724717792342e+03,3.860318240994174754e+00
9.917489746363475206e+03,3.860318213237905915e+00
9.917489768009158070e+03,3.860318185483783360e+00
9.917489789654840934e+03,3.860318157731809308e+00
9.917489811300525616e+03,3.860318129981979318e+00
9.917489832946208480e+03,3.860318102234298721e+00
9.917489854591891344e+03,3.860318074488766626e+00
9.917489876237574208e+03,3.860318046745381260e+00
9.917489897883257072e+03,3.860318019004144396e+00
9.917489919528939936e+03,3.860317991265054260e+00
9.917489941174622800e+03,3.860317963528112184e+00
9.917489962820305664e+03,3.860317935793317723e+00
9.917489984465990347e+03,3.860317908060669989e+00
9.917490006111673210e+03,3.860317880330171647e+00
9.917490027757356074e+03,3.860317852601822253e+00
9.917490049403038938e+03,3.860317824875619586e+00
9.917490071048721802e+03,3.860317797151567198e+00
9.917490092694404666e+03,3.860317769429661539e+00
9.917490114340087530e+03,3.860317741709905714e+00
9.917490135985770394e+03,3.860317713992297950e+00
9.917490157631455077e+03,3.860317686276836024e+00
9.917490179277137941e+03,3.860317658563525711e+00
9.917490200922820804e+03,3.860317630852363457e+00
9.917490222568503668e+03,3.860317603143350595e+00
9.917490244214186532e+03,3.860317575436487569e+00
9.917490265859869396e+03,3.860317547731772603e+00
9.917490287505552260e+03,3.860317520029207472e+00
9.917490309151235124e+03,3.860317492328791733e+00
9.917490330796917988e+03,3.860317464630524942e+00
9.917490352442602671e+03,3.860317436934405322e+00
9.917490374088285535e+03,3.860317409240437758e+00
9.917490395733968398e+03,3.860317381548618698e+00
9.917490417379651262e+03,3.860317353858950806e+00
9.917490439025334126e+03,3.860317326171432306e+00
9.917490460671016990e+03,3.860317298486063642e+00
9.917490482316699854e+03,3.860317270802845258e+00
9.917490503962382718e+03,3.860317243121776709e+00
9.917490525608067401e+03,3.860317215442855776e+00
9.917490547253750265e+03,3.860317187766087343e+00
9.917490568899433129e+03,3.860317160091469635e+00
9.917490590545115992e+03,3.860317132419002206e+00
9.917490612190798856e+03,3.860317104748684613e+00
9.917490633836481720e+03,3.860317077080518633e+00
9.917490655482164584e+03,3.860317049414502488e+00
9.917490677127847448e+03,3.860317021750638400e+00
9.917490698773532131e+03,3.860316994088921039e+00
9.917490720419214995e+03,3.860316966429358843e+00
9.917490742064897859e+03,3.860316938771946038e+00
9.917490763710580723e+03,3.860316911116685290e+00
9.917490785356263586e+03,3.860316883463575710e+00
9.917490807001946450e+03,3.860316855812616854e+00
9.917490828647629314e+03,3.860316828163809610e+00
9.917490850293312178e+03,3.860316800517153979e+00
9.917490871938996861e+03,3.860316772872647739e+00
9.917490893584679725e+03,3.860316745230294888e+00
9.917490915230362589e+03,3.860316717590094093e+00
9.917490936876045453e+03,3.860316689952045355e+00
9.917490958521728317e+03,3.860316662316148228e+00
9.917490980167411180e+03,3.860316634682403603e+00
9.917491001813094044e+03,3.860316607050810145e+00
9.917491023458776908e+03,3.860316579421369632e+00
9.917491045104461591e+03,3.860316551794078954e+00
9.917491066750144455e+03,3.860316524168942109e+00
9.917491088395827319e+03,3.860316496545958209e+00
9.917491110041510183e+03,3.860316468925126809e+00
9.917491131687193047e+03,3.860316441306448798e+00
9.917491153332875911e+03,3.860316413689922399e+00
9.917491174978558774e+03,3.860316386075548944e+00
9.917491196624241638e+03,3.860316358463328879e+00
9.917491218269926321e+03,3.860316330853258648e+00
9.917491239915609185e+03,3.860316303245344027e+00
9.917491261561292049e+03,3.860316275639582795e+00
9.917491283206974913e+03,3.860316248035975395e+00
9.917491304852657777e+03,3.860316220434520051e+00
9.917491326498340641e+03,3.860316192835218985e+00
9.917491348144023505e+03,3.860316165238070862e+00
9.917491369789706368e+03,3.860316137643076573e+00
9.917491391435389232e+03,3.860316110050235672e+00
9.917491413081073915e+03,3.860316082459545939e+00
9.917491434726756779e+03,3.860316054871012703e+00
9.917491456372439643e+03,3.860316027284633744e+00
9.917491478018122507e+03,3.860315999700408174e+00
9.917491499663805371e+03,3.860315972118336880e+00
9.917491521309488235e+03,3.860315944538419863e+00
9.917491542955171099e+03,3.860315916960657123e+00
9.917491564600853962e+03,3.860315889385048660e+00
9.917491586246538645e+03,3.860315861811591809e+00
9.917491607892221509e+03,3.860315834240292787e+00
9.917491629537904373e+03,3.860315806671147598e+00
9.917491651183587237e+03,3.860315779104156686e+00
9.917491672829270101e+03,3.860315751539321383e+00
9.917491694474952965e+03,3.860315723976641245e+00
9.917491716120635829e+03,3.860315696416115383e+00
9.917491737766318693e+03,3.860315668857744686e+00
9.917491759412003375e+03,3.860315641301526934e+00
9.917491781057686239e+03,3.860315613747466568e+00
9.917491802703369103e+03,3.860315586195560922e+00
9.917491824349051967e+03,3.860315558645810885e+00
9.917491845994734831e+03,3.860315531098216901e+00
9.917491867640417695e+03,3.860315503552778527e+00
9.917491889286100559e+03,3.860315476009495317e+00
9.917491910931783423e+03,3.860315448468368160e+00
9.917491932577468106e+03,3.860315420929394392e+00
9.917491954223150969e+03,3.860315393392578454e+00
9.917491975868833833e+03,3.860315365857919456e+00
9.917491997514516697e+03,3.860315338325415624e+00
9.917492019160199561e+03,3.860315310795067845e+00
9.917492040805882425e+03,3.860315283266877007e+00
9.917492062451565289e+03,3.860315255740842222e+00
9.917492084097248153e+03,3.860315228216963934e+00
9.917492105742932836e+03,3.860315200695239479e+00
9.917492127388615700e+03,3.860315173175674186e+00
9.917492149034298563e+03,3.860315145658265834e+00
9.917492170679981427e+03,3.860315118143014423e+00
9.917492192325664291e+03,3.860315090629918622e+00
9.917492213971347155e+03,3.860315063118981094e+00
9.917492235617030019e+03,3.860315035610200507e+00
9.917492257262712883e+03,3.860315008103575973e+00
9.917492278908397566e+03,3.860314980599107049e+00
9.917492300554080430e+03,3.860314953096797730e+00
9.917492322199763294e+03,3.860314925596645352e+00
9.917492343845446158e+03,3.860314898098651692e+00
9.917492365491129021e+03,3.860314870602814086e+00
9.917492387136811885e+03,3.860314843109134753e+00
9.917492408782494749e+03,3.860314815617613249e+00
9.917492430428177613e+03,3.860314788128249575e+00
9.917492452073860477e+03,3.860314760641043286e+00
9.917492473719545160e+03,3.860314733155993050e+00
9.917492495365228024e+03,3.860314705673103308e+00
9.917492517010910888e+03,3.860314678192371840e+00
9.917492538656593752e+03,3.860314650713797757e+00
9.917492560302276615e+03,3.860314623237383280e+00
9.917492581947959479e+03,3.860314595763126189e+00
9.917492603593642343e+03,3.860314568291027815e+00
9.917492625239325207e+03,3.860314540821088602e+00
9.917492646885009890e+03,3.860314513353304999e+00
9.917492668530692754e+03,3.860314485887683222e+00
9.917492690176375618e+03,3.860314458424219275e+00
9.917492711822058482e+03,3.860314430962915377e+00
9.917492733467741346e+03,3.860314403503770198e+00
9.917492755113424209e+03,3.860314376046783735e+00
9.917492776759107073e+03,3.860314348591956435e+00
9.917492798404789937e+03,3.860314321139289184e+00
9.917492820050474620e+03,3.860314293688777987e+00
9.917492841696157484e+03,3.860314266240429060e+00
9.917492863341840348e+03,3.860314238794239738e+00
9.917492884987523212e+03,3.860314211350210023e+00
9.917492906633206076e+03,3.860314183908339913e+00
9.917492928278888940e+03,3.860314156468629410e+00
9.917492949924571803e+03,3.860314129031079400e+00
9.917492971570254667e+03,3.860314101595688996e+00
9.917492993215939350e+03,3.860314074162456421e+00
9.917493014861622214e+03,3.860314046731386117e+00
9.917493036507305078e+03,3.860314019302475419e+00
9.917493058152987942e+03,3.860313991875726103e+00
9.917493079798670806e+03,3.860313964451137281e+00
9.917493101444353670e+03,3.860313937028708509e+00
9.917493123090036534e+03,3.860313909608439786e+00
9.917493144735719397e+03,3.860313882190332890e+00
9.917493166381404080e+03,3.860313854774383824e+00
9.917493188027086944e+03,3.860313827360597472e+00
9.917493209672769808e+03,3.860313799948972946e+00
9.917493231318452672e+03,3.860313772539508914e+00
9.917493252964135536e+03,3.860313745132205820e+00
9.917493274609818400e+03,3.860313717727064553e+00
9.917493296255501264e+03,3.860313690324084224e+00
9.917493317901184128e+03,3.860313662923265277e+00
9.917493339546868810e+03,3.860313635524605491e+00
9.917493361192551674e+03,3.860313608128108864e+00
9.917493382838234538e+03,3.860313580733774508e+00
9.917493404483917402e+03,3.860313553341602422e+00
9.917493426129600266e+03,3.860313525951590830e+00
9.917493447775283130e+03,3.860313498563741952e+00
9.917493469420965994e+03,3.860313471178054900e+00
9.917493491066648858e+03,3.860313443794529231e+00
9.917493512712331722e+03,3.860313416413166721e+00
9.917493534358016404e+03,3.860313389033963372e+00
9.917493556003699268e+03,3.860313361656925846e+00
9.917493577649382132e+03,3.860313334282049702e+00
9.917493599295064996e+03,3.860313306909335829e+00
9.917493620940747860e+03,3.860313279538784670e+00
9.917493642586430724e+03,3.860313252170397114e+00
9.917493664232113588e+03,3.860313224804170940e+00
9.917493685877796452e+03,3.860313197440108368e+00
9.917493707523481135e+03,3.860313170078206291e+00
9.917493729169163998e+03,3.860313142718469592e+00
9.917493750814846862e+03,3.860313115360895164e+00
9.917493772460529726e+03,3.860313088005485227e+00
9.917493794106212590e+03,3.860313060652238004e+00
9.917493815751895454e+03,3.860313033301153940e+00
9.917493837397578318e+03,3.860313005952233034e+00
9.917493859043261182e+03,3.860312978605476619e+00
9.917493880688945865e+03,3.860312951260881142e+00
9.917493902334628729e+03,3.860312923918450601e+00
9.917493923980311592e+03,3.860312896578185438e+00
9.917493945625994456e+03,3.860312869240083433e+00
9.917493967271677320e+03,3.860312841904144587e+00
9.917493988917360184e+03,3.860312814570371120e+00
9.917494010563043048e+03,3.860312787238760812e+00
9.917494032208725912e+03,3.860312759909314995e+00
9.917494053854410595e+03,3.860312732582031892e+00
9.917494075500093459e+03,3.860312705256914612e+00
9.917494097145776323e+03,3.860312677933962267e+00
9.917494118791459186e+03,3.860312650613173968e+00
9.917494140437142050e+03,3.860312623294550161e+00
9.917494162082824914e+03,3.860312595978091732e+00
9.917494183728507778e+03,3.860312568663797794e+00
9.917494205374190642e+03,3.860312541351668791e+00
9.917494227019875325e+03,3.860312514041702503e+00
9.917494248665558189e+03,3.860312486733903370e+00
9.917494270311241053e+03,3.860312459428269616e+00
9.917494291956923917e+03,3.860312432124801685e+00
9.917494313602606780e+03,3.860312404823497801e+00
9.917494335248289644e+03,3.860312377524359739e+00
9.917494356893972508e+03,3.860312350227387945e+00
9.917494378539655372e+03,3.860312322932581086e+00
9.917494400185340055e+03,3.860312295639937830e+00
9.917494421831022919e+03,3.860312268349462617e+00
9.917494443476705783e+03,3.860312241061153227e+00
9.917494465122388647e+03,3.860312213775009216e+00
9.917494486768071511e+03,3.860312186491032360e+00
9.917494508413754374e+03,3.860312159209220439e+00
9.917494530059437238e+03,3.860312131929575230e+00
9.917494551705120102e+03,3.860312104652096288e+00
9.917494573350802966e+03,3.860312077376783613e+00
9.917494594996487649e+03,3.860312050103635872e+00
9.917494616642170513e+03,3.860312022832656176e+00
9.917494638287853377e+03,3.860311995563842746e+00
9.917494659933536241e+03,3.860311968297196916e+00
9.917494681579219105e+03,3.860311941032716909e+00
9.917494703224901968e+03,3.860311913770404502e+00
9.917494724870584832e+03,3.860311886510259249e+00
9.917494746516267696e+03,3.860311859252280708e+00
9.917494768161952379e+03,3.860311831996466214e+00
9.917494789807635243e+03,3.860311804742821984e+00
9.917494811453318107e+03,3.860311777491345797e+00
9.917494833099000971e+03,3.860311750242035878e+00
9.917494854744683835e+03,3.860311722994894001e+00
9.917494876390366699e+03,3.860311695749918837e+00
9.917494898036049563e+03,3.860311668507112159e+00
9.917494919681732426e+03,3.860311641266473526e+00
9.917494941327417109e+03,3.860311614027999383e+00
9.917494962973099973e+03,3.860311586791695948e+00
9.917494984618782837e+03,3.860311559557561001e+00
9.917495006264465701e+03,3.860311532325593653e+00
9.917495027910148565e+03,3.860311505095794793e+00
9.917495049555831429e+03,3.860311477868163532e+00
9.917495071201514293e+03,3.860311450642700759e+00
9.917495092847197157e+03,3.860311423419406918e+00
9.917495114492881839e+03,3.860311396198278455e+00
9.917495136138564703e+03,3.860311368979321589e+00
9.917495157784247567e+03,3.860311341762533210e+00
9.917495179429930431e+03,3.860311314547913764e+00
9.917495201075613295e+03,3.860311287335463248e+00
9.917495222721296159e+03,3.860311260125181221e+00
9.917495244366979023e+03,3.860311232917068569e+00
9.917495266012661887e+03,3.860311205711124405e+00
9.917495287658346570e+03,3.860311178507347840e+00
9.917495309304029433e+03,3.860311151305742872e+00
9.917495330949712297e+03,3.860311124106306835e+00
9.917495352595395161e+03,3.860311096909040174e+00
9.917495374241078025e+03,3.860311069713943777e+00
9.917495395886760889e+03,3.860311042521015867e+00
9.917495417532443753e+03,3.860311015330259110e+00
9.917495439178126617e+03,3.860310988141671285e+00
9.917495460823811300e+03,3.860310960955250614e+00
9.917495482469494164e+03,3.860310933771002873e+00
9.917495504115177027e+03,3.860310906588925395e+00
9.917495525760859891e+03,3.860310879409017293e+00
9.917495547406542755e+03,3.860310852231280343e+00
9.917495569052225619e+03,3.860310825055713213e+00
9.917495590697908483e+03,3.860310797882316347e+00
9.917495612343591347e+03,3.860310770711090189e+00
9.917495633989276030e+03,3.860310743542031631e+00
9.917495655634958894e+03,3.860310716375146889e+00
9.917495677280641758e+03,3.860310689210432411e+00
9.917495698926324621e+03,3.860310662047889085e+00
9.917495720572007485e+03,3.860310634887516468e+00
9.917495742217690349e+03,3.860310607729315002e+00
9.917495763863373213e+03,3.860310580573284245e+00
9.917495785509056077e+03,3.860310553419425084e+00
9.917495807154738941e+03,3.860310526267737075e+00
9.917495828800423624e+03,3.860310499118218441e+00
9.917495850446106488e+03,3.860310471970872737e+00
9.917495872091789352e+03,3.860310444825699072e+00
9.917495893737472215e+03,3.860310417682697004e+00
9.917495915383155079e+03,3.860310390541866088e+00
9.917495937028837943e+03,3.860310363403207656e+00
9.917495958674520807e+03,3.860310336266720821e+00
9.917495980320203671e+03,3.860310309132405582e+00
9.917496001965888354e+03,3.860310282000260163e+00
9.917496023611571218e+03,3.860310254870289448e+00
9.917496045257254082e+03,3.860310227742490330e+00
9.917496066902936946e+03,3.860310200616864140e+00
9.917496088548619809e+03,3.860310173493409991e+00
9.917496110194302673e+03,3.860310146372128326e+00
9.917496131839985537e+03,3.860310119253020034e+00
9.917496153485668401e+03,3.860310092136083338e+00
9.917496175131353084e+03,3.860310065021316905e+00
9.917496196777035948e+03,3.860310037908726954e+00
9.917496218422718812e+03,3.860310010798308600e+00
9.917496240068401676e+03,3.860309983690063174e+00
9.917496261714084540e+03,3.860309956583991564e+00
9.917496283359767403e+03,3.860309929480092883e+00
9.917496305005450267e+03,3.860309902378366687e+00
9.917496326651133131e+03,3.860309875278814307e+00
9.917496348296817814e+03,3.860309848181433079e+00
9.917496369942500678e+03,3.860309821086227000e+00
9.917496391588183542e+03,3.860309793993196070e+00
9.917496413233866406e+03,3.860309766902337181e+00
9.917496434879549270e+03,3.860309739813652552e+00
9.917496456525232134e+03,3.860309712727142184e+00
9.917496478170914997e+03,3.860309685642805633e+00
9.917496499816597861e+03,3.860309658560642454e+00
9.917496521462282544e+03,3.860309631480651760e+00
9.917496543107965408e+03,3.860309604402836658e+00
9.917496564753648272e+03,3.860309577327196706e+00
9.917496586399331136e+03,3.860309550253730126e+00
9.917496608045014000e+03,3.860309523182438696e+00
9.917496629690696864e+03,3.860309496113321526e+00
9.917496651336379728e+03,3.860309469046379061e+00
9.917496672982062591e+03,3.860309441981611744e+00
9.917496694627747274e+03,3.860309414919016024e+00
9.917496716273430138e+03,3.860309387858597674e+00
9.917496737919113002e+03,3.860309360800354472e+00
9.917496759564795866e+03,3.860309333744285976e+00
9.917496781210478730e+03,3.860309306690392628e+00
9.917496802856161594e+03,3.860309279638674873e+00
9.917496824501844458e+03,3.860309252589131379e+00
9.917496846147527322e+03,3.860309225541764366e+00
9.917496867793210185e+03,3.860309198496572947e+00
9.917496889438894868e+03,3.860309171453554011e+00
9.917496911084577732e+03,3.860309144412713334e+00
9.917496932730260596e+03,3.860309117374047805e+00
9.917496954375943460e+03,3.860309090337558313e+00
9.917496976021626324e+03,3.860309063303244415e+00
9.917496997667309188e+03,3.860309036271107885e+00
9.917497019312992052e+03,3.860309009241145617e+00
9.917497040958674916e+03,3.860308982213360718e+00
9.917497062604359598e+03,3.860308955187749191e+00
9.917497084250042462e+03,3.860308928164316367e+00
9.917497105895725326e+03,3.860308901143060023e+00
9.917497127541408190e+03,3.860308874123980161e+00
9.917497149187091054e+03,3.860308847107076335e+00
9.917497170832773918e+03,3.860308820092349436e+00
9.917497192478456782e+03,3.860308793079799017e+00
9.917497214124139646e+03,3.860308766069425523e+00
9.917497235769824329e+03,3.860308739061227179e+00
9.917497257415507192e+03,3.860308712055207092e+00
9.917497279061190056e+03,3.860308685051365263e+00
9.917497300706872920e+03,3.860308658049700359e+00
9.917497322352555784e+03,3.860308631050212380e+00
9.917497343998238648e+03,3.860308604052901327e+00
9.917497365643921512e+03,3.860308577057767643e+00
9.917497387289604376e+03,3.860308550064812216e+00
9.917497408935289059e+03,3.860308523074031495e+00
9.917497430580971923e+03,3.860308496085430807e+00
9.917497452226654787e+03,3.860308469099008377e+00
9.917497473872337650e+03,3.860308442114762428e+00
9.917497495518020514e+03,3.860308415132696069e+00
9.917497517163703378e+03,3.860308388152807080e+00
9.917497538809386242e+03,3.860308361175095460e+00
9.917497560455069106e+03,3.860308334199562541e+00
9.917497582100753789e+03,3.860308307226205660e+00
9.917497603746436653e+03,3.860308280255029700e+00
9.917497625392119517e+03,3.860308253286031555e+00
9.917497647037802381e+03,3.860308226319212110e+00
9.917497668683485244e+03,3.860308199354571368e+00
9.917497690329168108e+03,3.860308172392108883e+00
9.917497711974850972e+03,3.860308145431825988e+00
9.917497733620533836e+03,3.860308118473720906e+00
9.917497755266218519e+03,3.860308091517793194e+00
9.917497776911901383e+03,3.860308064564046848e+00
9.917497798557584247e+03,3.860308037612480092e+00
9.917497820203267111e+03,3.860308010663091149e+00
9.917497841848949975e+03,3.860307983715881797e+00
9.917497863494632838e+03,3.860307956770852478e+00
9.917497885140315702e+03,3.860307929828002749e+00
9.917497906785998566e+03,3.860307902887331721e+00
9.917497928431681430e+03,3.860307875948840284e+00
9.917497950077366113e+03,3.860307849012527104e+00
9.917497971723048977e+03,3.860307822078395290e+00
9.917497993368731841e+03,3.860307795146443510e+00
9.917498015014414705e+03,3.860307768216671764e+00
9.917498036660097569e+03,3.860307741289079608e+00
9.917498058305780432e+03,3.860307714363668374e+00
9.917498079951463296e+03,3.860307687440437174e+00
9.917498101597146160e+03,3.860307660519386008e+00
9.917498123242830843e+03,3.860307633600513544e+00
9.917498144888513707e+03,3.860307606683822890e+00
9.917498166534196571e+03,3.860307579769313158e+00
9.917498188179879435e+03,3.860307552856984348e+00
9.917498209825562299e+03,3.860307525946835572e+00
9.917498231471245163e+03,3.860307499038868162e+00
9.917498253116928026e+03,3.860307472133081230e+00
9.917498274762610890e+03,3.860307445229475221e+00
9.917498296408295573e+03,3.860307418328048801e+00
9.917498318053978437e+03,3.860307391428805079e+00
9.917498339699661301e+03,3.860307364531742280e+00
9.917498361345344165e+03,3.860307337636861735e+00
9.917498382991027029e+03,3.860307310744162113e+00
9.917498404636709893e+03,3.860307283853643412e+00
9.917498426282392757e+03,3.860307256965306966e+00
9.917498447928075620e+03,3.860307230079152774e+00
9.917498469573760303e+03,3.860307203195177284e+00
9.917498491219443167e+03,3.860307176313385824e+00
9.917498512865126031e+03,3.860307149433775731e+00
9.917498534510808895e+03,3.860307122556348780e+00
9.917498556156491759e+03,3.860307095681103196e+00
9.917498577802174623e+03,3.860307068808039865e+00
9.917498599447857487e+03,3.860307041937158790e+00
9.917498621093540351e+03,3.860307015068460412e+00
9.917498642739225033e+03,3.860306988201941625e+00
9.917498664384907897e+03,3.860306961337607756e+00
9.917498686030590761e+03,3.860306934475456586e+00
9.917498707676273625e+03,3.860306907615488559e+00
9.917498729321956489e+03,3.860306880757702341e+00
9.917498750967639353e+03,3.860306853902099711e+00
9.917498772613322217e+03,3.860306827048679335e+00
9.917498794259005081e+03,3.860306800197442545e+00
9.917498815904689764e+03,3.860306773348386233e+00
9.917498837550372627e+03,3.860306746501515285e+00
9.917498859196055491e+03,3.860306719656827923e+00
9.917498880841738355e+03,3.860306692814323704e+00
9.917498902487421219e+03,3.860306665974002627e+00
9.917498924133104083e+03,3.860306639135865581e+00
9.917498945778786947e+03,3.860306612299912121e+00
9.917498967424469811e+03,3.860306585466142248e+00
9.917498989070152675e+03,3.860306558634555962e+00
9.917499010715837358e+03,3.860306531805151486e+00
9.917499032361520221e+03,3.860306504977933262e+00
9.917499054007203085e+03,3.860306478152898624e+00
9.917499075652885949e+03,3.860306451330048461e+00
9.917499097298568813e+03,3.860306424509382328e+00
9.917499118944251677e+03,3.860306397690900670e+00
9.917499140589934541e+03,3.860306370874603044e+00
9.917499162235617405e+03,3.860306344060489447e+00
9.917499183881302088e+03,3.860306317248558994e+00
9.917499205526984952e+03,3.860306290438815235e+00
9.917499227172667815e+03,3.860306263631255952e+00
9.917499248818350679e+03,3.860306236825881587e+00
9.917499270464033543e+03,3.860306210022692142e+00
9.917499292109716407e+03,3.860306183221687615e+00
9.917499313755399271e+03,3.860306156422868451e+00
9.917499335401082135e+03,3.860306129626233318e+00
9.917499357046766818e+03,3.860306102831782660e+00
9.917499378692449682e+03,3.860306076039518697e+00
9.917499400338132546e+03,3.860306049249440097e+00
9.917499421983815409e+03,3.860306022461546860e+00
9.917499443629498273e+03,3.860305995675838986e+00
9.917499465275181137e+03,3.860305968892317363e+00
9.917499486920864001e+03,3.860305942110981103e+00
9.917499508566546865e+03,3.860305915331830651e+00
9.917499530212231548e+03,3.860305888554864229e+00
9.917499551857914412e+03,3.860305861780084946e+00
9.917499573503597276e+03,3.860305835007492359e+00
9.917499595149280140e+03,3.860305808237086023e+00
9.917499616794963003e+03,3.860305781468865938e+00
9.917499638440645867e+03,3.860305754702832104e+00
9.917499660086328731e+03,3.860305727938984521e+00
9.917499681732011595e+03,3.860305701177323634e+00
9.917499703377696278e+03,3.860305674417846777e+00
9.917499725023379142e+03,3.860305647660559281e+00
9.917499746669062006e+03,3.860305620905458035e+00
9.917499768314744870e+03,3.860305594152543929e+00
9.917499789960427734e+03,3.860305567401816518e+00
9.917499811606110597e+03,3.860305540653275802e+00
9.917499833251793461e+03,3.860305513906922670e+00
9.917499854897476325e+03,3.860305487162756677e+00
9.917499876543161008e+03,3.860305460420775159e+00
9.917499898188843872e+03,3.860305433680983445e+00
9.917499919834526736e+03,3.860305406943379314e+00
9.917499941480209600e+03,3.860305380207962322e+00
9.917499963125892464e+03,3.860305353474732915e+00
9.917499984771575328e+03,3.860305326743691534e+00
9.917500006417258192e+03,3.860305300014838181e+00
9.917500028062941055e+03,3.860305273288171968e+00
9.917500049708623919e+03,3.860305246563693338e+00
9.917500071354308602e+03,3.860305219841400959e+00
9.917500092999991466e+03,3.860305193121298828e+00
9.917500114645674330e+03,3.860305166403385169e+00
9.917500136291357194e+03,3.860305139687659537e+00
9.917500157937040058e+03,3.860305112974121933e+00
9.917500179582722922e+03,3.860305086262772800e+00
9.917500201228405786e+03,3.860305059553612583e+00
9.917500222874088649e+03,3.860305032846640838e+00
9.917500244519773332e+03,3.860305006141855788e+00
9.917500266165456196e+03,3.860304979439260986e+00
9.917500287811139060e+03,3.860304952738855100e+00
9.917500309456821924e+03,3.860304926040638573e+00
9.917500331102504788e+03,3.860304899344610519e+00
9.917500352748187652e+03,3.860304872650772712e+00
9.917500374393870516e+03,3.860304845959122932e+00
9.917500396039553380e+03,3.860304819269662957e+00
9.917500417685238062e+03,3.860304792582389677e+00
9.917500439330920926e+03,3.860304765897307977e+00
9.917500460976603790e+03,3.860304739214416081e+00
9.917500482622286654e+03,3.860304712533713545e+00
9.917500504267969518e+03,3.860304685855200812e+00
9.917500525913652382e+03,3.860304659178878328e+00
9.917500547559335246e+03,3.860304632504745648e+00
9.917500569205018110e+03,3.860304605832801883e+00
9.917500590850702793e+03,3.860304579163046590e+00
9.917500612496385656e+03,3.860304552495483765e+00
9.917500634142068520e+03,3.860304525830111189e+00
9.917500655787751384e+03,3.860304499166927972e+00
9.917500677433434248e+03,3.860304472505935891e+00
9.917500699079117112e+03,3.860304445847134058e+00
9.917500720724799976e+03,3.860304419190522474e+00
9.917500742370482840e+03,3.860304392536102025e+00
9.917500764016167523e+03,3.860304365883869604e+00
9.917500785661850387e+03,3.860304339233830984e+00
9.917500807307533250e+03,3.860304312585982167e+00
9.917500828953216114e+03,3.860304285940324931e+00
9.917500850598898978e+03,3.860304259296858387e+00
9.917500872244581842e+03,3.860304232655582979e+00
9.917500893890264706e+03,3.860304206016498707e+00
9.917500915535947570e+03,3.860304179379605571e+00
9.917500937181632253e+03,3.860304152744901796e+00
9.917500958827315117e+03,3.860304126112391820e+00
9.917500980472997981e+03,3.860304099482072981e+00
9.917501002118680844e+03,3.860304072853945723e+00
9.917501023764363708e+03,3.860304046228010932e+00
9.917501045410046572e+03,3.860304019604267278e+00
9.917501067055729436e+03,3.860303992982715648e+00
9.917501088701412300e+03,3.860303966363356043e+00
9.917501110347095164e+03,3.860303939746188018e+00
9.917501131992779847e+03,3.860303913131210685e+00
9.917501153638462711e+03,3.860303886518427152e+00
9.917501175284145575e+03,3.860303859907835644e+00
9.917501196929828438e+03,3.860303833299437049e+00
9.917501218575511302e+03,3.860303806693230477e+00
9.917501240221194166e+03,3.860303780089216819e+00
9.917501261866877030e+03,3.860303753487395628e+00
9.917501283512559894e+03,3.860303726887767350e+00
9.917501305158244577e+03,3.860303700290329321e+00
9.917501326803927441e+03,3.860303673695086424e+00
9.917501348449610305e+03,3.860303647102036440e+00
9.917501370095293169e+03,3.860303620511179812e+00
9.917501391740976032e+03,3.860303593922516097e+00
9.917501413386658896e+03,3.860303567336045294e+00
9.917501435032341760e+03,3.860303540751768736e+00
9.917501456678024624e+03,3.860303514169684647e+00
9.917501478323709307e+03,3.860303487589792137e+00
9.917501499969392171e+03,3.860303461012094761e+00
9.917501521615075035e+03,3.860303434436591630e+00
9.917501543260757899e+03,3.860303407863281855e+00
9.917501564906440763e+03,3.860303381292166769e+00
9.917501586552123626e+03,3.860303354723244595e+00
9.917501608197806490e+03,3.860303328156516667e+00
9.917501629843489354e+03,3.860303301591982095e+00
9.917501651489174037e+03,3.860303275029640435e+00
9.917501673134856901e+03,3.860303248469495241e+00
9.917501694780539765e+03,3.860303221911543403e+00
9.917501716426222629e+03,3.860303195355787143e+00
9.917501738071905493e+03,3.860303168802224683e+00
9.917501759717588357e+03,3.860303142250856467e+00
9.917501781363271220e+03,3.860303115701683385e+00
9.917501803008954084e+03,3.860303089154704992e+00
9.917501824654638767e+03,3.860303062609918623e+00
9.917501846300321631e+03,3.860303036067330051e+00
9.917501867946004495e+03,3.860303009526935725e+00
9.917501889591687359e+03,3.860302982988736531e+00
9.917501911237370223e+03,3.860302956452733358e+00
9.917501932883053087e+03,3.860302929918924431e+00
9.917501954528735951e+03,3.860302903387311524e+00
9.917501976174418814e+03,3.860302876857893306e+00
9.917501997820103497e+03,3.860302850330668889e+00
9.917502019465786361e+03,3.860302823805641825e+00
9.917502041111469225e+03,3.860302797282810339e+00
9.917502062757152089e+03,3.860302770762175317e+00
9.917502084402834953e+03,3.860302744243735429e+00
9.917502106048517817e+03,3.860302717727491562e+00
9.917502127694200681e+03,3.860302691213443715e+00
9.917502149339883545e+03,3.860302664701591890e+00
9.917502170985568227e+03,3.860302638191933866e+00
9.917502192631251091e+03,3.860302611684474083e+00
9.917502214276933955e+03,3.860302585179210766e+00
9.917502235922616819e+03,3.860302558676144358e+00
9.917502257568299683e+03,3.860302532175273971e+00
9.917502279213982547e+03,3.860302505676600049e+00
9.917502300859665411e+03,3.860302479180122592e+00
9.917502322505348275e+03,3.860302452685842489e+00
9.917502344151031139e+03,3.860302426193758407e+00
9.917502365796715821e+03,3.860302399703869458e+00
9.917502387442398685e+03,3.860302373216180083e+00
9.917502409088081549e+03,3.860302346730686729e+00
9.917502430733764413e+03,3.860302320247391616e+00
9.917502452379447277e+03,3.860302293766293413e+00
9.917502474025130141e+03,3.860302267287391675e+00
9.917502495670813005e+03,3.860302240810688179e+00
9.917502517316495869e+03,3.860302214336182036e+00
9.917502538962180552e+03,3.860302187863871026e+00
9.917502560607863415e+03,3.860302161393759590e+00
9.917502582253546279e+03,3.860302134925846396e+00
9.917502603899229143e+03,3.860302108460130999e+00
9.917502625544912007e+03,3.860302081996613399e+00
9.917502647190594871e+03,3.860302055535293153e+00
9.917502668836277735e+03,3.860302029076171593e+00
9.917502690481960599e+03,3.860302002619247830e+00
9.917502712127645282e+03,3.860301976164520976e+00
9.917502733773328146e+03,3.860301949711993252e+00
9.917502755419011010e+03,3.860301923261665102e+00
9.917502777064693873e+03,3.860301896813535638e+00
9.917502798710376737e+03,3.860301870367603527e+00
9.917502820356059601e+03,3.860301843923870990e+00
9.917502842001742465e+03,3.860301817482336695e+00
9.917502863647425329e+03,3.860301791043001085e+00
9.917502885293110012e+03,3.860301764605862385e+00
9.917502906938792876e+03,3.860301738170924590e+00
9.917502928584475740e+03,3.860301711738185482e+00
9.917502950230158604e+03,3.860301685307646835e+00
9.917502971875841467e+03,3.860301658879306430e+00
9.917502993521524331e+03,3.860301632453165599e+00
9.917503015167207195e+03,3.860301606029223898e+00
9.917503036812890059e+03,3.860301579607482658e+00
9.917503058458574742e+03,3.860301553187936996e+00
9.917503080104257606e+03,3.860301526770594460e+00
9.917503101749940470e+03,3.860301500355451498e+00
9.917503123395623334e+03,3.860301473942508554e+00
9.917503145041306198e+03,3.860301447531765184e+00
9.917503166686989061e+03,3.860301421123221832e+00
9.917503188332671925e+03,3.860301394716878054e+00
9.917503209978354789e+03,3.860301368312735182e+00
9.917503231624039472e+03,3.860301341910790107e+00
9.917503253269722336e+03,3.860301315511046827e+00
9.917503274915405200e+03,3.860301289113504897e+00
9.917503296561088064e+03,3.860301262718162985e+00
9.917503318206770928e+03,3.860301236325021534e+00
9.917503339852453792e+03,3.860301209934080990e+00
9.917503361498136655e+03,3.860301183545340908e+00
9.917503383143819519e+03,3.860301157158801733e+00
9.917503404789502383e+03,3.860301130774463463e+00
9.917503426435187066e+03,3.860301104392324323e+00
9.917503448080869930e+03,3.860301078012387421e+00
9.917503469726552794e+03,3.860301051634652758e+00
9.917503491372235658e+03,3.860301025259118557e+00
9.917503513017918522e+03,3.860300998885785706e+00
9.917503534663601386e+03,3.860300972514654649e+00
9.917503556309284249e+03,3.860300946145724943e+00
9.917503577954967113e+03,3.860300919778996587e+00
9.917503599600651796e+03,3.860300893414467804e+00
9.917503621246334660e+03,3.860300867052143481e+00
9.917503642892017524e+03,3.860300840692020063e+00
9.917503664537700388e+03,3.860300814334098884e+00
9.917503686183383252e+03,3.860300787978380388e+00
9.917503707829066116e+03,3.860300761624862798e+00
9.917503729474748980e+03,3.860300735273547446e+00
9.917503751120431843e+03,3.860300708924434776e+00
9.917503772766116526e+03,3.860300682577522124e+00
9.917503794411799390e+03,3.860300656232814376e+00
9.917503816057482254e+03,3.860300629890308421e+00
9.917503837703165118e+03,3.860300603550005594e+00
9.917503859348847982e+03,3.860300577211905004e+00
9.917503880994530846e+03,3.860300550876006653e+00
9.917503902640213710e+03,3.860300524542312317e+00
9.917503924285896574e+03,3.860300498210820219e+00
9.917503945931581256e+03,3.860300471881528583e+00
9.917503967577264120e+03,3.860300445554442739e+00
9.917503989222946984e+03,3.860300419229560021e+00
9.917504010868629848e+03,3.860300392906880429e+00
9.917504032514312712e+03,3.860300366586403520e+00
9.917504054159995576e+03,3.860300340268131070e+00
9.917504075805678440e+03,3.860300313952060858e+00
9.917504097451361304e+03,3.860300287638194661e+00
9.917504119097045987e+03,3.860300261326530258e+00
9.917504140742728850e+03,3.860300235017071646e+00
9.917504162388411714e+03,3.860300208709816605e+00
9.917504184034094578e+03,3.860300182404765579e+00
9.917504205679777442e+03,3.860300156101919011e+00
9.917504227325460306e+03,3.860300129801276015e+00
9.917504248971143170e+03,3.860300103502836588e+00
9.917504270616826034e+03,3.860300077206602065e+00
9.917504292262510717e+03,3.860300050912569780e+00
9.917504313908193581e+03,3.860300024620743287e+00
9.917504335553876444e+03,3.860299998331122140e+00
9.917504357199559308e+03,3.860299972043705008e+00
9.917504378845242172e+03,3.860299945758492779e+00
9.917504400490925036e+03,3.860299919475485009e+00
9.917504422136607900e+03,3.860299893194682141e+00
9.917504443782290764e+03,3.860299866916083733e+00
9.917504465427973628e+03,3.860299840639690672e+00
9.917504487073658311e+03,3.860299814365501181e+00
9.917504508719341175e+03,3.860299788093517925e+00
9.917504530365024038e+03,3.860299761823740017e+00
9.917504552010706902e+03,3.860299735556167455e+00
9.917504573656389766e+03,3.860299709290800685e+00
9.917504595302072630e+03,3.860299683027638817e+00
9.917504616947755494e+03,3.860299656766682741e+00
9.917504638593438358e+03,3.860299630507932456e+00
9.917504660239123041e+03,3.860299604251385297e+00
9.917504681884805905e+03,3.860299577997046150e+00
9.917504703530488769e+03,3.860299551744913238e+00
9.917504725176171632e+03,3.860299525494986561e+00
9.917504746821854496e+03,3.860299499247265231e+00
9.917504768467537360e+03,3.860299473001750137e+00
9.917504790113220224e+03,3.860299446758441277e+00
9.917504811758903088e+03,3.860299420517338653e+00
9.917504833404587771e+03,3.860299394278440488e+00
9.917504855050270635e+03,3.860299368041750334e+00
9.917504876695953499e+03,3.860299341807267304e+00
9.917504898341636363e+03,3.860299315574990509e+00
9.917504919987319226e+03,3.860299289344920837e+00
9.917504941633002090e+03,3.860299263117057400e+00
9.917504963278684954e+03,3.860299236891401087e+00
9.917504984924367818e+03,3.860299210667951897e+00
9.917505006570052501e+03,3.860299184446708054e+00
9.917505028215735365e+03,3.860299158227672223e+00
9.917505049861418229e+03,3.860299132010843959e+00
9.917505071507101093e+03,3.860299105796223262e+00
9.917505093152783957e+03,3.860299079583810578e+00
9.917505114798466821e+03,3.860299053373604572e+00
9.917505136444149684e+03,3.860299027165606134e+00
9.917505158089832548e+03,3.860299000959815263e+00
9.917505179735517231e+03,3.860298974756230184e+00
9.917505201381200095e+03,3.860298948554854448e+00
9.917505223026882959e+03,3.860298922355686724e+00
9.917505244672565823e+03,3.860298896158727011e+00
9.917505266318248687e+03,3.860298869963976198e+00
9.917505287963931551e+03,3.860298843771432509e+00
9.917505309609614415e+03,3.860298817581097275e+00
9.917505331255297278e+03,3.860298791392970497e+00
9.917505352900981961e+03,3.860298765207049509e+00
9.917505374546664825e+03,3.860298739023339198e+00
9.917505396192347689e+03,3.860298712841836899e+00
9.917505417838030553e+03,3.860298686662544387e+00
9.917505439483713417e+03,3.860298660485459887e+00
9.917505461129396281e+03,3.860298634310583843e+00
9.917505482775079145e+03,3.860298608137917142e+00
9.917505504420762009e+03,3.860298581967459786e+00
9.917505526066444872e+03,3.860298555799210440e+00
9.917505547712129555e+03,3.860298529633168219e+00
9.917505569357812419e+03,3.860298503469338005e+00
9.917505591003495283e+03,3.860298477307715803e+00
9.917505612649178147e+03,3.860298451148304277e+00
9.917505634294861011e+03,3.860298424991101651e+00
9.917505655940543875e+03,3.860298398836108369e+00
9.917505677586226739e+03,3.860298372683325319e+00
9.917505699231909603e+03,3.860298346532750724e+00
9.917505720877594285e+03,3.860298320384385029e+00
9.917505742523277149e+03,3.860298294238230454e+00
9.917505764168960013e+03,3.860298268094285667e+00
9.917505785814642877e+03,3.860298241952551557e+00
9.917505807460325741e+03,3.860298215813027234e+00
9.917505829106008605e+03,3.860298189675713143e+00
9.917505850751691469e+03,3.860298163540608840e+00
9.917505872397374333e+03,3.860298137407715213e+00
9.917505894043059016e+03,3.860298111277030486e+00
9.917505915688741879e+03,3.860298085148557767e+00
9.917505937334424743e+03,3.860298059022295725e+00
9.917505958980107607e+03,3.860298032898243914e+00
9.917505980625790471e+03,3.860298006776402779e+00
9.917506002271473335e+03,3.860297980656773209e+00
9.917506023917156199e+03,3.860297954539353871e+00
9.917506045562839063e+03,3.860297928424146097e+00
9.917506067208523746e+03,3.860297902311147222e+00
9.917506088854206610e+03,3.860297876200361245e+00
9.917506110499889473e+03,3.860297850091786831e+00
9.917506132145572337e+03,3.860297823985423982e+00
9.917506153791255201e+03,3.860297797881272253e+00
9.917506175436938065e+03,3.860297771779330755e+00
9.917506197082620929e+03,3.860297745679603043e+00
9.917506218728303793e+03,3.860297719582085563e+00
9.917506240373988476e+03,3.860297693486777426e+00
9.917506262019671340e+03,3.860297667393684407e+00
9.917506283665354204e+03,3.860297641302802951e+00
9.917506305311037067e+03,3.860297615214132616e+00
9.917506326956719931e+03,3.860297589127674733e+00
9.917506348602402795e+03,3.860297563043429747e+00
9.917506370248085659e+03,3.860297536961396325e+00
9.917506391893768523e+03,3.860297510881574912e+00
9.917506413539453206e+03,3.860297484803964174e+00
9.917506435185136070e+03,3.860297458728568110e+00
9.917506456830818934e+03,3.860297432655384497e+00
9.917506478476501798e+03,3.860297406584412894e+00
9.917506500122184661e+03,3.860297380515654631e+00
9.917506521767867525e+03,3.860297354449109264e+00
9.917506543413550389e+03,3.860297328384777238e+00
9.917506565059233253e+03,3.860297302322657220e+00
9.917506586704916117e+03,3.860297276262750543e+00
9.917506608350600800e+03,3.860297250205055430e+00
9.917506629996283664e+03,3.860297224149574546e+00
9.917506651641966528e+03,3.860297198096307891e+00
9.917506673287649392e+03,3.860297172045254577e+00
9.917506694933332255e+03,3.860297145996414159e+00
9.917506716579015119e+03,3.860297119949787525e+00
9.917506738224697983e+03,3.860297093905374233e+00
9.917506759870380847e+03,3.860297067863174725e+00
9.917506781516065530e+03,3.860297041823187669e+00
9.917506803161748394e+03,3.860297015785415287e+00
9.917506824807431258e+03,3.860296989749858021e+00
9.917506846453114122e+03,3.860296963716514096e+00
9.917506868098796986e+03,3.860296937685384844e+00
9.917506889744479849e+03,3.860296911656468932e+00
9.917506911390162713e+03,3.860296885629768138e+00
9.917506933035845577e+03,3.860296859605281572e+00
9.917506954681530260e+03,3.860296833583006570e+00
9.917506976327213124e+03,3.860296807562949351e+00
9.917506997972895988e+03,3.860296781545106359e+00
9.917507019618578852e+03,3.860296755529477597e+00
9.917507041264261716e+03,3.860296729516063508e+00
9.917507062909944580e+03,3.860296703504864535e+00
9.917507084555627443e+03,3.860296677495880679e+00
9.917507106201310307e+03,3.860296651489112385e+00
9.917507127846994990e+03,3.860296625484556099e+00
9.917507149492677854e+03,3.860296599482217594e+00
9.917507171138360718e+03,3.860296573482093319e+00
9.917507192784043582e+03,3.860296547484185492e+00
9.917507214429726446e+03,3.860296521488492782e+00
9.917507236075409310e+03,3.860296495495016078e+00
9.917507257721092174e+03,3.860296469503754935e+00
9.917507279366775037e+03,3.860296443514708464e+00
9.917507301012459720e+03,3.860296417527875779e+00
9.917507322658142584e+03,3.860296391543261763e+00
9.917507344303825448e+03,3.860296365560863308e+00
9.917507365949508312e+03,3.860296339580681302e+00
9.917507387595191176e+03,3.860296313602714857e+00
9.917507409240874040e+03,3.860296287626964418e+00
9.917507430886556904e+03,3.860296261653430427e+00
9.917507452532239768e+03,3.860296235682112886e+00
9.917507474177924450e+03,3.860296209713010018e+00
9.917507495823607314e+03,3.860296183746124932e+00
9.917507517469290178e+03,3.860296157781456738e+00
9.917507539114973042e+03,3.860296131819005439e+00
9.917507560760655906e+03,3.860296105858770588e+00
9.917507582406338770e+03,3.860296079900753075e+00
9.917507604052021634e+03,3.860296053944952011e+00
9.917507625697704498e+03,3.860296027991367396e+00
9.917507647343387362e+03,3.860296002040000563e+00
9.917507668989072044e+03,3.860295976090849290e+00
9.917507690634754908e+03,3.860295950143915800e+00
9.917507712280437772e+03,3.860295924199200979e+00
9.917507733926120636e+03,3.860295898256702607e+00
9.917507755571803500e+03,3.860295872316422461e+00
9.917507777217486364e+03,3.860295846378359652e+00
9.917507798863169228e+03,3.860295820442514625e+00
9.917507820508852092e+03,3.860295794508886491e+00
9.917507842154536775e+03,3.860295768577475251e+00
9.917507863800219639e+03,3.860295742648282680e+00
9.917507885445902502e+03,3.860295716721309667e+00
9.917507907091585366e+03,3.860295690796553991e+00
9.917507928737268230e+03,3.860295664874015209e+00
9.917507950382951094e+03,3.860295638953695985e+00
9.917507972028633958e+03,3.860295613035594986e+00
9.917507993674316822e+03,3.860295587119712213e+00
9.917508015320001505e+03,3.860295561206045889e+00
9.917508036965684369e+03,3.860295535294599567e+00
9.917508058611367233e+03,3.860295509385372359e+00
9.917508080257050096e+03,3.860295483478363820e+00
9.917508101902732960e+03,3.860295457573573952e+00
9.917508123548415824e+03,3.860295431671003197e+00
9.917508145194098688e+03,3.860295405770651556e+00
9.917508166839781552e+03,3.860295379872518140e+00
9.917508188485466235e+03,3.860295353976602062e+00
9.917508210131149099e+03,3.860295328082907762e+00
9.917508231776831963e+03,3.860295302191432576e+00
9.917508253422514827e+03,3.860295276302176060e+00
9.917508275068197690e+03,3.860295250415139101e+00
9.917508296713880554e+03,3.860295224530323033e+00
9.917508318359563418e+03,3.860295198647724746e+00
9.917508340005246282e+03,3.860295172767346905e+00
9.917508361650930965e+03,3.860295146889186846e+00
9.917508383296613829e+03,3.860295121013248565e+00
9.917508404942296693e+03,3.860295095139530730e+00
9.917508426587979557e+03,3.860295069268032453e+00
9.917508448233662421e+03,3.860295043398754178e+00
9.917508469879345284e+03,3.860295017531695905e+00
9.917508491525028148e+03,3.860294991666858078e+00
9.917508513170711012e+03,3.860294965804240697e+00
9.917508534816395695e+03,3.860294939943841541e+00
9.917508556462078559e+03,3.860294914085664608e+00
9.917508578107761423e+03,3.860294888229708565e+00
9.917508599753444287e+03,3.860294862375973413e+00
9.917508621399127151e+03,3.860294836524458262e+00
9.917508643044810015e+03,3.860294810675164889e+00
9.917508664690492878e+03,3.860294784828092407e+00
9.917508686336175742e+03,3.860294758983240371e+00
9.917508707981860425e+03,3.860294733140607448e+00
9.917508729627543289e+03,3.860294707300197636e+00
9.917508751273226153e+03,3.860294681462008715e+00
9.917508772918909017e+03,3.860294655626042015e+00
9.917508794564591881e+03,3.860294629792295762e+00
9.917508816210274745e+03,3.860294603960771731e+00
9.917508837855957609e+03,3.860294578131469034e+00
9.917508859501640472e+03,3.860294552304387672e+00
9.917508881147323336e+03,3.860294526479528532e+00
9.917508902793008019e+03,3.860294500656888950e+00
9.917508924438690883e+03,3.860294474836472922e+00
9.917508946084373747e+03,3.860294449018279561e+00
9.917508967730056611e+03,3.860294423202307534e+00
9.917508989375739475e+03,3.860294397388558618e+00
9.917509011021422339e+03,3.860294371577030592e+00
9.917509032667105203e+03,3.860294345767725677e+00
9.917509054312788066e+03,3.860294319960642984e+00
9.917509075958472749e+03,3.860294294155780737e+00
9.917509097604155613e+03,3.860294268353142932e+00
9.917509119249838477e+03,3.860294242552728239e+00
9.917509140895521341e+03,3.860294216754535768e+00
9.917509162541204205e+03,3.860294190958565963e+00
9.917509184186887069e+03,3.860294165164818381e+00
9.917509205832569933e+03,3.860294139373295241e+00
9.917509227478252797e+03,3.860294113583993880e+00
9.917509249123937479e+03,3.860294087796914297e+00
9.917509270769620343e+03,3.860294062012059602e+00
9.917509292415303207e+03,3.860294036229428016e+00
9.917509314060986071e+03,3.860294010449020430e+00
9.917509335706668935e+03,3.860293984670835954e+00
9.917509357352351799e+03,3.860293958894874589e+00
9.917509378998034663e+03,3.860293933121136778e+00
9.917509400643717527e+03,3.860293907349623410e+00
9.917509422289402210e+03,3.860293881580331821e+00
9.917509443935085073e+03,3.860293855813265118e+00
9.917509465580767937e+03,3.860293830048422414e+00
9.917509487226450801e+03,3.860293804285804153e+00
9.917509508872133665e+03,3.860293778525410335e+00
9.917509530517816529e+03,3.860293752767240516e+00
9.917509552163499393e+03,3.860293727011294251e+00
9.917509573809182257e+03,3.860293701257572874e+00
9.917509595454866940e+03,3.860293675506073274e+00
9.917509617100549804e+03,3.860293649756800782e+00
9.917509638746232667e+03,3.860293624009753177e+00
9.917509660391915531e+03,3.860293598264929571e+00
9.917509682037598395e+03,3.860293572522330408e+00
9.917509703683281259e+03,3.860293546781956575e+00
9.917509725328964123e+03,3.860293521043807630e+00
9.917509746974646987e+03,3.860293495307883571e+00
9.917509768620331670e+03,3.860293469574182179e+00
9.917509790266014534e+03,3.860293443842708783e+00
9.917509811911697398e+03,3.860293418113460273e+00
9.917509833557380261e+03,3.860293392386436651e+00
9.917509855203063125e+03,3.860293366661638359e+00
9.917509876848745989e+03,3.860293340939065843e+00
9.917509898494428853e+03,3.860293315218719545e+00
9.917509920140111717e+03,3.860293289500598135e+00
9.917509941785794581e+03,3.860293263784702056e+00
9.917509963431479264e+03,3.860293238071029975e+00
9.917509985077162128e+03,3.860293212359585890e+00
9.917510006722844992e+03,3.860293186650368025e+00
9.917510028368527855e+03,3.860293160943375934e+00
9.917510050014210719e+03,3.860293135238610063e+00
9.917510071659893583e+03,3.860293109536069966e+00
9.917510093305576447e+03,3.860293083835756089e+00
9.917510114951259311e+03,3.860293058137669320e+00
9.917510136596943994e+03,3.860293032441806993e+00
9.917510158242626858e+03,3.860293006748171774e+00
9.917510179888309722e+03,3.860292981056764550e+00
9.917510201533992586e+03,3.860292955367583545e+00
9.917510223179675450e+03,3.860292929680629648e+00
9.917510244825358313e+03,3.860292903995901970e+00
9.917510266471041177e+03,3.860292878313401399e+00
9.917510288116724041e+03,3.860292852633127936e+00
9.917510309762408724e+03,3.860292826955079359e+00
9.917510331408091588e+03,3.860292801279260555e+00
9.917510353053774452e+03,3.860292775605667970e+00
9.917510374699457316e+03,3.860292749934303824e+00
9.917510396345140180e+03,3.860292724265166342e+00
9.917510417990823044e+03,3.860292698598256855e+00
9.917510439636505907e+03,3.860292672933573588e+00
9.917510461282188771e+03,3.860292647271119648e+00
9.917510482927873454e+03,3.860292621610890151e+00
9.917510504573556318e+03,3.860292595952891315e+00
9.917510526219239182e+03,3.860292570297120029e+00
9.917510547864922046e+03,3.860292544643577184e+00
9.917510569510604910e+03,3.860292518992261890e+00
9.917510591156287774e+03,3.860292493343174591e+00
9.917510612801970638e+03,3.860292467696315732e+00
9.917510634447653501e+03,3.860292442051685313e+00
9.917510656093338184e+03,3.860292416409281113e+00
9.917510677739021048e+03,3.860292390769107573e+00
9.917510699384703912e+03,3.860292365131162029e+00
9.917510721030386776e+03,3.860292339495445813e+00
9.917510742676069640e+03,3.860292313861958036e+00
9.917510764321752504e+03,3.860292288230698698e+00
9.917510785967435368e+03,3.860292262601668245e+00
9.917510807613118232e+03,3.860292236974866675e+00
9.917510829258802914e+03,3.860292211350292213e+00
9.917510850904485778e+03,3.860292185727948855e+00
9.917510872550168642e+03,3.860292160107835269e+00
9.917510894195851506e+03,3.860292134489950566e+00
9.917510915841534370e+03,3.860292108874295192e+00
9.917510937487217234e+03,3.860292083260868701e+00
9.917510959132900098e+03,3.860292057649672426e+00
9.917510980778582962e+03,3.860292032040705035e+00
9.917511002424265826e+03,3.860292006433968304e+00
9.917511024069950508e+03,3.860291980829458680e+00
9.917511045715633372e+03,3.860291955227181493e+00
9.917511067361316236e+03,3.860291929627133634e+00
9.917511089006999100e+03,3.860291904029315102e+00
9.917511110652681964e+03,3.860291878433728119e+00
9.917511132298364828e+03,3.860291852840370019e+00
9.917511153944047692e+03,3.860291827249243468e+00
9.917511175589730556e+03,3.860291801660345801e+00
9.917511197235415239e+03,3.860291776073677017e+00
9.917511218881098102e+03,3.860291750489241114e+00
9.917511240526780966e+03,3.860291724907034983e+00
9.917511262172463830e+03,3.860291699327060400e+00
9.917511283818146694e+03,3.860291673749316033e+00
9.917511305463829558e+03,3.860291648173802770e+00
9.917511327109512422e+03,3.860291622600519723e+00
9.917511348755195286e+03,3.860291597029468225e+00
9.917511370400879969e+03,3.860291571460645610e+00
9.917511392046562833e+03,3.860291545894055876e+00
9.917511413692245696e+03,3.860291520329697246e+00
9.917511435337928560e+03,3.860291494767570608e+00
9.917511456983611424e+03,3.860291469207675075e+00
9.917511478629294288e+03,3.860291443650010201e+00
9.917511500274977152e+03,3.860291418094577764e+00
9.917511521920660016e+03,3.860291392541377320e+00
9.917511543566344699e+03,3.860291366990405315e+00
9.917511565212027563e+03,3.860291341441667523e+00
9.917511586857710427e+03,3.860291315895162167e+00
9.917511608503393290e+03,3.860291290350888360e+00
9.917511630149076154e+03,3.860291264808845657e+00
9.917511651794759018e+03,3.860291239269036279e+00
9.917511673440441882e+03,3.860291213731458448e+00
9.917511695086124746e+03,3.860291188196113499e+00
9.917511716731809429e+03,3.860291162662997877e+00
9.917511738377492293e+03,3.860291137132117800e+00
9.917511760023175157e+03,3.860291111603469272e+00
9.917511781668858021e+03,3.860291086077053180e+00
9.917511803314540884e+03,3.860291060552870857e+00
9.917511824960223748e+03,3.860291035030920082e+00
9.917511846605906612e+03,3.860291009511203075e+00
9.917511868251589476e+03,3.860290983993718061e+00
9.917511889897274159e+03,3.860290958478464152e+00
9.917511911542957023e+03,3.860290932965445787e+00
9.917511933188639887e+03,3.860290907454660747e+00
9.917511954834322751e+03,3.860290881946108144e+00
9.917511976480005615e+03,3.860290856439789753e+00
9.917511998125688478e+03,3.860290830935704243e+00
9.917512019771371342e+03,3.860290805433852501e+00
9.917512041417054206e+03,3.860290779934233196e+00
9.917512063062737070e+03,3.860290754436848992e+00
9.917512084708421753e+03,3.860290728941695448e+00
9.917512106354104617e+03,3.860290703448777450e+00
9.917512127999787481e+03,3.860290677958094108e+00
9.917512149645470345e+03,3.860290652469644090e+00
9.917512171291153209e+03,3.860290626983428730e+00
9.917512192936836072e+03,3.860290601499447138e+00
9.917512214582518936e+03,3.860290576017699316e+00
9.917512236228201800e+03,3.860290550538187038e+00
9.917512257873886483e+03,3.860290525060905420e+00
9.917512279519569347e+03,3.860290499585861124e+00
9.917512301165252211e+03,3.860290474113051484e+00
9.917512322810935075e+03,3.860290448642476058e+00
9.917512344456617939e+03,3.860290423174135288e+00
9.917512366102300803e+03,3.860290397708030063e+00
9.917512387747983666e+03,3.860290372244158164e+00
9.917512409393666530e+03,3.860290346782521809e+00
9.917512431039351213e+03,3.860290321323118334e+00
9.917512452685034077e+03,3.860290295865953070e+00
9.917512474330716941e+03,3.860290270411022018e+00
9.917512495976399805e+03,3.860290244958325623e+00
9.917512517622082669e+03,3.860290219507865217e+00
9.917512539267765533e+03,3.860290194059640356e+00
9.917512560913448397e+03,3.860290168613651041e+00
9.917512582559131260e+03,3.860290143169896382e+00
9.917512604204815943e+03,3.860290117728375936e+00
9.917512625850498807e+03,3.860290092289093256e+00
9.917512647496181671e+03,3.860290066852046564e+00
9.917512669141864535e+03,3.860290041417234974e+00
9.917512690787547399e+03,3.860290015984659373e+00
9.917512712433230263e+03,3.860289990554320205e+00
9.917512734078913127e+03,3.860289965126217471e+00
9.917512755724595991e+03,3.860289939700350725e+00
9.917512777370280673e+03,3.860289914276717749e+00
9.917512799015963537e+03,3.860289888855323426e+00
9.917512820661646401e+03,3.860289863436165536e+00
9.917512842307329265e+03,3.860289838019244080e+00
9.917512863953012129e+03,3.860289812604559501e+00
9.917512885598694993e+03,3.860289787192110911e+00
9.917512907244377857e+03,3.860289761781899642e+00
9.917512928890060721e+03,3.860289736373925695e+00
9.917512950535745404e+03,3.860289710968185961e+00
9.917512972181428268e+03,3.860289685564685325e+00
9.917512993827111131e+03,3.860289660163421566e+00
9.917513015472793995e+03,3.860289634764395128e+00
9.917513037118476859e+03,3.860289609367605568e+00
9.917513058764159723e+03,3.860289583973054217e+00
9.917513080409842587e+03,3.860289558580739744e+00
9.917513102055525451e+03,3.860289533190662148e+00
9.917513123701208315e+03,3.860289507802823206e+00
9.917513145346892998e+03,3.860289482417218920e+00
9.917513166992575862e+03,3.860289457033854621e+00
9.917513188638258725e+03,3.860289431652728531e+00
9.917513210283941589e+03,3.860289406273839319e+00
9.917513231929624453e+03,3.860289380897188760e+00
9.917513253575307317e+03,3.860289355522776411e+00
9.917513275220990181e+03,3.860289330150601828e+00
9.917513296866673045e+03,3.860289304780665454e+00
9.917513318512357728e+03,3.860289279412965069e+00
9.917513340158040592e+03,3.860289254047505114e+00
9.917513361803723456e+03,3.860289228684284257e+00
9.917513383449406319e+03,3.860289203323301166e+00
9.917513405095089183e+03,3.860289177964557172e+00
9.917513426740772047e+03,3.860289152608051833e+00
9.917513448386454911e+03,3.860289127253785146e+00
9.917513470032137775e+03,3.860289101901757558e+00
9.917513491677822458e+03,3.860289076551965959e+00
9.917513513323505322e+03,3.860289051204416122e+00
9.917513534969188186e+03,3.860289025859104495e+00
9.917513556614871050e+03,3.860289000516033298e+00
9.917513578260553913e+03,3.860288975175200310e+00
9.917513599906236777e+03,3.860288949836607308e+00
9.917513621551919641e+03,3.860288924500253849e+00
9.917513643197602505e+03,3.860288899166139043e+00
9.917513664843287188e+03,3.860288873834261558e+00
9.917513686488970052e+03,3.860288848504626280e+00
9.917513708134652916e+03,3.860288823177230988e+00
9.917513729780335780e+03,3.860288797852074794e+00
9.917513751426018644e+03,3.860288772529159473e+00
9.917513773071701507e+03,3.860288747208483695e+00
9.917513794717384371e+03,3.860288721890047903e+00
9.917513816363067235e+03,3.860288696573851208e+00
9.917513838008751918e+03,3.860288671259893611e+00
9.917513859654434782e+03,3.860288645948178665e+00
9.917513881300117646e+03,3.860288620638702817e+00
9.917513902945800510e+03,3.860288595331468731e+00
9.917513924591483374e+03,3.860288570026474186e+00
9.917513946237166238e+03,3.860288544723720960e+00
9.917513967882849101e+03,3.860288519423208164e+00
9.917513989528531965e+03,3.860288494124935799e+00
9.917514011174216648e+03,3.860288468828902531e+00
9.917514032819899512e+03,3.860288443535111469e+00
9.917514054465582376e+03,3.860288418243562614e+00
9.917514076111265240e+03,3.860288392954253744e+00
9.917514097756948104e+03,3.860288367667186638e+00
9.917514119402630968e+03,3.860288342382360405e+00
9.917514141048313832e+03,3.860288317099776378e+00
9.917514162693996695e+03,3.860288291819432782e+00
9.917514184339679559e+03,3.860288266541330504e+00
9.917514205985364242e+03,3.860288241265467768e+00
9.917514227631047106e+03,3.860288215991849459e+00
9.917514249276729970e+03,3.860288190720472024e+00
9.917514270922412834e+03,3.860288165451337239e+00
9.917514292568095698e+03,3.860288140184443773e+00
9.917514314213778562e+03,3.860288114919792068e+00
9.917514335859461426e+03,3.860288089657383015e+00
9.917514357505144289e+03,3.860288064397215724e+00
9.917514379150828972e+03,3.860288039139288419e+00
9.917514400796511836e+03,3.860288013883605096e+00
9.917514422442194700e+03,3.860287988630164868e+00
9.917514444087877564e+03,3.860287963378966403e+00
9.917514465733560428e+03,3.860287938130010588e+00
9.917514487379243292e+03,3.860287912883297423e+00
9.917514509024926156e+03,3.860287887638827353e+00
9.917514530670609020e+03,3.860287862396599934e+00
9.917514552316293702e+03,3.860287837156612500e+00
9.917514573961976566e+03,3.860287811918870826e+00
9.917514595607659430e+03,3.860287786683371802e+00
9.917514617253342294e+03,3.860287761450115429e+00
9.917514638899025158e+03,3.860287736219103039e+00
9.917514660544708022e+03,3.860287710990332855e+00
9.917514682190390886e+03,3.860287685763806653e+00
9.917514703836073750e+03,3.860287660539523991e+00
9.917514725481758433e+03,3.860287635317482202e+00
9.917514747127441296e+03,3.860287610097686173e+00
9.917514768773124160e+03,3.860287584880134126e+00
9.917514790418807024e+03,3.860287559664825174e+00
9.917514812064489888e+03,3.860287534451760649e+00
9.917514833710172752e+03,3.860287509240939663e+00
9.917514855355855616e+03,3.860287484032362215e+00
9.917514877001538480e+03,3.860287458826029194e+00
9.917514898647223163e+03,3.860287433621937936e+00
9.917514920292906027e+03,3.860287408420092881e+00
9.917514941938588890e+03,3.860287383220492252e+00
9.917514963584271754e+03,3.860287358023135607e+00
9.917514985229954618e+03,3.860287332828023832e+00
9.917515006875637482e+03,3.860287307635156040e+00
9.917515028521320346e+03,3.860287282444534007e+00
9.917515050167003210e+03,3.860287257256155069e+00
9.917515071812687893e+03,3.860287232070020114e+00
9.917515093458370757e+03,3.860287206886131806e+00
9.917515115104053621e+03,3.860287181704487036e+00
9.917515136749736484e+03,3.860287156525088026e+00
9.917515158395419348e+03,3.860287131347935219e+00
9.917515180041102212e+03,3.860287106173025951e+00
9.917515201686785076e+03,3.860287081000362885e+00
9.917515223332467940e+03,3.860287055829944247e+00
9.917515244978150804e+03,3.860287030661771368e+00
9.917515266623835487e+03,3.860287005495842028e+00
9.917515288269518351e+03,3.860286980332160223e+00
9.917515309915201215e+03,3.860286955170723289e+00
9.917515331560884078e+03,3.860286930011533002e+00
9.917515353206566942e+03,3.860286904854588474e+00
9.917515374852249806e+03,3.860286879699889262e+00
9.917515396497932670e+03,3.860286854547435809e+00
9.917515418143615534e+03,3.860286829397229003e+00
9.917515439789300217e+03,3.860286804249266179e+00
9.917515461434983081e+03,3.860286779103550892e+00
9.917515483080665945e+03,3.860286753960082695e+00
9.917515504726348809e+03,3.860286728818860258e+00
9.917515526372031673e+03,3.860286703679884468e+00
9.917515548017714536e+03,3.860286678543153993e+00
9.917515569663397400e+03,3.860286653408671054e+00
9.917515591309080264e+03,3.860286628276434762e+00
9.917515612954764947e+03,3.860286603146443341e+00
9.917515634600447811e+03,3.860286578018700343e+00
9.917515656246130675e+03,3.860286552893204437e+00
9.917515677891813539e+03,3.860286527769956066e+00
9.917515699537496403e+03,3.860286502648953011e+00
9.917515721183179267e+03,3.860286477530198379e+00
9.917515742828862130e+03,3.860286452413690395e+00
9.917515764474544994e+03,3.860286427299430834e+00
9.917515786120229677e+03,3.860286402187414811e+00
9.917515807765912541e+03,3.860286377077648989e+00
9.917515829411595405e+03,3.860286351970131591e+00
9.917515851057278269e+03,3.860286326864860396e+00
9.917515872702961133e+03,3.860286301761837624e+00
9.917515894348643997e+03,3.860286276661061944e+00
9.917515915994326861e+03,3.860286251562534687e+00
9.917515937640009724e+03,3.860286226466254966e+00
9.917515959285694407e+03,3.860286201372221893e+00
9.917515980931377271e+03,3.860286176280438575e+00
9.917516002577060135e+03,3.860286151190902348e+00
9.917516024222742999e+03,3.860286126103615434e+00
9.917516045868425863e+03,3.860286101018576943e+00
9.917516067514108727e+03,3.860286075935786876e+00
9.917516089159791591e+03,3.860286050855244788e+00
9.917516110805474455e+03,3.860286025776950680e+00
9.917516132451159137e+03,3.860286000700903219e+00
9.917516154096842001e+03,3.860285975627107735e+00
9.917516175742524865e+03,3.860285950555560230e+00
9.917516197388207729e+03,3.860285925486261149e+00
9.917516219033890593e+03,3.860285900419211824e+00
9.917516240679573457e+03,3.860285875354410923e+00
9.917516262325256321e+03,3.860285850291859333e+00
9.917516283970939185e+03,3.860285825231557055e+00
9.917516305616623868e+03,3.860285800173501869e+00
9.917516327262306731e+03,3.860285775117697327e+00
9.917516348907989595e+03,3.860285750064142540e+00
9.917516370553672459e+03,3.860285725012837954e+00
9.917516392199355323e+03,3.860285699963782680e+00
9.917516413845038187e+03,3.860285674916976717e+00
9.917516435490721051e+03,3.860285649872420510e+00
9.917516457136403915e+03,3.860285624830114060e+00
9.917516478782086779e+03,3.860285599790057365e+00
9.917516500427771462e+03,3.860285574752249094e+00
9.917516522073454325e+03,3.860285549716692355e+00
9.917516543719137189e+03,3.860285524683386704e+00
9.917516565364820053e+03,3.860285499652329921e+00
9.917516587010502917e+03,3.860285474623523783e+00
9.917516608656185781e+03,3.860285449596968732e+00
9.917516630301868645e+03,3.860285424572663882e+00
9.917516651947551509e+03,3.860285399550608343e+00
9.917516673593236192e+03,3.860285374530802560e+00
9.917516695238919056e+03,3.860285349513248754e+00
9.917516716884601919e+03,3.860285324497946036e+00
9.917516738530284783e+03,3.860285299484894406e+00
9.917516760175967647e+03,3.860285274474092976e+00
9.917516781821650511e+03,3.860285249465543966e+00
9.917516803467333375e+03,3.860285224459244269e+00
9.917516825113016239e+03,3.860285199455196548e+00
9.917516846758700922e+03,3.860285174453397694e+00
9.917516868404383786e+03,3.860285149453852593e+00
9.917516890050066650e+03,3.860285124456559025e+00
9.917516911695749513e+03,3.860285099461516101e+00
9.917516933341432377e+03,3.860285074468725597e+00
9.917516954987115241e+03,3.860285049478186181e+00
9.917516976632798105e+03,3.860285024489898742e+00
9.917516998278480969e+03,3.860284999503862391e+00
9.917517019924165652e+03,3.860284974520076240e+00
9.917517041569848516e+03,3.860284949538544286e+00
9.917517063215531380e+03,3.860284924559263864e+00
9.917517084861214244e+03,3.860284899582236307e+00
9.917517106506897107e+03,3.860284874607460281e+00
9.917517128152579971e+03,3.860284849634936677e+00
9.917517149798262835e+03,3.860284824664665049e+00
9.917517171443945699e+03,3.860284799696646729e+00
9.917517193089630382e+03,3.860284774730878166e+00
9.917517214735313246e+03,3.860284749767363799e+00
9.917517236380996110e+03,3.860284724806102297e+00
9.917517258026678974e+03,3.860284699847093659e+00
9.917517279672361838e+03,3.860284674890337886e+00
9.917517301318044701e+03,3.860284649935834533e+00
9.917517322963727565e+03,3.860284624983584933e+00
9.917517344609410429e+03,3.860284600033588198e+00
9.917517366255095112e+03,3.860284575085841663e+00
9.917517387900777976e+03,3.860284550140351101e+00
9.917517409546460840e+03,3.860284525197113847e+00
9.917517431192143704e+03,3.860284500256130347e+00
9.917517452837826568e+03,3.860284475317398822e+00
9.917517474483509432e+03,3.860284450380921939e+00
9.917517496129192295e+03,3.860284425446698364e+00
9.917517517774875159e+03,3.860284400514728986e+00
9.917517539420558023e+03,3.860284375585012029e+00
9.917517561066242706e+03,3.860284350657547492e+00
9.917517582711925570e+03,3.860284325732339372e+00
9.917517604357608434e+03,3.860284300809385005e+00
9.917517626003291298e+03,3.860284275888684391e+00
9.917517647648974162e+03,3.860284250970237974e+00
9.917517669294657026e+03,3.860284226054045753e+00
9.917517690940339889e+03,3.860284201140107729e+00
9.917517712586022753e+03,3.860284176228424791e+00
9.917517734231707436e+03,3.860284151318993384e+00
9.917517755877390300e+03,3.860284126411819283e+00
9.917517777523073164e+03,3.860284101506898935e+00
9.917517799168756028e+03,3.860284076604233228e+00
9.917517820814438892e+03,3.860284051703823049e+00
9.917517842460121756e+03,3.860284026805667512e+00
9.917517864105804620e+03,3.860284001909766616e+00
9.917517885751487484e+03,3.860283977016120360e+00
9.917517907397172166e+03,3.860283952124727413e+00
9.917517929042855030e+03,3.860283927235592216e+00
9.917517950688537894e+03,3.860283902348711660e+00
9.917517972334220758e+03,3.860283877464086633e+00
9.917517993979903622e+03,3.860283852581716690e+00
9.917518015625586486e+03,3.860283827701602721e+00
9.917518037271269350e+03,3.860283802823744725e+00
9.917518058916952214e+03,3.860283777948140482e+00
9.917518080562636897e+03,3.860283753074791768e+00
9.917518102208319760e+03,3.860283728203699916e+00
9.917518123854002624e+03,3.860283703334864036e+00
9.917518145499685488e+03,3.860283678468285018e+00
9.917518167145368352e+03,3.860283653603960641e+00
9.917518188791051216e+03,3.860283628741892681e+00
9.917518210436734080e+03,3.860283603882081582e+00
9.917518232082416944e+03,3.860283579024526013e+00
9.917518253728101627e+03,3.860283554169225084e+00
9.917518275373784491e+03,3.860283529316182349e+00
9.917518297019467354e+03,3.860283504465396032e+00
9.917518318665150218e+03,3.860283479616867020e+00
9.917518340310833082e+03,3.860283454770593980e+00
9.917518361956515946e+03,3.860283429926577803e+00
9.917518383602198810e+03,3.860283405084818487e+00
9.917518405247881674e+03,3.860283380245316032e+00
9.917518426893566357e+03,3.860283355408067774e+00
9.917518448539249221e+03,3.860283330573079930e+00
9.917518470184932085e+03,3.860283305740347615e+00
9.917518491830614948e+03,3.860283280909873938e+00
9.917518513476297812e+03,3.860283256081656678e+00
9.917518535121980676e+03,3.860283231255696723e+00
9.917518556767663540e+03,3.860283206431994518e+00
9.917518578413346404e+03,3.860283181610550063e+00
9.917518600059029268e+03,3.860283156791362913e+00
9.917518621704713951e+03,3.860283131974431292e+00
9.917518643350396815e+03,3.860283107159759641e+00
9.917518664996079679e+03,3.860283082347345740e+00
9.917518686641762542e+03,3.860283057537189588e+00
9.917518708287445406e+03,3.860283032729291186e+00
9.917518729933128270e+03,3.860283007923650977e+00
9.917518751578811134e+03,3.860282983120269851e+00
9.917518773224493998e+03,3.860282958319146029e+00
9.917518794870178681e+03,3.860282933520278181e+00
9.917518816515861545e+03,3.860282908723671191e+00
9.917518838161544409e+03,3.860282883929322395e+00
9.917518859807227273e+03,3.860282859137231792e+00
9.917518881452910136e+03,3.860282834347400716e+00
9.917518903098593000e+03,3.860282809559827832e+00
9.917518924744275864e+03,3.860282784774514031e+00
9.917518946389958728e+03,3.860282759991458423e+00
9.917518968035643411e+03,3.860282735210659677e+00
9.917518989681326275e+03,3.860282710432122233e+00
9.917519011327009139e+03,3.860282685655843871e+00
9.917519032972692003e+03,3.860282660881825034e+00
9.917519054618374867e+03,3.860282636110064836e+00
9.917519076264057730e+03,3.860282611340563719e+00
9.917519097909740594e+03,3.860282586573323016e+00
9.917519119555423458e+03,3.860282561808340951e+00
9.917519141201108141e+03,3.860282537045616191e+00
9.917519162846791005e+03,3.860282512285154066e+00
9.917519184492473869e+03,3.860282487526950579e+00
9.917519206138156733e+03,3.860282462771007062e+00
9.917519227783839597e+03,3.860282438017323514e+00
9.917519249429522461e+03,3.860282413265900381e+00
9.917519271075205324e+03,3.860282388516737218e+00
9.917519292720888188e+03,3.860282363769833580e+00
9.917519314366572871e+03,3.860282339025188580e+00
9.917519336012255735e+03,3.860282314282805327e+00
9.917519357657938599e+03,3.860282289542682488e+00
9.917519379303621463e+03,3.860282264804819619e+00
9.917519400949304327e+03,3.860282240069218052e+00
9.917519422594987191e+03,3.860282215335876899e+00
9.917519444240670055e+03,3.860282190604795716e+00
9.917519465886352918e+03,3.860282165875975835e+00
9.917519487532037601e+03,3.860282141149414592e+00
9.917519509177720465e+03,3.860282116425115984e+00
9.917519530823403329e+03,3.860282091703079121e+00
9.917519552469086193e+03,3.860282066983302673e+00
9.917519574114769057e+03,3.860282042265786639e+00
9.917519595760451921e+03,3.860282017550533240e+00
9.917519617406134785e+03,3.860281992837540255e+00
9.917519639051817649e+03,3.860281968126808128e+00
9.917519660697500512e+03,3.860281943418338191e+00
9.917519682343185195e+03,3.860281918712127336e+00
9.917519703988868059e+03,3.860281894008180448e+00
9.917519725634550923e+03,3.860281869306494418e+00
9.917519747280233787e+03,3.860281844607070578e+00
9.917519768925916651e+03,3.860281819909908485e+00
9.917519790571599515e+03,3.860281795215008582e+00
9.917519812217282379e+03,3.860281770522370426e+00
9.917519833862965243e+03,3.860281745831994460e+00
9.917519855508649925e+03,3.860281721143878020e+00
9.917519877154332789e+03,3.860281696458026435e+00
9.917519898800015653e+03,3.860281671774437040e+00
9.917519920445698517e+03,3.860281647093109836e+00
9.917519942091381381e+03,3.860281622414044378e+00
9.917519963737064245e+03,3.860281597737242443e+00
9.917519985382747109e+03,3.860281573062702698e+00
9.917520007028429973e+03,3.860281548390424700e+00
9.917520028674114656e+03,3.860281523720408892e+00
9.917520050319797519e+03,3.860281499052656606e+00
9.917520071965480383e+03,3.860281474387168288e+00
9.917520093611163247e+03,3.860281449723942604e+00
9.917520115256846111e+03,3.860281425062979554e+00
9.917520136902528975e+03,3.860281400404280472e+00
9.917520158548211839e+03,3.860281375747844024e+00
9.917520180193894703e+03,3.860281351093670210e+00
9.917520201839579386e+03,3.860281326441758587e+00
9.917520223485262250e+03,3.860281301792112263e+00
9.917520245130945113e+03,3.860281277144729906e+00
9.917520266776627977e+03,3.860281252499610183e+00
9.917520288422310841e+03,3.860281227856754871e+00
9.917520310067993705e+03,3.860281203216162194e+00
9.917520331713676569e+03,3.860281178577834371e+00
9.917520353359359433e+03,3.860281153941770071e+00
9.917520375005044116e+03,3.860281129307967962e+00
9.917520396650726980e+03,3.860281104676432040e+00
9.917520418296409844e+03,3.860281080047159641e+00
9.917520439942092707e+03,3.860281055420151652e+00
9.917520461587775571e+03,3.860281030795408519e+00
9.917520483233458435e+03,3.860281006172929796e+00
9.917520504879141299e+03,3.860280981552714596e+00
9.917520526524824163e+03,3.860280956934763807e+00
9.917520548170508846e+03,3.860280932319076097e+00
9.917520569816191710e+03,3.860280907705655462e+00
9.917520591461874574e+03,3.860280883094499682e+00
9.917520613107557438e+03,3.860280858485607869e+00
9.917520634753240302e+03,3.860280833878981799e+00
9.917520656398923165e+03,3.860280809274620140e+00
9.917520678044606029e+03,3.860280784672523779e+00
9.917520699690288893e+03,3.860280760072692274e+00
9.917520721335971757e+03,3.860280735475125624e+00
9.917520742981656440e+03,3.860280710879822941e+00
9.917520764627339304e+03,3.860280686286787333e+00
9.917520786273022168e+03,3.860280661696017024e+00
9.917520807918705032e+03,3.860280637107513346e+00
9.917520829564387896e+03,3.860280612521274080e+00
9.917520851210070759e+03,3.860280587937300556e+00
9.917520872855753623e+03,3.860280563355593664e+00
9.917520894501436487e+03,3.860280538776152071e+00
9.917520916147121170e+03,3.860280514198974444e+00
9.917520937792804034e+03,3.860280489624064337e+00
9.917520959438486898e+03,3.860280465051420862e+00
9.917520981084169762e+03,3.860280440481043129e+00
9.917521002729852626e+03,3.860280415912932028e+00
9.917521024375535490e+03,3.860280391347087114e+00
9.917521046021218353e+03,3.860280366783508388e+00
9.917521067666901217e+03,3.860280342222195848e+00
9.917521089312585900e+03,3.860280317663148164e+00
9.917521110958268764e+03,3.860280293106368887e+00
9.917521132603951628e+03,3.860280268551857130e+00
9.917521154249634492e+03,3.860280243999611116e+00
9.917521175895317356e+03,3.860280219449632622e+00
9.917521197541000220e+03,3.860280194901921202e+00
9.917521219186683084e+03,3.860280170356475526e+00
9.917521240832365947e+03,3.860280145813298258e+00
9.917521262478050630e+03,3.860280121272385401e+00
9.917521284123733494e+03,3.860280096733742283e+00
9.917521305769416358e+03,3.860280072197366241e+00
9.917521327415099222e+03,3.860280047663257275e+00
9.917521349060782086e+03,3.860280023131416272e+00
9.917521370706464950e+03,3.860279998601842344e+00
9.917521392352147814e+03,3.860279974074536824e+00
9.917521413997830678e+03,3.860279949549497935e+00
9.917521435643515360e+03,3.860279925026725234e+00
9.917521457289198224e+03,3.860279900506222273e+00
9.917521478934881088e+03,3.860279875987987275e+00
9.917521500580563952e+03,3.860279851472021129e+00
9.917521522226246816e+03,3.860279826958322058e+00
9.917521543871929680e+03,3.860279802446890951e+00
9.917521565517612544e+03,3.860279777937728696e+00
9.917521587163295408e+03,3.860279753430835292e+00
9.917521608808980091e+03,3.860279728926207188e+00
9.917521630454662954e+03,3.860279704423849712e+00
9.917521652100345818e+03,3.860279679923761087e+00
9.917521673746028682e+03,3.860279655425941314e+00
9.917521695391711546e+03,3.860279630930389949e+00
9.917521717037394410e+03,3.860279606437106992e+00
9.917521738683077274e+03,3.860279581946093330e+00
9.917521760328760138e+03,3.860279557457348965e+00
9.917521781974443002e+03,3.860279532970873007e+00
9.917521803620127685e+03,3.860279508486664568e+00
9.917521825265810548e+03,3.860279484004727202e+00
9.917521846911493412e+03,3.860279459525058687e+00
9.917521868557176276e+03,3.860279435047659913e+00
9.917521890202859140e+03,3.860279410572529546e+00
9.917521911848542004e+03,3.860279386099669363e+00
9.917521933494224868e+03,3.860279361629079364e+00
9.917521955139907732e+03,3.860279337160758661e+00
9.917521976785592415e+03,3.860279312694704590e+00
9.917521998431275279e+03,3.860279288230922923e+00
9.917522020076958142e+03,3.860279263769411884e+00
9.917522041722641006e+03,3.860279239310170141e+00
9.917522063368323870e+03,3.860279214853198582e+00
9.917522085014006734e+03,3.860279190398496318e+00
9.917522106659689598e+03,3.860279165946064683e+00
9.917522128305372462e+03,3.860279141495903676e+00
9.917522149951057145e+03,3.860279117048010633e+00
9.917522171596740009e+03,3.860279092602390882e+00
9.917522193242422873e+03,3.860279068159040428e+00
9.917522214888105736e+03,3.860279043717960601e+00
9.917522236533788600e+03,3.860279019279152291e+00
9.917522258179471464e+03,3.860278994842614164e+00
9.917522279825154328e+03,3.860278970408347110e+00
9.917522301470837192e+03,3.860278945976350240e+00
9.917522323116521875e+03,3.860278921546622222e+00
9.917522344762204739e+03,3.860278897119167940e+00
9.917522366407887603e+03,3.860278872693984731e+00
9.917522388053570467e+03,3.860278848271072594e+00
9.917522409699253330e+03,3.860278823850431085e+00
9.917522431344936194e+03,3.860278799432061536e+00
9.917522452990619058e+03,3.860278775015962616e+00
9.917522474636301922e+03,3.860278750602136100e+00
9.917522496281986605e+03,3.860278726190578436e+00
9.917522517927669469e+03,3.860278701781294508e+00
9.917522539573352333e+03,3.860278677374282985e+00
9.917522561219035197e+03,3.860278652969542978e+00
9.917522582864718061e+03,3.860278628567074044e+00
9.917522604510400924e+03,3.860278604166878402e+00
9.917522626156083788e+03,3.860278579768953389e+00
9.917522647801766652e+03,3.860278555373301224e+00
9.917522669447451335e+03,3.860278530979918798e+00
9.917522691093134199e+03,3.860278506588811442e+00
9.917522712738817063e+03,3.860278482199976047e+00
9.917522734384499927e+03,3.860278457813412167e+00
9.917522756030182791e+03,3.860278433429122025e+00
9.917522777675865655e+03,3.860278409047103398e+00
9.917522799321548518e+03,3.860278384667358065e+00
9.917522820967231382e+03,3.860278360289884692e+00
9.917522842612916065e+03,3.860278335914682835e+00
9.917522864258598929e+03,3.860278311541756047e+00
9.917522885904281793e+03,3.860278287171102107e+00
9.917522907549964657e+03,3.860278262802720128e+00
9.917522929195647521e+03,3.860278238436612774e+00
9.917522950841330385e+03,3.860278214072776937e+00
9.917522972487013249e+03,3.860278189711215724e+00
9.917522994132696113e+03,3.860278165351926916e+00
9.917523015778378976e+03,3.860278140994911844e+00
9.917523037424063659e+03,3.860278116640168733e+00
9.917523059069746523e+03,3.860278092287700247e+00
9.917523080715429387e+03,3.860278067937505941e+00
9.917523102361112251e+03,3.860278043589584929e+00
9.917523124006795115e+03,3.860278019243938541e+00
9.917523145652477979e+03,3.860277994900565446e+00
9.917523167298160843e+03,3.860277970559466088e+00
9.917523188943843707e+03,3.860277946220641354e+00
9.917523210589528389e+03,3.860277921884088137e+00
9.917523232235211253e+03,3.860277897549810877e+00
9.917523253880894117e+03,3.860277873217808242e+00
9.917523275526576981e+03,3.860277848888080232e+00
9.917523297172259845e+03,3.860277824560626403e+00
9.917523318817942709e+03,3.860277800235446755e+00
9.917523340463625573e+03,3.860277775912542175e+00
9.917523362109308437e+03,3.860277751591912221e+00
9.917523383754993120e+03,3.860277727273554227e+00
9.917523405400675983e+03,3.860277702957473522e+00
9.917523427046358847e+03,3.860277678643667443e+00
9.917523448692041711e+03,3.860277654332136432e+00
9.917523470337724575e+03,3.860277630022880491e+00
9.917523491983407439e+03,3.860277605715900062e+00
9.917523513629090303e+03,3.860277581411194259e+00
9.917523535274773167e+03,3.860277557108763080e+00
9.917523556920457850e+03,3.860277532808606527e+00
9.917523578566140714e+03,3.860277508510725930e+00
9.917523600211823577e+03,3.860277484215122179e+00
9.917523621857506441e+03,3.860277459921793053e+00
9.917523643503189305e+03,3.860277435630740328e+00
9.917523665148872169e+03,3.860277411341962672e+00
9.917523686794555033e+03,3.860277387055460530e+00
9.917523708440237897e+03,3.860277362771235232e+00
9.917523730085922580e+03,3.860277338489282783e+00
9.917523751731605444e+03,3.860277314209609401e+00
9.917523773377288308e+03,3.860277289932211087e+00
9.917523795022971171e+03,3.860277265657090062e+00
9.917523816668654035e+03,3.860277241384244551e+00
9.917523838314336899e+03,3.860277217113675441e+00
9.917523859960019763e+03,3.860277192845382288e+00
9.917523881605702627e+03,3.860277168579366425e+00
9.917523903251387310e+03,3.860277144315624742e+00
9.917523924897070174e+03,3.860277120054160793e+00
9.917523946542753038e+03,3.860277095794974578e+00
9.917523968188435902e+03,3.860277071538064764e+00
9.917523989834118765e+03,3.860277047283432683e+00
9.917524011479801629e+03,3.860277023031077004e+00
9.917524033125484493e+03,3.860276998780997726e+00
9.917524054771167357e+03,3.860276974533195737e+00
9.917524076416850221e+03,3.860276950287671038e+00
9.917524098062534904e+03,3.860276926044421408e+00
9.917524119708217768e+03,3.860276901803451732e+00
9.917524141353900632e+03,3.860276877564758458e+00
9.917524162999583496e+03,3.860276853328343361e+00
9.917524184645266359e+03,3.860276829094205997e+00
9.917524206290949223e+03,3.860276804862345923e+00
9.917524227936632087e+03,3.860276780632763138e+00
9.917524249582314951e+03,3.860276756405458531e+00
9.917524271227999634e+03,3.860276732180429438e+00
9.917524292873682498e+03,3.860276707957680742e+00
9.917524314519365362e+03,3.860276683737208892e+00
9.917524336165048226e+03,3.860276659519016551e+00
9.917524357810731090e+03,3.860276635303101500e+00
9.917524379456413953e+03,3.860276611089465515e+00
9.917524401102096817e+03,3.860276586878107263e+00
9.917524422747779681e+03,3.860276562669026745e+00
9.917524444393464364e+03,3.860276538462223961e+00
9.917524466039147228e+03,3.860276514257701130e+00
9.917524487684830092e+03,3.860276490055456922e+00
9.917524509330512956e+03,3.860276465855491335e+00
9.917524530976195820e+03,3.860276441657803925e+00
9.917524552621878684e+03,3.860276417462396470e+00
9.917524574267561547e+03,3.860276393269267636e+00
9.917524595913244411e+03,3.860276369078417424e+00
9.917524617558929094e+03,3.860276344889843614e+00
9.917524639204611958e+03,3.860276320703551978e+00
9.917524660850294822e+03,3.860276296519539407e+00
9.917524682495977686e+03,3.860276272337806347e+00
9.917524704141660550e+03,3.860276248158351908e+00
9.917524725787343414e+03,3.860276223981176980e+00
9.917524747433026278e+03,3.860276199806282449e+00
9.917524769078709141e+03,3.860276175633666984e+00
9.917524790724393824e+03,3.860276151463328809e+00
9.917524812370076688e+03,3.860276127295273252e+00
9.917524834015759552e+03,3.860276103129496761e+00
9.917524855661442416e+03,3.860276078966000224e+00
9.917524877307125280e+03,3.860276054804784529e+00
9.917524898952808144e+03,3.860276030645847456e+00
9.917524920598491008e+03,3.860276006489191669e+00
9.917524942244173872e+03,3.860275982334814948e+00
9.917524963889858554e+03,3.860275958182717293e+00
9.917524985535541418e+03,3.860275934032902256e+00
9.917525007181224282e+03,3.860275909885367174e+00
9.917525028826907146e+03,3.860275885740112933e+00
9.917525050472590010e+03,3.860275861597139535e+00
9.917525072118272874e+03,3.860275837456445647e+00
9.917525093763955738e+03,3.860275813318033933e+00
9.917525115409638602e+03,3.860275789181901729e+00
9.917525137055321466e+03,3.860275765048051699e+00
9.917525158701006148e+03,3.860275740916479847e+00
9.917525180346689012e+03,3.860275716787191058e+00
9.917525201992371876e+03,3.860275692660183111e+00
9.917525223638054740e+03,3.860275668535456894e+00
9.917525245283737604e+03,3.860275644413011964e+00
9.917525266929420468e+03,3.860275620292848320e+00
9.917525288575103332e+03,3.860275596174965962e+00
9.917525310220786196e+03,3.860275572059364890e+00
9.917525331866470879e+03,3.860275547946043773e+00
9.917525353512153742e+03,3.860275523835006162e+00
9.917525375157836606e+03,3.860275499726249837e+00
9.917525396803519470e+03,3.860275475619776131e+00
9.917525418449202334e+03,3.860275451515583267e+00
9.917525440094885198e+03,3.860275427413673022e+00
9.917525461740568062e+03,3.860275403314045395e+00
9.917525483386250926e+03,3.860275379216699498e+00
9.917525505031935609e+03,3.860275355121633112e+00
9.917525526677618473e+03,3.860275331028851120e+00
9.917525548323301336e+03,3.860275306938352191e+00
9.917525569968984200e+03,3.860275282850134992e+00
9.917525591614667064e+03,3.860275258764200856e+00
9.917525613260349928e+03,3.860275234680549339e+00
9.917525634906032792e+03,3.860275210599179996e+00
9.917525656551715656e+03,3.860275186520093271e+00
9.917525678197400339e+03,3.860275162443287389e+00
9.917525699843083203e+03,3.860275138368766790e+00
9.917525721488766067e+03,3.860275114296528365e+00
9.917525743134448931e+03,3.860275090226573447e+00
9.917525764780131794e+03,3.860275066158902035e+00
9.917525786425814658e+03,3.860275042093513242e+00
9.917525808071497522e+03,3.860275018030407512e+00
9.917525829717180386e+03,3.860274993969585289e+00
9.917525851362865069e+03,3.860274969911044796e+00
9.917525873008547933e+03,3.860274945854789586e+00
9.917525894654230797e+03,3.860274921800818326e+00
9.917525916299913661e+03,3.860274897749129686e+00
9.917525937945596525e+03,3.860274873699725440e+00
9.917525959591279388e+03,3.860274849652605145e+00
9.917525981236962252e+03,3.860274825607768356e+00
9.917526002882645116e+03,3.860274801565215963e+00
9.917526024528329799e+03,3.860274777524945300e+00
9.917526046174012663e+03,3.860274753486960364e+00
9.917526067819695527e+03,3.860274729451259823e+00
9.917526089465378391e+03,3.860274705417843233e+00
9.917526111111061255e+03,3.860274681386711038e+00
