Time (BJD_TBD - 2450000), F_star + F_b (mJy)
9.880038437500130385e+03,3.861577045750578918e+00
9.880038456059855889e+03,3.861576944591428528e+00
9.880038474619583212e+03,3.861576843431646200e+00
9.880038493179308716e+03,3.861576742271251916e+00
9.880038511739036039e+03,3.861576641110227470e+00
9.880038530298761543e+03,3.861576539948593290e+00
9.880038548858488866e+03,3.861576438786328502e+00
9.880038567418214370e+03,3.861576337623454425e+00
9.880038585977941693e+03,3.861576236459953293e+00
9.880038604537667197e+03,3.861576135295843315e+00
9.880038623097394520e+03,3.861576034131106727e+00
9.880038641657120024e+03,3.861575932965763513e+00
9.880038660216847347e+03,3.861575831799794578e+00
9.880038678776572851e+03,3.861575730633220349e+00
9.880038697336298355e+03,3.861575629466031057e+00
9.880038715896025678e+03,3.861575528298217375e+00
9.880038734455751182e+03,3.861575427129800175e+00
9.880038753015478505e+03,3.861575325960760363e+00
9.880038771575204009e+03,3.861575224791117478e+00
9.880038790134931332e+03,3.861575123620853311e+00
9.880038808694656836e+03,3.861575022449988737e+00
9.880038827254384159e+03,3.861574921278502881e+00
9.880038845814109663e+03,3.861574820106416617e+00
9.880038864373836986e+03,3.861574718933712624e+00
9.880038882933562491e+03,3.861574617760408223e+00
9.880038901493289814e+03,3.861574516586486538e+00
9.880038920053015318e+03,3.861574415411967109e+00
9.880038938612740822e+03,3.861574314236840610e+00
9.880038957172468145e+03,3.861574213061098604e+00
9.880038975732193649e+03,3.861574111884759741e+00
9.880038994291920972e+03,3.861574010707805815e+00
9.880039012851646476e+03,3.861573909530258142e+00
9.880039031411373799e+03,3.861573808352096293e+00
9.880039049971099303e+03,3.861573707173341585e+00
9.880039068530826626e+03,3.861573605993973146e+00
9.880039087090552130e+03,3.861573504814013180e+00
9.880039105650279453e+03,3.861573403633442148e+00
9.880039124210004957e+03,3.861573302452279588e+00
9.880039142769732280e+03,3.861573201270506850e+00
9.880039161329457784e+03,3.861573100088144361e+00
9.880039179889183288e+03,3.861572998905182796e+00
9.880039198448910611e+03,3.861572897721612829e+00
9.880039217008636115e+03,3.861572796537454888e+00
9.880039235568363438e+03,3.861572695352689877e+00
9.880039254128088942e+03,3.861572594167338668e+00
9.880039272687816265e+03,3.861572492981380389e+00
9.880039291247541769e+03,3.861572391794836800e+00
9.880039309807269092e+03,3.861572290607689251e+00
9.880039328366994596e+03,3.861572189419955947e+00
9.880039346926721919e+03,3.861572088231620459e+00
9.880039365486447423e+03,3.861571987042700993e+00
9.880039384046174746e+03,3.861571885853179786e+00
9.880039402605900250e+03,3.861571784663075491e+00
9.880039421165625754e+03,3.861571683472381000e+00
9.880039439725353077e+03,3.861571582281085657e+00
9.880039458285078581e+03,3.861571481089209890e+00
9.880039476844805904e+03,3.861571379896735046e+00
9.880039495404531408e+03,3.861571278703681998e+00
9.880039513964258731e+03,3.861571177510030317e+00
9.880039532523984235e+03,3.861571076315799989e+00
9.880039551083711558e+03,3.861570975120974136e+00
9.880039569643437062e+03,3.861570873925570524e+00
9.880039588203164385e+03,3.861570772729571832e+00
9.880039606762889889e+03,3.861570671532997601e+00
9.880039625322617212e+03,3.861570570335829178e+00
9.880039643882342716e+03,3.861570469138086104e+00
9.880039662442068220e+03,3.861570367939759940e+00
9.880039681001795543e+03,3.861570266740841362e+00
9.880039699561521047e+03,3.861570165541349908e+00
9.880039718121248370e+03,3.861570064341267372e+00
9.880039736680973874e+03,3.861569963140613737e+00
9.880039755240701197e+03,3.861569861939369463e+00
9.880039773800426701e+03,3.861569760737555423e+00
9.880039792360154024e+03,3.861569659535151633e+00
9.880039810919879528e+03,3.861569558332180740e+00
9.880039829479606851e+03,3.861569457128620542e+00
9.880039848039332355e+03,3.861569355924494129e+00
9.880039866599059678e+03,3.861569254719779298e+00
9.880039885158785182e+03,3.861569153514500030e+00
9.880039903718510686e+03,3.861569052308643446e+00
9.880039922278238009e+03,3.861568951102203773e+00
9.880039940837963513e+03,3.861568849895197886e+00
9.880039959397690836e+03,3.861568748687609354e+00
9.880039977957416340e+03,3.861568647479457717e+00
9.880039996517143663e+03,3.861568546270722990e+00
9.880040015076869167e+03,3.861568445061426491e+00
9.880040033636596490e+03,3.861568343851548679e+00
9.880040052196321994e+03,3.861568242641109983e+00
9.880040070756049317e+03,3.861568141430091305e+00
9.880040089315774821e+03,3.861568040218513520e+00
9.880040107875502144e+03,3.861567939006356642e+00
9.880040126435227648e+03,3.861567837793640656e+00
9.880040144994953152e+03,3.861567736580357568e+00
9.880040163554680475e+03,3.861567635366497164e+00
9.880040182114405980e+03,3.861567534152079872e+00
9.880040200674133303e+03,3.861567432937086597e+00
9.880040219233858807e+03,3.861567331721539098e+00
9.880040237793586130e+03,3.861567230505416060e+00
9.880040256353311634e+03,3.861567129288739242e+00
9.880040274913038957e+03,3.861567028071488217e+00
9.880040293472764461e+03,3.861566926853684745e+00
9.880040312032491784e+03,3.861566825635309286e+00
9.880040330592217288e+03,3.861566724416381824e+00
9.880040349151944611e+03,3.861566623196883263e+00
9.880040367711670115e+03,3.861566521976834032e+00
9.880040386271395619e+03,3.861566420756224804e+00
9.880040404831122942e+03,3.861566319535046254e+00
9.880040423390848446e+03,3.861566218313319698e+00
9.880040441950575769e+03,3.861566117091024264e+00
9.880040460510301273e+03,3.861566015868181712e+00
9.880040479070028596e+03,3.861565914644772057e+00
9.880040497629754100e+03,3.861565813420816617e+00
9.880040516189481423e+03,3.861565712196295852e+00
9.880040534749206927e+03,3.861565610971228413e+00
9.880040553308934250e+03,3.861565509745597424e+00
9.880040571868659754e+03,3.861565408519422871e+00
9.880040590428387077e+03,3.861565307292684768e+00
9.880040608988112581e+03,3.861565206065404432e+00
9.880040627547838085e+03,3.861565104837571205e+00
9.880040646107565408e+03,3.861565003609177094e+00
9.880040664667290912e+03,3.861564902380241637e+00
9.880040683227018235e+03,3.861564801150746629e+00
9.880040701786743739e+03,3.861564699920711607e+00
9.880040720346471062e+03,3.861564598690117034e+00
9.880040738906196566e+03,3.861564497458984668e+00
9.880040757465923889e+03,3.861564396227294971e+00
9.880040776025649393e+03,3.861564294995067037e+00
9.880040794585376716e+03,3.861564193762282660e+00
9.880040813145102220e+03,3.861564092528962266e+00
9.880040831704829543e+03,3.861563991295086318e+00
9.880040850264555047e+03,3.861563890060675686e+00
9.880040868824280551e+03,3.861563788825721044e+00
9.880040887384007874e+03,3.861563687590213068e+00
9.880040905943733378e+03,3.861563586354171296e+00
9.880040924503460701e+03,3.861563485117577521e+00
9.880040943063186205e+03,3.861563383880452616e+00
9.880040961622913528e+03,3.861563282642775263e+00
9.880040980182639032e+03,3.861563181404567668e+00
9.880040998742366355e+03,3.861563080165810735e+00
9.880041017302091859e+03,3.861562978926524003e+00
9.880041035861819182e+03,3.861562877686688378e+00
9.880041054421544686e+03,3.861562776446324285e+00
9.880041072981270190e+03,3.861562675205423290e+00
9.880041091540997513e+03,3.861562573963974732e+00
9.880041110100723017e+03,3.861562472722000372e+00
9.880041128660450340e+03,3.861562371479479339e+00
9.880041147220175844e+03,3.861562270236434280e+00
9.880041165779903167e+03,3.861562168992843436e+00
9.880041184339628671e+03,3.861562067748729454e+00
9.880041202899355994e+03,3.861561966504071908e+00
9.880041221459081498e+03,3.861561865258891668e+00
9.880041240018808821e+03,3.861561764013169196e+00
9.880041258578534325e+03,3.861561662766925362e+00
9.880041277138261648e+03,3.861561561520140184e+00
9.880041295697987152e+03,3.861561460272834090e+00
9.880041314257712656e+03,3.861561359024999085e+00
9.880041332817439979e+03,3.861561257776624956e+00
9.880041351377165483e+03,3.861561156527732575e+00
9.880041369936892806e+03,3.861561055278301513e+00
9.880041388496618310e+03,3.861560954028353976e+00
9.880041407056345633e+03,3.861560852777868647e+00
9.880041425616071137e+03,3.861560751526868174e+00
9.880041444175798460e+03,3.861560650275331241e+00
9.880041462735523965e+03,3.861560549023280053e+00
9.880041481295251288e+03,3.861560447770694182e+00
9.880041499854976792e+03,3.861560346517594944e+00
9.880041518414704115e+03,3.861560245263962354e+00
9.880041536974429619e+03,3.861560144009817286e+00
9.880041555534155123e+03,3.861560042755150857e+00
9.880041574093882446e+03,3.861559941499952409e+00
9.880041592653607950e+03,3.861559840244242814e+00
9.880041611213335273e+03,3.861559738988004753e+00
9.880041629773060777e+03,3.861559637731255545e+00
9.880041648332788100e+03,3.861559536473978760e+00
9.880041666892513604e+03,3.861559435216192604e+00
9.880041685452240927e+03,3.861559333957879314e+00
9.880041704011966431e+03,3.861559232699059319e+00
9.880041722571693754e+03,3.861559131439712189e+00
9.880041741131419258e+03,3.861559030179859686e+00
9.880041759691146581e+03,3.861558928919481382e+00
9.880041778250872085e+03,3.861558827658598148e+00
9.880041796810597589e+03,3.861558726397201990e+00
9.880041815370324912e+03,3.861558625135281808e+00
9.880041833930050416e+03,3.861558523872858473e+00
9.880041852489777739e+03,3.861558422609913332e+00
9.880041871049503243e+03,3.861558321346465927e+00
9.880041889609230566e+03,3.861558220082498050e+00
9.880041908168956070e+03,3.861558118818029683e+00
9.880041926728683393e+03,3.861558017553040845e+00
9.880041945288408897e+03,3.861557916287553294e+00
9.880041963848136220e+03,3.861557815021547491e+00
9.880041982407861724e+03,3.861557713755042531e+00
9.880042000967589047e+03,3.861557612488021540e+00
9.880042019527314551e+03,3.861557511220502725e+00
9.880042038087040055e+03,3.861557409952478093e+00
9.880042056646767378e+03,3.861557308683937872e+00
9.880042075206492882e+03,3.861557207414902493e+00
9.880042093766220205e+03,3.861557106145352414e+00
9.880042112325945709e+03,3.861557004875308952e+00
9.880042130885673032e+03,3.861556903604752566e+00
9.880042149445398536e+03,3.861556802333703242e+00
9.880042168005125859e+03,3.861556701062141439e+00
9.880042186564851363e+03,3.861556599790088917e+00
9.880042205124578686e+03,3.861556498517525249e+00
9.880042223684304190e+03,3.861556397244471750e+00
9.880042242244031513e+03,3.861556295970908437e+00
9.880042260803757017e+03,3.861556194696855737e+00
9.880042279363482521e+03,3.861556093422304770e+00
9.880042297923209844e+03,3.861555992147246652e+00
9.880042316482935348e+03,3.861555890871700925e+00
9.880042335042662671e+03,3.861555789595648491e+00
9.880042353602388175e+03,3.861555688319111113e+00
9.880042372162115498e+03,3.861555587042066584e+00
9.880042390721841002e+03,3.861555485764538442e+00
9.880042409281568325e+03,3.861555384486505815e+00
9.880042427841293829e+03,3.861555283207990019e+00
9.880042446401021152e+03,3.861555181928971070e+00
9.880042464960746656e+03,3.861555080649469840e+00
9.880042483520473979e+03,3.861554979369466789e+00
9.880042502080199483e+03,3.861554878088982790e+00
9.880042520639924987e+03,3.861554776808008071e+00
9.880042539199652310e+03,3.861554675526533309e+00
9.880042557759377814e+03,3.861554574244579818e+00
9.880042576319105137e+03,3.861554472962127171e+00
9.880042594878830641e+03,3.861554371679196240e+00
9.880042613438557964e+03,3.861554270395767485e+00
9.880042631998283468e+03,3.861554169111862667e+00
9.880042650558010791e+03,3.861554067827460912e+00
9.880042669117736295e+03,3.861553966542583538e+00
9.880042687677463618e+03,3.861553865257211893e+00
9.880042706237189122e+03,3.861553763971364184e+00
9.880042724796916445e+03,3.861553662685023536e+00
9.880042743356641950e+03,3.861553561398209933e+00
9.880042761916367454e+03,3.861553460110912717e+00
9.880042780476094777e+03,3.861553358823123450e+00
9.880042799035820281e+03,3.861553257534863004e+00
9.880042817595547604e+03,3.861553156246112284e+00
9.880042836155273108e+03,3.861553054956890829e+00
9.880042854715000431e+03,3.861552953667179544e+00
9.880042873274725935e+03,3.861552852376999745e+00
9.880042891834453258e+03,3.861552751086331003e+00
9.880042910394178762e+03,3.861552649795193748e+00
9.880042928953906085e+03,3.861552548503570659e+00
9.880042947513631589e+03,3.861552447211479944e+00
9.880042966073358912e+03,3.861552345918903839e+00
9.880042984633084416e+03,3.861552244625861441e+00
9.880043003192809920e+03,3.861552143332344755e+00
9.880043021752537243e+03,3.861552042038343124e+00
9.880043040312262747e+03,3.861551940743878752e+00
9.880043058871990070e+03,3.861551839448931212e+00
9.880043077431715574e+03,3.861551738153520485e+00
9.880043095991442897e+03,3.861551636857628811e+00
9.880043114551168401e+03,3.861551535561275283e+00
9.880043133110895724e+03,3.861551434264442140e+00
9.880043151670621228e+03,3.861551332967147587e+00
9.880043170230348551e+03,3.861551231669374307e+00
9.880043188790074055e+03,3.861551130371142282e+00
9.880043207349801378e+03,3.861551029072432417e+00
9.880043225909526882e+03,3.861550927773264252e+00
9.880043244469252386e+03,3.861550826473628906e+00
9.880043263028979709e+03,3.861550725173517495e+00
9.880043281588705213e+03,3.861550623872950450e+00
9.880043300148432536e+03,3.861550522571908672e+00
9.880043318708158040e+03,3.861550421270411260e+00
9.880043337267885363e+03,3.861550319968440448e+00
9.880043355827610867e+03,3.861550218666016665e+00
9.880043374387338190e+03,3.861550117363119039e+00
9.880043392947063694e+03,3.861550016059770662e+00
9.880043411506791017e+03,3.861549914755949775e+00
9.880043430066516521e+03,3.861549813451677249e+00
9.880043448626243844e+03,3.861549712146934876e+00
9.880043467185969348e+03,3.861549610841743529e+00
9.880043485745694852e+03,3.861549509536092106e+00
9.880043504305422175e+03,3.861549408229972613e+00
9.880043522865147679e+03,3.861549306923405478e+00
9.880043541424875002e+03,3.861549205616370273e+00
9.880043559984600506e+03,3.861549104308888758e+00
9.880043578544327829e+03,3.861549003000940949e+00
9.880043597104053333e+03,3.861548901692547275e+00
9.880043615663780656e+03,3.861548800383689528e+00
9.880043634223506160e+03,3.861548699074387248e+00
9.880043652783233483e+03,3.861548597764620450e+00
9.880043671342958987e+03,3.861548496454410895e+00
9.880043689902686310e+03,3.861548395143739043e+00
9.880043708462411814e+03,3.861548293832625767e+00
9.880043727022137318e+03,3.861548192521059963e+00
9.880043745581864641e+03,3.861548091209034084e+00
9.880043764141590145e+03,3.861547989896568112e+00
9.880043782701317468e+03,3.861547888583642951e+00
9.880043801261042972e+03,3.861547787270278143e+00
9.880043819820770295e+03,3.861547685956455478e+00
9.880043838380495799e+03,3.861547584642195829e+00
9.880043856940223122e+03,3.861547483327478325e+00
9.880043875499948626e+03,3.861547382012323837e+00
9.880043894059675949e+03,3.861547280696714157e+00
9.880043912619401453e+03,3.861547179380668826e+00
9.880043931179128776e+03,3.861547078064169636e+00
9.880043949738854280e+03,3.861546976747235238e+00
9.880043968298579784e+03,3.861546875429858527e+00
9.880043986858307107e+03,3.861546774112027958e+00
9.880044005418032611e+03,3.861546672793765289e+00
9.880044023977759934e+03,3.861546571475051870e+00
9.880044042537485439e+03,3.861546470155906352e+00
9.880044061097212762e+03,3.861546368836311416e+00
9.880044079656938266e+03,3.861546267516285713e+00
9.880044098216665589e+03,3.861546166195811036e+00
9.880044116776391093e+03,3.861546064874907369e+00
9.880044135336118416e+03,3.861545963553556060e+00
9.880044153895843920e+03,3.861545862231777537e+00
9.880044172455571243e+03,3.861545760909551372e+00
9.880044191015296747e+03,3.861545659586900658e+00
9.880044209575022251e+03,3.861545558263812516e+00
9.880044228134749574e+03,3.861545456940280285e+00
9.880044246694475078e+03,3.861545355616323061e+00
9.880044265254202401e+03,3.861545254291922635e+00
9.880044283813927905e+03,3.861545152967098549e+00
9.880044302373655228e+03,3.861545051641832593e+00
9.880044320933380732e+03,3.861544950316143865e+00
9.880044339493108055e+03,3.861544848990013712e+00
9.880044358052833559e+03,3.861544747663463895e+00
9.880044376612560882e+03,3.861544646336472209e+00
9.880044395172286386e+03,3.861544545009062634e+00
9.880044413732013709e+03,3.861544443681212968e+00
9.880044432291739213e+03,3.861544342352945414e+00
9.880044450851464717e+03,3.861544241024249757e+00
9.880044469411192040e+03,3.861544139695117117e+00
9.880044487970917544e+03,3.861544038365567921e+00
9.880044506530644867e+03,3.861543937035582630e+00
9.880044525090370371e+03,3.861543835705181227e+00
9.880044543650097694e+03,3.861543734374346393e+00
9.880044562209823198e+03,3.861543633043096779e+00
9.880044580769550521e+03,3.861543531711414179e+00
9.880044599329276025e+03,3.861543430379317687e+00
9.880044617889003348e+03,3.861543329046789985e+00
9.880044636448728852e+03,3.861543227713849280e+00
9.880044655008456175e+03,3.861543126380478252e+00
9.880044673568181679e+03,3.861543025046696442e+00
9.880044692127907183e+03,3.861542923712494968e+00
9.880044710687634506e+03,3.861542822377864503e+00
9.880044729247360010e+03,3.861542721042824589e+00
9.880044747807087333e+03,3.861542619707357016e+00
9.880044766366812837e+03,3.861542518371481325e+00
9.880044784926540160e+03,3.861542417035178865e+00
9.880044803486265664e+03,3.861542315698470951e+00
9.880044822045992987e+03,3.861542214361336267e+00
9.880044840605718491e+03,3.861542113023797018e+00
9.880044859165445814e+03,3.861542011685833220e+00
9.880044877725171318e+03,3.861541910347466189e+00
9.880044896284898641e+03,3.861541809008674608e+00
9.880044914844624145e+03,3.861541707669481127e+00
9.880044933404349649e+03,3.861541606329875087e+00
9.880044951964076972e+03,3.861541504989848494e+00
9.880044970523802476e+03,3.861541403649420445e+00
9.880044989083529799e+03,3.861541302308571844e+00
9.880045007643255303e+03,3.861541200967324006e+00
9.880045026202982626e+03,3.861541099625656503e+00
9.880045044762708130e+03,3.861540998283591541e+00
9.880045063322435453e+03,3.861540896941108247e+00
9.880045081882160957e+03,3.861540795598227493e+00
9.880045100441888280e+03,3.861540694254930184e+00
9.880045119001613784e+03,3.861540592911236747e+00
9.880045137561341107e+03,3.861540491567128086e+00
9.880045156121066611e+03,3.861540390222624630e+00
9.880045174680792115e+03,3.861540288877716609e+00
9.880045193240519438e+03,3.861540187532395585e+00
9.880045211800244942e+03,3.861540086186681098e+00
9.880045230359972265e+03,3.861539984840554052e+00
9.880045248919697769e+03,3.861539883494035319e+00
9.880045267479425092e+03,3.861539782147105360e+00
9.880045286039150596e+03,3.861539680799785490e+00
9.880045304598877919e+03,3.861539579452054838e+00
9.880045323158603424e+03,3.861539478103935163e+00
9.880045341718330747e+03,3.861539376755406927e+00
9.880045360278056251e+03,3.861539275406490113e+00
9.880045378837783574e+03,3.861539174057165180e+00
9.880045397397509078e+03,3.861539072707453890e+00
9.880045415957234582e+03,3.861538971357345584e+00
9.880045434516961905e+03,3.861538870006831825e+00
9.880045453076687409e+03,3.861538768655933485e+00
9.880045471636414732e+03,3.861538667304630135e+00
9.880045490196140236e+03,3.861538565952943092e+00
9.880045508755867559e+03,3.861538464600852372e+00
9.880045527315593063e+03,3.861538363248378847e+00
9.880045545875320386e+03,3.861538261895503421e+00
9.880045564435045890e+03,3.861538160542246079e+00
9.880045582994773213e+03,3.861538059188588612e+00
9.880045601554498717e+03,3.861537957834549672e+00
9.880045620114226040e+03,3.861537856480111941e+00
9.880045638673951544e+03,3.861537755125294957e+00
9.880045657233677048e+03,3.861537653770088507e+00
9.880045675793404371e+03,3.861537552414485042e+00
9.880045694353129875e+03,3.861537451058504100e+00
9.880045712912857198e+03,3.861537349702125699e+00
9.880045731472582702e+03,3.861537248345372486e+00
9.880045750032310025e+03,3.861537146988222702e+00
9.880045768592035529e+03,3.861537045630698550e+00
9.880045787151762852e+03,3.861536944272780492e+00
9.880045805711488356e+03,3.861536842914487178e+00
9.880045824271215679e+03,3.861536741555802621e+00
9.880045842830941183e+03,3.861536640196744585e+00
9.880045861390666687e+03,3.861536538837304633e+00
9.880045879950394010e+03,3.861536437477473882e+00
9.880045898510119514e+03,3.861536336117272317e+00
9.880045917069846837e+03,3.861536234756680397e+00
9.880045935629572341e+03,3.861536133395718551e+00
9.880045954189299664e+03,3.861536032034369015e+00
9.880045972749025168e+03,3.861535930672649997e+00
9.880045991308752491e+03,3.861535829310543733e+00
9.880046009868477995e+03,3.861535727948070651e+00
9.880046028428205318e+03,3.861535626585211212e+00
9.880046046987930822e+03,3.861535525221986287e+00
9.880046065547658145e+03,3.861535423858375449e+00
9.880046084107383649e+03,3.861535322494400013e+00
9.880046102667109153e+03,3.861535221130050655e+00
9.880046121226836476e+03,3.861535119765318047e+00
9.880046139786561980e+03,3.861535018400222175e+00
9.880046158346289303e+03,3.861534917034743941e+00
9.880046176906014807e+03,3.861534815668904663e+00
9.880046195465742130e+03,3.861534714302684357e+00
9.880046214025467634e+03,3.861534612936103006e+00
9.880046232585194957e+03,3.861534511569142847e+00
9.880046251144920461e+03,3.861534410201822531e+00
9.880046269704647784e+03,3.861534308834124296e+00
9.880046288264373288e+03,3.861534207466067681e+00
9.880046306824100611e+03,3.861534106097633590e+00
9.880046325383826115e+03,3.861534004728843339e+00
9.880046343943551619e+03,3.861533903359686271e+00
9.880046362503278942e+03,3.861533801990153947e+00
9.880046381063004446e+03,3.861533700620265463e+00
9.880046399622731769e+03,3.861533599250003945e+00
9.880046418182457273e+03,3.861533497879388044e+00
9.880046436742184596e+03,3.861533396508399107e+00
9.880046455301910100e+03,3.861533295137058452e+00
9.880046473861637423e+03,3.861533193765345207e+00
9.880046492421362927e+03,3.861533092393280242e+00
9.880046510981090250e+03,3.861532991020844463e+00
9.880046529540815754e+03,3.861532889648059186e+00
9.880046548100543077e+03,3.861532788274903982e+00
9.880046566660268581e+03,3.861532686901400169e+00
9.880046585219994085e+03,3.861532585527537531e+00
9.880046603779721409e+03,3.861532484153307188e+00
9.880046622339446913e+03,3.861532382778729566e+00
9.880046640899174236e+03,3.861532281403786460e+00
9.880046659458899740e+03,3.861532180028496519e+00
9.880046678018627063e+03,3.861532078652841538e+00
9.880046696578352567e+03,3.861531977276841499e+00
9.880046715138079890e+03,3.861531875900477750e+00
9.880046733697805394e+03,3.861531774523770277e+00
9.880046752257532717e+03,3.861531673146699983e+00
9.880046770817258221e+03,3.861531571769287297e+00
9.880046789376985544e+03,3.861531470391513565e+00
9.880046807936711048e+03,3.861531369013397885e+00
9.880046826496436552e+03,3.861531267634931375e+00
9.880046845056163875e+03,3.861531166256106040e+00
9.880046863615889379e+03,3.861531064876941421e+00
9.880046882175616702e+03,3.861530963497417090e+00
9.880046900735342206e+03,3.861530862117555696e+00
9.880046919295069529e+03,3.861530760737336365e+00
9.880046937854795033e+03,3.861530659356780415e+00
9.880046956414522356e+03,3.861530557975867861e+00
9.880046974974247860e+03,3.861530456594619576e+00
9.880046993533975183e+03,3.861530355213016907e+00
9.880047012093700687e+03,3.861530253831079396e+00
9.880047030653428010e+03,3.861530152448787945e+00
9.880047049213153514e+03,3.861530051066163427e+00
9.880047067772879018e+03,3.861529949683195628e+00
9.880047086332606341e+03,3.861529848299876999e+00
9.880047104892331845e+03,3.861529746916226191e+00
9.880047123452059168e+03,3.861529645532224553e+00
9.880047142011784672e+03,3.861529544147892956e+00
9.880047160571511995e+03,3.861529442763211861e+00
9.880047179131237499e+03,3.861529341378201252e+00
9.880047197690964822e+03,3.861529239992842033e+00
9.880047216250690326e+03,3.861529138607155964e+00
9.880047234810417649e+03,3.861529037221122174e+00
9.880047253370143153e+03,3.861528935834761977e+00
9.880047271929870476e+03,3.861528834448054948e+00
9.880047290489595980e+03,3.861528733061023733e+00
9.880047309049321484e+03,3.861528631673656786e+00
9.880047327609048807e+03,3.861528530285946559e+00
9.880047346168774311e+03,3.861528428897912146e+00
9.880047364728501634e+03,3.861528327509534897e+00
9.880047383288227138e+03,3.861528226120834351e+00
9.880047401847954461e+03,3.861528124731793632e+00
9.880047420407679965e+03,3.861528023342430949e+00
9.880047438967407288e+03,3.861527921952727649e+00
9.880047457527132792e+03,3.861527820562704605e+00
9.880047476086860115e+03,3.861527719172342277e+00
9.880047494646585619e+03,3.861527617781661093e+00
9.880047513206312942e+03,3.861527516390641512e+00
9.880047531766038446e+03,3.861527414999304408e+00
9.880047550325763950e+03,3.861527313607640899e+00
9.880047568885491273e+03,3.861527212215640770e+00
9.880047587445216777e+03,3.861527110823324893e+00
9.880047606004944100e+03,3.861527009430674173e+00
9.880047624564669604e+03,3.861526908037708594e+00
9.880047643124396927e+03,3.861526806644409060e+00
9.880047661684122431e+03,3.861526705250796443e+00
9.880047680243849754e+03,3.861526603856851203e+00
9.880047698803575258e+03,3.861526502462593324e+00
9.880047717363302581e+03,3.861526401068004599e+00
9.880047735923028085e+03,3.861526299673104567e+00
9.880047754482755408e+03,3.861526198277874578e+00
9.880047773042480912e+03,3.861526096882335057e+00
9.880047791602206416e+03,3.861525995486475793e+00
9.880047810161933739e+03,3.861525894090288791e+00
9.880047828721659243e+03,3.861525792693792702e+00
9.880047847281386566e+03,3.861525691296970209e+00
9.880047865841112070e+03,3.861525589899841737e+00
9.880047884400839393e+03,3.861525488502385528e+00
9.880047902960564898e+03,3.861525387104625562e+00
9.880047921520292221e+03,3.861525285706539634e+00
9.880047940080017725e+03,3.861525184308150394e+00
9.880047958639745048e+03,3.861525082909436080e+00
9.880047977199470552e+03,3.861524981510420229e+00
9.880047995759197875e+03,3.861524880111081082e+00
9.880048014318923379e+03,3.861524778711440398e+00
9.880048032878648883e+03,3.861524677311488407e+00
9.880048051438376206e+03,3.861524575911215340e+00
9.880048069998101710e+03,3.861524474510642957e+00
9.880048088557829033e+03,3.861524373109750385e+00
9.880048107117554537e+03,3.861524271708560274e+00
9.880048125677281860e+03,3.861524170307050863e+00
9.880048144237007364e+03,3.861524068905244356e+00
9.880048162796734687e+03,3.861523967503120325e+00
9.880048181356460191e+03,3.861523866100700086e+00
9.880048199916187514e+03,3.861523764697964101e+00
9.880048218475913018e+03,3.861523663294933240e+00
9.880048237035640341e+03,3.861523561891587519e+00
9.880048255595365845e+03,3.861523460487948256e+00
9.880048274155091349e+03,3.861523359084005236e+00
9.880048292714818672e+03,3.861523257679749133e+00
9.880048311274544176e+03,3.861523156275201263e+00
9.880048329834271499e+03,3.861523054870341642e+00
9.880048348393997003e+03,3.861522953465191144e+00
9.880048366953724326e+03,3.861522852059730226e+00
9.880048385513449830e+03,3.861522750653980207e+00
9.880048404073177153e+03,3.861522649247920214e+00
9.880048422632902657e+03,3.861522547841571562e+00
9.880048441192629980e+03,3.861522446434916045e+00
9.880048459752355484e+03,3.861522345027971870e+00
9.880048478312082807e+03,3.861522243620722605e+00
9.880048496871808311e+03,3.861522142213186015e+00
9.880048515431533815e+03,3.861522040805353662e+00
9.880048533991261138e+03,3.861521939397217107e+00
9.880048552550986642e+03,3.861521837988795891e+00
9.880048571110713965e+03,3.861521736580071362e+00
9.880048589670439469e+03,3.861521635171063060e+00
9.880048608230166792e+03,3.861521533761752778e+00
9.880048626789892296e+03,3.861521432352160055e+00
9.880048645349619619e+03,3.861521330942266239e+00
9.880048663909345123e+03,3.861521229532092203e+00
9.880048682469072446e+03,3.861521128121617519e+00
9.880048701028797950e+03,3.861521026710863946e+00
9.880048719588525273e+03,3.861520925299810614e+00
9.880048738148250777e+03,3.861520823888479725e+00
9.880048756707976281e+03,3.861520722476861511e+00
9.880048775267703604e+03,3.861520621064945757e+00
9.880048793827429108e+03,3.861520519652753336e+00
9.880048812387156431e+03,3.861520418240265151e+00
9.880048830946881935e+03,3.861520316827501631e+00
9.880048849506609258e+03,3.861520215414444124e+00
9.880048868066334762e+03,3.861520114001111725e+00
9.880048886626062085e+03,3.861520012587486228e+00
9.880048905185787589e+03,3.861519911173588060e+00
9.880048923745514912e+03,3.861519809759397237e+00
9.880048942305240416e+03,3.861519708344935076e+00
9.880048960864967739e+03,3.861519606930182480e+00
9.880048979424693243e+03,3.861519505515158990e+00
9.880048997984418747e+03,3.861519404099854835e+00
9.880049016544146070e+03,3.861519302684262023e+00
9.880049035103871574e+03,3.861519201268401424e+00
9.880049053663598897e+03,3.861519099852252168e+00
9.880049072223324401e+03,3.861518998435835126e+00
9.880049090783051724e+03,3.861518897019132091e+00
9.880049109342777228e+03,3.861518795602162157e+00
9.880049127902504551e+03,3.861518694184907119e+00
9.880049146462230055e+03,3.861518592767386959e+00
9.880049165021957378e+03,3.861518491349582138e+00
9.880049183581682883e+03,3.861518389931513973e+00
9.880049202141410206e+03,3.861518288513162922e+00
9.880049220701135710e+03,3.861518187094548527e+00
9.880049239260861214e+03,3.861518085675661904e+00
9.880049257820588537e+03,3.861517984256495062e+00
9.880049276380314041e+03,3.861517882837066651e+00
9.880049294940041364e+03,3.861517781417358908e+00
9.880049313499766868e+03,3.861517679997390484e+00
9.880049332059494191e+03,3.861517578577143617e+00
9.880049350619219695e+03,3.861517477156638734e+00
9.880049369178947018e+03,3.861517375735855850e+00
9.880049387738672522e+03,3.861517274314816284e+00
9.880049406298399845e+03,3.861517172893499605e+00
9.880049424858125349e+03,3.861517071471927576e+00
9.880049443417852672e+03,3.861516970050079323e+00
9.880049461977578176e+03,3.861516868627976606e+00
9.880049480537303680e+03,3.861516767205610101e+00
9.880049499097031003e+03,3.861516665782970037e+00
9.880049517656756507e+03,3.861516564360077286e+00
9.880049536216483830e+03,3.861516462936912752e+00
9.880049554776209334e+03,3.861516361513495088e+00
9.880049573335936657e+03,3.861516260089807862e+00
9.880049591895662161e+03,3.861516158665869280e+00
9.880049610455389484e+03,3.861516057241660693e+00
9.880049629015114988e+03,3.861515955817202528e+00
9.880049647574842311e+03,3.861515854392476133e+00
9.880049666134567815e+03,3.861515752967502380e+00
9.880049684694295138e+03,3.861515651542260841e+00
9.880049703254020642e+03,3.861515550116771944e+00
9.880049721813746146e+03,3.861515448691027252e+00
9.880049740373473469e+03,3.861515347265016107e+00
9.880049758933198973e+03,3.861515245838760713e+00
9.880049777492926296e+03,3.861515144412240197e+00
9.880049796052651800e+03,3.861515042985476764e+00
9.880049814612379123e+03,3.861514941558449987e+00
9.880049833172104627e+03,3.861514840131179849e+00
9.880049851731831950e+03,3.861514738703648142e+00
9.880049870291557454e+03,3.861514637275874851e+00
9.880049888851284777e+03,3.861514535847840879e+00
9.880049907411010281e+03,3.861514434419566655e+00
9.880049925970737604e+03,3.861514332991033083e+00
9.880049944530463108e+03,3.861514231562260147e+00
9.880049963090188612e+03,3.861514130133238965e+00
9.880049981649915935e+03,3.861514028703959767e+00
9.880050000209641439e+03,3.861513927274443869e+00
9.880050018769368762e+03,3.861513825844670844e+00
9.880050037329094266e+03,3.861513724414662008e+00
9.880050055888821589e+03,3.861513622984397820e+00
9.880050074448547093e+03,3.861513521553898709e+00
9.880050093008274416e+03,3.861513420123146023e+00
9.880050111567999920e+03,3.861513318692159302e+00
9.880050130127727243e+03,3.861513217260919451e+00
9.880050148687452747e+03,3.861513115829447784e+00
9.880050167247180070e+03,3.861513014397723875e+00
9.880050185806905574e+03,3.861512912965769484e+00
9.880050204366631078e+03,3.861512811533573952e+00
9.880050222926358401e+03,3.861512710101128398e+00
9.880050241486083905e+03,3.861512608668454138e+00
9.880050260045811228e+03,3.861512507235530300e+00
9.880050278605536732e+03,3.861512405802379089e+00
9.880050297165264055e+03,3.861512304368979631e+00
9.880050315724989559e+03,3.861512202935353688e+00
9.880050334284716882e+03,3.861512101501482164e+00
9.880050352844442386e+03,3.861512000067383710e+00
9.880050371404169709e+03,3.861511898633040563e+00
9.880050389963895213e+03,3.861511797198473595e+00
9.880050408523622536e+03,3.861511695763661489e+00
9.880050427083348040e+03,3.861511594328627339e+00
9.880050445643073544e+03,3.861511492893359154e+00
9.880050464202800867e+03,3.861511391457850273e+00
9.880050482762526372e+03,3.861511290022119347e+00
9.880050501322253695e+03,3.861511188586147725e+00
9.880050519881979199e+03,3.861511087149954946e+00
9.880050538441706522e+03,3.861510985713523691e+00
9.880050557001432026e+03,3.861510884276873057e+00
9.880050575561159349e+03,3.861510782839983058e+00
9.880050594120884853e+03,3.861510681402875456e+00
9.880050612680612176e+03,3.861510579965531598e+00
9.880050631240337680e+03,3.861510478527970580e+00
9.880050649800063184e+03,3.861510377090183521e+00
9.880050668359790507e+03,3.861510275652160651e+00
9.880050686919516011e+03,3.861510174213923285e+00
9.880050705479243334e+03,3.861510072775452329e+00
9.880050724038968838e+03,3.861509971336766878e+00
9.880050742598696161e+03,3.861509869897849168e+00
9.880050761158421665e+03,3.861509768458717851e+00
9.880050779718148988e+03,3.861509667019355163e+00
9.880050798277874492e+03,3.861509565579781977e+00
9.880050816837601815e+03,3.861509464139977865e+00
9.880050835397327319e+03,3.861509362699963699e+00
9.880050853957054642e+03,3.861509261259719938e+00
9.880050872516780146e+03,3.861509159819267012e+00
9.880050891076505650e+03,3.861509058378596482e+00
9.880050909636232973e+03,3.861508956937699022e+00
9.880050928195958477e+03,3.861508855496592840e+00
9.880050946755685800e+03,3.861508754055261505e+00
9.880050965315411304e+03,3.861508652613724557e+00
9.880050983875138627e+03,3.861508551171962011e+00
9.880051002434864131e+03,3.861508449729995185e+00
9.880051020994591454e+03,3.861508348287804093e+00
9.880051039554316958e+03,3.861508246845410053e+00
9.880051058114044281e+03,3.861508145402792636e+00
9.880051076673769785e+03,3.861508043959973602e+00
9.880051095233497108e+03,3.861507942516932967e+00
9.880051113793222612e+03,3.861507841073691161e+00
9.880051132352948116e+03,3.861507739630238856e+00
9.880051150912675439e+03,3.861507638186567615e+00
9.880051169472400943e+03,3.861507536742696534e+00
9.880051188032128266e+03,3.861507435298606961e+00
9.880051206591853770e+03,3.861507333854320212e+00
9.880051225151581093e+03,3.861507232409815416e+00
9.880051243711306597e+03,3.861507130965113888e+00
9.880051262271033920e+03,3.861507029520196532e+00
9.880051280830759424e+03,3.861506928075084222e+00
9.880051299390486747e+03,3.861506826629756084e+00
9.880051317950212251e+03,3.861506725184233879e+00
9.880051336509939574e+03,3.861506623738498511e+00
9.880051355069665078e+03,3.861506522292569521e+00
9.880051373629390582e+03,3.861506420846438470e+00
9.880051392189117905e+03,3.861506319400095144e+00
9.880051410748843409e+03,3.861506217953561304e+00
9.880051429308570732e+03,3.861506116506816078e+00
9.880051447868296236e+03,3.861506015059880781e+00
9.880051466428023559e+03,3.861505913612736318e+00
9.880051484987749063e+03,3.861505812165402229e+00
9.880051503547476386e+03,3.861505710717861195e+00
9.880051522107201890e+03,3.861505609270132311e+00
9.880051540666929213e+03,3.861505507822195593e+00
9.880051559226654717e+03,3.861505406374072358e+00
9.880051577786382040e+03,3.861505304925744397e+00
9.880051596346107544e+03,3.861505203477229919e+00
9.880051614905833048e+03,3.861505102028522263e+00
9.880051633465560371e+03,3.861505000579609437e+00
9.880051652025285875e+03,3.861504899130513646e+00
9.880051670585013198e+03,3.861504797681214907e+00
9.880051689144738702e+03,3.861504696231734091e+00
9.880051707704466025e+03,3.861504594782051658e+00
9.880051726264191529e+03,3.861504493332188481e+00
9.880051744823918852e+03,3.861504391882124576e+00
9.880051763383644357e+03,3.861504290431881703e+00
9.880051781943371680e+03,3.861504188981438990e+00
9.880051800503097184e+03,3.861504087530817309e+00
9.880051819062824507e+03,3.861503986079998008e+00
9.880051837622550011e+03,3.861503884629001959e+00
9.880051856182275515e+03,3.861503783177817617e+00
9.880051874742002838e+03,3.861503681726438320e+00
9.880051893301728342e+03,3.861503580274883607e+00
9.880051911861455665e+03,3.861503478823133051e+00
9.880051930421181169e+03,3.861503377371209300e+00
9.880051948980908492e+03,3.861503275919091038e+00
9.880051967540633996e+03,3.861503174466799582e+00
9.880051986100361319e+03,3.861503073014315834e+00
9.880052004660086823e+03,3.861502971561660225e+00
9.880052023219814146e+03,3.861502870108813212e+00
9.880052041779539650e+03,3.861502768655795670e+00
9.880052060339266973e+03,3.861502667202588057e+00
9.880052078898992477e+03,3.861502565749210802e+00
9.880052097458717981e+03,3.861502464295654136e+00
9.880052116018445304e+03,3.861502362841909619e+00
9.880052134578170808e+03,3.861502261387997237e+00
9.880052153137898131e+03,3.861502159933898337e+00
9.880052171697623635e+03,3.861502058479632460e+00
9.880052190257350958e+03,3.861501957025180509e+00
9.880052208817076462e+03,3.861501855570563357e+00
9.880052227376803785e+03,3.861501754115762353e+00
9.880052245936529289e+03,3.861501652660796591e+00
9.880052264496256612e+03,3.861501551205647420e+00
9.880052283055982116e+03,3.861501449750335269e+00
9.880052301615709439e+03,3.861501348294840597e+00
9.880052320175434943e+03,3.861501246839185164e+00
9.880052338735160447e+03,3.861501145383357869e+00
9.880052357294887770e+03,3.861501043927350718e+00
9.880052375854613274e+03,3.861500942471183251e+00
9.880052394414340597e+03,3.861500841014836816e+00
9.880052412974066101e+03,3.861500739558331841e+00
9.880052431533793424e+03,3.861500638101649230e+00
9.880052450093518928e+03,3.861500536644808079e+00
9.880052468653246251e+03,3.861500435187791069e+00
9.880052487212971755e+03,3.861500333730617296e+00
9.880052505772699078e+03,3.861500232273268107e+00
9.880052524332424582e+03,3.861500130815764376e+00
9.880052542892151905e+03,3.861500029358085673e+00
9.880052561451877409e+03,3.861499927900252871e+00
9.880052580011602913e+03,3.861499826442257088e+00
9.880052598571330236e+03,3.861499724984089443e+00
9.880052617131055740e+03,3.861499623525769476e+00
9.880052635690783063e+03,3.861499522067277645e+00
9.880052654250508567e+03,3.861499420608635713e+00
9.880052672810235890e+03,3.861499319149823251e+00
9.880052691369961394e+03,3.861499217690861574e+00
9.880052709929688717e+03,3.861499116231730255e+00
9.880052728489414221e+03,3.861499014772451499e+00
9.880052747049141544e+03,3.861498913313004433e+00
9.880052765608867048e+03,3.861498811853410373e+00
9.880052784168594371e+03,3.861498710393649780e+00
9.880052802728319875e+03,3.861498608933742638e+00
9.880052821288045379e+03,3.861498507473680508e+00
9.880052839847772702e+03,3.861498406013453621e+00
9.880052858407498206e+03,3.861498304553082850e+00
9.880052876967225529e+03,3.861498203092549542e+00
9.880052895526951033e+03,3.861498101631871904e+00
9.880052914086678356e+03,3.861498000171032174e+00
9.880052932646403860e+03,3.861497898710051224e+00
9.880052951206131183e+03,3.861497797248909070e+00
9.880052969765856687e+03,3.861497695787626139e+00
9.880052988325584010e+03,3.861497594326182892e+00
9.880053006885309514e+03,3.861497492864601089e+00
9.880053025445036837e+03,3.861497391402860746e+00
9.880053044004762342e+03,3.861497289940981403e+00
9.880053062564487846e+03,3.861497188478955511e+00
9.880053081124215169e+03,3.861497087016772856e+00
9.880053099683940673e+03,3.861496985554452976e+00
9.880053118243667996e+03,3.861496884091977666e+00
9.880053136803393500e+03,3.861496782629368241e+00
9.880053155363120823e+03,3.861496681166603384e+00
9.880053173922846327e+03,3.861496579703704857e+00
9.880053192482573650e+03,3.861496478240653119e+00
9.880053211042299154e+03,3.861496376777469486e+00
9.880053229602026477e+03,3.861496275314132642e+00
9.880053248161751981e+03,3.861496173850665237e+00
9.880053266721479304e+03,3.861496072387046841e+00
9.880053285281204808e+03,3.861495970923297882e+00
9.880053303840930312e+03,3.861495869459409480e+00
9.880053322400657635e+03,3.861495767995372308e+00
9.880053340960383139e+03,3.861495666531205906e+00
9.880053359520110462e+03,3.861495565066892510e+00
9.880053378079835966e+03,3.861495463602452105e+00
9.880053396639563289e+03,3.861495362137864262e+00
9.880053415199288793e+03,3.861495260673151186e+00
9.880053433759016116e+03,3.861495159208292449e+00
9.880053452318741620e+03,3.861495057743308479e+00
9.880053470878468943e+03,3.861494956278180624e+00
9.880053489438194447e+03,3.861494854812929312e+00
9.880053507997921770e+03,3.861494753347535891e+00
9.880053526557647274e+03,3.861494651882019014e+00
9.880053545117372778e+03,3.861494550416370686e+00
9.880053563677100101e+03,3.861494448950581138e+00
9.880053582236825605e+03,3.861494347484670797e+00
9.880053600796552928e+03,3.861494246018621013e+00
9.880053619356278432e+03,3.861494144552451768e+00
9.880053637916005755e+03,3.861494043086143524e+00
9.880053656475731259e+03,3.861493941619717152e+00
9.880053675035458582e+03,3.861493840153153556e+00
9.880053693595184086e+03,3.861493738686472721e+00
9.880053712154911409e+03,3.861493637219656438e+00
9.880053730714636913e+03,3.861493535752723361e+00
9.880053749274364236e+03,3.861493434285655724e+00
9.880053767834089740e+03,3.861493332818473512e+00
9.880053786393815244e+03,3.861493231351166955e+00
9.880053804953542567e+03,3.861493129883727171e+00
9.880053823513268071e+03,3.861493028416175477e+00
9.880053842072995394e+03,3.861492926948491000e+00
9.880053860632720898e+03,3.861492825480695501e+00
9.880053879192448221e+03,3.861492724012768551e+00
9.880053897752173725e+03,3.861492622544731468e+00
9.880053916311901048e+03,3.861492521076565154e+00
9.880053934871626552e+03,3.861492419608290039e+00
9.880053953431353875e+03,3.861492318139885249e+00
9.880053971991079379e+03,3.861492216671373434e+00
9.880053990550806702e+03,3.861492115202735054e+00
9.880054009110532206e+03,3.861492013733988315e+00
9.880054027670257710e+03,3.861491912265127002e+00
9.880054046229985033e+03,3.861491810796139124e+00
9.880054064789710537e+03,3.861491709327047328e+00
9.880054083349437860e+03,3.861491607857830743e+00
9.880054101909163364e+03,3.861491506388510686e+00
9.880054120468890687e+03,3.861491404919068060e+00
9.880054139028616191e+03,3.861491303449522849e+00
9.880054157588343514e+03,3.861491201979855514e+00
9.880054176148069018e+03,3.861491100510087371e+00
9.880054194707796341e+03,3.861490999040197991e+00
9.880054213267521845e+03,3.861490897570208691e+00
9.880054231827249168e+03,3.861490796100099931e+00
9.880054250386974672e+03,3.861490694629893028e+00
9.880054268946700176e+03,3.861490593159577767e+00
9.880054287506427499e+03,3.861490491689145266e+00
9.880054306066153003e+03,3.861490390218614621e+00
9.880054324625880326e+03,3.861490288747968957e+00
9.880054343185605831e+03,3.861490187277226926e+00
9.880054361745333154e+03,3.861490085806368988e+00
9.880054380305058658e+03,3.861489984335416903e+00
9.880054398864785981e+03,3.861489882864352019e+00
9.880054417424511485e+03,3.861489781393192544e+00
9.880054435984238808e+03,3.861489679921920715e+00
9.880054454543964312e+03,3.861489578450556515e+00
9.880054473103691635e+03,3.861489476979081736e+00
9.880054491663417139e+03,3.861489375507515032e+00
9.880054510223142643e+03,3.861489274035847963e+00
9.880054528782869966e+03,3.861489172564071648e+00
9.880054547342595470e+03,3.861489071092205627e+00
9.880054565902322793e+03,3.861488969620232137e+00
9.880054584462048297e+03,3.861488868148170273e+00
9.880054603021775620e+03,3.861488766676000051e+00
9.880054621581501124e+03,3.861488665203744564e+00
9.880054640141228447e+03,3.861488563731382495e+00
9.880054658700953951e+03,3.861488462258934717e+00
9.880054677260681274e+03,3.861488360786382579e+00
9.880054695820406778e+03,3.861488259313745175e+00
9.880054714380134101e+03,3.861488157841005187e+00
9.880054732939859605e+03,3.861488056368181265e+00
9.880054751499585109e+03,3.861487954895265862e+00
9.880054770059312432e+03,3.861487853422247873e+00
9.880054788619037936e+03,3.861487751949149061e+00
9.880054807178765259e+03,3.861487650475948552e+00
9.880054825738490763e+03,3.861487549002668551e+00
9.880054844298218086e+03,3.861487447529289962e+00
9.880054862857943590e+03,3.861487346055831882e+00
9.880054881417670913e+03,3.861487244582275213e+00
9.880054899977396417e+03,3.861487143108640829e+00
9.880054918537123740e+03,3.861487041634910078e+00
9.880054937096849244e+03,3.861486940161102943e+00
9.880054955656576567e+03,3.861486838687199885e+00
9.880054974216302071e+03,3.861486737213221332e+00
9.880054992776027575e+03,3.861486635739157958e+00
9.880055011335754898e+03,3.861486534265001325e+00
9.880055029895480402e+03,3.861486432790770529e+00
9.880055048455207725e+03,3.861486331316447806e+00
9.880055067014933229e+03,3.861486229842052698e+00
9.880055085574660552e+03,3.861486128367565662e+00
9.880055104134386056e+03,3.861486026893007129e+00
9.880055122694113379e+03,3.861485925418358889e+00
9.880055141253838883e+03,3.861485823943640927e+00
9.880055159813566206e+03,3.861485722468833259e+00
9.880055178373291710e+03,3.861485620993957646e+00
9.880055196933019033e+03,3.861485519518994103e+00
9.880055215492744537e+03,3.861485418043963058e+00
9.880055234052470041e+03,3.861485316568854742e+00
9.880055252612197364e+03,3.861485215093660717e+00
9.880055271171922868e+03,3.861485113618400966e+00
9.880055289731650191e+03,3.861485012143056839e+00
9.880055308291375695e+03,3.861484910667647874e+00
9.880055326851103018e+03,3.861484809192154977e+00
9.880055345410828522e+03,3.861484707716599019e+00
9.880055363970555845e+03,3.861484606240961348e+00
9.880055382530281349e+03,3.861484504765260617e+00
9.880055401090008672e+03,3.861484403289479506e+00
9.880055419649734176e+03,3.861484301813637554e+00
9.880055438209461499e+03,3.861484200337715222e+00
9.880055456769187003e+03,3.861484098861733383e+00
9.880055475328912507e+03,3.861483997385682709e+00
9.880055493888639830e+03,3.861483895909553432e+00
9.880055512448365334e+03,3.861483794433366867e+00
9.880055531008092657e+03,3.861483692957103475e+00
9.880055549567818161e+03,3.861483591480783240e+00
9.880055568127545484e+03,3.861483490004387509e+00
9.880055586687270988e+03,3.861483388527936267e+00
9.880055605246998311e+03,3.861483287051410418e+00
9.880055623806723816e+03,3.861483185574830390e+00
9.880055642366451139e+03,3.861483084098176644e+00
9.880055660926176643e+03,3.861482982621470050e+00
9.880055679485902147e+03,3.861482881144701285e+00
9.880055698045629470e+03,3.861482779667861909e+00
9.880055716605354974e+03,3.861482678190970130e+00
9.880055735165082297e+03,3.861482576714008630e+00
9.880055753724807801e+03,3.861482475236996503e+00
9.880055772284535124e+03,3.861482373759916431e+00
9.880055790844260628e+03,3.861482272282787065e+00
9.880055809403987951e+03,3.861482170805589753e+00
9.880055827963713455e+03,3.861482069328344924e+00
9.880055846523440778e+03,3.861481967851033925e+00
9.880055865083166282e+03,3.861481866373675409e+00
9.880055883642893605e+03,3.861481764896252056e+00
9.880055902202619109e+03,3.861481663418784294e+00
9.880055920762344613e+03,3.861481561941261464e+00
9.880055939322071936e+03,3.861481460463675575e+00
9.880055957881797440e+03,3.861481358986045720e+00
9.880055976441524763e+03,3.861481257508353249e+00
9.880055995001250267e+03,3.861481156030619477e+00
9.880056013560977590e+03,3.861481054552823977e+00
9.880056032120703094e+03,3.861480953074987621e+00
9.880056050680430417e+03,3.861480851597091313e+00
9.880056069240155921e+03,3.861480750119155481e+00
9.880056087799883244e+03,3.861480648641160140e+00
9.880056106359608748e+03,3.861480547163126609e+00
9.880056124919336071e+03,3.861480445685035789e+00
9.880056143479061575e+03,3.861480344206907667e+00
9.880056162038787079e+03,3.861480242728732915e+00
9.880056180598514402e+03,3.861480141250503095e+00
9.880056199158239906e+03,3.861480039772236861e+00
9.880056217717967229e+03,3.861479938293916447e+00
9.880056236277692733e+03,3.861479836815561395e+00
9.880056254837420056e+03,3.861479735337153052e+00
9.880056273397145560e+03,3.861479633858712290e+00
9.880056291956872883e+03,3.861479532380219126e+00
9.880056310516598387e+03,3.861479430901693544e+00
9.880056329076325710e+03,3.861479329423117779e+00
9.880056347636051214e+03,3.861479227944511372e+00
9.880056366195778537e+03,3.861479126465854783e+00
9.880056384755504041e+03,3.861479024987168884e+00
9.880056403315229545e+03,3.861478923508444350e+00
9.880056421874956868e+03,3.861478822029671853e+00
9.880056440434682372e+03,3.861478720550872268e+00
9.880056458994409695e+03,3.861478619072025165e+00
9.880056477554135199e+03,3.861478517593152304e+00
9.880056496113862522e+03,3.861478416114233259e+00
9.880056514673588026e+03,3.861478314635289344e+00
9.880056533233315349e+03,3.861478213156301909e+00
9.880056551793040853e+03,3.861478111677289604e+00
9.880056570352768176e+03,3.861478010198234223e+00
9.880056588912493680e+03,3.861477908719156638e+00
9.880056607472221003e+03,3.861477807240036864e+00
9.880056626031946507e+03,3.861477705760895773e+00
9.880056644591672011e+03,3.861477604281723153e+00
9.880056663151399334e+03,3.861477502802511008e+00
9.880056681711124838e+03,3.861477401323279324e+00
9.880056700270852161e+03,3.861477299844008559e+00
9.880056718830577665e+03,3.861477198364719587e+00
9.880056737390304988e+03,3.861477096885392424e+00
9.880056755950030492e+03,3.861476995406048385e+00
9.880056774509757815e+03,3.861476893926667486e+00
9.880056793069483319e+03,3.861476792447271045e+00
9.880056811629210642e+03,3.861476690967838632e+00
9.880056830188936146e+03,3.861476589488391564e+00
9.880056848748663469e+03,3.861476488008911190e+00
9.880056867308388973e+03,3.861476386529416160e+00
9.880056885868114477e+03,3.861476285049898927e+00
9.880056904427841800e+03,3.861476183570348830e+00
9.880056922987567305e+03,3.861476082090787187e+00
9.880056941547294628e+03,3.861475980611194458e+00
9.880056960107020132e+03,3.861475879131591515e+00
9.880056978666747455e+03,3.861475777651958374e+00
9.880056997226472959e+03,3.861475676172315019e+00
9.880057015786200282e+03,3.861475574692644130e+00
9.880057034345925786e+03,3.861475473212965248e+00
9.880057052905653109e+03,3.861475371733258388e+00
9.880057071465378613e+03,3.861475270253544867e+00
9.880057090025105936e+03,3.861475168773804700e+00
9.880057108584831440e+03,3.861475067294058316e+00
9.880057127144556944e+03,3.861474965814297722e+00
9.880057145704284267e+03,3.861474864334512258e+00
9.880057164264009771e+03,3.861474762854723242e+00
9.880057182823737094e+03,3.861474661374911133e+00
9.880057201383462598e+03,3.861474559895095471e+00
9.880057219943189921e+03,3.861474458415258493e+00
9.880057238502915425e+03,3.861474356935419738e+00
9.880057257062642748e+03,3.861474255455560556e+00
9.880057275622368252e+03,3.861474153975700485e+00
9.880057294182095575e+03,3.861474052495821319e+00
9.880057312741821079e+03,3.861473951015943040e+00
9.880057331301548402e+03,3.861473849536046110e+00
9.880057349861273906e+03,3.861473748056150956e+00
9.880057368420999410e+03,3.861473646576249585e+00
9.880057386980726733e+03,3.861473545096330451e+00
9.880057405540452237e+03,3.861473443616416201e+00
9.880057424100179560e+03,3.861473342136485964e+00
9.880057442659905064e+03,3.861473240656561501e+00
9.880057461219632387e+03,3.861473139176622382e+00
9.880057479779357891e+03,3.861473037696689481e+00
9.880057498339085214e+03,3.861472936216744589e+00
9.880057516898810718e+03,3.861472834736806359e+00
9.880057535458538041e+03,3.861472733256856138e+00
9.880057554018263545e+03,3.861472631776915243e+00
9.880057572577990868e+03,3.861472530296963690e+00
9.880057591137716372e+03,3.861472428817021907e+00
9.880057609697441876e+03,3.861472327337081456e+00
9.880057628257169199e+03,3.861472225857131235e+00
9.880057646816894703e+03,3.861472124377193893e+00
9.880057665376622026e+03,3.861472022897248113e+00
9.880057683936347530e+03,3.861471921417316100e+00
9.880057702496074853e+03,3.861471819937376981e+00
9.880057721055800357e+03,3.861471718457452518e+00
9.880057739615527680e+03,3.861471616977522725e+00
9.880057758175253184e+03,3.861471515497608920e+00
9.880057776734980507e+03,3.861471414017691117e+00
9.880057795294706011e+03,3.861471312537789746e+00
9.880057813854433334e+03,3.861471211057886155e+00
9.880057832414158838e+03,3.861471109577999439e+00
9.880057850973884342e+03,3.861471008098122049e+00
9.880057869533611665e+03,3.861470906618243326e+00
9.880057888093337169e+03,3.861470805138384588e+00
9.880057906653064492e+03,3.861470703658525405e+00
9.880057925212789996e+03,3.861470602178687539e+00
9.880057943772517319e+03,3.861470500698851449e+00
9.880057962332242823e+03,3.861470399219037564e+00
9.880057980891970146e+03,3.861470297739226343e+00
9.880057999451695650e+03,3.861470196259438215e+00
9.880058018011422973e+03,3.861470094779654083e+00
9.880058036571148477e+03,3.861469993299894377e+00
9.880058055130875800e+03,3.861469891820140443e+00
9.880058073690601304e+03,3.861469790340411379e+00
9.880058092250326808e+03,3.861469688860698746e+00
9.880058110810054131e+03,3.861469587380993662e+00
9.880058129369779635e+03,3.861469485901316112e+00
9.880058147929506958e+03,3.861469384421646556e+00
9.880058166489232462e+03,3.861469282942005865e+00
9.880058185048959785e+03,3.861469181462373612e+00
9.880058203608685290e+03,3.861469079982772445e+00
9.880058222168412613e+03,3.861468978503181493e+00
9.880058240728138117e+03,3.861468877023621182e+00
9.880058259287865440e+03,3.861468775544073750e+00
9.880058277847590944e+03,3.861468674064558293e+00
9.880058296407318267e+03,3.861468572585055714e+00
9.880058314967043771e+03,3.861468471105586442e+00
9.880058333526769275e+03,3.861468369626141151e+00
9.880058352086496598e+03,3.861468268146710958e+00
9.880058370646222102e+03,3.861468166667317181e+00
9.880058389205949425e+03,3.861468065187938059e+00
9.880058407765674929e+03,3.861467963708596240e+00
9.880058426325402252e+03,3.861467862229272185e+00
9.880058444885127756e+03,3.861467760749984546e+00
9.880058463444855079e+03,3.861467659270716446e+00
9.880058482004580583e+03,3.861467557791487426e+00
9.880058500564307906e+03,3.861467456312277502e+00
9.880058519124033410e+03,3.861467354833107546e+00
9.880058537683760733e+03,3.861467253353958906e+00
9.880058556243486237e+03,3.861467151874852011e+00
9.880058574803211741e+03,3.861467050395777090e+00
9.880058593362939064e+03,3.861466948916724373e+00
9.880058611922664568e+03,3.861466847437715177e+00
9.880058630482391891e+03,3.861466745958730407e+00
9.880058649042117395e+03,3.861466644479789156e+00
9.880058667601844718e+03,3.861466543000873664e+00
9.880058686161570222e+03,3.861466441522003468e+00
9.880058704721297545e+03,3.861466340043159917e+00
9.880058723281023049e+03,3.861466238564363440e+00
9.880058741840750372e+03,3.861466137085593608e+00
9.880058760400475876e+03,3.861466035606872182e+00
9.880058778960203199e+03,3.861465934128179622e+00
9.880058797519928703e+03,3.861465832649536800e+00
9.880058816079654207e+03,3.861465731170933058e+00
9.880058834639381530e+03,3.861465629692361290e+00
9.880058853199107034e+03,3.861465528213838816e+00
9.880058871758834357e+03,3.861465426735349205e+00
9.880058890318559861e+03,3.861465325256911996e+00
9.880058908878287184e+03,3.861465223778507205e+00
9.880058927438012688e+03,3.861465122300156594e+00
9.880058945997740011e+03,3.861465020821839289e+00
9.880058964557465515e+03,3.861464919343577940e+00
9.880058983117192838e+03,3.861464817865350341e+00
9.880059001676918342e+03,3.861464716387179585e+00
9.880059020236645665e+03,3.861464614909045689e+00
9.880059038796371169e+03,3.861464513430968637e+00
9.880059057356096673e+03,3.861464411952939102e+00
9.880059075915823996e+03,3.861464310474948203e+00
9.880059094475549500e+03,3.861464208997016812e+00
9.880059113035276823e+03,3.861464107519124500e+00
9.880059131595002327e+03,3.861464006041292585e+00
9.880059150154729650e+03,3.861463904563501526e+00
9.880059168714455154e+03,3.861463803085771307e+00
9.880059187274182477e+03,3.861463701608083721e+00
9.880059205833907981e+03,3.861463600130458307e+00
9.880059224393635304e+03,3.861463498652876414e+00
9.880059242953360808e+03,3.861463397175358914e+00
9.880059261513088131e+03,3.861463295697884934e+00
9.880059280072813635e+03,3.861463194220476236e+00
9.880059298632539139e+03,3.861463092743123049e+00
9.880059317192266462e+03,3.861462991265816491e+00
9.880059335751991966e+03,3.861462889788576547e+00
9.880059354311719289e+03,3.861462788311383676e+00
9.880059372871444793e+03,3.861462686834259639e+00
9.880059391431172116e+03,3.861462585357183563e+00
9.880059409990897620e+03,3.861462483880177654e+00
9.880059428550624943e+03,3.861462382403220595e+00
9.880059447110350447e+03,3.861462280926334589e+00
9.880059465670077770e+03,3.861462179449499210e+00
9.880059484229803275e+03,3.861462077972735774e+00
9.880059502789530598e+03,3.861461976496024739e+00
9.880059521349256102e+03,3.861461875019386536e+00
9.880059539908981606e+03,3.861461773542812725e+00
9.880059558468708929e+03,3.861461672066291761e+00
9.880059577028434433e+03,3.861461570589845849e+00
9.880059595588161756e+03,3.861461469113455003e+00
9.880059614147887260e+03,3.861461367637140984e+00
9.880059632707614583e+03,3.861461266160882477e+00
9.880059651267340087e+03,3.861461164684702130e+00
9.880059669827067410e+03,3.861461063208578182e+00
9.880059688386792914e+03,3.861460961732533725e+00
9.880059706946520237e+03,3.861460860256547889e+00
9.880059725506245741e+03,3.861460758780641100e+00
9.880059744065973064e+03,3.861460657304794708e+00
9.880059762625698568e+03,3.861460555829029140e+00
9.880059781185424072e+03,3.861460454353335514e+00
9.880059799745151395e+03,3.861460352877703617e+00
9.880059818304876899e+03,3.861460251402153876e+00
9.880059836864604222e+03,3.861460149926666752e+00
9.880059855424329726e+03,3.861460048451264448e+00
9.880059873984057049e+03,3.861459946975925650e+00
9.880059892543782553e+03,3.861459845500672561e+00
9.880059911103509876e+03,3.861459744025484753e+00
9.880059929663235380e+03,3.861459642550383542e+00
9.880059948222962703e+03,3.861459541075348945e+00
9.880059966782688207e+03,3.861459439600401833e+00
9.880059985342415530e+03,3.861459338125522223e+00
9.880060003902141034e+03,3.861459236650731430e+00
9.880060022461866538e+03,3.861459135176020130e+00
9.880060041021593861e+03,3.861459033701378996e+00
9.880060059581319365e+03,3.861458932226826679e+00
9.880060078141046688e+03,3.861458830752346749e+00
9.880060096700772192e+03,3.861458729277958746e+00
9.880060115260499515e+03,3.861458627803642241e+00
9.880060133820225019e+03,3.861458526329418994e+00
9.880060152379952342e+03,3.861458424855269023e+00
9.880060170939677846e+03,3.861458323381213198e+00
9.880060189499405169e+03,3.861458221907231092e+00
9.880060208059130673e+03,3.861458120433345353e+00
9.880060226618857996e+03,3.861458018959535554e+00
9.880060245178583500e+03,3.861457917485821678e+00
9.880060263738309004e+03,3.861457816012194844e+00
9.880060282298036327e+03,3.861457714538645725e+00
9.880060300857761831e+03,3.861457613065195194e+00
9.880060319417489154e+03,3.861457511591823266e+00
9.880060337977214658e+03,3.861457410118551259e+00
9.880060356536941981e+03,3.861457308645359632e+00
9.880060375096667485e+03,3.861457207172267925e+00
9.880060393656394808e+03,3.861457105699257042e+00
9.880060412216120312e+03,3.861457004226349188e+00
9.880060430775847635e+03,3.861456902753523490e+00
9.880060449335573139e+03,3.861456801280800821e+00
9.880060467895298643e+03,3.861456699808172299e+00
9.880060486455025966e+03,3.861456598335627710e+00
9.880060505014751470e+03,3.861456496863187482e+00
9.880060523574478793e+03,3.861456395390834295e+00
9.880060542134204297e+03,3.861456293918586358e+00
9.880060560693931620e+03,3.861456192446424573e+00
9.880060579253657124e+03,3.861456090974370703e+00
9.880060597813384447e+03,3.861455989502405206e+00
9.880060616373109951e+03,3.861455888030547179e+00
9.880060634932837274e+03,3.861455786558779302e+00
9.880060653492562778e+03,3.861455685087121115e+00
9.880060672052290101e+03,3.861455583615553522e+00
9.880060690612015605e+03,3.861455482144096063e+00
9.880060709171741109e+03,3.861455380672741189e+00
9.880060727731468432e+03,3.861455279201477797e+00
9.880060746291193936e+03,3.861455177730327204e+00
9.880060764850921259e+03,3.861455076259269426e+00
9.880060783410646764e+03,3.861454974788327110e+00
9.880060801970374087e+03,3.861454873317478498e+00
9.880060820530099591e+03,3.861454771846745349e+00
9.880060839089826914e+03,3.861454670376107678e+00
9.880060857649552418e+03,3.861454568905586804e+00
9.880060876209279741e+03,3.861454467435162741e+00
9.880060894769005245e+03,3.861454365964856361e+00
9.880060913328732568e+03,3.861454264494648125e+00
9.880060931888458072e+03,3.861454163024559350e+00
9.880060950448183576e+03,3.861454061554579376e+00
9.880060969007910899e+03,3.861453960084699766e+00
9.880060987567636403e+03,3.861453858614940504e+00
9.880061006127363726e+03,3.861453757145282051e+00
9.880061024687089230e+03,3.861453655675746166e+00
9.880061043246816553e+03,3.861453554206312866e+00
9.880061061806542057e+03,3.861453452737002134e+00
9.880061080366269380e+03,3.861453351267795320e+00
9.880061098925994884e+03,3.861453249798712850e+00
9.880061117485722207e+03,3.861453148329735630e+00
9.880061136045447711e+03,3.861453046860883642e+00
9.880061154605175034e+03,3.861452945392136904e+00
9.880061173164900538e+03,3.861452843923518063e+00
9.880061191724626042e+03,3.861452742455015574e+00
9.880061210284353365e+03,3.861452640986621443e+00
9.880061228844078869e+03,3.861452539518355653e+00
9.880061247403806192e+03,3.861452438050199554e+00
9.880061265963531696e+03,3.861452336582172684e+00
9.880061284523259019e+03,3.861452235114255949e+00
9.880061303082984523e+03,3.861452133646470219e+00
9.880061321642711846e+03,3.861452032178796401e+00
9.880061340202437350e+03,3.861451930711254033e+00
9.880061358762164673e+03,3.861451829243824907e+00
9.880061377321890177e+03,3.861451727776529452e+00
9.880061395881617500e+03,3.861451626309348129e+00
9.880061414441343004e+03,3.861451524842300032e+00
9.880061433001068508e+03,3.861451423375378500e+00
9.880061451560795831e+03,3.861451321908571543e+00
9.880061470120521335e+03,3.861451220441901366e+00
9.880061488680248658e+03,3.861451118975348429e+00
9.880061507239974162e+03,3.861451017508933159e+00
9.880061525799701485e+03,3.861450916042636017e+00
9.880061544359426989e+03,3.861450814576476986e+00
9.880061562919154312e+03,3.861450713110438304e+00
9.880061581478879816e+03,3.861450611644539066e+00
9.880061600038607139e+03,3.861450510178760620e+00
9.880061618598332643e+03,3.861450408713123394e+00
9.880061637158059966e+03,3.861450307247607405e+00
9.880061655717785470e+03,3.861450205782234413e+00
9.880061674277510974e+03,3.861450104316994203e+00
9.880061692837238297e+03,3.861450002851877894e+00
9.880061711396963801e+03,3.861449901386905914e+00
9.880061729956691124e+03,3.861449799922058279e+00
9.880061748516416628e+03,3.861449698457356305e+00
9.880061767076143951e+03,3.861449596992780453e+00
9.880061785635869455e+03,3.861449495528351150e+00
9.880061804195596778e+03,3.861449394064048857e+00
9.880061822755322282e+03,3.861449292599894889e+00
9.880061841315049605e+03,3.861449191135869263e+00
9.880061859874775109e+03,3.861449089671992851e+00
9.880061878434502432e+03,3.861448988208245670e+00
9.880061896994227936e+03,3.861448886744648590e+00
9.880061915553953440e+03,3.861448785281192286e+00
9.880061934113680763e+03,3.861448683817868766e+00
9.880061952673406267e+03,3.861448582354696235e+00
9.880061971233133590e+03,3.861448480891656043e+00
9.880061989792859094e+03,3.861448379428769506e+00
9.880062008352586417e+03,3.861448277966017972e+00
9.880062026912311921e+03,3.861448176503419205e+00
9.880062045472039244e+03,3.861448075040957217e+00
9.880062064031764749e+03,3.861447973578649329e+00
9.880062082591492072e+03,3.861447872116478663e+00
9.880062101151217576e+03,3.861447770654464762e+00
9.880062119710944899e+03,3.861447669192588972e+00
9.880062138270670403e+03,3.861447567730870389e+00
9.880062156830395907e+03,3.861447466269300577e+00
9.880062175390123230e+03,3.861447364807870652e+00
9.880062193949848734e+03,3.861447263346600600e+00
9.880062212509576057e+03,3.861447161885470436e+00
9.880062231069301561e+03,3.861447060424502364e+00
9.880062249629028884e+03,3.861446958963675513e+00
9.880062268188754388e+03,3.861446857503010754e+00
9.880062286748481711e+03,3.861446756042489881e+00
9.880062305308207215e+03,3.861446654582131988e+00
9.880062323867934538e+03,3.861446553121917979e+00
9.880062342427660042e+03,3.861446451661868728e+00
9.880062360987387365e+03,3.861446350201965139e+00
9.880062379547112869e+03,3.861446248742227638e+00
9.880062398106838373e+03,3.861446147282647345e+00
9.880062416666565696e+03,3.861446045823213158e+00
9.880062435226291200e+03,3.861445944363947280e+00
9.880062453786018523e+03,3.861445842904829728e+00
9.880062472345744027e+03,3.861445741445880930e+00
9.880062490905471350e+03,3.861445639987081790e+00
9.880062509465196854e+03,3.861445538528452737e+00
9.880062528024924177e+03,3.861445437069975561e+00
9.880062546584649681e+03,3.861445335611668916e+00
9.880062565144377004e+03,3.861445234153514594e+00
9.880062583704102508e+03,3.861445132695532578e+00
9.880062602263829831e+03,3.861445031237703773e+00
9.880062620823555335e+03,3.861444929780048607e+00
9.880062639383280839e+03,3.861444828322558642e+00
9.880062657943008162e+03,3.861444726865222776e+00
9.880062676502733666e+03,3.861444625408063658e+00
9.880062695062460989e+03,3.861444523951060415e+00
9.880062713622186493e+03,3.861444422494233919e+00
9.880062732181913816e+03,3.861444321037564187e+00
9.880062750741639320e+03,3.861444219581073867e+00
9.880062769301366643e+03,3.861444118124741642e+00
9.880062787861092147e+03,3.861444016668587942e+00
9.880062806420819470e+03,3.861443915212595446e+00
9.880062824980544974e+03,3.861443813756782806e+00
9.880062843540272297e+03,3.861443712301131370e+00
9.880062862099997801e+03,3.861443610845661123e+00
9.880062880659723305e+03,3.861443509390363626e+00
9.880062899219450628e+03,3.861443407935228667e+00
9.880062917779176132e+03,3.861443306480277560e+00
9.880062936338903455e+03,3.861443205025491210e+00
9.880062954898628959e+03,3.861443103570888713e+00
9.880062973458356282e+03,3.861443002116451861e+00
9.880062992018081786e+03,3.861442900662201083e+00
9.880063010577809109e+03,3.861442799208116394e+00
9.880063029137534613e+03,3.861442697754218667e+00
9.880063047697261936e+03,3.861442596300489694e+00
9.880063066256987440e+03,3.861442494846948570e+00
9.880063084816714763e+03,3.861442393393576200e+00
9.880063103376440267e+03,3.861442291940393456e+00
9.880063121936165771e+03,3.861442190487390569e+00
9.880063140495893094e+03,3.861442089034559100e+00
9.880063159055618598e+03,3.861441987581918589e+00
9.880063177615345921e+03,3.861441886129449497e+00
9.880063196175071425e+03,3.861441784677173583e+00
9.880063214734798748e+03,3.861441683225071309e+00
9.880063233294524252e+03,3.861441581773162213e+00
9.880063251854251575e+03,3.861441480321428088e+00
9.880063270413977079e+03,3.861441378869888030e+00
9.880063288973704402e+03,3.861441277418523832e+00
9.880063307533429906e+03,3.861441175967356365e+00
9.880063326093157229e+03,3.861441074516365646e+00
9.880063344652882733e+03,3.861440973065571658e+00
9.880063363212608238e+03,3.861440871614966408e+00
9.880063381772335561e+03,3.861440770164539682e+00
9.880063400332061065e+03,3.861440668714312352e+00
9.880063418891788388e+03,3.861440567264263990e+00
9.880063437451513892e+03,3.861440465814416800e+00
9.880063456011241215e+03,3.861440364364750799e+00
9.880063474570966719e+03,3.861440262915285970e+00
9.880063493130694042e+03,3.861440161466003218e+00
9.880063511690419546e+03,3.861440060016923415e+00
9.880063530250146869e+03,3.861439958568027908e+00
9.880063548809872373e+03,3.861439857119335350e+00
9.880063567369599696e+03,3.861439755670827978e+00
9.880063585929325200e+03,3.861439654222525775e+00
9.880063604489050704e+03,3.861439552774419415e+00
9.880063623048778027e+03,3.861439451326500016e+00
9.880063641608503531e+03,3.861439349878787564e+00
9.880063660168230854e+03,3.861439248431262516e+00
9.880063678727956358e+03,3.861439146983945747e+00
9.880063697287683681e+03,3.861439045536817716e+00
9.880063715847409185e+03,3.861438944089899294e+00
9.880063734407136508e+03,3.861438842643170499e+00
9.880063752966862012e+03,3.861438741196653535e+00
9.880063771526589335e+03,3.861438639750326640e+00
9.880063790086314839e+03,3.861438538304212464e+00
9.880063808646042162e+03,3.861438436858291468e+00
9.880063827205767666e+03,3.861438335412582745e+00
9.880063845765493170e+03,3.861438233967077860e+00
9.880063864325220493e+03,3.861438132521766597e+00
9.880063882884945997e+03,3.861438031076670718e+00
9.880063901444673320e+03,3.861437929631771127e+00
9.880063920004398824e+03,3.861437828187087362e+00
9.880063938564126147e+03,3.861437726742600329e+00
9.880063957123851651e+03,3.861437625298330456e+00
9.880063975683578974e+03,3.861437523854258203e+00
9.880063994243304478e+03,3.861437422410404885e+00
9.880064012803031801e+03,3.861437320966750519e+00
9.880064031362757305e+03,3.861437219523316866e+00
9.880064049922484628e+03,3.861437118080082609e+00
9.880064068482210132e+03,3.861437016637069508e+00
9.880064087041935636e+03,3.861436915194268238e+00
9.880064105601662959e+03,3.861436813751669028e+00
9.880064124161388463e+03,3.861436712309291863e+00
9.880064142721115786e+03,3.861436610867119423e+00
9.880064161280841290e+03,3.861436509425170360e+00
9.880064179840568613e+03,3.861436407983425578e+00
9.880064198400294117e+03,3.861436306541906394e+00
9.880064216960021440e+03,3.861436205100593266e+00
9.880064235519746944e+03,3.861436103659506180e+00
9.880064254079474267e+03,3.861436002218626040e+00
9.880064272639199771e+03,3.861435900777973718e+00
9.880064291198927094e+03,3.861435799337529229e+00
9.880064309758652598e+03,3.861435697897314778e+00
9.880064328318378102e+03,3.861435596457318820e+00
9.880064346878105425e+03,3.861435495017532915e+00
9.880064365437830929e+03,3.861435393577977493e+00
9.880064383997558252e+03,3.861435292138633457e+00
9.880064402557283756e+03,3.861435190699522124e+00
9.880064421117011079e+03,3.861435089260622622e+00
9.880064439676736583e+03,3.861434987821955822e+00
9.880064458236463906e+03,3.861434886383502629e+00
9.880064476796189410e+03,3.861434784945284360e+00
9.880064495355916733e+03,3.861434683507281029e+00
9.880064513915642237e+03,3.861434582069512622e+00
9.880064532475369560e+03,3.861434480631960486e+00
9.880064551035095064e+03,3.861434379194645494e+00
9.880064569594820568e+03,3.861434277757556988e+00
9.880064588154547891e+03,3.861434176320686973e+00
9.880064606714273395e+03,3.861434074884054990e+00
9.880064625274000718e+03,3.861433973447642831e+00
9.880064643833726223e+03,3.861433872011470481e+00
9.880064662393453546e+03,3.861433770575517510e+00
9.880064680953179050e+03,3.861433669139806124e+00
9.880064699512906373e+03,3.861433567704315895e+00
9.880064718072631877e+03,3.861433466269067694e+00
9.880064736632359200e+03,3.861433364834042870e+00
9.880064755192084704e+03,3.861433263399260962e+00
9.880064773751812027e+03,3.861433161964702432e+00
9.880064792311537531e+03,3.861433060530389039e+00
9.880064810871263035e+03,3.861432959096311013e+00
9.880064829430990358e+03,3.861432857662458584e+00
9.880064847990715862e+03,3.861432756228852625e+00
9.880064866550443185e+03,3.861432654795473596e+00
9.880064885110168689e+03,3.861432553362342368e+00
9.880064903669896012e+03,3.861432451929438958e+00
9.880064922229621516e+03,3.861432350496784238e+00
9.880064940789348839e+03,3.861432249064358668e+00
9.880064959349074343e+03,3.861432147632183565e+00
9.880064977908801666e+03,3.861432046200238943e+00
9.880064996468527170e+03,3.861431944768545677e+00
9.880065015028254493e+03,3.861431843337084224e+00
9.880065033587979997e+03,3.861431741905874571e+00
9.880065052147705501e+03,3.861431640474908278e+00
9.880065070707432824e+03,3.861431539044176020e+00
9.880065089267158328e+03,3.861431437613697781e+00
9.880065107826885651e+03,3.861431336183454022e+00
9.880065126386611155e+03,3.861431234753466057e+00
9.880065144946338478e+03,3.861431133323713460e+00
9.880065163506063982e+03,3.861431031894217991e+00
9.880065182065791305e+03,3.861430930464960110e+00
9.880065200625516809e+03,3.861430829035959356e+00
9.880065219185244132e+03,3.861430727607197522e+00
9.880065237744969636e+03,3.861430626178695036e+00
9.880065256304696959e+03,3.861430524750431470e+00
9.880065274864422463e+03,3.861430423322428140e+00
9.880065293424147967e+03,3.861430321894676165e+00
9.880065311983875290e+03,3.861430220467166219e+00
9.880065330543600794e+03,3.861430119039917397e+00
9.880065349103328117e+03,3.861430017612911048e+00
9.880065367663053621e+03,3.861429916186168931e+00
9.880065386222780944e+03,3.861429814759669732e+00
9.880065404782506448e+03,3.861429713333436098e+00
9.880065423342233771e+03,3.861429611907446269e+00
9.880065441901959275e+03,3.861429510481722893e+00
9.880065460461686598e+03,3.861429409056245987e+00
9.880065479021412102e+03,3.861429307631035535e+00
9.880065497581137606e+03,3.861429206206082654e+00
9.880065516140864929e+03,3.861429104781378019e+00
9.880065534700590433e+03,3.861429003356942058e+00
9.880065553260317756e+03,3.861428901932756119e+00
9.880065571820043260e+03,3.861428800508838854e+00
9.880065590379770583e+03,3.861428699085172944e+00
9.880065608939496087e+03,3.861428597661777484e+00
9.880065627499223410e+03,3.861428496238634267e+00
9.880065646058948914e+03,3.861428394815763721e+00
9.880065664618676237e+03,3.861428293393145861e+00
9.880065683178401741e+03,3.861428191970801560e+00
9.880065701738129064e+03,3.861428090548711278e+00
9.880065720297854568e+03,3.861427989126895444e+00
9.880065738857580072e+03,3.861427887705346063e+00
9.880065757417307395e+03,3.861427786284051589e+00
9.880065775977032899e+03,3.861427684863033782e+00
9.880065794536760222e+03,3.861427583442273548e+00
9.880065813096485726e+03,3.861427482021790869e+00
9.880065831656213049e+03,3.861427380601566206e+00
9.880065850215938553e+03,3.861427279181620875e+00
9.880065868775665876e+03,3.861427177761935781e+00
9.880065887335391380e+03,3.861427076342530462e+00
9.880065905895118703e+03,3.861426974923385824e+00
9.880065924454844208e+03,3.861426873504522295e+00
9.880065943014571531e+03,3.861426772085920778e+00
9.880065961574297035e+03,3.861426670667602590e+00
9.880065980134022539e+03,3.861426569249556628e+00
9.880065998693749862e+03,3.861426467831775788e+00
9.880066017253475366e+03,3.861426366414278277e+00
9.880066035813202689e+03,3.861426264997045887e+00
9.880066054372928193e+03,3.861426163580099935e+00
9.880066072932655516e+03,3.861426062163419548e+00
9.880066091492381020e+03,3.861425960747026043e+00
9.880066110052108343e+03,3.861425859330900323e+00
9.880066128611833847e+03,3.861425757915062373e+00
9.880066147171561170e+03,3.861425656499492653e+00
9.880066165731286674e+03,3.861425555084212924e+00
9.880066184291013997e+03,3.861425453669202756e+00
9.880066202850739501e+03,3.861425352254483467e+00
9.880066221410465005e+03,3.861425250840044399e+00
9.880066239970192328e+03,3.861425149425878001e+00
9.880066258529917832e+03,3.861425048012002925e+00
9.880066277089645155e+03,3.861424946598401409e+00
9.880066295649370659e+03,3.861424845185092991e+00
9.880066314209097982e+03,3.861424743772058576e+00
9.880066332768823486e+03,3.861424642359319481e+00
9.880066351328550809e+03,3.861424540946855277e+00
9.880066369888276313e+03,3.861424439534687281e+00
9.880066388448003636e+03,3.861424338122795952e+00
9.880066407007729140e+03,3.861424236711200830e+00
9.880066425567456463e+03,3.861424135299884153e+00
9.880066444127181967e+03,3.861424033888865903e+00
9.880066462686907471e+03,3.861423932478135423e+00
9.880066481246634794e+03,3.861423831067685608e+00
9.880066499806360298e+03,3.861423729657535553e+00
9.880066518366087621e+03,3.861423628247666606e+00
9.880066536925813125e+03,3.861423526838098752e+00
9.880066555485540448e+03,3.861423425428812894e+00
9.880066574045265952e+03,3.861423324019829462e+00
9.880066592604993275e+03,3.861423222611128914e+00
9.880066611164718779e+03,3.861423121202732567e+00
9.880066629724446102e+03,3.861423019794620881e+00
9.880066648284171606e+03,3.861422918386813397e+00
9.880066666843898929e+03,3.861422816979291905e+00
9.880066685403624433e+03,3.861422715572075948e+00
9.880066703963349937e+03,3.861422614165157530e+00
9.880066722523077260e+03,3.861422512758526882e+00
9.880066741082802764e+03,3.861422411352203099e+00
9.880066759642530087e+03,3.861422309946167974e+00
9.880066778202255591e+03,3.861422208540442824e+00
9.880066796761982914e+03,3.861422107135007664e+00
9.880066815321708418e+03,3.861422005729882034e+00
9.880066833881435741e+03,3.861421904325048171e+00
9.880066852441161245e+03,3.861421802920525170e+00
9.880066871000888568e+03,3.861421701516294380e+00
9.880066889560614072e+03,3.861421600112377561e+00
9.880066908120341395e+03,3.861421498708752953e+00
9.880066926680066899e+03,3.861421397305442760e+00
9.880066945239792403e+03,3.861421295902437656e+00
9.880066963799519726e+03,3.861421194499727871e+00
9.880066982359245230e+03,3.861421093097332946e+00
9.880067000918972553e+03,3.861420991695235116e+00
9.880067019478698057e+03,3.861420890293453922e+00
9.880067038038425380e+03,3.861420788891970268e+00
9.880067056598150884e+03,3.861420687490805470e+00
9.880067075157878207e+03,3.861420586089939100e+00
9.880067093717603711e+03,3.861420484689392474e+00
9.880067112277331034e+03,3.861420383289146496e+00
9.880067130837056538e+03,3.861420281889220263e+00
9.880067149396783861e+03,3.861420180489596010e+00
9.880067167956509365e+03,3.861420079090292834e+00
9.880067186516234869e+03,3.861419977691302741e+00
9.880067205075962192e+03,3.861419876292615072e+00
9.880067223635687697e+03,3.861419774894251589e+00
9.880067242195415020e+03,3.861419673496193194e+00
9.880067260755140524e+03,3.861419572098458541e+00
9.880067279314867847e+03,3.861419470701029866e+00
9.880067297874593351e+03,3.861419369303927152e+00
9.880067316434320674e+03,3.861419267907131303e+00
9.880067334994046178e+03,3.861419166510661860e+00
9.880067353553773501e+03,3.861419065114501947e+00
9.880067372113499005e+03,3.861418963718669328e+00
9.880067390673226328e+03,3.861418862323146239e+00
9.880067409232951832e+03,3.861418760927953109e+00
9.880067427792677336e+03,3.861418659533079722e+00
9.880067446352404659e+03,3.861418558138517643e+00
9.880067464912130163e+03,3.861418456744286853e+00
9.880067483471857486e+03,3.861418355350369147e+00
9.880067502031582990e+03,3.861418253956783175e+00
9.880067520591310313e+03,3.861418152563510731e+00
9.880067539151035817e+03,3.861418051170573129e+00
9.880067557710763140e+03,3.861417949777949499e+00
9.880067576270488644e+03,3.861417848385660267e+00
9.880067594830215967e+03,3.861417746993688116e+00
9.880067613389941471e+03,3.861417645602051252e+00
9.880067631949668794e+03,3.861417544210732355e+00
9.880067650509394298e+03,3.861417442819750523e+00
9.880067669069119802e+03,3.861417341429096872e+00
9.880067687628847125e+03,3.861417240038761634e+00
9.880067706188572629e+03,3.861417138648766123e+00
9.880067724748299952e+03,3.861417037259091245e+00
9.880067743308025456e+03,3.861416935869755651e+00
9.880067761867752779e+03,3.861416834480742466e+00
9.880067780427478283e+03,3.861416733092070341e+00
9.880067798987205606e+03,3.861416631703721514e+00
9.880067817546931110e+03,3.861416530315714635e+00
9.880067836106658433e+03,3.861416428928032385e+00
9.880067854666383937e+03,3.861416327540694304e+00
9.880067873226111260e+03,3.861416226153679521e+00
9.880067891785836764e+03,3.861416124767011571e+00
9.880067910345562268e+03,3.861416023380679352e+00
9.880067928905289591e+03,3.861415921994673983e+00
9.880067947465015095e+03,3.861415820609015448e+00
9.880067966024742418e+03,3.861415719223685095e+00
9.880067984584467922e+03,3.861415617838702907e+00
9.880068003144195245e+03,3.861415516454051122e+00
9.880068021703920749e+03,3.861415415069747503e+00
9.880068040263648072e+03,3.861415313685774287e+00
9.880068058823373576e+03,3.861415212302152344e+00
9.880068077383100899e+03,3.861415110918861249e+00
9.880068095942826403e+03,3.861415009535923648e+00
9.880068114502553726e+03,3.861414908153317338e+00
9.880068133062279230e+03,3.861414806771064967e+00
9.880068151622004734e+03,3.861414705389155877e+00
9.880068170181732057e+03,3.861414604007582518e+00
9.880068188741457561e+03,3.861414502626363099e+00
9.880068207301184884e+03,3.861414401245479411e+00
9.880068225860910388e+03,3.861414299864952770e+00
9.880068244420637711e+03,3.861414198484761862e+00
9.880068262980363215e+03,3.861414097104929333e+00
9.880068281540090538e+03,3.861413995725435644e+00
9.880068300099816042e+03,3.861413894346299891e+00
9.880068318659543365e+03,3.861413792967503422e+00
9.880068337219268869e+03,3.861413691589066222e+00
9.880068355778996192e+03,3.861413590210970526e+00
9.880068374338721696e+03,3.861413488833236318e+00
9.880068392898447200e+03,3.861413387455852497e+00
9.880068411458174523e+03,3.861413286078812401e+00
9.880068430017900027e+03,3.861413184702134238e+00
9.880068448577627350e+03,3.861413083325800244e+00
9.880068467137352854e+03,3.861412981949829959e+00
9.880068485697080177e+03,3.861412880574205175e+00
9.880068504256805682e+03,3.861412779198944545e+00
9.880068522816533005e+03,3.861412677824031192e+00
9.880068541376258509e+03,3.861412576449483325e+00
9.880068559935985832e+03,3.861412475075283179e+00
9.880068578495711336e+03,3.861412373701450296e+00
9.880068597055438659e+03,3.861412272327966910e+00
9.880068615615164163e+03,3.861412170954852119e+00
9.880068634174889667e+03,3.861412069582096152e+00
9.880068652734616990e+03,3.861411968209691459e+00
9.880068671294342494e+03,3.861411866837657136e+00
9.880068689854069817e+03,3.861411765465974089e+00
9.880068708413795321e+03,3.861411664094663188e+00
9.880068726973522644e+03,3.861411562723704449e+00
9.880068745533248148e+03,3.861411461353119634e+00
9.880068764092975471e+03,3.861411359982887870e+00
9.880068782652700975e+03,3.861411258613031361e+00
9.880068801212428298e+03,3.861411157243529679e+00
9.880068819772153802e+03,3.861411055874402809e+00
9.880068838331881125e+03,3.861410954505632986e+00
9.880068856891606629e+03,3.861410853137239751e+00
9.880068875451332133e+03,3.861410751769214222e+00
9.880068894011059456e+03,3.861410650401546629e+00
9.880068912570784960e+03,3.861410549034257400e+00
9.880068931130512283e+03,3.861410447667327883e+00
9.880068949690237787e+03,3.861410346300777618e+00
9.880068968249965110e+03,3.861410244934588842e+00
9.880068986809690614e+03,3.861410143568779763e+00
9.880069005369417937e+03,3.861410042203333060e+00
9.880069023929143441e+03,3.861409940838269161e+00
9.880069042488870764e+03,3.861409839473567196e+00
9.880069061048596268e+03,3.861409738109249812e+00
9.880069079608323591e+03,3.861409636745295249e+00
9.880069098168049095e+03,3.861409535381726155e+00
9.880069116727774599e+03,3.861409434018531872e+00
9.880069135287501922e+03,3.861409332655703963e+00
9.880069153847227426e+03,3.861409231293262412e+00
9.880069172406954749e+03,3.861409129931188122e+00
9.880069190966680253e+03,3.861409028569501523e+00
9.880069209526407576e+03,3.861408927208183073e+00
9.880069228086133080e+03,3.861408825847253645e+00
9.880069246645860403e+03,3.861408724486693700e+00
9.880069265205585907e+03,3.861408623126523665e+00
9.880069283765313230e+03,3.861408521766724888e+00
9.880069302325038734e+03,3.861408420407316466e+00
9.880069320884766057e+03,3.861408319048281523e+00
9.880069339444491561e+03,3.861408217689637823e+00
9.880069358004217065e+03,3.861408116331377371e+00
9.880069376563944388e+03,3.861408014973491731e+00
9.880069395123669892e+03,3.861407913615999554e+00
9.880069413683397215e+03,3.861407812258882633e+00
9.880069432243122719e+03,3.861407710902160506e+00
9.880069450802850042e+03,3.861407609545814967e+00
9.880069469362575546e+03,3.861407508189867333e+00
9.880069487922302869e+03,3.861407406834295841e+00
9.880069506482028373e+03,3.861407305479122698e+00
9.880069525041755696e+03,3.861407204124327919e+00
9.880069543601481200e+03,3.861407102769932376e+00
9.880069562161208523e+03,3.861407001415916085e+00
9.880069580720934027e+03,3.861406900062301695e+00
9.880069599280659531e+03,3.861406798709076771e+00
9.880069617840386854e+03,3.861406697356234208e+00
9.880069636400112358e+03,3.861406596003793990e+00
9.880069654959839681e+03,3.861406494651736576e+00
9.880069673519565185e+03,3.861406393300081952e+00
9.880069692079292508e+03,3.861406291948811464e+00
9.880069710639018012e+03,3.861406190597946431e+00
9.880069729198745335e+03,3.861406089247465534e+00
9.880069747758470839e+03,3.861405987897391423e+00
9.880069766318198162e+03,3.861405886547703226e+00
9.880069784877923666e+03,3.861405785198422258e+00
9.880069803437650990e+03,3.861405683849528536e+00
9.880069821997376494e+03,3.861405582501042932e+00
9.880069840557101998e+03,3.861405481152956565e+00
9.880069859116829321e+03,3.861405379805260107e+00
9.880069877676554825e+03,3.861405278457973100e+00
9.880069896236282148e+03,3.861405177111077336e+00
9.880069914796007652e+03,3.861405075764591910e+00
9.880069933355734975e+03,3.861404974418498615e+00
9.880069951915460479e+03,3.861404873072818322e+00
9.880069970475187802e+03,3.861404771727530605e+00
9.880069989034913306e+03,3.861404670382656779e+00
9.880070007594640629e+03,3.861404569038177303e+00
9.880070026154366133e+03,3.861404467694112608e+00
9.880070044714093456e+03,3.861404366350443151e+00
9.880070063273818960e+03,3.861404265007190251e+00
9.880070081833544464e+03,3.861404163664343692e+00
9.880070100393271787e+03,3.861404062321893704e+00
9.880070118952997291e+03,3.861403960979863381e+00
9.880070137512724614e+03,3.861403859638230518e+00
9.880070156072450118e+03,3.861403758297016431e+00
9.880070174632177441e+03,3.861403656956202912e+00
9.880070193191902945e+03,3.861403555615809502e+00
9.880070211751630268e+03,3.861403454275816216e+00
9.880070230311355772e+03,3.861403352936245259e+00
9.880070248871083095e+03,3.861403251597075759e+00
9.880070267430808599e+03,3.861403150258329919e+00
9.880070285990534103e+03,3.861403048919996639e+00
9.880070304550261426e+03,3.861402947582067480e+00
9.880070323109986930e+03,3.861402846244563314e+00
9.880070341669714253e+03,3.861402744907463713e+00
9.880070360229439757e+03,3.861402643570789994e+00
9.880070378789167080e+03,3.861402542234522617e+00
9.880070397348892584e+03,3.861402440898682897e+00
9.880070415908619907e+03,3.861402339563249519e+00
9.880070434468345411e+03,3.861402238228246020e+00
9.880070453028072734e+03,3.861402136893649750e+00
9.880070471587798238e+03,3.861402035559483359e+00
9.880070490147525561e+03,3.861401934225726418e+00
9.880070508707251065e+03,3.861401832892400687e+00
9.880070527266976569e+03,3.861401731559495953e+00
9.880070545826703892e+03,3.861401630227003334e+00
9.880070564386429396e+03,3.861401528894942814e+00
9.880070582946156719e+03,3.861401427563295741e+00
9.880070601505882223e+03,3.861401326232080766e+00
9.880070620065609546e+03,3.861401224901281459e+00
9.880070638625335050e+03,3.861401123570916916e+00
9.880070657185062373e+03,3.861401022240967595e+00
9.880070675744787877e+03,3.861400920911453483e+00
9.880070694304515200e+03,3.861400819582356814e+00
9.880070712864240704e+03,3.861400718253697573e+00
9.880070731423968027e+03,3.861400616925455331e+00
9.880070749983693531e+03,3.861400515597652294e+00
9.880070768543419035e+03,3.861400414270277359e+00
9.880070787103146358e+03,3.861400312943322977e+00
9.880070805662871862e+03,3.861400211616807798e+00
9.880070824222599185e+03,3.861400110290714505e+00
9.880070842782324689e+03,3.861400008965062192e+00
9.880070861342052012e+03,3.861399907639831763e+00
9.880070879901777516e+03,3.861399806315044092e+00
9.880070898461504839e+03,3.861399704990680526e+00
9.880070917021230343e+03,3.861399603666759273e+00
9.880070935580957666e+03,3.861399502343263901e+00
9.880070954140683170e+03,3.861399401020212618e+00
9.880070972700410493e+03,3.861399299697587217e+00
9.880070991260135997e+03,3.861399198375408570e+00
9.880071009819861501e+03,3.861399097053666019e+00
9.880071028379588824e+03,3.861398995732352457e+00
9.880071046939314328e+03,3.861398894411485205e+00
9.880071065499041651e+03,3.861398793091047832e+00
9.880071084058767156e+03,3.861398691771058989e+00
9.880071102618494479e+03,3.861398590451500468e+00
9.880071121178219983e+03,3.861398489132392253e+00
9.880071139737947306e+03,3.861398387813714805e+00
9.880071158297672810e+03,3.861398286495489884e+00
9.880071176857400133e+03,3.861398185177697062e+00
9.880071195417125637e+03,3.861398083860356767e+00
9.880071213976852960e+03,3.861397982543450347e+00
9.880071232536578464e+03,3.861397881226997342e+00
9.880071251096303968e+03,3.861397779910989758e+00
9.880071269656031291e+03,3.861397678595416938e+00
9.880071288215756795e+03,3.861397577280301086e+00
9.880071306775484118e+03,3.861397475965621329e+00
9.880071325335209622e+03,3.861397374651398540e+00
9.880071343894936945e+03,3.861397273337612734e+00
9.880071362454662449e+03,3.861397172024286117e+00
9.880071381014389772e+03,3.861397070711398705e+00
9.880071399574115276e+03,3.861396969398970036e+00
9.880071418133842599e+03,3.861396868086982348e+00
9.880071436693568103e+03,3.861396766775454292e+00
9.880071455253295426e+03,3.861396665464368549e+00
9.880071473813020930e+03,3.861396564153744659e+00
9.880071492372746434e+03,3.861396462843573740e+00
9.880071510932473757e+03,3.861396361533845578e+00
9.880071529492199261e+03,3.861396260224580157e+00
9.880071548051926584e+03,3.861396158915760601e+00
9.880071566611652088e+03,3.861396057607405563e+00
9.880071585171379411e+03,3.861395956299495502e+00
9.880071603731104915e+03,3.861395854992052623e+00
9.880071622290832238e+03,3.861395753685056054e+00
9.880071640850557742e+03,3.861395652378526666e+00
9.880071659410285065e+03,3.861395551072445809e+00
9.880071677970010569e+03,3.861395449766832577e+00
9.880071696529737892e+03,3.861395348461669652e+00
9.880071715089463396e+03,3.861395247156976129e+00
9.880071733649188900e+03,3.861395145852743127e+00
9.880071752208916223e+03,3.861395044548960875e+00
9.880071770768641727e+03,3.861394943245650246e+00
9.880071789328369050e+03,3.861394841942792144e+00
9.880071807888094554e+03,3.861394740640406997e+00
9.880071826447821877e+03,3.861394639338474377e+00
9.880071845007547381e+03,3.861394538037016932e+00
9.880071863567274704e+03,3.861394436736013347e+00
9.880071882127000208e+03,3.861394335435485825e+00
9.880071900686727531e+03,3.861394234135413051e+00
9.880071919246453035e+03,3.861394132835817228e+00
9.880071937806180358e+03,3.861394031536678817e+00
9.880071956365905862e+03,3.861393930238017802e+00
9.880071974925631366e+03,3.861393828939824857e+00
9.880071993485358689e+03,3.861393727642090656e+00
9.880072012045084193e+03,3.861393626344836516e+00
9.880072030604811516e+03,3.861393525048041564e+00
9.880072049164537020e+03,3.861393423751728005e+00
9.880072067724264343e+03,3.861393322455875410e+00
9.880072086283989847e+03,3.861393221160505096e+00
9.880072104843717170e+03,3.861393119865596635e+00
9.880072123403442674e+03,3.861393018571171787e+00
9.880072141963169997e+03,3.861392917277210568e+00
9.880072160522895501e+03,3.861392815983733406e+00
9.880072179082622824e+03,3.861392714690720762e+00
9.880072197642348328e+03,3.861392613398194396e+00
9.880072216202073832e+03,3.861392512106143649e+00
9.880072234761801155e+03,3.861392410814560083e+00
9.880072253321526659e+03,3.861392309523463684e+00
9.880072271881253982e+03,3.861392208232835799e+00
9.880072290440979486e+03,3.861392106942695523e+00
9.880072309000706809e+03,3.861392005653024206e+00
9.880072327560432313e+03,3.861391904363843164e+00
9.880072346120159636e+03,3.861391803075131968e+00
9.880072364679885141e+03,3.861391701786912378e+00
9.880072383239612464e+03,3.861391600499163523e+00
9.880072401799337968e+03,3.861391499211907608e+00
9.880072420359065291e+03,3.861391397925124203e+00
9.880072438918790795e+03,3.861391296638834181e+00
9.880072457478516299e+03,3.861391195353027328e+00
9.880072476038243622e+03,3.861391094067695651e+00
9.880072494597969126e+03,3.861390992782858689e+00
9.880072513157696449e+03,3.861390891498498235e+00
9.880072531717421953e+03,3.861390790214633828e+00
9.880072550277149276e+03,3.861390688931245929e+00
9.880072568836874780e+03,3.861390587648356298e+00
9.880072587396602103e+03,3.861390486365944952e+00
9.880072605956327607e+03,3.861390385084031429e+00
9.880072624516054930e+03,3.861390283802597967e+00
9.880072643075780434e+03,3.861390182521664993e+00
9.880072661635507757e+03,3.861390081241212080e+00
9.880072680195233261e+03,3.861389979961259655e+00
9.880072698754958765e+03,3.861389878681799281e+00
9.880072717314686088e+03,3.861389777402822521e+00
9.880072735874411592e+03,3.861389676124347581e+00
9.880072754434138915e+03,3.861389574846356698e+00
9.880072772993864419e+03,3.861389473568870301e+00
9.880072791553591742e+03,3.861389372291867961e+00
9.880072810113317246e+03,3.861389271015370550e+00
9.880072828673044569e+03,3.861389169739360305e+00
9.880072847232770073e+03,3.861389068463856322e+00
9.880072865792497396e+03,3.861388967188840393e+00
9.880072884352222900e+03,3.861388865914330726e+00
9.880072902911950223e+03,3.861388764640310445e+00
9.880072921471675727e+03,3.861388663366799534e+00
9.880072940031401231e+03,3.861388562093787336e+00
9.880072958591128554e+03,3.861388460821265411e+00
9.880072977150854058e+03,3.861388359549255078e+00
9.880072995710581381e+03,3.861388258277735908e+00
9.880073014270306885e+03,3.861388157006728772e+00
9.880073032830034208e+03,3.861388055736214131e+00
9.880073051389759712e+03,3.861387954466211969e+00
9.880073069949487035e+03,3.861387853196704523e+00
9.880073088509212539e+03,3.861387751927711331e+00
9.880073107068939862e+03,3.861387650659213744e+00
9.880073125628665366e+03,3.861387549391231300e+00
9.880073144188392689e+03,3.861387448123745791e+00
9.880073162748118193e+03,3.861387346856776315e+00
9.880073181307843697e+03,3.861387245590315320e+00
9.880073199867571020e+03,3.861387144324351262e+00
9.880073218427296524e+03,3.861387043058906343e+00
9.880073236987023847e+03,3.861386941793960581e+00
9.880073255546749351e+03,3.861386840529535291e+00
9.880073274106476674e+03,3.861386739265609602e+00
9.880073292666202178e+03,3.861386638002205718e+00
9.880073311225929501e+03,3.861386536739303210e+00
9.880073329785655005e+03,3.861386435476922951e+00
9.880073348345382328e+03,3.861386334215045402e+00
9.880073366905107832e+03,3.861386232953691877e+00
9.880073385464835155e+03,3.861386131692842394e+00
9.880073404024560659e+03,3.861386030432517380e+00
9.880073422584286163e+03,3.861385929172708398e+00
9.880073441144013486e+03,3.861385827913404345e+00
9.880073459703738990e+03,3.861385726654626982e+00
9.880073478263466313e+03,3.861385625396357657e+00
9.880073496823191817e+03,3.861385524138615022e+00
9.880073515382919140e+03,3.861385422881381757e+00
9.880073533942644644e+03,3.861385321624676514e+00
9.880073552502371967e+03,3.861385220368481086e+00
9.880073571062097471e+03,3.861385119112815456e+00
9.880073589621824794e+03,3.861385017857661417e+00
9.880073608181550298e+03,3.861384916603038064e+00
9.880073626741277621e+03,3.861384815348927191e+00
9.880073645301003125e+03,3.861384714095347892e+00
9.880073663860728630e+03,3.861384612842293063e+00
9.880073682420455953e+03,3.861384511589750712e+00
9.880073700980181457e+03,3.861384410337743045e+00
9.880073719539908780e+03,3.861384309086250965e+00
9.880073738099634284e+03,3.861384207835294458e+00
9.880073756659361607e+03,3.861384106584853537e+00
9.880073775219087111e+03,3.861384005334949521e+00
9.880073793778814434e+03,3.861383904085563312e+00
9.880073812338539938e+03,3.861383802836715340e+00
9.880073830898267261e+03,3.861383701588384731e+00
9.880073849457992765e+03,3.861383600340594580e+00
9.880073868017720088e+03,3.861383499093323568e+00
9.880073886577445592e+03,3.861383397846592569e+00
9.880073905137171096e+03,3.861383296600393145e+00
9.880073923696898419e+03,3.861383195354715525e+00
9.880073942256623923e+03,3.861383094109579694e+00
9.880073960816351246e+03,3.861382992864966557e+00
9.880073979376076750e+03,3.861382891620897873e+00
9.880073997935804073e+03,3.861382790377351881e+00
9.880074016495529577e+03,3.861382689134351232e+00
9.880074035055256900e+03,3.861382587891875939e+00
9.880074053614982404e+03,3.861382486649945545e+00
9.880074072174709727e+03,3.861382385408542728e+00
9.880074090734435231e+03,3.861382284167686141e+00
9.880074109294162554e+03,3.861382182927357132e+00
9.880074127853888058e+03,3.861382081687576573e+00
9.880074146413613562e+03,3.861381980448335138e+00
9.880074164973340885e+03,3.861381879209623502e+00
9.880074183533066389e+03,3.861381777971461204e+00
9.880074202092793712e+03,3.861381676733829593e+00
9.880074220652519216e+03,3.861381575496749985e+00
9.880074239212246539e+03,3.861381474260201507e+00
9.880074257771972043e+03,3.861381373024205477e+00
9.880074276331699366e+03,3.861381271788743241e+00
9.880074294891424870e+03,3.861381170553833453e+00
9.880074313451152193e+03,3.861381069319458792e+00
9.880074332010877697e+03,3.861380968085638798e+00
9.880074350570605020e+03,3.861380866852354377e+00
9.880074369130330524e+03,3.861380765619625510e+00
9.880074387690056028e+03,3.861380664387444206e+00
9.880074406249783351e+03,3.861380563155799805e+00
9.880074424809508855e+03,3.861380461924713181e+00
9.880074443369236178e+03,3.861380360694165237e+00
9.880074461928961682e+03,3.861380259464175957e+00
9.880074480488689005e+03,3.861380158234727134e+00
9.880074499048414509e+03,3.861380057005838307e+00
9.880074517608141832e+03,3.861379955777489936e+00
9.880074536167867336e+03,3.861379854549703339e+00
9.880074554727594659e+03,3.861379753322458974e+00
9.880074573287320163e+03,3.861379652095777271e+00
9.880074591847047486e+03,3.861379550869638688e+00
9.880074610406772990e+03,3.861379449644064099e+00
9.880074628966498494e+03,3.861379348419044177e+00
9.880074647526225817e+03,3.861379247194569597e+00
9.880074666085951321e+03,3.861379145970660343e+00
9.880074684645678644e+03,3.861379044747297318e+00
9.880074703205404148e+03,3.861378943524501395e+00
9.880074721765131471e+03,3.861378842302253478e+00
9.880074740324856975e+03,3.861378741080573107e+00
9.880074758884584298e+03,3.861378639859441630e+00
9.880074777444309802e+03,3.861378538638879920e+00
9.880074796004037125e+03,3.861378437418867993e+00
9.880074814563762629e+03,3.861378336199426275e+00
9.880074833123489952e+03,3.861378234980535673e+00
9.880074851683215456e+03,3.861378133762216613e+00
9.880074870242940960e+03,3.861378032544461103e+00
9.880074888802668283e+03,3.861377931327257151e+00
9.880074907362393787e+03,3.861377830110627851e+00
9.880074925922121110e+03,3.861377728894551886e+00
9.880074944481846615e+03,3.861377627679051017e+00
9.880074963041573938e+03,3.861377526464106147e+00
9.880074981601299442e+03,3.861377425249736817e+00
9.880075000161026765e+03,3.861377324035923486e+00
9.880075018720752269e+03,3.861377222822687472e+00
9.880075037280479592e+03,3.861377121610010121e+00
9.880075055840205096e+03,3.861377020397910531e+00
9.880075074399930600e+03,3.861376919186380263e+00
9.880075092959657923e+03,3.861376817975409548e+00
9.880075111519383427e+03,3.861376716765017925e+00
9.880075130079110750e+03,3.861376615555188074e+00
9.880075148638836254e+03,3.861376514345939981e+00
9.880075167198563577e+03,3.861376413137253660e+00
9.880075185758289081e+03,3.861376311929149985e+00
9.880075204318016404e+03,3.861376210721608526e+00
9.880075222877741908e+03,3.861376109514651933e+00
9.880075241437469231e+03,3.861376008308259777e+00
9.880075259997194735e+03,3.861375907102452487e+00
9.880075278556922058e+03,3.861375805897210522e+00
9.880075297116647562e+03,3.861375704692555200e+00
9.880075315676373066e+03,3.861375603488476749e+00
9.880075334236100389e+03,3.861375502284965400e+00
9.880075352795825893e+03,3.861375401082041137e+00
9.880075371355553216e+03,3.861375299879687084e+00
9.880075389915278720e+03,3.861375198677921894e+00
9.880075408475006043e+03,3.861375097476726026e+00
9.880075427034731547e+03,3.861374996276121241e+00
9.880075445594458870e+03,3.861374895076087554e+00
9.880075464154184374e+03,3.861374793876644951e+00
9.880075482713911697e+03,3.861374692677775222e+00
9.880075501273637201e+03,3.861374591479497465e+00
9.880075519833364524e+03,3.861374490281793470e+00
9.880075538393090028e+03,3.861374389084684111e+00
9.880075556952815532e+03,3.861374287888158729e+00
9.880075575512542855e+03,3.861374186692208887e+00
9.880075594072268359e+03,3.861374085496855013e+00
9.880075612631995682e+03,3.861373984302078011e+00
9.880075631191721186e+03,3.861373883107897420e+00
9.880075649751448509e+03,3.861373781914294590e+00
9.880075668311174013e+03,3.861373680721290835e+00
9.880075686870901336e+03,3.861373579528864841e+00
9.880075705430626840e+03,3.861373478337039256e+00
9.880075723990354163e+03,3.861373377145793206e+00
9.880075742550079667e+03,3.861373275955148454e+00
9.880075761109806990e+03,3.861373174765084126e+00
9.880075779669532494e+03,3.861373073575621984e+00
9.880075798229257998e+03,3.861372972386753144e+00
9.880075816788985321e+03,3.861372871198466061e+00
9.880075835348710825e+03,3.861372770010783384e+00
9.880075853908438148e+03,3.861372668823685572e+00
9.880075872468163652e+03,3.861372567637192610e+00
9.880075891027890975e+03,3.861372466451284069e+00
9.880075909587616479e+03,3.861372365265982598e+00
9.880075928147343802e+03,3.861372264081267325e+00
9.880075946707069306e+03,3.861372162897160010e+00
9.880075965266796629e+03,3.861372061713640225e+00
9.880075983826522133e+03,3.861371960530728398e+00
9.880076002386249456e+03,3.861371859348406321e+00
9.880076020945974960e+03,3.861371758166694423e+00
9.880076039505700464e+03,3.861371656985582490e+00
9.880076058065427787e+03,3.861371555805061195e+00
9.880076076625153291e+03,3.861371454625151856e+00
9.880076095184880614e+03,3.861371353445834043e+00
9.880076113744606118e+03,3.861371252267129961e+00
9.880076132304333441e+03,3.861371151089018738e+00
9.880076150864058945e+03,3.861371049911521247e+00
9.880076169423786268e+03,3.861370948734617947e+00
9.880076187983511772e+03,3.861370847558331043e+00
9.880076206543239095e+03,3.861370746382638774e+00
9.880076225102964600e+03,3.861370645207563346e+00
9.880076243662691923e+03,3.861370544033084773e+00
9.880076262222417427e+03,3.861370442859224372e+00
9.880076280782142931e+03,3.861370341685971486e+00
9.880076299341870254e+03,3.861370240513317675e+00
9.880076317901595758e+03,3.861370139341282925e+00
9.880076336461323081e+03,3.861370038169848584e+00
9.880076355021048585e+03,3.861369936999034191e+00
9.880076373580775908e+03,3.861369835828821540e+00
9.880076392140501412e+03,3.861369734659230613e+00
9.880076410700228735e+03,3.861369633490241871e+00
9.880076429259954239e+03,3.861369532321876186e+00
9.880076447819681562e+03,3.861369431154114018e+00
9.880076466379407066e+03,3.861369329986976684e+00
9.880076484939134389e+03,3.861369228820443755e+00
9.880076503498859893e+03,3.861369127654535660e+00
9.880076522058585397e+03,3.861369026489244849e+00
9.880076540618312720e+03,3.861368925324559775e+00
9.880076559178038224e+03,3.861368824160502200e+00
9.880076577737765547e+03,3.861368722997052139e+00
9.880076596297491051e+03,3.861368621834230463e+00
9.880076614857218374e+03,3.861368520672018079e+00
9.880076633416943878e+03,3.861368419510434968e+00
9.880076651976671201e+03,3.861368318349462481e+00
9.880076670536396705e+03,3.861368217189121044e+00
9.880076689096124028e+03,3.861368116029390229e+00
9.880076707655849532e+03,3.861368014870292242e+00
9.880076726215576855e+03,3.861367913711806654e+00
9.880076744775302359e+03,3.861367812553953893e+00
9.880076763335027863e+03,3.861367711396725522e+00
9.880076781894755186e+03,3.861367610240111325e+00
9.880076800454480690e+03,3.861367509084132177e+00
9.880076819014208013e+03,3.861367407928769424e+00
9.880076837573933517e+03,3.861367306774042163e+00
9.880076856133660840e+03,3.861367205619931742e+00
9.880076874693386344e+03,3.861367104466458589e+00
9.880076893253113667e+03,3.861367003313604496e+00
9.880076911812839171e+03,3.861366902161388115e+00
9.880076930372566494e+03,3.861366801009791683e+00
9.880076948932291998e+03,3.861366699858834295e+00
9.880076967492019321e+03,3.861366598708498188e+00
9.880076986051744825e+03,3.861366497558802902e+00
9.880077004611470329e+03,3.861366396409738666e+00
9.880077023171197652e+03,3.861366295261297044e+00
9.880077041730923156e+03,3.861366194113498462e+00
9.880077060290650479e+03,3.861366092966323826e+00
9.880077078850375983e+03,3.861365991819792676e+00
9.880077097410103306e+03,3.861365890673886359e+00
9.880077115969828810e+03,3.861365789528625303e+00
9.880077134529556133e+03,3.861365688383990413e+00
9.880077153089281637e+03,3.861365587240002561e+00
9.880077171649008960e+03,3.861365486096640876e+00
9.880077190208734464e+03,3.861365384953926672e+00
9.880077208768461787e+03,3.861365283811841298e+00
9.880077227328187291e+03,3.861365182670405183e+00
9.880077245887912795e+03,3.861365081529608112e+00
9.880077264447640118e+03,3.861364980389441204e+00
9.880077283007365622e+03,3.861364879249924886e+00
9.880077301567092945e+03,3.861364778111040508e+00
9.880077320126818449e+03,3.861364676972807164e+00
9.880077338686545772e+03,3.861364575835206647e+00
9.880077357246271276e+03,3.861364474698259830e+00
9.880077375805998599e+03,3.861364373561945396e+00
9.880077394365724103e+03,3.861364272426286437e+00
9.880077412925451426e+03,3.861364171291262082e+00
9.880077431485176930e+03,3.861364070156893646e+00
9.880077450044904253e+03,3.861363969023161147e+00
9.880077468604629757e+03,3.861363867890085455e+00
9.880077487164355261e+03,3.861363766757656801e+00
9.880077505724082584e+03,3.861363665625866304e+00
9.880077524283808089e+03,3.861363564494734391e+00
9.880077542843535412e+03,3.861363463364241078e+00
9.880077561403260916e+03,3.861363362234408569e+00
9.880077579962988239e+03,3.861363261105215550e+00
9.880077598522713743e+03,3.861363159976684223e+00
9.880077617082441066e+03,3.861363058848793717e+00
9.880077635642166570e+03,3.861362957721565348e+00
9.880077654201893893e+03,3.861362856594980464e+00
9.880077672761619397e+03,3.861362755469058161e+00
9.880077691321346720e+03,3.861362654343780232e+00
9.880077709881072224e+03,3.861362553219166660e+00
9.880077728440797728e+03,3.861362452095209008e+00
9.880077747000525051e+03,3.861362350971896618e+00
9.880077765560250555e+03,3.861362249849250361e+00
9.880077784119977878e+03,3.861362148727251586e+00
9.880077802679703382e+03,3.861362047605920278e+00
9.880077821239430705e+03,3.861361946485236896e+00
9.880077839799156209e+03,3.861361845365222756e+00
9.880077858358883532e+03,3.861361744245857430e+00
9.880077876918609036e+03,3.861361643127162235e+00
9.880077895478336359e+03,3.861361542009117631e+00
9.880077914038061863e+03,3.861361440891744490e+00
9.880077932597789186e+03,3.861361339775023271e+00
9.880077951157514690e+03,3.861361238658974404e+00
9.880077969717240194e+03,3.861361137543587674e+00
9.880077988276967517e+03,3.861361036428855087e+00
9.880078006836693021e+03,3.861360935314797516e+00
9.880078025396420344e+03,3.861360834201394088e+00
9.880078043956145848e+03,3.861360733088665675e+00
9.880078062515873171e+03,3.861360631976593627e+00
9.880078081075598675e+03,3.861360530865198815e+00
9.880078099635325998e+03,3.861360429754460366e+00
9.880078118195051502e+03,3.861360328644400042e+00
9.880078136754778825e+03,3.861360227534998302e+00
9.880078155314504329e+03,3.861360126426275574e+00
9.880078173874231652e+03,3.861360025318212319e+00
9.880078192433957156e+03,3.861359924210829853e+00
9.880078210993682660e+03,3.861359823104117517e+00
9.880078229553409983e+03,3.861359721998066874e+00
9.880078248113135487e+03,3.861359620892698352e+00
9.880078266672862810e+03,3.861359519787992411e+00
9.880078285232588314e+03,3.861359418683969924e+00
9.880078303792315637e+03,3.861359317580610462e+00
9.880078322352041141e+03,3.861359216477936229e+00
9.880078340911768464e+03,3.861359115375926798e+00
9.880078359471493968e+03,3.861359014274603041e+00
9.880078378031221291e+03,3.861358913173945417e+00
9.880078396590946795e+03,3.861358812073975244e+00
9.880078415150674118e+03,3.861358710974672093e+00
9.880078433710399622e+03,3.861358609876056835e+00
9.880078452270125126e+03,3.861358508778120591e+00
9.880078470829852449e+03,3.861358407680853588e+00
9.880078489389577953e+03,3.861358306584275812e+00
9.880078507949305276e+03,3.861358205488369499e+00
9.880078526509030780e+03,3.861358104393153745e+00
9.880078545068758103e+03,3.861358003298609898e+00
9.880078563628483607e+03,3.861357902204757941e+00
9.880078582188210930e+03,3.861357801111579668e+00
9.880078600747936434e+03,3.861357700019093731e+00
9.880078619307663757e+03,3.861357598927282364e+00
9.880078637867389261e+03,3.861357497836166441e+00
9.880078656427116584e+03,3.861357396745724646e+00
9.880078674986842088e+03,3.861357295655979183e+00
9.880078693546567592e+03,3.861357194566920281e+00
9.880078712106294915e+03,3.861357093478538616e+00
9.880078730666020419e+03,3.861356992390854170e+00
9.880078749225747742e+03,3.861356891303849181e+00
9.880078767785473246e+03,3.861356790217542301e+00
9.880078786345200569e+03,3.861356689131914433e+00
9.880078804904926074e+03,3.861356588046987337e+00
9.880078823464653397e+03,3.861356486962741474e+00
9.880078842024378901e+03,3.861356385879195496e+00
9.880078860584106224e+03,3.861356284796332528e+00
9.880078879143831728e+03,3.861356183714171664e+00
9.880078897703559051e+03,3.861356082632693809e+00
9.880078916263284555e+03,3.861355981551919836e+00
9.880078934823010059e+03,3.861355880471840418e+00
9.880078953382737382e+03,3.861355779392446230e+00
9.880078971942462886e+03,3.861355678313756812e+00
9.880078990502190209e+03,3.861355577235753955e+00
9.880079009061915713e+03,3.861355476158457201e+00
9.880079027621643036e+03,3.861355375081848784e+00
9.880079046181368540e+03,3.861355274005947802e+00
9.880079064741095863e+03,3.861355172930734714e+00
9.880079083300821367e+03,3.861355071856231280e+00
9.880079101860548690e+03,3.861354970782417961e+00
9.880079120420274194e+03,3.861354869709314741e+00
9.880079138980001517e+03,3.861354768636902524e+00
9.880079157539727021e+03,3.861354667565202181e+00
9.880079176099452525e+03,3.861354566494203944e+00
9.880079194659179848e+03,3.861354465423898041e+00
9.880079213218905352e+03,3.861354364354305346e+00
9.880079231778632675e+03,3.861354263285406763e+00
9.880079250338358179e+03,3.861354162217223163e+00
9.880079268898085502e+03,3.861354061149734562e+00
9.880079287457811006e+03,3.861353960082960945e+00
9.880079306017538329e+03,3.861353859016884993e+00
9.880079324577263833e+03,3.861353757951524468e+00
9.880079343136991156e+03,3.861353656886862940e+00
9.880079361696716660e+03,3.861353555822919503e+00
9.880079380256443983e+03,3.861353454759673731e+00
9.880079398816169487e+03,3.861353353697147828e+00
9.880079417375894991e+03,3.861353252635332467e+00
9.880079435935622314e+03,3.861353151574216991e+00
9.880079454495347818e+03,3.861353050513822716e+00
9.880079473055075141e+03,3.861352949454130545e+00
9.880079491614800645e+03,3.861352848395160908e+00
9.880079510174527968e+03,3.861352747336894264e+00
9.880079528734253472e+03,3.861352646279351042e+00
9.880079547293980795e+03,3.861352545222512589e+00
9.880079565853706299e+03,3.861352444166398001e+00
9.880079584413433622e+03,3.861352343110989072e+00
9.880079602973159126e+03,3.861352242056305784e+00
9.880079621532886449e+03,3.861352141002329930e+00
9.880079640092611953e+03,3.861352039949081050e+00
9.880079658652337457e+03,3.861351938896550262e+00
9.880079677212064780e+03,3.861351837844727353e+00
9.880079695771790284e+03,3.861351736793633194e+00
9.880079714331517607e+03,3.861351635743249133e+00
9.880079732891243111e+03,3.861351534693595156e+00
9.880079751450970434e+03,3.861351433644652165e+00
9.880079770010695938e+03,3.861351332596440589e+00
9.880079788570423261e+03,3.861351231548940000e+00
9.880079807130148765e+03,3.861351130502173490e+00
9.880079825689876088e+03,3.861351029456119299e+00
9.880079844249601592e+03,3.861350928410799188e+00
9.880079862809328915e+03,3.861350827366193617e+00
9.880079881369054419e+03,3.861350726322323013e+00
9.880079899928779923e+03,3.861350625279178050e+00
9.880079918488507246e+03,3.861350524236749848e+00
9.880079937048232750e+03,3.861350423195057502e+00
9.880079955607960073e+03,3.861350322154083248e+00
9.880079974167685577e+03,3.861350221113847070e+00
9.880079992727412900e+03,3.861350120074329428e+00
9.880080011287138404e+03,3.861350019035550307e+00
9.880080029846865727e+03,3.861349917997491943e+00
9.880080048406591231e+03,3.861349816960173431e+00
9.880080066966318554e+03,3.861349715923577008e+00
9.880080085526044058e+03,3.861349614887721327e+00
9.880080104085769563e+03,3.861349513852597948e+00
9.880080122645496886e+03,3.861349412818197102e+00
9.880080141205222390e+03,3.861349311784540106e+00
9.880080159764949713e+03,3.861349210751607863e+00
9.880080178324675217e+03,3.861349109719419026e+00
9.880080196884402540e+03,3.861349008687956275e+00
9.880080215444128044e+03,3.861348907657239593e+00
9.880080234003855367e+03,3.861348806627248553e+00
9.880080252563580871e+03,3.861348705598004916e+00
9.880080271123308194e+03,3.861348604569489140e+00
9.880080289683033698e+03,3.861348503541721655e+00
9.880080308242761021e+03,3.861348402514682920e+00
9.880080326802486525e+03,3.861348301488393808e+00
9.880080345362212029e+03,3.861348200462844549e+00
9.880080363921939352e+03,3.861348099438026260e+00
9.880080382481664856e+03,3.861347998413958926e+00
9.880080401041392179e+03,3.861347897390623896e+00
9.880080419601117683e+03,3.861347796368040708e+00
9.880080438160845006e+03,3.861347695346191156e+00
9.880080456720570510e+03,3.861347594325095223e+00
9.880080475280297833e+03,3.861347493304733369e+00
9.880080493840023337e+03,3.861347392285126467e+00
9.880080512399750660e+03,3.861347291266254977e+00
9.880080530959476164e+03,3.861347190248139771e+00
9.880080549519203487e+03,3.861347089230761309e+00
9.880080568078928991e+03,3.861346988214140019e+00
9.880080586638654495e+03,3.861346887198266575e+00
9.880080605198381818e+03,3.861346786183131652e+00
9.880080623758107322e+03,3.861346685168755677e+00
9.880080642317834645e+03,3.861346584155119555e+00
9.880080660877560149e+03,3.861346483142243713e+00
9.880080679437287472e+03,3.861346382130109500e+00
9.880080697997012976e+03,3.861346281118735124e+00
9.880080716556740299e+03,3.861346180108104154e+00
9.880080735116465803e+03,3.861346079098236128e+00
9.880080753676193126e+03,3.861345978089111064e+00
9.880080772235918630e+03,3.861345877080749833e+00
9.880080790795645953e+03,3.861345776073132452e+00
9.880080809355371457e+03,3.861345675066281569e+00
9.880080827915096961e+03,3.861345574060185637e+00
9.880080846474824284e+03,3.861345473054835331e+00
9.880080865034549788e+03,3.861345372050252855e+00
9.880080883594277111e+03,3.861345271046418226e+00
9.880080902154002615e+03,3.861345170043350539e+00
9.880080920713729938e+03,3.861345069041032918e+00
9.880080939273455442e+03,3.861344968039484016e+00
9.880080957833182765e+03,3.861344867038685180e+00
9.880080976392908269e+03,3.861344766038655951e+00
9.880080994952635592e+03,3.861344665039379009e+00
9.880081013512361096e+03,3.861344564040873006e+00
9.880081032072088419e+03,3.861344463043120623e+00
9.880081050631813923e+03,3.861344362046140066e+00
9.880081069191539427e+03,3.861344261049923343e+00
9.880081087751266750e+03,3.861344160054461128e+00
9.880081106310992254e+03,3.861344059059772515e+00
9.880081124870719577e+03,3.861343958065840187e+00
9.880081143430445081e+03,3.861343857072683239e+00
9.880081161990172404e+03,3.861343756080283462e+00
9.880081180549897908e+03,3.861343655088660842e+00
9.880081199109625231e+03,3.861343554097796282e+00
9.880081217669350735e+03,3.861343453107708878e+00
9.880081236229078058e+03,3.861343352118381755e+00
9.880081254788803562e+03,3.861343251129832677e+00
9.880081273348530885e+03,3.861343150142045211e+00
9.880081291908256389e+03,3.861343049155037566e+00
9.880081310467981893e+03,3.861342948168802192e+00
9.880081329027709216e+03,3.861342847183327542e+00
9.880081347587434720e+03,3.861342746198636711e+00
9.880081366147162043e+03,3.861342645214708824e+00
9.880081384706887548e+03,3.861342544231564311e+00
9.880081403266614871e+03,3.861342443249184075e+00
9.880081421826340375e+03,3.861342342267588990e+00
9.880081440386067698e+03,3.861342241286759513e+00
9.880081458945793202e+03,3.861342140306716075e+00
9.880081477505520525e+03,3.861342039327439579e+00
9.880081496065246029e+03,3.861341938348950897e+00
9.880081514624973352e+03,3.861341837371229158e+00
9.880081533184698856e+03,3.861341736394297008e+00
9.880081551744424360e+03,3.861341635418142904e+00
9.880081570304151683e+03,3.861341534442759738e+00
9.880081588863877187e+03,3.861341433468166606e+00
9.880081607423604510e+03,3.861341332494343970e+00
9.880081625983330014e+03,3.861341231521313588e+00
9.880081644543057337e+03,3.861341130549055478e+00
9.880081663102782841e+03,3.861341029577590067e+00
9.880081681662510164e+03,3.861340928606897815e+00
9.880081700222235668e+03,3.861340827637000039e+00
9.880081718781962991e+03,3.861340726667876311e+00
9.880081737341688495e+03,3.861340625699547946e+00
9.880081755901415818e+03,3.861340524731994961e+00
9.880081774461141322e+03,3.861340423765238672e+00
9.880081793020866826e+03,3.861340322799269309e+00
9.880081811580594149e+03,3.861340221834077990e+00
9.880081830140319653e+03,3.861340120869684700e+00
9.880081848700046976e+03,3.861340019906069898e+00
9.880081867259772480e+03,3.861339918943254457e+00
9.880081885819499803e+03,3.861339817981220168e+00
9.880081904379225307e+03,3.861339717019985240e+00
9.880081922938952630e+03,3.861339616059532354e+00
9.880081941498678134e+03,3.861339515099880604e+00
9.880081960058405457e+03,3.861339414141011339e+00
9.880081978618130961e+03,3.861339313182945432e+00
9.880081997177858284e+03,3.861339212225662898e+00
9.880082015737583788e+03,3.861339111269184610e+00
9.880082034297309292e+03,3.861339010313501241e+00
9.880082052857036615e+03,3.861338909358603022e+00
9.880082071416762119e+03,3.861338808404511713e+00
9.880082089976489442e+03,3.861338707451206442e+00
9.880082108536214946e+03,3.861338606498708081e+00
9.880082127095942269e+03,3.861338505546997979e+00
9.880082145655667773e+03,3.861338404596095675e+00
9.880082164215395096e+03,3.861338303645982961e+00
9.880082182775120600e+03,3.861338202696680266e+00
9.880082201334847923e+03,3.861338101748167162e+00
9.880082219894573427e+03,3.861338000800465409e+00
9.880082238454300750e+03,3.861337899853555022e+00
9.880082257014026254e+03,3.861337798907456431e+00
9.880082275573751758e+03,3.861337697962159865e+00
9.880082294133479081e+03,3.861337597017658219e+00
9.880082312693204585e+03,3.861337496073968811e+00
9.880082331252931908e+03,3.861337395131074768e+00
9.880082349812657412e+03,3.861337294188995184e+00
9.880082368372384735e+03,3.861337193247711408e+00
9.880082386932110239e+03,3.861337092307244312e+00
9.880082405491837562e+03,3.861336991367573912e+00
9.880082424051563066e+03,3.861336890428720636e+00
9.880082442611290389e+03,3.861336789490664945e+00
9.880082461171015893e+03,3.861336688553429042e+00
9.880082479730743216e+03,3.861336587616991611e+00
9.880082498290468720e+03,3.861336486681374858e+00
9.880082516850194224e+03,3.861336385746567679e+00
9.880082535409921547e+03,3.861336284812562081e+00
9.880082553969647051e+03,3.861336183879378048e+00
9.880082572529374374e+03,3.861336082946995596e+00
9.880082591089099878e+03,3.861335982015437374e+00
9.880082609648827201e+03,3.861335881084682065e+00
9.880082628208552705e+03,3.861335780154750541e+00
9.880082646768280028e+03,3.861335679225623707e+00
9.880082665328005533e+03,3.861335578297322435e+00
9.880082683887732856e+03,3.861335477369826741e+00
9.880082702447458360e+03,3.861335376443157053e+00
9.880082721007185683e+03,3.861335275517295162e+00
9.880082739566911187e+03,3.861335174592261055e+00
9.880082758126636691e+03,3.861335073668044959e+00
9.880082776686364014e+03,3.861334972744637994e+00
9.880082795246089518e+03,3.861334871822059700e+00
9.880082813805816841e+03,3.861334770900291868e+00
9.880082832365542345e+03,3.861334669979354928e+00
9.880082850925269668e+03,3.861334569059229782e+00
9.880082869484995172e+03,3.861334468139935971e+00
9.880082888044722495e+03,3.861334367221454844e+00
9.880082906604447999e+03,3.861334266303805940e+00
9.880082925164175322e+03,3.861334165386971939e+00
9.880082943723900826e+03,3.861334064470971050e+00
9.880082962283628149e+03,3.861333963555785509e+00
9.880082980843353653e+03,3.861333862641435744e+00
9.880082999403079157e+03,3.861333761727911984e+00
9.880083017962806480e+03,3.861333660815205349e+00
9.880083036522531984e+03,3.861333559903334933e+00
9.880083055082259307e+03,3.861333458992283418e+00
9.880083073641984811e+03,3.861333358082069900e+00
9.880083092201712134e+03,3.861333257172676170e+00
9.880083110761437638e+03,3.861333156264121325e+00
9.880083129321164961e+03,3.861333055356386712e+00
9.880083147880890465e+03,3.861332954449493648e+00
9.880083166440617788e+03,3.861332853543422150e+00
9.880083185000343292e+03,3.861332752638191756e+00
9.880083203560070615e+03,3.861332651733784704e+00
9.880083222119796119e+03,3.861332550830220978e+00
9.880083240679521623e+03,3.861332449927491250e+00
9.880083259239248946e+03,3.861332349025585753e+00
9.880083277798974450e+03,3.861332248124525801e+00
9.880083296358701773e+03,3.861332147224290967e+00
9.880083314918427277e+03,3.861332046324903011e+00
9.880083333478154600e+03,3.861331945426341505e+00
9.880083352037880104e+03,3.861331844528627322e+00
9.880083370597607427e+03,3.861331743631741364e+00
9.880083389157332931e+03,3.861331642735704950e+00
9.880083407717060254e+03,3.861331541840497206e+00
9.880083426276785758e+03,3.861331440946139892e+00
9.880083444836513081e+03,3.861331340052612138e+00
9.880083463396238585e+03,3.861331239159936590e+00
9.880083481955964089e+03,3.861331138268101704e+00
9.880083500515691412e+03,3.861331037377099928e+00
9.880083519075416916e+03,3.861330936486950804e+00
9.880083537635144239e+03,3.861330835597635236e+00
9.880083556194869743e+03,3.861330734709174095e+00
9.880083574754597066e+03,3.861330633821546510e+00
9.880083593314322570e+03,3.861330532934775572e+00
9.880083611874049893e+03,3.861330432048839523e+00
9.880083630433775397e+03,3.861330331163760565e+00
9.880083648993502720e+03,3.861330230279519160e+00
9.880083667553228224e+03,3.861330129396135291e+00
9.880083686112955547e+03,3.861330028513589419e+00
9.880083704672681051e+03,3.861329927631902859e+00
9.880083723232406555e+03,3.861329826751064953e+00
9.880083741792133878e+03,3.861329725871067708e+00
9.880083760351859382e+03,3.861329624991931109e+00
9.880083778911586705e+03,3.861329524113636502e+00
9.880083797471312209e+03,3.861329423236202985e+00
9.880083816031039532e+03,3.861329322359612792e+00
9.880083834590765036e+03,3.861329221483885021e+00
9.880083853150492359e+03,3.861329120609001464e+00
9.880083871710217863e+03,3.861329019734982104e+00
9.880083890269945186e+03,3.861328918861807846e+00
9.880083908829670690e+03,3.861328817989499118e+00
9.880083927389398013e+03,3.861328717118036380e+00
9.880083945949123517e+03,3.861328616247440504e+00
9.880083964508849022e+03,3.861328515377701276e+00
9.880083983068576345e+03,3.861328414508810702e+00
9.880084001628301849e+03,3.861328313640788767e+00
9.880084020188029172e+03,3.861328212773615043e+00
9.880084038747754676e+03,3.861328111907312177e+00
9.880084057307481999e+03,3.861328011041858854e+00
9.880084075867207503e+03,3.861327910177277278e+00
9.880084094426934826e+03,3.861327809313546577e+00
9.880084112986660330e+03,3.861327708450688956e+00
9.880084131546387653e+03,3.861327607588682653e+00
9.880084150106113157e+03,3.861327506727551206e+00
9.880084168665840480e+03,3.861327405867272855e+00
9.880084187225565984e+03,3.861327305007869359e+00
9.880084205785291488e+03,3.861327204149330505e+00
9.880084224345018811e+03,3.861327103291647855e+00
9.880084242904744315e+03,3.861327002434841837e+00
9.880084261464471638e+03,3.861326901578892468e+00
9.880084280024197142e+03,3.861326800723820618e+00
9.880084298583924465e+03,3.861326699869606749e+00
9.880084317143649969e+03,3.861326599016271288e+00
9.880084335703377292e+03,3.861326498163796472e+00
9.880084354263102796e+03,3.861326397312200509e+00
9.880084372822830119e+03,3.861326296461465635e+00
9.880084391382555623e+03,3.861326195611611833e+00
9.880084409942282946e+03,3.861326094762619565e+00
9.880084428502008450e+03,3.861325993914509702e+00
9.880084447061733954e+03,3.861325893067273363e+00
9.880084465621461277e+03,3.861325792220899888e+00
9.880084484181186781e+03,3.861325691375410596e+00
9.880084502740914104e+03,3.861325590530786389e+00
9.880084521300639608e+03,3.861325489687047252e+00
9.880084539860366931e+03,3.861325388844174977e+00
9.880084558420092435e+03,3.861325288002189104e+00
9.880084576979819758e+03,3.861325187161069650e+00
9.880084595539545262e+03,3.861325086320837929e+00
9.880084614099272585e+03,3.861324985481475736e+00
9.880084632658998089e+03,3.861324884643001276e+00
9.880084651218725412e+03,3.861324783805396788e+00
9.880084669778450916e+03,3.861324682968681810e+00
9.880084688338176420e+03,3.861324582132849237e+00
9.880084706897903743e+03,3.861324481297886635e+00
9.880084725457629247e+03,3.861324380463816652e+00
9.880084744017356570e+03,3.861324279630618861e+00
9.880084762577082074e+03,3.861324178798315021e+00
9.880084781136809397e+03,3.861324077966884261e+00
9.880084799696534901e+03,3.861323977136347896e+00
9.880084818256262224e+03,3.861323876306686387e+00
9.880084836815987728e+03,3.861323775477921494e+00
9.880084855375715051e+03,3.861323674650031457e+00
9.880084873935440555e+03,3.861323573823039368e+00
9.880084892495166059e+03,3.861323472996933237e+00
9.880084911054893382e+03,3.861323372171706403e+00
9.880084929614618886e+03,3.861323271347377073e+00
9.880084948174346209e+03,3.861323170523928372e+00
9.880084966734071713e+03,3.861323069701378508e+00
9.880084985293799036e+03,3.861322968879708828e+00
9.880085003853524540e+03,3.861322868058941093e+00
9.880085022413251863e+03,3.861322767239053988e+00
9.880085040972977367e+03,3.861322666420069272e+00
9.880085059532704690e+03,3.861322565601967849e+00
9.880085078092430194e+03,3.861322464784768815e+00
9.880085096652157517e+03,3.861322363968454852e+00
9.880085115211883021e+03,3.861322263153044609e+00
9.880085133771608525e+03,3.861322162338530539e+00
9.880085152331335848e+03,3.861322061524901539e+00
9.880085170891061352e+03,3.861321960712178480e+00
9.880085189450788675e+03,3.861321859900343600e+00
9.880085208010514179e+03,3.861321759089415551e+00
9.880085226570241502e+03,3.861321658279376567e+00
9.880085245129967007e+03,3.861321557470244858e+00
9.880085263689694330e+03,3.861321456662003992e+00
9.880085282249419834e+03,3.861321355854672177e+00
9.880085300809147157e+03,3.861321255048231205e+00
9.880085319368872661e+03,3.861321154242701503e+00
9.880085337928599984e+03,3.861321053438063977e+00
9.880085356488325488e+03,3.861320952634338166e+00
9.880085375048050992e+03,3.861320851831516077e+00
9.880085393607778315e+03,3.861320751029587051e+00
9.880085412167503819e+03,3.861320650228572404e+00
9.880085430727231142e+03,3.861320549428452598e+00
9.880085449286956646e+03,3.861320448629248503e+00
9.880085467846683969e+03,3.861320347830939692e+00
9.880085486406409473e+03,3.861320247033547481e+00
9.880085504966136796e+03,3.861320146237053219e+00
9.880085523525862300e+03,3.861320045441476445e+00
9.880085542085589623e+03,3.861319944646797619e+00
9.880085560645315127e+03,3.861319843853038059e+00
9.880085579205042450e+03,3.861319743060178222e+00
9.880085597764767954e+03,3.861319642268238983e+00
9.880085616324493458e+03,3.861319541477209683e+00
9.880085634884220781e+03,3.861319440687082327e+00
9.880085653443946285e+03,3.861319339897877345e+00
9.880085672003673608e+03,3.861319239109574308e+00
9.880085690563399112e+03,3.861319138322194977e+00
9.880085709123126435e+03,3.861319037535718923e+00
9.880085727682851939e+03,3.861318936750167907e+00
9.880085746242579262e+03,3.861318835965521945e+00
9.880085764802304766e+03,3.861318735181800577e+00
9.880085783362032089e+03,3.861318634398986482e+00
9.880085801921757593e+03,3.861318533617098758e+00
9.880085820481484916e+03,3.861318432836117864e+00
9.880085839041210420e+03,3.861318332056066005e+00
9.880085857600935924e+03,3.861318231276932078e+00
9.880085876160663247e+03,3.861318130498707646e+00
9.880085894720388751e+03,3.861318029721412248e+00
9.880085913280116074e+03,3.861317928945028122e+00
9.880085931839841578e+03,3.861317828169574806e+00
9.880085950399568901e+03,3.861317727395033650e+00
9.880085968959294405e+03,3.861317626621424193e+00
9.880085987519021728e+03,3.861317525848727339e+00
9.880086006078747232e+03,3.861317425076964849e+00
9.880086024638474555e+03,3.861317324306114962e+00
9.880086043198200059e+03,3.861317223536200771e+00
9.880086061757927382e+03,3.861317122767201404e+00
9.880086080317652886e+03,3.861317021999137733e+00
9.880086098877378390e+03,3.861316921232000876e+00
9.880086117437105713e+03,3.861316820465780619e+00
9.880086135996831217e+03,3.861316719700497835e+00
9.880086154556558540e+03,3.861316618936134315e+00
9.880086173116284044e+03,3.861316518172708268e+00
9.880086191676011367e+03,3.861316417410202817e+00
9.880086210235736871e+03,3.861316316648636615e+00
9.880086228795464194e+03,3.861316215887991010e+00
9.880086247355189698e+03,3.861316115128286430e+00
9.880086265914917021e+03,3.861316014369504224e+00
9.880086284474642525e+03,3.861315913611663930e+00
9.880086303034369848e+03,3.861315812854747787e+00
9.880086321594095352e+03,3.861315712098774444e+00
9.880086340153820856e+03,3.861315611343734577e+00
9.880086358713548179e+03,3.861315510589621081e+00
9.880086377273273683e+03,3.861315409836451717e+00
9.880086395833001006e+03,3.861315309084209169e+00
9.880086414392726510e+03,3.861315208332913418e+00
9.880086432952453833e+03,3.861315107582543593e+00
9.880086451512179337e+03,3.861315006833123231e+00
9.880086470071906660e+03,3.861314906084629683e+00
9.880086488631632164e+03,3.861314805337086487e+00
9.880086507191359487e+03,3.861314704590471880e+00
9.880086525751084991e+03,3.861314603844808069e+00
9.880086544310812315e+03,3.861314503100075068e+00
9.880086562870537819e+03,3.861314402356293751e+00
9.880086581430263323e+03,3.861314301613453903e+00
9.880086599989990646e+03,3.861314200871547087e+00
9.880086618549716150e+03,3.861314100130592841e+00
9.880086637109443473e+03,3.861313999390573404e+00
9.880086655669168977e+03,3.861313898651507870e+00
9.880086674228896300e+03,3.861313797913377144e+00
9.880086692788621804e+03,3.861313697176202098e+00
9.880086711348349127e+03,3.861313596439963636e+00
9.880086729908074631e+03,3.861313495704682186e+00
9.880086748467801954e+03,3.861313394970337320e+00
9.880086767027527458e+03,3.861313294236950799e+00
9.880086785587254781e+03,3.861313193504503083e+00
9.880086804146980285e+03,3.861313092773014599e+00
9.880086822706705789e+03,3.861312992042475578e+00
9.880086841266433112e+03,3.861312891312877582e+00
9.880086859826158616e+03,3.861312790584239707e+00
9.880086878385885939e+03,3.861312689856544633e+00
9.880086896945611443e+03,3.861312589129810569e+00
9.880086915505338766e+03,3.861312488404020193e+00
9.880086934065064270e+03,3.861312387679193048e+00
9.880086952624791593e+03,3.861312286955309592e+00
9.880086971184517097e+03,3.861312186232391586e+00
9.880086989744244420e+03,3.861312085510417713e+00
9.880087008303969924e+03,3.861311984789411067e+00
9.880087026863697247e+03,3.861311884069349443e+00
9.880087045423422751e+03,3.861311783350255933e+00
9.880087063983148255e+03,3.861311682632119435e+00
9.880087082542875578e+03,3.861311581914931068e+00
9.880087101102601082e+03,3.861311481198711260e+00
9.880087119662328405e+03,3.861311380483440914e+00
9.880087138222053909e+03,3.861311279769141347e+00
9.880087156781781232e+03,3.861311179055792131e+00
9.880087175341506736e+03,3.861311078343413694e+00
9.880087193901234059e+03,3.861310977631987829e+00
9.880087212460959563e+03,3.861310876921534074e+00
9.880087231020686886e+03,3.861310776212033335e+00
9.880087249580412390e+03,3.861310675503506040e+00
9.880087268140139713e+03,3.861310574795933093e+00
9.880087286699865217e+03,3.861310474089334477e+00
9.880087305259590721e+03,3.861310373383701755e+00
9.880087323819318044e+03,3.861310272679025157e+00
9.880087342379043548e+03,3.861310171975325556e+00
9.880087360938770871e+03,3.861310071272582078e+00
9.880087379498496375e+03,3.861309970570816930e+00
9.880087398058223698e+03,3.861309869870011013e+00
9.880087416617949202e+03,3.861309769170182538e+00
9.880087435177676525e+03,3.861309668471315515e+00
9.880087453737402029e+03,3.861309567773427265e+00
9.880087472297129352e+03,3.861309467076500468e+00
9.880087490856854856e+03,3.861309366380555108e+00
9.880087509416582179e+03,3.861309265685571201e+00
9.880087527976307683e+03,3.861309164991570952e+00
9.880087546536033187e+03,3.861309064298542371e+00
9.880087565095760510e+03,3.861308963606478795e+00
9.880087583655486014e+03,3.861308862915399764e+00
9.880087602215213337e+03,3.861308762225285296e+00
9.880087620774938841e+03,3.861308661536156706e+00
9.880087639334666164e+03,3.861308560847994009e+00
9.880087657894391668e+03,3.861308460160818079e+00
9.880087676454118991e+03,3.861308359474609819e+00
9.880087695013844495e+03,3.861308258789389658e+00
9.880087713573571818e+03,3.861308158105138055e+00
9.880087732133297322e+03,3.861308057421875883e+00
9.880087750693024645e+03,3.861307956739582714e+00
9.880087769252750149e+03,3.861307856058280752e+00
9.880087787812475653e+03,3.861307755377958895e+00
9.880087806372202976e+03,3.861307654698610037e+00
9.880087824931928481e+03,3.861307554020252386e+00
9.880087843491655804e+03,3.861307453342868179e+00
9.880087862051381308e+03,3.861307352666476511e+00
9.880087880611108631e+03,3.861307251991060063e+00
9.880087899170834135e+03,3.861307151316637487e+00
9.880087917730561458e+03,3.861307050643189687e+00
9.880087936290286962e+03,3.861306949970738422e+00
9.880087954850014285e+03,3.861306849299263266e+00
9.880087973409739789e+03,3.861306748628785535e+00
9.880087991969467112e+03,3.861306647959285243e+00
9.880088010529192616e+03,3.861306547290782820e+00
9.880088029088918120e+03,3.861306446623268940e+00
9.880088047648645443e+03,3.861306345956735164e+00
9.880088066208370947e+03,3.861306245291201478e+00
9.880088084768098270e+03,3.861306144626648784e+00
9.880088103327823774e+03,3.861306043963095735e+00
9.880088121887551097e+03,3.861305943300526344e+00
9.880088140447276601e+03,3.861305842638957486e+00
9.880088159007003924e+03,3.861305741978373174e+00
9.880088177566729428e+03,3.861305641318791615e+00
9.880088196126456751e+03,3.861305540660194602e+00
9.880088214686182255e+03,3.861305440002602118e+00
9.880088233245909578e+03,3.861305339345995513e+00
9.880088251805635082e+03,3.861305238690394326e+00
9.880088270365360586e+03,3.861305138035791007e+00
9.880088288925087909e+03,3.861305037382174010e+00
9.880088307484813413e+03,3.861304936729564208e+00
9.880088326044540736e+03,3.861304836077943392e+00
9.880088344604266240e+03,3.861304735427331547e+00
9.880088363163993563e+03,3.861304634777710021e+00
9.880088381723719067e+03,3.861304534129097465e+00
9.880088400283446390e+03,3.861304433481477005e+00
9.880088418843171894e+03,3.861304332834867292e+00
9.880088437402899217e+03,3.861304232189248786e+00
9.880088455962624721e+03,3.861304131544643692e+00
9.880088474522352044e+03,3.861304030901032025e+00
9.880088493082077548e+03,3.861303930258434658e+00
9.880088511641803052e+03,3.861303829616840488e+00
9.880088530201530375e+03,3.861303728976241523e+00
9.880088548761255879e+03,3.861303628336658189e+00
9.880088567320983202e+03,3.861303527698071836e+00
9.880088585880708706e+03,3.861303427060502003e+00
9.880088604440436029e+03,3.861303326423929150e+00
9.880088623000161533e+03,3.861303225788374593e+00
9.880088641559888856e+03,3.861303125153818350e+00
9.880088660119614360e+03,3.861303024520281291e+00
9.880088678679341683e+03,3.861302923887744321e+00
9.880088697239067187e+03,3.861302823256227867e+00
9.880088715798794510e+03,3.861302722625711947e+00
9.880088734358520014e+03,3.861302621996218321e+00
9.880088752918245518e+03,3.861302521367736329e+00
9.880088771477972841e+03,3.861302420740256647e+00
9.880088790037698345e+03,3.861302320113801478e+00
9.880088808597425668e+03,3.861302219488349508e+00
9.880088827157151172e+03,3.861302118863922939e+00
9.880088845716878495e+03,3.861302018240500900e+00
9.880088864276603999e+03,3.861301917618104707e+00
9.880088882836331322e+03,3.861301816996714820e+00
9.880088901396056826e+03,3.861301716376352111e+00
9.880088919955784149e+03,3.861301615756997041e+00
9.880088938515509653e+03,3.861301515138670482e+00
9.880088957075236976e+03,3.861301414521352005e+00
9.880088975634962480e+03,3.861301313905063815e+00
9.880088994194687984e+03,3.861301213289794809e+00
9.880089012754415307e+03,3.861301112675536107e+00
9.880089031314140811e+03,3.861301012062309912e+00
9.880089049873868134e+03,3.861300911450094464e+00
9.880089068433593638e+03,3.861300810838911524e+00
9.880089086993320961e+03,3.861300710228742439e+00
9.880089105553046466e+03,3.861300609619605861e+00
9.880089124112773789e+03,3.861300509011483584e+00
9.880089142672499293e+03,3.861300408404396478e+00
9.880089161232226616e+03,3.861300307798324560e+00
9.880089179791952120e+03,3.861300207193288703e+00
9.880089198351679443e+03,3.861300106589269365e+00
9.880089216911404947e+03,3.861300005986287420e+00
9.880089235471130451e+03,3.861299905384332654e+00
9.880089254030857774e+03,3.861299804783397516e+00
9.880089272590583278e+03,3.861299704183500214e+00
9.880089291150310601e+03,3.861299603584622542e+00
9.880089309710036105e+03,3.861299502986785814e+00
9.880089328269763428e+03,3.861299402389969160e+00
9.880089346829488932e+03,3.861299301794194339e+00
9.880089365389216255e+03,3.861299201199441811e+00
9.880089383948941759e+03,3.861299100605731116e+00
9.880089402508669082e+03,3.861299000013043603e+00
9.880089421068394586e+03,3.861298899421399700e+00
9.880089439628121909e+03,3.861298798830780754e+00
9.880089458187847413e+03,3.861298698241206750e+00
9.880089476747572917e+03,3.861298597652667919e+00
9.880089495307300240e+03,3.861298497065156266e+00
9.880089513867025744e+03,3.861298396478689998e+00
9.880089532426753067e+03,3.861298295893251353e+00
9.880089550986478571e+03,3.861298195308861203e+00
9.880089569546205894e+03,3.861298094725499563e+00
9.880089588105931398e+03,3.861297994143186862e+00
9.880089606665658721e+03,3.861297893561904893e+00
9.880089625225384225e+03,3.861297792981671417e+00
9.880089643785111548e+03,3.861297692402470449e+00
9.880089662344837052e+03,3.861297591824321085e+00
9.880089680904564375e+03,3.861297491247202451e+00
9.880089699464289879e+03,3.861297390671137642e+00
9.880089718024015383e+03,3.861297290096115997e+00
9.880089736583742706e+03,3.861297189522128637e+00
9.880089755143468210e+03,3.861297088949195544e+00
9.880089773703195533e+03,3.861296988377298067e+00
9.880089792262921037e+03,3.861296887806455747e+00
9.880089810822648360e+03,3.861296787236649486e+00
9.880089829382373864e+03,3.861296686667901046e+00
9.880089847942101187e+03,3.861296586100189554e+00
9.880089866501826691e+03,3.861296485533536771e+00
9.880089885061554014e+03,3.861296384967921824e+00
9.880089903621279518e+03,3.861296284403367363e+00
9.880089922181005022e+03,3.861296183839861840e+00
9.880089940740732345e+03,3.861296083277397706e+00
9.880089959300457849e+03,3.861295982715994057e+00
9.880089977860185172e+03,3.861295882155632686e+00
9.880089996419910676e+03,3.861295781596333132e+00
9.880090014979637999e+03,3.861295681038076744e+00
9.880090033539363503e+03,3.861295580480883949e+00
9.880090052099090826e+03,3.861295479924735208e+00
9.880090070658816330e+03,3.861295379369651837e+00
9.880090089218543653e+03,3.861295278815613408e+00
9.880090107778269157e+03,3.861295178262640349e+00
9.880090126337996480e+03,3.861295077710714452e+00
9.880090144897721984e+03,3.861294977159855257e+00
9.880090163457447488e+03,3.861294876610054327e+00
9.880090182017174811e+03,3.861294776061301892e+00
9.880090200576900315e+03,3.861294675513617936e+00
9.880090219136627638e+03,3.861294574966983362e+00
9.880090237696353142e+03,3.861294474421419487e+00
9.880090256256080465e+03,3.861294373876905439e+00
9.880090274815805969e+03,3.861294273333463423e+00
9.880090293375533292e+03,3.861294172791073454e+00
9.880090311935258796e+03,3.861294072249755516e+00
9.880090330494986119e+03,3.861293971709490958e+00
9.880090349054711623e+03,3.861293871170300651e+00
9.880090367614438946e+03,3.861293770632163724e+00
9.880090386174164450e+03,3.861293670095102382e+00
9.880090404733889955e+03,3.861293569559106409e+00
9.880090423293617278e+03,3.861293469024166480e+00
9.880090441853342782e+03,3.861293368490303024e+00
9.880090460413070105e+03,3.861293267957496944e+00
9.880090478972795609e+03,3.861293167425769557e+00
9.880090497532522932e+03,3.861293066895099990e+00
9.880090516092248436e+03,3.861292966365509116e+00
9.880090534651975759e+03,3.861292865836978727e+00
9.880090553211701263e+03,3.861292765309528363e+00
9.880090571771428586e+03,3.861292664783139372e+00
9.880090590331154090e+03,3.861292564257831739e+00
9.880090608890881413e+03,3.861292463733585922e+00
9.880090627450606917e+03,3.861292363210423240e+00
9.880090646010332421e+03,3.861292262688333032e+00
9.880090664570059744e+03,3.861292162167307751e+00
9.880090683129785248e+03,3.861292061647366491e+00
9.880090701689512571e+03,3.861291961128490158e+00
9.880090720249238075e+03,3.861291860610699622e+00
9.880090738808965398e+03,3.861291760093975345e+00
9.880090757368690902e+03,3.861291659578338642e+00
9.880090775928418225e+03,3.861291559063768197e+00
9.880090794488143729e+03,3.861291458550287103e+00
9.880090813047871052e+03,3.861291358037874488e+00
9.880090831607596556e+03,3.861291257526550780e+00
9.880090850167323879e+03,3.861291157016296882e+00
9.880090868727049383e+03,3.861291056507133224e+00
9.880090887286774887e+03,3.861290955999051366e+00
9.880090905846502210e+03,3.861290855492041096e+00
9.880090924406227714e+03,3.861290754986122398e+00
9.880090942965955037e+03,3.861290654481277951e+00
9.880090961525680541e+03,3.861290553977525519e+00
9.880090980085407864e+03,3.861290453474848672e+00
9.880090998645133368e+03,3.861290352973265616e+00
9.880091017204860691e+03,3.861290252472758144e+00
9.880091035764586195e+03,3.861290151973345797e+00
9.880091054324313518e+03,3.861290051475010365e+00
9.880091072884039022e+03,3.861289950977772278e+00
9.880091091443766345e+03,3.861289850481611996e+00
9.880091110003491849e+03,3.861289749986549058e+00
9.880091128563217353e+03,3.861289649492576359e+00
9.880091147122944676e+03,3.861289548999681909e+00
9.880091165682670180e+03,3.861289448507887911e+00
9.880091184242397503e+03,3.861289348017174827e+00
9.880091202802123007e+03,3.861289247527563084e+00
9.880091221361850330e+03,3.861289147039033143e+00
9.880091239921575834e+03,3.861289046551605431e+00
9.880091258481303157e+03,3.861288946065261296e+00
9.880091277041028661e+03,3.861288845580020279e+00
9.880091295600755984e+03,3.861288745095864172e+00
9.880091314160481488e+03,3.861288644612812071e+00
9.880091332720208811e+03,3.861288544130845768e+00
9.880091351279934315e+03,3.861288443649985691e+00
9.880091369839659819e+03,3.861288343170222070e+00
9.880091388399387142e+03,3.861288242691546468e+00
9.880091406959112646e+03,3.861288142213977537e+00
9.880091425518839969e+03,3.861288041737497956e+00
9.880091444078565473e+03,3.861287941262126822e+00
9.880091462638292796e+03,3.861287840787845482e+00
9.880091481198018300e+03,3.861287740314675254e+00
9.880091499757745623e+03,3.861287639842595265e+00
9.880091518317471127e+03,3.861287539371626387e+00
9.880091536877198450e+03,3.861287438901749969e+00
9.880091555436923954e+03,3.861287338432985994e+00
9.880091573996651277e+03,3.861287237965315366e+00
9.880091592556376781e+03,3.861287137498758515e+00
9.880091611116102285e+03,3.861287037033306113e+00
9.880091629675829608e+03,3.861286936568948835e+00
9.880091648235555112e+03,3.861286836105706666e+00
9.880091666795282435e+03,3.861286735643561396e+00
9.880091685355007940e+03,3.861286635182532567e+00
9.880091703914735263e+03,3.861286534722601527e+00
9.880091722474460767e+03,3.861286434263788259e+00
9.880091741034188090e+03,3.861286333806073667e+00
9.880091759593913594e+03,3.861286233349478625e+00
9.880091778153640917e+03,3.861286132893983147e+00
9.880091796713366421e+03,3.861286032439607663e+00
9.880091815273093744e+03,3.861285931986333964e+00
9.880091833832819248e+03,3.861285831534181590e+00
9.880091852392544752e+03,3.861285731083141215e+00
9.880091870952272075e+03,3.861285630633203514e+00
9.880091889511997579e+03,3.861285530184390247e+00
9.880091908071724902e+03,3.861285429736680097e+00
9.880091926631450406e+03,3.861285329290094825e+00
9.880091945191177729e+03,3.861285228844614892e+00
9.880091963750903233e+03,3.861285128400260280e+00
9.880091982310630556e+03,3.861285027957012339e+00
9.880092000870356060e+03,3.861284927514891496e+00
9.880092019430083383e+03,3.861284827073878212e+00
9.880092037989808887e+03,3.861284726633993358e+00
9.880092056549536210e+03,3.861284626195217395e+00
9.880092075109261714e+03,3.861284525757570751e+00
9.880092093668987218e+03,3.861284425321043212e+00
9.880092112228714541e+03,3.861284324885627228e+00
9.880092130788440045e+03,3.861284224451341895e+00
9.880092149348167368e+03,3.861284124018169006e+00
9.880092167907892872e+03,3.861284023586127656e+00
9.880092186467620195e+03,3.861283923155200082e+00
9.880092205027345699e+03,3.861283822725405823e+00
9.880092223587073022e+03,3.861283722296726673e+00
9.880092242146798526e+03,3.861283621869181282e+00
9.880092260706525849e+03,3.861283521442750999e+00
9.880092279266251353e+03,3.861283421017457140e+00
9.880092297825978676e+03,3.861283320593279278e+00
9.880092316385704180e+03,3.861283220170239172e+00
9.880092334945429684e+03,3.861283119748327053e+00
9.880092353505157007e+03,3.861283019327533150e+00
9.880092372064882511e+03,3.861282918907878337e+00
9.880092390624609834e+03,3.861282818489342183e+00
9.880092409184335338e+03,3.861282718071946896e+00
9.880092427744062661e+03,3.861282617655672933e+00
9.880092446303788165e+03,3.861282517240539391e+00
9.880092464863515488e+03,3.861282416826528507e+00
9.880092483423240992e+03,3.861282316413659377e+00
9.880092501982968315e+03,3.861282216001914236e+00
9.880092520542693819e+03,3.861282115591312625e+00
9.880092539102421142e+03,3.861282015181835447e+00
9.880092557662146646e+03,3.861281914773502688e+00
9.880092576221872150e+03,3.861281814366306353e+00
9.880092594781599473e+03,3.861281713960235784e+00
9.880092613341324977e+03,3.861281613555311409e+00
9.880092631901052300e+03,3.861281513151515465e+00
9.880092650460777804e+03,3.861281412748867048e+00
9.880092669020505127e+03,3.861281312347346617e+00
9.880092687580230631e+03,3.861281211946975489e+00
9.880092706139957954e+03,3.861281111547734124e+00
9.880092724699683458e+03,3.861281011149643394e+00
9.880092743259410781e+03,3.861280910752683759e+00
9.880092761819136285e+03,3.861280810356875204e+00
9.880092780378863608e+03,3.861280709962199964e+00
9.880092798938589112e+03,3.861280609568675359e+00
9.880092817498314616e+03,3.861280509176295617e+00
9.880092836058041939e+03,3.861280408785049634e+00
9.880092854617767443e+03,3.861280308394957839e+00
9.880092873177494766e+03,3.861280208006001136e+00
9.880092891737220270e+03,3.861280107618199953e+00
9.880092910296947593e+03,3.861280007231535638e+00
9.880092928856673097e+03,3.861279906846027732e+00
9.880092947416400420e+03,3.861279806461658470e+00
9.880092965976125924e+03,3.861279706078446505e+00
9.880092984535853248e+03,3.861279605696373185e+00
9.880093003095578752e+03,3.861279505315458938e+00
9.880093021655306075e+03,3.861279404935685111e+00
9.880093040215031579e+03,3.861279304557071246e+00
9.880093058774757083e+03,3.861279204179608460e+00
9.880093077334484406e+03,3.861279103803287871e+00
9.880093095894209910e+03,3.861279003428129908e+00
9.880093114453937233e+03,3.861278903054114142e+00
9.880093133013662737e+03,3.861278802681261890e+00
9.880093151573390060e+03,3.861278702309554056e+00
9.880093170133115564e+03,3.861278601939011068e+00
9.880093188692842887e+03,3.861278501569613386e+00
9.880093207252568391e+03,3.861278401201380994e+00
9.880093225812295714e+03,3.861278300834295685e+00
9.880093244372021218e+03,3.861278200468376998e+00
9.880093262931748541e+03,3.861278100103605837e+00
9.880093281491474045e+03,3.861277999740003963e+00
9.880093300051199549e+03,3.861277899377559830e+00
9.880093318610926872e+03,3.861277799016265444e+00
9.880093337170652376e+03,3.861277698656141677e+00
9.880093355730379699e+03,3.861277598297168101e+00
9.880093374290105203e+03,3.861277497939366476e+00
9.880093392849832526e+03,3.861277397582715931e+00
9.880093411409558030e+03,3.861277297227237781e+00
9.880093429969285353e+03,3.861277196872913375e+00
9.880093448529010857e+03,3.861277096519762253e+00
9.880093467088738180e+03,3.861276996167765763e+00
9.880093485648463684e+03,3.861276895816943444e+00
9.880093504208191007e+03,3.861276795467276646e+00
9.880093522767916511e+03,3.861276695118785796e+00
9.880093541327642015e+03,3.861276594771462456e+00
9.880093559887369338e+03,3.861276494425296413e+00
9.880093578447094842e+03,3.861276394080306762e+00
9.880093597006822165e+03,3.861276293736477072e+00
9.880093615566547669e+03,3.861276193393825995e+00
9.880093634126274992e+03,3.861276093052334435e+00
9.880093652686000496e+03,3.861275992712022376e+00
9.880093671245727819e+03,3.861275892372872498e+00
9.880093689805453323e+03,3.861275792034903009e+00
9.880093708365180646e+03,3.861275691698095702e+00
9.880093726924906150e+03,3.861275591362471005e+00
9.880093745484633473e+03,3.861275491028010709e+00
9.880093764044358977e+03,3.861275390694733023e+00
9.880093782604084481e+03,3.861275290362629509e+00
9.880093801163811804e+03,3.861275190031691729e+00
9.880093819723537308e+03,3.861275089701939667e+00
9.880093838283264631e+03,3.861274989373352895e+00
9.880093856842990135e+03,3.861274889045954506e+00
9.880093875402717458e+03,3.861274788719722295e+00
9.880093893962442962e+03,3.861274688394678467e+00
9.880093912522170285e+03,3.861274588070803482e+00
9.880093931081895789e+03,3.861274487748117323e+00
9.880093949641623112e+03,3.861274387426600896e+00
9.880093968201348616e+03,3.861274287106274627e+00
9.880093986761075939e+03,3.861274186787119866e+00
9.880094005320801443e+03,3.861274086469156597e+00
9.880094023880526947e+03,3.861273986152375048e+00
9.880094042440254270e+03,3.861273885836767228e+00
9.880094060999979774e+03,3.861273785522352231e+00
9.880094079559707097e+03,3.861273685209110518e+00
9.880094098119432601e+03,3.861273584897065181e+00
9.880094116679159924e+03,3.861273484586193572e+00
9.880094135238885428e+03,3.861273384276517895e+00
9.880094153798612751e+03,3.861273283968018610e+00
9.880094172358338255e+03,3.861273183660717034e+00
9.880094190918065578e+03,3.861273083354592295e+00
9.880094209477791082e+03,3.861272983049666152e+00
9.880094228037518405e+03,3.861272882745919066e+00
9.880094246597243909e+03,3.861272782443370133e+00
9.880094265156969414e+03,3.861272682142011803e+00
9.880094283716696737e+03,3.861272581841833862e+00
9.880094302276422241e+03,3.861272481542857626e+00
9.880094320836149564e+03,3.861272381245062668e+00
9.880094339395875068e+03,3.861272280948470748e+00
9.880094357955602391e+03,3.861272180653060992e+00
9.880094376515327895e+03,3.861272080358854719e+00
9.880094395075055218e+03,3.861271980065832832e+00
9.880094413634780722e+03,3.861271879774016202e+00
9.880094432194508045e+03,3.861271779483383959e+00
9.880094450754233549e+03,3.861271679193958750e+00
9.880094469313960872e+03,3.861271578905719704e+00
9.880094487873686376e+03,3.861271478618686359e+00
9.880094506433411880e+03,3.861271378332852500e+00
9.880094524993139203e+03,3.861271278048206579e+00
9.880094543552864707e+03,3.861271177764769025e+00
9.880094562112592030e+03,3.861271077482521186e+00
9.880094580672317534e+03,3.861270977201483934e+00
9.880094599232044857e+03,3.861270876921636841e+00
9.880094617791770361e+03,3.861270776643001224e+00
9.880094636351497684e+03,3.861270676365557541e+00
9.880094654911223188e+03,3.861270576089327111e+00
9.880094673470950511e+03,3.861270475814288616e+00
9.880094692030676015e+03,3.861270375540464705e+00
9.880094710590401519e+03,3.861270275267844276e+00
9.880094729150128842e+03,3.861270174996419335e+00
9.880094747709854346e+03,3.861270074726208978e+00
9.880094766269581669e+03,3.861269974457196330e+00
9.880094784829307173e+03,3.861269874189398710e+00
9.880094803389034496e+03,3.861269773922799686e+00
9.880094821948760000e+03,3.861269673657417911e+00
9.880094840508487323e+03,3.861269573393234733e+00
9.880094859068212827e+03,3.861269473130270580e+00
9.880094877627940150e+03,3.861269372868505911e+00
9.880094896187665654e+03,3.861269272607961156e+00
9.880094914747392977e+03,3.861269172348618550e+00
9.880094933307118481e+03,3.861269072090496302e+00
9.880094951866843985e+03,3.861268971833586416e+00
9.880094970426571308e+03,3.861268871577879569e+00
9.880094988986296812e+03,3.861268771323395743e+00
9.880095007546024135e+03,3.861268671070115399e+00
9.880095026105749639e+03,3.861268570818060297e+00
9.880095044665476962e+03,3.861268470567210009e+00
9.880095063225202466e+03,3.861268370317584520e+00
9.880095081784929789e+03,3.861268270069165620e+00
9.880095100344655293e+03,3.861268169821973739e+00
9.880095118904382616e+03,3.861268069575990225e+00
9.880095137464108120e+03,3.861267969331233285e+00
9.880095156023835443e+03,3.861267869087685600e+00
9.880095174583560947e+03,3.861267768845367154e+00
9.880095193143286451e+03,3.861267668604268177e+00
9.880095211703013774e+03,3.861267568364380676e+00
9.880095230262739278e+03,3.861267468125722857e+00
9.880095248822466601e+03,3.861267367888277402e+00
9.880095267382192105e+03,3.861267267652064294e+00
9.880095285941919428e+03,3.861267167417063995e+00
9.880095304501644932e+03,3.861267067183296042e+00
9.880095323061372255e+03,3.861266966950742674e+00
9.880095341621097759e+03,3.861266866719424762e+00
9.880095360180825082e+03,3.861266766489321434e+00
9.880095378740550586e+03,3.861266666260453562e+00
9.880095397300277909e+03,3.861266566032802494e+00
9.880095415860003413e+03,3.861266465806387771e+00
9.880095434419728917e+03,3.861266365581201843e+00
9.880095452979456240e+03,3.861266265357233607e+00
9.880095471539181744e+03,3.861266165134503936e+00
9.880095490098909067e+03,3.861266064912992846e+00
9.880095508658634571e+03,3.861265964692723429e+00
9.880095527218361894e+03,3.861265864473673037e+00
9.880095545778087399e+03,3.861265764255864319e+00
9.880095564337814722e+03,3.861265664039277734e+00
9.880095582897540226e+03,3.861265563823933711e+00
9.880095601457267549e+03,3.861265463609812265e+00
9.880095620016993053e+03,3.861265363396934269e+00
9.880095638576720376e+03,3.861265263185280627e+00
9.880095657136445880e+03,3.861265162974871323e+00
9.880095675696171384e+03,3.861265062765697920e+00
9.880095694255898707e+03,3.861264962557750202e+00
9.880095712815624211e+03,3.861264862351049043e+00
9.880095731375351534e+03,3.861264762145574903e+00
9.880095749935077038e+03,3.861264661941348653e+00
9.880095768494804361e+03,3.861264561738351198e+00
9.880095787054529865e+03,3.861264461536602077e+00
9.880095805614257188e+03,3.861264361336082196e+00
9.880095824173982692e+03,3.861264261136813314e+00
9.880095842733710015e+03,3.861264160938774559e+00
9.880095861293435519e+03,3.861264060741986803e+00
9.880095879853162842e+03,3.861263960546431395e+00
9.880095898412888346e+03,3.861263860352129207e+00
9.880095916972613850e+03,3.861263760159069136e+00
9.880095935532341173e+03,3.861263659967243189e+00
9.880095954092066677e+03,3.861263559776671350e+00
9.880095972651794000e+03,3.861263459587334523e+00
9.880095991211519504e+03,3.861263359399253137e+00
9.880096009771246827e+03,3.861263259212408094e+00
9.880096028330972331e+03,3.861263159026819380e+00
9.880096046890699654e+03,3.861263058842468343e+00
9.880096065450425158e+03,3.861262958659374966e+00
9.880096084010152481e+03,3.861262858477519710e+00
9.880096102569877985e+03,3.861262758296923892e+00
9.880096121129605308e+03,3.861262658117567526e+00
9.880096139689330812e+03,3.861262557939471929e+00
9.880096158249056316e+03,3.861262457762626887e+00
9.880096176808783639e+03,3.861262357587022631e+00
9.880096195368509143e+03,3.861262257412681365e+00
9.880096213928236466e+03,3.861262157239582660e+00
9.880096232487961970e+03,3.861262057067746944e+00
9.880096251047689293e+03,3.861261956897155123e+00
9.880096269607414797e+03,3.861261856727828068e+00
9.880096288167142120e+03,3.861261756559745351e+00
9.880096306726867624e+03,3.861261656392928732e+00
9.880096325286594947e+03,3.861261556227359115e+00
9.880096343846320451e+03,3.861261456063055597e+00
9.880096362406047774e+03,3.861261355899999081e+00
9.880096380965773278e+03,3.861261255738211329e+00
9.880096399525498782e+03,3.861261155577681681e+00
9.880096418085226105e+03,3.861261055418401700e+00
9.880096436644951609e+03,3.861260955260390926e+00
9.880096455204678932e+03,3.861260855103630707e+00
9.880096473764404436e+03,3.861260754948141916e+00
9.880096492324131759e+03,3.861260654793904568e+00
9.880096510883857263e+03,3.861260554640939091e+00
9.880096529443584586e+03,3.861260454489227278e+00
9.880096548003310090e+03,3.861260354338787781e+00
9.880096566563037413e+03,3.861260254189603280e+00
9.880096585122762917e+03,3.861260154041692871e+00
9.880096603682490240e+03,3.861260053895037458e+00
9.880096622242215744e+03,3.861259953749657470e+00
9.880096640801941248e+03,3.861259853605544468e+00
9.880096659361668571e+03,3.861259753462688682e+00
9.880096677921394075e+03,3.861259653321110097e+00
9.880096696481121398e+03,3.861259553180790061e+00
9.880096715040846902e+03,3.861259453041748557e+00
9.880096733600574225e+03,3.861259352903966047e+00
9.880096752160299729e+03,3.861259252767464289e+00
9.880096770720027052e+03,3.861259152632222413e+00
9.880096789279752556e+03,3.861259052498261735e+00
9.880096807839479879e+03,3.861258952365563157e+00
9.880096826399205383e+03,3.861258852234146666e+00
9.880096844958932707e+03,3.861258752103993608e+00
9.880096863518658211e+03,3.861258651975123524e+00
9.880096882078383715e+03,3.861258551847527531e+00
9.880096900638111038e+03,3.861258451721196305e+00
9.880096919197836542e+03,3.861258351596150717e+00
9.880096937757563865e+03,3.861258251472371228e+00
9.880096956317289369e+03,3.861258151349877377e+00
9.880096974877016692e+03,3.861258051228651400e+00
9.880096993436742196e+03,3.861257951108712838e+00
9.880097011996469519e+03,3.861257850990043483e+00
9.880097030556195023e+03,3.861257750872661543e+00
9.880097049115922346e+03,3.861257650756550142e+00
9.880097067675647850e+03,3.861257550641728375e+00
9.880097086235375173e+03,3.861257450528177593e+00
9.880097104795100677e+03,3.861257350415918221e+00
9.880097123354826181e+03,3.861257250304939603e+00
9.880097141914553504e+03,3.861257150195235077e+00
9.880097160474279008e+03,3.861257050086822407e+00
9.880097179034006331e+03,3.861256949979683828e+00
9.880097197593731835e+03,3.861256849873839769e+00
9.880097216153459158e+03,3.861256749769271135e+00
9.880097234713184662e+03,3.861256649665996576e+00
9.880097253272911985e+03,3.861256549563999219e+00
9.880097271832637489e+03,3.861256449463298157e+00
9.880097290392364812e+03,3.861256349363873852e+00
9.880097308952090316e+03,3.861256249265748064e+00
9.880097327511817639e+03,3.861256149168900365e+00
9.880097346071543143e+03,3.861256049073351182e+00
9.880097364631268647e+03,3.861255948979092967e+00
9.880097383190995970e+03,3.861255848886114617e+00
9.880097401750721474e+03,3.861255748794436116e+00
9.880097420310448797e+03,3.861255648704040144e+00
9.880097438870174301e+03,3.861255548614945798e+00
9.880097457429901624e+03,3.861255448527133982e+00
9.880097475989627128e+03,3.861255348440625124e+00
9.880097494549354451e+03,3.861255248355401015e+00
9.880097513109079955e+03,3.861255148271480309e+00
9.880097531668807278e+03,3.861255048188844796e+00
9.880097550228532782e+03,3.861254948107515350e+00
9.880097568788260105e+03,3.861254848027471542e+00
9.880097587347985609e+03,3.861254747948735133e+00
9.880097605907711113e+03,3.861254647871295020e+00
9.880097624467438436e+03,3.861254547795144543e+00
9.880097643027163940e+03,3.861254447720301908e+00
9.880097661586891263e+03,3.861254347646748464e+00
9.880097680146616767e+03,3.861254247574504639e+00
9.880097698706344090e+03,3.861254147503550449e+00
9.880097717266069594e+03,3.861254047433908099e+00
9.880097735825796917e+03,3.861253947365557160e+00
9.880097754385522421e+03,3.861253847298518949e+00
9.880097772945249744e+03,3.861253747232773037e+00
9.880097791504975248e+03,3.861253647168339853e+00
9.880097810064702571e+03,3.861253547105202077e+00
9.880097828624428075e+03,3.861253447043377474e+00
9.880097847184153579e+03,3.861253346982858492e+00
9.880097865743880902e+03,3.861253246923635363e+00
9.880097884303606406e+03,3.861253146865728514e+00
9.880097902863333729e+03,3.861253046809118850e+00
9.880097921423059233e+03,3.861252946753826354e+00
9.880097939982786556e+03,3.861252846699832375e+00
9.880097958542512060e+03,3.861252746647156897e+00
9.880097977102239383e+03,3.861252646595780380e+00
9.880097995661964887e+03,3.861252546545724140e+00
9.880098014221692210e+03,3.861252446496968194e+00
9.880098032781417714e+03,3.861252346449532968e+00
9.880098051341145037e+03,3.861252246403400701e+00
9.880098069900870541e+03,3.861252146358589155e+00
9.880098088460596045e+03,3.861252046315091668e+00
9.880098107020323368e+03,3.861251946272897140e+00
9.880098125580048873e+03,3.861251846232027329e+00
9.880098144139776196e+03,3.861251746192461365e+00
9.880098162699501700e+03,3.861251646154221007e+00
9.880098181259229023e+03,3.861251546117287159e+00
9.880098199818954527e+03,3.861251446081678473e+00
9.880098218378681850e+03,3.861251346047378075e+00
9.880098236938407354e+03,3.861251246014404170e+00
9.880098255498134677e+03,3.861251145982739441e+00
9.880098274057860181e+03,3.861251045952402983e+00
9.880098292617587504e+03,3.861250945923376587e+00
9.880098311177313008e+03,3.861250845895680239e+00
9.880098329737038512e+03,3.861250745869303724e+00
9.880098348296765835e+03,3.861250645844239493e+00
9.880098366856491339e+03,3.861250545820506641e+00
9.880098385416218662e+03,3.861250445798085629e+00
9.880098403975944166e+03,3.861250345776997772e+00
9.880098422535671489e+03,3.861250245757223976e+00
9.880098441095396993e+03,3.861250145738784667e+00
9.880098459655124316e+03,3.861250045721659863e+00
9.880098478214849820e+03,3.861249945705869990e+00
9.880098496774577143e+03,3.861249845691397287e+00
9.880098515334302647e+03,3.861249745678259959e+00
9.880098533894029970e+03,3.861249645666440244e+00
9.880098552453755474e+03,3.861249545655958570e+00
9.880098571013480978e+03,3.861249445646805167e+00
9.880098589573208301e+03,3.861249345638970265e+00
9.880098608132933805e+03,3.861249245632475624e+00
9.880098626692661128e+03,3.861249145627300372e+00
9.880098645252386632e+03,3.861249045623466269e+00
9.880098663812113955e+03,3.861248945620954220e+00
9.880098682371839459e+03,3.861248845619783321e+00
9.880098700931566782e+03,3.861248745619934919e+00
9.880098719491292286e+03,3.861248645621430331e+00
9.880098738051019609e+03,3.861248545624248685e+00
9.880098756610745113e+03,3.861248445628411741e+00
9.880098775170472436e+03,3.861248345633899959e+00
9.880098793730197940e+03,3.861248245640733767e+00
9.880098812289923444e+03,3.861248145648902952e+00
9.880098830849650767e+03,3.861248045658399963e+00
9.880098849409376271e+03,3.861247945669243453e+00
9.880098867969103594e+03,3.861247845681415658e+00
9.880098886528829098e+03,3.861247745694934785e+00
9.880098905088556421e+03,3.861247645709784404e+00
9.880098923648281925e+03,3.861247545725983610e+00
9.880098942208009248e+03,3.861247445743512419e+00
9.880098960767734752e+03,3.861247345762393035e+00
9.880098979327462075e+03,3.861247245782605031e+00
9.880098997887187579e+03,3.861247145804168834e+00
9.880099016446914902e+03,3.861247045827064905e+00
9.880099035006640406e+03,3.861246945851315004e+00
9.880099053566365910e+03,3.861246845876908029e+00
9.880099072126093233e+03,3.861246745903835986e+00
9.880099090685818737e+03,3.861246645932118859e+00
9.880099109245546060e+03,3.861246545961737553e+00
9.880099127805271564e+03,3.861246445992713383e+00
9.880099146364998887e+03,3.861246346025025478e+00
9.880099164924724391e+03,3.861246246058694265e+00
9.880099183484451714e+03,3.861246146093701537e+00
9.880099202044177218e+03,3.861246046130067722e+00
9.880099220603904541e+03,3.861245946167772836e+00
9.880099239163630045e+03,3.861245846206838195e+00
9.880099257723357368e+03,3.861245746247242927e+00
9.880099276283082872e+03,3.861245646289010125e+00
9.880099294842808376e+03,3.861245546332127798e+00
9.880099313402535699e+03,3.861245446376588397e+00
9.880099331962261203e+03,3.861245346422411462e+00
9.880099350521988526e+03,3.861245246469577452e+00
9.880099369081714030e+03,3.861245146518108129e+00
9.880099387641441353e+03,3.861245046567983064e+00
9.880099406201166857e+03,3.861244946619224017e+00
9.880099424760894181e+03,3.861244846671809672e+00
9.880099443320619685e+03,3.861244746725762234e+00
9.880099461880347008e+03,3.861244646781061718e+00
9.880099480440072512e+03,3.861244546837728553e+00
9.880099498999798016e+03,3.861244446895753857e+00
9.880099517559525339e+03,3.861244346955127860e+00
9.880099536119250843e+03,3.861244247015870545e+00
9.880099554678978166e+03,3.861244147077964151e+00
9.880099573238703670e+03,3.861244047141427771e+00
9.880099591798430993e+03,3.861243947206242755e+00
9.880099610358156497e+03,3.861243847272429086e+00
9.880099628917883820e+03,3.861243747339968113e+00
9.880099647477609324e+03,3.861243647408880264e+00
9.880099666037336647e+03,3.861243547479145999e+00
9.880099684597062151e+03,3.861243447550785302e+00
9.880099703156789474e+03,3.861243347623779076e+00
9.880099721716514978e+03,3.861243247698148640e+00
9.880099740276240482e+03,3.861243147773884221e+00
9.880099758835967805e+03,3.861243047850976051e+00
9.880099777395693309e+03,3.861242947929445002e+00
9.880099795955420632e+03,3.861242848009271977e+00
9.880099814515146136e+03,3.861242748090476962e+00
9.880099833074873459e+03,3.861242648173040859e+00
9.880099851634598963e+03,3.861242548256984097e+00
9.880099870194326286e+03,3.861242448342288025e+00
9.880099888754051790e+03,3.861242348428971738e+00
9.880099907313779113e+03,3.861242248517017028e+00
9.880099925873504617e+03,3.861242148606444324e+00
9.880099944433231940e+03,3.861242048697233642e+00
9.880099962992957444e+03,3.861241948789406742e+00
9.880099981552682948e+03,3.861241848882952521e+00
9.880100000112410271e+03,3.861241748977862986e+00
9.880100018672135775e+03,3.861241649074158566e+00
9.880100037231863098e+03,3.861241549171819720e+00
9.880100055791588602e+03,3.861241449270866877e+00
9.880100074351315925e+03,3.861241349371280052e+00
9.880100092911041429e+03,3.861241249473081005e+00
9.880100111470768752e+03,3.861241149576249310e+00
9.880100130030494256e+03,3.861241049680805837e+00
9.880100148590221579e+03,3.861240949786731935e+00
9.880100167149947083e+03,3.861240849894047145e+00
9.880100185709674406e+03,3.861240750002733257e+00
9.880100204269399910e+03,3.861240650112809814e+00
9.880100222829125414e+03,3.861240550224267043e+00
9.880100241388852737e+03,3.861240450337096952e+00
9.880100259948578241e+03,3.861240350451319081e+00
9.880100278508305564e+03,3.861240250566914778e+00
9.880100297068031068e+03,3.861240150683904027e+00
9.880100315627758391e+03,3.861240050802268176e+00
9.880100334187483895e+03,3.861239950922026765e+00
9.880100352747211218e+03,3.861239851043160254e+00
9.880100371306936722e+03,3.861239751165690848e+00
9.880100389866664045e+03,3.861239651289598118e+00
9.880100408426389549e+03,3.861239551414902049e+00
9.880100426986116872e+03,3.861239451541584877e+00
9.880100445545842376e+03,3.861239351669665254e+00
9.880100464105567880e+03,3.861239251799135186e+00
9.880100482665295203e+03,3.861239151929984015e+00
9.880100501225020707e+03,3.861239052062234389e+00
9.880100519784748030e+03,3.861238952195864993e+00
9.880100538344473534e+03,3.861238852330897586e+00
9.880100556904200857e+03,3.861238752467311741e+00
9.880100575463926361e+03,3.861238652605128330e+00
9.880100594023653684e+03,3.861238552744329144e+00
9.880100612583379188e+03,3.861238452884933281e+00
9.880100631143106511e+03,3.861238353026921644e+00
9.880100649702832015e+03,3.861238253170315549e+00
9.880100668262559338e+03,3.861238153315094568e+00
9.880100686822284842e+03,3.861238053461280018e+00
9.880100705382010347e+03,3.861237953608863016e+00
9.880100723941737670e+03,3.861237853757832461e+00
9.880100742501463174e+03,3.861237753908210113e+00
9.880100761061190497e+03,3.861237654059977320e+00
9.880100779620916001e+03,3.861237554213152734e+00
9.880100798180643324e+03,3.861237454367718591e+00
9.880100816740368828e+03,3.861237354523694432e+00
9.880100835300096151e+03,3.861237254681062048e+00
9.880100853859821655e+03,3.861237154839840535e+00
9.880100872419548978e+03,3.861237055000010798e+00
9.880100890979274482e+03,3.861236955161594597e+00
9.880100909539001805e+03,3.861236855324571504e+00
9.880100928098727309e+03,3.861236755488962391e+00
9.880100946658452813e+03,3.861236655654758376e+00
9.880100965218180136e+03,3.861236555821948357e+00
9.880100983777905640e+03,3.861236455990554983e+00
9.880101002337632963e+03,3.861236356160558270e+00
9.880101020897358467e+03,3.861236256331977756e+00
9.880101039457085790e+03,3.861236156504795236e+00
9.880101058016811294e+03,3.861236056679031137e+00
9.880101076576538617e+03,3.861235956854665030e+00
9.880101095136264121e+03,3.861235857031718233e+00
9.880101113695991444e+03,3.861235757210172093e+00
9.880101132255716948e+03,3.861235657390046150e+00
9.880101150815444271e+03,3.861235557571321753e+00
9.880101169375169775e+03,3.861235457754018441e+00
9.880101187934895279e+03,3.861235357938127333e+00
9.880101206494622602e+03,3.861235258123639991e+00
9.880101225054348106e+03,3.861235158310575066e+00
9.880101243614075429e+03,3.861235058498914796e+00
9.880101262173800933e+03,3.861234958688678720e+00
9.880101280733528256e+03,3.861234858879848630e+00
9.880101299293253760e+03,3.861234759072444511e+00
9.880101317852981083e+03,3.861234659266446378e+00
9.880101336412706587e+03,3.861234559461875104e+00
9.880101354972433910e+03,3.861234459658712481e+00
9.880101373532159414e+03,3.861234359856977161e+00
9.880101392091886737e+03,3.861234260056650935e+00
9.880101410651612241e+03,3.861234160257754233e+00
9.880101429211337745e+03,3.861234060460277284e+00
9.880101447771065068e+03,3.861233960664211651e+00
9.880101466330790572e+03,3.861233860869575985e+00
9.880101484890517895e+03,3.861233761076353410e+00
9.880101503450243399e+03,3.861233661284562579e+00
9.880101522009970722e+03,3.861233561494184841e+00
9.880101540569696226e+03,3.861233461705241510e+00
9.880101559129423549e+03,3.861233361917711271e+00
9.880101577689149053e+03,3.861233262131616772e+00
9.880101596248876376e+03,3.861233162346936254e+00
9.880101614808601880e+03,3.861233062563692808e+00
9.880101633368329203e+03,3.861232962781865563e+00
9.880101651928054707e+03,3.861232863001476279e+00
9.880101670487780211e+03,3.861232763222513853e+00
9.880101689047507534e+03,3.861232663444970292e+00
9.880101707607233038e+03,3.861232563668865581e+00
9.880101726166960361e+03,3.861232463894180178e+00
9.880101744726685865e+03,3.861232364120934957e+00
9.880101763286413188e+03,3.861232264349110821e+00
9.880101781846138692e+03,3.861232164578727311e+00
9.880101800405866015e+03,3.861232064809766662e+00
9.880101818965591519e+03,3.861231965042247971e+00
9.880101837525318842e+03,3.861231865276152586e+00
9.880101856085044346e+03,3.861231765511500935e+00
9.880101874644771669e+03,3.861231665748273034e+00
9.880101893204497173e+03,3.861231565986490644e+00
9.880101911764222677e+03,3.861231466226143549e+00
9.880101930323950000e+03,3.861231366467222426e+00
9.880101948883675504e+03,3.861231266709748144e+00
9.880101967443402827e+03,3.861231166953701166e+00
9.880101986003128332e+03,3.861231067199101918e+00
9.880102004562855655e+03,3.861230967445931306e+00
9.880102023122581159e+03,3.861230867694209312e+00
9.880102041682308482e+03,3.861230767943917730e+00
9.880102060242033986e+03,3.861230668195076099e+00
9.880102078801761309e+03,3.861230568447665323e+00
9.880102097361486813e+03,3.861230468701705831e+00
9.880102115921214136e+03,3.861230368957178527e+00
9.880102134480939640e+03,3.861230269214102950e+00
9.880102153040665144e+03,3.861230169472471108e+00
9.880102171600392467e+03,3.861230069732274117e+00
9.880102190160117971e+03,3.861229969993530187e+00
9.880102208719845294e+03,3.861229870256222441e+00
9.880102227279570798e+03,3.861229770520369087e+00
9.880102245839298121e+03,3.861229670785952361e+00
9.880102264399023625e+03,3.861229571052993137e+00
9.880102282958750948e+03,3.861229471321470097e+00
9.880102301518476452e+03,3.861229371591405890e+00
9.880102320078203775e+03,3.861229271862780088e+00
9.880102338637929279e+03,3.861229172135613119e+00
9.880102357197656602e+03,3.861229072409886331e+00
9.880102375757382106e+03,3.861228972685619709e+00
9.880102394317107610e+03,3.861228872962803482e+00
9.880102412876834933e+03,3.861228773241429657e+00
9.880102431436560437e+03,3.861228673521517329e+00
9.880102449996287760e+03,3.861228573803048736e+00
9.880102468556013264e+03,3.861228474086042084e+00
9.880102487115740587e+03,3.861228374370480498e+00
9.880102505675466091e+03,3.861228274656383075e+00
9.880102524235193414e+03,3.861228174943730274e+00
9.880102542794918918e+03,3.861228075232543855e+00
9.880102561354646241e+03,3.861227975522802947e+00
9.880102579914371745e+03,3.861227875814529753e+00
9.880102598474099068e+03,3.861227776107702958e+00
9.880102617033824572e+03,3.861227676402344766e+00
9.880102635593550076e+03,3.861227576698445407e+00
9.880102654153277399e+03,3.861227476995995112e+00
9.880102672713002903e+03,3.861227377295015195e+00
9.880102691272730226e+03,3.861227277595485230e+00
9.880102709832455730e+03,3.861227177897426532e+00
9.880102728392183053e+03,3.861227078200819562e+00
9.880102746951908557e+03,3.861226978505684304e+00
9.880102765511635880e+03,3.861226878812002550e+00
9.880102784071361384e+03,3.861226779119793395e+00
9.880102802631088707e+03,3.861226679429039077e+00
9.880102821190814211e+03,3.861226579739758691e+00
9.880102839750541534e+03,3.861226480051933585e+00
9.880102858310267038e+03,3.861226380365584188e+00
9.880102876869992542e+03,3.861226280680701617e+00
9.880102895429719865e+03,3.861226180997275659e+00
9.880102913989445369e+03,3.861226081315328074e+00
9.880102932549172692e+03,3.861225981634837545e+00
9.880102951108898196e+03,3.861225881955826722e+00
9.880102969668625519e+03,3.861225782278274288e+00
9.880102988228351023e+03,3.861225682602202447e+00
9.880103006788078346e+03,3.861225582927590771e+00
9.880103025347803850e+03,3.861225483254460578e+00
9.880103043907531173e+03,3.861225383582791881e+00
9.880103062467256677e+03,3.861225283912605555e+00
9.880103081026984000e+03,3.861225184243882946e+00
9.880103099586709504e+03,3.861225084576642708e+00
9.880103118146435008e+03,3.861224984910876845e+00
9.880103136706162331e+03,3.861224885246576033e+00
9.880103155265887835e+03,3.861224785583760255e+00
9.880103173825615158e+03,3.861224685922410416e+00
9.880103192385340662e+03,3.861224586262546499e+00
9.880103210945067985e+03,3.861224486604150297e+00
9.880103229504793489e+03,3.861224386947242238e+00
9.880103248064520812e+03,3.861224287291801893e+00
9.880103266624246316e+03,3.861224187637850136e+00
9.880103285183973640e+03,3.861224087985367870e+00
9.880103303743699144e+03,3.861223988334376411e+00
9.880103322303426467e+03,3.861223888684854888e+00
9.880103340863151971e+03,3.861223789036824616e+00
9.880103359422877475e+03,3.861223689390275382e+00
9.880103377982604798e+03,3.861223589745199636e+00
9.880103396542330302e+03,3.861223490101617362e+00
9.880103415102057625e+03,3.861223390459508131e+00
9.880103433661783129e+03,3.861223290818892817e+00
9.880103452221510452e+03,3.861223191179751879e+00
9.880103470781235956e+03,3.861223091542106634e+00
9.880103489340963279e+03,3.861222991905938429e+00
9.880103507900688783e+03,3.861222892271265916e+00
9.880103526460416106e+03,3.861222792638070889e+00
9.880103545020141610e+03,3.861222693006373330e+00
9.880103563579868933e+03,3.861222593376154144e+00
9.880103582139594437e+03,3.861222493747434203e+00
9.880103600699319941e+03,3.861222394120202850e+00
9.880103619259047264e+03,3.861222294494452978e+00
9.880103637818772768e+03,3.861222194870202795e+00
9.880103656378500091e+03,3.861222095247434094e+00
9.880103674938225595e+03,3.861221995626167747e+00
9.880103693497952918e+03,3.861221896006383325e+00
9.880103712057678422e+03,3.861221796388102145e+00
9.880103730617405745e+03,3.861221696771305112e+00
9.880103749177131249e+03,3.861221597156011764e+00
9.880103767736858572e+03,3.861221497542204339e+00
9.880103786296584076e+03,3.861221397929901489e+00
9.880103804856311399e+03,3.861221298319085449e+00
9.880103823416036903e+03,3.861221198709774871e+00
9.880103841975762407e+03,3.861221099101962206e+00
9.880103860535489730e+03,3.861220999495637241e+00
9.880103879095215234e+03,3.861220899890820846e+00
9.880103897654942557e+03,3.861220800287493038e+00
9.880103916214668061e+03,3.861220700685676022e+00
9.880103934774395384e+03,3.861220601085348481e+00
9.880103953334120888e+03,3.861220501486531731e+00
9.880103971893848211e+03,3.861220401889206677e+00
9.880103990453573715e+03,3.861220302293392859e+00
9.880104009013301038e+03,3.861220202699072512e+00
9.880104027573026542e+03,3.861220103106264734e+00
9.880104046132753865e+03,3.861220003514951316e+00
9.880104064692479369e+03,3.861219903925151797e+00
9.880104083252204873e+03,3.861219804336856853e+00
9.880104101811932196e+03,3.861219704750058046e+00
9.880104120371657700e+03,3.861219605164775359e+00
9.880104138931385023e+03,3.861219505580989697e+00
9.880104157491110527e+03,3.861219405998720600e+00
9.880104176050837850e+03,3.861219306417950303e+00
9.880104194610563354e+03,3.861219206838697460e+00
9.880104213170290677e+03,3.861219107260945194e+00
9.880104231730016181e+03,3.861219007684711269e+00
9.880104250289743504e+03,3.861218908109979253e+00
9.880104268849469008e+03,3.861218808536766911e+00
9.880104287409196331e+03,3.861218708965056035e+00
9.880104305968921835e+03,3.861218609394867496e+00
9.880104324528647339e+03,3.861218509826191081e+00
9.880104343088374662e+03,3.861218410259018796e+00
9.880104361648100166e+03,3.861218310693369737e+00
9.880104380207827489e+03,3.861218211129225697e+00
9.880104398767552993e+03,3.861218111566606659e+00
9.880104417327280316e+03,3.861218012005492639e+00
9.880104435887005820e+03,3.861217912445904954e+00
9.880104454446733143e+03,3.861217812887825396e+00
9.880104473006458647e+03,3.861217713331272172e+00
9.880104491566185970e+03,3.861217613776227520e+00
9.880104510125911474e+03,3.861217514222710090e+00
9.880104528685636978e+03,3.861217414670713222e+00
9.880104547245364301e+03,3.861217315120225813e+00
9.880104565805089806e+03,3.861217215571268291e+00
9.880104584364817129e+03,3.861217116023822005e+00
9.880104602924542633e+03,3.861217016477907382e+00
9.880104621484269956e+03,3.861216916933505772e+00
9.880104640043995460e+03,3.861216817390635825e+00
9.880104658603722783e+03,3.861216717849279334e+00
9.880104677163448287e+03,3.861216618309457171e+00
9.880104695723175610e+03,3.861216518771149353e+00
9.880104714282901114e+03,3.861216419234376751e+00
9.880104732842628437e+03,3.861216319699119826e+00
9.880104751402353941e+03,3.861216220165398560e+00
9.880104769962079445e+03,3.861216120633204962e+00
9.880104788521806768e+03,3.861216021102529261e+00
9.880104807081532272e+03,3.861215921573391441e+00
9.880104825641259595e+03,3.861215822045771073e+00
9.880104844200985099e+03,3.861215722519691251e+00
9.880104862760712422e+03,3.861215622995131103e+00
9.880104881320437926e+03,3.861215523472111055e+00
9.880104899880165249e+03,3.861215423950612902e+00
9.880104918439890753e+03,3.861215324430655293e+00
9.880104936999618076e+03,3.861215224912220467e+00
9.880104955559343580e+03,3.861215125395328851e+00
9.880104974119070903e+03,3.861215025879959573e+00
9.880104992678796407e+03,3.861214926366135280e+00
9.880105011238521911e+03,3.861214826853845761e+00
9.880105029798249234e+03,3.861214727343080799e+00
9.880105048357974738e+03,3.861214627833861712e+00
9.880105066917702061e+03,3.861214528326169848e+00
9.880105085477427565e+03,3.861214428820024303e+00
9.880105104037154888e+03,3.861214329315405980e+00
9.880105122596880392e+03,3.861214229812335752e+00
9.880105141156607715e+03,3.861214130310795412e+00
9.880105159716333219e+03,3.861214030810803166e+00
9.880105178276060542e+03,3.861213931312341696e+00
9.880105196835786046e+03,3.861213831815430542e+00
9.880105215395513369e+03,3.861213732320050607e+00
9.880105233955238873e+03,3.861213632826221875e+00
9.880105252514964377e+03,3.861213533333935910e+00
9.880105271074691700e+03,3.861213433843183385e+00
9.880105289634417204e+03,3.861213334353983395e+00
9.880105308194144527e+03,3.861213234866318178e+00
9.880105326753870031e+03,3.861213135380206829e+00
9.880105345313597354e+03,3.861213035895632029e+00
9.880105363873322858e+03,3.861212936412612429e+00
9.880105382433050181e+03,3.861212836931129821e+00
9.880105400992775685e+03,3.861212737451203747e+00
9.880105419552503008e+03,3.861212637972815109e+00
9.880105438112228512e+03,3.861212538495985225e+00
9.880105456671955835e+03,3.861212439020693665e+00
9.880105475231681339e+03,3.861212339546961747e+00
9.880105493791406843e+03,3.861212240074779700e+00
9.880105512351134166e+03,3.861212140604138199e+00
9.880105530910859670e+03,3.861212041135058115e+00
9.880105549470586993e+03,3.861211941667519909e+00
9.880105568030312497e+03,3.861211842201544453e+00
9.880105586590039820e+03,3.861211742737111763e+00
9.880105605149765324e+03,3.861211643274242711e+00
9.880105623709492647e+03,3.861211543812917757e+00
9.880105642269218151e+03,3.861211444353157329e+00
9.880105660828945474e+03,3.861211344894942332e+00
9.880105679388670978e+03,3.861211245438293194e+00
9.880105697948398301e+03,3.861211145983191262e+00
9.880105716508123805e+03,3.861211046529655189e+00
9.880105735067849309e+03,3.861210947077677424e+00
9.880105753627576632e+03,3.861210847627248643e+00
9.880105772187302136e+03,3.861210748178388386e+00
9.880105790747029459e+03,3.861210648731077555e+00
9.880105809306754963e+03,3.861210549285337024e+00
9.880105827866482286e+03,3.861210449841147252e+00
9.880105846426207791e+03,3.861210350398528224e+00
9.880105864985935114e+03,3.861210250957460843e+00
9.880105883545660618e+03,3.861210151517967315e+00
9.880105902105387941e+03,3.861210052080025878e+00
9.880105920665113445e+03,3.861209952643658294e+00
9.880105939224840768e+03,3.861209853208844134e+00
9.880105957784566272e+03,3.861209753775606046e+00
9.880105976344291776e+03,3.861209654343932485e+00
9.880105994904019099e+03,3.861209554913815900e+00
9.880106013463744603e+03,3.861209455485274500e+00
9.880106032023471926e+03,3.861209356058291409e+00
9.880106050583197430e+03,3.861209256632886611e+00
9.880106069142924753e+03,3.861209157209039677e+00
9.880106087702650257e+03,3.861209057786770593e+00
9.880106106262377580e+03,3.861208958366062927e+00
9.880106124822103084e+03,3.861208858946934441e+00
9.880106143381830407e+03,3.861208759529366930e+00
9.880106161941555911e+03,3.861208660113379931e+00
9.880106180501283234e+03,3.861208560698956127e+00
9.880106199061008738e+03,3.861208461286114169e+00
9.880106217620734242e+03,3.861208361874845618e+00
9.880106236180461565e+03,3.861208262465140262e+00
9.880106254740187069e+03,3.861208163057020304e+00
9.880106273299914392e+03,3.861208063650463984e+00
9.880106291859639896e+03,3.861207964245493951e+00
9.880106310419367219e+03,3.861207864842090220e+00
9.880106328979092723e+03,3.861207765440272777e+00
9.880106347538820046e+03,3.861207666040022524e+00
9.880106366098545550e+03,3.861207566641360334e+00
9.880106384658272873e+03,3.861207467244266223e+00
9.880106403217998377e+03,3.861207367848761507e+00
9.880106421777725700e+03,3.861207268454826647e+00
9.880106440337451204e+03,3.861207169062481626e+00
9.880106458897176708e+03,3.861207069671717118e+00
9.880106477456904031e+03,3.861206970282525131e+00
9.880106496016629535e+03,3.861206870894924315e+00
9.880106514576356858e+03,3.861206771508896463e+00
9.880106533136082362e+03,3.861206672124461114e+00
9.880106551695809685e+03,3.861206572741600507e+00
9.880106570255535189e+03,3.861206473360334179e+00
9.880106588815262512e+03,3.861206373980642148e+00
9.880106607374988016e+03,3.861206274602546173e+00
9.880106625934715339e+03,3.861206175226026271e+00
9.880106644494440843e+03,3.861206075851102870e+00
9.880106663054168166e+03,3.861205976477756874e+00
9.880106681613893670e+03,3.861205877106008710e+00
9.880106700173619174e+03,3.861205777735849942e+00
9.880106718733346497e+03,3.861205678367269911e+00
9.880106737293072001e+03,3.861205579000289045e+00
9.880106755852799324e+03,3.861205479634888693e+00
9.880106774412524828e+03,3.861205380271088838e+00
9.880106792972252151e+03,3.861205280908871273e+00
9.880106811531977655e+03,3.861205181548255538e+00
9.880106830091704978e+03,3.861205082189222093e+00
9.880106848651430482e+03,3.861204982831792254e+00
9.880106867211157805e+03,3.861204883475946481e+00
9.880106885770883309e+03,3.861204784121704314e+00
9.880106904330610632e+03,3.861204684769047990e+00
9.880106922890336136e+03,3.861204585417997048e+00
9.880106941450061640e+03,3.861204486068542607e+00
9.880106960009788963e+03,3.861204386720674897e+00
9.880106978569514467e+03,3.861204287374413457e+00
9.880106997129241790e+03,3.861204188029741413e+00
9.880107015688967294e+03,3.861204088686677860e+00
9.880107034248694617e+03,3.861203989345202814e+00
9.880107052808420121e+03,3.861203890005338035e+00
9.880107071368147444e+03,3.861203790667063540e+00
9.880107089927872948e+03,3.861203691330400201e+00
9.880107108487600271e+03,3.861203591995327589e+00
9.880107127047325775e+03,3.861203492661867465e+00
9.880107145607053099e+03,3.861203393330000733e+00
9.880107164166778603e+03,3.861203293999746933e+00
9.880107182726504107e+03,3.861203194671096739e+00
9.880107201286231430e+03,3.861203095344041269e+00
9.880107219845956934e+03,3.861202996018600953e+00
9.880107238405684257e+03,3.861202896694756248e+00
9.880107256965409761e+03,3.861202797372527584e+00
9.880107275525137084e+03,3.861202698051896309e+00
9.880107294084862588e+03,3.861202598732881963e+00
9.880107312644589911e+03,3.861202499415466338e+00
9.880107331204315415e+03,3.861202400099668974e+00
9.880107349764042738e+03,3.861202300785470776e+00
9.880107368323768242e+03,3.861202201472892170e+00
9.880107386883495565e+03,3.861202102161914507e+00
9.880107405443221069e+03,3.861202002852557325e+00
9.880107424002946573e+03,3.861201903544811742e+00
9.880107442562673896e+03,3.861201804238669322e+00
9.880107461122399400e+03,3.861201704934149159e+00
9.880107479682126723e+03,3.861201605631231715e+00
9.880107498241852227e+03,3.861201506329938749e+00
9.880107516801579550e+03,3.861201407030250721e+00
9.880107535361305054e+03,3.861201307732187615e+00
9.880107553921032377e+03,3.861201208435730337e+00
9.880107572480757881e+03,3.861201109140898868e+00
9.880107591040485204e+03,3.861201009847675003e+00
9.880107609600210708e+03,3.861200910556077837e+00
9.880107628159938031e+03,3.861200811266089161e+00
9.880107646719663535e+03,3.861200711977729405e+00
9.880107665279389039e+03,3.861200612690988798e+00
9.880107683839116362e+03,3.861200513405858459e+00
9.880107702398841866e+03,3.861200414122357483e+00
9.880107720958569189e+03,3.861200314840468995e+00
9.880107739518294693e+03,3.861200215560211646e+00
9.880107758078022016e+03,3.861200116281566341e+00
9.880107776637747520e+03,3.861200017004553953e+00
9.880107795197474843e+03,3.861199917729154496e+00
9.880107813757200347e+03,3.861199818455390176e+00
9.880107832316927670e+03,3.861199719183239232e+00
9.880107850876653174e+03,3.861199619912724756e+00
9.880107869436380497e+03,3.861199520643824989e+00
9.880107887996106001e+03,3.861199421376562579e+00
9.880107906555831505e+03,3.861199322110925980e+00
9.880107925115558828e+03,3.861199222846907642e+00
9.880107943675284332e+03,3.861199123584527104e+00
9.880107962235011655e+03,3.861199024323766160e+00
9.880107980794737159e+03,3.861198925064644349e+00
9.880107999354464482e+03,3.861198825807142132e+00
9.880108017914189986e+03,3.861198726551279936e+00
9.880108036473917309e+03,3.861198627297039998e+00
9.880108055033642813e+03,3.861198528044440970e+00
9.880108073593370136e+03,3.861198428793464643e+00
9.880108092153095640e+03,3.861198329544131447e+00
9.880108110712822963e+03,3.861198230296420952e+00
9.880108129272548467e+03,3.861198131050354920e+00
9.880108147832273971e+03,3.861198031805924025e+00
9.880108166392001294e+03,3.861197932563117607e+00
9.880108184951726798e+03,3.861197833321957429e+00
9.880108203511454121e+03,3.861197734082423505e+00
9.880108222071179625e+03,3.861197634844537152e+00
9.880108240630906948e+03,3.861197535608277942e+00
9.880108259190632452e+03,3.861197436373666747e+00
9.880108277750359775e+03,3.861197337140684915e+00
9.880108296310085279e+03,3.861197237909352431e+00
9.880108314869812602e+03,3.861197138679650198e+00
9.880108333429538106e+03,3.861197039451597757e+00
9.880108351989265429e+03,3.861196940225176455e+00
9.880108370548990933e+03,3.861196841000407609e+00
9.880108389108716437e+03,3.861196741777280117e+00
9.880108407668443760e+03,3.861196642555786429e+00
9.880108426228169265e+03,3.861196543335946085e+00
9.880108444787896588e+03,3.861196444117740434e+00
9.880108463347622092e+03,3.861196344901188127e+00
9.880108481907349415e+03,3.861196245686272732e+00
9.880108500467074919e+03,3.861196146473012014e+00
9.880108519026802242e+03,3.861196047261388209e+00
9.880108537586527746e+03,3.861195948051421745e+00
9.880108556146255069e+03,3.861195848843092637e+00
9.880108574705980573e+03,3.861195749636421315e+00
9.880108593265707896e+03,3.861195650431389570e+00
9.880108611825433400e+03,3.861195551228017386e+00
9.880108630385158904e+03,3.861195452026294994e+00
9.880108648944886227e+03,3.861195352826213512e+00
9.880108667504611731e+03,3.861195253627792479e+00
9.880108686064339054e+03,3.861195154431014132e+00
9.880108704624064558e+03,3.861195055235897566e+00
9.880108723183791881e+03,3.861194956042424575e+00
9.880108741743517385e+03,3.861194856850613810e+00
9.880108760303244708e+03,3.861194757660449284e+00
9.880108778862970212e+03,3.861194658471947871e+00
9.880108797422697535e+03,3.861194559285092698e+00
9.880108815982423039e+03,3.861194460099903303e+00
9.880108834542150362e+03,3.861194360916359702e+00
9.880108853101875866e+03,3.861194261734484101e+00
9.880108871661601370e+03,3.861194162554265397e+00
9.880108890221328693e+03,3.861194063375696039e+00
9.880108908781054197e+03,3.861193964198795125e+00
9.880108927340781520e+03,3.861193865023543559e+00
9.880108945900507024e+03,3.861193765849962212e+00
9.880108964460234347e+03,3.861193666678031988e+00
9.880108983019959851e+03,3.861193567507772428e+00
9.880109001579687174e+03,3.861193468339164880e+00
9.880109020139412678e+03,3.861193369172229328e+00
9.880109038699140001e+03,3.861193270006947564e+00
9.880109057258865505e+03,3.861193170843339129e+00
9.880109075818592828e+03,3.861193071681384925e+00
9.880109094378318332e+03,3.861192972521105826e+00
9.880109112938043836e+03,3.861192873362490730e+00
9.880109131497771159e+03,3.861192774205533862e+00
9.880109150057496663e+03,3.861192675050252099e+00
9.880109168617223986e+03,3.861192575896627677e+00
9.880109187176949490e+03,3.861192476744681024e+00
9.880109205736676813e+03,3.861192377594393488e+00
9.880109224296402317e+03,3.861192278445783721e+00
9.880109242856129640e+03,3.861192179298834404e+00
9.880109261415855144e+03,3.861192080153564188e+00
9.880109279975582467e+03,3.861191981009956198e+00
9.880109298535307971e+03,3.861191881868027753e+00
9.880109317095033475e+03,3.861191782727772637e+00
9.880109335654760798e+03,3.861191683589179302e+00
9.880109354214486302e+03,3.861191584452269510e+00
9.880109372774213625e+03,3.861191485317022387e+00
9.880109391333939129e+03,3.861191386183460583e+00
9.880109409893666452e+03,3.861191287051563226e+00
9.880109428453391956e+03,3.861191187921351187e+00
9.880109447013119279e+03,3.861191088792806259e+00
9.880109465572844783e+03,3.861190989665946205e+00
9.880109484132572106e+03,3.861190890540755039e+00
9.880109502692297610e+03,3.861190791417250523e+00
9.880109521252024933e+03,3.861190692295415339e+00
9.880109539811750437e+03,3.861190593175268138e+00
9.880109558371475941e+03,3.861190494056800482e+00
9.880109576931203264e+03,3.861190394940003934e+00
9.880109595490928768e+03,3.861190295824896701e+00
9.880109614050656091e+03,3.861190196711461908e+00
9.880109632610381595e+03,3.861190097599719095e+00
9.880109651170108918e+03,3.861189998489648723e+00
9.880109669729834422e+03,3.861189899381270774e+00
9.880109688289561745e+03,3.861189800274567929e+00
9.880109706849287249e+03,3.861189701169557953e+00
9.880109725409014573e+03,3.861189602066224413e+00
9.880109743968740077e+03,3.861189502964584630e+00
9.880109762528467400e+03,3.861189403864622172e+00
9.880109781088192904e+03,3.861189304766355690e+00
9.880109799647918408e+03,3.861189205669776303e+00
9.880109818207645731e+03,3.861189106574875129e+00
9.880109836767371235e+03,3.861189007481673041e+00
9.880109855327098558e+03,3.861188908390148722e+00
9.880109873886824062e+03,3.861188809300324376e+00
9.880109892446551385e+03,3.861188710212180908e+00
9.880109911006276889e+03,3.861188611125737857e+00
9.880109929566004212e+03,3.861188512040975684e+00
9.880109948125729716e+03,3.861188412957915705e+00
9.880109966685457039e+03,3.861188313876539269e+00
9.880109985245182543e+03,3.861188214796865026e+00
9.880110003804909866e+03,3.861188115718875213e+00
9.880110022364635370e+03,3.861188016642588927e+00
9.880110040924360874e+03,3.861187917567997285e+00
9.880110059484088197e+03,3.861187818495091850e+00
9.880110078043813701e+03,3.861187719423892162e+00
9.880110096603541024e+03,3.861187620354380012e+00
9.880110115163266528e+03,3.861187521286574498e+00
9.880110133722993851e+03,3.861187422220456522e+00
9.880110152282719355e+03,3.861187323156047402e+00
9.880110170842446678e+03,3.861187224093327153e+00
9.880110189402172182e+03,3.861187125032317091e+00
9.880110207961899505e+03,3.861187025972996789e+00
9.880110226521625009e+03,3.861186926915387563e+00
9.880110245081352332e+03,3.861186827859469428e+00
9.880110263641077836e+03,3.861186728805263702e+00
9.880110282200803340e+03,3.861186629752759725e+00
9.880110300760530663e+03,3.861186530701949948e+00
9.880110319320256167e+03,3.861186431652853912e+00
9.880110337879983490e+03,3.861186332605452076e+00
9.880110356439708994e+03,3.861186233559764425e+00
9.880110374999436317e+03,3.861186134515773194e+00
9.880110393559161821e+03,3.861186035473497036e+00
9.880110412118889144e+03,3.861185936432919075e+00
9.880110430678614648e+03,3.861185837394057963e+00
9.880110449238341971e+03,3.861185738356894603e+00
9.880110467798067475e+03,3.861185639321448981e+00
9.880110486357794798e+03,3.861185540287703777e+00
9.880110504917520302e+03,3.861185441255677198e+00
9.880110523477245806e+03,3.861185342225361250e+00
9.880110542036973129e+03,3.861185243196746164e+00
9.880110560596698633e+03,3.861185144169851924e+00
9.880110579156425956e+03,3.861185045144661210e+00
9.880110597716151460e+03,3.861184946121192230e+00
9.880110616275878783e+03,3.861184847099426332e+00
9.880110634835604287e+03,3.861184748079383944e+00
9.880110653395331610e+03,3.861184649061046414e+00
9.880110671955057114e+03,3.861184550044433728e+00
9.880110690514784437e+03,3.861184451029527676e+00
9.880110709074509941e+03,3.861184352016346466e+00
9.880110727634237264e+03,3.861184253004872335e+00
9.880110746193962768e+03,3.861184153995125712e+00
9.880110764753688272e+03,3.861184054987096381e+00
9.880110783313415595e+03,3.861183955980776350e+00
9.880110801873141099e+03,3.861183856976184714e+00
9.880110820432868422e+03,3.861183757973304154e+00
9.880110838992593926e+03,3.861183658972151989e+00
9.880110857552321249e+03,3.861183559972712676e+00
9.880110876112046753e+03,3.861183460975003978e+00
9.880110894671774076e+03,3.861183361979006357e+00
9.880110913231499580e+03,3.861183262984742459e+00
9.880110931791226903e+03,3.861183163992191858e+00
9.880110950350952407e+03,3.861183065001374981e+00
9.880110968910679730e+03,3.861182966012272288e+00
9.880110987470405234e+03,3.861182867024904652e+00
9.880111006030130739e+03,3.861182768039262303e+00
9.880111024589858062e+03,3.861182669055337247e+00
9.880111043149583566e+03,3.861182570073147247e+00
9.880111061709310889e+03,3.861182471092675872e+00
9.880111080269036393e+03,3.861182372113942218e+00
9.880111098828763716e+03,3.861182273136927634e+00
9.880111117388489220e+03,3.861182174161651659e+00
9.880111135948216543e+03,3.861182075188094753e+00
9.880111154507942047e+03,3.861181976216278677e+00
9.880111173067669370e+03,3.861181877246183891e+00
9.880111191627394874e+03,3.861181778277830823e+00
9.880111210187122197e+03,3.861181679311199044e+00
9.880111228746847701e+03,3.861181580346310316e+00
9.880111247306573205e+03,3.861181481383154424e+00
9.880111265866300528e+03,3.861181382421722930e+00
9.880111284426026032e+03,3.861181283462035818e+00
9.880111302985753355e+03,3.861181184504073993e+00
9.880111321545478859e+03,3.861181085547856551e+00
9.880111340105206182e+03,3.861180986593366615e+00
9.880111358664931686e+03,3.861180887640622839e+00
9.880111377224659009e+03,3.861180788689606569e+00
9.880111395784384513e+03,3.861180689740339123e+00
9.880111414344111836e+03,3.861180590792799627e+00
9.880111432903837340e+03,3.861180491847008511e+00
9.880111451463564663e+03,3.861180392902948011e+00
9.880111470023290167e+03,3.861180293960638110e+00
9.880111488583015671e+03,3.861180195020068595e+00
9.880111507142742994e+03,3.861180096081230584e+00
9.880111525702468498e+03,3.861179997144144505e+00
9.880111544262195821e+03,3.861179898208791705e+00
9.880111562821921325e+03,3.861179799275191726e+00
9.880111581381648648e+03,3.861179700343325472e+00
9.880111599941374152e+03,3.861179601413213813e+00
9.880111618501101475e+03,3.861179502484838100e+00
9.880111637060826979e+03,3.861179403558216539e+00
9.880111655620554302e+03,3.861179304633332698e+00
9.880111674180279806e+03,3.861179205710204787e+00
9.880111692740007129e+03,3.861179106788814597e+00
9.880111711299732633e+03,3.861179007869182112e+00
9.880111729859458137e+03,3.861178908951298450e+00
9.880111748419185460e+03,3.861178810035153841e+00
9.880111766978910964e+03,3.861178711120768714e+00
9.880111785538638287e+03,3.861178612208124861e+00
9.880111804098363791e+03,3.861178513297240933e+00
9.880111822658091114e+03,3.861178414388099167e+00
9.880111841217816618e+03,3.861178315480719547e+00
9.880111859777543941e+03,3.861178216575082089e+00
9.880111878337269445e+03,3.861178117671208110e+00
9.880111896896996768e+03,3.861178018769078513e+00
9.880111915456722272e+03,3.861177919868713282e+00
9.880111934016449595e+03,3.861177820970092434e+00
9.880111952576175099e+03,3.861177722073238616e+00
9.880111971135900603e+03,3.861177623178139839e+00
9.880111989695627926e+03,3.861177524284788554e+00
9.880112008255353430e+03,3.861177425393203855e+00
9.880112026815080753e+03,3.861177326503367979e+00
9.880112045374806257e+03,3.861177227615300023e+00
9.880112063934533580e+03,3.861177128728981778e+00
9.880112082494259084e+03,3.861177029844433228e+00
9.880112101053986407e+03,3.861176930961635279e+00
9.880112119613711911e+03,3.861176832080607912e+00
9.880112138173439234e+03,3.861176733201332478e+00
9.880112156733164738e+03,3.861176634323828960e+00
9.880112175292892061e+03,3.861176535448077818e+00
9.880112193852617565e+03,3.861176436574100368e+00
9.880112212412343069e+03,3.861176337701887284e+00
9.880112230972070392e+03,3.861176238831428353e+00
9.880112249531795896e+03,3.861176139962743559e+00
9.880112268091523219e+03,3.861176041095816025e+00
9.880112286651248724e+03,3.861175942230663516e+00
9.880112305210976047e+03,3.861175843367267824e+00
9.880112323770701551e+03,3.861175744505650265e+00
9.880112342330428874e+03,3.861175645645790411e+00
9.880112360890154378e+03,3.861175546787709578e+00
9.880112379449881701e+03,3.861175447931387783e+00
9.880112398009607205e+03,3.861175349076845897e+00
9.880112416569334528e+03,3.861175250224064381e+00
9.880112435129060032e+03,3.861175151373062775e+00
9.880112453688785536e+03,3.861175052523834417e+00
9.880112472248512859e+03,3.861174953676366872e+00
9.880112490808238363e+03,3.861174854830682346e+00
9.880112509367965686e+03,3.861174755986761742e+00
9.880112527927691190e+03,3.861174657144625044e+00
9.880112546487418513e+03,3.861174558304251825e+00
9.880112565047144017e+03,3.861174459465664288e+00
9.880112583606871340e+03,3.861174360628843338e+00
9.880112602166596844e+03,3.861174261793807627e+00
9.880112620726324167e+03,3.861174162960538503e+00
9.880112639286049671e+03,3.861174064129057726e+00
9.880112657845776994e+03,3.861173965299344868e+00
9.880112676405502498e+03,3.861173866471419913e+00
9.880112694965228002e+03,3.861173767645274424e+00
9.880112713524955325e+03,3.861173668820899962e+00
9.880112732084680829e+03,3.861173569998313848e+00
9.880112750644408152e+03,3.861173471177500538e+00
9.880112769204133656e+03,3.861173372358477796e+00
9.880112787763860979e+03,3.861173273541227857e+00
9.880112806323586483e+03,3.861173174725769819e+00
9.880112824883313806e+03,3.861173075912085917e+00
9.880112843443039310e+03,3.861172977100195691e+00
9.880112862002766633e+03,3.861172878290080046e+00
9.880112880562492137e+03,3.861172779481758521e+00
9.880112899122219460e+03,3.861172680675213797e+00
9.880112917681944964e+03,3.861172581870464970e+00
9.880112936241670468e+03,3.861172483067502714e+00
9.880112954801397791e+03,3.861172384266318591e+00
9.880112973361123295e+03,3.861172285466932586e+00
9.880112991920850618e+03,3.861172186669324269e+00
9.880113010480576122e+03,3.861172087873516290e+00
9.880113029040303445e+03,3.861171989079487332e+00
9.880113047600028949e+03,3.861171890287259156e+00
9.880113066159756272e+03,3.861171791496812222e+00
9.880113084719481776e+03,3.861171692708166070e+00
9.880113103279209099e+03,3.861171593921302492e+00
9.880113121838934603e+03,3.861171495136241916e+00
9.880113140398661926e+03,3.861171396352964802e+00
9.880113158958387430e+03,3.861171297571491134e+00
9.880113177518112934e+03,3.861171198791812031e+00
9.880113196077840257e+03,3.861171100013918611e+00
9.880113214637565761e+03,3.861171001237830414e+00
9.880113233197293084e+03,3.861170902463527899e+00
9.880113251757018588e+03,3.861170803691032827e+00
9.880113270316745911e+03,3.861170704920325214e+00
9.880113288876471415e+03,3.861170606151425932e+00
9.880113307436198738e+03,3.861170507384315886e+00
9.880113325995924242e+03,3.861170408619013283e+00
9.880113344555651565e+03,3.861170309855501692e+00
9.880113363115377069e+03,3.861170211093800209e+00
9.880113381675104392e+03,3.861170112333890181e+00
9.880113400234829896e+03,3.861170013575791149e+00
9.880113418794555400e+03,3.861169914819494675e+00
9.880113437354282723e+03,3.861169816064990545e+00
9.880113455914008227e+03,3.861169717312300076e+00
9.880113474473735550e+03,3.861169618561403283e+00
9.880113493033461054e+03,3.861169519812321482e+00
9.880113511593188377e+03,3.861169421065035134e+00
9.880113530152913881e+03,3.861169322319563335e+00
9.880113548712641204e+03,3.861169223575888765e+00
9.880113567272366708e+03,3.861169124834029631e+00
9.880113585832094032e+03,3.861169026093969947e+00
9.880113604391819536e+03,3.861168927355727032e+00
9.880113622951546859e+03,3.861168828619283566e+00
9.880113641511272363e+03,3.861168729884658646e+00
9.880113660070997867e+03,3.861168631151842945e+00
9.880113678630725190e+03,3.861168532420829358e+00
9.880113697190450694e+03,3.861168433691635204e+00
9.880113715750178017e+03,3.861168334964243609e+00
9.880113734309903521e+03,3.861168236238673224e+00
9.880113752869630844e+03,3.861168137514906729e+00
9.880113771429356348e+03,3.861168038792962776e+00
9.880113789989083671e+03,3.861167940072823601e+00
9.880113808548809175e+03,3.861167841354508301e+00
9.880113827108536498e+03,3.861167742637998668e+00
9.880113845668262002e+03,3.861167643923313797e+00
9.880113864227989325e+03,3.861167545210436369e+00
9.880113882787714829e+03,3.861167446499385036e+00
9.880113901347440333e+03,3.861167347790150473e+00
9.880113919907167656e+03,3.861167249082725128e+00
9.880113938466893160e+03,3.861167150377127655e+00
9.880113957026620483e+03,3.861167051673340733e+00
9.880113975586345987e+03,3.861166952971382571e+00
9.880113994146073310e+03,3.861166854271234516e+00
9.880114012705798814e+03,3.861166755572917886e+00
9.880114031265526137e+03,3.861166656876412695e+00
9.880114049825251641e+03,3.861166558181740260e+00
9.880114068384978964e+03,3.861166459488879710e+00
9.880114086944704468e+03,3.861166360797852803e+00
9.880114105504431791e+03,3.861166262108640002e+00
9.880114124064157295e+03,3.861166163421261732e+00
9.880114142623882799e+03,3.861166064735708670e+00
9.880114161183610122e+03,3.861165966051971044e+00
9.880114179743335626e+03,3.861165867370070170e+00
9.880114198303062949e+03,3.861165768689985622e+00
9.880114216862788453e+03,3.861165670011738715e+00
9.880114235422515776e+03,3.861165571335309910e+00
9.880114253982241280e+03,3.861165472660719189e+00
9.880114272541968603e+03,3.861165373987948790e+00
9.880114291101694107e+03,3.861165275317017365e+00
9.880114309661421430e+03,3.861165176647906705e+00
9.880114328221146934e+03,3.861165077980636795e+00
9.880114346780872438e+03,3.861164979315198309e+00
9.880114365340599761e+03,3.861164880651582365e+00
9.880114383900325265e+03,3.861164781989808947e+00
9.880114402460052588e+03,3.861164683329859404e+00
9.880114421019778092e+03,3.861164584671752831e+00
9.880114439579505415e+03,3.861164486015471020e+00
9.880114458139230919e+03,3.861164387361034844e+00
9.880114476698958242e+03,3.861164288708424319e+00
9.880114495258683746e+03,3.861164190057659873e+00
9.880114513818411069e+03,3.861164091408721966e+00
9.880114532378136573e+03,3.861163992761631913e+00
9.880114550937863896e+03,3.861163894116369733e+00
9.880114569497589400e+03,3.861163795472955851e+00
9.880114588057314904e+03,3.861163696831381831e+00
9.880114606617042227e+03,3.861163598191637458e+00
9.880114625176767731e+03,3.861163499553743605e+00
9.880114643736495054e+03,3.861163400917680733e+00
9.880114662296220558e+03,3.861163302283468379e+00
9.880114680855947881e+03,3.861163203651089226e+00
9.880114699415673385e+03,3.861163105020562369e+00
9.880114717975400708e+03,3.861163006391869157e+00
9.880114736535126212e+03,3.861162907765029573e+00
9.880114755094853535e+03,3.861162809140024521e+00
9.880114773654579039e+03,3.861162710516875318e+00
9.880114792214306362e+03,3.861162611895560648e+00
9.880114810774031866e+03,3.861162513276102715e+00
9.880114829333757370e+03,3.861162414658491304e+00
9.880114847893484693e+03,3.861162316042718423e+00
9.880114866453210198e+03,3.861162217428802723e+00
9.880114885012937521e+03,3.861162118816725553e+00
9.880114903572663025e+03,3.861162020206507783e+00
9.880114922132390348e+03,3.861161921598129876e+00
9.880114940692115852e+03,3.861161822991612258e+00
9.880114959251843175e+03,3.861161724386935390e+00
9.880114977811568679e+03,3.861161625784120588e+00
9.880114996371296002e+03,3.861161527183147424e+00
9.880115014931021506e+03,3.861161428584036770e+00
9.880115033490748829e+03,3.861161329986769974e+00
9.880115052050474333e+03,3.861161231391366577e+00
9.880115070610199837e+03,3.861161132797818141e+00
9.880115089169927160e+03,3.861161034206114895e+00
9.880115107729652664e+03,3.861160935616276824e+00
9.880115126289379987e+03,3.861160837028285719e+00
9.880115144849105491e+03,3.861160738442161122e+00
9.880115163408832814e+03,3.861160639857883936e+00
9.880115181968558318e+03,3.861160541275474589e+00
9.880115200528285641e+03,3.861160442694913986e+00
9.880115219088011145e+03,3.861160344116222110e+00
9.880115237647738468e+03,3.861160245539380753e+00
9.880115256207463972e+03,3.861160146964409456e+00
9.880115274767191295e+03,3.861160048391288679e+00
9.880115293326916799e+03,3.861159949820040183e+00
9.880115311886642303e+03,3.861159851250652864e+00
9.880115330446369626e+03,3.861159752683119173e+00
9.880115349006095130e+03,3.861159654117457762e+00
9.880115367565822453e+03,3.861159555553651757e+00
9.880115386125547957e+03,3.861159456991718919e+00
9.880115404685275280e+03,3.861159358431642374e+00
9.880115423245000784e+03,3.861159259873439886e+00
9.880115441804728107e+03,3.861159161317095023e+00
9.880115460364453611e+03,3.861159062762625993e+00
9.880115478924180934e+03,3.861158964210014588e+00
9.880115497483906438e+03,3.861158865659281236e+00
9.880115516043633761e+03,3.861158767110407286e+00
9.880115534603359265e+03,3.861158668563410945e+00
9.880115553163084769e+03,3.861158570018285552e+00
9.880115571722812092e+03,3.861158471475020448e+00
9.880115590282537596e+03,3.861158372933635619e+00
9.880115608842264919e+03,3.861158274394112855e+00
9.880115627401990423e+03,3.861158175856472141e+00
9.880115645961717746e+03,3.861158077320693938e+00
9.880115664521443250e+03,3.861157978786798672e+00
9.880115683081170573e+03,3.861157880254768138e+00
9.880115701640896077e+03,3.861157781724620985e+00
9.880115720200623400e+03,3.861157683196340340e+00
9.880115738760348904e+03,3.861157584669943965e+00
9.880115757320076227e+03,3.861157486145414097e+00
9.880115775879801731e+03,3.861157387622771164e+00
9.880115794439527235e+03,3.861157289102005397e+00
9.880115812999254558e+03,3.861157190583108356e+00
9.880115831558980062e+03,3.861157092066098695e+00
9.880115850118707385e+03,3.861156993550959537e+00
9.880115868678432889e+03,3.861156895037709091e+00
9.880115887238160212e+03,3.861156796526329593e+00
9.880115905797885716e+03,3.861156698016840583e+00
9.880115924357613039e+03,3.861156599509223408e+00
9.880115942917338543e+03,3.861156501003497610e+00
9.880115961477065866e+03,3.861156402499645868e+00
9.880115980036791370e+03,3.861156303997686390e+00
9.880115998596518693e+03,3.861156205497600524e+00
9.880116017156244197e+03,3.861156106999409143e+00
9.880116035715969701e+03,3.861156008503103365e+00
9.880116054275697024e+03,3.861155910008672976e+00
9.880116072835422528e+03,3.861155811516138403e+00
9.880116091395149851e+03,3.861155713025480996e+00
9.880116109954875355e+03,3.861155614536720737e+00
9.880116128514602678e+03,3.861155516049838976e+00
9.880116147074328182e+03,3.861155417564855252e+00
9.880116165634055506e+03,3.861155319081750914e+00
9.880116184193781010e+03,3.861155220600545945e+00
9.880116202753508333e+03,3.861155122121221250e+00
9.880116221313233837e+03,3.861155023643797257e+00
9.880116239872961160e+03,3.861154925168255314e+00
9.880116258432686664e+03,3.861154826694614517e+00
9.880116276992412168e+03,3.861154728222867316e+00
9.880116295552139491e+03,3.861154629753003054e+00
9.880116314111864995e+03,3.861154531285042601e+00
9.880116332671592318e+03,3.861154432818966420e+00
9.880116351231317822e+03,3.861154334354795381e+00
9.880116369791045145e+03,3.861154235892509945e+00
9.880116388350770649e+03,3.861154137432130540e+00
9.880116406910497972e+03,3.861154038973638514e+00
9.880116425470223476e+03,3.861153940517052963e+00
9.880116444029950799e+03,3.861153842062355679e+00
9.880116462589676303e+03,3.861153743609567091e+00
9.880116481149403626e+03,3.861153645158667658e+00
9.880116499709129130e+03,3.861153546709676920e+00
9.880116518268854634e+03,3.861153448262587329e+00
9.880116536828581957e+03,3.861153349817388669e+00
9.880116555388307461e+03,3.861153251374100481e+00
9.880116573948034784e+03,3.861153152932705446e+00
9.880116592507760288e+03,3.861153054493222214e+00
9.880116611067487611e+03,3.861152956055633023e+00
9.880116629627213115e+03,3.861152857619956968e+00
9.880116648186940438e+03,3.861152759186175398e+00
9.880116666746665942e+03,3.861152660754309185e+00
9.880116685306393265e+03,3.861152562324338344e+00
9.880116703866118769e+03,3.861152463896282860e+00
9.880116722425846092e+03,3.861152365470125414e+00
9.880116740985571596e+03,3.861152267045884212e+00
9.880116759545297100e+03,3.861152168623550818e+00
9.880116778105024423e+03,3.861152070203116349e+00
9.880116796664749927e+03,3.861151971784600789e+00
9.880116815224477250e+03,3.861151873367985488e+00
9.880116833784202754e+03,3.861151774953289539e+00
9.880116852343930077e+03,3.861151676540495181e+00
9.880116870903655581e+03,3.861151578129621953e+00
9.880116889463382904e+03,3.861151479720650759e+00
9.880116908023108408e+03,3.861151381313601583e+00
9.880116926582835731e+03,3.861151282908456661e+00
9.880116945142561235e+03,3.861151184505234646e+00
9.880116963702288558e+03,3.861151086103916885e+00
9.880116982262014062e+03,3.861150987704524695e+00
9.880117000821739566e+03,3.861150889307047418e+00
9.880117019381466889e+03,3.861150790911476172e+00
9.880117037941192393e+03,3.861150692517832272e+00
9.880117056500919716e+03,3.861150594126094848e+00
9.880117075060645220e+03,3.861150495736286548e+00
9.880117093620372543e+03,3.861150397348385610e+00
9.880117112180098047e+03,3.861150298962413796e+00
9.880117130739825370e+03,3.861150200578352010e+00
9.880117149299550874e+03,3.861150102196219791e+00
9.880117167859278197e+03,3.861150003815999376e+00
9.880117186419003701e+03,3.861149905437709418e+00
9.880117204978731024e+03,3.861149807061331263e+00
9.880117223538456528e+03,3.861149708686886672e+00
9.880117242098182032e+03,3.861149610314363656e+00
9.880117260657909355e+03,3.861149511943755552e+00
9.880117279217634859e+03,3.861149413575082345e+00
9.880117297777362182e+03,3.861149315208322719e+00
9.880117316337087686e+03,3.861149216843499321e+00
9.880117334896815009e+03,3.861149118480591724e+00
9.880117353456540513e+03,3.861149020119620356e+00
9.880117372016267836e+03,3.861148921760567010e+00
9.880117390575993340e+03,3.861148823403450780e+00
9.880117409135720663e+03,3.861148725048253016e+00
9.880117427695446167e+03,3.861148626694995034e+00
9.880117446255173490e+03,3.861148528343655961e+00
9.880117464814898995e+03,3.861148429994256670e+00
9.880117483374624499e+03,3.861148331646788723e+00
9.880117501934351822e+03,3.861148233301242794e+00
9.880117520494077326e+03,3.861148134957637534e+00
9.880117539053804649e+03,3.861148036615955181e+00
9.880117557613530153e+03,3.861147938276216607e+00
9.880117576173257476e+03,3.861147839938401383e+00
9.880117594732982980e+03,3.861147741602529049e+00
9.880117613292710303e+03,3.861147643268582730e+00
9.880117631852435807e+03,3.861147544936582410e+00
9.880117650412163130e+03,3.861147446606506772e+00
9.880117668971888634e+03,3.861147348278378910e+00
9.880117687531615957e+03,3.861147249952177951e+00
9.880117706091341461e+03,3.861147151627923879e+00
9.880117724651066965e+03,3.861147053305609145e+00
9.880117743210794288e+03,3.861146954985223534e+00
9.880117761770519792e+03,3.861146856666787031e+00
9.880117780330247115e+03,3.861146758350280983e+00
9.880117798889972619e+03,3.861146660035724487e+00
9.880117817449699942e+03,3.861146561723100223e+00
9.880117836009425446e+03,3.861146463412427732e+00
9.880117854569152769e+03,3.861146365103687916e+00
9.880117873128878273e+03,3.861146266796900761e+00
9.880117891688605596e+03,3.861146168492048059e+00
9.880117910248331100e+03,3.861146070189148460e+00
9.880117928808058423e+03,3.861145971888183759e+00
9.880117947367783927e+03,3.861145873589174826e+00
9.880117965927509431e+03,3.861145775292111892e+00
9.880117984487236754e+03,3.861145676996985632e+00
9.880118003046962258e+03,3.861145578703816472e+00
9.880118021606689581e+03,3.861145480412584430e+00
9.880118040166415085e+03,3.861145382123311709e+00
9.880118058726142408e+03,3.861145283835976993e+00
9.880118077285867912e+03,3.861145185550602488e+00
9.880118095845595235e+03,3.861145087267167764e+00
9.880118114405320739e+03,3.861144988985694138e+00
9.880118132965048062e+03,3.861144890706160737e+00
9.880118151524773566e+03,3.861144792428589767e+00
9.880118170084500889e+03,3.861144694152961687e+00
9.880118188644226393e+03,3.861144595879295593e+00
9.880118207203951897e+03,3.861144497607583492e+00
9.880118225763679220e+03,3.861144399337815614e+00
9.880118244323404724e+03,3.861144301070013274e+00
9.880118262883132047e+03,3.861144202804155157e+00
9.880118281442857551e+03,3.861144104540263022e+00
9.880118300002584874e+03,3.861144006278318219e+00
9.880118318562310378e+03,3.861143908018339399e+00
9.880118337122037701e+03,3.861143809760309686e+00
9.880118355681763205e+03,3.861143711504247289e+00
9.880118374241490528e+03,3.861143613250133999e+00
9.880118392801216032e+03,3.861143514997989357e+00
9.880118411360943355e+03,3.861143416747795598e+00
9.880118429920668859e+03,3.861143318499572707e+00
9.880118448480394363e+03,3.861143220253310471e+00
9.880118467040121686e+03,3.861143122009000006e+00
9.880118485599847190e+03,3.861143023766662186e+00
9.880118504159574513e+03,3.861142925526277470e+00
9.880118522719300017e+03,3.861142827287865842e+00
9.880118541279027340e+03,3.861142729051409095e+00
9.880118559838752844e+03,3.861142630816926768e+00
9.880118578398480167e+03,3.861142532584398879e+00
9.880118596958205671e+03,3.861142434353847186e+00
9.880118615517932994e+03,3.861142336125252150e+00
9.880118634077658498e+03,3.861142237898634644e+00
9.880118652637385821e+03,3.861142139673974683e+00
9.880118671197111325e+03,3.861142041451292251e+00
9.880118689756836829e+03,3.861141943230578910e+00
9.880118708316564152e+03,3.861141845011825335e+00
9.880118726876289657e+03,3.861141746795051066e+00
9.880118745436016980e+03,3.861141648580237895e+00
9.880118763995742484e+03,3.861141550367405362e+00
9.880118782555469807e+03,3.861141452156535703e+00
9.880118801115195311e+03,3.861141353947647126e+00
9.880118819674922634e+03,3.861141255740721867e+00
9.880118838234648138e+03,3.861141157535780355e+00
9.880118856794375461e+03,3.861141059332803049e+00
9.880118875354100965e+03,3.861140961131809490e+00
9.880118893913828288e+03,3.861140862932781914e+00
9.880118912473553792e+03,3.861140764735740305e+00
9.880118931033279296e+03,3.861140666540674449e+00
9.880118949593006619e+03,3.861140568347575908e+00
9.880118968152732123e+03,3.861140470156464666e+00
9.880118986712459446e+03,3.861140371967322515e+00
9.880119005272184950e+03,3.861140273780167664e+00
9.880119023831912273e+03,3.861140175594983681e+00
9.880119042391637777e+03,3.861140077411788329e+00
9.880119060951365100e+03,3.861139979230564290e+00
9.880119079511090604e+03,3.861139881051331102e+00
9.880119098070817927e+03,3.861139782874069670e+00
9.880119116630543431e+03,3.861139684698800867e+00
9.880119135190268935e+03,3.861139586525513590e+00
9.880119153749996258e+03,3.861139488354201177e+00
9.880119172309721762e+03,3.861139390184881837e+00
9.880119190869449085e+03,3.861139292017538249e+00
9.880119209429174589e+03,3.861139193852188622e+00
9.880119227988901912e+03,3.861139095688815193e+00
9.880119246548627416e+03,3.861138997527437944e+00
9.880119265108354739e+03,3.861138899368037780e+00
9.880119283668080243e+03,3.861138801210635130e+00
9.880119302227807566e+03,3.861138703055211341e+00
9.880119320787533070e+03,3.861138604901785509e+00
9.880119339347260393e+03,3.861138506750338983e+00
9.880119357906985897e+03,3.861138408600892191e+00
9.880119376466711401e+03,3.861138310453436251e+00
9.880119395026438724e+03,3.861138212307960949e+00
9.880119413586164228e+03,3.861138114164487600e+00
9.880119432145891551e+03,3.861138016022996222e+00
9.880119450705617055e+03,3.861137917883507242e+00
9.880119469265344378e+03,3.861137819746002009e+00
9.880119487825069882e+03,3.861137721610500506e+00
9.880119506384797205e+03,3.861137623476984082e+00
9.880119524944522709e+03,3.861137525345472277e+00
9.880119543504250032e+03,3.861137427215946882e+00
9.880119562063975536e+03,3.861137329088426995e+00
9.880119580623702859e+03,3.861137230962894407e+00
9.880119599183428363e+03,3.861137132839369546e+00
9.880119617743153867e+03,3.861137034717841754e+00
9.880119636302881190e+03,3.861136936598303482e+00
9.880119654862606694e+03,3.861136838480774269e+00
9.880119673422334017e+03,3.861136740365234576e+00
9.880119691982059521e+03,3.861136642251705275e+00
9.880119710541786844e+03,3.861136544140167270e+00
9.880119729101512348e+03,3.861136446030640990e+00
9.880119747661239671e+03,3.861136347923106893e+00
9.880119766220965175e+03,3.861136249817584076e+00
9.880119784780692498e+03,3.861136151714056108e+00
9.880119803340418002e+03,3.861136053612541197e+00
9.880119821900145325e+03,3.861135955513022022e+00
9.880119840459870829e+03,3.861135857415515904e+00
9.880119859019596333e+03,3.861135759320016625e+00
9.880119877579323656e+03,3.861135661226513527e+00
9.880119896139049160e+03,3.861135563135027038e+00
9.880119914698776483e+03,3.861135465045538950e+00
9.880119933258501987e+03,3.861135366958067472e+00
9.880119951818229310e+03,3.861135268872595283e+00
9.880119970377954814e+03,3.861135170789141924e+00
9.880119988937682137e+03,3.861135072707688298e+00
9.880120007497407641e+03,3.861134974628254835e+00
9.880120026057134965e+03,3.861134876550822881e+00
9.880120044616860469e+03,3.861134778475411977e+00
9.880120063176587792e+03,3.861134680402003472e+00
9.880120081736313296e+03,3.861134582330617793e+00
9.880120100296038800e+03,3.861134484261244282e+00
9.880120118855766123e+03,3.861134386193875834e+00
9.880120137415491627e+03,3.861134288128531100e+00
9.880120155975218950e+03,3.861134190065191873e+00
9.880120174534944454e+03,3.861134092003877250e+00
9.880120193094671777e+03,3.861133993944569465e+00
9.880120211654397281e+03,3.861133895887288503e+00
9.880120230214124604e+03,3.861133797832014825e+00
9.880120248773850108e+03,3.861133699778769302e+00
9.880120267333577431e+03,3.861133601727531950e+00
9.880120285893302935e+03,3.861133503678323198e+00
9.880120304453030258e+03,3.861133405631124837e+00
9.880120323012755762e+03,3.861133307585955965e+00
9.880120341572481266e+03,3.861133209542808142e+00
9.880120360132208589e+03,3.861133111501672932e+00
9.880120378691934093e+03,3.861133013462568098e+00
9.880120397251661416e+03,3.861132915425476764e+00
9.880120415811386920e+03,3.861132817390418470e+00
9.880120434371114243e+03,3.861132719357373677e+00
9.880120452930839747e+03,3.861132621326363701e+00
9.880120471490567070e+03,3.861132523297369001e+00
9.880120490050292574e+03,3.861132425270408675e+00
9.880120508610019897e+03,3.861132327245464957e+00
9.880120527169745401e+03,3.861132229222557832e+00
9.880120545729472724e+03,3.861132131201668205e+00
9.880120564289198228e+03,3.861132033182816503e+00
9.880120582848923732e+03,3.861131935165992957e+00
9.880120601408651055e+03,3.861131837151188684e+00
9.880120619968376559e+03,3.861131739138423224e+00
9.880120638528103882e+03,3.861131641127678371e+00
9.880120657087829386e+03,3.861131543118974108e+00
9.880120675647556709e+03,3.861131445112292226e+00
9.880120694207282213e+03,3.861131347107650935e+00
9.880120712767009536e+03,3.861131249105032914e+00
9.880120731326735040e+03,3.861131151104458148e+00
9.880120749886462363e+03,3.861131053105906652e+00
9.880120768446187867e+03,3.861130955109399299e+00
9.880120787005915190e+03,3.861130857114916548e+00
9.880120805565640694e+03,3.861130759122479716e+00
9.880120824125366198e+03,3.861130661132079034e+00
9.880120842685093521e+03,3.861130563143705174e+00
9.880120861244819025e+03,3.861130465157377678e+00
9.880120879804546348e+03,3.861130367173078781e+00
9.880120898364271852e+03,3.861130269190827136e+00
9.880120916923999175e+03,3.861130171210605422e+00
9.880120935483724679e+03,3.861130073232433180e+00
9.880120954043452002e+03,3.861129975256290425e+00
9.880120972603177506e+03,3.861129877282198919e+00
9.880120991162904829e+03,3.861129779310138677e+00
9.880121009722630333e+03,3.861129681340130126e+00
9.880121028282357656e+03,3.861129583372154173e+00
9.880121046842083160e+03,3.861129485406230355e+00
9.880121065401808664e+03,3.861129387442351124e+00
9.880121083961535987e+03,3.861129289480505378e+00
9.880121102521261491e+03,3.861129191520714876e+00
9.880121121080988814e+03,3.861129093562960080e+00
9.880121139640714318e+03,3.861128995607260972e+00
9.880121158200441641e+03,3.861128897653598013e+00
9.880121176760167145e+03,3.861128799701992520e+00
9.880121195319894468e+03,3.861128701752424952e+00
9.880121213879619972e+03,3.861128603804914405e+00
9.880121232439347295e+03,3.861128505859444004e+00
9.880121250999072799e+03,3.861128407916032401e+00
9.880121269558800122e+03,3.861128309974661832e+00
9.880121288118525626e+03,3.861128212035350504e+00
9.880121306678251131e+03,3.861128114098090425e+00
9.880121325237978454e+03,3.861128016162873156e+00
9.880121343797703958e+03,3.861127918229717793e+00
9.880121362357431281e+03,3.861127820298605240e+00
9.880121380917156785e+03,3.861127722369555482e+00
9.880121399476884108e+03,3.861127624442551198e+00
9.880121418036609612e+03,3.861127526517610598e+00
9.880121436596336935e+03,3.861127428594715916e+00
9.880121455156062439e+03,3.861127330673887137e+00
9.880121473715789762e+03,3.861127232755104277e+00
9.880121492275515266e+03,3.861127134838388653e+00
9.880121510835242589e+03,3.861127036923720723e+00
9.880121529394968093e+03,3.861126939011121362e+00
9.880121547954693597e+03,3.861126841100579909e+00
9.880121566514420920e+03,3.861126743192088373e+00
9.880121585074146424e+03,3.861126645285666736e+00
9.880121603633873747e+03,3.861126547381295904e+00
9.880121622193599251e+03,3.861126449478995415e+00
9.880121640753326574e+03,3.861126351578747062e+00
9.880121659313052078e+03,3.861126253680571274e+00
9.880121677872779401e+03,3.861126155784448066e+00
9.880121696432504905e+03,3.861126057890397423e+00
9.880121714992232228e+03,3.861125959998402468e+00
9.880121733551957732e+03,3.861125862108480966e+00
9.880121752111685055e+03,3.861125764220615153e+00
9.880121770671410559e+03,3.861125666334825013e+00
9.880121789231136063e+03,3.861125568451100332e+00
9.880121807790863386e+03,3.861125470569433560e+00
9.880121826350588890e+03,3.861125372689844681e+00
9.880121844910316213e+03,3.861125274812313268e+00
9.880121863470041717e+03,3.861125176936859749e+00
9.880121882029769040e+03,3.861125079063467247e+00
9.880121900589494544e+03,3.861124981192153527e+00
9.880121919149221867e+03,3.861124883322900825e+00
9.880121937708947371e+03,3.861124785455728681e+00
9.880121956268674694e+03,3.861124687590618443e+00
9.880121974828400198e+03,3.861124589727589651e+00
9.880121993388127521e+03,3.861124491866624542e+00
9.880122011947853025e+03,3.861124394007741767e+00
9.880122030507578529e+03,3.861124296150933333e+00
9.880122049067305852e+03,3.861124198296189913e+00
9.880122067627031356e+03,3.861124100443531937e+00
9.880122086186758679e+03,3.861124002592938531e+00
9.880122104746484183e+03,3.861123904744431456e+00
9.880122123306211506e+03,3.861123806897992949e+00
9.880122141865937010e+03,3.861123709053640329e+00
9.880122160425664333e+03,3.861123611211355833e+00
9.880122178985389837e+03,3.861123513371159444e+00
9.880122197545117160e+03,3.861123415533033398e+00
9.880122216104842664e+03,3.861123317696996349e+00
9.880122234664569987e+03,3.861123219863030531e+00
9.880122253224295491e+03,3.861123122031154598e+00
9.880122271784020995e+03,3.861123024201360110e+00
9.880122290343748318e+03,3.861122926373638631e+00
9.880122308903473822e+03,3.861122828548008812e+00
9.880122327463201145e+03,3.861122730724453778e+00
9.880122346022926649e+03,3.861122632902990848e+00
9.880122364582653972e+03,3.861122535083603591e+00
9.880122383142379476e+03,3.861122437266310659e+00
9.880122401702106799e+03,3.861122339451093843e+00
9.880122420261832303e+03,3.861122241637973129e+00
9.880122438821559626e+03,3.861122143826928532e+00
9.880122457381285130e+03,3.861122046017982257e+00
9.880122475941012453e+03,3.861121948211112542e+00
9.880122494500737957e+03,3.861121850406342038e+00
9.880122513060463461e+03,3.861121752603660529e+00
9.880122531620190784e+03,3.861121654803059133e+00
9.880122550179916288e+03,3.861121557004557836e+00
9.880122568739643611e+03,3.861121459208137541e+00
9.880122587299369115e+03,3.861121361413818232e+00
9.880122605859096439e+03,3.861121263621581701e+00
9.880122624418821943e+03,3.861121165831446600e+00
9.880122642978549266e+03,3.861121068043395166e+00
9.880122661538274770e+03,3.861120970257447382e+00
9.880122680098002093e+03,3.861120872473584154e+00
9.880122698657727597e+03,3.861120774691825464e+00
9.880122717217454920e+03,3.861120676912152661e+00
9.880122735777180424e+03,3.861120579134585729e+00
9.880122754336905928e+03,3.861120481359115342e+00
9.880122772896633251e+03,3.861120383585733062e+00
9.880122791456358755e+03,3.861120285814457542e+00
9.880122810016086078e+03,3.861120188045271462e+00
9.880122828575811582e+03,3.861120090278193473e+00
9.880122847135538905e+03,3.861119992513205368e+00
9.880122865695264409e+03,3.861119894750327131e+00
9.880122884254991732e+03,3.861119796989540109e+00
9.880122902814717236e+03,3.861119699230863844e+00
9.880122921374444559e+03,3.861119601474280127e+00
9.880122939934170063e+03,3.861119503719808499e+00
9.880122958493897386e+03,3.861119405967429863e+00
9.880122977053622890e+03,3.861119308217165091e+00
9.880122995613348394e+03,3.861119210469004415e+00
9.880123014173075717e+03,3.861119112722938507e+00
9.880123032732801221e+03,3.861119014978988240e+00
9.880123051292528544e+03,3.861118917237134518e+00
9.880123069852254048e+03,3.861118819497395993e+00
9.880123088411981371e+03,3.861118721759755790e+00
9.880123106971706875e+03,3.861118624024232560e+00
9.880123125531434198e+03,3.861118526290807651e+00
9.880123144091159702e+03,3.861118428559501936e+00
9.880123162650887025e+03,3.861118330830295875e+00
9.880123181210612529e+03,3.861118233103209452e+00
9.880123199770339852e+03,3.861118135378224459e+00
9.880123218330065356e+03,3.861118037655359547e+00
9.880123236889790860e+03,3.861117939934606280e+00
9.880123255449518183e+03,3.861117842215956664e+00
9.880123274009243687e+03,3.861117744499429350e+00
9.880123292568971010e+03,3.861117646785006130e+00
9.880123311128696514e+03,3.861117549072706101e+00
9.880123329688423837e+03,3.861117451362511943e+00
9.880123348248149341e+03,3.861117353654441420e+00
9.880123366807876664e+03,3.861117255948478100e+00
9.880123385367602168e+03,3.861117158244640635e+00
9.880123403927329491e+03,3.861117060542910373e+00
9.880123422487054995e+03,3.861116962843307743e+00
9.880123441046782318e+03,3.861116865145813648e+00
9.880123459606507822e+03,3.861116767450448073e+00
9.880123478166233326e+03,3.861116669757201691e+00
9.880123496725960649e+03,3.861116572066065622e+00
9.880123515285686153e+03,3.861116474377059848e+00
9.880123533845413476e+03,3.861116376690164831e+00
9.880123552405138980e+03,3.861116279005401886e+00
9.880123570964866303e+03,3.861116181322751473e+00
9.880123589524591807e+03,3.861116083642233576e+00
9.880123608084319130e+03,3.861115985963829544e+00
9.880123626644044634e+03,3.861115888287558917e+00
9.880123645203771957e+03,3.861115790613403487e+00
9.880123663763497461e+03,3.861115692941383237e+00
9.880123682323224784e+03,3.861115595271478185e+00
9.880123700882950288e+03,3.861115497603709201e+00
9.880123719442675792e+03,3.861115399938067849e+00
9.880123738002403115e+03,3.861115302274544359e+00
9.880123756562128619e+03,3.861115204613158269e+00
9.880123775121855942e+03,3.861115106953891374e+00
9.880123793681581446e+03,3.861115009296762768e+00
9.880123812241308769e+03,3.861114911641755576e+00
9.880123830801034273e+03,3.861114813988886674e+00
9.880123849360761596e+03,3.861114716338140518e+00
9.880123867920487100e+03,3.861114618689535316e+00
9.880123886480214424e+03,3.861114521043052861e+00
9.880123905039939928e+03,3.861114423398711804e+00
9.880123923599665432e+03,3.861114325756505039e+00
9.880123942159392755e+03,3.861114228116422353e+00
9.880123960719118259e+03,3.861114130478484174e+00
9.880123979278845582e+03,3.861114032842670518e+00
9.880123997838571086e+03,3.861113935209003145e+00
9.880124016398298409e+03,3.861113837577461627e+00
9.880124034958023913e+03,3.861113739948067280e+00
9.880124053517751236e+03,3.861113642320800121e+00
9.880124072077476740e+03,3.861113544695680133e+00
9.880124090637204063e+03,3.861113447072689997e+00
9.880124109196929567e+03,3.861113349451847920e+00
9.880124127756656890e+03,3.861113251833136584e+00
9.880124146316382394e+03,3.861113154216575083e+00
9.880124164876107898e+03,3.861113056602153648e+00
9.880124183435835221e+03,3.861112958989865174e+00
9.880124201995560725e+03,3.861112861379727867e+00
9.880124220555288048e+03,3.861112763771723522e+00
9.880124239115013552e+03,3.861112666165872565e+00
9.880124257674740875e+03,3.861112568562155012e+00
9.880124276234466379e+03,3.861112470960591736e+00
9.880124294794193702e+03,3.861112373361164085e+00
9.880124313353919206e+03,3.861112275763891155e+00
9.880124331913646529e+03,3.861112178168755182e+00
9.880124350473372033e+03,3.861112080575774819e+00
9.880124369033099356e+03,3.861111982984933189e+00
9.880124387592824860e+03,3.861111885396248056e+00
9.880124406152550364e+03,3.861111787809711426e+00
9.880124424712277687e+03,3.861111690225315307e+00
9.880124443272003191e+03,3.861111592643077461e+00
9.880124461831730514e+03,3.861111495062980570e+00
9.880124480391456018e+03,3.861111397485043728e+00
9.880124498951183341e+03,3.861111299909249173e+00
9.880124517510908845e+03,3.861111202335615999e+00
9.880124536070636168e+03,3.861111104764125557e+00
9.880124554630361672e+03,3.861111007194797384e+00
9.880124573190088995e+03,3.861110909627613275e+00
9.880124591749814499e+03,3.861110812062593212e+00
9.880124610309541822e+03,3.861110714499718988e+00
9.880124628869267326e+03,3.861110616939009255e+00
9.880124647428992830e+03,3.861110519380456463e+00
9.880124665988720153e+03,3.861110421824049954e+00
9.880124684548445657e+03,3.861110324269810157e+00
9.880124703108172980e+03,3.861110226717717975e+00
9.880124721667898484e+03,3.861110129167794724e+00
9.880124740227625807e+03,3.861110031620019978e+00
9.880124758787351311e+03,3.861109934074415051e+00
9.880124777347078634e+03,3.861109836530960404e+00
9.880124795906804138e+03,3.861109738989675133e+00
9.880124814466531461e+03,3.861109641450542362e+00
9.880124833026256965e+03,3.861109543913581188e+00
9.880124851585984288e+03,3.861109446378772514e+00
9.880124870145709792e+03,3.861109348846136324e+00
9.880124888705435296e+03,3.861109251315663737e+00
9.880124907265162619e+03,3.861109153787345427e+00
9.880124925824888123e+03,3.861109056261201822e+00
9.880124944384615446e+03,3.861108958737213825e+00
9.880124962944340950e+03,3.861108861215401422e+00
9.880124981504068273e+03,3.861108763695745960e+00
9.880125000063793777e+03,3.861108666178266535e+00
9.880125018623521100e+03,3.861108568662946272e+00
9.880125037183246604e+03,3.861108471149802934e+00
9.880125055742973927e+03,3.861108373638818758e+00
9.880125074302699431e+03,3.861108276130013728e+00
9.880125092862426754e+03,3.861108178623369191e+00
9.880125111422152258e+03,3.861108081118904689e+00
9.880125129981877762e+03,3.861107983616610895e+00
9.880125148541605085e+03,3.861107886116479815e+00
9.880125167101330590e+03,3.861107788618530989e+00
9.880125185661057913e+03,3.861107691122744434e+00
9.880125204220783417e+03,3.861107593629141022e+00
9.880125222780510740e+03,3.861107496137702100e+00
9.880125241340236244e+03,3.861107398648448097e+00
9.880125259899963567e+03,3.861107301161359029e+00
9.880125278459689071e+03,3.861107203676455768e+00
9.880125297019416394e+03,3.861107106193718774e+00
9.880125315579141898e+03,3.861107008713168032e+00
9.880125334138869221e+03,3.861106911234785777e+00
9.880125352698594725e+03,3.861106813758591549e+00
9.880125371258320229e+03,3.861106716284575580e+00
9.880125389818047552e+03,3.861106618812728541e+00
9.880125408377773056e+03,3.861106521343071751e+00
9.880125426937500379e+03,3.861106423875585225e+00
9.880125445497225883e+03,3.861106326410289391e+00
9.880125464056953206e+03,3.861106228947166485e+00
9.880125482616678710e+03,3.861106131486234272e+00
9.880125501176406033e+03,3.861106034027475875e+00
9.880125519736131537e+03,3.861105936570909947e+00
9.880125538295858860e+03,3.861105839116517835e+00
9.880125556855584364e+03,3.861105741664320412e+00
9.880125575415311687e+03,3.861105644214299026e+00
9.880125593975037191e+03,3.861105546766471441e+00
9.880125612534762695e+03,3.861105449320830996e+00
9.880125631094490018e+03,3.861105351877367475e+00
9.880125649654215522e+03,3.861105254436101308e+00
9.880125668213942845e+03,3.861105156997012955e+00
9.880125686773668349e+03,3.861105059560123287e+00
9.880125705333395672e+03,3.861104962125413209e+00
9.880125723893121176e+03,3.861104864692901817e+00
9.880125742452848499e+03,3.861104767262571347e+00
9.880125761012574003e+03,3.861104669834440895e+00
9.880125779572301326e+03,3.861104572408493141e+00
9.880125798132026830e+03,3.861104474984746737e+00
9.880125816691754153e+03,3.861104377563182144e+00
9.880125835251479657e+03,3.861104280143821565e+00
9.880125853811205161e+03,3.861104182726654344e+00
9.880125872370932484e+03,3.861104085311672041e+00
9.880125890930657988e+03,3.861103987898894196e+00
9.880125909490385311e+03,3.861103890488303048e+00
9.880125928050110815e+03,3.861103793079916802e+00
9.880125946609838138e+03,3.861103695673717695e+00
9.880125965169563642e+03,3.861103598269725268e+00
9.880125983729290965e+03,3.861103500867921312e+00
9.880126002289016469e+03,3.861103403468324924e+00
9.880126020848743792e+03,3.861103306070917895e+00
9.880126039408469296e+03,3.861103208675720655e+00
9.880126057968196619e+03,3.861103111282713218e+00
9.880126076527922123e+03,3.861103013891916458e+00
9.880126095087647627e+03,3.861102916503321492e+00
9.880126113647374950e+03,3.861102819116918550e+00
9.880126132207100454e+03,3.861102721732727616e+00
9.880126150766827777e+03,3.861102624350730039e+00
9.880126169326553281e+03,3.861102526970945359e+00
9.880126187886280604e+03,3.861102429593355367e+00
9.880126206446006108e+03,3.861102332217980049e+00
9.880126225005733431e+03,3.861102234844800307e+00
9.880126243565458935e+03,3.861102137473835683e+00
9.880126262125186258e+03,3.861102040105068856e+00
9.880126280684911762e+03,3.861101942738518478e+00
9.880126299244639085e+03,3.861101845374165453e+00
9.880126317804364589e+03,3.861101748012031099e+00
9.880126336364090093e+03,3.861101650652105644e+00
9.880126354923817416e+03,3.861101553294380206e+00
9.880126373483542920e+03,3.861101455938873439e+00
9.880126392043270243e+03,3.861101358585568466e+00
9.880126410602995747e+03,3.861101261234483051e+00
9.880126429162723070e+03,3.861101163885601650e+00
9.880126447722448574e+03,3.861101066538940696e+00
9.880126466282175898e+03,3.861100969194483756e+00
9.880126484841901402e+03,3.861100871852249039e+00
9.880126503401628725e+03,3.861100774512219669e+00
9.880126521961354229e+03,3.861100677174413853e+00
9.880126540521081552e+03,3.861100579838814273e+00
9.880126559080807056e+03,3.861100482505440024e+00
9.880126577640532560e+03,3.861100385174282223e+00
9.880126596200259883e+03,3.861100287845331103e+00
9.880126614759985387e+03,3.861100190518607977e+00
9.880126633319712710e+03,3.861100093194092864e+00
9.880126651879438214e+03,3.861099995871806190e+00
9.880126670439165537e+03,3.861099898551729304e+00
9.880126688998891041e+03,3.861099801233881745e+00
9.880126707558618364e+03,3.861099703918244419e+00
9.880126726118343868e+03,3.861099606604838641e+00
9.880126744678071191e+03,3.861099509293644871e+00
9.880126763237796695e+03,3.861099411984682206e+00
9.880126781797524018e+03,3.861099314677932881e+00
9.880126800357249522e+03,3.861099217373416881e+00
9.880126818916975026e+03,3.861099120071124435e+00
9.880126837476702349e+03,3.861099022771046663e+00
9.880126856036427853e+03,3.861098925473204435e+00
9.880126874596155176e+03,3.861098828177577325e+00
9.880126893155880680e+03,3.861098730884186647e+00
9.880126911715608003e+03,3.861098633593012863e+00
9.880126930275333507e+03,3.861098536304076401e+00
9.880126948835060830e+03,3.861098439017357720e+00
9.880126967394786334e+03,3.861098341732878136e+00
9.880126985954513657e+03,3.861098244450617667e+00
9.880127004514239161e+03,3.861098147170595851e+00
9.880127023073966484e+03,3.861098049892794926e+00
9.880127041633691988e+03,3.861097952617235762e+00
9.880127060193417492e+03,3.861097855343906371e+00
9.880127078753144815e+03,3.861097758072800534e+00
9.880127097312870319e+03,3.861097660803936904e+00
9.880127115872597642e+03,3.861097563537295496e+00
9.880127134432323146e+03,3.861097466272898515e+00
9.880127152992050469e+03,3.861097369010726421e+00
9.880127171551775973e+03,3.861097271750798310e+00
9.880127190111503296e+03,3.861097174493097306e+00
9.880127208671228800e+03,3.861097077237640729e+00
9.880127227230956123e+03,3.861096979984411703e+00
9.880127245790681627e+03,3.861096882733428881e+00
9.880127264350408950e+03,3.861096785484674943e+00
9.880127282910134454e+03,3.861096688238168539e+00
9.880127301469859958e+03,3.861096590993902122e+00
9.880127320029587281e+03,3.861096493751865033e+00
9.880127338589312785e+03,3.861096396512077700e+00
9.880127357149040108e+03,3.861096299274521471e+00
9.880127375708765612e+03,3.861096202039215886e+00
9.880127394268492935e+03,3.861096104806142293e+00
9.880127412828218439e+03,3.861096007575321565e+00
9.880127431387945762e+03,3.861095910346734161e+00
9.880127449947671266e+03,3.861095813120399622e+00
9.880127468507398589e+03,3.861095715896300185e+00
9.880127487067124093e+03,3.861095618674454499e+00
9.880127505626851416e+03,3.861095521454844803e+00
9.880127524186576920e+03,3.861095424237491081e+00
9.880127542746302424e+03,3.861095327022383117e+00
9.880127561306029747e+03,3.861095229809512919e+00
9.880127579865755251e+03,3.861095132598900470e+00
9.880127598425482574e+03,3.861095035390525787e+00
9.880127616985208078e+03,3.861094938184410186e+00
9.880127635544935401e+03,3.861094840980534570e+00
9.880127654104660905e+03,3.861094743778917593e+00
9.880127672664388228e+03,3.861094646579542378e+00
9.880127691224113732e+03,3.861094549382428021e+00
9.880127709783841055e+03,3.861094452187554982e+00
9.880127728343566559e+03,3.861094354994944577e+00
9.880127746903293882e+03,3.861094257804577712e+00
9.880127765463019387e+03,3.861094160616473481e+00
9.880127784022744891e+03,3.861094063430622558e+00
9.880127802582472214e+03,3.861093966247017395e+00
9.880127821142197718e+03,3.861093869065677531e+00
9.880127839701925041e+03,3.861093771886582537e+00
9.880127858261650545e+03,3.861093674709754620e+00
9.880127876821377868e+03,3.861093577535173349e+00
9.880127895381103372e+03,3.861093480362860042e+00
9.880127913940830695e+03,3.861093383192794715e+00
9.880127932500556199e+03,3.861093286024997795e+00
9.880127951060283522e+03,3.861093188859450187e+00
9.880127969620009026e+03,3.861093091696171875e+00
9.880127988179736349e+03,3.861092994535145095e+00
9.880128006739461853e+03,3.861092897376388056e+00
9.880128025299187357e+03,3.861092800219893206e+00
9.880128043858914680e+03,3.861092703065650333e+00
9.880128062418640184e+03,3.861092605913679865e+00
9.880128080978367507e+03,3.861092508763964037e+00
9.880128099538093011e+03,3.861092411616521058e+00
9.880128118097820334e+03,3.861092314471333165e+00
9.880128136657545838e+03,3.861092217328419007e+00
9.880128155217273161e+03,3.861092120187762156e+00
9.880128173776998665e+03,3.861092023049380373e+00
9.880128192336725988e+03,3.861091925913255896e+00
9.880128210896451492e+03,3.861091828779407820e+00
9.880128229456178815e+03,3.861091731647819270e+00
9.880128248015904319e+03,3.861091634518507565e+00
9.880128266575629823e+03,3.861091537391466044e+00
9.880128285135357146e+03,3.861091440266684049e+00
9.880128303695082650e+03,3.861091343144181565e+00
9.880128322254809973e+03,3.861091246023941270e+00
9.880128340814535477e+03,3.861091148905980930e+00
9.880128359374262800e+03,3.861091051790283224e+00
9.880128377933988304e+03,3.861090954676868137e+00
9.880128396493715627e+03,3.861090857565716128e+00
9.880128415053441131e+03,3.861090760456848070e+00
9.880128433613168454e+03,3.861090663350244423e+00
9.880128452172893958e+03,3.861090566245924283e+00
9.880128470732621281e+03,3.861090469143871662e+00
9.880128489292346785e+03,3.861090372044103436e+00
9.880128507852072289e+03,3.861090274946612055e+00
9.880128526411799612e+03,3.861090177851388638e+00
9.880128544971525116e+03,3.861090080758452281e+00
9.880128563531252439e+03,3.861089983667784331e+00
9.880128582090977943e+03,3.861089886579405217e+00
9.880128600650705266e+03,3.861089789493296731e+00
9.880128619210430770e+03,3.861089692409477525e+00
9.880128637770158093e+03,3.861089595327928503e+00
9.880128656329883597e+03,3.861089498248671870e+00
9.880128674889610920e+03,3.861089401171686308e+00
9.880128693449336424e+03,3.861089304096992691e+00
9.880128712009063747e+03,3.861089207024572367e+00
9.880128730568789251e+03,3.861089109954445764e+00
9.880128749128514755e+03,3.861089012886603111e+00
9.880128767688242078e+03,3.861088915821035528e+00
9.880128786247967582e+03,3.861088818757762553e+00
9.880128804807694905e+03,3.861088721696766868e+00
9.880128823367420409e+03,3.861088624638066680e+00
9.880128841927147732e+03,3.861088527581643781e+00
9.880128860486873236e+03,3.861088430527517712e+00
9.880128879046600559e+03,3.861088333475670265e+00
9.880128897606326063e+03,3.861088236426121423e+00
9.880128916166053386e+03,3.861088139378852535e+00
9.880128934725778890e+03,3.861088042333882697e+00
9.880128953285504394e+03,3.861087945291203471e+00
9.880128971845231717e+03,3.861087848250806420e+00
9.880128990404957221e+03,3.861087751212709751e+00
9.880129008964684544e+03,3.861087654176896145e+00
9.880129027524410048e+03,3.861087557143384252e+00
9.880129046084137372e+03,3.861087460112156755e+00
9.880129064643862876e+03,3.861087363083232749e+00
9.880129083203590199e+03,3.861087266056593581e+00
9.880129101763315703e+03,3.861087169032259681e+00
9.880129120323043026e+03,3.861087072010211063e+00
9.880129138882768530e+03,3.861086974990468601e+00
9.880129157442495853e+03,3.861086877973013198e+00
9.880129176002221357e+03,3.861086780957865283e+00
9.880129194561946861e+03,3.861086683945015530e+00
9.880129213121674184e+03,3.861086586934453724e+00
9.880129231681399688e+03,3.861086489926201626e+00
9.880129250241127011e+03,3.861086392920239252e+00
9.880129268800852515e+03,3.861086295916587030e+00
9.880129287360579838e+03,3.861086198915225864e+00
9.880129305920305342e+03,3.861086101916175739e+00
9.880129324480032665e+03,3.861086004919418446e+00
9.880129343039758169e+03,3.861085907924973526e+00
9.880129361599485492e+03,3.861085810932820994e+00
9.880129380159210996e+03,3.861085713942982611e+00
9.880129398718938319e+03,3.861085616955439281e+00
9.880129417278663823e+03,3.861085519970210100e+00
9.880129435838389327e+03,3.861085422987286631e+00
9.880129454398116650e+03,3.861085326006659546e+00
9.880129472957842154e+03,3.861085229028348831e+00
9.880129491517569477e+03,3.861085132052335833e+00
9.880129510077294981e+03,3.861085035078640093e+00
9.880129528637022304e+03,3.861084938107243403e+00
9.880129547196747808e+03,3.861084841138165302e+00
9.880129565756475131e+03,3.861084744171386696e+00
9.880129584316200635e+03,3.861084647206927123e+00
9.880129602875927958e+03,3.861084550244770153e+00
9.880129621435653462e+03,3.861084453284933549e+00
9.880129639995380785e+03,3.861084356327399103e+00
9.880129658555106289e+03,3.861084259372186800e+00
9.880129677114831793e+03,3.861084162419287757e+00
9.880129695674559116e+03,3.861084065468692206e+00
9.880129714234284620e+03,3.861083968520421017e+00
9.880129732794011943e+03,3.861083871574454207e+00
9.880129751353737447e+03,3.861083774630813092e+00
9.880129769913464770e+03,3.861083677689478133e+00
9.880129788473190274e+03,3.861083580750468869e+00
9.880129807032917597e+03,3.861083483813767536e+00
9.880129825592643101e+03,3.861083386879392787e+00
9.880129844152370424e+03,3.861083289947326858e+00
9.880129862712095928e+03,3.861083193017590176e+00
9.880129881271823251e+03,3.861083096090162758e+00
9.880129899831548755e+03,3.861082999165064589e+00
9.880129918391274259e+03,3.861082902242286785e+00
9.880129936951001582e+03,3.861082805321821354e+00
9.880129955510727086e+03,3.861082708403686503e+00
9.880129974070454409e+03,3.861082611487864913e+00
9.880129992630179913e+03,3.861082514574374791e+00
9.880130011189907236e+03,3.861082417663198818e+00
9.880130029749632740e+03,3.861082320754356978e+00
9.880130048309360063e+03,3.861082223847830175e+00
9.880130066869085567e+03,3.861082126943637505e+00
9.880130085428812890e+03,3.861082030041761204e+00
9.880130103988538394e+03,3.861081933142220812e+00
9.880130122548265717e+03,3.861081836244998122e+00
9.880130141107991221e+03,3.861081739350111786e+00
9.880130159667716725e+03,3.861081642457553809e+00
9.880130178227444048e+03,3.861081545567314866e+00
9.880130196787169552e+03,3.861081448679414496e+00
9.880130215346896875e+03,3.861081351793834937e+00
9.880130233906622379e+03,3.861081254910594396e+00
9.880130252466349702e+03,3.861081158029675997e+00
9.880130271026075206e+03,3.861081061151098393e+00
9.880130289585802529e+03,3.861080964274842486e+00
9.880130308145528033e+03,3.861080867400930483e+00
9.880130326705255357e+03,3.861080770529341066e+00
9.880130345264980861e+03,3.861080673660094664e+00
9.880130363824708184e+03,3.861080576793174401e+00
9.880130382384433688e+03,3.861080479928596709e+00
9.880130400944159192e+03,3.861080383066356259e+00
9.880130419503886515e+03,3.861080286206441503e+00
9.880130438063612019e+03,3.861080189348873759e+00
9.880130456623339342e+03,3.861080092493633042e+00
9.880130475183064846e+03,3.861079995640740226e+00
9.880130493742792169e+03,3.861079898790176212e+00
9.880130512302517673e+03,3.861079801941959655e+00
9.880130530862244996e+03,3.861079705096074566e+00
9.880130549421970500e+03,3.861079608252538709e+00
9.880130567981697823e+03,3.861079511411333876e+00
9.880130586541423327e+03,3.861079414572479607e+00
9.880130605101150650e+03,3.861079317735957694e+00
9.880130623660876154e+03,3.861079220901789011e+00
9.880130642220601658e+03,3.861079124069962454e+00
9.880130660780328981e+03,3.861079027240470030e+00
9.880130679340054485e+03,3.861078930413330834e+00
9.880130697899781808e+03,3.861078833588527992e+00
9.880130716459507312e+03,3.861078736766079267e+00
9.880130735019234635e+03,3.861078639945966895e+00
9.880130753578960139e+03,3.861078543128210416e+00
9.880130772138687462e+03,3.861078446312791623e+00
9.880130790698412966e+03,3.861078349499730500e+00
9.880130809258140289e+03,3.861078252689007062e+00
9.880130827817865793e+03,3.861078155880643070e+00
9.880130846377593116e+03,3.861078059074618540e+00
9.880130864937318620e+03,3.861077962270953901e+00
9.880130883497044124e+03,3.861077865469639381e+00
9.880130902056771447e+03,3.861077768670665655e+00
9.880130920616496951e+03,3.861077671874054484e+00
9.880130939176224274e+03,3.861077575079785440e+00
9.880130957735949778e+03,3.861077478287878950e+00
9.880130976295677101e+03,3.861077381498315475e+00
9.880130994855402605e+03,3.861077284711117219e+00
9.880131013415129928e+03,3.861077187926262866e+00
9.880131031974855432e+03,3.861077091143772844e+00
9.880131050534582755e+03,3.861076994363630277e+00
9.880131069094308259e+03,3.861076897585852485e+00
9.880131087654035582e+03,3.861076800810422149e+00
9.880131106213761086e+03,3.861076704037358809e+00
9.880131124773486590e+03,3.861076607266654026e+00
9.880131143333213913e+03,3.861076510498297587e+00
9.880131161892939417e+03,3.861076413732310808e+00
9.880131180452666740e+03,3.861076316968673705e+00
9.880131199012392244e+03,3.861076220207406262e+00
9.880131217572119567e+03,3.861076123448490272e+00
9.880131236131845071e+03,3.861076026691946161e+00
9.880131254691572394e+03,3.861075929937753948e+00
9.880131273251297898e+03,3.861075833185933615e+00
9.880131291811025221e+03,3.861075736436467398e+00
9.880131310370750725e+03,3.861075639689373951e+00
9.880131328930478048e+03,3.861075542944635952e+00
9.880131347490203552e+03,3.861075446202272055e+00
9.880131366049929056e+03,3.861075349462273820e+00
9.880131384609656379e+03,3.861075252724631923e+00
9.880131403169381883e+03,3.861075155989366792e+00
9.880131421729109206e+03,3.861075059256458886e+00
9.880131440288834710e+03,3.861074962525928633e+00
9.880131458848562033e+03,3.861074865797756939e+00
9.880131477408287537e+03,3.861074769071964230e+00
9.880131495968014860e+03,3.861074672348531411e+00
9.880131514527740364e+03,3.861074575627477579e+00
9.880131533087467687e+03,3.861074478908785856e+00
9.880131551647193191e+03,3.861074382192474452e+00
9.880131570206920514e+03,3.861074285478525159e+00
9.880131588766646018e+03,3.861074188766958848e+00
9.880131607326371523e+03,3.861074092057764418e+00
9.880131625886098846e+03,3.861073995350935206e+00
9.880131644445824350e+03,3.861073898646488978e+00
9.880131663005551673e+03,3.861073801944407524e+00
9.880131681565277177e+03,3.861073705244711718e+00
9.880131700125004500e+03,3.861073608547382019e+00
9.880131718684730004e+03,3.861073511852437967e+00
9.880131737244457327e+03,3.861073415159861799e+00
9.880131755804182831e+03,3.861073318469672166e+00
9.880131774363910154e+03,3.861073221781851750e+00
9.880131792923635658e+03,3.861073125096420089e+00
9.880131811483362981e+03,3.861073028413357644e+00
9.880131830043088485e+03,3.861072931732685287e+00
9.880131848602813989e+03,3.861072835054392804e+00
9.880131867162541312e+03,3.861072738378471758e+00
9.880131885722266816e+03,3.861072641704942132e+00
9.880131904281994139e+03,3.861072545033785719e+00
9.880131922841719643e+03,3.861072448365020726e+00
9.880131941401446966e+03,3.861072351698630278e+00
9.880131959961172470e+03,3.861072255034632583e+00
9.880131978520899793e+03,3.861072158373011209e+00
9.880131997080625297e+03,3.861072061713783476e+00
9.880132015640352620e+03,3.861071965056931621e+00
9.880132034200078124e+03,3.861071868402475626e+00
9.880132052759805447e+03,3.861071771750398174e+00
9.880132071319530951e+03,3.861071675100716583e+00
9.880132089879256455e+03,3.861071578453423303e+00
9.880132108438983778e+03,3.861071481808509009e+00
9.880132126998709282e+03,3.861071385165992798e+00
9.880132145558436605e+03,3.861071288525857792e+00
9.880132164118162109e+03,3.861071191888121756e+00
9.880132182677889432e+03,3.861071095252767371e+00
9.880132201237614936e+03,3.861070998619814176e+00
9.880132219797342259e+03,3.861070901989243964e+00
9.880132238357067763e+03,3.861070805361074942e+00
9.880132256916795086e+03,3.861070708735289791e+00
9.880132275476520590e+03,3.861070612111908495e+00
9.880132294036247913e+03,3.861070515490911070e+00
9.880132312595973417e+03,3.861070418872317944e+00
9.880132331155698921e+03,3.861070322256120679e+00
9.880132349715426244e+03,3.861070225642310838e+00
9.880132368275151748e+03,3.861070129030906628e+00
9.880132386834879071e+03,3.861070032421889398e+00
9.880132405394604575e+03,3.861069935815280019e+00
9.880132423954331898e+03,3.861069839211059396e+00
9.880132442514057402e+03,3.861069742609247069e+00
9.880132461073784725e+03,3.861069646009824829e+00
9.880132479633510229e+03,3.861069549412812663e+00
9.880132498193237552e+03,3.861069452818191028e+00
9.880132516752963056e+03,3.861069356225980354e+00
9.880132535312690379e+03,3.861069259636161988e+00
9.880132553872415883e+03,3.861069163048755470e+00
9.880132572432141387e+03,3.861069066463751920e+00
9.880132590991868710e+03,3.861068969881142010e+00
9.880132609551594214e+03,3.861068873300946613e+00
9.880132628111321537e+03,3.861068776723145302e+00
9.880132646671047041e+03,3.861068680147758947e+00
9.880132665230774364e+03,3.861068583574769786e+00
9.880132683790499868e+03,3.861068487004196470e+00
9.880132702350227191e+03,3.861068390436019460e+00
9.880132720909952695e+03,3.861068293870260959e+00
9.880132739469680018e+03,3.861068197306900540e+00
9.880132758029405522e+03,3.861068100745957743e+00
9.880132776589132845e+03,3.861068004187415248e+00
9.880132795148858349e+03,3.861067907631291263e+00
9.880132813708583853e+03,3.861067811077578682e+00
9.880132832268311176e+03,3.861067714526267736e+00
9.880132850828036680e+03,3.861067617977377076e+00
9.880132869387764003e+03,3.861067521430889826e+00
9.880132887947489507e+03,3.861067424886824195e+00
9.880132906507216831e+03,3.861067328345162863e+00
9.880132925066942335e+03,3.861067231805925370e+00
9.880132943626669658e+03,3.861067135269091732e+00
9.880132962186395162e+03,3.861067038734682377e+00
9.880132980746122485e+03,3.861066942202680874e+00
9.880132999305847989e+03,3.861066845673103209e+00
9.880133017865575312e+03,3.861066749145933841e+00
9.880133036425300816e+03,3.861066652621191420e+00
9.880133054985026320e+03,3.861066556098866620e+00
9.880133073544753643e+03,3.861066459578950560e+00
9.880133092104479147e+03,3.861066363061463225e+00
9.880133110664206470e+03,3.861066266546386405e+00
9.880133129223931974e+03,3.861066170033738754e+00
9.880133147783659297e+03,3.861066073523502062e+00
9.880133166343384801e+03,3.861065977015697204e+00
9.880133184903112124e+03,3.861065880510304194e+00
9.880133203462837628e+03,3.861065784007343904e+00
9.880133222022564951e+03,3.861065687506795907e+00
9.880133240582290455e+03,3.861065591008681963e+00
9.880133259142017778e+03,3.861065494512982976e+00
9.880133277701743282e+03,3.861065398019717154e+00
9.880133296261468786e+03,3.861065301528878280e+00
9.880133314821196109e+03,3.861065205040454806e+00
9.880133333380921613e+03,3.861065108554468051e+00
9.880133351940648936e+03,3.861065012070898028e+00
9.880133370500374440e+03,3.861064915589765167e+00
9.880133389060101763e+03,3.861064819111052149e+00
9.880133407619827267e+03,3.861064722634776736e+00
9.880133426179554590e+03,3.861064626160921609e+00
9.880133444739280094e+03,3.861064529689504976e+00
9.880133463299007417e+03,3.861064433220510850e+00
9.880133481858732921e+03,3.861064336753956105e+00
9.880133500418460244e+03,3.861064240289824312e+00
9.880133518978185748e+03,3.861064143828134565e+00
9.880133537537911252e+03,3.861064047368876206e+00
9.880133556097638575e+03,3.861063950912043019e+00
9.880133574657364079e+03,3.861063854457653211e+00
9.880133593217091402e+03,3.861063758005688573e+00
9.880133611776816906e+03,3.861063661556168203e+00
9.880133630336544229e+03,3.861063565109074336e+00
9.880133648896269733e+03,3.861063468664426068e+00
9.880133667455997056e+03,3.861063372222204748e+00
9.880133686015722560e+03,3.861063275782430804e+00
9.880133704575449883e+03,3.861063179345086027e+00
9.880133723135175387e+03,3.861063082910188182e+00
9.880133741694900891e+03,3.861062986477731052e+00
9.880133760254628214e+03,3.861062890047702645e+00
9.880133778814353718e+03,3.861062793620124722e+00
9.880133797374081041e+03,3.861062697194978632e+00
9.880133815933806545e+03,3.861062600772282583e+00
9.880133834493533868e+03,3.861062504352019698e+00
9.880133853053259372e+03,3.861062407934208629e+00
9.880133871612986695e+03,3.861062311518831169e+00
9.880133890172712199e+03,3.861062215105907747e+00
9.880133908732439522e+03,3.861062118695418377e+00
9.880133927292165026e+03,3.861062022287383932e+00
9.880133945851892349e+03,3.861061925881785317e+00
9.880133964411617853e+03,3.861061829478641627e+00
9.880133982971343357e+03,3.861061733077944869e+00
9.880134001531070680e+03,3.861061636679686604e+00
9.880134020090796184e+03,3.861061540283885041e+00
9.880134038650523507e+03,3.861061443890521971e+00
9.880134057210249011e+03,3.861061347499618268e+00
9.880134075769976334e+03,3.861061251111153503e+00
9.880134094329701838e+03,3.861061154725148992e+00
9.880134112889429161e+03,3.861061058341586527e+00
9.880134131449154665e+03,3.861060961960483429e+00
9.880134150008881988e+03,3.861060865581822821e+00
9.880134168568607492e+03,3.861060769205624688e+00
9.880134187128334815e+03,3.861060672831869045e+00
9.880134205688060320e+03,3.861060576460577209e+00
9.880134224247785824e+03,3.861060480091738967e+00
9.880134242807513147e+03,3.861060383725346323e+00
9.880134261367238651e+03,3.861060287361418819e+00
9.880134279926965974e+03,3.861060190999937358e+00
9.880134298486691478e+03,3.861060094640921037e+00
9.880134317046418801e+03,3.861059998284352979e+00
9.880134335606144305e+03,3.861059901930252281e+00
9.880134354165871628e+03,3.861059805578599402e+00
9.880134372725597132e+03,3.861059709229414771e+00
9.880134391285324455e+03,3.861059612882680181e+00
9.880134409845049959e+03,3.861059516538415171e+00
9.880134428404777282e+03,3.861059420196600200e+00
9.880134446964502786e+03,3.861059323857257031e+00
9.880134465524228290e+03,3.861059227520374115e+00
9.880134484083955613e+03,3.861059131185944793e+00
9.880134502643681117e+03,3.861059034853988159e+00
9.880134521203408440e+03,3.861058938524484230e+00
9.880134539763133944e+03,3.861058842197453433e+00
9.880134558322861267e+03,3.861058745872878450e+00
9.880134576882586771e+03,3.861058649550777488e+00
9.880134595442314094e+03,3.861058553231132784e+00
9.880134614002039598e+03,3.861058456913963877e+00
9.880134632561766921e+03,3.861058360599251671e+00
9.880134651121492425e+03,3.861058264287016595e+00
9.880134669681219748e+03,3.861058167977240441e+00
9.880134688240945252e+03,3.861058071669941860e+00
9.880134706800670756e+03,3.861057975365111972e+00
9.880134725360398079e+03,3.861057879062742337e+00
9.880134743920123583e+03,3.861057782762852497e+00
9.880134762479850906e+03,3.861057686465424243e+00
9.880134781039576410e+03,3.861057590170475784e+00
9.880134799599303733e+03,3.861057493877990687e+00
9.880134818159029237e+03,3.861057397587987605e+00
9.880134836718756560e+03,3.861057301300447442e+00
9.880134855278482064e+03,3.861057205015390625e+00
9.880134873838209387e+03,3.861057108732798504e+00
9.880134892397934891e+03,3.861057012452691062e+00
9.880134910957662214e+03,3.861056916175048759e+00
9.880134929517387718e+03,3.861056819899892023e+00
9.880134948077113222e+03,3.861056723627211973e+00
9.880134966636840545e+03,3.861056627356999726e+00
9.880134985196566049e+03,3.861056531089274380e+00
9.880135003756293372e+03,3.861056434824017725e+00
9.880135022316018876e+03,3.861056338561249301e+00
9.880135040875746199e+03,3.861056242300950903e+00
9.880135059435471703e+03,3.861056146043141624e+00
9.880135077995199026e+03,3.861056049787803257e+00
9.880135096554924530e+03,3.861055953534956231e+00
9.880135115114651853e+03,3.861055857284580561e+00
9.880135133674377357e+03,3.861055761036697120e+00
9.880135152234104680e+03,3.861055664791285924e+00
9.880135170793830184e+03,3.861055568548368733e+00
9.880135189353555688e+03,3.861055472307934888e+00
9.880135207913283011e+03,3.861055376069976841e+00
9.880135226473008515e+03,3.861055279834512799e+00
9.880135245032735838e+03,3.861055183601524998e+00
9.880135263592461342e+03,3.861055087371032535e+00
9.880135282152188665e+03,3.861054991143017645e+00
9.880135300711914169e+03,3.861054894917499869e+00
9.880135319271641492e+03,3.861054798694460111e+00
9.880135337831366996e+03,3.861054702473918798e+00
9.880135356391094319e+03,3.861054606255857280e+00
9.880135374950819823e+03,3.861054510040294652e+00
9.880135393510547146e+03,3.861054413827213150e+00
9.880135412070272650e+03,3.861054317616631426e+00
9.880135430629998154e+03,3.861054221408540599e+00
9.880135449189725477e+03,3.861054125202933118e+00
9.880135467749450982e+03,3.861054028999827192e+00
9.880135486309178305e+03,3.861053932799205501e+00
9.880135504868903809e+03,3.861053836601086697e+00
9.880135523428631132e+03,3.861053740405452572e+00
9.880135541988356636e+03,3.861053644212322222e+00
9.880135560548083959e+03,3.861053548021678328e+00
9.880135579107809463e+03,3.861053451833539985e+00
9.880135597667536786e+03,3.861053355647888541e+00
9.880135616227262290e+03,3.861053259464743981e+00
9.880135634786989613e+03,3.861053163284087208e+00
9.880135653346715117e+03,3.861053067105938208e+00
9.880135671906440621e+03,3.861052970930288097e+00
9.880135690466167944e+03,3.861052874757128883e+00
9.880135709025893448e+03,3.861052778586478329e+00
9.880135727585620771e+03,3.861052682418318671e+00
9.880135746145346275e+03,3.861052586252669450e+00
9.880135764705073598e+03,3.861052490089512457e+00
9.880135783264799102e+03,3.861052393928868121e+00
9.880135801824526425e+03,3.861052297770716457e+00
9.880135820384251929e+03,3.861052201615078339e+00
9.880135838943979252e+03,3.861052105461933781e+00
9.880135857503704756e+03,3.861052009311304101e+00
9.880135876063432079e+03,3.861051913163169313e+00
9.880135894623157583e+03,3.861051817017550292e+00
9.880135913182883087e+03,3.861051720874437265e+00
9.880135931742610410e+03,3.861051624733822241e+00
9.880135950302335914e+03,3.861051528595722981e+00
9.880135968862063237e+03,3.861051432460123056e+00
9.880135987421788741e+03,3.861051336327041117e+00
9.880136005981516064e+03,3.861051240196458512e+00
9.880136024541241568e+03,3.861051144068396113e+00
9.880136043100968891e+03,3.861051047942833048e+00
9.880136061660694395e+03,3.861050951819791521e+00
9.880136080220421718e+03,3.861050855699251105e+00
9.880136098780147222e+03,3.861050759581232672e+00
9.880136117339874545e+03,3.861050663465717570e+00
9.880136135899600049e+03,3.861050567352725338e+00
9.880136154459325553e+03,3.861050471242245763e+00
9.880136173019052876e+03,3.861050375134271739e+00
9.880136191578778380e+03,3.861050279028821919e+00
9.880136210138505703e+03,3.861050182925877650e+00
9.880136228698231207e+03,3.861050086825459360e+00
9.880136247257958530e+03,3.861049990727547954e+00
9.880136265817684034e+03,3.861049894632163415e+00
9.880136284377411357e+03,3.861049798539287092e+00
9.880136302937136861e+03,3.861049702448938969e+00
9.880136321496864184e+03,3.861049606361099507e+00
9.880136340056589688e+03,3.861049510275789132e+00
9.880136358616317011e+03,3.861049414192989637e+00
9.880136377176042515e+03,3.861049318112719675e+00
9.880136395735768019e+03,3.861049222034971695e+00
9.880136414295495342e+03,3.861049125959735484e+00
9.880136432855220846e+03,3.861049029887031470e+00
9.880136451414948169e+03,3.861048933816840556e+00
9.880136469974673673e+03,3.861048837749182283e+00
9.880136488534400996e+03,3.861048741684038887e+00
9.880136507094126500e+03,3.861048645621429465e+00
9.880136525653853823e+03,3.861048549561336252e+00
9.880136544213579327e+03,3.861048453503777456e+00
9.880136562773306650e+03,3.861048357448736201e+00
9.880136581333032154e+03,3.861048261396230252e+00
9.880136599892759477e+03,3.861048165346243621e+00
9.880136618452484981e+03,3.861048069298794072e+00
9.880136637012210485e+03,3.861047973253872723e+00
9.880136655571937808e+03,3.861047877211471580e+00
9.880136674131663312e+03,3.861047781171609294e+00
9.880136692691390635e+03,3.861047685134267660e+00
9.880136711251116139e+03,3.861047589099467547e+00
9.880136729810843462e+03,3.861047493067188086e+00
9.880136748370568966e+03,3.861047397037451034e+00
9.880136766930296290e+03,3.861047301010236410e+00
9.880136785490021794e+03,3.861047204985565084e+00
9.880136804049749117e+03,3.861047108963417518e+00
9.880136822609474621e+03,3.861047012943814138e+00
9.880136841169201944e+03,3.861046916926736294e+00
9.880136859728927448e+03,3.861046820912203525e+00
9.880136878288652952e+03,3.861046724900206506e+00
9.880136896848380275e+03,3.861046628890736798e+00
9.880136915408105779e+03,3.861046532883813054e+00
9.880136933967833102e+03,3.861046436879418842e+00
9.880136952527558606e+03,3.861046340877571481e+00
9.880136971087285929e+03,3.861046244878253653e+00
9.880136989647011433e+03,3.861046148881485340e+00
9.880137008206738756e+03,3.861046052887247004e+00
9.880137026766464260e+03,3.861045956895558628e+00
9.880137045326191583e+03,3.861045860906402893e+00
9.880137063885917087e+03,3.861045764919797119e+00
9.880137082445644410e+03,3.861045668935725317e+00
9.880137101005369914e+03,3.861045572954205696e+00
9.880137119565095418e+03,3.861045476975229374e+00
9.880137138124822741e+03,3.861045380998787913e+00
9.880137156684548245e+03,3.861045285024899965e+00
9.880137175244275568e+03,3.861045189053547766e+00
9.880137193804001072e+03,3.861045093084751745e+00
9.880137212363728395e+03,3.861044997118491917e+00
9.880137230923453899e+03,3.861044901154788711e+00
9.880137249483181222e+03,3.861044805193623475e+00
9.880137268042906726e+03,3.861044709235014860e+00
9.880137286602634049e+03,3.861044613278945992e+00
9.880137305162359553e+03,3.861044517325436853e+00
9.880137323722086876e+03,3.861044421374467017e+00
9.880137342281812380e+03,3.861044325426056467e+00
9.880137360841537884e+03,3.861044229480198098e+00
9.880137379401265207e+03,3.861044133536880807e+00
9.880137397960990711e+03,3.861044037596125467e+00
9.880137416520718034e+03,3.861043941657912981e+00
9.880137435080443538e+03,3.861043845722263779e+00
9.880137453640170861e+03,3.861043749789158319e+00
9.880137472199896365e+03,3.861043653858616587e+00
9.880137490759623688e+03,3.861043557930621262e+00
9.880137509319349192e+03,3.861043462005189664e+00
9.880137527879076515e+03,3.861043366082305361e+00
9.880137546438802019e+03,3.861043270161987451e+00
9.880137564998529342e+03,3.861043174244216836e+00
9.880137583558254846e+03,3.861043078329013056e+00
9.880137602117980350e+03,3.861042982416368119e+00
9.880137620677707673e+03,3.861042886506272254e+00
9.880137639237433177e+03,3.861042790598745444e+00
9.880137657797160500e+03,3.861042694693769928e+00
9.880137676356886004e+03,3.861042598791363467e+00
9.880137694916613327e+03,3.861042502891509187e+00
9.880137713476338831e+03,3.861042406994226628e+00
9.880137732036066154e+03,3.861042311099496249e+00
9.880137750595791658e+03,3.861042215207338479e+00
9.880137769155518981e+03,3.861042119317734667e+00
9.880137787715244485e+03,3.861042023430704795e+00
9.880137806274971808e+03,3.861041927546230212e+00
9.880137824834697312e+03,3.861041831664329571e+00
9.880137843394422816e+03,3.861041735784995321e+00
9.880137861954150139e+03,3.861041639908217693e+00
9.880137880513875643e+03,3.861041544034016670e+00
9.880137899073602966e+03,3.861041448162373158e+00
9.880137917633328470e+03,3.861041352293307138e+00
9.880137936193055793e+03,3.861041256426800405e+00
9.880137954752781297e+03,3.861041160562872498e+00
9.880137973312508620e+03,3.861041064701505210e+00
9.880137991872234124e+03,3.861040968842717191e+00
9.880138010431961447e+03,3.861040872986490680e+00
9.880138028991686951e+03,3.861040777132845214e+00
9.880138047551414274e+03,3.861040681281762588e+00
9.880138066111139779e+03,3.861040585433261452e+00
9.880138084670865283e+03,3.861040489587334701e+00
9.880138103230592606e+03,3.861040393743971233e+00
9.880138121790318110e+03,3.861040297903191920e+00
9.880138140350045433e+03,3.861040202064978111e+00
9.880138158909770937e+03,3.861040106229348456e+00
9.880138177469498260e+03,3.861040010396286082e+00
9.880138196029223764e+03,3.861039914565809639e+00
9.880138214588951087e+03,3.861039818737901363e+00
9.880138233148676591e+03,3.861039722912579464e+00
9.880138251708403914e+03,3.861039627089827508e+00
9.880138270268129418e+03,3.861039531269663261e+00
9.880138288827856741e+03,3.861039435452069402e+00
9.880138307387582245e+03,3.861039339637064582e+00
9.880138325947307749e+03,3.861039243824640366e+00
9.880138344507035072e+03,3.861039148014787870e+00
9.880138363066760576e+03,3.861039052207526634e+00
9.880138381626487899e+03,3.861038956402838451e+00
9.880138400186213403e+03,3.861038860600743305e+00
9.880138418745940726e+03,3.861038764801221213e+00
9.880138437305666230e+03,3.861038669004292601e+00
9.880138455865393553e+03,3.861038573209939706e+00
9.880138474425119057e+03,3.861038477418181181e+00
9.880138492984846380e+03,3.861038381628998817e+00
9.880138511544571884e+03,3.861038285842412154e+00
9.880138530104299207e+03,3.861038190058403430e+00
9.880138548664024711e+03,3.861038094276991295e+00
9.880138567223750215e+03,3.861037998498166868e+00
9.880138585783477538e+03,3.861037902721922599e+00
9.880138604343203042e+03,3.861037806948276252e+00
9.880138622902930365e+03,3.861037711177210507e+00
9.880138641462655869e+03,3.861037615408744017e+00
9.880138660022383192e+03,3.861037519642859905e+00
9.880138678582108696e+03,3.861037423879575048e+00
9.880138697141836019e+03,3.861037328118873901e+00
9.880138715701561523e+03,3.861037232360775118e+00
9.880138734261288846e+03,3.861037136605259601e+00
9.880138752821014350e+03,3.861037040852346891e+00
9.880138771380739854e+03,3.861036945102028994e+00
9.880138789940467177e+03,3.861036849354297029e+00
9.880138808500192681e+03,3.861036753609168759e+00
9.880138827059920004e+03,3.861036657866627753e+00
9.880138845619645508e+03,3.861036562126693106e+00
9.880138864179372831e+03,3.861036466389346167e+00
9.880138882739098335e+03,3.861036370654605587e+00
9.880138901298825658e+03,3.861036274922454492e+00
9.880138919858551162e+03,3.861036179192911533e+00
9.880138938418278485e+03,3.861036083465958946e+00
9.880138956978003989e+03,3.861035987741615383e+00
9.880138975537731312e+03,3.861035892019862636e+00
9.880138994097456816e+03,3.861035796300721135e+00
9.880139012657182320e+03,3.861035700584180663e+00
9.880139031216909643e+03,3.861035604870233229e+00
9.880139049776635147e+03,3.861035509158898371e+00
9.880139068336362470e+03,3.861035413450157883e+00
9.880139086896087974e+03,3.861035317744030859e+00
9.880139105455815297e+03,3.861035222040498205e+00
9.880139124015540801e+03,3.861035126339579904e+00
9.880139142575268124e+03,3.861035030641259080e+00
9.880139161134993628e+03,3.861034934945553498e+00
9.880139179694720951e+03,3.861034839252445394e+00
9.880139198254446455e+03,3.861034743561954308e+00
9.880139216814173778e+03,3.861034647874060699e+00
9.880139235373899282e+03,3.861034552188785884e+00
9.880139253933624786e+03,3.861034456506120094e+00
9.880139272493352109e+03,3.861034360826054890e+00
9.880139291053077613e+03,3.861034265148608924e+00
9.880139309612804936e+03,3.861034169473764877e+00
9.880139328172530440e+03,3.861034073801541400e+00
9.880139346732257764e+03,3.861033978131921174e+00
9.880139365291983268e+03,3.861033882464921962e+00
9.880139383851710591e+03,3.861033786800526446e+00
9.880139402411436095e+03,3.861033691138754165e+00
9.880139420971163418e+03,3.861033595479587355e+00
9.880139439530888922e+03,3.861033499823044224e+00
9.880139458090616245e+03,3.861033404169107897e+00
9.880139476650341749e+03,3.861033308517795692e+00
9.880139495210067253e+03,3.861033212869100506e+00
9.880139513769794576e+03,3.861033117223013456e+00
9.880139532329520080e+03,3.861033021579552749e+00
9.880139550889247403e+03,3.861032925938701954e+00
9.880139569448972907e+03,3.861032830300478391e+00
9.880139588008700230e+03,3.861032734664865185e+00
9.880139606568425734e+03,3.861032639031880986e+00
9.880139625128153057e+03,3.861032543401508921e+00
9.880139643687878561e+03,3.861032447773766751e+00
9.880139662247605884e+03,3.861032352148636715e+00
9.880139680807331388e+03,3.861032256526138795e+00
9.880139699367058711e+03,3.861032160906253896e+00
9.880139717926784215e+03,3.861032065289001558e+00
9.880139736486509719e+03,3.861031969674373787e+00
9.880139755046237042e+03,3.861031874062360814e+00
9.880139773605962546e+03,3.861031778452982177e+00
9.880139792165689869e+03,3.861031682846220114e+00
9.880139810725415373e+03,3.861031587242092833e+00
9.880139829285142696e+03,3.861031491640584346e+00
9.880139847844868200e+03,3.861031396041712416e+00
9.880139866404595523e+03,3.861031300445457504e+00
9.880139884964321027e+03,3.861031204851842258e+00
9.880139903524048350e+03,3.861031109260845362e+00
9.880139922083773854e+03,3.861031013672488577e+00
9.880139940643501177e+03,3.861030918086751917e+00
9.880139959203226681e+03,3.861030822503656257e+00
9.880139977762952185e+03,3.861030726923190493e+00
9.880139996322679508e+03,3.861030631345347963e+00
9.880140014882405012e+03,3.861030535770148209e+00
9.880140033442132335e+03,3.861030440197570801e+00
9.880140052001857839e+03,3.861030344627637056e+00
9.880140070561585162e+03,3.861030249060328767e+00
9.880140089121310666e+03,3.861030153495663697e+00
9.880140107681037989e+03,3.861030057933624970e+00
9.880140126240763493e+03,3.861029962374231239e+00
9.880140144800490816e+03,3.861029866817465184e+00
9.880140163360216320e+03,3.861029771263344568e+00
9.880140181919943643e+03,3.861029675711852960e+00
9.880140200479669147e+03,3.861029580163008568e+00
9.880140219039394651e+03,3.861029484616803398e+00
9.880140237599121974e+03,3.861029389073228124e+00
9.880140256158847478e+03,3.861029293532301843e+00
9.880140274718574801e+03,3.861029197994006346e+00
9.880140293278300305e+03,3.861029102458362061e+00
9.880140311838027628e+03,3.861029006925349893e+00
9.880140330397753132e+03,3.861028911394988494e+00
9.880140348957480455e+03,3.861028815867260544e+00
9.880140367517205959e+03,3.861028720342186471e+00
9.880140386076933282e+03,3.861028624819745847e+00
9.880140404636658786e+03,3.861028529299959100e+00
9.880140423196386109e+03,3.861028433782808023e+00
9.880140441756111613e+03,3.861028338268312599e+00
9.880140460315837117e+03,3.861028242756462614e+00
9.880140478875564440e+03,3.861028147247249631e+00
9.880140497435289944e+03,3.861028051740694078e+00
9.880140515995017267e+03,3.861027956236777303e+00
9.880140534554742771e+03,3.861027860735517070e+00
9.880140553114470094e+03,3.861027765236897391e+00
9.880140571674195598e+03,3.861027669740936030e+00
9.880140590233922921e+03,3.861027574247616556e+00
9.880140608793648425e+03,3.861027478756955844e+00
9.880140627353375748e+03,3.861027383268937907e+00
9.880140645913101253e+03,3.861027287783580952e+00
9.880140664472828576e+03,3.861027192300867661e+00
9.880140683032554080e+03,3.861027096820815352e+00
9.880140701592279584e+03,3.861027001343417364e+00
9.880140720152006907e+03,3.861026905868663928e+00
9.880140738711732411e+03,3.861026810396575470e+00
9.880140757271459734e+03,3.861026714927132009e+00
9.880140775831185238e+03,3.861026619460353526e+00
9.880140794390912561e+03,3.861026523996222704e+00
9.880140812950638065e+03,3.861026428534757304e+00
9.880140831510365388e+03,3.861026333075941341e+00
9.880140850070090892e+03,3.861026237619792134e+00
9.880140868629818215e+03,3.861026142166292363e+00
9.880140887189543719e+03,3.861026046715460680e+00
9.880140905749271042e+03,3.861025951267279765e+00
9.880140924308996546e+03,3.861025855821769159e+00
9.880140942868722050e+03,3.861025760378919092e+00
9.880140961428449373e+03,3.861025664938721125e+00
9.880140979988174877e+03,3.861025569501194354e+00
9.880140998547902200e+03,3.861025474066321461e+00
9.880141017107627704e+03,3.861025378634120209e+00
9.880141035667355027e+03,3.861025283204574610e+00
9.880141054227080531e+03,3.861025187777701984e+00
9.880141072786807854e+03,3.861025092353485011e+00
9.880141091346533358e+03,3.861024996931943232e+00
9.880141109906260681e+03,3.861024901513057550e+00
9.880141128465986185e+03,3.861024806096848394e+00
9.880141147025713508e+03,3.861024710683296668e+00
9.880141165585439012e+03,3.861024615272421912e+00
9.880141184145164516e+03,3.861024519864215687e+00
9.880141202704891839e+03,3.861024424458669557e+00
9.880141221264617343e+03,3.861024329055801729e+00
9.880141239824344666e+03,3.861024233655594440e+00
9.880141258384070170e+03,3.861024138258067673e+00
9.880141276943797493e+03,3.861024042863201888e+00
9.880141295503522997e+03,3.861023947471018403e+00
9.880141314063250320e+03,3.861023852081497232e+00
9.880141332622975824e+03,3.861023756694657472e+00
9.880141351182703147e+03,3.861023661310483135e+00
9.880141369742428651e+03,3.861023565928991985e+00
9.880141388302155974e+03,3.861023470550164927e+00
9.880141406861881478e+03,3.861023375174023275e+00
9.880141425421606982e+03,3.861023279800557706e+00
9.880141443981334305e+03,3.861023184429758448e+00
9.880141462541059809e+03,3.861023089061645486e+00
9.880141481100787132e+03,3.861022993696201056e+00
9.880141499660512636e+03,3.861022898333443365e+00
9.880141518220239959e+03,3.861022802973354651e+00
9.880141536779965463e+03,3.861022707615954896e+00
9.880141555339692786e+03,3.861022612261225451e+00
9.880141573899418290e+03,3.861022516909185853e+00
9.880141592459145613e+03,3.861022421559817452e+00
9.880141611018871117e+03,3.861022326213139788e+00
9.880141629578598440e+03,3.861022230869135097e+00
9.880141648138323944e+03,3.861022135527822030e+00
9.880141666698049448e+03,3.861022040189191706e+00
9.880141685257776771e+03,3.861021944853236576e+00
9.880141703817502275e+03,3.861021849519974403e+00
9.880141722377229598e+03,3.861021754189387423e+00
9.880141740936955102e+03,3.861021658861496064e+00
9.880141759496682425e+03,3.861021563536280343e+00
9.880141778056407929e+03,3.861021468213760688e+00
9.880141796616135252e+03,3.861021372893919335e+00
9.880141815175860756e+03,3.861021277576774935e+00
9.880141833735588079e+03,3.861021182262308393e+00
9.880141852295313583e+03,3.861021086950541470e+00
9.880141870855040906e+03,3.861020991641453737e+00
9.880141889414766410e+03,3.861020896335065178e+00
9.880141907974491915e+03,3.861020801031366911e+00
9.880141926534219238e+03,3.861020705730350944e+00
9.880141945093944742e+03,3.861020610432035483e+00
9.880141963653672065e+03,3.861020515136403652e+00
9.880141982213397569e+03,3.861020419843472773e+00
9.880142000773124892e+03,3.861020324553226413e+00
9.880142019332850396e+03,3.861020229265683668e+00
9.880142037892577719e+03,3.861020133980825886e+00
9.880142056452303223e+03,3.861020038698672607e+00
9.880142075012030546e+03,3.861019943419204736e+00
9.880142093571756050e+03,3.861019848142443589e+00
9.880142112131483373e+03,3.861019752868368737e+00
9.880142130691208877e+03,3.861019657597001498e+00
9.880142149250934381e+03,3.861019562328331656e+00
9.880142167810661704e+03,3.861019467062350330e+00
9.880142186370387208e+03,3.861019371799077948e+00
9.880142204930114531e+03,3.861019276538495859e+00
9.880142223489840035e+03,3.861019181280623158e+00
9.880142242049567358e+03,3.861019086025440750e+00
9.880142260609292862e+03,3.861018990772970838e+00
9.880142279169020185e+03,3.861018895523192107e+00
9.880142297728745689e+03,3.861018800276125873e+00
9.880142316288473012e+03,3.861018705031753040e+00
9.880142334848198516e+03,3.861018609790093148e+00
9.880142353407925839e+03,3.861018514551127545e+00
9.880142371967651343e+03,3.861018419314876216e+00
9.880142390527376847e+03,3.861018324081330277e+00
9.880142409087104170e+03,3.861018228850481293e+00
9.880142427646829674e+03,3.861018133622347470e+00
9.880142446206556997e+03,3.861018038396911045e+00
9.880142464766282501e+03,3.861017943174191558e+00
9.880142483326009824e+03,3.861017847954170801e+00
9.880142501885735328e+03,3.861017752736868314e+00
9.880142520445462651e+03,3.861017657522265445e+00
9.880142539005188155e+03,3.861017562310381734e+00
9.880142557564915478e+03,3.861017467101198974e+00
9.880142576124640982e+03,3.861017371894736705e+00
9.880142594684368305e+03,3.861017276690977162e+00
9.880142613244093809e+03,3.861017181489938110e+00
9.880142631803819313e+03,3.861017086291611999e+00
9.880142650363546636e+03,3.861016991095989503e+00
9.880142668923272140e+03,3.861016895903089718e+00
9.880142687482999463e+03,3.861016800712895769e+00
9.880142706042724967e+03,3.861016705525425863e+00
9.880142724602452290e+03,3.861016610340661792e+00
9.880142743162177794e+03,3.861016515158623541e+00
9.880142761721905117e+03,3.861016419979292014e+00
9.880142780281630621e+03,3.861016324802687194e+00
9.880142798841357944e+03,3.861016229628790875e+00
9.880142817401083448e+03,3.861016134457622595e+00
9.880142835960810771e+03,3.861016039289162816e+00
9.880142854520536275e+03,3.861015944123431964e+00
9.880142873080261779e+03,3.861015848960422048e+00
9.880142891639989102e+03,3.861015753800121963e+00
9.880142910199714606e+03,3.861015658642553028e+00
9.880142928759441929e+03,3.861015563487696589e+00
9.880142947319167433e+03,3.861015468335572187e+00
9.880142965878894756e+03,3.861015373186160282e+00
9.880142984438620260e+03,3.861015278039482190e+00
9.880143002998347583e+03,3.861015182895517928e+00
9.880143021558073087e+03,3.861015087754287478e+00
9.880143040117800410e+03,3.861014992615773522e+00
9.880143058677525914e+03,3.861014897479993380e+00
9.880143077237253237e+03,3.861014802346931063e+00
9.880143095796978741e+03,3.861014707216604336e+00
9.880143114356704245e+03,3.861014612089005649e+00
9.880143132916431568e+03,3.861014516964124788e+00
9.880143151476157072e+03,3.861014421841982180e+00
9.880143170035884395e+03,3.861014326722558732e+00
9.880143188595609899e+03,3.861014231605875757e+00
9.880143207155337223e+03,3.861014136491911941e+00
9.880143225715062727e+03,3.861014041380688600e+00
9.880143244274790050e+03,3.861013946272187525e+00
9.880143262834515554e+03,3.861013851166428701e+00
9.880143281394242877e+03,3.861013756063391700e+00
9.880143299953968381e+03,3.861013660963097394e+00
9.880143318513695704e+03,3.861013565865527131e+00
9.880143337073421208e+03,3.861013470770700007e+00
9.880143355633146712e+03,3.861013375678608472e+00
9.880143374192874035e+03,3.861013280589242758e+00
9.880143392752599539e+03,3.861013185502621514e+00
9.880143411312326862e+03,3.861013090418727867e+00
9.880143429872052366e+03,3.861012995337580911e+00
9.880143448431779689e+03,3.861012900259161551e+00
9.880143466991505193e+03,3.861012805183490215e+00
9.880143485551232516e+03,3.861012710110547808e+00
9.880143504110958020e+03,3.861012615040354312e+00
9.880143522670685343e+03,3.861012519972890633e+00
9.880143541230410847e+03,3.861012424908177643e+00
9.880143559790136351e+03,3.861012329846205127e+00
9.880143578349863674e+03,3.861012234786964648e+00
9.880143596909589178e+03,3.861012139730475745e+00
9.880143615469316501e+03,3.861012044676720212e+00
9.880143634029042005e+03,3.861011949625717143e+00
9.880143652588769328e+03,3.861011854577447888e+00
9.880143671148494832e+03,3.861011759531933762e+00
9.880143689708222155e+03,3.861011664489154338e+00
9.880143708267947659e+03,3.861011569449129155e+00
9.880143726827674982e+03,3.861011474411841782e+00
9.880143745387400486e+03,3.861011379377309982e+00
9.880143763947127809e+03,3.861011284345515548e+00
9.880143782506853313e+03,3.861011189316478909e+00
9.880143801066578817e+03,3.861011094290190737e+00
9.880143819626306140e+03,3.861010999266641264e+00
9.880143838186031644e+03,3.861010904245850917e+00
9.880143856745758967e+03,3.861010809227801488e+00
9.880143875305484471e+03,3.861010714212512074e+00
9.880143893865211794e+03,3.861010619199964022e+00
9.880143912424937298e+03,3.861010524190177318e+00
9.880143930984664621e+03,3.861010429183133308e+00
9.880143949544390125e+03,3.861010334178851089e+00
9.880143968104117448e+03,3.861010239177313785e+00
9.880143986663842952e+03,3.861010144178539161e+00
9.880144005223570275e+03,3.861010049182510340e+00
9.880144023783295779e+03,3.861009954189245974e+00
9.880144042343021283e+03,3.861009859198736738e+00
9.880144060902748606e+03,3.861009764210974193e+00
9.880144079462474110e+03,3.861009669225978325e+00
9.880144098022201433e+03,3.861009574243730924e+00
9.880144116581926937e+03,3.861009479264249755e+00
9.880144135141654260e+03,3.861009384287518387e+00
9.880144153701379764e+03,3.861009289313555470e+00
9.880144172261107087e+03,3.861009194342342798e+00
9.880144190820832591e+03,3.861009099373899023e+00
9.880144209380559914e+03,3.861009004408207268e+00
9.880144227940285418e+03,3.861008909445286630e+00
9.880144246500012741e+03,3.861008814485117568e+00
9.880144265059738245e+03,3.861008719527720956e+00
9.880144283619463749e+03,3.861008624573087022e+00
9.880144302179191072e+03,3.861008529621207774e+00
9.880144320738916576e+03,3.861008434672101863e+00
9.880144339298643899e+03,3.861008339725751082e+00
9.880144357858369403e+03,3.861008244782174970e+00
9.880144376418096726e+03,3.861008149841355319e+00
9.880144394977822230e+03,3.861008054903312114e+00
9.880144413537549553e+03,3.861007959968025816e+00
9.880144432097275057e+03,3.861007865035516406e+00
9.880144450657002380e+03,3.861007770105766568e+00
9.880144469216727884e+03,3.861007675178793619e+00
9.880144487776455207e+03,3.861007580254581129e+00
9.880144506336180712e+03,3.861007485333147748e+00
9.880144524895906216e+03,3.861007390414485041e+00
9.880144543455633539e+03,3.861007295498583680e+00
9.880144562015359043e+03,3.861007200585463206e+00
9.880144580575086366e+03,3.861007105675105855e+00
9.880144599134811870e+03,3.861007010767529835e+00
9.880144617694539193e+03,3.861006915862718269e+00
9.880144636254264697e+03,3.861006820960688923e+00
9.880144654813992020e+03,3.861006726061425365e+00
9.880144673373717524e+03,3.861006631164945802e+00
9.880144691933444847e+03,3.861006536271232026e+00
9.880144710493170351e+03,3.861006441380304022e+00
9.880144729052897674e+03,3.861006346492144026e+00
9.880144747612623178e+03,3.861006251606769357e+00
9.880144766172348682e+03,3.861006156724172467e+00
9.880144784732076005e+03,3.861006061844345361e+00
9.880144803291801509e+03,3.861005966967305358e+00
9.880144821851528832e+03,3.861005872093036473e+00
9.880144840411254336e+03,3.861005777221556023e+00
9.880144858970981659e+03,3.861005682352847579e+00
9.880144877530707163e+03,3.861005587486929791e+00
9.880144896090434486e+03,3.861005492623784008e+00
9.880144914650159990e+03,3.861005397763428881e+00
9.880144933209887313e+03,3.861005302905847980e+00
9.880144951769612817e+03,3.861005208051059956e+00
9.880144970329340140e+03,3.861005113199046601e+00
9.880144988889065644e+03,3.861005018349826567e+00
9.880145007448791148e+03,3.861004923503391861e+00
9.880145026008518471e+03,3.861004828659734045e+00
9.880145044568243975e+03,3.861004733818870882e+00
9.880145063127971298e+03,3.861004638980785497e+00
9.880145081687696802e+03,3.861004544145496986e+00
9.880145100247424125e+03,3.861004449312986697e+00
9.880145118807149629e+03,3.861004354483274614e+00
9.880145137366876952e+03,3.861004259656341642e+00
9.880145155926602456e+03,3.861004164832207763e+00
9.880145174486329779e+03,3.861004070010855660e+00
9.880145193046055283e+03,3.861003975192302651e+00
9.880145211605782606e+03,3.861003880376531860e+00
9.880145230165508110e+03,3.861003785563562385e+00
9.880145248725233614e+03,3.861003690753385342e+00
9.880145267284960937e+03,3.861003595945990963e+00
9.880145285844686441e+03,3.861003501141400562e+00
9.880145304404413764e+03,3.861003406339594157e+00
9.880145322964139268e+03,3.861003311540592620e+00
9.880145341523866591e+03,3.861003216744376854e+00
9.880145360083592095e+03,3.861003121950966399e+00
9.880145378643319418e+03,3.861003027160341716e+00
9.880145397203044922e+03,3.861002932372524565e+00
9.880145415762772245e+03,3.861002837587495407e+00
9.880145434322497749e+03,3.861002742805273780e+00
9.880145452882225072e+03,3.861002648025841033e+00
9.880145471441950576e+03,3.861002553249216707e+00
9.880145490001676080e+03,3.861002458475392363e+00
9.880145508561403403e+03,3.861002363704359119e+00
9.880145527121128907e+03,3.861002268936136073e+00
9.880145545680856230e+03,3.861002174170704127e+00
9.880145564240581734e+03,3.861002079408084597e+00
9.880145582800309057e+03,3.861001984648258833e+00
9.880145601360034561e+03,3.861001889891244154e+00
9.880145619919761884e+03,3.861001795137025461e+00
9.880145638479487388e+03,3.861001700385618740e+00
9.880145657039214711e+03,3.861001605637008449e+00
9.880145675598940215e+03,3.861001510891212796e+00
9.880145694158667538e+03,3.861001416148213572e+00
9.880145712718393042e+03,3.861001321408030318e+00
9.880145731278118546e+03,3.861001226670654152e+00
9.880145749837845869e+03,3.861001131936076636e+00
9.880145768397571373e+03,3.861001037204316422e+00
9.880145786957298697e+03,3.861000942475355302e+00
9.880145805517024201e+03,3.861000847749213705e+00
9.880145824076751524e+03,3.861000753025872090e+00
9.880145842636477028e+03,3.861000658305350441e+00
9.880145861196204351e+03,3.861000563587630996e+00
9.880145879755929855e+03,3.861000468872731961e+00
9.880145898315657178e+03,3.861000374160636017e+00
9.880145916875382682e+03,3.861000279451361372e+00
9.880145935435110005e+03,3.861000184744891595e+00
9.880145953994835509e+03,3.861000090041244004e+00
9.880145972554561013e+03,3.860999995340411495e+00
9.880145991114288336e+03,3.860999900642385185e+00
9.880146009674013840e+03,3.860999805947183283e+00
9.880146028233741163e+03,3.860999711254788469e+00
9.880146046793466667e+03,3.860999616565219394e+00
9.880146065353193990e+03,3.860999521878458296e+00
9.880146083912919494e+03,3.860999427194523825e+00
9.880146102472646817e+03,3.860999332513399107e+00
9.880146121032372321e+03,3.860999237835102349e+00
9.880146139592099644e+03,3.860999143159615787e+00
9.880146158151825148e+03,3.860999048486958962e+00
9.880146176711552471e+03,3.860998953817113222e+00
9.880146195271277975e+03,3.860998859150097662e+00
9.880146213831003479e+03,3.860998764485903845e+00
9.880146232390730802e+03,3.860998669824523777e+00
9.880146250950456306e+03,3.860998575165975222e+00
9.880146269510183629e+03,3.860998480510241304e+00
9.880146288069909133e+03,3.860998385857341120e+00
9.880146306629636456e+03,3.860998291207255573e+00
9.880146325189361960e+03,3.860998196560003759e+00
9.880146343749089283e+03,3.860998101915569247e+00
9.880146362308814787e+03,3.860998007273970245e+00
9.880146380868542110e+03,3.860997912635188545e+00
9.880146399428267614e+03,3.860997817999244131e+00
9.880146417987994937e+03,3.860997723366118350e+00
9.880146436547720441e+03,3.860997628735829856e+00
9.880146455107445945e+03,3.860997534108370211e+00
9.880146473667173268e+03,3.860997439483731863e+00
9.880146492226898772e+03,3.860997344861932579e+00
9.880146510786626095e+03,3.860997250242954593e+00
9.880146529346351599e+03,3.860997155626817445e+00
9.880146547906078922e+03,3.860997061013502929e+00
9.880146566465804426e+03,3.860996966403030140e+00
9.880146585025531749e+03,3.860996871795381313e+00
9.880146603585257253e+03,3.860996777190575102e+00
9.880146622144984576e+03,3.860996682588593298e+00
9.880146640704710080e+03,3.860996587989456330e+00
9.880146659264437403e+03,3.860996493393145546e+00
9.880146677824162907e+03,3.860996398799679152e+00
9.880146696383888411e+03,3.860996304209050045e+00
9.880146714943615734e+03,3.860996209621247566e+00
9.880146733503341238e+03,3.860996115036292586e+00
9.880146752063068561e+03,3.860996020454166455e+00
9.880146770622794065e+03,3.860995925874888268e+00
9.880146789182521388e+03,3.860995831298440262e+00
9.880146807742246892e+03,3.860995736724840199e+00
9.880146826301974215e+03,3.860995642154072538e+00
9.880146844861699719e+03,3.860995547586153709e+00
9.880146863421427042e+03,3.860995453021069057e+00
9.880146881981152546e+03,3.860995358458833682e+00
9.880146900540879869e+03,3.860995263899433372e+00
9.880146919100605373e+03,3.860995169342884115e+00
9.880146937660330877e+03,3.860995074789179249e+00
9.880146956220058200e+03,3.860994980238309893e+00
9.880146974779783704e+03,3.860994885690294254e+00
9.880146993339511027e+03,3.860994791145114569e+00
9.880147011899236531e+03,3.860994696602790377e+00
9.880147030458963854e+03,3.860994602063303471e+00
9.880147049018689358e+03,3.860994507526672503e+00
9.880147067578416681e+03,3.860994412992881042e+00
9.880147086138142186e+03,3.860994318461945962e+00
9.880147104697869509e+03,3.860994223933850833e+00
9.880147123257595013e+03,3.860994129408614750e+00
9.880147141817322336e+03,3.860994034886219062e+00
9.880147160377047840e+03,3.860993940366683308e+00
9.880147178936773344e+03,3.860993845849998607e+00
9.880147197496500667e+03,3.860993751336156077e+00
9.880147216056226171e+03,3.860993656825174369e+00
9.880147234615953494e+03,3.860993562317037053e+00
9.880147253175678998e+03,3.860993467811762336e+00
9.880147271735406321e+03,3.860993373309331567e+00
9.880147290295131825e+03,3.860993278809765172e+00
9.880147308854859148e+03,3.860993184313044946e+00
9.880147327414584652e+03,3.860993089819188651e+00
9.880147345974311975e+03,3.860992995328179411e+00
9.880147364534037479e+03,3.860992900840035880e+00
9.880147383093764802e+03,3.860992806354740736e+00
9.880147401653490306e+03,3.860992711872313077e+00
9.880147420213215810e+03,3.860992617392742687e+00
9.880147438772943133e+03,3.860992522916022907e+00
9.880147457332668637e+03,3.860992428442171498e+00
9.880147475892395960e+03,3.860992333971170698e+00
9.880147494452121464e+03,3.860992239503040491e+00
9.880147513011848787e+03,3.860992145037762224e+00
9.880147531571574291e+03,3.860992050575354995e+00
9.880147550131301614e+03,3.860991956115800150e+00
9.880147568691027118e+03,3.860991861659117674e+00
9.880147587250754441e+03,3.860991767205289360e+00
9.880147605810479945e+03,3.860991672754334303e+00
9.880147624370207268e+03,3.860991578306235184e+00
9.880147642929932772e+03,3.860991483861010209e+00
9.880147661489658276e+03,3.860991389418650055e+00
9.880147680049385599e+03,3.860991294979148059e+00
9.880147698609111103e+03,3.860991200542521540e+00
9.880147717168838426e+03,3.860991106108753623e+00
9.880147735728563930e+03,3.860991011677862073e+00
9.880147754288291253e+03,3.860990917249830900e+00
9.880147772848016757e+03,3.860990822824676982e+00
9.880147791407744080e+03,3.860990728402383887e+00
9.880147809967469584e+03,3.860990633982970266e+00
9.880147828527196907e+03,3.860990539566418800e+00
9.880147847086922411e+03,3.860990445152746808e+00
9.880147865646649734e+03,3.860990350741937860e+00
9.880147884206375238e+03,3.860990256334010606e+00
9.880147902766100742e+03,3.860990161928956166e+00
9.880147921325828065e+03,3.860990067526766545e+00
9.880147939885553569e+03,3.860989973127460395e+00
9.880147958445280892e+03,3.860989878731019065e+00
9.880147977005006396e+03,3.860989784337462538e+00
9.880147995564733719e+03,3.860989689946773051e+00
9.880148014124459223e+03,3.860989595558969256e+00
9.880148032684186546e+03,3.860989501174032501e+00
9.880148051243912050e+03,3.860989406791982770e+00
9.880148069803639373e+03,3.860989312412801855e+00
9.880148088363364877e+03,3.860989218036508408e+00
9.880148106923092200e+03,3.860989123663085554e+00
9.880148125482817704e+03,3.860989029292551500e+00
9.880148144042543208e+03,3.860988934924897809e+00
9.880148162602270531e+03,3.860988840560115598e+00
9.880148181161996035e+03,3.860988746198223964e+00
9.880148199721723358e+03,3.860988651839205144e+00
9.880148218281448862e+03,3.860988557483079120e+00
9.880148236841176185e+03,3.860988463129825465e+00
9.880148255400901689e+03,3.860988368779465940e+00
9.880148273960629012e+03,3.860988274431980560e+00
9.880148292520354516e+03,3.860988180087389754e+00
9.880148311080081839e+03,3.860988085745674869e+00
9.880148329639807343e+03,3.860987991406855002e+00
9.880148348199532848e+03,3.860987897070922159e+00
9.880148366759260171e+03,3.860987802737867458e+00
9.880148385318985675e+03,3.860987708407709107e+00
9.880148403878712998e+03,3.860987614080429786e+00
9.880148422438438502e+03,3.860987519756048147e+00
9.880148440998165825e+03,3.860987425434546871e+00
9.880148459557891329e+03,3.860987331115944166e+00
9.880148478117618652e+03,3.860987236800223155e+00
9.880148496677344156e+03,3.860987142487402490e+00
9.880148515237071479e+03,3.860987048177463521e+00
9.880148533796796983e+03,3.860986953870427119e+00
9.880148552356524306e+03,3.860986859566272855e+00
9.880148570916249810e+03,3.860986765265022047e+00
9.880148589475975314e+03,3.860986670966664480e+00
9.880148608035702637e+03,3.860986576671192605e+00
9.880148626595428141e+03,3.860986482378625073e+00
9.880148645155155464e+03,3.860986388088942789e+00
9.880148663714880968e+03,3.860986293802166625e+00
9.880148682274608291e+03,3.860986199518277928e+00
9.880148700834333795e+03,3.860986105237294463e+00
9.880148719394061118e+03,3.860986010959200687e+00
9.880148737953786622e+03,3.860985916684013919e+00
9.880148756513513945e+03,3.860985822411717283e+00
9.880148775073239449e+03,3.860985728142328544e+00
9.880148793632966772e+03,3.860985633875831269e+00
9.880148812192692276e+03,3.860985539612243667e+00
9.880148830752417780e+03,3.860985445351556855e+00
9.880148849312145103e+03,3.860985351093762397e+00
9.880148867871870607e+03,3.860985256838880275e+00
9.880148886431597930e+03,3.860985162586890951e+00
9.880148904991323434e+03,3.860985068337813964e+00
9.880148923551050757e+03,3.860984974091632438e+00
9.880148942110776261e+03,3.860984879848364582e+00
9.880148960670503584e+03,3.860984785607991743e+00
9.880148979230229088e+03,3.860984691370534350e+00
9.880148997789956411e+03,3.860984597135973750e+00
9.880149016349681915e+03,3.860984502904329041e+00
9.880149034909409238e+03,3.860984408675582458e+00
9.880149053469134742e+03,3.860984314449752652e+00
9.880149072028860246e+03,3.860984220226832075e+00
9.880149090588587569e+03,3.860984126006810957e+00
9.880149109148313073e+03,3.860984031789708393e+00
9.880149127708040396e+03,3.860983937575506619e+00
9.880149146267765900e+03,3.860983843364224732e+00
9.880149164827493223e+03,3.860983749155844968e+00
9.880149183387218727e+03,3.860983654950385979e+00
9.880149201946946050e+03,3.860983560747830445e+00
9.880149220506671554e+03,3.860983466548197018e+00
9.880149239066398877e+03,3.860983372351467491e+00
9.880149257626124381e+03,3.860983278157661847e+00
9.880149276185851704e+03,3.860983183966760546e+00
9.880149294745577208e+03,3.860983089778784461e+00
9.880149313305302712e+03,3.860982995593723821e+00
9.880149331865030035e+03,3.860982901411570634e+00
9.880149350424755539e+03,3.860982807232342662e+00
9.880149368984482862e+03,3.860982713056023030e+00
9.880149387544208366e+03,3.860982618882630835e+00
9.880149406103935689e+03,3.860982524712148312e+00
9.880149424663661193e+03,3.860982430544593669e+00
9.880149443223388516e+03,3.860982336379950031e+00
9.880149461783114020e+03,3.860982242218234717e+00
9.880149480342841343e+03,3.860982148059431740e+00
9.880149498902566847e+03,3.860982053903558864e+00
9.880149517462294170e+03,3.860981959750598325e+00
9.880149536022019674e+03,3.860981865600570551e+00
9.880149554581745178e+03,3.860981771453465328e+00
9.880149573141472501e+03,3.860981677309274218e+00
9.880149591701198005e+03,3.860981583168016318e+00
9.880149610260925328e+03,3.860981489029674307e+00
9.880149628820650832e+03,3.860981394894266394e+00
9.880149647380378156e+03,3.860981300761775259e+00
9.880149665940103660e+03,3.860981206632219553e+00
9.880149684499830983e+03,3.860981112505581514e+00
9.880149703059556487e+03,3.860981018381881125e+00
9.880149721619283810e+03,3.860980924261098401e+00
9.880149740179009314e+03,3.860980830143253772e+00
9.880149758738736637e+03,3.860980736028329030e+00
9.880149777298462141e+03,3.860980641916343714e+00
9.880149795858187645e+03,3.860980547807288055e+00
9.880149814417914968e+03,3.860980453701154502e+00
9.880149832977640472e+03,3.860980359597961709e+00
9.880149851537367795e+03,3.860980265497691466e+00
9.880149870097093299e+03,3.860980171400363314e+00
9.880149888656820622e+03,3.860980077305958158e+00
9.880149907216546126e+03,3.860979983214495981e+00
9.880149925776273449e+03,3.860979889125959019e+00
9.880149944335998953e+03,3.860979795040366369e+00
9.880149962895726276e+03,3.860979700957700267e+00
9.880149981455451780e+03,3.860979606877978920e+00
9.880150000015179103e+03,3.860979512801184566e+00
9.880150018574904607e+03,3.860979418727336299e+00
9.880150037134630111e+03,3.860979324656425238e+00
9.880150055694357434e+03,3.860979230588444278e+00
9.880150074254082938e+03,3.860979136523410737e+00
9.880150092813810261e+03,3.860979042461306410e+00
9.880150111373535765e+03,3.860978948402152167e+00
9.880150129933263088e+03,3.860978854345928912e+00
9.880150148492988592e+03,3.860978760292654854e+00
9.880150167052715915e+03,3.860978666242314450e+00
9.880150185612441419e+03,3.860978572194924574e+00
9.880150204172168742e+03,3.860978478150468352e+00
9.880150222731894246e+03,3.860978384108964434e+00
9.880150241291621569e+03,3.860978290070395502e+00
9.880150259851347073e+03,3.860978196034779319e+00
9.880150278411072577e+03,3.860978102002108336e+00
9.880150296970799900e+03,3.860978007972373671e+00
9.880150315530525404e+03,3.860977913945593976e+00
9.880150334090252727e+03,3.860977819921751042e+00
9.880150352649978231e+03,3.860977725900865742e+00
9.880150371209705554e+03,3.860977631882918093e+00
9.880150389769431058e+03,3.860977537867928078e+00
9.880150408329158381e+03,3.860977443855877933e+00
9.880150426888883885e+03,3.860977349846785422e+00
9.880150445448611208e+03,3.860977255840634115e+00
9.880150464008336712e+03,3.860977161837443106e+00
9.880150482568064035e+03,3.860977067837192855e+00
9.880150501127789539e+03,3.860976973839903792e+00
9.880150519687515043e+03,3.860976879845567034e+00
9.880150538247242366e+03,3.860976785854173698e+00
9.880150556806967870e+03,3.860976691865742882e+00
9.880150575366695193e+03,3.860976597880256822e+00
9.880150593926420697e+03,3.860976503897733725e+00
9.880150612486148020e+03,3.860976409918156715e+00
9.880150631045873524e+03,3.860976315941544446e+00
9.880150649605600847e+03,3.860976221967879596e+00
9.880150668165326351e+03,3.860976127997179486e+00
9.880150686725053674e+03,3.860976034029428128e+00
9.880150705284779178e+03,3.860975940064643286e+00
9.880150723844506501e+03,3.860975846102808084e+00
9.880150742404232005e+03,3.860975752143940731e+00
9.880150760963957509e+03,3.860975658188032344e+00
9.880150779523684832e+03,3.860975564235074931e+00
9.880150798083410336e+03,3.860975470285087585e+00
9.880150816643137659e+03,3.860975376338052101e+00
9.880150835202863163e+03,3.860975282393987573e+00
9.880150853762590486e+03,3.860975188452875351e+00
9.880150872322315990e+03,3.860975094514735417e+00
9.880150890882043313e+03,3.860975000579549565e+00
9.880150909441768817e+03,3.860974906647337335e+00
9.880150928001496140e+03,3.860974812718080518e+00
9.880150946561221645e+03,3.860974718791796878e+00
9.880150965120948968e+03,3.860974624868470428e+00
9.880150983680674472e+03,3.860974530948118932e+00
9.880151002240399976e+03,3.860974437030733952e+00
9.880151020800127299e+03,3.860974343116307939e+00
9.880151039359852803e+03,3.860974249204858211e+00
9.880151057919580126e+03,3.860974155296367449e+00
9.880151076479305630e+03,3.860974061390855638e+00
9.880151095039032953e+03,3.860973967488303238e+00
9.880151113598758457e+03,3.860973873588731120e+00
9.880151132158485780e+03,3.860973779692119745e+00
9.880151150718211284e+03,3.860973685798488653e+00
9.880151169277938607e+03,3.860973591907820079e+00
9.880151187837664111e+03,3.860973498020133121e+00
9.880151206397391434e+03,3.860973404135410014e+00
9.880151224957116938e+03,3.860973310253669410e+00
9.880151243516842442e+03,3.860973216374902428e+00
9.880151262076569765e+03,3.860973122499101073e+00
9.880151280636295269e+03,3.860973028626284442e+00
9.880151299196022592e+03,3.860972934756433439e+00
9.880151317755748096e+03,3.860972840889568491e+00
9.880151336315475419e+03,3.860972747025670948e+00
9.880151354875200923e+03,3.860972653164759461e+00
9.880151373434928246e+03,3.860972559306817153e+00
9.880151391994653750e+03,3.860972465451862234e+00
9.880151410554381073e+03,3.860972371599876940e+00
9.880151429114106577e+03,3.860972277750880366e+00
9.880151447673833900e+03,3.860972183904854749e+00
9.880151466233559404e+03,3.860972090061819628e+00
9.880151484793284908e+03,3.860971996221765679e+00
9.880151503353012231e+03,3.860971902384683574e+00
9.880151521912737735e+03,3.860971808550593298e+00
9.880151540472465058e+03,3.860971714719477532e+00
9.880151559032190562e+03,3.860971620891354039e+00
9.880151577591917885e+03,3.860971527066204612e+00
9.880151596151643389e+03,3.860971433244049678e+00
9.880151614711370712e+03,3.860971339424870585e+00
9.880151633271096216e+03,3.860971245608686431e+00
9.880151651830823539e+03,3.860971151795479450e+00
9.880151670390549043e+03,3.860971057985267851e+00
9.880151688950276366e+03,3.860970964178035203e+00
9.880151707510001870e+03,3.860970870373798824e+00
9.880151726069727374e+03,3.860970776572552055e+00
9.880151744629454697e+03,3.860970682774283791e+00
9.880151763189180201e+03,3.860970588979015794e+00
9.880151781748907524e+03,3.860970495186727636e+00
9.880151800308633028e+03,3.860970401397440632e+00
9.880151818868360351e+03,3.860970307611134356e+00
9.880151837428085855e+03,3.860970213827830122e+00
9.880151855987813178e+03,3.860970120047509280e+00
9.880151874547538682e+03,3.860970026270189148e+00
9.880151893107266005e+03,3.860969932495854628e+00
9.880151911666991509e+03,3.860969838724523484e+00
9.880151930226718832e+03,3.860969744956177507e+00
9.880151948786444336e+03,3.860969651190834906e+00
9.880151967346169840e+03,3.860969557428489018e+00
9.880151985905897163e+03,3.860969463669130963e+00
9.880152004465622667e+03,3.860969369912778060e+00
9.880152023025349990e+03,3.860969276159412988e+00
9.880152041585075494e+03,3.860969182409055733e+00
9.880152060144802817e+03,3.860969088661688087e+00
9.880152078704528321e+03,3.860968994917328700e+00
9.880152097264255644e+03,3.860968901175959367e+00
9.880152115823981148e+03,3.860968807437599182e+00
9.880152134383708471e+03,3.860968713702231270e+00
9.880152152943433975e+03,3.860968619969873394e+00
9.880152171503161298e+03,3.860968526240509124e+00
9.880152190062886802e+03,3.860968432514155335e+00
9.880152208622612306e+03,3.860968338790805365e+00
9.880152227182339630e+03,3.860968245070449889e+00
9.880152245742065134e+03,3.860968151353107558e+00
9.880152264301792457e+03,3.860968057638759721e+00
9.880152282861517961e+03,3.860967963927427249e+00
9.880152301421245284e+03,3.860967870219091491e+00
9.880152319980970788e+03,3.860967776513771099e+00
9.880152338540698111e+03,3.860967682811448753e+00
9.880152357100423615e+03,3.860967589112143106e+00
9.880152375660150938e+03,3.860967495415835948e+00
9.880152394219876442e+03,3.860967401722547265e+00
9.880152412779603765e+03,3.860967308032257073e+00
9.880152431339329269e+03,3.860967214344987131e+00
9.880152449899054773e+03,3.860967120660727225e+00
9.880152468458782096e+03,3.860967026979468919e+00
9.880152487018507600e+03,3.860966933301230863e+00
9.880152505578234923e+03,3.860966839625995739e+00
9.880152524137960427e+03,3.860966745953782642e+00
9.880152542697687750e+03,3.860966652284572920e+00
9.880152561257413254e+03,3.860966558618386113e+00
9.880152579817140577e+03,3.860966464955204902e+00
9.880152598376866081e+03,3.860966371295046162e+00
9.880152616936593404e+03,3.860966277637894795e+00
9.880152635496318908e+03,3.860966183983769007e+00
9.880152654056046231e+03,3.860966090332649703e+00
9.880152672615771735e+03,3.860965996684555979e+00
9.880152691175497239e+03,3.860965903039480729e+00
9.880152709735224562e+03,3.860965809397413739e+00
9.880152728294950066e+03,3.860965715758374550e+00
9.880152746854677389e+03,3.860965622122346286e+00
9.880152765414402893e+03,3.860965528489345822e+00
9.880152783974130216e+03,3.860965434859357615e+00
9.880152802533855720e+03,3.860965341232398096e+00
9.880152821093583043e+03,3.860965247608452611e+00
9.880152839653308547e+03,3.860965153987536702e+00
9.880152858213035870e+03,3.860965060369634827e+00
9.880152876772761374e+03,3.860964966754765193e+00
9.880152895332488697e+03,3.860964873142910037e+00
9.880152913892214201e+03,3.860964779534088454e+00
9.880152932451939705e+03,3.860964685928291562e+00
9.880152951011667028e+03,3.860964592325510925e+00
9.880152969571392532e+03,3.860964498725765637e+00
9.880152988131119855e+03,3.860964405129037047e+00
9.880153006690845359e+03,3.860964311535344695e+00
9.880153025250572682e+03,3.860964217944670818e+00
9.880153043810298186e+03,3.860964124357034066e+00
9.880153062370025509e+03,3.860964030772417566e+00
9.880153080929751013e+03,3.860963937190839079e+00
9.880153099489478336e+03,3.860963843612280844e+00
9.880153118049203840e+03,3.860963750036762843e+00
9.880153136608931163e+03,3.860963656464265537e+00
9.880153155168656667e+03,3.860963562894809797e+00
9.880153173728382171e+03,3.860963469328385855e+00
9.880153192288109494e+03,3.860963375764985273e+00
9.880153210847834998e+03,3.860963282204627145e+00
9.880153229407562321e+03,3.860963188647293265e+00
9.880153247967287825e+03,3.860963095093002728e+00
9.880153266527015148e+03,3.860963001541738215e+00
9.880153285086740652e+03,3.860962907993517934e+00
9.880153303646467975e+03,3.860962814448325453e+00
9.880153322206193479e+03,3.860962720906177648e+00
9.880153340765920802e+03,3.860962627367057642e+00
9.880153359325646306e+03,3.860962533830984977e+00
9.880153377885371810e+03,3.860962440297950327e+00
9.880153396445099133e+03,3.860962346767944808e+00
9.880153415004824637e+03,3.860962253240987518e+00
9.880153433564551960e+03,3.860962159717061581e+00
9.880153452124277464e+03,3.860962066196184761e+00
9.880153470684004787e+03,3.860961972678340182e+00
9.880153489243730291e+03,3.860961879163546495e+00
9.880153507803457615e+03,3.860961785651785050e+00
9.880153526363183119e+03,3.860961692143075830e+00
9.880153544922910442e+03,3.860961598637400183e+00
9.880153563482635946e+03,3.860961505134777205e+00
9.880153582042363269e+03,3.860961411635190466e+00
9.880153600602088773e+03,3.860961318138656839e+00
9.880153619161814277e+03,3.860961224645168333e+00
9.880153637721541600e+03,3.860961131154717840e+00
9.880153656281267104e+03,3.860961037667321794e+00
9.880153674840994427e+03,3.860960944182964649e+00
9.880153693400719931e+03,3.860960850701663727e+00
9.880153711960447254e+03,3.860960757223402151e+00
9.880153730520172758e+03,3.860960663748198129e+00
9.880153749079900081e+03,3.860960570276034343e+00
9.880153767639625585e+03,3.860960476806929442e+00
9.880153786199352908e+03,3.860960383340866109e+00
9.880153804759078412e+03,3.860960289877862994e+00
9.880153823318805735e+03,3.860960196417902335e+00
9.880153841878531239e+03,3.860960102961001894e+00
9.880153860438256743e+03,3.860960009507155011e+00
9.880153878997984066e+03,3.860959916056352359e+00
9.880153897557709570e+03,3.860959822608612590e+00
9.880153916117436893e+03,3.860959729163917942e+00
9.880153934677162397e+03,3.860959635722286620e+00
9.880153953236889720e+03,3.860959542283702195e+00
9.880153971796615224e+03,3.860959448848182429e+00
9.880153990356342547e+03,3.860959355415710448e+00
9.880154008916068051e+03,3.860959261986304458e+00
9.880154027475795374e+03,3.860959168559947141e+00
9.880154046035520878e+03,3.860959075136657592e+00
9.880154064595248201e+03,3.860958981716416716e+00
9.880154083154973705e+03,3.860958888299245384e+00
9.880154101714699209e+03,3.860958794885132939e+00
9.880154120274426532e+03,3.860958701474072718e+00
9.880154138834152036e+03,3.860958608066082043e+00
9.880154157393879359e+03,3.860958514661143592e+00
9.880154175953604863e+03,3.860958421259276907e+00
9.880154194513332186e+03,3.860958327860463335e+00
9.880154213073057690e+03,3.860958234464721972e+00
9.880154231632785013e+03,3.860958141072035943e+00
9.880154250192510517e+03,3.860958047682423011e+00
9.880154268752237840e+03,3.860957954295865413e+00
9.880154287311963344e+03,3.860957860912383577e+00
9.880154305871690667e+03,3.860957767531957963e+00
9.880154324431416171e+03,3.860957674154607666e+00
9.880154342991141675e+03,3.860957580780324694e+00
9.880154361550868998e+03,3.860957487409100164e+00
9.880154380110594502e+03,3.860957394040953172e+00
9.880154398670321825e+03,3.860957300675865955e+00
9.880154417230047329e+03,3.860957207313857165e+00
9.880154435789774652e+03,3.860957113954909037e+00
9.880154454349500156e+03,3.860957020599040224e+00
9.880154472909227479e+03,3.860956927246233850e+00
9.880154491468952983e+03,3.860956833896508122e+00
9.880154510028680306e+03,3.860956740549844834e+00
9.880154528588405810e+03,3.860956647206263526e+00
9.880154547148133133e+03,3.860956553865746876e+00
9.880154565707858637e+03,3.860956460528312206e+00
9.880154584267584141e+03,3.860956367193952854e+00
9.880154602827311464e+03,3.860956273862658605e+00
9.880154621387036968e+03,3.860956180534449445e+00
9.880154639946764291e+03,3.860956087209306720e+00
9.880154658506489795e+03,3.860955993887249971e+00
9.880154677066217118e+03,3.860955900568260990e+00
9.880154695625942622e+03,3.860955807252358873e+00
9.880154714185669945e+03,3.860955713939525413e+00
9.880154732745395449e+03,3.860955620629780594e+00
9.880154751305122772e+03,3.860955527323105763e+00
9.880154769864848276e+03,3.860955434019520016e+00
9.880154788424575599e+03,3.860955340719006035e+00
9.880154806984301104e+03,3.860955247421581138e+00
9.880154825544026608e+03,3.860955154127238664e+00
9.880154844103753931e+03,3.860955060835968844e+00
9.880154862663479435e+03,3.860954967547790773e+00
9.880154881223206758e+03,3.860954874262687131e+00
9.880154899782932262e+03,3.860954780980676126e+00
9.880154918342659585e+03,3.860954687701740440e+00
9.880154936902385089e+03,3.860954594425898279e+00
9.880154955462112412e+03,3.860954501153133211e+00
9.880154974021837916e+03,3.860954407883463002e+00
9.880154992581565239e+03,3.860954314616870775e+00
9.880155011141290743e+03,3.860954221353373850e+00
9.880155029701018066e+03,3.860954128092956239e+00
9.880155048260743570e+03,3.860954034835635706e+00
9.880155066820469074e+03,3.860953941581404258e+00
9.880155085380196397e+03,3.860953848330252125e+00
9.880155103939921901e+03,3.860953755082199734e+00
9.880155122499649224e+03,3.860953661837228434e+00
9.880155141059374728e+03,3.860953568595357766e+00
9.880155159619102051e+03,3.860953475356569076e+00
9.880155178178827555e+03,3.860953382120881461e+00
9.880155196738554878e+03,3.860953288888277601e+00
9.880155215298280382e+03,3.860953195658776149e+00
9.880155233858007705e+03,3.860953102432359785e+00
9.880155252417733209e+03,3.860953009209046716e+00
9.880155270977460532e+03,3.860952915988819178e+00
9.880155289537186036e+03,3.860952822771695825e+00
9.880155308096911540e+03,3.860952729557668661e+00
9.880155326656638863e+03,3.860952636346729694e+00
9.880155345216364367e+03,3.860952543138896242e+00
9.880155363776091690e+03,3.860952449934151876e+00
9.880155382335817194e+03,3.860952356732514357e+00
9.880155400895544517e+03,3.860952263533967255e+00
9.880155419455270021e+03,3.860952170338527445e+00
9.880155438014997344e+03,3.860952077146178940e+00
9.880155456574722848e+03,3.860951983956940836e+00
9.880155475134450171e+03,3.860951890770793593e+00
9.880155493694175675e+03,3.860951797587757639e+00
9.880155512253902998e+03,3.860951704407813878e+00
9.880155530813628502e+03,3.860951611230982738e+00
9.880155549373354006e+03,3.860951518057254450e+00
9.880155567933081329e+03,3.860951424886621020e+00
9.880155586492806833e+03,3.860951331719100654e+00
9.880155605052534156e+03,3.860951238554676479e+00
9.880155623612259660e+03,3.860951145393366701e+00
9.880155642171986983e+03,3.860951052235154002e+00
9.880155660731712487e+03,3.860950959080057032e+00
9.880155679291439810e+03,3.860950865928057585e+00
9.880155697851165314e+03,3.860950772779175644e+00
9.880155716410892637e+03,3.860950679633392113e+00
9.880155734970618141e+03,3.860950586490726533e+00
9.880155753530345464e+03,3.860950493351161583e+00
9.880155772090070968e+03,3.860950400214715472e+00
9.880155790649796472e+03,3.860950307081380206e+00
9.880155809209523795e+03,3.860950213951146459e+00
9.880155827769249299e+03,3.860950120824032883e+00
9.880155846328976622e+03,3.860950027700023046e+00
9.880155864888702126e+03,3.860949934579134712e+00
9.880155883448429449e+03,3.860949841461350118e+00
9.880155902008154953e+03,3.860949748346688803e+00
9.880155920567882276e+03,3.860949655235133005e+00
9.880155939127607780e+03,3.860949562126700485e+00
9.880155957687335103e+03,3.860949469021375258e+00
9.880155976247060607e+03,3.860949375919174642e+00
9.880155994806787930e+03,3.860949282820080875e+00
9.880156013366513434e+03,3.860949189724114383e+00
9.880156031926238938e+03,3.860949096631264510e+00
9.880156050485966261e+03,3.860949003541524149e+00
9.880156069045691765e+03,3.860948910454912397e+00
9.880156087605419089e+03,3.860948817371410158e+00
9.880156106165144593e+03,3.860948724291036527e+00
9.880156124724871916e+03,3.860948631213774629e+00
9.880156143284597420e+03,3.860948538139643560e+00
9.880156161844324743e+03,3.860948445068623780e+00
9.880156180404050247e+03,3.860948352000735717e+00
9.880156198963777570e+03,3.860948258935961164e+00
9.880156217523503074e+03,3.860948165874318327e+00
9.880156236083230397e+03,3.860948072815791221e+00
9.880156254642955901e+03,3.860947979760396720e+00
9.880156273202681405e+03,3.860947886708127719e+00
9.880156291762408728e+03,3.860947793658974003e+00
9.880156310322134232e+03,3.860947700612956002e+00
9.880156328881861555e+03,3.860947607570055951e+00
9.880156347441587059e+03,3.860947514530291169e+00
9.880156366001314382e+03,3.860947421493645670e+00
9.880156384561039886e+03,3.860947328460136330e+00
9.880156403120767209e+03,3.860947235429748048e+00
9.880156421680492713e+03,3.860947142402497256e+00
9.880156440240220036e+03,3.860947049378367524e+00
9.880156458799945540e+03,3.860946956357377502e+00
9.880156477359672863e+03,3.860946863339508983e+00
9.880156495919398367e+03,3.860946770324781063e+00
9.880156514479123871e+03,3.860946677313185305e+00
9.880156533038851194e+03,3.860946584304713269e+00
9.880156551598576698e+03,3.860946491299383165e+00
9.880156570158304021e+03,3.860946398297177673e+00
9.880156588718029525e+03,3.860946305298116332e+00
9.880156607277756848e+03,3.860946212302180047e+00
9.880156625837482352e+03,3.860946119309388802e+00
9.880156644397209675e+03,3.860946026319723945e+00
9.880156662956935179e+03,3.860945933333204128e+00
9.880156681516662502e+03,3.860945840349813807e+00
9.880156700076388006e+03,3.860945747369568970e+00
9.880156718636115329e+03,3.860945654392453186e+00
9.880156737195840833e+03,3.860945561418485106e+00
9.880156755755566337e+03,3.860945468447657625e+00
9.880156774315293660e+03,3.860945375479959196e+00
9.880156792875019164e+03,3.860945282515411137e+00
9.880156811434746487e+03,3.860945189553994794e+00
9.880156829994471991e+03,3.860945096595729265e+00
9.880156848554199314e+03,3.860945003640596340e+00
9.880156867113924818e+03,3.860944910688615561e+00
9.880156885673652141e+03,3.860944817739768276e+00
9.880156904233377645e+03,3.860944724794074023e+00
9.880156922793104968e+03,3.860944631851515485e+00
9.880156941352830472e+03,3.860944538912109980e+00
9.880156959912557795e+03,3.860944445975841077e+00
9.880156978472283299e+03,3.860944353042726984e+00
9.880156997032008803e+03,3.860944260112759707e+00
9.880157015591736126e+03,3.860944167185929921e+00
9.880157034151461630e+03,3.860944074262257164e+00
9.880157052711188953e+03,3.860943981341723230e+00
9.880157071270914457e+03,3.860943888424347215e+00
9.880157089830641780e+03,3.860943795510111354e+00
9.880157108390367284e+03,3.860943702599033855e+00
9.880157126950094607e+03,3.860943609691099176e+00
9.880157145509820111e+03,3.860943516786322416e+00
9.880157164069547434e+03,3.860943423884688919e+00
9.880157182629272938e+03,3.860943330986216893e+00
9.880157201189000261e+03,3.860943238090888574e+00
9.880157219748725765e+03,3.860943145198721727e+00
9.880157238308451269e+03,3.860943052309708801e+00
9.880157256868178592e+03,3.860942959423840470e+00
9.880157275427904096e+03,3.860942866541136720e+00
9.880157293987631419e+03,3.860942773661579341e+00
9.880157312547356923e+03,3.860942680785186987e+00
9.880157331107084246e+03,3.860942587911940560e+00
9.880157349666809750e+03,3.860942495041861378e+00
9.880157368226537073e+03,3.860942402174930344e+00
9.880157386786262578e+03,3.860942309311166554e+00
9.880157405345989901e+03,3.860942216450552689e+00
9.880157423905715405e+03,3.860942123593106956e+00
9.880157442465442728e+03,3.860942030738811592e+00
9.880157461025168232e+03,3.860941937887686137e+00
9.880157479584893736e+03,3.860941845039720821e+00
9.880157498144621059e+03,3.860941752194908094e+00
9.880157516704346563e+03,3.860941659353267053e+00
9.880157535264073886e+03,3.860941566514779044e+00
9.880157553823799390e+03,3.860941473679462277e+00
9.880157572383526713e+03,3.860941380847300763e+00
9.880157590943252217e+03,3.860941288018313156e+00
9.880157609502979540e+03,3.860941195192480802e+00
9.880157628062705044e+03,3.860941102369821909e+00
9.880157646622432367e+03,3.860941009550320047e+00
9.880157665182157871e+03,3.860940916733995198e+00
9.880157683741885194e+03,3.860940823920826492e+00
9.880157702301610698e+03,3.860940731110835245e+00
9.880157720861336202e+03,3.860940638304011241e+00
9.880157739421063525e+03,3.860940545500347820e+00
9.880157757980789029e+03,3.860940452699862302e+00
9.880157776540516352e+03,3.860940359902536922e+00
9.880157795100241856e+03,3.860940267108391222e+00
9.880157813659969179e+03,3.860940174317406992e+00
9.880157832219694683e+03,3.860940081529603773e+00
9.880157850779422006e+03,3.860939988744962914e+00
9.880157869339147510e+03,3.860939895963503066e+00
9.880157887898874833e+03,3.860939803185208241e+00
9.880157906458600337e+03,3.860939710410095760e+00
9.880157925018327660e+03,3.860939617638148302e+00
9.880157943578053164e+03,3.860939524869384076e+00
9.880157962137778668e+03,3.860939432103795532e+00
9.880157980697505991e+03,3.860939339341373344e+00
9.880157999257231495e+03,3.860939246582137052e+00
9.880158017816958818e+03,3.860939153826068448e+00
9.880158036376684322e+03,3.860939061073186185e+00
9.880158054936411645e+03,3.860938968323473386e+00
9.880158073496137149e+03,3.860938875576947371e+00
9.880158092055864472e+03,3.860938782833592153e+00
9.880158110615589976e+03,3.860938690093425052e+00
9.880158129175317299e+03,3.860938597356429636e+00
9.880158147735042803e+03,3.860938504622623224e+00
9.880158166294768307e+03,3.860938411891998712e+00
9.880158184854495630e+03,3.860938319164547217e+00
9.880158203414221134e+03,3.860938226440286947e+00
9.880158221973948457e+03,3.860938133719200582e+00
9.880158240533673961e+03,3.860938041001306775e+00
9.880158259093401284e+03,3.860937948286587762e+00
9.880158277653126788e+03,3.860937855575062638e+00
9.880158296212854111e+03,3.860937762866714085e+00
9.880158314772579615e+03,3.860937670161559865e+00
9.880158333332306938e+03,3.860937577459583103e+00
9.880158351892032442e+03,3.860937484760802008e+00
9.880158370451759765e+03,3.860937392065198814e+00
9.880158389011485269e+03,3.860937299372793508e+00
9.880158407571210773e+03,3.860937206683575873e+00
9.880158426130938096e+03,3.860937113997538805e+00
9.880158444690663600e+03,3.860937021314700068e+00
9.880158463250390923e+03,3.860936928635042786e+00
9.880158481810116427e+03,3.860936835958584723e+00
9.880158500369843750e+03,3.860936743285309447e+00
9.880158518929569254e+03,3.860936650615234278e+00
9.880158537489296577e+03,3.860936557948343228e+00
9.880158556049022081e+03,3.860936465284653174e+00
9.880158574608749404e+03,3.860936372624148571e+00
9.880158593168474908e+03,3.860936279966846296e+00
9.880158611728202231e+03,3.860936187312729473e+00
9.880158630287927735e+03,3.860936094661818085e+00
9.880158648847653239e+03,3.860936002014100588e+00
9.880158667407380563e+03,3.860935909369571206e+00
9.880158685967106067e+03,3.860935816728248149e+00
9.880158704526833390e+03,3.860935724090112764e+00
9.880158723086558894e+03,3.860935631455183703e+00
9.880158741646286217e+03,3.860935538823445423e+00
9.880158760206011721e+03,3.860935446194913911e+00
9.880158778765739044e+03,3.860935353569573181e+00
9.880158797325464548e+03,3.860935260947441883e+00
9.880158815885191871e+03,3.860935168328501810e+00
9.880158834444917375e+03,3.860935075712772502e+00
9.880158853004644698e+03,3.860934983100235307e+00
9.880158871564370202e+03,3.860934890490909766e+00
9.880158890124095706e+03,3.860934797884787439e+00
9.880158908683823029e+03,3.860934705281858559e+00
9.880158927243548533e+03,3.860934612682142664e+00
9.880158945803275856e+03,3.860934520085623767e+00
9.880158964363001360e+03,3.860934427492317855e+00
9.880158982922728683e+03,3.860934334902208054e+00
9.880159001482454187e+03,3.860934242315314346e+00
9.880159020042181510e+03,3.860934149731617637e+00
9.880159038601907014e+03,3.860934057151137022e+00
9.880159057161634337e+03,3.860933964573855626e+00
9.880159075721359841e+03,3.860933871999791656e+00
9.880159094281087164e+03,3.860933779428927792e+00
9.880159112840812668e+03,3.860933686861281799e+00
9.880159131400538172e+03,3.860933594296846572e+00
9.880159149960265495e+03,3.860933501735612339e+00
9.880159168519990999e+03,3.860933409177597753e+00
9.880159187079718322e+03,3.860933316622786382e+00
9.880159205639443826e+03,3.860933224071196879e+00
9.880159224199171149e+03,3.860933131522810591e+00
9.880159242758896653e+03,3.860933038977646170e+00
9.880159261318623976e+03,3.860932946435687185e+00
9.880159279878349480e+03,3.860932853896950956e+00
9.880159298438076803e+03,3.860932761361421495e+00
9.880159316997802307e+03,3.860932668829116565e+00
9.880159335557529630e+03,3.860932576300017960e+00
9.880159354117255134e+03,3.860932483774145663e+00
9.880159372676980638e+03,3.860932391251490348e+00
9.880159391236707961e+03,3.860932298732044021e+00
9.880159409796433465e+03,3.860932206215824447e+00
9.880159428356160788e+03,3.860932113702815194e+00
9.880159446915886292e+03,3.860932021193033581e+00
9.880159465475613615e+03,3.860931928686463177e+00
9.880159484035339119e+03,3.860931836183123078e+00
9.880159502595066442e+03,3.860931743682994632e+00
9.880159521154791946e+03,3.860931651186095603e+00
9.880159539714519269e+03,3.860931558692410892e+00
9.880159558274244773e+03,3.860931466201957818e+00
9.880159576833972096e+03,3.860931373714719061e+00
9.880159595393697600e+03,3.860931281230711942e+00
9.880159613953423104e+03,3.860931188749930687e+00
9.880159632513150427e+03,3.860931096272364638e+00
9.880159651072875931e+03,3.860931003798032890e+00
9.880159669632603254e+03,3.860930911326918125e+00
9.880159688192328758e+03,3.860930818859038993e+00
9.880159706752056081e+03,3.860930726394378620e+00
9.880159725311781585e+03,3.860930633932954770e+00
9.880159743871508908e+03,3.860930541474749234e+00
9.880159762431234412e+03,3.860930449019781996e+00
9.880159780990961735e+03,3.860930356568034849e+00
9.880159799550687239e+03,3.860930264119526889e+00
9.880159818110414562e+03,3.860930171674239908e+00
9.880159836670140066e+03,3.860930079232193002e+00
9.880159855229865570e+03,3.860929986793377289e+00
9.880159873789592893e+03,3.860929894357785219e+00
9.880159892349318397e+03,3.860929801925435001e+00
9.880159910909045720e+03,3.860929709496308426e+00
9.880159929468771224e+03,3.860929617070424147e+00
9.880159948028498548e+03,3.860929524647765732e+00
9.880159966588224052e+03,3.860929432228350944e+00
9.880159985147951375e+03,3.860929339812162908e+00
9.880160003707676879e+03,3.860929247399218944e+00
9.880160022267404202e+03,3.860929154989503509e+00
9.880160040827129706e+03,3.860929062583033478e+00
9.880160059386857029e+03,3.860928970179791975e+00
9.880160077946582533e+03,3.860928877779797208e+00
9.880160096506308037e+03,3.860928785383041628e+00
9.880160115066035360e+03,3.860928692989515909e+00
9.880160133625760864e+03,3.860928600599239591e+00
9.880160152185488187e+03,3.860928508212193577e+00
9.880160170745213691e+03,3.860928415828398741e+00
9.880160189304941014e+03,3.860928323447835098e+00
9.880160207864666518e+03,3.860928231070522632e+00
9.880160226424393841e+03,3.860928138696444467e+00
9.880160244984119345e+03,3.860928046325617924e+00
9.880160263543846668e+03,3.860927953958026126e+00
9.880160282103572172e+03,3.860927861593686838e+00
9.880160300663299495e+03,3.860927769232583628e+00
9.880160319223024999e+03,3.860927676874735148e+00
9.880160337782750503e+03,3.860927584520132072e+00
9.880160356342477826e+03,3.860927492168765962e+00
9.880160374902203330e+03,3.860927399820656358e+00
9.880160393461930653e+03,3.860927307475784609e+00
9.880160412021656157e+03,3.860927215134170698e+00
9.880160430581383480e+03,3.860927122795795974e+00
9.880160449141108984e+03,3.860927030460679088e+00
9.880160467700836307e+03,3.860926938128803609e+00
9.880160486260561811e+03,3.860926845800186413e+00
9.880160504820289134e+03,3.860926753474811512e+00
9.880160523380014638e+03,3.860926661152697115e+00
9.880160541939741961e+03,3.860926568833825456e+00
9.880160560499467465e+03,3.860926476518215189e+00
9.880160579059192969e+03,3.860926384205857431e+00
9.880160597618920292e+03,3.860926291896744189e+00
9.880160616178645796e+03,3.860926199590894559e+00
9.880160634738373119e+03,3.860926107288290332e+00
9.880160653298098623e+03,3.860926014988950605e+00
9.880160671857825946e+03,3.860925922692857171e+00
9.880160690417551450e+03,3.860925830400029124e+00
9.880160708977278773e+03,3.860925738110448702e+00
9.880160727537004277e+03,3.860925645824135000e+00
9.880160746096731600e+03,3.860925553541069810e+00
9.880160764656457104e+03,3.860925461261271785e+00
9.880160783216184427e+03,3.860925368984724937e+00
9.880160801775909931e+03,3.860925276711445697e+00
9.880160820335635435e+03,3.860925184441426516e+00
9.880160838895362758e+03,3.860925092174659401e+00
9.880160857455088262e+03,3.860924999911162558e+00
9.880160876014815585e+03,3.860924907650918225e+00
9.880160894574541089e+03,3.860924815393945497e+00
9.880160913134268412e+03,3.860924723140226611e+00
9.880160931693993916e+03,3.860924630889780218e+00
9.880160950253721239e+03,3.860924538642588111e+00
9.880160968813446743e+03,3.860924446398669385e+00
9.880160987373174066e+03,3.860924354158008054e+00
9.880161005932899570e+03,3.860924261920620104e+00
9.880161024492626893e+03,3.860924169686489993e+00
9.880161043052352397e+03,3.860924077455635484e+00
9.880161061612077901e+03,3.860923985228047695e+00
9.880161080171805224e+03,3.860923893003719076e+00
9.880161098731530728e+03,3.860923800782668280e+00
9.880161117291258051e+03,3.860923708564876655e+00
9.880161135850983555e+03,3.860923616350363741e+00
9.880161154410710878e+03,3.860923524139111773e+00
9.880161172970436382e+03,3.860923431931139405e+00
9.880161191530163705e+03,3.860923339726429315e+00
9.880161210089889209e+03,3.860923247524999713e+00
9.880161228649616532e+03,3.860923155326833722e+00
9.880161247209342037e+03,3.860923063131948663e+00
9.880161265769069360e+03,3.860922970940328547e+00
9.880161284328794864e+03,3.860922878751991139e+00
9.880161302888520368e+03,3.860922786566928000e+00
9.880161321448247691e+03,3.860922694385130693e+00
9.880161340007973195e+03,3.860922602206617871e+00
9.880161358567700518e+03,3.860922510031372212e+00
9.880161377127426022e+03,3.860922417859412814e+00
9.880161395687153345e+03,3.860922325690721024e+00
9.880161414246878849e+03,3.860922233525315050e+00
9.880161432806606172e+03,3.860922141363179350e+00
9.880161451366331676e+03,3.860922049204331685e+00
9.880161469926058999e+03,3.860921957048753850e+00
9.880161488485784503e+03,3.860921864896464495e+00
9.880161507045511826e+03,3.860921772747447189e+00
9.880161525605237330e+03,3.860921680601719252e+00
9.880161544164962834e+03,3.860921588459273579e+00
9.880161562724690157e+03,3.860921496320100843e+00
9.880161581284415661e+03,3.860921404184219696e+00
9.880161599844142984e+03,3.860921312051612819e+00
9.880161618403868488e+03,3.860921219922298420e+00
9.880161636963595811e+03,3.860921127796259622e+00
9.880161655523321315e+03,3.860921035673513746e+00
9.880161674083048638e+03,3.860920943554045248e+00
9.880161692642774142e+03,3.860920851437871004e+00
9.880161711202501465e+03,3.860920759324974583e+00
9.880161729762226969e+03,3.860920667215373747e+00
9.880161748321954292e+03,3.860920575109052510e+00
9.880161766881679796e+03,3.860920483006027748e+00
9.880161785441405300e+03,3.860920390906291466e+00
9.880161804001132623e+03,3.860920298809835671e+00
9.880161822560858127e+03,3.860920206716679015e+00
9.880161841120585450e+03,3.860920114626802402e+00
9.880161859680310954e+03,3.860920022540226704e+00
9.880161878240038277e+03,3.860919930456933713e+00
9.880161896799763781e+03,3.860919838376940749e+00
9.880161915359491104e+03,3.860919746300231381e+00
9.880161933919216608e+03,3.860919654226824704e+00
9.880161952478943931e+03,3.860919562156702067e+00
9.880161971038669435e+03,3.860919470089883454e+00
9.880161989598396758e+03,3.860919378026349769e+00
9.880162008158122262e+03,3.860919285966120551e+00
9.880162026717847766e+03,3.860919193909186475e+00
9.880162045277575089e+03,3.860919101855540880e+00
9.880162063837300593e+03,3.860919009805201085e+00
9.880162082397027916e+03,3.860918917758149327e+00
9.880162100956753420e+03,3.860918825714404257e+00
9.880162119516480743e+03,3.860918733673948555e+00
9.880162138076206247e+03,3.860918641636801762e+00
9.880162156635933570e+03,3.860918549602945227e+00
9.880162175195659074e+03,3.860918457572398044e+00
9.880162193755386397e+03,3.860918365545142450e+00
9.880162212315111901e+03,3.860918273521197097e+00
9.880162230874839224e+03,3.860918181500544666e+00
9.880162249434564728e+03,3.860918089483203364e+00
9.880162267994290232e+03,3.860917997469165641e+00
9.880162286554017555e+03,3.860917905458421728e+00
9.880162305113743059e+03,3.860917813450990277e+00
9.880162323673470382e+03,3.860917721446855744e+00
9.880162342233195886e+03,3.860917629446034560e+00
9.880162360792923209e+03,3.860917537448510295e+00
9.880162379352648713e+03,3.860917445454301156e+00
9.880162397912376036e+03,3.860917353463390267e+00
9.880162416472101540e+03,3.860917261475794504e+00
9.880162435031828863e+03,3.860917169491498768e+00
9.880162453591554367e+03,3.860917077510519491e+00
9.880162472151281690e+03,3.860916985532841128e+00
9.880162490711007194e+03,3.860916893558480556e+00
9.880162509270732698e+03,3.860916801587430669e+00
9.880162527830460022e+03,3.860916709619682141e+00
9.880162546390185526e+03,3.860916617655253624e+00
9.880162564949912849e+03,3.860916525694127355e+00
9.880162583509638353e+03,3.860916433736322873e+00
9.880162602069365676e+03,3.860916341781821970e+00
9.880162620629091180e+03,3.860916249830643743e+00
9.880162639188818503e+03,3.860916157882769983e+00
9.880162657748544007e+03,3.860916065938220232e+00
9.880162676308271330e+03,3.860915973996975836e+00
9.880162694867996834e+03,3.860915882059056781e+00
9.880162713427724157e+03,3.860915790124443525e+00
9.880162731987449661e+03,3.860915698193156942e+00
9.880162750547175165e+03,3.860915606265187705e+00
9.880162769106902488e+03,3.860915514340525601e+00
9.880162787666627992e+03,3.860915422419191945e+00
9.880162806226355315e+03,3.860915330501168530e+00
9.880162824786080819e+03,3.860915238586472675e+00
9.880162843345808142e+03,3.860915146675087950e+00
9.880162861905533646e+03,3.860915054767032562e+00
9.880162880465260969e+03,3.860914962862289634e+00
9.880162899024986473e+03,3.860914870960877376e+00
9.880162917584713796e+03,3.860914779062778024e+00
9.880162936144439300e+03,3.860914687168009340e+00
9.880162954704166623e+03,3.860914595276556227e+00
9.880162973263892127e+03,3.860914503388435115e+00
9.880162991823617631e+03,3.860914411503638455e+00
9.880163010383344954e+03,3.860914319622157809e+00
9.880163028943070458e+03,3.860914227744011384e+00
9.880163047502797781e+03,3.860914135869180974e+00
9.880163066062523285e+03,3.860914043997687894e+00
9.880163084622250608e+03,3.860913952129511273e+00
9.880163103181976112e+03,3.860913860264671982e+00
9.880163121741703435e+03,3.860913768403152257e+00
9.880163140301428939e+03,3.860913676544968975e+00
9.880163158861156262e+03,3.860913584690106592e+00
9.880163177420881766e+03,3.860913492838583316e+00
9.880163195980607270e+03,3.860913400990389377e+00
9.880163214540334593e+03,3.860913309145518113e+00
9.880163233100060097e+03,3.860913217303987288e+00
9.880163251659787420e+03,3.860913125465779139e+00
9.880163270219512924e+03,3.860913033630912317e+00
9.880163288779240247e+03,3.860912941799369502e+00
9.880163307338965751e+03,3.860912849971169791e+00
9.880163325898693074e+03,3.860912758146294532e+00
9.880163344458418578e+03,3.860912666324763265e+00
9.880163363018145901e+03,3.860912574506558226e+00
9.880163381577871405e+03,3.860912482691698511e+00
9.880163400137598728e+03,3.860912390880165468e+00
9.880163418697324232e+03,3.860912299071978637e+00
9.880163437257049736e+03,3.860912207267128693e+00
9.880163455816777059e+03,3.860912115465608530e+00
9.880163474376502563e+03,3.860912023667435911e+00
9.880163492936229886e+03,3.860911931872592628e+00
9.880163511495955390e+03,3.860911840081098223e+00
9.880163530055682713e+03,3.860911748292934931e+00
9.880163548615408217e+03,3.860911656508120959e+00
9.880163567175135540e+03,3.860911564726639877e+00
9.880163585734861044e+03,3.860911472948509893e+00
9.880163604294588367e+03,3.860911381173712353e+00
9.880163622854313871e+03,3.860911289402267244e+00
9.880163641414041194e+03,3.860911197634156355e+00
9.880163659973766698e+03,3.860911105869398341e+00
9.880163678533492202e+03,3.860911014107984762e+00
9.880163697093219525e+03,3.860910922349908514e+00
9.880163715652945029e+03,3.860910830595185583e+00
9.880163734212672352e+03,3.860910738843799983e+00
9.880163752772397856e+03,3.860910647095770365e+00
9.880163771332125179e+03,3.860910555351078965e+00
9.880163789891850683e+03,3.860910463609744436e+00
9.880163808451578006e+03,3.860910371871748570e+00
9.880163827011303511e+03,3.860910280137110906e+00
9.880163845571030834e+03,3.860910188405814569e+00
9.880163864130756338e+03,3.860910096677876435e+00
9.880163882690483661e+03,3.860910004953280072e+00
9.880163901250209165e+03,3.860909913232043245e+00
9.880163919809934669e+03,3.860909821514159290e+00
9.880163938369661992e+03,3.860909729799617995e+00
9.880163956929387496e+03,3.860909638088438012e+00
9.880163975489114819e+03,3.860909546380602020e+00
9.880163994048840323e+03,3.860909454676129560e+00
9.880164012608567646e+03,3.860909362975001979e+00
9.880164031168293150e+03,3.860909271277238819e+00
9.880164049728020473e+03,3.860909179582821871e+00
9.880164068287745977e+03,3.860909087891770231e+00
9.880164086847473300e+03,3.860908996204065247e+00
9.880164105407198804e+03,3.860908904519727347e+00
9.880164123966926127e+03,3.860908812838737436e+00
9.880164142526651631e+03,3.860908721161115054e+00
9.880164161086377135e+03,3.860908629486851762e+00
9.880164179646104458e+03,3.860908537815938235e+00
9.880164198205829962e+03,3.860908446148393125e+00
9.880164216765557285e+03,3.860908354484200444e+00
9.880164235325282789e+03,3.860908262823376624e+00
9.880164253885010112e+03,3.860908171165906122e+00
9.880164272444735616e+03,3.860908079511806257e+00
9.880164291004462939e+03,3.860907987861059709e+00
9.880164309564188443e+03,3.860907896213685575e+00
9.880164328123915766e+03,3.860907804569666091e+00
9.880164346683641270e+03,3.860907712929019908e+00
9.880164365243368593e+03,3.860907621291728820e+00
9.880164383803094097e+03,3.860907529657813253e+00
9.880164402362819601e+03,3.860907438027262550e+00
9.880164420922546924e+03,3.860907346400069162e+00
9.880164439482272428e+03,3.860907254776252184e+00
9.880164458041999751e+03,3.860907163155793409e+00
9.880164476601725255e+03,3.860907071538711932e+00
9.880164495161452578e+03,3.860906979924989990e+00
9.880164513721178082e+03,3.860906888314646235e+00
9.880164532280905405e+03,3.860906796707662014e+00
9.880164550840630909e+03,3.860906705104057757e+00
9.880164569400358232e+03,3.860906613503816143e+00
9.880164587960083736e+03,3.860906521906954048e+00
9.880164606519811059e+03,3.860906430313454152e+00
9.880164625079536563e+03,3.860906338723336884e+00
9.880164643639262067e+03,3.860906247136591585e+00
9.880164662198989390e+03,3.860906155553211150e+00
9.880164680758714894e+03,3.860906063973213787e+00
9.880164699318442217e+03,3.860905972396581731e+00
9.880164717878167721e+03,3.860905880823334524e+00
9.880164736437895044e+03,3.860905789253453069e+00
9.880164754997620548e+03,3.860905697686956906e+00
9.880164773557347871e+03,3.860905606123828715e+00
9.880164792117073375e+03,3.860905514564086261e+00
9.880164810676800698e+03,3.860905423007713999e+00
9.880164829236526202e+03,3.860905331454728362e+00
9.880164847796253525e+03,3.860905239905112030e+00
9.880164866355979029e+03,3.860905148358884542e+00
9.880164884915704533e+03,3.860905056816037906e+00
9.880164903475431856e+03,3.860904965276561907e+00
9.880164922035157360e+03,3.860904873740476084e+00
9.880164940594884683e+03,3.860904782207763120e+00
9.880164959154610187e+03,3.860904690678442108e+00
9.880164977714337510e+03,3.860904599152494399e+00
9.880164996274063014e+03,3.860904507629938198e+00
9.880165014833790337e+03,3.860904416110757520e+00
9.880165033393515841e+03,3.860904324594970127e+00
9.880165051953243164e+03,3.860904233082558257e+00
9.880165070512968668e+03,3.860904141573541448e+00
9.880165089072695991e+03,3.860904050067900606e+00
9.880165107632421496e+03,3.860903958565657046e+00
9.880165126192147000e+03,3.860903867066799666e+00
9.880165144751874323e+03,3.860903775571320029e+00
9.880165163311599827e+03,3.860903684079239451e+00
9.880165181871327150e+03,3.860903592590537059e+00
9.880165200431052654e+03,3.860903501105233726e+00
9.880165218990779977e+03,3.860903409623311244e+00
9.880165237550505481e+03,3.860903318144787821e+00
9.880165256110232804e+03,3.860903226669646138e+00
9.880165274669958308e+03,3.860903135197905733e+00
9.880165293229685631e+03,3.860903043729547512e+00
9.880165311789411135e+03,3.860902952264591459e+00
9.880165330349138458e+03,3.860902860803019365e+00
9.880165348908863962e+03,3.860902769344849439e+00
9.880165367468589466e+03,3.860902677890074575e+00
9.880165386028316789e+03,3.860902586438684558e+00
9.880165404588042293e+03,3.860902494990698930e+00
9.880165423147769616e+03,3.860902403546100370e+00
9.880165441707495120e+03,3.860902312104907086e+00
9.880165460267222443e+03,3.860902220667101759e+00
9.880165478826947947e+03,3.860902129232703039e+00
9.880165497386675270e+03,3.860902037801693609e+00
9.880165515946400774e+03,3.860901946374090787e+00
9.880165534506128097e+03,3.860901854949879031e+00
9.880165553065853601e+03,3.860901763529076103e+00
9.880165571625580924e+03,3.860901672111662908e+00
9.880165590185306428e+03,3.860901580697660318e+00
9.880165608745031932e+03,3.860901489287059452e+00
9.880165627304759255e+03,3.860901397879850538e+00
9.880165645864484759e+03,3.860901306476053563e+00
9.880165664424212082e+03,3.860901215075650317e+00
9.880165682983937586e+03,3.860901123678659008e+00
9.880165701543664909e+03,3.860901032285064094e+00
9.880165720103390413e+03,3.860900940894881561e+00
9.880165738663117736e+03,3.860900849508095423e+00
9.880165757222843240e+03,3.860900758124723886e+00
9.880165775782570563e+03,3.860900666744749188e+00
9.880165794342296067e+03,3.860900575368190424e+00
9.880165812902023390e+03,3.860900483995029830e+00
9.880165831461748894e+03,3.860900392625286948e+00
9.880165850021474398e+03,3.860900301258951561e+00
9.880165868581201721e+03,3.860900209896015678e+00
9.880165887140927225e+03,3.860900118536499281e+00
9.880165905700654548e+03,3.860900027180383276e+00
9.880165924260380052e+03,3.860899935827686758e+00
9.880165942820107375e+03,3.860899844478392406e+00
9.880165961379832879e+03,3.860899753132519319e+00
9.880165979939560202e+03,3.860899661790048398e+00
9.880165998499285706e+03,3.860899570450999629e+00
9.880166017059013029e+03,3.860899479115354804e+00
9.880166035618738533e+03,3.860899387783133463e+00
9.880166054178465856e+03,3.860899296454316065e+00
9.880166072738191360e+03,3.860899205128924372e+00
9.880166091297916864e+03,3.860899113806947280e+00
9.880166109857644187e+03,3.860899022488376353e+00
9.880166128417369691e+03,3.860898931173232018e+00
9.880166146977097014e+03,3.860898839861495180e+00
9.880166165536822518e+03,3.860898748553185822e+00
9.880166184096549841e+03,3.860898657248284405e+00
9.880166202656275345e+03,3.860898565946811356e+00
9.880166221216002668e+03,3.860898474648748024e+00
9.880166239775728172e+03,3.860898383354113950e+00
9.880166258335455495e+03,3.860898292062891368e+00
9.880166276895180999e+03,3.860898200775098488e+00
9.880166295454908322e+03,3.860898109490717545e+00
9.880166314014633826e+03,3.860898018209768523e+00
9.880166332574359330e+03,3.860897926932241209e+00
9.880166351134086653e+03,3.860897835658127608e+00
9.880166369693812157e+03,3.860897744387446817e+00
9.880166388253539481e+03,3.860897653120181960e+00
9.880166406813264985e+03,3.860897561856349913e+00
9.880166425372992308e+03,3.860897470595935133e+00
9.880166443932717812e+03,3.860897379338953606e+00
9.880166462492445135e+03,3.860897288085389789e+00
9.880166481052170639e+03,3.860897196835262335e+00
9.880166499611897962e+03,3.860897105588553924e+00
9.880166518171623466e+03,3.860897014345281431e+00
9.880166536731350789e+03,3.860896923105428424e+00
9.880166555291076293e+03,3.860896831869014001e+00
9.880166573850801797e+03,3.860896740636027946e+00
9.880166592410529120e+03,3.860896649406464487e+00
9.880166610970254624e+03,3.860896558180340055e+00
9.880166629529981947e+03,3.860896466957637330e+00
9.880166648089707451e+03,3.860896375738375408e+00
9.880166666649434774e+03,3.860896284522537414e+00
9.880166685209160278e+03,3.860896193310141111e+00
9.880166703768887601e+03,3.860896102101168736e+00
9.880166722328613105e+03,3.860896010895639829e+00
9.880166740888340428e+03,3.860895919693536182e+00
9.880166759448065932e+03,3.860895828494876891e+00
9.880166778007793255e+03,3.860895737299642860e+00
9.880166796567518759e+03,3.860895646107854962e+00
9.880166815127244263e+03,3.860895554919503869e+00
9.880166833686971586e+03,3.860895463734580701e+00
9.880166852246697090e+03,3.860895372553103666e+00
9.880166870806424413e+03,3.860895281375056332e+00
9.880166889366149917e+03,3.860895190200456906e+00
9.880166907925877240e+03,3.860895099029288069e+00
9.880166926485602744e+03,3.860895007861567141e+00
9.880166945045330067e+03,3.860894916697278134e+00
9.880166963605055571e+03,3.860894825536439257e+00
9.880166982164782894e+03,3.860894734379033189e+00
9.880167000724508398e+03,3.860894643225077694e+00
9.880167019284235721e+03,3.860894552074556341e+00
9.880167037843961225e+03,3.860894460927486893e+00
9.880167056403686729e+03,3.860894369783860913e+00
9.880167074963414052e+03,3.860894278643669963e+00
9.880167093523139556e+03,3.860894187506932695e+00
9.880167112082866879e+03,3.860894096373632234e+00
9.880167130642592383e+03,3.860894005243786342e+00
9.880167149202319706e+03,3.860893914117378145e+00
9.880167167762045210e+03,3.860893822994425850e+00
9.880167186321772533e+03,3.860893731874911694e+00
9.880167204881498037e+03,3.860893640758855216e+00
9.880167223441225360e+03,3.860893549646238210e+00
9.880167242000950864e+03,3.860893458537078882e+00
9.880167260560678187e+03,3.860893367431359913e+00
9.880167279120403691e+03,3.860893276329100843e+00
9.880167297680129195e+03,3.860893185230291902e+00
9.880167316239856518e+03,3.860893094134925541e+00
9.880167334799582022e+03,3.860893003043020411e+00
9.880167353359309345e+03,3.860892911954557860e+00
9.880167371919034849e+03,3.860892820869558761e+00
9.880167390478762172e+03,3.860892729788002242e+00
9.880167409038487676e+03,3.860892638709909619e+00
9.880167427598214999e+03,3.860892547635262240e+00
9.880167446157940503e+03,3.860892456564079644e+00
9.880167464717667826e+03,3.860892365496342737e+00
9.880167483277393330e+03,3.860892274432071503e+00
9.880167501837120653e+03,3.860892183371248176e+00
9.880167520396846157e+03,3.860892092313890966e+00
9.880167538956571661e+03,3.860892001259991435e+00
9.880167557516298984e+03,3.860891910209541145e+00
9.880167576076024488e+03,3.860891819162558747e+00
9.880167594635751811e+03,3.860891728119026922e+00
9.880167613195477315e+03,3.860891637078963878e+00
9.880167631755204638e+03,3.860891546042351852e+00
9.880167650314930142e+03,3.860891455009211271e+00
9.880167668874657465e+03,3.860891363979522151e+00
9.880167687434382970e+03,3.860891272953304476e+00
9.880167705994110293e+03,3.860891181930540483e+00
9.880167724553835797e+03,3.860891090911249268e+00
9.880167743113563120e+03,3.860890999895412179e+00
9.880167761673288624e+03,3.860890908883048311e+00
9.880167780233014128e+03,3.860890817874149672e+00
9.880167798792741451e+03,3.860890726868706935e+00
9.880167817352466955e+03,3.860890635866739196e+00
9.880167835912194278e+03,3.860890544868229579e+00
9.880167854471919782e+03,3.860890453873195405e+00
9.880167873031647105e+03,3.860890362881620241e+00
9.880167891591372609e+03,3.860890271893521408e+00
9.880167910151099932e+03,3.860890180908882918e+00
9.880167928710825436e+03,3.860890089927722091e+00
9.880167947270552759e+03,3.860889998950022939e+00
9.880167965830278263e+03,3.860889907975801894e+00
9.880167984390003767e+03,3.860889817005052294e+00
9.880168002949731090e+03,3.860889726037764813e+00
9.880168021509456594e+03,3.860889635073957660e+00
9.880168040069183917e+03,3.860889544113615734e+00
9.880168058628909421e+03,3.860889453156754136e+00
9.880168077188636744e+03,3.860889362203357766e+00
9.880168095748362248e+03,3.860889271253444388e+00
9.880168114308089571e+03,3.860889180306995794e+00
9.880168132867815075e+03,3.860889089364031967e+00
9.880168151427542398e+03,3.860888998424534702e+00
9.880168169987267902e+03,3.860888907488523092e+00
9.880168188546995225e+03,3.860888816555978931e+00
9.880168207106720729e+03,3.860888725626921758e+00
9.880168225666446233e+03,3.860888634701341360e+00
9.880168244226173556e+03,3.860888543779231075e+00
9.880168262785899060e+03,3.860888452860608666e+00
9.880168281345626383e+03,3.860888361945456371e+00
9.880168299905351887e+03,3.860888271033793284e+00
9.880168318465079210e+03,3.860888180125601643e+00
9.880168337024804714e+03,3.860888089220900099e+00
9.880168355584532037e+03,3.860887998319671777e+00
9.880168374144257541e+03,3.860887907421933996e+00
9.880168392703984864e+03,3.860887816527670324e+00
9.880168411263710368e+03,3.860887725636898526e+00
9.880168429823437691e+03,3.860887634749601283e+00
9.880168448383163195e+03,3.860887543865798133e+00
9.880168466942888699e+03,3.860887452985479751e+00
9.880168485502616022e+03,3.860887362108637699e+00
9.880168504062341526e+03,3.860887271235290630e+00
9.880168522622068849e+03,3.860887180365420335e+00
9.880168541181794353e+03,3.860887089499046798e+00
9.880168559741521676e+03,3.860886998636152256e+00
9.880168578301247180e+03,3.860886907776754473e+00
9.880168596860974503e+03,3.860886816920836129e+00
9.880168615420700007e+03,3.860886726068416319e+00
9.880168633980427330e+03,3.860886635219477281e+00
9.880168652540152834e+03,3.860886544374037221e+00
9.880168671099880157e+03,3.860886453532079710e+00
9.880168689659605661e+03,3.860886362693621621e+00
9.880168708219331165e+03,3.860886271858655849e+00
9.880168726779058488e+03,3.860886181027173958e+00
9.880168745338783992e+03,3.860886090199193266e+00
9.880168763898511315e+03,3.860885999374698230e+00
9.880168782458236819e+03,3.860885908553704837e+00
9.880168801017964142e+03,3.860885817736198433e+00
9.880168819577689646e+03,3.860885726922195449e+00
9.880168838137416969e+03,3.860885636111679897e+00
9.880168856697142473e+03,3.860885545304668653e+00
9.880168875256869796e+03,3.860885454501145730e+00
9.880168893816595300e+03,3.860885363701128892e+00
9.880168912376322623e+03,3.860885272904601706e+00
9.880168930936048127e+03,3.860885182111581049e+00
9.880168949495773631e+03,3.860885091322059814e+00
9.880168968055500955e+03,3.860885000536028677e+00
9.880168986615226459e+03,3.860884909753507177e+00
9.880169005174953782e+03,3.860884818974477106e+00
9.880169023734679286e+03,3.860884728198957117e+00
9.880169042294406609e+03,3.860884637426929000e+00
9.880169060854132113e+03,3.860884546658412741e+00
9.880169079413859436e+03,3.860884455893391021e+00
9.880169097973584940e+03,3.860884365131880713e+00
9.880169116533312263e+03,3.860884274373864944e+00
9.880169135093037767e+03,3.860884183619362364e+00
9.880169153652765090e+03,3.860884092868357431e+00
9.880169172212490594e+03,3.860884002120865244e+00
9.880169190772216098e+03,3.860883911376879141e+00
9.880169209331943421e+03,3.860883820636391572e+00
9.880169227891668925e+03,3.860883729899418970e+00
9.880169246451396248e+03,3.860883639165945791e+00
9.880169265011121752e+03,3.860883548435989798e+00
9.880169283570849075e+03,3.860883457709533229e+00
9.880169302130574579e+03,3.860883366986594734e+00
9.880169320690301902e+03,3.860883276267157438e+00
9.880169339250027406e+03,3.860883185551238661e+00
9.880169357809754729e+03,3.860883094838821972e+00
9.880169376369480233e+03,3.860883004129926466e+00
9.880169394929207556e+03,3.860882913424533491e+00
9.880169413488933060e+03,3.860882822722662144e+00
9.880169432048658564e+03,3.860882732024303099e+00
9.880169450608385887e+03,3.860882641329449250e+00
9.880169469168111391e+03,3.860882550638117916e+00
9.880169487727838714e+03,3.860882459950293111e+00
9.880169506287564218e+03,3.860882369265991265e+00
9.880169524847291541e+03,3.860882278585197724e+00
9.880169543407017045e+03,3.860882187907928476e+00
9.880169561966744368e+03,3.860882097234166643e+00
9.880169580526469872e+03,3.860882006563931768e+00
9.880169599086197195e+03,3.860881915897206085e+00
9.880169617645922699e+03,3.860881825234006914e+00
9.880169636205650022e+03,3.860881734574317825e+00
9.880169654765375526e+03,3.860881643918158357e+00
9.880169673325101030e+03,3.860881553265517852e+00
9.880169691884828353e+03,3.860881462616388760e+00
9.880169710444553857e+03,3.860881371970790621e+00
9.880169729004281180e+03,3.860881281328704784e+00
9.880169747564006684e+03,3.860881190690150344e+00
9.880169766123734007e+03,3.860881100055109094e+00
9.880169784683459511e+03,3.860881009423601018e+00
9.880169803243186834e+03,3.860880918795607020e+00
9.880169821802912338e+03,3.860880828171146639e+00
9.880169840362639661e+03,3.860880737550201669e+00
9.880169858922365165e+03,3.860880646932791649e+00
9.880169877482092488e+03,3.860880556318898371e+00
9.880169896041817992e+03,3.860880465708540932e+00
9.880169914601543496e+03,3.860880375101710449e+00
9.880169933161270819e+03,3.860880284498398485e+00
9.880169951720996323e+03,3.860880193898623691e+00
9.880169970280723646e+03,3.860880103302368749e+00
9.880169988840449150e+03,3.860880012709651421e+00
9.880170007400176473e+03,3.860879922120455721e+00
9.880170025959901977e+03,3.860879831534798523e+00
9.880170044519629300e+03,3.860879740952663841e+00
9.880170063079354804e+03,3.860879650374068994e+00
9.880170081639082127e+03,3.860879559798997551e+00
9.880170100198807631e+03,3.860879469227466831e+00
9.880170118758534954e+03,3.860879378659460848e+00
9.880170137318260458e+03,3.860879288094996475e+00
9.880170155877985962e+03,3.860879197534066609e+00
9.880170174437713285e+03,3.860879106976663255e+00
9.880170192997438789e+03,3.860879016422803289e+00
9.880170211557166112e+03,3.860878925872469392e+00
9.880170230116891616e+03,3.860878835325681546e+00
9.880170248676618939e+03,3.860878744782421990e+00
9.880170267236344444e+03,3.860878654242707597e+00
9.880170285796071767e+03,3.860878563706522826e+00
9.880170304355797271e+03,3.860878473173884995e+00
9.880170322915524594e+03,3.860878382644777229e+00
9.880170341475250098e+03,3.860878292119217736e+00
9.880170360034977421e+03,3.860878201597189641e+00
9.880170378594702925e+03,3.860878111078711150e+00
9.880170397154428429e+03,3.860878020563773383e+00
9.880170415714155752e+03,3.860877930052368345e+00
9.880170434273881256e+03,3.860877839544514689e+00
9.880170452833608579e+03,3.860877749040194651e+00
9.880170471393334083e+03,3.860877658539425994e+00
9.880170489953061406e+03,3.860877568042193175e+00
9.880170508512786910e+03,3.860877477548513514e+00
9.880170527072514233e+03,3.860877387058370136e+00
9.880170545632239737e+03,3.860877296571779915e+00
9.880170564191967060e+03,3.860877206088727753e+00
9.880170582751692564e+03,3.860877115609230525e+00
9.880170601311419887e+03,3.860877025133271356e+00
9.880170619871145391e+03,3.860876934660868454e+00
9.880170638430870895e+03,3.860876844192013824e+00
9.880170656990598218e+03,3.860876753726699473e+00
9.880170675550323722e+03,3.860876663264943165e+00
9.880170694110051045e+03,3.860876572806727136e+00
9.880170712669776549e+03,3.860876482352070038e+00
9.880170731229503872e+03,3.860876391900954996e+00
9.880170749789229376e+03,3.860876301453401105e+00
9.880170768348956699e+03,3.860876211009388825e+00
9.880170786908682203e+03,3.860876120568938585e+00
9.880170805468409526e+03,3.860876030132031733e+00
9.880170824028135030e+03,3.860875939698688253e+00
9.880170842587862353e+03,3.860875849268889493e+00
9.880170861147587857e+03,3.860875758842654104e+00
9.880170879707313361e+03,3.860875668419974094e+00
9.880170898267040684e+03,3.860875578000840580e+00
9.880170916826766188e+03,3.860875487585272214e+00
9.880170935386493511e+03,3.860875397173251233e+00
9.880170953946219015e+03,3.860875306764796733e+00
9.880170972505946338e+03,3.860875216359890949e+00
9.880170991065671842e+03,3.860875125958552534e+00
9.880171009625399165e+03,3.860875035560764168e+00
9.880171028185124669e+03,3.860874945166544059e+00
9.880171046744851992e+03,3.860874854775874887e+00
9.880171065304577496e+03,3.860874764388775748e+00
9.880171083864304819e+03,3.860874674005227991e+00
9.880171102424030323e+03,3.860874583625250711e+00
9.880171120983755827e+03,3.860874493248835915e+00
9.880171139543483150e+03,3.860874402875974276e+00
9.880171158103208654e+03,3.860874312506685335e+00
9.880171176662935977e+03,3.860874222140951328e+00
9.880171195222661481e+03,3.860874131778790463e+00
9.880171213782388804e+03,3.860874041420184533e+00
9.880171232342114308e+03,3.860873951065153520e+00
9.880171250901841631e+03,3.860873860713680106e+00
9.880171269461567135e+03,3.860873770365780722e+00
9.880171288021294458e+03,3.860873680021440268e+00
9.880171306581019962e+03,3.860873589680675622e+00
9.880171325140747285e+03,3.860873499343469906e+00
9.880171343700472789e+03,3.860873409009842661e+00
9.880171362260198293e+03,3.860873318679784116e+00
9.880171380819925616e+03,3.860873228353285391e+00
9.880171399379651120e+03,3.860873138030367357e+00
9.880171417939378443e+03,3.860873047711009587e+00
9.880171436499103947e+03,3.860872957395232952e+00
9.880171455058831270e+03,3.860872867083019244e+00
9.880171473618556774e+03,3.860872776774385784e+00
9.880171492178284097e+03,3.860872686469317472e+00
9.880171510738009601e+03,3.860872596167830739e+00
9.880171529297736924e+03,3.860872505869908711e+00
9.880171547857462429e+03,3.860872415575570482e+00
9.880171566417189752e+03,3.860872325284798734e+00
9.880171584976915256e+03,3.860872234997610786e+00
9.880171603536640760e+03,3.860872144713999532e+00
9.880171622096368083e+03,3.860872054433955647e+00
9.880171640656093587e+03,3.860871964157498226e+00
9.880171659215820910e+03,3.860871873884609506e+00
9.880171677775546414e+03,3.860871783615308139e+00
9.880171696335273737e+03,3.860871693349575473e+00
9.880171714894999241e+03,3.860871603087431936e+00
9.880171733454726564e+03,3.860871512828859320e+00
9.880171752014452068e+03,3.860871422573875833e+00
9.880171770574179391e+03,3.860871332322464156e+00
9.880171789133904895e+03,3.860871242074643384e+00
9.880171807693632218e+03,3.860871151830395753e+00
9.880171826253357722e+03,3.860871061589739472e+00
9.880171844813083226e+03,3.860870971352665659e+00
9.880171863372810549e+03,3.860870881119167208e+00
9.880171881932536053e+03,3.860870790889261883e+00
9.880171900492263376e+03,3.860870700662931920e+00
9.880171919051988880e+03,3.860870610440196415e+00
9.880171937611716203e+03,3.860870520221037605e+00
9.880171956171441707e+03,3.860870430005473697e+00
9.880171974731169030e+03,3.860870339793488260e+00
9.880171993290894534e+03,3.860870249585098612e+00
9.880172011850621857e+03,3.860870159380287880e+00
9.880172030410347361e+03,3.860870069179075159e+00
9.880172048970074684e+03,3.860869978981442241e+00
9.880172067529800188e+03,3.860869888787407334e+00
9.880172086089525692e+03,3.860869798596963332e+00
9.880172104649253015e+03,3.860869708410100465e+00
9.880172123208978519e+03,3.860869618226838274e+00
9.880172141768705842e+03,3.860869528047158106e+00
9.880172160328431346e+03,3.860869437871079501e+00
9.880172178888158669e+03,3.860869347698584253e+00
9.880172197447884173e+03,3.860869257529691900e+00
9.880172216007611496e+03,3.860869167364383792e+00
9.880172234567337000e+03,3.860869077202679023e+00
9.880172253127064323e+03,3.860868987044560718e+00
9.880172271686789827e+03,3.860868896890046642e+00
9.880172290246517150e+03,3.860868806739119474e+00
9.880172308806242654e+03,3.860868716591797423e+00
9.880172327365968158e+03,3.860868626448072938e+00
9.880172345925695481e+03,3.860868536307937138e+00
9.880172364485420985e+03,3.860868446171407786e+00
9.880172383045148308e+03,3.860868356038468452e+00
9.880172401604873812e+03,3.860868265909137786e+00
9.880172420164601135e+03,3.860868175783397138e+00
9.880172438724326639e+03,3.860868085661266047e+00
9.880172457284053962e+03,3.860867995542727193e+00
9.880172475843779466e+03,3.860867905427797897e+00
9.880172494403506789e+03,3.860867815316462170e+00
9.880172512963232293e+03,3.860867725208737777e+00
9.880172531522959616e+03,3.860867635104607398e+00
9.880172550082685120e+03,3.860867545004088797e+00
9.880172568642410624e+03,3.860867454907174423e+00
9.880172587202137947e+03,3.860867364813856284e+00
9.880172605761863451e+03,3.860867274724151255e+00
9.880172624321590774e+03,3.860867184638043792e+00
9.880172642881316278e+03,3.860867094555551216e+00
9.880172661441043601e+03,3.860867004476656206e+00
9.880172680000769105e+03,3.860866914401377414e+00
9.880172698560496428e+03,3.860866824329697966e+00
9.880172717120221932e+03,3.860866734261635180e+00
9.880172735679949255e+03,3.860866644197172626e+00
9.880172754239674759e+03,3.860866554136328066e+00
9.880172772799400263e+03,3.860866464079094396e+00
9.880172791359127586e+03,3.860866374025461401e+00
9.880172809918853090e+03,3.860866283975448177e+00
9.880172828478580414e+03,3.860866193929037404e+00
9.880172847038305918e+03,3.860866103886248180e+00
9.880172865598033241e+03,3.860866013847062739e+00
9.880172884157758745e+03,3.860865923811499290e+00
9.880172902717486068e+03,3.860865833779540512e+00
9.880172921277211572e+03,3.860865743751204615e+00
9.880172939836938895e+03,3.860865653726475166e+00
9.880172958396664399e+03,3.860865563705369485e+00
9.880172976956391722e+03,3.860865473687870253e+00
9.880172995516117226e+03,3.860865383673997009e+00
9.880173014075842730e+03,3.860865293663740871e+00
9.880173032635570053e+03,3.860865203657092959e+00
9.880173051195295557e+03,3.860865113654071923e+00
9.880173069755022880e+03,3.860865023654660000e+00
9.880173088314748384e+03,3.860864933658877174e+00
9.880173106874475707e+03,3.860864843666703905e+00
9.880173125434201211e+03,3.860864753678160177e+00
9.880173143993928534e+03,3.860864663693227783e+00
9.880173162553654038e+03,3.860864573711926262e+00
9.880173181113381361e+03,3.860864483734237407e+00
9.880173199673106865e+03,3.860864393760179425e+00
9.880173218232834188e+03,3.860864303789734997e+00
9.880173236792559692e+03,3.860864213822923219e+00
9.880173255352285196e+03,3.860864123859735209e+00
9.880173273912012519e+03,3.860864033900162529e+00
9.880173292471738023e+03,3.860863943944224275e+00
9.880173311031465346e+03,3.860863853991901795e+00
9.880173329591190850e+03,3.860863764043215074e+00
9.880173348150918173e+03,3.860863674098145903e+00
9.880173366710643677e+03,3.860863584156712491e+00
9.880173385270371000e+03,3.860863494218897074e+00
9.880173403830096504e+03,3.860863404284719635e+00
9.880173422389823827e+03,3.860863314354162412e+00
9.880173440949549331e+03,3.860863224427242280e+00
9.880173459509276654e+03,3.860863134503943250e+00
9.880173478069002158e+03,3.860863044584283532e+00
9.880173496628727662e+03,3.860862954668254687e+00
9.880173515188454985e+03,3.860862864755849166e+00
9.880173533748180489e+03,3.860862774847083401e+00
9.880173552307907812e+03,3.860862684941940959e+00
9.880173570867633316e+03,3.860862595040441381e+00
9.880173589427360639e+03,3.860862505142565571e+00
9.880173607987086143e+03,3.860862415248332624e+00
9.880173626546813466e+03,3.860862325357726554e+00
9.880173645106538970e+03,3.860862235470763792e+00
9.880173663666266293e+03,3.860862145587427463e+00
9.880173682225991797e+03,3.860862055707736218e+00
9.880173700785719120e+03,3.860861965831672737e+00
9.880173719345444624e+03,3.860861875959256562e+00
9.880173737905170128e+03,3.860861786090476588e+00
9.880173756464897451e+03,3.860861696225327044e+00
9.880173775024622955e+03,3.860861606363825249e+00
9.880173793584350278e+03,3.860861516505954327e+00
9.880173812144075782e+03,3.860861426651731154e+00
9.880173830703803105e+03,3.860861336801140631e+00
9.880173849263528609e+03,3.860861246954198744e+00
9.880173867823255932e+03,3.860861157110890396e+00
9.880173886382981436e+03,3.860861067271233349e+00
9.880173904942708759e+03,3.860860977435209396e+00
9.880173923502434263e+03,3.860860887602838076e+00
9.880173942062161586e+03,3.860860797774100739e+00
9.880173960621887090e+03,3.860860707949016479e+00
9.880173979181612594e+03,3.860860618127577748e+00
9.880173997741339917e+03,3.860860528309774775e+00
9.880174016301065421e+03,3.860860438495627545e+00
9.880174034860792744e+03,3.860860348685116961e+00
9.880174053420518248e+03,3.860860258878262119e+00
9.880174071980245571e+03,3.860860169075045700e+00
9.880174090539971075e+03,3.860860079275486800e+00
9.880174109099698398e+03,3.860859989479567211e+00
9.880174127659423903e+03,3.860859899687305141e+00
9.880174146219151226e+03,3.860859809898684158e+00
9.880174164778876730e+03,3.860859720113722027e+00
9.880174183338604053e+03,3.860859630332401871e+00
9.880174201898329557e+03,3.860859540554741454e+00
9.880174220458055061e+03,3.860859450780732782e+00
9.880174239017782384e+03,3.860859361010367419e+00
9.880174257577507888e+03,3.860859271243664015e+00
9.880174276137235211e+03,3.860859181480604807e+00
9.880174294696960715e+03,3.860859091721209335e+00
9.880174313256688038e+03,3.860859001965458059e+00
9.880174331816413542e+03,3.860858912213370964e+00
9.880174350376140865e+03,3.860858822464931173e+00
9.880174368935866369e+03,3.860858732720155562e+00
9.880174387495593692e+03,3.860858642979027255e+00
9.880174406055319196e+03,3.860858553241565350e+00
9.880174424615046519e+03,3.860858463507752081e+00
9.880174443174772023e+03,3.860858373777606101e+00
9.880174461734497527e+03,3.860858284051118083e+00
9.880174480294224850e+03,3.860858194328281368e+00
9.880174498853950354e+03,3.860858104609112385e+00
9.880174517413677677e+03,3.860858014893594703e+00
9.880174535973403181e+03,3.860857925181747419e+00
9.880174554533130504e+03,3.860857835473552324e+00
9.880174573092856008e+03,3.860857745769028071e+00
9.880174591652583331e+03,3.860857656068156896e+00
9.880174610212308835e+03,3.860857566370957894e+00
9.880174628772036158e+03,3.860857476677413747e+00
9.880174647331761662e+03,3.860857386987542217e+00
9.880174665891488985e+03,3.860857297301326430e+00
9.880174684451214489e+03,3.860857207618784148e+00
9.880174703010939993e+03,3.860857117939907823e+00
9.880174721570667316e+03,3.860857028264689017e+00
9.880174740130392820e+03,3.860856938593145049e+00
9.880174758690120143e+03,3.860856848925260820e+00
9.880174777249845647e+03,3.860856759261051430e+00
9.880174795809572970e+03,3.860856669600502222e+00
9.880174814369298474e+03,3.860856579943630962e+00
9.880174832929025797e+03,3.860856490290420773e+00
9.880174851488751301e+03,3.860856400640888086e+00
9.880174870048478624e+03,3.860856310995017360e+00
9.880174888608204128e+03,3.860856221352826800e+00
9.880174907167931451e+03,3.860856131714298201e+00
9.880174925727656955e+03,3.860856042079450656e+00
9.880174944287382459e+03,3.860855952448276174e+00
9.880174962847109782e+03,3.860855862820765871e+00
9.880174981406835286e+03,3.860855773196937513e+00
9.880174999966562609e+03,3.860855683576774666e+00
9.880175018526288113e+03,3.860855593960295540e+00
9.880175037086015436e+03,3.860855504347482814e+00
9.880175055645740940e+03,3.860855414738354696e+00
9.880175074205468263e+03,3.860855325132893867e+00
9.880175092765193767e+03,3.860855235531118534e+00
9.880175111324921090e+03,3.860855145933012267e+00
9.880175129884646594e+03,3.860855056338591940e+00
9.880175148444373917e+03,3.860854966747842010e+00
9.880175167004099421e+03,3.860854877160779353e+00
9.880175185563824925e+03,3.860854787577396419e+00
9.880175204123552248e+03,3.860854697997684770e+00
9.880175222683277752e+03,3.860854608421662171e+00
9.880175241243005075e+03,3.860854518849312189e+00
9.880175259802730579e+03,3.860854429280652145e+00
9.880175278362457902e+03,3.860854339715665606e+00
9.880175296922183406e+03,3.860854250154370781e+00
9.880175315481910729e+03,3.860854160596750795e+00
9.880175334041636233e+03,3.860854071042822966e+00
9.880175352601363556e+03,3.860853981492570863e+00
9.880175371161089060e+03,3.860853891946011807e+00
9.880175389720816383e+03,3.860853802403129809e+00
9.880175408280541888e+03,3.860853712863942189e+00
9.880175426840267392e+03,3.860853623328440953e+00
9.880175445399994715e+03,3.860853533796618553e+00
9.880175463959720219e+03,3.860853444268490975e+00
9.880175482519447542e+03,3.860853354744044452e+00
9.880175501079173046e+03,3.860853265223294084e+00
9.880175519638900369e+03,3.860853175706224771e+00
9.880175538198625873e+03,3.860853086192852945e+00
9.880175556758353196e+03,3.860852996683163063e+00
9.880175575318078700e+03,3.860852907177172888e+00
9.880175593877806023e+03,3.860852817674864657e+00
9.880175612437531527e+03,3.860852728176257909e+00
9.880175630997258850e+03,3.860852638681333993e+00
9.880175649556984354e+03,3.860852549190111116e+00
9.880175668116709858e+03,3.860852459702582173e+00
9.880175686676437181e+03,3.860852370218738283e+00
9.880175705236162685e+03,3.860852280738598097e+00
9.880175723795890008e+03,3.860852191262143851e+00
9.880175742355615512e+03,3.860852101789393753e+00
9.880175760915342835e+03,3.860852012320330040e+00
9.880175779475068339e+03,3.860851922854972695e+00
9.880175798034795662e+03,3.860851833393303512e+00
9.880175816594521166e+03,3.860851743935340696e+00
9.880175835154248489e+03,3.860851654481066930e+00
9.880175853713973993e+03,3.860851565030500865e+00
9.880175872273701316e+03,3.860851475583626069e+00
9.880175890833426820e+03,3.860851386140458530e+00
9.880175909393152324e+03,3.860851296700991586e+00
9.880175927952879647e+03,3.860851207265217244e+00
9.880175946512605151e+03,3.860851117833152379e+00
9.880175965072332474e+03,3.860851028404781005e+00
9.880175983632057978e+03,3.860850938980120883e+00
9.880176002191785301e+03,3.860850849559155140e+00
9.880176020751510805e+03,3.860850760141901539e+00
9.880176039311238128e+03,3.860850670728342759e+00
9.880176057870963632e+03,3.860850581318497454e+00
9.880176076430690955e+03,3.860850491912348748e+00
9.880176094990416459e+03,3.860850402509913959e+00
9.880176113550143782e+03,3.860850313111176657e+00
9.880176132109869286e+03,3.860850223716155494e+00
9.880176150669594790e+03,3.860850134324840699e+00
9.880176169229322113e+03,3.860850044937225167e+00
9.880176187789047617e+03,3.860849955553326662e+00
9.880176206348774940e+03,3.860849866173128309e+00
9.880176224908500444e+03,3.860849776796647870e+00
9.880176243468227767e+03,3.860849687423868914e+00
9.880176262027953271e+03,3.860849598054809206e+00
9.880176280587680594e+03,3.860849508689450982e+00
9.880176299147406098e+03,3.860849419327813781e+00
9.880176317707133421e+03,3.860849329969879395e+00
9.880176336266858925e+03,3.860849240615665590e+00
9.880176354826586248e+03,3.860849151265157264e+00
9.880176373386311752e+03,3.860849061918370850e+00
9.880176391946037256e+03,3.860848972575298799e+00
9.880176410505764579e+03,3.860848883235932227e+00
9.880176429065490083e+03,3.860848793900290232e+00
9.880176447625217406e+03,3.860848704568355050e+00
9.880176466184942910e+03,3.860848615240143999e+00
9.880176484744670233e+03,3.860848525915641982e+00
9.880176503304395737e+03,3.860848436594865429e+00
9.880176521864123060e+03,3.860848347277798798e+00
9.880176540423848564e+03,3.860848257964458075e+00
9.880176558983575887e+03,3.860848168654829049e+00
9.880176577543301391e+03,3.860848079348927264e+00
9.880176596103028714e+03,3.860847990046736733e+00
9.880176614662754218e+03,3.860847900748276107e+00
9.880176633222479722e+03,3.860847811453535616e+00
9.880176651782207045e+03,3.860847722162508600e+00
9.880176670341932549e+03,3.860847632875211932e+00
9.880176688901659872e+03,3.860847543591629627e+00
9.880176707461385377e+03,3.860847454311779448e+00
9.880176726021112700e+03,3.860847365035643186e+00
9.880176744580838204e+03,3.860847275763240827e+00
9.880176763140565527e+03,3.860847186494554606e+00
9.880176781700291031e+03,3.860847097229602287e+00
9.880176800260018354e+03,3.860847007968366995e+00
9.880176818819743858e+03,3.860846918710866493e+00
9.880176837379471181e+03,3.860846829457084350e+00
9.880176855939196685e+03,3.860846740207038330e+00
9.880176874498922189e+03,3.860846650960720439e+00
9.880176893058649512e+03,3.860846561718121794e+00
9.880176911618375016e+03,3.860846472479262381e+00
9.880176930178102339e+03,3.860846383244122215e+00
9.880176948737827843e+03,3.860846294012721280e+00
9.880176967297555166e+03,3.860846204785042701e+00
9.880176985857280670e+03,3.860846115561103797e+00
9.880177004417007993e+03,3.860846026340887693e+00
9.880177022976733497e+03,3.860845937124412597e+00
9.880177041536460820e+03,3.860845847911661632e+00
9.880177060096186324e+03,3.860845758702652120e+00
9.880177078655913647e+03,3.860845669497368959e+00
9.880177097215639151e+03,3.860845580295827251e+00
9.880177115775364655e+03,3.860845491098021665e+00
9.880177134335091978e+03,3.860845401903942431e+00
9.880177152894817482e+03,3.860845312713608202e+00
9.880177171454544805e+03,3.860845223527000325e+00
9.880177190014270309e+03,3.860845134344139229e+00
9.880177208573997632e+03,3.860845045165007594e+00
9.880177227133723136e+03,3.860844955989621408e+00
9.880177245693450459e+03,3.860844866817965571e+00
9.880177264253175963e+03,3.860844777650058290e+00
9.880177282812903286e+03,3.860844688485881360e+00
9.880177301372628790e+03,3.860844599325453430e+00
9.880177319932356113e+03,3.860844510168756738e+00
9.880177338492081617e+03,3.860844421015811267e+00
9.880177357051807121e+03,3.860844331866606804e+00
9.880177375611534444e+03,3.860844242721136244e+00
9.880177394171259948e+03,3.860844153579417348e+00
9.880177412730987271e+03,3.860844064441432799e+00
9.880177431290712775e+03,3.860843975307200804e+00
9.880177449850440098e+03,3.860843886176704487e+00
9.880177468410165602e+03,3.860843797049962056e+00
9.880177486969892925e+03,3.860843707926956636e+00
9.880177505529618429e+03,3.860843618807705546e+00
9.880177524089345752e+03,3.860843529692192355e+00
9.880177542649071256e+03,3.860843440580435271e+00
9.880177561208798579e+03,3.860843351472416973e+00
9.880177579768524083e+03,3.860843262368156115e+00
9.880177598328249587e+03,3.860843173267642481e+00
9.880177616887976910e+03,3.860843084170870299e+00
9.880177635447702414e+03,3.860842995077856887e+00
9.880177654007429737e+03,3.860842905988584928e+00
9.880177672567155241e+03,3.860842816903071739e+00
9.880177691126882564e+03,3.860842727821302223e+00
9.880177709686608068e+03,3.860842638743292365e+00
9.880177728246335391e+03,3.860842549669027068e+00
9.880177746806060895e+03,3.860842460598522319e+00
9.880177765365788218e+03,3.860842371531762574e+00
9.880177783925513722e+03,3.860842282468766484e+00
9.880177802485239226e+03,3.860842193409523837e+00
9.880177821044966549e+03,3.860842104354028415e+00
9.880177839604692053e+03,3.860842015302296648e+00
9.880177858164419376e+03,3.860841926254312106e+00
9.880177876724144880e+03,3.860841837210092997e+00
9.880177895283872203e+03,3.860841748169623333e+00
9.880177913843597707e+03,3.860841659132919546e+00
9.880177932403325030e+03,3.860841570099964759e+00
9.880177950963050534e+03,3.860841481070778070e+00
9.880177969522777857e+03,3.860841392045341269e+00
9.880177988082503362e+03,3.860841303023673898e+00
9.880178006642230685e+03,3.860841214005757749e+00
9.880178025201956189e+03,3.860841124991611029e+00
9.880178043761681693e+03,3.860841035981226188e+00
9.880178062321409016e+03,3.860840946974593901e+00
9.880178080881134520e+03,3.860840857971732820e+00
9.880178099440861843e+03,3.860840768972626957e+00
9.880178118000587347e+03,3.860840679977292744e+00
9.880178136560314670e+03,3.860840590985714194e+00
9.880178155120040174e+03,3.860840501997908625e+00
9.880178173679767497e+03,3.860840413013859163e+00
9.880178192239493001e+03,3.860840324033585347e+00
9.880178210799220324e+03,3.860840235057067193e+00
9.880178229358945828e+03,3.860840146084325575e+00
9.880178247918673151e+03,3.860840057115342727e+00
9.880178266478398655e+03,3.860839968150135526e+00
9.880178285038124159e+03,3.860839879188696866e+00
9.880178303597851482e+03,3.860839790231018309e+00
9.880178322157576986e+03,3.860839701277118508e+00
9.880178340717304309e+03,3.860839612326979253e+00
9.880178359277029813e+03,3.860839523380619198e+00
9.880178377836757136e+03,3.860839434438022355e+00
9.880178396396482640e+03,3.860839345499204267e+00
9.880178414956209963e+03,3.860839256564150723e+00
9.880178433515935467e+03,3.860839167632877711e+00
9.880178452075662790e+03,3.860839078705368355e+00
9.880178470635388294e+03,3.860838989781642638e+00
9.880178489195115617e+03,3.860838900861682355e+00
9.880178507754841121e+03,3.860838811945504379e+00
9.880178526314566625e+03,3.860838723033102049e+00
9.880178544874293948e+03,3.860838634124466928e+00
9.880178563434019452e+03,3.860838545219616780e+00
9.880178581993746775e+03,3.860838456318534728e+00
9.880178600553472279e+03,3.860838367421238093e+00
9.880178619113199602e+03,3.860838278527711775e+00
9.880178637672925106e+03,3.860838189637971762e+00
9.880178656232652429e+03,3.860838100752001623e+00
9.880178674792377933e+03,3.860838011869820896e+00
9.880178693352105256e+03,3.860837922991410487e+00
9.880178711911830760e+03,3.860837834116789491e+00
9.880178730471558083e+03,3.860837745245939701e+00
9.880178749031283587e+03,3.860837656378881100e+00
9.880178767591009091e+03,3.860837567515605251e+00
9.880178786150736414e+03,3.860837478656101940e+00
9.880178804710461918e+03,3.860837389800392039e+00
9.880178823270189241e+03,3.860837300948455564e+00
9.880178841829914745e+03,3.860837212100312943e+00
9.880178860389642068e+03,3.860837123255945968e+00
9.880178878949367572e+03,3.860837034415373736e+00
9.880178897509094895e+03,3.860836945578577595e+00
9.880178916068820399e+03,3.860836856745577084e+00
9.880178934628547722e+03,3.860836767916354884e+00
9.880178953188273226e+03,3.860836679090927870e+00
9.880178971748000549e+03,3.860836590269280499e+00
9.880178990307726053e+03,3.860836501451430536e+00
9.880179008867451557e+03,3.860836412637369097e+00
9.880179027427178880e+03,3.860836323827088190e+00
9.880179045986904384e+03,3.860836235020607354e+00
9.880179064546631707e+03,3.860836146217907050e+00
9.880179083106357211e+03,3.860836057419007261e+00
9.880179101666084534e+03,3.860835968623889780e+00
9.880179120225810038e+03,3.860835879832572815e+00
9.880179138785537361e+03,3.860835791045041265e+00
9.880179157345262865e+03,3.860835702261310232e+00
9.880179175904990188e+03,3.860835613481364614e+00
9.880179194464715692e+03,3.860835524705222621e+00
9.880179213024443015e+03,3.860835435932866488e+00
9.880179231584168519e+03,3.860835347164313092e+00
9.880179250143894023e+03,3.860835258399557102e+00
9.880179268703621347e+03,3.860835169638587416e+00
9.880179287263346851e+03,3.860835080881424908e+00
9.880179305823074174e+03,3.860834992128049592e+00
9.880179324382799678e+03,3.860834903378481897e+00
9.880179342942527001e+03,3.860834814632704060e+00
9.880179361502252505e+03,3.860834725890732955e+00
9.880179380061979828e+03,3.860834637152553928e+00
9.880179398621705332e+03,3.860834548418182965e+00
9.880179417181432655e+03,3.860834459687603637e+00
9.880179435741158159e+03,3.860834370960834594e+00
9.880179454300885482e+03,3.860834282237858517e+00
9.880179472860610986e+03,3.860834193518692725e+00
9.880179491420336490e+03,3.860834104803330113e+00
9.880179509980063813e+03,3.860834016091762244e+00
9.880179528539789317e+03,3.860833927384006881e+00
9.880179547099516640e+03,3.860833838680046703e+00
9.880179565659242144e+03,3.860833749979899920e+00
9.880179584218969467e+03,3.860833661283550544e+00
9.880179602778694971e+03,3.860833572591015006e+00
9.880179621338422294e+03,3.860833483902277319e+00
9.880179639898147798e+03,3.860833395217355690e+00
9.880179658457875121e+03,3.860833306536232801e+00
9.880179677017600625e+03,3.860833217858925970e+00
9.880179695577327948e+03,3.860833129185419654e+00
9.880179714137053452e+03,3.860833040515731174e+00
9.880179732696778956e+03,3.860832951849851202e+00
9.880179751256506279e+03,3.860832863187773079e+00
9.880179769816231783e+03,3.860832774529515010e+00
9.880179788375959106e+03,3.860832685875059234e+00
9.880179806935684610e+03,3.860832597224423512e+00
9.880179825495411933e+03,3.860832508577590971e+00
9.880179844055137437e+03,3.860832419934580262e+00
9.880179862614864760e+03,3.860832331295374509e+00
9.880179881174590264e+03,3.860832242659990587e+00
9.880179899734317587e+03,3.860832154028412067e+00
9.880179918294043091e+03,3.860832065400657598e+00
9.880179936853770414e+03,3.860831976776710306e+00
9.880179955413495918e+03,3.860831888156586622e+00
9.880179973973221422e+03,3.860831799540280773e+00
9.880179992532948745e+03,3.860831710927782101e+00
9.880180011092674249e+03,3.860831622319109702e+00
9.880180029652401572e+03,3.860831533714246255e+00
9.880180048212127076e+03,3.860831445113210858e+00
9.880180066771854399e+03,3.860831356515985302e+00
9.880180085331579903e+03,3.860831267922588683e+00
9.880180103891307226e+03,3.860831179333003682e+00
9.880180122451032730e+03,3.860831090747247174e+00
9.880180141010760053e+03,3.860831002165303616e+00
9.880180159570485557e+03,3.860830913587190327e+00
9.880180178130212880e+03,3.860830825012890433e+00
9.880180196689938384e+03,3.860830736442421696e+00
9.880180215249663888e+03,3.860830647875777011e+00
9.880180233809391211e+03,3.860830559312947052e+00
9.880180252369116715e+03,3.860830470753950472e+00
9.880180270928844038e+03,3.860830382198770394e+00
9.880180289488569542e+03,3.860830293647423694e+00
9.880180308048296865e+03,3.860830205099894386e+00
9.880180326608022369e+03,3.860830116556200675e+00
9.880180345167749692e+03,3.860830028016324800e+00
9.880180363727475196e+03,3.860829939480285411e+00
9.880180382287202519e+03,3.860829850948065189e+00
9.880180400846928023e+03,3.860829762419682343e+00
9.880180419406655346e+03,3.860829673895119996e+00
9.880180437966380850e+03,3.860829585374395467e+00
9.880180456526106354e+03,3.860829496857501653e+00
9.880180475085833677e+03,3.860829408344430114e+00
9.880180493645559181e+03,3.860829319835198170e+00
9.880180512205286504e+03,3.860829231329788946e+00
9.880180530765012008e+03,3.860829142828220650e+00
9.880180549324739331e+03,3.860829054330476406e+00
9.880180567884464836e+03,3.860828965836575311e+00
9.880180586444192159e+03,3.860828877346498267e+00
9.880180605003917663e+03,3.860828788860263927e+00
9.880180623563644986e+03,3.860828700377856748e+00
9.880180642123370490e+03,3.860828611899293605e+00
9.880180660683097813e+03,3.860828523424557623e+00
9.880180679242823317e+03,3.860828434953666566e+00
9.880180697802548821e+03,3.860828346486613327e+00
9.880180716362276144e+03,3.860828258023387249e+00
9.880180734922001648e+03,3.860828169564009649e+00
9.880180753481728971e+03,3.860828081108460985e+00
9.880180772041454475e+03,3.860827992656760355e+00
9.880180790601181798e+03,3.860827904208890882e+00
9.880180809160907302e+03,3.860827815764870330e+00
9.880180827720634625e+03,3.860827727324681380e+00
9.880180846280360129e+03,3.860827638888342239e+00
9.880180864840087452e+03,3.860827550455836921e+00
9.880180883399812956e+03,3.860827462027181856e+00
9.880180901959540279e+03,3.860827373602361501e+00
9.880180920519265783e+03,3.860827285181393176e+00
9.880180939078991287e+03,3.860827196764267999e+00
9.880180957638718610e+03,3.860827108350979309e+00
9.880180976198444114e+03,3.860827019941543536e+00
9.880180994758171437e+03,3.860826931535945139e+00
9.880181013317896941e+03,3.860826843134201436e+00
9.880181031877624264e+03,3.860826754736294664e+00
9.880181050437349768e+03,3.860826666342244362e+00
9.880181068997077091e+03,3.860826577952032324e+00
9.880181087556802595e+03,3.860826489565678088e+00
9.880181106116529918e+03,3.860826401183163004e+00
9.880181124676255422e+03,3.860826312804505722e+00
9.880181143235982745e+03,3.860826224429689368e+00
9.880181161795708249e+03,3.860826136058731706e+00
9.880181180355433753e+03,3.860826047691625185e+00
9.880181198915161076e+03,3.860825959328361368e+00
9.880181217474886580e+03,3.860825870968957574e+00
9.880181236034613903e+03,3.860825782613398260e+00
9.880181254594339407e+03,3.860825694261699415e+00
9.880181273154066730e+03,3.860825605913845937e+00
9.880181291713792234e+03,3.860825517569854259e+00
9.880181310273519557e+03,3.860825429229708838e+00
9.880181328833245061e+03,3.860825340893426993e+00
9.880181347392972384e+03,3.860825252560992293e+00
9.880181365952697888e+03,3.860825164232421169e+00
9.880181384512425211e+03,3.860825075907698523e+00
9.880181403072150715e+03,3.860824987586840784e+00
9.880181421631876219e+03,3.860824899269842181e+00
9.880181440191603542e+03,3.860824810956691611e+00
9.880181458751329046e+03,3.860824722647408613e+00
9.880181477311056369e+03,3.860824634341976758e+00
9.880181495870781873e+03,3.860824546040412919e+00
9.880181514430509196e+03,3.860824457742700222e+00
9.880181532990234700e+03,3.860824369448856874e+00
9.880181551549962023e+03,3.860824281158866889e+00
9.880181570109687527e+03,3.860824192872746696e+00
9.880181588669414850e+03,3.860824104590479422e+00
9.880181607229140354e+03,3.860824016312084606e+00
9.880181625788867677e+03,3.860823928037544484e+00
9.880181644348593181e+03,3.860823839766876819e+00
9.880181662908318685e+03,3.860823751500073175e+00
9.880181681468046008e+03,3.860823663237126446e+00
9.880181700027771512e+03,3.860823574978053063e+00
9.880181718587498835e+03,3.860823486722837483e+00
9.880181737147224339e+03,3.860823398471496137e+00
9.880181755706951662e+03,3.860823310224014815e+00
9.880181774266677166e+03,3.860823221980408171e+00
9.880181792826404489e+03,3.860823133740661106e+00
9.880181811386129993e+03,3.860823045504791828e+00
9.880181829945857316e+03,3.860822957272783462e+00
9.880181848505582821e+03,3.860822869044652439e+00
9.880181867065310144e+03,3.860822780820383215e+00
9.880181885625035648e+03,3.860822692599993999e+00
9.880181904184761152e+03,3.860822604383475021e+00
9.880181922744488475e+03,3.860822516170819618e+00
9.880181941304213979e+03,3.860822427962045111e+00
9.880181959863941302e+03,3.860822339757135069e+00
9.880181978423666806e+03,3.860822251556106366e+00
9.880181996983394129e+03,3.860822163358943460e+00
9.880182015543119633e+03,3.860822075165663225e+00
9.880182034102846956e+03,3.860821986976249232e+00
9.880182052662572460e+03,3.860821898790719242e+00
9.880182071222299783e+03,3.860821810609056381e+00
9.880182089782025287e+03,3.860821722431278857e+00
9.880182108341752610e+03,3.860821634257370683e+00
9.880182126901478114e+03,3.860821546087347400e+00
9.880182145461203618e+03,3.860821457921202349e+00
9.880182164020930941e+03,3.860821369758927535e+00
9.880182182580656445e+03,3.860821281600540278e+00
9.880182201140383768e+03,3.860821193446024147e+00
9.880182219700109272e+03,3.860821105295397349e+00
9.880182238259836595e+03,3.860821017148641676e+00
9.880182256819562099e+03,3.860820929005775781e+00
9.880182275379289422e+03,3.860820840866783676e+00
9.880182293939014926e+03,3.860820752731682681e+00
9.880182312498742249e+03,3.860820664600454588e+00
9.880182331058467753e+03,3.860820576473119381e+00
9.880182349618195076e+03,3.860820488349658852e+00
9.880182368177920580e+03,3.860820400230091654e+00
9.880182386737646084e+03,3.860820312114409347e+00
9.880182405297373407e+03,3.860820224002603496e+00
9.880182423857098911e+03,3.860820135894693195e+00
9.880182442416826234e+03,3.860820047790659348e+00
9.880182460976551738e+03,3.860819959690522385e+00
9.880182479536279061e+03,3.860819871594263653e+00
9.880182498096004565e+03,3.860819783501901359e+00
9.880182516655731888e+03,3.860819695413418629e+00
9.880182535215457392e+03,3.860819607328835001e+00
9.880182553775184715e+03,3.860819519248131382e+00
9.880182572334910219e+03,3.860819431171326421e+00
9.880182590894635723e+03,3.860819343098412126e+00
9.880182609454363046e+03,3.860819255029381392e+00
9.880182628014088550e+03,3.860819166964250204e+00
9.880182646573815873e+03,3.860819078903002577e+00
9.880182665133541377e+03,3.860818990845655829e+00
9.880182683693268700e+03,3.860818902792194418e+00
9.880182702252994204e+03,3.860818814742635219e+00
9.880182720812721527e+03,3.860818726696961800e+00
9.880182739372447031e+03,3.860818638655191481e+00
9.880182757932174354e+03,3.860818550617308276e+00
9.880182776491899858e+03,3.860818462583329502e+00
9.880182795051627181e+03,3.860818374553239618e+00
9.880182813611352685e+03,3.860818286527053278e+00
9.880182832171078189e+03,3.860818198504765597e+00
9.880182850730805512e+03,3.860818110486367694e+00
9.880182869290531016e+03,3.860818022471875555e+00
9.880182887850258339e+03,3.860817934461274969e+00
9.880182906409983843e+03,3.860817846454582369e+00
9.880182924969711166e+03,3.860817758451780879e+00
9.880182943529436670e+03,3.860817670452889150e+00
9.880182962089163993e+03,3.860817582457889863e+00
9.880182980648889497e+03,3.860817494466800781e+00
9.880182999208616820e+03,3.860817406479604585e+00
9.880183017768342324e+03,3.860817318496320816e+00
9.880183036328069647e+03,3.860817230516930376e+00
9.880183054887795151e+03,3.860817142541453695e+00
9.880183073447520655e+03,3.860817054569880558e+00
9.880183092007247978e+03,3.860816966602203859e+00
9.880183110566973482e+03,3.860816878638440919e+00
9.880183129126700806e+03,3.860816790678575305e+00
9.880183147686426310e+03,3.860816702722623894e+00
9.880183166246153633e+03,3.860816614770572031e+00
9.880183184805879137e+03,3.860816526822436145e+00
9.880183203365606460e+03,3.860816438878198920e+00
9.880183221925331964e+03,3.860816350937878561e+00
9.880183240485059287e+03,3.860816263001459525e+00
9.880183259044784791e+03,3.860816175068958689e+00
9.880183277604512114e+03,3.860816087140358288e+00
9.880183296164237618e+03,3.860815999215677419e+00
9.880183314723963122e+03,3.860815911294908087e+00
9.880183333283690445e+03,3.860815823378040967e+00
9.880183351843415949e+03,3.860815735465095155e+00
9.880183370403143272e+03,3.860815647556053776e+00
9.880183388962868776e+03,3.860815559650933704e+00
9.880183407522596099e+03,3.860815471749718508e+00
9.880183426082321603e+03,3.860815383852426841e+00
9.880183444642048926e+03,3.860815295959040494e+00
9.880183463201774430e+03,3.860815208069578564e+00
9.880183481761501753e+03,3.860815120184024174e+00
9.880183500321227257e+03,3.860815032302394201e+00
9.880183518880954580e+03,3.860814944424672213e+00
9.880183537440680084e+03,3.860814856550876861e+00
9.880183556000405588e+03,3.860814768680999265e+00
9.880183574560132911e+03,3.860814680815030986e+00
9.880183593119858415e+03,3.860814592952990676e+00
9.880183611679585738e+03,3.860814505094861016e+00
9.880183630239311242e+03,3.860814417240660212e+00
9.880183648799038565e+03,3.860814329390371391e+00
9.880183667358764069e+03,3.860814241544012315e+00
9.880183685918491392e+03,3.860814153701565221e+00
9.880183704478216896e+03,3.860814065863050093e+00
9.880183723037944219e+03,3.860813978028448279e+00
9.880183741597669723e+03,3.860813890197778431e+00
9.880183760157397046e+03,3.860813802371023673e+00
9.880183778717122550e+03,3.860813714548201325e+00
9.880183797276848054e+03,3.860813626729303838e+00
9.880183815836575377e+03,3.860813538914323662e+00
9.880183834396300881e+03,3.860813451103277671e+00
9.880183852956028204e+03,3.860813363296148548e+00
9.880183871515753708e+03,3.860813275492955388e+00
9.880183890075481031e+03,3.860813187693680870e+00
9.880183908635206535e+03,3.860813099898342760e+00
9.880183927194933858e+03,3.860813012106923736e+00
9.880183945754659362e+03,3.860812924319443340e+00
9.880183964314386685e+03,3.860812836535882919e+00
9.880183982874112189e+03,3.860812748756261570e+00
9.880184001433839512e+03,3.860812660980561528e+00
9.880184019993565016e+03,3.860812573208801890e+00
9.880184038553290520e+03,3.860812485440972885e+00
9.880184057113017843e+03,3.860812397677067853e+00
9.880184075672743347e+03,3.860812309917104113e+00
9.880184094232470670e+03,3.860812222161064788e+00
9.880184112792196174e+03,3.860812134408967644e+00
9.880184131351923497e+03,3.860812046660795360e+00
9.880184149911649001e+03,3.860811958916567477e+00
9.880184168471376324e+03,3.860811871176265342e+00
9.880184187031101828e+03,3.860811783439907607e+00
9.880184205590829151e+03,3.860811695707476954e+00
9.880184224150554655e+03,3.860811607978992921e+00
9.880184242710281978e+03,3.860811520254436857e+00
9.880184261270007482e+03,3.860811432533826970e+00
9.880184279829732986e+03,3.860811344817155710e+00
9.880184298389460309e+03,3.860811257104414196e+00
9.880184316949185813e+03,3.860811169395621079e+00
9.880184335508913136e+03,3.860811081690759039e+00
9.880184354068638640e+03,3.860810993989846285e+00
9.880184372628365963e+03,3.860810906292865496e+00
9.880184391188091467e+03,3.860810818599834882e+00
9.880184409747818790e+03,3.860810730910737121e+00
9.880184428307544295e+03,3.860810643225591310e+00
9.880184446867271618e+03,3.860810555544379241e+00
9.880184465426997122e+03,3.860810467867119566e+00
9.880184483986724445e+03,3.860810380193795854e+00
9.880184502546449949e+03,3.860810292524424092e+00
9.880184521106175453e+03,3.860810204858998951e+00
9.880184539665902776e+03,3.860810117197509328e+00
9.880184558225628280e+03,3.860810029539975652e+00
9.880184576785355603e+03,3.860809941886379271e+00
9.880184595345081107e+03,3.860809854236738836e+00
9.880184613904808430e+03,3.860809766591037917e+00
9.880184632464533934e+03,3.860809678949292945e+00
9.880184651024261257e+03,3.860809591311488820e+00
9.880184669583986761e+03,3.860809503677642418e+00
9.880184688143714084e+03,3.860809416047737308e+00
9.880184706703439588e+03,3.860809328421791253e+00
9.880184725263166911e+03,3.860809240799786934e+00
9.880184743822892415e+03,3.860809153181743003e+00
9.880184762382617919e+03,3.860809065567650578e+00
9.880184780942345242e+03,3.860808977957502552e+00
9.880184799502070746e+03,3.860808890351314915e+00
9.880184818061798069e+03,3.860808802749072566e+00
9.880184836621523573e+03,3.860808715150793713e+00
9.880184855181250896e+03,3.860808627556460149e+00
9.880184873740976400e+03,3.860808539966090080e+00
9.880184892300703723e+03,3.860808452379667077e+00
9.880184910860429227e+03,3.860808364797208014e+00
9.880184929420156550e+03,3.860808277218697793e+00
9.880184947979882054e+03,3.860808189644152844e+00
9.880184966539609377e+03,3.860808102073557624e+00
9.880184985099334881e+03,3.860808014506928121e+00
9.880185003659060385e+03,3.860807926944257673e+00
9.880185022218787708e+03,3.860807839385538731e+00
9.880185040778513212e+03,3.860807751830787282e+00
9.880185059338240535e+03,3.860807664279987339e+00
9.880185077897966039e+03,3.860807576733156665e+00
9.880185096457693362e+03,3.860807489190279274e+00
9.880185115017418866e+03,3.860807401651371595e+00
9.880185133577146189e+03,3.860807314116418087e+00
9.880185152136871693e+03,3.860807226585435625e+00
9.880185170696599016e+03,3.860807139058408222e+00
9.880185189256324520e+03,3.860807051535353196e+00
9.880185207816051843e+03,3.860806964016254117e+00
9.880185226375777347e+03,3.860806876501128748e+00
9.880185244935502851e+03,3.860806788989968208e+00
9.880185263495230174e+03,3.860806701482764947e+00
9.880185282054955678e+03,3.860806613979537172e+00
9.880185300614683001e+03,3.860806526480268008e+00
9.880185319174408505e+03,3.860806438984974331e+00
9.880185337734135828e+03,3.860806351493641042e+00
9.880185356293861332e+03,3.860806264006284128e+00
9.880185374853588655e+03,3.860806176522888489e+00
9.880185393413314159e+03,3.860806089043470113e+00
9.880185411973041482e+03,3.860806001568013901e+00
9.880185430532766986e+03,3.860805914096536728e+00
9.880185449092494309e+03,3.860805826629022164e+00
9.880185467652219813e+03,3.860805739165487971e+00
9.880185486211945317e+03,3.860805651705925712e+00
9.880185504771672640e+03,3.860805564250327393e+00
9.880185523331398144e+03,3.860805476798711666e+00
9.880185541891125467e+03,3.860805389351060768e+00
9.880185560450850971e+03,3.860805301907393350e+00
9.880185579010578294e+03,3.860805214467691648e+00
9.880185597570303798e+03,3.860805127031973427e+00
9.880185616130031121e+03,3.860805039600222699e+00
9.880185634689756625e+03,3.860804952172457227e+00
9.880185653249483948e+03,3.860804864748660137e+00
9.880185671809209452e+03,3.860804777328848747e+00
9.880185690368936775e+03,3.860804689913007071e+00
9.880185708928662280e+03,3.860804602501152427e+00
9.880185727488387784e+03,3.860804515093276823e+00
9.880185746048115107e+03,3.860804427689370932e+00
9.880185764607840611e+03,3.860804340289455627e+00
9.880185783167567934e+03,3.860804252893510924e+00
9.880185801727293438e+03,3.860804165501556362e+00
9.880185820287020761e+03,3.860804078113574622e+00
9.880185838846746265e+03,3.860803990729583468e+00
9.880185857406473588e+03,3.860803903349566912e+00
9.880185875966199092e+03,3.860803815973540942e+00
9.880185894525926415e+03,3.860803728601491347e+00
9.880185913085651919e+03,3.860803641233434114e+00
9.880185931645379242e+03,3.860803553869352367e+00
9.880185950205104746e+03,3.860803466509265203e+00
9.880185968764830250e+03,3.860803379153164183e+00
9.880185987324557573e+03,3.860803291801039983e+00
9.880186005884283077e+03,3.860803204452911253e+00
9.880186024444010400e+03,3.860803117108761118e+00
9.880186043003735904e+03,3.860803029768607786e+00
9.880186061563463227e+03,3.860802942432434381e+00
9.880186080123188731e+03,3.860802855100258224e+00
9.880186098682916054e+03,3.860802767772063326e+00
9.880186117242641558e+03,3.860802680447866564e+00
9.880186135802368881e+03,3.860802593127651505e+00
9.880186154362094385e+03,3.860802505811436358e+00
9.880186172921821708e+03,3.860802418499203803e+00
9.880186191481547212e+03,3.860802331190971604e+00
9.880186210041272716e+03,3.860802243886732210e+00
9.880186228601000039e+03,3.860802156586477185e+00
9.880186247160725543e+03,3.860802069290224292e+00
9.880186265720452866e+03,3.860801981997956656e+00
9.880186284280178370e+03,3.860801894709692927e+00
9.880186302839905693e+03,3.860801807425414900e+00
9.880186321399631197e+03,3.860801720145141669e+00
9.880186339959358520e+03,3.860801632868856359e+00
9.880186358519084024e+03,3.860801545596575401e+00
9.880186377078811347e+03,3.860801458328283697e+00
9.880186395638536851e+03,3.860801371063998122e+00
9.880186414198264174e+03,3.860801283803701800e+00
9.880186432757989678e+03,3.860801196547412939e+00
9.880186451317715182e+03,3.860801109295123990e+00
9.880186469877442505e+03,3.860801022046825626e+00
9.880186488437168009e+03,3.860800934802536499e+00
9.880186506996895332e+03,3.860800847562239735e+00
9.880186525556620836e+03,3.860800760325952208e+00
9.880186544116348159e+03,3.860800673093658819e+00
9.880186562676073663e+03,3.860800585865376000e+00
9.880186581235800986e+03,3.860800498641087319e+00
9.880186599795526490e+03,3.860800411420810985e+00
9.880186618355253813e+03,3.860800324204529677e+00
9.880186636914979317e+03,3.860800236992262491e+00
9.880186655474706640e+03,3.860800149783990332e+00
9.880186674034432144e+03,3.860800062579732739e+00
9.880186692594157648e+03,3.860799975379481275e+00
9.880186711153884971e+03,3.860799888183228834e+00
9.880186729713610475e+03,3.860799800990990516e+00
9.880186748273337798e+03,3.860799713802752109e+00
9.880186766833063302e+03,3.860799626618529601e+00
9.880186785392790625e+03,3.860799539438307004e+00
9.880186803952516129e+03,3.860799452262103415e+00
9.880186822512243452e+03,3.860799365089899737e+00
9.880186841071968956e+03,3.860799277921715511e+00
9.880186859631696279e+03,3.860799190757532973e+00
9.880186878191421783e+03,3.860799103597370330e+00
9.880186896751149106e+03,3.860799016441211151e+00
9.880186915310874610e+03,3.860798929289072312e+00
9.880186933870600114e+03,3.860798842140947151e+00
9.880186952430327437e+03,3.860798754996825899e+00
9.880186970990052941e+03,3.860798667856727651e+00
9.880186989549780264e+03,3.860798580720634643e+00
9.880187008109505769e+03,3.860798493588565528e+00
9.880187026669233092e+03,3.860798406460502097e+00
9.880187045228958596e+03,3.860798319336464335e+00
9.880187063788685919e+03,3.860798232216434034e+00
9.880187082348411423e+03,3.860798145100428957e+00
9.880187100908138746e+03,3.860798057988433563e+00
9.880187119467864250e+03,3.860797970880463836e+00
9.880187138027591573e+03,3.860797883776504680e+00
9.880187156587317077e+03,3.860797796676572524e+00
9.880187175147042581e+03,3.860797709580660264e+00
9.880187193706769904e+03,3.860797622488759906e+00
9.880187212266495408e+03,3.860797535400888325e+00
9.880187230826222731e+03,3.860797448317029090e+00
9.880187249385948235e+03,3.860797361237199965e+00
9.880187267945675558e+03,3.860797274161384518e+00
9.880187286505401062e+03,3.860797187089600513e+00
9.880187305065128385e+03,3.860797100021831074e+00
9.880187323624853889e+03,3.860797012958093521e+00
9.880187342184581212e+03,3.860796925898371423e+00
9.880187360744306716e+03,3.860796838842683432e+00
9.880187379304034039e+03,3.860796751791011783e+00
9.880187397863759543e+03,3.860796664743373796e+00
9.880187416423485047e+03,3.860796577699763255e+00
9.880187434983212370e+03,3.860796490660169944e+00
9.880187453542937874e+03,3.860796403624612516e+00
9.880187472102665197e+03,3.860796316593075428e+00
9.880187490662390701e+03,3.860796229565573778e+00
9.880187509222118024e+03,3.860796142542093801e+00
9.880187527781843528e+03,3.860796055522651038e+00
9.880187546341570851e+03,3.860795968507229947e+00
9.880187564901296355e+03,3.860795881495847404e+00
9.880187583461023678e+03,3.860795794488487420e+00
9.880187602020749182e+03,3.860795707485167760e+00
9.880187620580474686e+03,3.860795620485879542e+00
9.880187639140202009e+03,3.860795533490615217e+00
9.880187657699927513e+03,3.860795446499393435e+00
9.880187676259654836e+03,3.860795359512195546e+00
9.880187694819380340e+03,3.860795272529041089e+00
9.880187713379107663e+03,3.860795185549912301e+00
9.880187731938833167e+03,3.860795098574826500e+00
9.880187750498560490e+03,3.860795011603768589e+00
9.880187769058285994e+03,3.860794924636754999e+00
9.880187787618013317e+03,3.860794837673769742e+00
9.880187806177738821e+03,3.860794750714830581e+00
9.880187824737466144e+03,3.860794663759919754e+00
9.880187843297191648e+03,3.860794576809055911e+00
9.880187861856917152e+03,3.860794489862231060e+00
9.880187880416644475e+03,3.860794402919436763e+00
9.880187898976369979e+03,3.860794315980690783e+00
9.880187917536097302e+03,3.860794229045975801e+00
9.880187936095822806e+03,3.860794142115310912e+00
9.880187954655550129e+03,3.860794055188678353e+00
9.880187973215275633e+03,3.860793968266097220e+00
9.880187991775002956e+03,3.860793881347549306e+00
9.880188010334728460e+03,3.860793794433051929e+00
9.880188028894455783e+03,3.860793707522590434e+00
9.880188047454181287e+03,3.860793620616181254e+00
9.880188066013908610e+03,3.860793533713807069e+00
9.880188084573634114e+03,3.860793446815487417e+00
9.880188103133359618e+03,3.860793359921212531e+00
9.880188121693086941e+03,3.860793273030974859e+00
9.880188140252812445e+03,3.860793186144793054e+00
9.880188158812539768e+03,3.860793099262648909e+00
9.880188177372265272e+03,3.860793012384561962e+00
9.880188195931992595e+03,3.860792925510513562e+00
9.880188214491718099e+03,3.860792838640521918e+00
9.880188233051445422e+03,3.860792751774571485e+00
9.880188251611170926e+03,3.860792664912679140e+00
9.880188270170898249e+03,3.860792578054828450e+00
9.880188288730623754e+03,3.860792491201036736e+00
9.880188307290351077e+03,3.860792404351288010e+00
9.880188325850076581e+03,3.860792317505598259e+00
9.880188344409802085e+03,3.860792230663961266e+00
9.880188362969529408e+03,3.860792143826369038e+00
9.880188381529254912e+03,3.860792056992838006e+00
9.880188400088982235e+03,3.860791970163352627e+00
9.880188418648707739e+03,3.860791883337929775e+00
9.880188437208435062e+03,3.860791796516553021e+00
9.880188455768160566e+03,3.860791709699240126e+00
9.880188474327887889e+03,3.860791622885974217e+00
9.880188492887613393e+03,3.860791536076773500e+00
9.880188511447340716e+03,3.860791449271621101e+00
9.880188530007066220e+03,3.860791362470534782e+00
9.880188548566793543e+03,3.860791275673497669e+00
9.880188567126519047e+03,3.860791188880527081e+00
9.880188585686244551e+03,3.860791102091615468e+00
9.880188604245971874e+03,3.860791015306754836e+00
9.880188622805697378e+03,3.860790928525962507e+00
9.880188641365424701e+03,3.860790841749222047e+00
9.880188659925150205e+03,3.860790754976552108e+00
9.880188678484877528e+03,3.860790668207934040e+00
9.880188697044603032e+03,3.860790581443386937e+00
9.880188715604330355e+03,3.860790494682893481e+00
9.880188734164055859e+03,3.860790407926471879e+00
9.880188752723783182e+03,3.860790321174105699e+00
9.880188771283508686e+03,3.860790234425811374e+00
9.880188789843236009e+03,3.860790147681573359e+00
9.880188808402961513e+03,3.860790060941408974e+00
9.880188826962687017e+03,3.860789974205310227e+00
9.880188845522414340e+03,3.860789887473269122e+00
9.880188864082139844e+03,3.860789800745303424e+00
9.880188882641867167e+03,3.860789714021395369e+00
9.880188901201592671e+03,3.860789627301564497e+00
9.880188919761319994e+03,3.860789540585793489e+00
9.880188938321045498e+03,3.860789453874098776e+00
9.880188956880772821e+03,3.860789367166464814e+00
9.880188975440498325e+03,3.860789280462910256e+00
9.880188994000225648e+03,3.860789193763416449e+00
9.880189012559951152e+03,3.860789107068002046e+00
9.880189031119678475e+03,3.860789020376650615e+00
9.880189049679403979e+03,3.860788933689379476e+00
9.880189068239129483e+03,3.860788847006180635e+00
9.880189086798856806e+03,3.860788760327046543e+00
9.880189105358582310e+03,3.860788673651994074e+00
9.880189123918309633e+03,3.860788586981006798e+00
9.880189142478035137e+03,3.860788500314102922e+00
9.880189161037762460e+03,3.860788413651264239e+00
9.880189179597487964e+03,3.860788326992510733e+00
9.880189198157215287e+03,3.860788240337824195e+00
9.880189216716940791e+03,3.860788153687222390e+00
9.880189235276668114e+03,3.860788067040689775e+00
9.880189253836393618e+03,3.860787980398242336e+00
9.880189272396120941e+03,3.860787893759864975e+00
9.880189290955846445e+03,3.860787807125574123e+00
9.880189309515571949e+03,3.860787720495363118e+00
9.880189328075299272e+03,3.860787633869222191e+00
9.880189346635024776e+03,3.860787547247170437e+00
9.880189365194752099e+03,3.860787460629190981e+00
9.880189383754477603e+03,3.860787374015300699e+00
9.880189402314204926e+03,3.860787287405484047e+00
9.880189420873930430e+03,3.860787200799757457e+00
9.880189439433657753e+03,3.860787114198104941e+00
9.880189457993383257e+03,3.860787027600544263e+00
9.880189476553110580e+03,3.860786941007058548e+00
9.880189495112836084e+03,3.860786854417666447e+00
9.880189513672563407e+03,3.860786767832349753e+00
9.880189532232288911e+03,3.860786681251127117e+00
9.880189550792014415e+03,3.860786594673990102e+00
9.880189569351741739e+03,3.860786508100930714e+00
9.880189587911467243e+03,3.860786421531967161e+00
9.880189606471194566e+03,3.860786334967082123e+00
9.880189625030920070e+03,3.860786248406292920e+00
9.880189643590647393e+03,3.860786161849584008e+00
9.880189662150372897e+03,3.860786075296971820e+00
9.880189680710100220e+03,3.860785988748441699e+00
9.880189699269825724e+03,3.860785902204009190e+00
9.880189717829553047e+03,3.860785815663658305e+00
9.880189736389278551e+03,3.860785729127407251e+00
9.880189754949005874e+03,3.860785642595239597e+00
9.880189773508731378e+03,3.860785556067171331e+00
9.880189792068456882e+03,3.860785469543195791e+00
9.880189810628184205e+03,3.860785383023304984e+00
9.880189829187909709e+03,3.860785296507515785e+00
9.880189847747637032e+03,3.860785209995813094e+00
9.880189866307362536e+03,3.860785123488212012e+00
9.880189884867089859e+03,3.860785036984698770e+00
9.880189903426815363e+03,3.860784950485288913e+00
9.880189921986542686e+03,3.860784863989966453e+00
9.880189940546268190e+03,3.860784777498749598e+00
9.880189959105995513e+03,3.860784691011621472e+00
9.880189977665721017e+03,3.860784604528598507e+00
9.880189996225448340e+03,3.860784518049665159e+00
9.880190014785173844e+03,3.860784431574840081e+00
9.880190033344899348e+03,3.860784345104113058e+00
9.880190051904626671e+03,3.860784258637477873e+00
9.880190070464352175e+03,3.860784172174951401e+00
9.880190089024079498e+03,3.860784085716516323e+00
9.880190107583805002e+03,3.860783999262192179e+00
9.880190126143532325e+03,3.860783912811960317e+00
9.880190144703257829e+03,3.860783826365839833e+00
9.880190163262985152e+03,3.860783739923812519e+00
9.880190181822710656e+03,3.860783653485897915e+00
9.880190200382437979e+03,3.860783567052078702e+00
9.880190218942163483e+03,3.860783480622371755e+00
9.880190237501890806e+03,3.860783394196761087e+00
9.880190256061616310e+03,3.860783307775264905e+00
9.880190274621341814e+03,3.860783221357874329e+00
9.880190293181069137e+03,3.860783134944581363e+00
9.880190311740794641e+03,3.860783048535403772e+00
9.880190330300521964e+03,3.860782962130324680e+00
9.880190348860247468e+03,3.860782875729362296e+00
9.880190367419974791e+03,3.860782789332500631e+00
9.880190385979700295e+03,3.860782702939756117e+00
9.880190404539427618e+03,3.860782616551111435e+00
9.880190423099153122e+03,3.860782530166586568e+00
9.880190441658880445e+03,3.860782443786162865e+00
9.880190460218605949e+03,3.860782357409859422e+00
9.880190478778333272e+03,3.860782271037658031e+00
9.880190497338058776e+03,3.860782184669577788e+00
9.880190515897784280e+03,3.860782098305609367e+00
9.880190534457511603e+03,3.860782011945746550e+00
9.880190553017237107e+03,3.860781925590005326e+00
9.880190571576964430e+03,3.860781839238369262e+00
9.880190590136689934e+03,3.860781752890856566e+00
9.880190608696417257e+03,3.860781666547450364e+00
9.880190627256142761e+03,3.860781580208168862e+00
9.880190645815870084e+03,3.860781493872994741e+00
9.880190664375595588e+03,3.860781407541945764e+00
9.880190682935322911e+03,3.860781321215005057e+00
9.880190701495048415e+03,3.860781234892190827e+00
9.880190720054775738e+03,3.860781148573486199e+00
9.880190738614501242e+03,3.860781062258908491e+00
9.880190757174226746e+03,3.860780975948450600e+00
9.880190775733954069e+03,3.860780889642104086e+00
9.880190794293679573e+03,3.860780803339885381e+00
9.880190812853406896e+03,3.860780717041779386e+00
9.880190831413132400e+03,3.860780630747803865e+00
9.880190849972859723e+03,3.860780544457940611e+00
9.880190868532585228e+03,3.860780458172209162e+00
9.880190887092312551e+03,3.860780371890591756e+00
9.880190905652038055e+03,3.860780285613105267e+00
9.880190924211765378e+03,3.860780199339735042e+00
9.880190942771490882e+03,3.860780113070497066e+00
9.880190961331218205e+03,3.860780026805375797e+00
9.880190979890943709e+03,3.860779940544388555e+00
9.880190998450669213e+03,3.860779854287526902e+00
9.880191017010396536e+03,3.860779768034783288e+00
9.880191035570122040e+03,3.860779681786175477e+00
9.880191054129849363e+03,3.860779595541686149e+00
9.880191072689574867e+03,3.860779509301333512e+00
9.880191091249302190e+03,3.860779423065100691e+00
9.880191109809027694e+03,3.860779336833005448e+00
9.880191128368755017e+03,3.860779250605031354e+00
9.880191146928480521e+03,3.860779164381195283e+00
9.880191165488207844e+03,3.860779078161482136e+00
9.880191184047933348e+03,3.860778991945907901e+00
9.880191202607660671e+03,3.860778905734456590e+00
9.880191221167386175e+03,3.860778819527145966e+00
9.880191239727111679e+03,3.860778733323968481e+00
9.880191258286839002e+03,3.860778647124914809e+00
9.880191276846564506e+03,3.860778560930003156e+00
9.880191295406291829e+03,3.860778474739217980e+00
9.880191313966017333e+03,3.860778388552575269e+00
9.880191332525744656e+03,3.860778302370059922e+00
9.880191351085470160e+03,3.860778216191687484e+00
9.880191369645197483e+03,3.860778130017444187e+00
9.880191388204922987e+03,3.860778043847345131e+00
9.880191406764650310e+03,3.860777957681375216e+00
9.880191425324375814e+03,3.860777871519551763e+00
9.880191443884103137e+03,3.860777785361856562e+00
9.880191462443828641e+03,3.860777699208310487e+00
9.880191481003554145e+03,3.860777613058901991e+00
9.880191499563281468e+03,3.860777526913626190e+00
9.880191518123006972e+03,3.860777440772498625e+00
9.880191536682734295e+03,3.860777354635503311e+00
9.880191555242459799e+03,3.860777268502657567e+00
9.880191573802187122e+03,3.860777182373945404e+00
9.880191592361912626e+03,3.860777096249384588e+00
9.880191610921639949e+03,3.860777010128957354e+00
9.880191629481365453e+03,3.860776924012682354e+00
9.880191648041092776e+03,3.860776837900542269e+00
9.880191666600818280e+03,3.860776751792555306e+00
9.880191685160545603e+03,3.860776665688705034e+00
9.880191703720271107e+03,3.860776579589008772e+00
9.880191722279996611e+03,3.860776493493458084e+00
9.880191740839723934e+03,3.860776407402044974e+00
9.880191759399449438e+03,3.860776321314787651e+00
9.880191777959176761e+03,3.860776235231669684e+00
9.880191796518902265e+03,3.860776149152707948e+00
9.880191815078629588e+03,3.860776063077886011e+00
9.880191833638355092e+03,3.860775977007221194e+00
9.880191852198082415e+03,3.860775890940698396e+00
9.880191870757807919e+03,3.860775804878334050e+00
9.880191889317535242e+03,3.860775718820111280e+00
9.880191907877260746e+03,3.860775632766048293e+00
9.880191926436988069e+03,3.860775546716127327e+00
9.880191944996713573e+03,3.860775460670368364e+00
9.880191963556439077e+03,3.860775374628760748e+00
9.880191982116166400e+03,3.860775288591298704e+00
9.880192000675891904e+03,3.860775202557998664e+00
9.880192019235619227e+03,3.860775116528844642e+00
9.880192037795344731e+03,3.860775030503852623e+00
9.880192056355072054e+03,3.860774944483008397e+00
9.880192074914797558e+03,3.860774858466327064e+00
9.880192093474524881e+03,3.860774772453794412e+00
9.880192112034250385e+03,3.860774686445426429e+00
9.880192130593977708e+03,3.860774600441208015e+00
9.880192149153703213e+03,3.860774514441155159e+00
9.880192167713430536e+03,3.860774428445251427e+00
9.880192186273156040e+03,3.860774342453516361e+00
9.880192204832881544e+03,3.860774256465939747e+00
9.880192223392608867e+03,3.860774170482514034e+00
9.880192241952334371e+03,3.860774084503257431e+00
9.880192260512061694e+03,3.860773998528153061e+00
9.880192279071787198e+03,3.860773912557218690e+00
9.880192297631514521e+03,3.860773826590437441e+00
9.880192316191240025e+03,3.860773740627827522e+00
9.880192334750967348e+03,3.860773654669371613e+00
9.880192353310692852e+03,3.860773568715087478e+00
9.880192371870420175e+03,3.860773482764958686e+00
9.880192390430145679e+03,3.860773396819002556e+00
9.880192408989871183e+03,3.860773310877211095e+00
9.880192427549598506e+03,3.860773224939577641e+00
9.880192446109324010e+03,3.860773139006117738e+00
9.880192464669051333e+03,3.860773053076816286e+00
9.880192483228776837e+03,3.860772967151690160e+00
9.880192501788504160e+03,3.860772881230722486e+00
9.880192520348229664e+03,3.860772795313931915e+00
9.880192538907956987e+03,3.860772709401300684e+00
9.880192557467682491e+03,3.860772623492847000e+00
9.880192576027409814e+03,3.860772537588554432e+00
9.880192594587135318e+03,3.860772451688440743e+00
9.880192613146862641e+03,3.860772365792488170e+00
9.880192631706588145e+03,3.860772279900716253e+00
9.880192650266313649e+03,3.860772194013115222e+00
9.880192668826040972e+03,3.860772108129677527e+00
9.880192687385766476e+03,3.860772022250421376e+00
9.880192705945493799e+03,3.860771936375329894e+00
9.880192724505219303e+03,3.860771850504420399e+00
9.880192743064946626e+03,3.860771764637676462e+00
9.880192761624672130e+03,3.860771678775115401e+00
9.880192780184399453e+03,3.860771592916721673e+00
9.880192798744124957e+03,3.860771507062511265e+00
9.880192817303852280e+03,3.860771421212468635e+00
9.880192835863577784e+03,3.860771335366611101e+00
9.880192854423305107e+03,3.860771249524922677e+00
9.880192872983030611e+03,3.860771163687419794e+00
9.880192891542756115e+03,3.860771077854095790e+00
9.880192910102483438e+03,3.860770992024941339e+00
9.880192928662208942e+03,3.860770906199974650e+00
9.880192947221936265e+03,3.860770820379179735e+00
9.880192965781661769e+03,3.860770734562573026e+00
9.880192984341389092e+03,3.860770648750139422e+00
9.880193002901114596e+03,3.860770562941894468e+00
9.880193021460841919e+03,3.860770477137823509e+00
9.880193040020567423e+03,3.860770391337943419e+00
9.880193058580294746e+03,3.860770305542237324e+00
9.880193077140020250e+03,3.860770219750722543e+00
9.880193095699747573e+03,3.860770133963383532e+00
9.880193114259473077e+03,3.860770048180238057e+00
9.880193132819198581e+03,3.860769962401275901e+00
9.880193151378925904e+03,3.860769876626491293e+00
9.880193169938651408e+03,3.860769790855901551e+00
9.880193188498378731e+03,3.860769705089489801e+00
9.880193207058104235e+03,3.860769619327272473e+00
9.880193225617831558e+03,3.860769533569234468e+00
9.880193244177557062e+03,3.860769447815393107e+00
9.880193262737284385e+03,3.860769362065731070e+00
9.880193281297009889e+03,3.860769276320267007e+00
9.880193299856737212e+03,3.860769190578983601e+00
9.880193318416462716e+03,3.860769104841899058e+00
9.880193336976190039e+03,3.860769019108996059e+00
9.880193355535915543e+03,3.860768933380292811e+00
9.880193374095641047e+03,3.860768847655780434e+00
9.880193392655368370e+03,3.860768761935451820e+00
9.880193411215093874e+03,3.860768676219324735e+00
9.880193429774821197e+03,3.860768590507381415e+00
9.880193448334546702e+03,3.860768504799640510e+00
9.880193466894274025e+03,3.860768419096085147e+00
9.880193485453999529e+03,3.860768333396733087e+00
9.880193504013726852e+03,3.860768247701567013e+00
9.880193522573452356e+03,3.860768162010605131e+00
9.880193541133179679e+03,3.860768076323830567e+00
9.880193559692905183e+03,3.860767990641261971e+00
9.880193578252632506e+03,3.860767904962881136e+00
9.880193596812358010e+03,3.860767819288706271e+00
9.880193615372083514e+03,3.860767733618730269e+00
9.880193633931810837e+03,3.860767647952944248e+00
9.880193652491536341e+03,3.860767562291365529e+00
9.880193671051263664e+03,3.860767476633978568e+00
9.880193689610989168e+03,3.860767390980798908e+00
9.880193708170716491e+03,3.860767305331812338e+00
9.880193726730441995e+03,3.860767219687035290e+00
9.880193745290169318e+03,3.860767134046452220e+00
9.880193763849894822e+03,3.860767048410079116e+00
9.880193782409622145e+03,3.860766962777899991e+00
9.880193800969347649e+03,3.860766877149933052e+00
9.880193819529074972e+03,3.860766791526161423e+00
9.880193838088800476e+03,3.860766705906601981e+00
9.880193856648525980e+03,3.860766620291247175e+00
9.880193875208253303e+03,3.860766534680090345e+00
9.880193893767978807e+03,3.860766449073146589e+00
9.880193912327706130e+03,3.860766363470400364e+00
9.880193930887431634e+03,3.860766277871870322e+00
9.880193949447158957e+03,3.860766192277538700e+00
9.880193968006884461e+03,3.860766106687424148e+00
9.880193986566611784e+03,3.860766021101508461e+00
9.880194005126337288e+03,3.860765935519809844e+00
9.880194023686064611e+03,3.860765849942312755e+00
9.880194042245790115e+03,3.860765764369033626e+00
9.880194060805517438e+03,3.860765678799957357e+00
9.880194079365242942e+03,3.860765593235099491e+00
9.880194097924968446e+03,3.860765507674452923e+00
9.880194116484695769e+03,3.860765422118009660e+00
9.880194135044421273e+03,3.860765336565787464e+00
9.880194153604148596e+03,3.860765251017769906e+00
9.880194172163874100e+03,3.860765165473974303e+00
9.880194190723601423e+03,3.860765079934383781e+00
9.880194209283326927e+03,3.860764994399016548e+00
9.880194227843054250e+03,3.860764908867855727e+00
9.880194246402779754e+03,3.860764823340919083e+00
9.880194264962507077e+03,3.860764737818189296e+00
9.880194283522232581e+03,3.860764652299685018e+00
9.880194302081959904e+03,3.860764566785388929e+00
9.880194320641685408e+03,3.860764481275318794e+00
9.880194339201410912e+03,3.860764395769466617e+00
9.880194357761138235e+03,3.860764310267824406e+00
9.880194376320863739e+03,3.860764224770409925e+00
9.880194394880591062e+03,3.860764139277206297e+00
9.880194413440316566e+03,3.860764053788230843e+00
9.880194432000043889e+03,3.860763968303468463e+00
9.880194450559769393e+03,3.860763882822934701e+00
9.880194469119496716e+03,3.860763797346614901e+00
9.880194487679222220e+03,3.860763711874524606e+00
9.880194506238949543e+03,3.860763626406649163e+00
9.880194524798675047e+03,3.860763540943004557e+00
9.880194543358402370e+03,3.860763455483576134e+00
9.880194561918127874e+03,3.860763370028378993e+00
9.880194580477853378e+03,3.860763284577407806e+00
9.880194599037580701e+03,3.860763199130652801e+00
9.880194617597306205e+03,3.860763113688131298e+00
9.880194636157033528e+03,3.860763028249828199e+00
9.880194654716759032e+03,3.860762942815759491e+00
9.880194673276486355e+03,3.860762857385910518e+00
9.880194691836211859e+03,3.860762771960297268e+00
9.880194710395939182e+03,3.860762686538902866e+00
9.880194728955664687e+03,3.860762601121747295e+00
9.880194747515392010e+03,3.860762515708811016e+00
9.880194766075117514e+03,3.860762430300113124e+00
9.880194784634844837e+03,3.860762344895637632e+00
9.880194803194570341e+03,3.860762259495400528e+00
9.880194821754295845e+03,3.860762174099395150e+00
9.880194840314023168e+03,3.860762088707613060e+00
9.880194858873748672e+03,3.860762003320071578e+00
9.880194877433475995e+03,3.860761917936754273e+00
9.880194895993201499e+03,3.860761832557678908e+00
9.880194914552928822e+03,3.860761747182829051e+00
9.880194933112654326e+03,3.860761661812222023e+00
9.880194951672381649e+03,3.860761576445840948e+00
9.880194970232107153e+03,3.860761491083703145e+00
9.880194988791834476e+03,3.860761405725793516e+00
9.880195007351559980e+03,3.860761320372128491e+00
9.880195025911287303e+03,3.860761235022691640e+00
9.880195044471012807e+03,3.860761149677501169e+00
9.880195063030738311e+03,3.860761064336547310e+00
9.880195081590465634e+03,3.860760978999824289e+00
9.880195100150191138e+03,3.860760893667348093e+00
9.880195118709918461e+03,3.860760808339103178e+00
9.880195137269643965e+03,3.860760723015106866e+00
9.880195155829371288e+03,3.860760637695341835e+00
9.880195174389096792e+03,3.860760552379826738e+00
9.880195192948824115e+03,3.860760467068544255e+00
9.880195211508549619e+03,3.860760381761511706e+00
9.880195230068276942e+03,3.860760296458713992e+00
9.880195248628002446e+03,3.860760211160167543e+00
9.880195267187729769e+03,3.860760125865855930e+00
9.880195285747455273e+03,3.860760040575796470e+00
9.880195304307180777e+03,3.860759955289981615e+00
9.880195322866908100e+03,3.860759870008402928e+00
9.880195341426633604e+03,3.860759784731078614e+00
9.880195359986360927e+03,3.860759699457991356e+00
9.880195378546086431e+03,3.860759614189159361e+00
9.880195397105813754e+03,3.860759528924566197e+00
9.880195415665539258e+03,3.860759443664228741e+00
9.880195434225266581e+03,3.860759358408130559e+00
9.880195452784992085e+03,3.860759273156289861e+00
9.880195471344719408e+03,3.860759187908688883e+00
9.880195489904444912e+03,3.860759102665346720e+00
9.880195508464172235e+03,3.860759017426246054e+00
9.880195527023897739e+03,3.860758932191404647e+00
9.880195545583623243e+03,3.860758846960813617e+00
9.880195564143350566e+03,3.860758761734466304e+00
9.880195582703076070e+03,3.860758676512378695e+00
9.880195601262803393e+03,3.860758591294535691e+00
9.880195619822528897e+03,3.860758506080953723e+00
9.880195638382256220e+03,3.860758420871617691e+00
9.880195656941981724e+03,3.860758335666544028e+00
9.880195675501709047e+03,3.860758250465716301e+00
9.880195694061434551e+03,3.860758165269152276e+00
9.880195712621161874e+03,3.860758080076835519e+00
9.880195731180887378e+03,3.860757994888782907e+00
9.880195749740614701e+03,3.860757909704978896e+00
9.880195768300340205e+03,3.860757824525440363e+00
9.880195786860065709e+03,3.860757739350159756e+00
9.880195805419793032e+03,3.860757654179128640e+00
9.880195823979518536e+03,3.860757569012364332e+00
9.880195842539245859e+03,3.860757483849850846e+00
9.880195861098971363e+03,3.860757398691605946e+00
9.880195879658698686e+03,3.860757313537611868e+00
9.880195898218424190e+03,3.860757228387888151e+00
9.880195916778151513e+03,3.860757143242416145e+00
9.880195935337877017e+03,3.860757058101214945e+00
9.880195953897604340e+03,3.860756972964267675e+00
9.880195972457329844e+03,3.860756887831591211e+00
9.880195991017057167e+03,3.860756802703169122e+00
9.880196009576782672e+03,3.860756717579019615e+00
9.880196028136508176e+03,3.860756632459134252e+00
9.880196046696235499e+03,3.860756547343505485e+00
9.880196065255961003e+03,3.860756462232150188e+00
9.880196083815688326e+03,3.860756377125052374e+00
9.880196102375413830e+03,3.860756292022229363e+00
9.880196120935141153e+03,3.860756206923665168e+00
9.880196139494866657e+03,3.860756121829375331e+00
9.880196158054593980e+03,3.860756036739346087e+00
9.880196176614319484e+03,3.860755951653592533e+00
9.880196195174046807e+03,3.860755866572100459e+00
9.880196213733772311e+03,3.860755781494885852e+00
9.880196232293499634e+03,3.860755696421932281e+00
9.880196250853225138e+03,3.860755611353257066e+00
9.880196269412950642e+03,3.860755526288853545e+00
9.880196287972677965e+03,3.860755441228712836e+00
9.880196306532403469e+03,3.860755356172851371e+00
9.880196325092130792e+03,3.860755271121254939e+00
9.880196343651856296e+03,3.860755186073939083e+00
9.880196362211583619e+03,3.860755101030889591e+00
9.880196380771309123e+03,3.860755015992121120e+00
9.880196399331036446e+03,3.860754930957618569e+00
9.880196417890761950e+03,3.860754845927399703e+00
9.880196436450489273e+03,3.860754760901448090e+00
9.880196455010214777e+03,3.860754675879780162e+00
9.880196473569942100e+03,3.860754590862380375e+00
9.880196492129667604e+03,3.860754505849265605e+00
9.880196510689393108e+03,3.860754420840429191e+00
9.880196529249120431e+03,3.860754335835861806e+00
9.880196547808845935e+03,3.860754250835581658e+00
9.880196566368573258e+03,3.860754165839571872e+00
9.880196584928298762e+03,3.860754080847849323e+00
9.880196603488026085e+03,3.860753995860398913e+00
9.880196622047751589e+03,3.860753910877237072e+00
9.880196640607478912e+03,3.860753825898347813e+00
9.880196659167204416e+03,3.860753740923748900e+00
9.880196677726931739e+03,3.860753655953423014e+00
9.880196696286657243e+03,3.860753570987388361e+00
9.880196714846384566e+03,3.860753486025627623e+00
9.880196733406110070e+03,3.860753401068159452e+00
9.880196751965835574e+03,3.860753316114974965e+00
9.880196770525562897e+03,3.860753231166067057e+00
9.880196789085288401e+03,3.860753146221452159e+00
9.880196807645015724e+03,3.860753061281114284e+00
9.880196826204741228e+03,3.860752976345070753e+00
9.880196844764468551e+03,3.860752891413306020e+00
9.880196863324194055e+03,3.860752806485836519e+00
9.880196881883921378e+03,3.860752721562646705e+00
9.880196900443646882e+03,3.860752636643752567e+00
9.880196919003374205e+03,3.860752551729138116e+00
9.880196937563099709e+03,3.860752466818822004e+00
9.880196956122827032e+03,3.860752381912786468e+00
9.880196974682552536e+03,3.860752297011049272e+00
9.880196993242278040e+03,3.860752212113603310e+00
9.880197011802005363e+03,3.860752127220440144e+00
9.880197030361730867e+03,3.860752042331576206e+00
9.880197048921458190e+03,3.860751957446996396e+00
9.880197067481183694e+03,3.860751872566717591e+00
9.880197086040911017e+03,3.860751787690723802e+00
9.880197104600636521e+03,3.860751702819031461e+00
9.880197123160363844e+03,3.860751617951625025e+00
9.880197141720089348e+03,3.860751533088522258e+00
9.880197160279816671e+03,3.860751448229704952e+00
9.880197178839542175e+03,3.860751363375193090e+00
9.880197197399267679e+03,3.860751278524976460e+00
9.880197215958995002e+03,3.860751193679047955e+00
9.880197234518720506e+03,3.860751108837425338e+00
9.880197253078447829e+03,3.860751024000092180e+00
9.880197271638173333e+03,3.860750939167064910e+00
9.880197290197900656e+03,3.860750854338328431e+00
9.880197308757626161e+03,3.860750769513900060e+00
9.880197327317353484e+03,3.860750684693762480e+00
9.880197345877078988e+03,3.860750599877933009e+00
9.880197364436806311e+03,3.860750515066396549e+00
9.880197382996531815e+03,3.860750430259169086e+00
9.880197401556259138e+03,3.860750345456235522e+00
9.880197420115984642e+03,3.860750260657611843e+00
9.880197438675710146e+03,3.860750175863291833e+00
9.880197457235437469e+03,3.860750091073265722e+00
9.880197475795162973e+03,3.860750006287552161e+00
9.880197494354890296e+03,3.860749921506134275e+00
9.880197512914615800e+03,3.860749836729029827e+00
9.880197531474343123e+03,3.860749751956221942e+00
9.880197550034068627e+03,3.860749667187727940e+00
9.880197568593795950e+03,3.860749582423532278e+00
9.880197587153521454e+03,3.860749497663651386e+00
9.880197605713248777e+03,3.860749412908070166e+00
9.880197624272974281e+03,3.860749328156804605e+00
9.880197642832701604e+03,3.860749243409838272e+00
9.880197661392427108e+03,3.860749158667189818e+00
9.880197679952152612e+03,3.860749073928850361e+00
9.880197698511879935e+03,3.860748989194812353e+00
9.880197717071605439e+03,3.860748904465092668e+00
9.880197735631332762e+03,3.860748819739676208e+00
9.880197754191058266e+03,3.860748735018578959e+00
9.880197772750785589e+03,3.860748650301784934e+00
9.880197791310511093e+03,3.860748565589312342e+00
9.880197809870238416e+03,3.860748480881143418e+00
9.880197828429963920e+03,3.860748396177296815e+00
9.880197846989691243e+03,3.860748311477755212e+00
9.880197865549416747e+03,3.860748226782535930e+00
9.880197884109144070e+03,3.860748142091624313e+00
9.880197902668869574e+03,3.860748057405035460e+00
9.880197921228595078e+03,3.860747972722762267e+00
9.880197939788322401e+03,3.860747888044797627e+00
9.880197958348047905e+03,3.860747803371158415e+00
9.880197976907775228e+03,3.860747718701826869e+00
9.880197995467500732e+03,3.860747634036822529e+00
9.880198014027228055e+03,3.860747549376128518e+00
9.880198032586953559e+03,3.860747464719761268e+00
9.880198051146680882e+03,3.860747380067704793e+00
9.880198069706406386e+03,3.860747295419977299e+00
9.880198088266133709e+03,3.860747210776561467e+00
9.880198106825859213e+03,3.860747126137474616e+00
9.880198125385586536e+03,3.860747041502701205e+00
9.880198143945312040e+03,3.860746956872256774e+00
9.880198162505037544e+03,3.860746872246135997e+00
9.880198181064764867e+03,3.860746787624329990e+00
9.880198199624490371e+03,3.860746703006854741e+00
9.880198218184217694e+03,3.860746618393695595e+00
9.880198236743943198e+03,3.860746533784869872e+00
9.880198255303670521e+03,3.860746449180359363e+00
9.880198273863396025e+03,3.860746364580183165e+00
9.880198292423123348e+03,3.860746279984324847e+00
9.880198310982848852e+03,3.860746195392800839e+00
9.880198329542576175e+03,3.860746110805596043e+00
9.880198348102301679e+03,3.860746026222726890e+00
9.880198366662029002e+03,3.860745941644176504e+00
9.880198385221754506e+03,3.860745857069963982e+00
9.880198403781480010e+03,3.860745772500079998e+00
9.880198422341207333e+03,3.860745687934517001e+00
9.880198440900932837e+03,3.860745603373291868e+00
9.880198459460660160e+03,3.860745518816389943e+00
9.880198478020385664e+03,3.860745434263826770e+00
9.880198496580112987e+03,3.860745349715586361e+00
9.880198515139838491e+03,3.860745265171686036e+00
9.880198533699565814e+03,3.860745180632111140e+00
9.880198552259291318e+03,3.860745096096876772e+00
9.880198570819018641e+03,3.860745011565966944e+00
9.880198589378744146e+03,3.860744927039400753e+00
9.880198607938471469e+03,3.860744842517159547e+00
9.880198626498196973e+03,3.860744757999261978e+00
9.880198645057922477e+03,3.860744673485700496e+00
9.880198663617649800e+03,3.860744588976466218e+00
9.880198682177375304e+03,3.860744504471576466e+00
9.880198700737102627e+03,3.860744419971016139e+00
9.880198719296828131e+03,3.860744335474800781e+00
9.880198737856555454e+03,3.860744250982915293e+00
9.880198756416280958e+03,3.860744166495377439e+00
9.880198774976008281e+03,3.860744082012169454e+00
9.880198793535733785e+03,3.860743997533309990e+00
9.880198812095461108e+03,3.860743913058781729e+00
9.880198830655186612e+03,3.860743828588601989e+00
9.880198849214913935e+03,3.860743744122755228e+00
9.880198867774639439e+03,3.860743659661258764e+00
9.880198886334364943e+03,3.860743575204104161e+00
9.880198904894092266e+03,3.860743490751283868e+00
9.880198923453817770e+03,3.860743406302814762e+00
9.880198942013545093e+03,3.860743321858680854e+00
9.880198960573270597e+03,3.860743237418899465e+00
9.880198979132997920e+03,3.860743152983454163e+00
9.880198997692723424e+03,3.860743068552362267e+00
9.880199016252450747e+03,3.860742984125607347e+00
9.880199034812176251e+03,3.860742899703206721e+00
9.880199053371903574e+03,3.860742815285145291e+00
9.880199071931629078e+03,3.860742730871438155e+00
9.880199090491356401e+03,3.860742646462070216e+00
9.880199109051081905e+03,3.860742562057060123e+00
9.880199127610807409e+03,3.860742477656397220e+00
9.880199146170534732e+03,3.860742393260075289e+00
9.880199164730260236e+03,3.860742308868111206e+00
9.880199183289987559e+03,3.860742224480489426e+00
9.880199201849713063e+03,3.860742140097226383e+00
9.880199220409440386e+03,3.860742055718306087e+00
9.880199238969165890e+03,3.860741971343745860e+00
9.880199257528893213e+03,3.860741886973528825e+00
9.880199276088618717e+03,3.860741802607673190e+00
9.880199294648346040e+03,3.860741718246161636e+00
9.880199313208071544e+03,3.860741633889013258e+00
9.880199331767798867e+03,3.860741549536209849e+00
9.880199350327524371e+03,3.860741465187770061e+00
9.880199368887249875e+03,3.860741380843684123e+00
9.880199387446977198e+03,3.860741296503946707e+00
9.880199406006702702e+03,3.860741212168572911e+00
9.880199424566430025e+03,3.860741127837548081e+00
9.880199443126155529e+03,3.860741043510887316e+00
9.880199461685882852e+03,3.860740959188577293e+00
9.880199480245608356e+03,3.860740874870632666e+00
9.880199498805335679e+03,3.860740790557039226e+00
9.880199517365061183e+03,3.860740706247812959e+00
9.880199535924788506e+03,3.860740621942938322e+00
9.880199554484514010e+03,3.860740537642431303e+00
9.880199573044241333e+03,3.860740453346277246e+00
9.880199591603966837e+03,3.860740369054492582e+00
9.880199610163692341e+03,3.860740284767069763e+00
9.880199628723419664e+03,3.860740200484000351e+00
9.880199647283145168e+03,3.860740116205302108e+00
9.880199665842872491e+03,3.860740031930958160e+00
9.880199684402597995e+03,3.860739947660986715e+00
9.880199702962325318e+03,3.860739863395370897e+00
9.880199721522050822e+03,3.860739779134128025e+00
9.880199740081778145e+03,3.860739694877242112e+00
9.880199758641503649e+03,3.860739610624730034e+00
9.880199777201230972e+03,3.860739526376576691e+00
9.880199795760956476e+03,3.860739442132797183e+00
9.880199814320683799e+03,3.860739357893376855e+00
9.880199832880409303e+03,3.860739273658333026e+00
9.880199851440134807e+03,3.860739189427656370e+00
9.880199869999862130e+03,3.860739105201340671e+00
9.880199888559587635e+03,3.860739020979402358e+00
9.880199907119314958e+03,3.860738936761825446e+00
9.880199925679040462e+03,3.860738852548627253e+00
9.880199944238767785e+03,3.860738768339790905e+00
9.880199962798493289e+03,3.860738684135334609e+00
9.880199981358220612e+03,3.860738599935241044e+00
9.880199999917946116e+03,3.860738515739528420e+00
9.880200018477673439e+03,3.860738431548180305e+00
9.880200037037398943e+03,3.860738347361213574e+00
9.880200055597126266e+03,3.860738263178611351e+00
9.880200074156851770e+03,3.860738179000392734e+00
9.880200092716577274e+03,3.860738094826547950e+00
9.880200111276304597e+03,3.860738010657070785e+00
9.880200129836030101e+03,3.860737926491977223e+00
9.880200148395757424e+03,3.860737842331251723e+00
9.880200166955482928e+03,3.860737758174910716e+00
9.880200185515210251e+03,3.860737674022939103e+00
9.880200204074935755e+03,3.860737589875353315e+00
9.880200222634663078e+03,3.860737505732137809e+00
9.880200241194388582e+03,3.860737421593309016e+00
9.880200259754115905e+03,3.860737337458850948e+00
9.880200278313841409e+03,3.860737253328781371e+00
9.880200296873568732e+03,3.860737169203082964e+00
9.880200315433294236e+03,3.860737085081773934e+00
9.880200333993019740e+03,3.860737000964845844e+00
9.880200352552747063e+03,3.860736916852291589e+00
9.880200371112472567e+03,3.860736832744127600e+00
9.880200389672199890e+03,3.860736748640338334e+00
9.880200408231925394e+03,3.860736664540940222e+00
9.880200426791652717e+03,3.860736580445917276e+00
9.880200445351378221e+03,3.860736496355287706e+00
9.880200463911105544e+03,3.860736412269034190e+00
9.880200482470831048e+03,3.860736328187173605e+00
9.880200501030558371e+03,3.860736244109691295e+00
9.880200519590283875e+03,3.860736160036602804e+00
9.880200538150011198e+03,3.860736075967893033e+00
9.880200556709736702e+03,3.860735991903578856e+00
9.880200575269462206e+03,3.860735907843652281e+00
9.880200593829189529e+03,3.860735823788105314e+00
9.880200612388915033e+03,3.860735739736955718e+00
9.880200630948642356e+03,3.860735655690187063e+00
9.880200649508367860e+03,3.860735571647815778e+00
9.880200668068095183e+03,3.860735487609827210e+00
9.880200686627820687e+03,3.860735403576237790e+00
9.880200705187548010e+03,3.860735319547030642e+00
9.880200723747273514e+03,3.860735235522223530e+00
9.880200742307000837e+03,3.860735151501801354e+00
9.880200760866726341e+03,3.860735067485779215e+00
9.880200779426453664e+03,3.860734983474142012e+00
9.880200797986179168e+03,3.860734899466907510e+00
9.880200816545904672e+03,3.860734815464066383e+00
9.880200835105631995e+03,3.860734731465611969e+00
9.880200853665357499e+03,3.860734647471561587e+00
9.880200872225084822e+03,3.860734563481897919e+00
9.880200890784810326e+03,3.860734479496639171e+00
9.880200909344537649e+03,3.860734395515768469e+00
9.880200927904263153e+03,3.860734311539304020e+00
9.880200946463990476e+03,3.860734227567228505e+00
9.880200965023715980e+03,3.860734143599558799e+00
9.880200983583443303e+03,3.860734059636280691e+00
9.880201002143168807e+03,3.860733975677409280e+00
9.880201020702896130e+03,3.860733891722929911e+00
9.880201039262621634e+03,3.860733807772859016e+00
9.880201057822347138e+03,3.860733723827188157e+00
9.880201076382074461e+03,3.860733639885911117e+00
9.880201094941799965e+03,3.860733555949043883e+00
9.880201113501527288e+03,3.860733472016570023e+00
9.880201132061252792e+03,3.860733388088507301e+00
9.880201150620980115e+03,3.860733304164840174e+00
9.880201169180705620e+03,3.860733220245585073e+00
9.880201187740432943e+03,3.860733136330725568e+00
9.880201206300158447e+03,3.860733052420278533e+00
9.880201224859885770e+03,3.860732968514229313e+00
9.880201243419611274e+03,3.860732884612593452e+00
9.880201261979338597e+03,3.860732800715355406e+00
9.880201280539064101e+03,3.860732716822533384e+00
9.880201299098789605e+03,3.860732632934118058e+00
9.880201317658516928e+03,3.860732549050101881e+00
9.880201336218242432e+03,3.860732465170502170e+00
9.880201354777969755e+03,3.860732381295303384e+00
9.880201373337695259e+03,3.860732297424521509e+00
9.880201391897422582e+03,3.860732213558141890e+00
9.880201410457148086e+03,3.860732129696180071e+00
9.880201429016875409e+03,3.860732045838620952e+00
9.880201447576600913e+03,3.860731961985481409e+00
9.880201466136328236e+03,3.860731878136745010e+00
9.880201484696053740e+03,3.860731794292429520e+00
9.880201503255781063e+03,3.860731710452518062e+00
9.880201521815506567e+03,3.860731626617028400e+00
9.880201540375232071e+03,3.860731542785952097e+00
9.880201558934959394e+03,3.860731458959282492e+00
9.880201577494684898e+03,3.860731375137035570e+00
9.880201596054412221e+03,3.860731291319194902e+00
9.880201614614137725e+03,3.860731207505779139e+00
9.880201633173865048e+03,3.860731123696770073e+00
9.880201651733590552e+03,3.860731039892187688e+00
9.880201670293317875e+03,3.860730956092013333e+00
9.880201688853043379e+03,3.860730872296264771e+00
9.880201707412770702e+03,3.860730788504926458e+00
9.880201725972496206e+03,3.860730704718015271e+00
9.880201744532223529e+03,3.860730620935514334e+00
9.880201763091949033e+03,3.860730537157441855e+00
9.880201781651674537e+03,3.860730453383789840e+00
9.880201800211401860e+03,3.860730369614549851e+00
9.880201818771127364e+03,3.860730285849740095e+00
9.880201837330854687e+03,3.860730202089342367e+00
9.880201855890580191e+03,3.860730118333376204e+00
9.880201874450307514e+03,3.860730034581824288e+00
9.880201893010033018e+03,3.860729950834703494e+00
9.880201911569760341e+03,3.860729867091998724e+00
9.880201930129485845e+03,3.860729783353726408e+00
9.880201948689213168e+03,3.860729699619869670e+00
9.880201967248938672e+03,3.860729615890447164e+00
9.880201985808665995e+03,3.860729532165442013e+00
9.880202004368391499e+03,3.860729448444870648e+00
9.880202022928117003e+03,3.860729364728726853e+00
9.880202041487844326e+03,3.860729281017002190e+00
9.880202060047569830e+03,3.860729197309713090e+00
9.880202078607297153e+03,3.860729113606843121e+00
9.880202097167022657e+03,3.860729029908410936e+00
9.880202115726749980e+03,3.860728946214399215e+00
9.880202134286475484e+03,3.860728862524826166e+00
9.880202152846202807e+03,3.860728778839674025e+00
9.880202171405928311e+03,3.860728695158961887e+00
9.880202189965655634e+03,3.860728611482671990e+00
9.880202208525381138e+03,3.860728527810822541e+00
9.880202227085106642e+03,3.860728444143405103e+00
9.880202245644833965e+03,3.860728360480411236e+00
9.880202264204559469e+03,3.860728276821859595e+00
9.880202282764286792e+03,3.860728193167733746e+00
9.880202301324012296e+03,3.860728109518049678e+00
9.880202319883739619e+03,3.860728025872792291e+00
9.880202338443465123e+03,3.860727942231978016e+00
9.880202357003192446e+03,3.860727858595591311e+00
9.880202375562917950e+03,3.860727774963649495e+00
9.880202394122645273e+03,3.860727691336135692e+00
9.880202412682370777e+03,3.860727607713067222e+00
9.880202431242098100e+03,3.860727524094428098e+00
9.880202449801823605e+03,3.860727440480235195e+00
9.880202468361549109e+03,3.860727356870481852e+00
9.880202486921276432e+03,3.860727273265158299e+00
9.880202505481001936e+03,3.860727189664283188e+00
9.880202524040729259e+03,3.860727106067840531e+00
9.880202542600454763e+03,3.860727022475846315e+00
9.880202561160182086e+03,3.860726938888284998e+00
9.880202579719907590e+03,3.860726855305173011e+00
9.880202598279634913e+03,3.860726771726495699e+00
9.880202616839360417e+03,3.860726688152269048e+00
9.880202635399087740e+03,3.860726604582476629e+00
9.880202653958813244e+03,3.860726521017137092e+00
9.880202672518540567e+03,3.860726437456232674e+00
9.880202691078266071e+03,3.860726353899781582e+00
9.880202709637991575e+03,3.860726270347775824e+00
9.880202728197718898e+03,3.860726186800206960e+00
9.880202746757444402e+03,3.860726103257093200e+00
9.880202765317171725e+03,3.860726019718417223e+00
9.880202783876897229e+03,3.860725936184195906e+00
9.880202802436624552e+03,3.860725852654415036e+00
9.880202820996350056e+03,3.860725769129089713e+00
9.880202839556077379e+03,3.860725685608205282e+00
9.880202858115802883e+03,3.860725602091778619e+00
9.880202876675530206e+03,3.860725518579792848e+00
9.880202895235255710e+03,3.860725435072264844e+00
9.880202913794983033e+03,3.860725351569180397e+00
9.880202932354708537e+03,3.860725268070554606e+00
9.880202950914434041e+03,3.860725184576380808e+00
9.880202969474161364e+03,3.860725101086650568e+00
9.880202988033886868e+03,3.860725017601381204e+00
9.880203006593614191e+03,3.860724934120556284e+00
9.880203025153339695e+03,3.860724850644193573e+00
9.880203043713067018e+03,3.860724767172276639e+00
9.880203062272792522e+03,3.860724683704822802e+00
9.880203080832519845e+03,3.860724600241815185e+00
9.880203099392245349e+03,3.860724516783271998e+00
9.880203117951972672e+03,3.860724433329176364e+00
9.880203136511698176e+03,3.860724349879546047e+00
9.880203155071425499e+03,3.860724266434363727e+00
9.880203173631151003e+03,3.860724182993648057e+00
9.880203192190876507e+03,3.860724099557389266e+00
9.880203210750603830e+03,3.860724016125582025e+00
9.880203229310329334e+03,3.860723932698241878e+00
9.880203247870056657e+03,3.860723849275352393e+00
9.880203266429782161e+03,3.860723765856931777e+00
9.880203284989509484e+03,3.860723682442962712e+00
9.880203303549234988e+03,3.860723599033463405e+00
9.880203322108962311e+03,3.860723515628417868e+00
9.880203340668687815e+03,3.860723432227842533e+00
9.880203359228415138e+03,3.860723348831720525e+00
9.880203377788140642e+03,3.860723265440070051e+00
9.880203396347867965e+03,3.860723182052876012e+00
9.880203414907593469e+03,3.860723098670152620e+00
9.880203433467318973e+03,3.860723015291894988e+00
9.880203452027046296e+03,3.860722931918093792e+00
9.880203470586771800e+03,3.860722848548766351e+00
9.880203489146499123e+03,3.860722765183897121e+00
9.880203507706224627e+03,3.860722681823501645e+00
9.880203526265951950e+03,3.860722598467565270e+00
9.880203544825677454e+03,3.860722515116104869e+00
9.880203563385404777e+03,3.860722431769104013e+00
9.880203581945130281e+03,3.860722348426580020e+00
9.880203600504857604e+03,3.860722265088516458e+00
9.880203619064583108e+03,3.860722181754931537e+00
9.880203637624310431e+03,3.860722098425807935e+00
9.880203656184035935e+03,3.860722015101162530e+00
9.880203674743761439e+03,3.860721931780989102e+00
9.880203693303488762e+03,3.860721848465277439e+00
9.880203711863214266e+03,3.860721765154047080e+00
9.880203730422941589e+03,3.860721681847280706e+00
9.880203748982667094e+03,3.860721598544995636e+00
9.880203767542394417e+03,3.860721515247175883e+00
9.880203786102119921e+03,3.860721431953837879e+00
9.880203804661847244e+03,3.860721348664966524e+00
9.880203823221572748e+03,3.860721265380578249e+00
9.880203841781300071e+03,3.860721182100657067e+00
9.880203860341025575e+03,3.860721098825219411e+00
9.880203878900752898e+03,3.860721015554251068e+00
9.880203897460478402e+03,3.860720932287766693e+00
9.880203916020203906e+03,3.860720849025761403e+00
9.880203934579931229e+03,3.860720765768224982e+00
9.880203953139656733e+03,3.860720682515174751e+00
9.880203971699384056e+03,3.860720599266595165e+00
9.880203990259109560e+03,3.860720516022503546e+00
9.880204008818836883e+03,3.860720432782883460e+00
9.880204027378562387e+03,3.860720349547752672e+00
9.880204045938289710e+03,3.860720266317093863e+00
9.880204064498015214e+03,3.860720183090924795e+00
9.880204083057742537e+03,3.860720099869229927e+00
9.880204101617468041e+03,3.860720016652025688e+00
9.880204120177195364e+03,3.860719933439295648e+00
9.880204138736920868e+03,3.860719850231056682e+00
9.880204157296646372e+03,3.860719767027302574e+00
9.880204175856373695e+03,3.860719683828023996e+00
9.880204194416099199e+03,3.860719600633238713e+00
9.880204212975826522e+03,3.860719517442930293e+00
9.880204231535552026e+03,3.860719434257116500e+00
9.880204250095279349e+03,3.860719351075780459e+00
9.880204268655004853e+03,3.860719267898939933e+00
9.880204287214732176e+03,3.860719184726577602e+00
9.880204305774457680e+03,3.860719101558712119e+00
9.880204324334185003e+03,3.860719018395326163e+00
9.880204342893910507e+03,3.860718935236437943e+00
9.880204361453637830e+03,3.860718852082030139e+00
9.880204380013363334e+03,3.860718768932120959e+00
9.880204398573088838e+03,3.860718685786701521e+00
9.880204417132816161e+03,3.860718602645765607e+00
9.880204435692541665e+03,3.860718519509328317e+00
9.880204454252268988e+03,3.860718436377375440e+00
9.880204472811994492e+03,3.860718353249921631e+00
9.880204491371721815e+03,3.860718270126953566e+00
9.880204509931447319e+03,3.860718187008486790e+00
9.880204528491174642e+03,3.860718103894506203e+00
9.880204547050900146e+03,3.860718020785027349e+00
9.880204565610627469e+03,3.860717937680034684e+00
9.880204584170352973e+03,3.860717854579545971e+00
9.880204602730080296e+03,3.860717771483544780e+00
9.880204621289805800e+03,3.860717688392048430e+00
9.880204639849531304e+03,3.860717605305048483e+00
9.880204658409258627e+03,3.860717522222537390e+00
9.880204676968984131e+03,3.860717439144532470e+00
9.880204695528711454e+03,3.860717356071017736e+00
9.880204714088436958e+03,3.860717273002009620e+00
9.880204732648164281e+03,3.860717189937492133e+00
9.880204751207889785e+03,3.860717106877483484e+00
9.880204769767617108e+03,3.860717023821966798e+00
9.880204788327342612e+03,3.860716940770958505e+00
9.880204806887069935e+03,3.860716857724443063e+00
9.880204825446795439e+03,3.860716774682438235e+00
9.880204844006522762e+03,3.860716691644926257e+00
9.880204862566248266e+03,3.860716608611926226e+00
9.880204881125973770e+03,3.860716525583428815e+00
9.880204899685701093e+03,3.860716442559427808e+00
9.880204918245426597e+03,3.860716359539937859e+00
9.880204936805153920e+03,3.860716276524945201e+00
9.880204955364879424e+03,3.860716193514466266e+00
9.880204973924606747e+03,3.860716110508483734e+00
9.880204992484332251e+03,3.860716027507015813e+00
9.880205011044059574e+03,3.860715944510046960e+00
9.880205029603785079e+03,3.860715861517593162e+00
9.880205048163512402e+03,3.860715778529638875e+00
9.880205066723237906e+03,3.860715695546200532e+00
9.880205085282965229e+03,3.860715612567263033e+00
9.880205103842690733e+03,3.860715529592842366e+00
9.880205122402416237e+03,3.860715446622932312e+00
9.880205140962143560e+03,3.860715363657522659e+00
9.880205159521869064e+03,3.860715280696632945e+00
9.880205178081596387e+03,3.860715197740245408e+00
9.880205196641321891e+03,3.860715114788378699e+00
9.880205215201049214e+03,3.860715031841015055e+00
9.880205233760774718e+03,3.860714948898171794e+00
9.880205252320502041e+03,3.860714865959834707e+00
9.880205270880227545e+03,3.860714783026018004e+00
9.880205289439954868e+03,3.860714700096708363e+00
9.880205307999680372e+03,3.860714617171920437e+00
9.880205326559407695e+03,3.860714534251639574e+00
9.880205345119133199e+03,3.860714451335883535e+00
9.880205363678858703e+03,3.860714368424641663e+00
9.880205382238586026e+03,3.860714285517909516e+00
9.880205400798311530e+03,3.860714202615703083e+00
9.880205419358038853e+03,3.860714119718004600e+00
9.880205437917764357e+03,3.860714036824833162e+00
9.880205456477491680e+03,3.860713953936171450e+00
9.880205475037217184e+03,3.860713871052037227e+00
9.880205493596944507e+03,3.860713788172414507e+00
9.880205512156670011e+03,3.860713705297319276e+00
9.880205530716397334e+03,3.860713622426736436e+00
9.880205549276122838e+03,3.860713539560683305e+00
9.880205567835850161e+03,3.860713456699143453e+00
9.880205586395575665e+03,3.860713373842133755e+00
9.880205604955301169e+03,3.860713290989646662e+00
9.880205623515028492e+03,3.860713208141673736e+00
9.880205642074753996e+03,3.860713125298232296e+00
9.880205660634481319e+03,3.860713042459307687e+00
9.880205679194206823e+03,3.860712959624914120e+00
9.880205697753934146e+03,3.860712876795038717e+00
9.880205716313659650e+03,3.860712793969695689e+00
9.880205734873386973e+03,3.860712711148871712e+00
9.880205753433112477e+03,3.860712628332581886e+00
9.880205771992839800e+03,3.860712545520809780e+00
9.880205790552565304e+03,3.860712462713574489e+00
9.880205809112292627e+03,3.860712379910857805e+00
9.880205827672018131e+03,3.860712297112679270e+00
9.880205846231743635e+03,3.860712214319028668e+00
9.880205864791470958e+03,3.860712131529898450e+00
9.880205883351196462e+03,3.860712048745307712e+00
9.880205901910923785e+03,3.860711965965238246e+00
9.880205920470649289e+03,3.860711883189707816e+00
9.880205939030376612e+03,3.860711800418700879e+00
9.880205957590102116e+03,3.860711717652232977e+00
9.880205976149829439e+03,3.860711634890291233e+00
9.880205994709554943e+03,3.860711552132888524e+00
9.880206013269282266e+03,3.860711469380011973e+00
9.880206031829007770e+03,3.860711386631677122e+00
9.880206050388735093e+03,3.860711303887868429e+00
9.880206068948460597e+03,3.860711221148602323e+00
9.880206087508186101e+03,3.860711138413872145e+00
9.880206106067913424e+03,3.860711055683669457e+00
9.880206124627638928e+03,3.860710972958010689e+00
9.880206143187366251e+03,3.860710890236880743e+00
9.880206161747091755e+03,3.860710807520296939e+00
9.880206180306819078e+03,3.860710724808241512e+00
9.880206198866544582e+03,3.860710642100732670e+00
9.880206217426271905e+03,3.860710559397754871e+00
9.880206235985997409e+03,3.860710476699324545e+00
9.880206254545724732e+03,3.860710394005426149e+00
9.880206273105450236e+03,3.860710311316075227e+00
9.880206291665177559e+03,3.860710228631257124e+00
9.880206310224903063e+03,3.860710145950988270e+00
9.880206328784628568e+03,3.860710063275261117e+00
9.880206347344355891e+03,3.860709980604068559e+00
9.880206365904081395e+03,3.860709897937426138e+00
9.880206384463808718e+03,3.860709815275318757e+00
9.880206403023534222e+03,3.860709732617763290e+00
9.880206421583261545e+03,3.860709649964744195e+00
9.880206440142987049e+03,3.860709567316277457e+00
9.880206458702714372e+03,3.860709484672347980e+00
9.880206477262439876e+03,3.860709402032972637e+00
9.880206495822167199e+03,3.860709319398134554e+00
9.880206514381892703e+03,3.860709236767851493e+00
9.880206532941620026e+03,3.860709154142107025e+00
9.880206551501345530e+03,3.860709071520918911e+00
9.880206570061071034e+03,3.860708988904277827e+00
9.880206588620798357e+03,3.860708906292178888e+00
9.880206607180523861e+03,3.860708823684635416e+00
9.880206625740251184e+03,3.860708741081634532e+00
9.880206644299976688e+03,3.860708658483191336e+00
9.880206662859704011e+03,3.860708575889290728e+00
9.880206681419429515e+03,3.860708493299949140e+00
9.880206699979156838e+03,3.860708410715151029e+00
9.880206718538882342e+03,3.860708328134913270e+00
9.880206737098609665e+03,3.860708245559219876e+00
9.880206755658335169e+03,3.860708162988087278e+00
9.880206774218062492e+03,3.860708080421499488e+00
9.880206792777787996e+03,3.860707997859474716e+00
9.880206811337513500e+03,3.860707915302004523e+00
9.880206829897240823e+03,3.860707832749080914e+00
9.880206848456966327e+03,3.860707750200720323e+00
9.880206867016693650e+03,3.860707667656908537e+00
9.880206885576419154e+03,3.860707585117661100e+00
9.880206904136146477e+03,3.860707502582962025e+00
9.880206922695871981e+03,3.860707420052828187e+00
9.880206941255599304e+03,3.860707337527244931e+00
9.880206959815324808e+03,3.860707255006228689e+00
9.880206978375052131e+03,3.860707172489761696e+00
9.880206996934777635e+03,3.860707089977863493e+00
9.880207015494503139e+03,3.860707007470524754e+00
9.880207034054230462e+03,3.860706924967737930e+00
9.880207052613955966e+03,3.860706842469520783e+00
9.880207071173683289e+03,3.860706759975856439e+00
9.880207089733408793e+03,3.860706677486761773e+00
9.880207108293136116e+03,3.860706595002222130e+00
9.880207126852861620e+03,3.860706512522252609e+00
9.880207145412588943e+03,3.860706430046838555e+00
9.880207163972314447e+03,3.860706347575996844e+00
9.880207182532041770e+03,3.860706265109711044e+00
9.880207201091767274e+03,3.860706182647998475e+00
9.880207219651494597e+03,3.860706100190843149e+00
9.880207238211220101e+03,3.860706017738261497e+00
9.880207256770945605e+03,3.860705935290245527e+00
9.880207275330672928e+03,3.860705852846788577e+00
9.880207293890398432e+03,3.860705770407907522e+00
9.880207312450125755e+03,3.860705687973585043e+00
9.880207331009851259e+03,3.860705605543839791e+00
9.880207349569578582e+03,3.860705523118655336e+00
9.880207368129304086e+03,3.860705440698047664e+00
9.880207386689031409e+03,3.860705358282002120e+00
9.880207405248756913e+03,3.860705275870533804e+00
9.880207423808484236e+03,3.860705193463628504e+00
9.880207442368209740e+03,3.860705111061302652e+00
9.880207460927937063e+03,3.860705028663541150e+00
9.880207479487662567e+03,3.860704946270359095e+00
9.880207498047388071e+03,3.860704863881749827e+00
9.880207516607115394e+03,3.860704781497705795e+00
9.880207535166840898e+03,3.860704699118242988e+00
9.880207553726568221e+03,3.860704616743347195e+00
9.880207572286293725e+03,3.860704534373033514e+00
9.880207590846021048e+03,3.860704452007286402e+00
9.880207609405746553e+03,3.860704369646123180e+00
9.880207627965473876e+03,3.860704287289528303e+00
9.880207646525199380e+03,3.860704204937517758e+00
9.880207665084926703e+03,3.860704122590076448e+00
9.880207683644652207e+03,3.860704040247221691e+00
9.880207702204379530e+03,3.860703957908935280e+00
9.880207720764105034e+03,3.860703875575236310e+00
9.880207739323830538e+03,3.860703793246116788e+00
9.880207757883557861e+03,3.860703710921567389e+00
9.880207776443283365e+03,3.860703628601607207e+00
9.880207795003010688e+03,3.860703546286218923e+00
9.880207813562736192e+03,3.860703463975419858e+00
9.880207832122463515e+03,3.860703381669194467e+00
9.880207850682189019e+03,3.860703299367559627e+00
9.880207869241916342e+03,3.860703217070498461e+00
9.880207887801641846e+03,3.860703134778027845e+00
9.880207906361369169e+03,3.860703052490133125e+00
9.880207924921094673e+03,3.860702970206830287e+00
9.880207943480821996e+03,3.860702887928104232e+00
9.880207962040547500e+03,3.860702805653970948e+00
9.880207980600273004e+03,3.860702723384422885e+00
9.880207999160000327e+03,3.860702641119452494e+00
9.880208017719725831e+03,3.860702558859077538e+00
9.880208036279453154e+03,3.860702476603280253e+00
9.880208054839178658e+03,3.860702394352078848e+00
9.880208073398905981e+03,3.860702312105457779e+00
9.880208091958631485e+03,3.860702229863431700e+00
9.880208110518358808e+03,3.860702147625988179e+00
9.880208129078084312e+03,3.860702065393140536e+00
9.880208147637811635e+03,3.860701983164875895e+00
9.880208166197537139e+03,3.860701900941208908e+00
9.880208184757264462e+03,3.860701818722124923e+00
9.880208203316989966e+03,3.860701736507639925e+00
9.880208221876715470e+03,3.860701654297746810e+00
9.880208240436442793e+03,3.860701572092438028e+00
9.880208258996168297e+03,3.860701489891730009e+00
9.880208277555895620e+03,3.860701407695607656e+00
9.880208296115621124e+03,3.860701325504086068e+00
9.880208314675348447e+03,3.860701243317151032e+00
9.880208333235073951e+03,3.860701161134818982e+00
9.880208351794801274e+03,3.860701078957074373e+00
9.880208370354526778e+03,3.860700996783933192e+00
9.880208388914254101e+03,3.860700914615380341e+00
9.880208407473979605e+03,3.860700832451431808e+00
9.880208426033706928e+03,3.860700750292072492e+00
9.880208444593432432e+03,3.860700668137319269e+00
9.880208463153157936e+03,3.860700585987163702e+00
9.880208481712885259e+03,3.860700503841599129e+00
9.880208500272610763e+03,3.860700421700641094e+00
9.880208518832338086e+03,3.860700339564276273e+00
9.880208537392063590e+03,3.860700257432517990e+00
9.880208555951790913e+03,3.860700175305352033e+00
9.880208574511516417e+03,3.860700093182796167e+00
9.880208593071243740e+03,3.860700011064833514e+00
9.880208611630969244e+03,3.860699928951481397e+00
9.880208630190696567e+03,3.860699846842723382e+00
9.880208648750422071e+03,3.860699764738575901e+00
9.880208667310149394e+03,3.860699682639025188e+00
9.880208685869874898e+03,3.860699600544085452e+00
9.880208704429600402e+03,3.860699518453750478e+00
9.880208722989327725e+03,3.860699436368012272e+00
9.880208741549053229e+03,3.860699354286888152e+00
9.880208760108780552e+03,3.860699272210361688e+00
9.880208778668506056e+03,3.860699190138448866e+00
9.880208797228233379e+03,3.860699108071136365e+00
9.880208815787958883e+03,3.860699026008438839e+00
9.880208834347686206e+03,3.860698943950340301e+00
9.880208852907411710e+03,3.860698861896859402e+00
9.880208871467139033e+03,3.860698779847979267e+00
9.880208890026864538e+03,3.860698697803715884e+00
9.880208908586591861e+03,3.860698615764055042e+00
9.880208927146317365e+03,3.860698533729011839e+00
9.880208945706042869e+03,3.860698451698580502e+00
9.880208964265770192e+03,3.860698369672751262e+00
9.880208982825495696e+03,3.860698287651542771e+00
9.880209001385223019e+03,3.860698205634939040e+00
9.880209019944948523e+03,3.860698123622954725e+00
9.880209038504675846e+03,3.860698041615576948e+00
9.880209057064401350e+03,3.860697959612819918e+00
9.880209075624128673e+03,3.860697877614669871e+00
9.880209094183854177e+03,3.860697795621142347e+00
9.880209112743581500e+03,3.860697713632222694e+00
9.880209131303307004e+03,3.860697631647925565e+00
9.880209149863034327e+03,3.860697549668238082e+00
9.880209168422759831e+03,3.860697467693174012e+00
9.880209186982485335e+03,3.860697385722728026e+00
9.880209205542212658e+03,3.860697303756891685e+00
9.880209224101938162e+03,3.860697221795680978e+00
9.880209242661665485e+03,3.860697139839081249e+00
9.880209261221390989e+03,3.860697057887108929e+00
9.880209279781118312e+03,3.860696975939748032e+00
9.880209298340843816e+03,3.860696893997015433e+00
9.880209316900571139e+03,3.860696812058895144e+00
9.880209335460296643e+03,3.860696730125404486e+00
9.880209354020023966e+03,3.860696648196526581e+00
9.880209372579749470e+03,3.860696566272279640e+00
9.880209391139476793e+03,3.860696484352646785e+00
9.880209409699202297e+03,3.860696402437644892e+00
9.880209428258927801e+03,3.860696320527266412e+00
9.880209446818655124e+03,3.860696238621504239e+00
9.880209465378380628e+03,3.860696156720375249e+00
9.880209483938107951e+03,3.860696074823862567e+00
9.880209502497833455e+03,3.860695992931983067e+00
9.880209521057560778e+03,3.860695911044722539e+00
9.880209539617286282e+03,3.860695829162096082e+00
9.880209558177013605e+03,3.860695747284088597e+00
9.880209576736739109e+03,3.860695665410716515e+00
9.880209595296466432e+03,3.860695583541964293e+00
9.880209613856191936e+03,3.860695501677848362e+00
9.880209632415919259e+03,3.860695419818353180e+00
9.880209650975644763e+03,3.860695337963496065e+00
9.880209669535370267e+03,3.860695256113269025e+00
9.880209688095097590e+03,3.860695174267663621e+00
9.880209706654823094e+03,3.860695092426697173e+00
9.880209725214550417e+03,3.860695010590354581e+00
9.880209743774275921e+03,3.860694928758651834e+00
9.880209762334003244e+03,3.860694846931572499e+00
9.880209780893728748e+03,3.860694765109135229e+00
9.880209799453456071e+03,3.860694683291322260e+00
9.880209818013181575e+03,3.860694601478151355e+00
9.880209836572908898e+03,3.860694519669607416e+00
9.880209855132634402e+03,3.860694437865705542e+00
9.880209873692361725e+03,3.860694356066431077e+00
9.880209892252087229e+03,3.860694274271800008e+00
9.880209910811812733e+03,3.860694192481805675e+00
9.880209929371540056e+03,3.860694110696440084e+00
9.880209947931265560e+03,3.860694028915719223e+00
9.880209966490992883e+03,3.860693947139628435e+00
9.880209985050718387e+03,3.860693865368183708e+00
9.880210003610445710e+03,3.860693783601369500e+00
9.880210022170171214e+03,3.860693701839203129e+00
9.880210040729898537e+03,3.860693620081668165e+00
9.880210059289624041e+03,3.860693538328781038e+00
9.880210077849351364e+03,3.860693456580526206e+00
9.880210096409076868e+03,3.860693374836920988e+00
9.880210114968804191e+03,3.860693293097948953e+00
9.880210133528529695e+03,3.860693211363627864e+00
9.880210152088255199e+03,3.860693129633948839e+00
9.880210170647982522e+03,3.860693047908904330e+00
9.880210189207708027e+03,3.860692966188511654e+00
9.880210207767435350e+03,3.860692884472755715e+00
9.880210226327160854e+03,3.860692802761651610e+00
9.880210244886888177e+03,3.860692721055184684e+00
9.880210263446613681e+03,3.860692639353370925e+00
9.880210282006341004e+03,3.860692557656195678e+00
9.880210300566066508e+03,3.860692475963674042e+00
9.880210319125793831e+03,3.860692394275792250e+00
9.880210337685519335e+03,3.860692312592565401e+00
9.880210356245246658e+03,3.860692230913978840e+00
9.880210374804972162e+03,3.860692149240048110e+00
9.880210393364697666e+03,3.860692067570766994e+00
9.880210411924424989e+03,3.860691985906126611e+00
9.880210430484150493e+03,3.860691904246145167e+00
9.880210449043877816e+03,3.860691822590804900e+00
9.880210467603603320e+03,3.860691740940124017e+00
9.880210486163330643e+03,3.860691659294086087e+00
9.880210504723056147e+03,3.860691577652708428e+00
9.880210523282783470e+03,3.860691496015974611e+00
9.880210541842508974e+03,3.860691414383901510e+00
9.880210560402236297e+03,3.860691332756474470e+00
9.880210578961961801e+03,3.860691251133708590e+00
9.880210597521689124e+03,3.860691169515589216e+00
9.880210616081414628e+03,3.860691087902132335e+00
9.880210634641140132e+03,3.860691006293330396e+00
9.880210653200867455e+03,3.860690924689177184e+00
9.880210671760592959e+03,3.860690843089687352e+00
9.880210690320320282e+03,3.860690761494846246e+00
9.880210708880045786e+03,3.860690679904669853e+00
9.880210727439773109e+03,3.860690598319143518e+00
9.880210745999498613e+03,3.860690516738283229e+00
9.880210764559225936e+03,3.860690435162073886e+00
9.880210783118951440e+03,3.860690353590531476e+00
9.880210801678678763e+03,3.860690272023640457e+00
9.880210820238404267e+03,3.860690190461418592e+00
9.880210838798131590e+03,3.860690108903848117e+00
9.880210857357857094e+03,3.860690027350946796e+00
9.880210875917582598e+03,3.860689945802707967e+00
9.880210894477309921e+03,3.860689864259122306e+00
9.880210913037035425e+03,3.860689782720206686e+00
9.880210931596762748e+03,3.860689701185946454e+00
9.880210950156488252e+03,3.860689619656358040e+00
9.880210968716215575e+03,3.860689538131425458e+00
9.880210987275941079e+03,3.860689456611165582e+00
9.880211005835668402e+03,3.860689375095561982e+00
9.880211024395393906e+03,3.860689293584632420e+00
9.880211042955121229e+03,3.860689212078360910e+00
9.880211061514846733e+03,3.860689130576763439e+00
9.880211080074574056e+03,3.860689049079824464e+00
9.880211098634299560e+03,3.860688967587561304e+00
9.880211117194025064e+03,3.860688886099965966e+00
9.880211135753752387e+03,3.860688804617030900e+00
9.880211154313477891e+03,3.860688723138772094e+00
9.880211172873205214e+03,3.860688641665175336e+00
9.880211191432930718e+03,3.860688560196255725e+00
9.880211209992658041e+03,3.860688478731999496e+00
9.880211228552383545e+03,3.860688397272420858e+00
9.880211247112110868e+03,3.860688315817506044e+00
9.880211265671836372e+03,3.860688234367271043e+00
9.880211284231563695e+03,3.860688152921699867e+00
9.880211302791289199e+03,3.860688071480809391e+00
9.880211321351016522e+03,3.860687990044584961e+00
9.880211339910742026e+03,3.860687908613041674e+00
9.880211358470467530e+03,3.860687827186171983e+00
9.880211377030194853e+03,3.860687745763969225e+00
9.880211395589920357e+03,3.860687664346450276e+00
9.880211414149647680e+03,3.860687582933597817e+00
9.880211432709373184e+03,3.860687501525430054e+00
9.880211451269100507e+03,3.860687420121931002e+00
9.880211469828826012e+03,3.860687338723116646e+00
9.880211488388553335e+03,3.860687257328972333e+00
9.880211506948278839e+03,3.860687175939513605e+00
9.880211525508006162e+03,3.860687094554725363e+00
9.880211544067731666e+03,3.860687013174624038e+00
9.880211562627458989e+03,3.860686931799194976e+00
9.880211581187184493e+03,3.860686850428453720e+00
9.880211599746909997e+03,3.860686769062391832e+00
9.880211618306637320e+03,3.860686687701004427e+00
9.880211636866362824e+03,3.860686606344305272e+00
9.880211655426090147e+03,3.860686524992280599e+00
9.880211673985815651e+03,3.860686443644946397e+00
9.880211692545542974e+03,3.860686362302286234e+00
9.880211711105268478e+03,3.860686280964318762e+00
9.880211729664995801e+03,3.860686199631025772e+00
9.880211748224721305e+03,3.860686118302425918e+00
9.880211766784448628e+03,3.860686036978502322e+00
9.880211785344174132e+03,3.860685955659272750e+00
9.880211803903901455e+03,3.860685874344720769e+00
9.880211822463626959e+03,3.860685793034862812e+00
9.880211841023352463e+03,3.860685711729691771e+00
9.880211859583079786e+03,3.860685630429200099e+00
9.880211878142805290e+03,3.860685549133404226e+00
9.880211896702532613e+03,3.860685467842288165e+00
9.880211915262258117e+03,3.860685386555869236e+00
9.880211933821985440e+03,3.860685305274131007e+00
9.880211952381710944e+03,3.860685223997090354e+00
9.880211970941438267e+03,3.860685142724732621e+00
9.880211989501163771e+03,3.860685061457072909e+00
9.880212008060891094e+03,3.860684980194096116e+00
9.880212026620616598e+03,3.860684898935820009e+00
9.880212045180342102e+03,3.860684817682234815e+00
9.880212063740069425e+03,3.860684736433334763e+00
9.880212082299794929e+03,3.860684655189135395e+00
9.880212100859522252e+03,3.860684573949621612e+00
9.880212119419247756e+03,3.860684492714810290e+00
9.880212137978975079e+03,3.860684411484685885e+00
9.880212156538700583e+03,3.860684330259263497e+00
9.880212175098427906e+03,3.860684249038528471e+00
9.880212193658153410e+03,3.860684167822497681e+00
9.880212212217880733e+03,3.860684086611156030e+00
9.880212230777606237e+03,3.860684005404518615e+00
9.880212249337333560e+03,3.860683924202570783e+00
9.880212267897059064e+03,3.860683843005328519e+00
9.880212286456784568e+03,3.860683761812785164e+00
9.880212305016511891e+03,3.860683680624932279e+00
9.880212323576237395e+03,3.860683599441786740e+00
9.880212342135964718e+03,3.860683518263333447e+00
9.880212360695690222e+03,3.860683437089587944e+00
9.880212379255417545e+03,3.860683355920535575e+00
9.880212397815143049e+03,3.860683274756191885e+00
9.880212416374870372e+03,3.860683193596542662e+00
9.880212434934595876e+03,3.860683112441603448e+00
9.880212453494323199e+03,3.860683031291358702e+00
9.880212472054048703e+03,3.860682950145825743e+00
9.880212490613776026e+03,3.860682869004988138e+00
9.880212509173501530e+03,3.860682787868862764e+00
9.880212527733227034e+03,3.860682706737441627e+00
9.880212546292954357e+03,3.860682625610718510e+00
9.880212564852679861e+03,3.860682544488708068e+00
9.880212583412407184e+03,3.860682463371396089e+00
9.880212601972132688e+03,3.860682382258799006e+00
9.880212620531860011e+03,3.860682301150900830e+00
9.880212639091585515e+03,3.860682220047718438e+00
9.880212657651312838e+03,3.860682138949235398e+00
9.880212676211038342e+03,3.860682057855469473e+00
9.880212694770765665e+03,3.860681976766404233e+00
9.880212713330491169e+03,3.860681895682056997e+00
9.880212731890218492e+03,3.860681814602411333e+00
9.880212750449943997e+03,3.860681733527484116e+00
9.880212769009669501e+03,3.860681652457267798e+00
9.880212787569396824e+03,3.860681571391755273e+00
9.880212806129122328e+03,3.860681490330962085e+00
9.880212824688849651e+03,3.860681409274873577e+00
9.880212843248575155e+03,3.860681328223506625e+00
9.880212861808302478e+03,3.860681247176843911e+00
9.880212880368027982e+03,3.860681166134903197e+00
9.880212898927755305e+03,3.860681085097669829e+00
9.880212917487480809e+03,3.860681004065158461e+00
9.880212936047208132e+03,3.860680923037354439e+00
9.880212954606933636e+03,3.860680842014274194e+00
9.880212973166660959e+03,3.860680760995901739e+00
9.880212991726386463e+03,3.860680679982254837e+00
9.880213010286111967e+03,3.860680598973325051e+00
9.880213028845839290e+03,3.860680517969104830e+00
9.880213047405564794e+03,3.860680436969609719e+00
9.880213065965292117e+03,3.860680355974826838e+00
9.880213084525017621e+03,3.860680274984770399e+00
9.880213103084744944e+03,3.860680193999425747e+00
9.880213121644470448e+03,3.860680113018809312e+00
9.880213140204197771e+03,3.860680032042905108e+00
9.880213158763923275e+03,3.860679951071730009e+00
9.880213177323650598e+03,3.860679870105268474e+00
9.880213195883376102e+03,3.860679789143537821e+00
9.880213214443103425e+03,3.860679708186520731e+00
9.880213233002828929e+03,3.860679627234234523e+00
9.880213251562554433e+03,3.860679546286672092e+00
9.880213270122281756e+03,3.860679465343826777e+00
9.880213288682007260e+03,3.860679384405712344e+00
9.880213307241734583e+03,3.860679303472315915e+00
9.880213325801460087e+03,3.860679222543652145e+00
9.880213344361187410e+03,3.860679141619706378e+00
9.880213362920912914e+03,3.860679060700495047e+00
9.880213381480640237e+03,3.860678979786002163e+00
9.880213400040365741e+03,3.860678898876245491e+00
9.880213418600093064e+03,3.860678817971208598e+00
9.880213437159818568e+03,3.860678737070907030e+00
9.880213455719545891e+03,3.860678656175327905e+00
9.880213474279271395e+03,3.860678575284484992e+00
9.880213492838996899e+03,3.860678494398371630e+00
9.880213511398724222e+03,3.860678413516980712e+00
9.880213529958449726e+03,3.860678332640328225e+00
9.880213548518177049e+03,3.860678251768399516e+00
9.880213567077902553e+03,3.860678170901210127e+00
9.880213585637629876e+03,3.860678090038744958e+00
9.880213604197355380e+03,3.860678009181020887e+00
9.880213622757082703e+03,3.860677928328021924e+00
9.880213641316808207e+03,3.860677847479763614e+00
9.880213659876535530e+03,3.860677766636232633e+00
9.880213678436261034e+03,3.860677685797443193e+00
9.880213696995988357e+03,3.860677604963381526e+00
9.880213715555713861e+03,3.860677524134063177e+00
9.880213734115439365e+03,3.860677443309480594e+00
9.880213752675166688e+03,3.860677362489626674e+00
9.880213771234892192e+03,3.860677281674517847e+00
9.880213789794619515e+03,3.860677200864138126e+00
9.880213808354345019e+03,3.860677120058504830e+00
9.880213826914072342e+03,3.860677039257601972e+00
9.880213845473797846e+03,3.860676958461445096e+00
9.880213864033525169e+03,3.860676877670020435e+00
9.880213882593250673e+03,3.860676796883343531e+00
9.880213901152977996e+03,3.860676716101398398e+00
9.880213919712703500e+03,3.860676635324203243e+00
9.880213938272430823e+03,3.860676554551740747e+00
9.880213956832156327e+03,3.860676473784028229e+00
9.880213975391881831e+03,3.860676393021057695e+00
9.880213993951609154e+03,3.860676312262822041e+00
9.880214012511334658e+03,3.860676231509337253e+00
9.880214031071061981e+03,3.860676150760589120e+00
9.880214049630787486e+03,3.860676070016592742e+00
9.880214068190514809e+03,3.860675989277332576e+00
9.880214086750240313e+03,3.860675908542825496e+00
9.880214105309967636e+03,3.860675827813056404e+00
9.880214123869693140e+03,3.860675747088042176e+00
9.880214142429420463e+03,3.860675666367765935e+00
9.880214160989145967e+03,3.860675585652244113e+00
9.880214179548873290e+03,3.860675504941463387e+00
9.880214198108598794e+03,3.860675424235437525e+00
9.880214216668324298e+03,3.860675343534160309e+00
9.880214235228051621e+03,3.860675262837624189e+00
9.880214253787777125e+03,3.860675182145845596e+00
9.880214272347504448e+03,3.860675101458809433e+00
9.880214290907229952e+03,3.860675020776530797e+00
9.880214309466957275e+03,3.860674940098995922e+00
9.880214328026682779e+03,3.860674859426219907e+00
9.880214346586410102e+03,3.860674778758188097e+00
9.880214365146135606e+03,3.860674698094916923e+00
9.880214383705862929e+03,3.860674617436389955e+00
9.880214402265588433e+03,3.860674536782624067e+00
9.880214420825315756e+03,3.860674456133605048e+00
9.880214439385041260e+03,3.860674375489347554e+00
9.880214457944766764e+03,3.860674294849845367e+00
9.880214476504494087e+03,3.860674214215089606e+00
9.880214495064219591e+03,3.860674133585098033e+00
9.880214513623946914e+03,3.860674052959855107e+00
9.880214532183672418e+03,3.860673972339376814e+00
9.880214550743399741e+03,3.860673891723647611e+00
9.880214569303125245e+03,3.860673811112683484e+00
9.880214587862852568e+03,3.860673730506470225e+00
9.880214606422578072e+03,3.860673649905022486e+00
9.880214624982305395e+03,3.860673569308326947e+00
9.880214643542030899e+03,3.860673488716398705e+00
9.880214662101758222e+03,3.860673408129222217e+00
9.880214680661483726e+03,3.860673327546814804e+00
9.880214699221209230e+03,3.860673246969168027e+00
9.880214717780936553e+03,3.860673166396274780e+00
9.880214736340662057e+03,3.860673085828151496e+00
9.880214754900389380e+03,3.860673005264782631e+00
9.880214773460114884e+03,3.860672924706184617e+00
9.880214792019842207e+03,3.860672844152342797e+00
9.880214810579567711e+03,3.860672763603271829e+00
9.880214829139295034e+03,3.860672683058957944e+00
9.880214847699020538e+03,3.860672602519416241e+00
9.880214866258747861e+03,3.860672521984632510e+00
9.880214884818473365e+03,3.860672441454622295e+00
9.880214903378200688e+03,3.860672360929370939e+00
9.880214921937926192e+03,3.860672280408893542e+00
9.880214940497651696e+03,3.860672199893183443e+00
9.880214959057379019e+03,3.860672119382233980e+00
9.880214977617104523e+03,3.860672038876059808e+00
9.880214996176831846e+03,3.860671958374646717e+00
9.880215014736557350e+03,3.860671877878011138e+00
9.880215033296284673e+03,3.860671797386136195e+00
9.880215051856010177e+03,3.860671716899040540e+00
9.880215070415737500e+03,3.860671636416705965e+00
9.880215088975463004e+03,3.860671555939152011e+00
9.880215107535190327e+03,3.860671475466360913e+00
9.880215126094915831e+03,3.860671394998349992e+00
9.880215144654643154e+03,3.860671314535104148e+00
9.880215163214368658e+03,3.860671234076638036e+00
9.880215181774094162e+03,3.860671153622946772e+00
9.880215200333821485e+03,3.860671073174020584e+00
9.880215218893546989e+03,3.860670992729877238e+00
9.880215237453274312e+03,3.860670912290500301e+00
9.880215256012999816e+03,3.860670831855907092e+00
9.880215274572727139e+03,3.860670751426082514e+00
9.880215293132452643e+03,3.860670671001041665e+00
9.880215311692179966e+03,3.860670590580769446e+00
9.880215330251905471e+03,3.860670510165282732e+00
9.880215348811632794e+03,3.860670429754566424e+00
9.880215367371358298e+03,3.860670349348635622e+00
9.880215385931085621e+03,3.860670268947475670e+00
9.880215404490811125e+03,3.860670188551102555e+00
9.880215423050536629e+03,3.860670108159509617e+00
9.880215441610263952e+03,3.860670027772689306e+00
9.880215460169989456e+03,3.860669947390656720e+00
9.880215478729716779e+03,3.860669867013398537e+00
9.880215497289442283e+03,3.860669786640929413e+00
9.880215515849169606e+03,3.860669706273233803e+00
9.880215534408895110e+03,3.860669625910329028e+00
9.880215552968622433e+03,3.860669545552199544e+00
9.880215571528347937e+03,3.860669465198862227e+00
9.880215590088075260e+03,3.860669384850300201e+00
9.880215608647800764e+03,3.860669304506530342e+00
9.880215627207528087e+03,3.860669224167538438e+00
9.880215645767253591e+03,3.860669143833338701e+00
9.880215664326979095e+03,3.860669063503926246e+00
9.880215682886706418e+03,3.860668983179291303e+00
9.880215701446431922e+03,3.860668902859452079e+00
9.880215720006159245e+03,3.860668822544391254e+00
9.880215738565884749e+03,3.860668742234127038e+00
9.880215757125612072e+03,3.860668661928642997e+00
9.880215775685337576e+03,3.860668581627955120e+00
9.880215794245064899e+03,3.860668501332049640e+00
9.880215812804790403e+03,3.860668421040941212e+00
9.880215831364517726e+03,3.860668340754614736e+00
9.880215849924243230e+03,3.860668260473088420e+00
9.880215868483970553e+03,3.860668180196343613e+00
9.880215887043696057e+03,3.860668099924398966e+00
9.880215905603421561e+03,3.860668019657247374e+00
9.880215924163148884e+03,3.860667939394879067e+00
9.880215942722874388e+03,3.860667859137312696e+00
9.880215961282601711e+03,3.860667778884531831e+00
9.880215979842327215e+03,3.860667698636553347e+00
9.880215998402054538e+03,3.860667618393360812e+00
9.880216016961780042e+03,3.860667538154971989e+00
9.880216035521507365e+03,3.860667457921370005e+00
9.880216054081232869e+03,3.860667377692572177e+00
9.880216072640960192e+03,3.860667297468562964e+00
9.880216091200685696e+03,3.860667217249358352e+00
9.880216109760413019e+03,3.860667137034942797e+00
9.880216128320138523e+03,3.860667056825334509e+00
9.880216146879864027e+03,3.860666976620523272e+00
9.880216165439591350e+03,3.860666896420503758e+00
9.880216183999316854e+03,3.860666816225290621e+00
9.880216202559044177e+03,3.860666736034870983e+00
9.880216221118769681e+03,3.860666655849257722e+00
9.880216239678497004e+03,3.860666575668438405e+00
9.880216258238222508e+03,3.860666495492427686e+00
9.880216276797949831e+03,3.860666415321210909e+00
9.880216295357675335e+03,3.860666335154804063e+00
9.880216313917402658e+03,3.860666254993193380e+00
9.880216332477128162e+03,3.860666174836392184e+00
9.880216351036855485e+03,3.860666094684387151e+00
9.880216369596580989e+03,3.860666014537193824e+00
9.880216388156306493e+03,3.860665934394805543e+00
9.880216406716033816e+03,3.860665854257213869e+00
9.880216425275759320e+03,3.860665774124436567e+00
9.880216443835486643e+03,3.860665693996456760e+00
9.880216462395212147e+03,3.860665613873291324e+00
9.880216480954939470e+03,3.860665533754925161e+00
9.880216499514664974e+03,3.860665453641373812e+00
9.880216518074392297e+03,3.860665373532623512e+00
9.880216536634117801e+03,3.860665293428688916e+00
9.880216555193845124e+03,3.860665213329555367e+00
9.880216573753570628e+03,3.860665133235239299e+00
9.880216592313297951e+03,3.860665053145724723e+00
9.880216610873023455e+03,3.860664973061028071e+00
9.880216629432748960e+03,3.860664892981143126e+00
9.880216647992476283e+03,3.860664812906061005e+00
9.880216666552201787e+03,3.860664732835798141e+00
9.880216685111929110e+03,3.860664652770340322e+00
9.880216703671654614e+03,3.860664572709702647e+00
9.880216722231381937e+03,3.860664492653870461e+00
9.880216740791107441e+03,3.860664412602859752e+00
9.880216759350834764e+03,3.860664332556654976e+00
9.880216777910560268e+03,3.860664252515273009e+00
9.880216796470287591e+03,3.860664172478697864e+00
9.880216815030013095e+03,3.860664092446946860e+00
9.880216833589738599e+03,3.860664012420012003e+00
9.880216852149465922e+03,3.860663932397884857e+00
9.880216870709191426e+03,3.860663852380583183e+00
9.880216889268918749e+03,3.860663772368090996e+00
9.880216907828644253e+03,3.860663692360425170e+00
9.880216926388371576e+03,3.860663612357568386e+00
9.880216944948097080e+03,3.860663532359539296e+00
9.880216963507824403e+03,3.860663452366321913e+00
9.880216982067549907e+03,3.860663372377932223e+00
9.880217000627277230e+03,3.860663292394354240e+00
9.880217019187002734e+03,3.860663212415606171e+00
9.880217037746730057e+03,3.860663132441670697e+00
9.880217056306455561e+03,3.860663052472564694e+00
9.880217074866181065e+03,3.860662972508281499e+00
9.880217093425908388e+03,3.860662892548812675e+00
9.880217111985633892e+03,3.860662812594174653e+00
9.880217130545361215e+03,3.860662732644353223e+00
9.880217149105086719e+03,3.860662652699363040e+00
9.880217167664814042e+03,3.860662572759189892e+00
9.880217186224539546e+03,3.860662492823850211e+00
9.880217204784266869e+03,3.860662412893327566e+00
9.880217223343992373e+03,3.860662332967638832e+00
9.880217241903719696e+03,3.860662253046768466e+00
9.880217260463445200e+03,3.860662173130733787e+00
9.880217279023172523e+03,3.860662093219517921e+00
9.880217297582898027e+03,3.860662013313138630e+00
9.880217316142623531e+03,3.860661933411587032e+00
9.880217334702350854e+03,3.860661853514857356e+00
9.880217353262076358e+03,3.860661773622963810e+00
9.880217371821803681e+03,3.860661693735893074e+00
9.880217390381529185e+03,3.860661613853660246e+00
9.880217408941256508e+03,3.860661533976250226e+00
9.880217427500982012e+03,3.860661454103679890e+00
9.880217446060709335e+03,3.860661374235933252e+00
9.880217464620434839e+03,3.860661294373025854e+00
9.880217483180162162e+03,3.860661214514943929e+00
9.880217501739887666e+03,3.860661134661703464e+00
9.880217520299614989e+03,3.860661054813288473e+00
9.880217538859340493e+03,3.860660974969715387e+00
9.880217557419065997e+03,3.860660895130976211e+00
9.880217575978793320e+03,3.860660815297065618e+00
9.880217594538518824e+03,3.860660735467997817e+00
9.880217613098246147e+03,3.860660655643758155e+00
9.880217631657971651e+03,3.860660575824362617e+00
9.880217650217698974e+03,3.860660496009796550e+00
9.880217668777424478e+03,3.860660416200075495e+00
9.880217687337151801e+03,3.860660336395184800e+00
9.880217705896877305e+03,3.860660256595140005e+00
9.880217724456604628e+03,3.860660176799926901e+00
9.880217743016330132e+03,3.860660097009559699e+00
9.880217761576057455e+03,3.860660017224025520e+00
9.880217780135782959e+03,3.860659937443339462e+00
9.880217798695508463e+03,3.860659857667493977e+00
9.880217817255235786e+03,3.860659777896481959e+00
9.880217835814961290e+03,3.860659698130319395e+00
9.880217854374688613e+03,3.860659618368992074e+00
9.880217872934414117e+03,3.860659538612514208e+00
9.880217891494141440e+03,3.860659458860872473e+00
9.880217910053866945e+03,3.860659379114080636e+00
9.880217928613594268e+03,3.860659299372127151e+00
9.880217947173319772e+03,3.860659219635024453e+00
9.880217965733047095e+03,3.860659139902759662e+00
9.880217984292772599e+03,3.860659060175348767e+00
9.880218002852499922e+03,3.860658980452775335e+00
9.880218021412225426e+03,3.860658900735055798e+00
9.880218039971950930e+03,3.860658821022184384e+00
9.880218058531678253e+03,3.860658741314152209e+00
9.880218077091403757e+03,3.860658661610975706e+00
9.880218095651131080e+03,3.860658581912639331e+00
9.880218114210856584e+03,3.860658502219159516e+00
9.880218132770583907e+03,3.860658422530521605e+00
9.880218151330309411e+03,3.860658342846742030e+00
9.880218169890036734e+03,3.860658263167803916e+00
9.880218188449762238e+03,3.860658183493724582e+00
9.880218207009489561e+03,3.860658103824489373e+00
9.880218225569215065e+03,3.860658024160112500e+00
9.880218244128942388e+03,3.860657944500580641e+00
9.880218262688667892e+03,3.860657864845908893e+00
9.880218281248393396e+03,3.860657785196091041e+00
9.880218299808120719e+03,3.860657705551118646e+00
9.880218318367846223e+03,3.860657625911008139e+00
9.880218336927573546e+03,3.860657546275743979e+00
9.880218355487299050e+03,3.860657466645343039e+00
9.880218374047026373e+03,3.860657387019789333e+00
9.880218392606751877e+03,3.860657307399100180e+00
9.880218411166479200e+03,3.860657227783259149e+00
9.880218429726204704e+03,3.860657148172282671e+00
9.880218448285932027e+03,3.860657068566156092e+00
9.880218466845657531e+03,3.860656988964895397e+00
9.880218485405384854e+03,3.860656909368485490e+00
9.880218503965110358e+03,3.860656829776941024e+00
9.880218522524835862e+03,3.860656750190256670e+00
9.880218541084563185e+03,3.860656670608424434e+00
9.880218559644288689e+03,3.860656591031459861e+00
9.880218578204016012e+03,3.860656511459348295e+00
9.880218596763741516e+03,3.860656431892106166e+00
9.880218615323468839e+03,3.860656352329717045e+00
9.880218633883194343e+03,3.860656272772199138e+00
9.880218652442921666e+03,3.860656193219535126e+00
9.880218671002647170e+03,3.860656113671741885e+00
9.880218689562374493e+03,3.860656034128804315e+00
9.880218708122099997e+03,3.860655954590738848e+00
9.880218726681827320e+03,3.860655875057530828e+00
9.880218745241552824e+03,3.860655795529194467e+00
9.880218763801278328e+03,3.860655716005723992e+00
9.880218782361005651e+03,3.860655636487111853e+00
9.880218800920731155e+03,3.860655556973374036e+00
9.880218819480458478e+03,3.860655477464494556e+00
9.880218838040183982e+03,3.860655397960491175e+00
9.880218856599911305e+03,3.860655318461347019e+00
9.880218875159636809e+03,3.860655238967078962e+00
9.880218893719364132e+03,3.860655159477672349e+00
9.880218912279089636e+03,3.860655079993143168e+00
9.880218930838816959e+03,3.860655000513475432e+00
9.880218949398542463e+03,3.860654921038685572e+00
9.880218967958269786e+03,3.860654841568758044e+00
9.880218986517995290e+03,3.860654762103710613e+00
9.880219005077720794e+03,3.860654682643533953e+00
9.880219023637448117e+03,3.860654603188222289e+00
9.880219042197173621e+03,3.860654523737790278e+00
9.880219060756900944e+03,3.860654444292223264e+00
9.880219079316626448e+03,3.860654364851538567e+00
9.880219097876353771e+03,3.860654285415719755e+00
9.880219116436079275e+03,3.860654205984782816e+00
9.880219134995806598e+03,3.860654126558713095e+00
9.880219153555532102e+03,3.860654047137526135e+00
9.880219172115259425e+03,3.860653967721207724e+00
9.880219190674984930e+03,3.860653888309774295e+00
9.880219209234712253e+03,3.860653808903209416e+00
9.880219227794437757e+03,3.860653729501529074e+00
9.880219246354163261e+03,3.860653650104726609e+00
9.880219264913890584e+03,3.860653570712794469e+00
9.880219283473616088e+03,3.860653491325749531e+00
9.880219302033343411e+03,3.860653411943574920e+00
9.880219320593068915e+03,3.860653332566288398e+00
9.880219339152796238e+03,3.860653253193874423e+00
9.880219357712521742e+03,3.860653173826348983e+00
9.880219376272249065e+03,3.860653094463696089e+00
9.880219394831974569e+03,3.860653015105932617e+00
9.880219413391701892e+03,3.860652935753044357e+00
9.880219431951427396e+03,3.860652856405045075e+00
9.880219450511154719e+03,3.860652777061921892e+00
9.880219469070880223e+03,3.860652697723689464e+00
9.880219487630605727e+03,3.860652618390341129e+00
9.880219506190333050e+03,3.860652539061869781e+00
9.880219524750058554e+03,3.860652459738290521e+00
9.880219543309785877e+03,3.860652380419588692e+00
9.880219561869511381e+03,3.860652301105780282e+00
9.880219580429238704e+03,3.860652221796851524e+00
9.880219598988964208e+03,3.860652142492815742e+00
9.880219617548691531e+03,3.860652063193660943e+00
9.880219636108417035e+03,3.860651983899400896e+00
9.880219654668144358e+03,3.860651904610021390e+00
9.880219673227869862e+03,3.860651825325537967e+00
9.880219691787597185e+03,3.860651746045936417e+00
9.880219710347322689e+03,3.860651666771231838e+00
9.880219728907048193e+03,3.860651587501417126e+00
9.880219747466775516e+03,3.860651508236485174e+00
9.880219766026501020e+03,3.860651428976451971e+00
9.880219784586228343e+03,3.860651349721302861e+00
9.880219803145953847e+03,3.860651270471053831e+00
9.880219821705681170e+03,3.860651191225688450e+00
9.880219840265406674e+03,3.860651111985224482e+00
9.880219858825133997e+03,3.860651032749645939e+00
9.880219877384859501e+03,3.860650953518968365e+00
9.880219895944586824e+03,3.860650874293177548e+00
9.880219914504312328e+03,3.860650795072290364e+00
9.880219933064039651e+03,3.860650715856289494e+00
9.880219951623765155e+03,3.860650636645192257e+00
9.880219970183490659e+03,3.860650557438991548e+00
9.880219988743217982e+03,3.860650478237679373e+00
9.880220007302943486e+03,3.860650399041272163e+00
9.880220025862670809e+03,3.860650319849755263e+00
9.880220044422396313e+03,3.860650240663143773e+00
9.880220062982123636e+03,3.860650161481423481e+00
9.880220081541849140e+03,3.860650082304609931e+00
9.880220100101576463e+03,3.860650003132687580e+00
9.880220118661301967e+03,3.860649923965673302e+00
9.880220137221029290e+03,3.860649844803551556e+00
9.880220155780754794e+03,3.860649765646338327e+00
9.880220174340482117e+03,3.860649686494019406e+00
9.880220192900207621e+03,3.860649607346609447e+00
9.880220211459933125e+03,3.860649528204101788e+00
9.880220230019660448e+03,3.860649449066489769e+00
9.880220248579385952e+03,3.860649369933788488e+00
9.880220267139113275e+03,3.860649290805982847e+00
9.880220285698838779e+03,3.860649211683089277e+00
9.880220304258566102e+03,3.860649132565093122e+00
9.880220322818291606e+03,3.860649053452009039e+00
9.880220341378018929e+03,3.860648974343823703e+00
9.880220359937744433e+03,3.860648895240551326e+00
9.880220378497471756e+03,3.860648816142178141e+00
9.880220397057197260e+03,3.860648737048720136e+00
9.880220415616924583e+03,3.860648657960162211e+00
9.880220434176650087e+03,3.860648578876518577e+00
9.880220452736375591e+03,3.860648499797784350e+00
9.880220471296102914e+03,3.860648420723951535e+00
9.880220489855828419e+03,3.860648341655035676e+00
9.880220508415555742e+03,3.860648262591021229e+00
9.880220526975281246e+03,3.860648183531925515e+00
9.880220545535008569e+03,3.860648104477732989e+00
9.880220564094734073e+03,3.860648025428458752e+00
9.880220582654461396e+03,3.860647946384089035e+00
9.880220601214186900e+03,3.860647867344639383e+00
9.880220619773914223e+03,3.860647788310094697e+00
9.880220638333639727e+03,3.860647709280470963e+00
9.880220656893367050e+03,3.860647630255752638e+00
9.880220675453092554e+03,3.860647551235956154e+00
9.880220694012818058e+03,3.860647472221074850e+00
9.880220712572545381e+03,3.860647393211099843e+00
9.880220731132270885e+03,3.860647314206049341e+00
9.880220749691998208e+03,3.860647235205906469e+00
9.880220768251723712e+03,3.860647156210687658e+00
9.880220786811451035e+03,3.860647077220377810e+00
9.880220805371176539e+03,3.860646998234994243e+00
9.880220823930903862e+03,3.860646919254519638e+00
9.880220842490629366e+03,3.860646840278971315e+00
9.880220861050356689e+03,3.860646761308334174e+00
9.880220879610082193e+03,3.860646682342624203e+00
9.880220898169809516e+03,3.860646603381825859e+00
9.880220916729535020e+03,3.860646524425956461e+00
9.880220935289260524e+03,3.860646445475006683e+00
9.880220953848987847e+03,3.860646366528970752e+00
9.880220972408713351e+03,3.860646287587864212e+00
9.880220990968440674e+03,3.860646208651671962e+00
9.880221009528166178e+03,3.860646129720409547e+00
9.880221028087893501e+03,3.860646050794063644e+00
9.880221046647619005e+03,3.860645971872648019e+00
9.880221065207346328e+03,3.860645892956148906e+00
9.880221083767071832e+03,3.860645814044581403e+00
9.880221102326799155e+03,3.860645735137931744e+00
9.880221120886524659e+03,3.860645656236215029e+00
9.880221139446251982e+03,3.860645577339416157e+00
9.880221158005977486e+03,3.860645498447551560e+00
9.880221176565702990e+03,3.860645419560615021e+00
9.880221195125430313e+03,3.860645340678596327e+00
9.880221213685155817e+03,3.860645261801513684e+00
9.880221232244883140e+03,3.860645182929351105e+00
9.880221250804608644e+03,3.860645104062125466e+00
9.880221269364335967e+03,3.860645025199820779e+00
9.880221287924061471e+03,3.860644946342453920e+00
9.880221306483788794e+03,3.860644867490009791e+00
9.880221325043514298e+03,3.860644788642503045e+00
9.880221343603241621e+03,3.860644709799920360e+00
9.880221362162967125e+03,3.860644630962276835e+00
9.880221380722694448e+03,3.860644552129556484e+00
9.880221399282419952e+03,3.860644473301776625e+00
9.880221417842145456e+03,3.860644394478930597e+00
9.880221436401872779e+03,3.860644315661009962e+00
9.880221454961598283e+03,3.860644236848030264e+00
9.880221473521325606e+03,3.860644158039978180e+00
9.880221492081051110e+03,3.860644079236867476e+00
9.880221510640778433e+03,3.860644000438685275e+00
9.880221529200503937e+03,3.860643921645445342e+00
9.880221547760231260e+03,3.860643842857134356e+00
9.880221566319956764e+03,3.860643764073768747e+00
9.880221584879684087e+03,3.860643685295331196e+00
9.880221603439409591e+03,3.860643606521839466e+00
9.880221621999135095e+03,3.860643527753286453e+00
9.880221640558862418e+03,3.860643448989663717e+00
9.880221659118587922e+03,3.860643370230987248e+00
9.880221677678315245e+03,3.860643291477243721e+00
9.880221696238040749e+03,3.860643212728446461e+00
9.880221714797768072e+03,3.860643133984583031e+00
9.880221733357493576e+03,3.860643055245667643e+00
9.880221751917220899e+03,3.860642976511686086e+00
9.880221770476946404e+03,3.860642897782653460e+00
9.880221789036673727e+03,3.860642819058555997e+00
9.880221807596399231e+03,3.860642740339408796e+00
9.880221826156126554e+03,3.860642661625197647e+00
9.880221844715852058e+03,3.860642582915937204e+00
9.880221863275577562e+03,3.860642504211621695e+00
9.880221881835304885e+03,3.860642425512242237e+00
9.880221900395030389e+03,3.860642346817816151e+00
9.880221918954757712e+03,3.860642268128327892e+00
9.880221937514483216e+03,3.860642189443793004e+00
9.880221956074210539e+03,3.860642110764196833e+00
9.880221974633936043e+03,3.860642032089555808e+00
9.880221993193663366e+03,3.860641953419854389e+00
9.880222011753388870e+03,3.860641874755109004e+00
9.880222030313116193e+03,3.860641796095304112e+00
9.880222048872841697e+03,3.860641717440454812e+00
9.880222067432569020e+03,3.860641638790547781e+00
9.880222085992294524e+03,3.860641560145598561e+00
9.880222104552020028e+03,3.860641481505600048e+00
9.880222123111747351e+03,3.860641402870543804e+00
9.880222141671472855e+03,3.860641324240446703e+00
9.880222160231200178e+03,3.860641245615292760e+00
9.880222178790925682e+03,3.860641166995099738e+00
9.880222197350653005e+03,3.860641088379850761e+00
9.880222215910378509e+03,3.860641009769563148e+00
9.880222234470105832e+03,3.860640931164221801e+00
9.880222253029831336e+03,3.860640852563841374e+00
9.880222271589558659e+03,3.860640773968408102e+00
9.880222290149284163e+03,3.860640695377937082e+00
9.880222308709011486e+03,3.860640616792414104e+00
9.880222327268736990e+03,3.860640538211854711e+00
9.880222345828462494e+03,3.860640459636251354e+00
9.880222364388189817e+03,3.860640381065597815e+00
9.880222382947915321e+03,3.860640302499908749e+00
9.880222401507642644e+03,3.860640223939169502e+00
9.880222420067368148e+03,3.860640145383396504e+00
9.880222438627095471e+03,3.860640066832574657e+00
9.880222457186820975e+03,3.860639988286719504e+00
9.880222475746548298e+03,3.860639909745815945e+00
9.880222494306273802e+03,3.860639831209880413e+00
9.880222512866001125e+03,3.860639752678897363e+00
9.880222531425726629e+03,3.860639674152883671e+00
9.880222549985453952e+03,3.860639595631823795e+00
9.880222568545179456e+03,3.860639517115733277e+00
9.880222587104904960e+03,3.860639438604605456e+00
9.880222605664632283e+03,3.860639360098431894e+00
9.880222624224357787e+03,3.860639281597230799e+00
9.880222642784085110e+03,3.860639203100985295e+00
9.880222661343810614e+03,3.860639124609710926e+00
9.880222679903537937e+03,3.860639046123394813e+00
9.880222698463263441e+03,3.860638967642051167e+00
9.880222717022990764e+03,3.860638889165665333e+00
9.880222735582716268e+03,3.860638810694254186e+00
9.880222754142443591e+03,3.860638732227800851e+00
9.880222772702169095e+03,3.860638653766323092e+00
9.880222791261896418e+03,3.860638575309804477e+00
9.880222809821621922e+03,3.860638496858262769e+00
9.880222828381347426e+03,3.860638418411688644e+00
9.880222846941074749e+03,3.860638339970076327e+00
9.880222865500800253e+03,3.860638261533440918e+00
9.880222884060527576e+03,3.860638183101767762e+00
9.880222902620253080e+03,3.860638104675072402e+00
9.880222921179980403e+03,3.860638026253340627e+00
9.880222939739705907e+03,3.860637947836587536e+00
9.880222958299433230e+03,3.860637869424798474e+00
9.880222976859158734e+03,3.860637791017989873e+00
9.880222995418886057e+03,3.860637712616145745e+00
9.880223013978611561e+03,3.860637634219282521e+00
9.880223032538338884e+03,3.860637555827385548e+00
9.880223051098064388e+03,3.860637477440469922e+00
9.880223069657789893e+03,3.860637399058529429e+00
9.880223088217517216e+03,3.860637320681555629e+00
9.880223106777242720e+03,3.860637242309566286e+00
9.880223125336970043e+03,3.860637163942544081e+00
9.880223143896695547e+03,3.860637085580506778e+00
9.880223162456422870e+03,3.860637007223437944e+00
9.880223181016148374e+03,3.860636928871354456e+00
9.880223199575875697e+03,3.860636850524241659e+00
9.880223218135601201e+03,3.860636772182113763e+00
9.880223236695328524e+03,3.860636693844957890e+00
9.880223255255054028e+03,3.860636615512788694e+00
9.880223273814781351e+03,3.860636537185591077e+00
9.880223292374506855e+03,3.860636458863381915e+00
9.880223310934232359e+03,3.860636380546153656e+00
9.880223329493959682e+03,3.860636302233898309e+00
9.880223348053685186e+03,3.860636223926632304e+00
9.880223366613412509e+03,3.860636145624340987e+00
9.880223385173138013e+03,3.860636067327039012e+00
9.880223403732865336e+03,3.860635989034713500e+00
9.880223422292590840e+03,3.860635910747378219e+00
9.880223440852318163e+03,3.860635832465019401e+00
9.880223459412043667e+03,3.860635754187652591e+00
9.880223477971770990e+03,3.860635675915263132e+00
9.880223496531496494e+03,3.860635597647866124e+00
9.880223515091223817e+03,3.860635519385448688e+00
9.880223533650949321e+03,3.860635441128023704e+00
9.880223552210674825e+03,3.860635362875586285e+00
9.880223570770402148e+03,3.860635284628127994e+00
9.880223589330127652e+03,3.860635206385665263e+00
9.880223607889854975e+03,3.860635128148182105e+00
9.880223626449580479e+03,3.860635049915696282e+00
9.880223645009307802e+03,3.860634971688190920e+00
9.880223663569033306e+03,3.860634893465683781e+00
9.880223682128760629e+03,3.860634815248157992e+00
9.880223700688486133e+03,3.860634737035629982e+00
9.880223719248213456e+03,3.860634658828086430e+00
9.880223737807938960e+03,3.860634580625541989e+00
9.880223756367666283e+03,3.860634502427980230e+00
9.880223774927391787e+03,3.860634424235420248e+00
9.880223793487117291e+03,3.860634346047851828e+00
9.880223812046844614e+03,3.860634267865268754e+00
9.880223830606570118e+03,3.860634189687687901e+00
9.880223849166297441e+03,3.860634111515093725e+00
9.880223867726022945e+03,3.860634033347500882e+00
9.880223886285750268e+03,3.860633955184896493e+00
9.880223904845475772e+03,3.860633877027294325e+00
9.880223923405203095e+03,3.860633798874681499e+00
9.880223941964928599e+03,3.860633720727071339e+00
9.880223960524655922e+03,3.860633642584451852e+00
9.880223979084381426e+03,3.860633564446837251e+00
9.880223997644108749e+03,3.860633486314212437e+00
9.880224016203834253e+03,3.860633408186594284e+00
