Time (BJD_TBD - 2450000), F_star + F_planets (mJy)
1.065014266203716397e+04,3.865048195625657712e+00
1.065014268332748725e+04,3.865048253222283847e+00
1.065014270461781052e+04,3.865048310807139842e+00
1.065014272590813380e+04,3.865048368380236354e+00
1.065014274719845707e+04,3.865048425941552068e+00
1.065014276848878217e+04,3.865048483491111853e+00
1.065014278977910544e+04,3.865048541028897944e+00
1.065014281106942872e+04,3.865048598554910342e+00
1.065014283235975199e+04,3.865048656069156152e+00
1.065014285365007527e+04,3.865048713571628269e+00
1.065014287494039854e+04,3.865048771062333799e+00
1.065014289623072182e+04,3.865048828541265635e+00
1.065014291752104509e+04,3.865048886008427331e+00
1.065014293881136837e+04,3.865048943463811781e+00
1.065014296010169346e+04,3.865049000907433197e+00
1.065014298139201674e+04,3.865049058339273813e+00
1.065014300268234001e+04,3.865049115759347842e+00
1.065014302397266329e+04,3.865049173167644625e+00
1.065014304526298656e+04,3.865049230564164162e+00
1.065014306655330984e+04,3.865049287948913559e+00
1.065014308784363311e+04,3.865049345321889263e+00
1.065014310913395639e+04,3.865049402683087720e+00
1.065014313042427966e+04,3.865049460032512485e+00
1.065014315171460476e+04,3.865049517370163557e+00
1.065014317300492803e+04,3.865049574696037382e+00
1.065014319429525131e+04,3.865049632010137515e+00
1.065014321558557458e+04,3.865049689312453296e+00
1.065014323687589786e+04,3.865049746602998937e+00
1.065014325816622113e+04,3.865049803881763779e+00
1.065014327945654441e+04,3.865049861148751376e+00
1.065014330074686768e+04,3.865049918403958173e+00
1.065014332203719096e+04,3.865049975647391278e+00
1.065014334332751605e+04,3.865050032879050690e+00
1.065014336461783932e+04,3.865050090098925750e+00
1.065014338590816260e+04,3.865050147307016459e+00
1.065014340719848587e+04,3.865050204503333475e+00
1.065014342848880915e+04,3.865050261687866140e+00
1.065014344977913242e+04,3.865050318860618006e+00
1.065014347106945570e+04,3.865050376021589074e+00
1.065014349235977897e+04,3.865050433170779343e+00
1.065014351365010225e+04,3.865050490308188813e+00
1.065014353494042734e+04,3.865050547433821038e+00
1.065014355623075062e+04,3.865050604547665358e+00
1.065014357752107389e+04,3.865050661649728880e+00
1.065014359881139717e+04,3.865050718740004498e+00
1.065014362010172044e+04,3.865050775818502871e+00
1.065014364139204372e+04,3.865050832885216892e+00
1.065014366268236699e+04,3.865050889940143009e+00
1.065014368397269027e+04,3.865050946983284774e+00
1.065014370526301354e+04,3.865051004014642189e+00
1.065014372655333864e+04,3.865051061034222357e+00
1.065014374784366191e+04,3.865051118042007516e+00
1.065014376913398519e+04,3.865051175038011877e+00
1.065014379042430846e+04,3.865051232022221228e+00
1.065014381171463174e+04,3.865051288994649781e+00
1.065014383300495501e+04,3.865051345955293982e+00
1.065014385429527829e+04,3.865051402904150279e+00
1.065014387558560156e+04,3.865051459841211567e+00
1.065014389687592484e+04,3.865051516766488504e+00
1.065014391816624993e+04,3.865051573679981090e+00
1.065014393945657321e+04,3.865051630581682218e+00
1.065014396074689648e+04,3.865051687471598996e+00
1.065014398203721976e+04,3.865051744349717211e+00
1.065014400332754303e+04,3.865051801216054628e+00
1.065014402461786631e+04,3.865051858070589930e+00
1.065014404590818958e+04,3.865051914913337328e+00
1.065014406719851286e+04,3.865051971744300374e+00
1.065014408848883613e+04,3.865052028563471964e+00
1.065014410977916123e+04,3.865052085370848545e+00
1.065014413106948450e+04,3.865052142166437221e+00
1.065014415235980778e+04,3.865052198950230888e+00
1.065014417365013105e+04,3.865052255722225993e+00
1.065014419494045433e+04,3.865052312482436747e+00
1.065014421623077760e+04,3.865052369230848939e+00
1.065014423752110088e+04,3.865052425967469674e+00
1.065014425881142415e+04,3.865052482692288294e+00
1.065014428010174743e+04,3.865052539405322563e+00
1.065014430139207252e+04,3.865052596106565375e+00
1.065014432268239580e+04,3.865052652796006072e+00
1.065014434397271907e+04,3.865052709473648207e+00
1.065014436526304235e+04,3.865052766139495333e+00
1.065014438655336562e+04,3.865052822793547449e+00
1.065014440784368890e+04,3.865052879435808109e+00
1.065014442913401217e+04,3.865052936066266653e+00
1.065014445042433545e+04,3.865052992684926636e+00
1.065014447171465872e+04,3.865053049291788057e+00
1.065014449300498381e+04,3.865053105886858020e+00
1.065014451429530709e+04,3.865053162470122317e+00
1.065014453558563036e+04,3.865053219041595156e+00
1.065014455687595364e+04,3.865053275601265881e+00
1.065014457816627691e+04,3.865053332149134491e+00
1.065014459945660019e+04,3.865053388685204538e+00
1.065014462074692347e+04,3.865053445209472471e+00
1.065014464203724674e+04,3.865053501721941842e+00
1.065014466332757002e+04,3.865053558222609098e+00
1.065014468461789511e+04,3.865053614711481345e+00
1.065014470590821838e+04,3.865053671188540818e+00
1.065014472719854166e+04,3.865053727653808835e+00
1.065014474848886493e+04,3.865053784107271184e+00
1.065014476977918821e+04,3.865053840548927866e+00
1.065014479106951148e+04,3.865053896978782433e+00
1.065014481235983476e+04,3.865053953396834885e+00
1.065014483365015803e+04,3.865054009803085222e+00
1.065014485494048131e+04,3.865054066197526339e+00
1.065014487623080640e+04,3.865054122580172447e+00
1.065014489752112968e+04,3.865054178951002228e+00
1.065014491881145295e+04,3.865054235310033448e+00
1.065014494010177623e+04,3.865054291657262553e+00
1.065014496139209950e+04,3.865054347992678885e+00
1.065014498268242278e+04,3.865054404316289549e+00
1.065014500397274605e+04,3.865054460628090993e+00
1.065014502526306933e+04,3.865054516928090322e+00
1.065014504655339260e+04,3.865054573216280431e+00
1.065014506784371770e+04,3.865054629492671978e+00
1.065014508913404097e+04,3.865054685757240094e+00
1.065014511042436425e+04,3.865054742010009647e+00
1.065014513171468752e+04,3.865054798250966428e+00
1.065014515300501080e+04,3.865054854480117541e+00
1.065014517429533407e+04,3.865054910697459434e+00
1.065014519558565735e+04,3.865054966902985001e+00
1.065014521687598062e+04,3.865055023096704900e+00
1.065014523816630390e+04,3.865055079278615580e+00
1.065014525945662899e+04,3.865055135448720591e+00
1.065014528074695227e+04,3.865055191607005725e+00
1.065014530203727554e+04,3.865055247753481638e+00
1.065014532332759882e+04,3.865055303888144778e+00
1.065014534461792209e+04,3.865055360010995145e+00
1.065014536590824537e+04,3.865055416122032739e+00
1.065014538719856864e+04,3.865055472221261113e+00
1.065014540848889192e+04,3.865055528308673161e+00
1.065014542977921519e+04,3.865055584384272436e+00
1.065014545106954029e+04,3.865055640448066043e+00
1.065014547235986356e+04,3.865055696500036220e+00
1.065014549365018684e+04,3.865055752540190070e+00
1.065014551494051011e+04,3.865055808568527596e+00
1.065014553623083339e+04,3.865055864585055900e+00
1.065014555752115666e+04,3.865055920589764327e+00
1.065014557881147994e+04,3.865055976582656427e+00
1.065014560010180321e+04,3.865056032563739308e+00
1.065014562139212649e+04,3.865056088532995204e+00
1.065014564268245158e+04,3.865056144490441881e+00
1.065014566397277486e+04,3.865056200436065126e+00
1.065014568526309813e+04,3.865056256369879151e+00
1.065014570655342141e+04,3.865056312291866192e+00
1.065014572784374468e+04,3.865056368202036907e+00
1.065014574913406796e+04,3.865056424100391297e+00
1.065014577042439123e+04,3.865056479986922255e+00
1.065014579171471451e+04,3.865056535861636888e+00
1.065014581300503778e+04,3.865056591724531643e+00
1.065014583429536287e+04,3.865056647575606519e+00
1.065014585558568615e+04,3.865056703414865069e+00
1.065014587687600942e+04,3.865056759242293083e+00
1.065014589816633270e+04,3.865056815057901218e+00
1.065014591945665597e+04,3.865056870861689475e+00
1.065014594074697925e+04,3.865056926653657854e+00
1.065014596203730252e+04,3.865056982433799249e+00
1.065014598332762580e+04,3.865057038202124318e+00
1.065014600461794907e+04,3.865057093958622403e+00
1.065014602590827417e+04,3.865057149703297057e+00
1.065014604719859744e+04,3.865057205436148280e+00
1.065014606848892072e+04,3.865057261157179624e+00
1.065014608977924399e+04,3.865057316866380432e+00
1.065014611106956727e+04,3.865057372563757809e+00
1.065014613235989054e+04,3.865057428249308202e+00
1.065014615365021382e+04,3.865057483923038717e+00
1.065014617494053709e+04,3.865057539584935142e+00
1.065014619623086037e+04,3.865057595235015242e+00
1.065014621752118546e+04,3.865057650873261252e+00
1.065014623881150874e+04,3.865057706499687384e+00
1.065014626010183201e+04,3.865057762114279427e+00
1.065014628139215529e+04,3.865057817717048039e+00
1.065014630268247856e+04,3.865057873307986114e+00
1.065014632397280184e+04,3.865057928887093652e+00
1.065014634526312511e+04,3.865057984454374207e+00
1.065014636655344839e+04,3.865058040009831331e+00
1.065014638784377166e+04,3.865058095553450812e+00
1.065014640913409676e+04,3.865058151085250415e+00
1.065014643042442003e+04,3.865058206605208824e+00
1.065014645171474331e+04,3.865058262113343801e+00
1.065014647300506658e+04,3.865058317609644689e+00
1.065014649429538986e+04,3.865058373094118593e+00
1.065014651558571313e+04,3.865058428566754856e+00
1.065014653687603641e+04,3.865058484027564134e+00
1.065014655816635968e+04,3.865058539476539323e+00
1.065014657945668296e+04,3.865058594913676870e+00
1.065014660074700805e+04,3.865058650338990986e+00
1.065014662203733133e+04,3.865058705752471013e+00
1.065014664332765460e+04,3.865058761154116951e+00
1.065014666461797788e+04,3.865058816543921694e+00
1.065014668590830115e+04,3.865058871921895900e+00
1.065014670719862443e+04,3.865058927288036017e+00
1.065014672848894770e+04,3.865058982642345597e+00
1.065014674977927098e+04,3.865059037984817536e+00
1.065014677106959425e+04,3.865059093315451832e+00
1.065014679235991935e+04,3.865059148634255592e+00
1.065014681365024262e+04,3.865059203941214605e+00
1.065014683494056590e+04,3.865059259236343081e+00
1.065014685623088917e+04,3.865059314519633915e+00
1.065014687752121245e+04,3.865059369791080002e+00
1.065014689881153572e+04,3.865059425050695552e+00
1.065014692010185900e+04,3.865059480298473460e+00
1.065014694139218227e+04,3.865059535534406621e+00
1.065014696268250555e+04,3.865059590758502139e+00
1.065014698397283064e+04,3.865059645970770674e+00
1.065014700526315391e+04,3.865059701171190909e+00
1.065014702655347719e+04,3.865059756359773502e+00
1.065014704784380046e+04,3.865059811536511347e+00
1.065014706913412374e+04,3.865059866701411551e+00
1.065014709042444701e+04,3.865059921854470559e+00
1.065014711171477029e+04,3.865059976995688373e+00
1.065014713300509356e+04,3.865060032125061440e+00
1.065014715429541684e+04,3.865060087242600417e+00
1.065014717558574193e+04,3.865060142348294647e+00
1.065014719687606521e+04,3.865060197442147683e+00
1.065014721816638848e+04,3.865060252524152418e+00
1.065014723945671176e+04,3.865060307594315958e+00
1.065014726074703503e+04,3.865060362652638304e+00
1.065014728203735831e+04,3.865060417699115902e+00
1.065014730332768158e+04,3.865060472733745200e+00
1.065014732461800486e+04,3.865060527756533304e+00
1.065014734590832813e+04,3.865060582767476660e+00
1.065014736719865323e+04,3.865060637766575269e+00
1.065014738848897650e+04,3.865060692753829130e+00
1.065014740977929978e+04,3.865060747729234691e+00
1.065014743106962305e+04,3.865060802692795505e+00
1.065014745235994633e+04,3.865060857644504466e+00
1.065014747365026960e+04,3.865060912584372232e+00
1.065014749494059288e+04,3.865060967512388146e+00
1.065014751623091615e+04,3.865061022428562865e+00
1.065014753752123943e+04,3.865061077332882178e+00
1.065014755881156452e+04,3.865061132225363849e+00
1.065014758010188780e+04,3.865061187105990115e+00
1.065014760139221107e+04,3.865061241974760975e+00
1.065014762268253435e+04,3.865061296831694193e+00
1.065014764397285762e+04,3.865061351676772006e+00
1.065014766526318090e+04,3.865061406509997965e+00
1.065014768655350417e+04,3.865061461331375625e+00
1.065014770784382745e+04,3.865061516140901432e+00
1.065014772913415072e+04,3.865061570938575386e+00
1.065014775042447582e+04,3.865061625724404593e+00
1.065014777171479909e+04,3.865061680498374841e+00
1.065014779300512237e+04,3.865061735260493236e+00
1.065014781429544564e+04,3.865061790010759779e+00
1.065014783558576892e+04,3.865061844749178022e+00
1.065014785687609219e+04,3.865061899475737306e+00
1.065014787816641547e+04,3.865061954190441185e+00
1.065014789945673874e+04,3.865062008893296763e+00
1.065014792074706202e+04,3.865062063584300489e+00
1.065014794203738711e+04,3.865062118263448809e+00
1.065014796332771039e+04,3.865062172930738171e+00
1.065014798461803366e+04,3.865062227586172128e+00
1.065014800590835694e+04,3.865062282229754231e+00
1.065014802719868021e+04,3.865062336861473824e+00
1.065014804848900349e+04,3.865062391481345117e+00
1.065014806977932676e+04,3.865062446089353898e+00
1.065014809106965004e+04,3.865062500685507274e+00
1.065014811235997331e+04,3.865062555269801692e+00
1.065014813365029840e+04,3.865062609842247809e+00
1.065014815494062168e+04,3.865062664402824311e+00
1.065014817623094496e+04,3.865062718951548959e+00
1.065014819752126823e+04,3.865062773488418202e+00
1.065014821881159151e+04,3.865062828013421381e+00
1.065014824010191478e+04,3.865062882526565602e+00
1.065014826139223806e+04,3.865062937027850865e+00
1.065014828268256133e+04,3.865062991517280722e+00
1.065014830397288461e+04,3.865063045994844515e+00
1.065014832526320970e+04,3.865063100460556456e+00
1.065014834655353297e+04,3.865063154914398780e+00
1.065014836784385625e+04,3.865063209356385698e+00
1.065014838913417952e+04,3.865063263786503001e+00
1.065014841042450280e+04,3.865063318204764897e+00
1.065014843171482607e+04,3.865063372611157178e+00
1.065014845300514935e+04,3.865063427005694052e+00
1.065014847429547262e+04,3.865063481388364863e+00
1.065014849558579590e+04,3.865063535759166058e+00
1.065014851687612099e+04,3.865063590118115400e+00
1.065014853816644427e+04,3.865063644465202231e+00
1.065014855945676754e+04,3.865063698800415892e+00
1.065014858074709082e+04,3.865063753123763490e+00
1.065014860203741409e+04,3.865063807435252130e+00
1.065014862332773737e+04,3.865063861734871153e+00
1.065014864461806064e+04,3.865063916022624113e+00
1.065014866590838392e+04,3.865063970298514562e+00
1.065014868719870719e+04,3.865064024562531841e+00
1.065014870848903047e+04,3.865064078814690163e+00
1.065014872977935556e+04,3.865064133054985973e+00
1.065014875106967884e+04,3.865064187283405062e+00
1.065014877236000211e+04,3.865064241499954534e+00
1.065014879365032539e+04,3.865064295704641495e+00
1.065014881494064866e+04,3.865064349897462392e+00
1.065014883623097194e+04,3.865064404078406568e+00
1.065014885752129521e+04,3.865064458247488233e+00
1.065014887881161849e+04,3.865064512404693176e+00
1.065014890010194176e+04,3.865064566550035607e+00
1.065014892139226686e+04,3.865064620683508423e+00
1.065014894268259013e+04,3.865064674805104517e+00
1.065014896397291341e+04,3.865064728914830994e+00
1.065014898526323668e+04,3.865064783012684302e+00
1.065014900655355996e+04,3.865064837098675099e+00
1.065014902784388323e+04,3.865064891172789174e+00
1.065014904913420651e+04,3.865064945235026528e+00
1.065014907042452978e+04,3.865064999285394265e+00
1.065014909171485306e+04,3.865065053323892386e+00
1.065014911300517815e+04,3.865065107350517337e+00
1.065014913429550143e+04,3.865065161365269120e+00
1.065014915558582470e+04,3.865065215368144180e+00
1.065014917687614798e+04,3.865065269359142519e+00
1.065014919816647125e+04,3.865065323338271241e+00
1.065014921945679453e+04,3.865065377305516137e+00
1.065014924074711780e+04,3.865065431260894968e+00
1.065014926203744108e+04,3.865065485204400630e+00
1.065014928332776435e+04,3.865065539136022466e+00
1.065014930461808945e+04,3.865065593055771132e+00
1.065014932590841272e+04,3.865065646963646628e+00
1.065014934719873600e+04,3.865065700859641851e+00
1.065014936848905927e+04,3.865065754743756798e+00
1.065014938977938255e+04,3.865065808615995024e+00
1.065014941106970582e+04,3.865065862476360081e+00
1.065014943236002910e+04,3.865065916324848416e+00
1.065014945365035237e+04,3.865065970161449371e+00
1.065014947494067565e+04,3.865066023986177157e+00
1.065014949623100074e+04,3.865066077799031774e+00
1.065014951752132401e+04,3.865066131599999011e+00
1.065014953881164729e+04,3.865066185389082420e+00
1.065014956010197056e+04,3.865066239166285555e+00
1.065014958139229384e+04,3.865066292931622627e+00
1.065014960268261711e+04,3.865066346685065213e+00
1.065014962397294039e+04,3.865066400426631077e+00
1.065014964526326366e+04,3.865066454156313114e+00
1.065014966655358694e+04,3.865066507874114876e+00
1.065014968784391203e+04,3.865066561580039917e+00
1.065014970913423531e+04,3.865066615274077577e+00
1.065014973042455858e+04,3.865066668956224305e+00
1.065014975171488186e+04,3.865066722626497864e+00
1.065014977300520513e+04,3.865066776284884043e+00
1.065014979429552841e+04,3.865066829931386394e+00
1.065014981558585168e+04,3.865066883566008471e+00
1.065014983687617496e+04,3.865066937188743168e+00
1.065014985816649823e+04,3.865066990799590485e+00
1.065014987945682333e+04,3.865067044398557528e+00
1.065014990074714660e+04,3.865067097985637190e+00
1.065014992203746988e+04,3.865067151560829473e+00
1.065014994332779315e+04,3.865067205124130822e+00
1.065014996461811643e+04,3.865067258675551898e+00
1.065014998590843970e+04,3.865067312215082040e+00
1.065015000719876298e+04,3.865067365742728356e+00
1.065015002848908625e+04,3.865067419258487291e+00
1.065015004977940953e+04,3.865067472762351741e+00
1.065015007106973462e+04,3.865067526254346575e+00
1.065015009236005790e+04,3.865067579734432712e+00
1.065015011365038117e+04,3.865067633202638575e+00
1.065015013494070445e+04,3.865067686658949953e+00
1.065015015623102772e+04,3.865067740103377503e+00
1.065015017752135100e+04,3.865067793535910567e+00
1.065015019881167427e+04,3.865067846956556252e+00
1.065015022010199755e+04,3.865067900365311004e+00
1.065015024139232082e+04,3.865067953762167718e+00
1.065015026268264592e+04,3.865068007147151263e+00
1.065015028397296919e+04,3.865068060520229665e+00
1.065015030526329247e+04,3.865068113881417133e+00
1.065015032655361574e+04,3.865068167230713669e+00
1.065015034784393902e+04,3.865068220568119273e+00
1.065015036913426229e+04,3.865068273893626838e+00
1.065015039042458557e+04,3.865068327207247023e+00
1.065015041171490884e+04,3.865068380508965618e+00
1.065015043300523212e+04,3.865068433798796832e+00
1.065015045429555721e+04,3.865068487076733561e+00
1.065015047558588049e+04,3.865068540342775805e+00
1.065015049687620376e+04,3.865068593596927116e+00
1.065015051816652704e+04,3.865068646839173283e+00
1.065015053945685031e+04,3.865068700069532071e+00
1.065015056074717359e+04,3.865068753287989267e+00
1.065015058203749686e+04,3.865068806494551978e+00
1.065015060332782014e+04,3.865068859689220204e+00
1.065015062461814341e+04,3.865068912871990392e+00
1.065015064590846850e+04,3.865068966042866094e+00
1.065015066719879178e+04,3.865069019201843759e+00
1.065015068848911505e+04,3.865069072348916279e+00
1.065015070977943833e+04,3.865069125484097867e+00
1.065015073106976160e+04,3.865069178607374312e+00
1.065015075236008488e+04,3.865069231718759823e+00
1.065015077365040815e+04,3.865069284818240192e+00
1.065015079494073143e+04,3.865069337905822522e+00
1.065015081623105470e+04,3.865069390981506814e+00
1.065015083752137980e+04,3.865069444045285962e+00
1.065015085881170307e+04,3.865069497097170625e+00
1.065015088010202635e+04,3.865069550137150145e+00
1.065015090139234962e+04,3.865069603165231626e+00
1.065015092268267290e+04,3.865069656181411517e+00
1.065015094397299617e+04,3.865069709185686264e+00
1.065015096526331945e+04,3.865069762178059420e+00
1.065015098655364272e+04,3.865069815158530986e+00
1.065015100784396600e+04,3.865069868127097408e+00
1.065015102913429109e+04,3.865069921083769344e+00
1.065015105042461437e+04,3.865069974028532584e+00
1.065015107171493764e+04,3.865070026961387128e+00
1.065015109300526092e+04,3.865070079882347187e+00
1.065015111429558419e+04,3.865070132791394997e+00
1.065015113558590747e+04,3.865070185688541216e+00
1.065015115687623074e+04,3.865070238573775185e+00
1.065015117816655402e+04,3.865070291447107564e+00
1.065015119945687729e+04,3.865070344308538353e+00
1.065015122074720239e+04,3.865070397158067550e+00
1.065015124203752566e+04,3.865070449995680946e+00
1.065015126332784894e+04,3.865070502821389198e+00
1.065015128461817221e+04,3.865070555635192306e+00
1.065015130590849549e+04,3.865070608437086719e+00
1.065015132719881876e+04,3.865070661227068882e+00
1.065015134848914204e+04,3.865070714005153008e+00
1.065015136977946531e+04,3.865070766771321331e+00
1.065015139106978859e+04,3.865070819525580958e+00
1.065015141236011368e+04,3.865070872267938995e+00
1.065015143365043696e+04,3.865070924998381230e+00
1.065015145494076023e+04,3.865070977716914769e+00
1.065015147623108351e+04,3.865071030423536058e+00
1.065015149752140678e+04,3.865071083118248652e+00
1.065015151881173006e+04,3.865071135801052549e+00
1.065015154010205333e+04,3.865071188471940644e+00
1.065015156139237661e+04,3.865071241130916491e+00
1.065015158268269988e+04,3.865071293777983641e+00
1.065015160397302498e+04,3.865071346413142095e+00
1.065015162526334825e+04,3.865071399036388300e+00
1.065015164655367153e+04,3.865071451647718703e+00
1.065015166784399480e+04,3.865071504247133305e+00
1.065015168913431808e+04,3.865071556834639210e+00
1.065015171042464135e+04,3.865071609410229314e+00
1.065015173171496463e+04,3.865071661973907169e+00
1.065015175300528790e+04,3.865071714525665669e+00
1.065015177429561118e+04,3.865071767065511921e+00
1.065015179558593627e+04,3.865071819593453029e+00
1.065015181687625955e+04,3.865071872109471229e+00
1.065015183816658282e+04,3.865071924613570076e+00
1.065015185945690610e+04,3.865071977105753120e+00
1.065015188074722937e+04,3.865072029586023916e+00
1.065015190203755265e+04,3.865072082054375358e+00
1.065015192332787592e+04,3.865072134510810997e+00
1.065015194461819920e+04,3.865072186955330835e+00
1.065015196590852247e+04,3.865072239387931319e+00
1.065015198719884756e+04,3.865072291808616001e+00
1.065015200848917084e+04,3.865072344217384881e+00
1.065015202977949411e+04,3.865072396614227301e+00
1.065015205106981739e+04,3.865072448999153920e+00
1.065015207236014066e+04,3.865072501372164737e+00
1.065015209365046394e+04,3.865072553733249094e+00
1.065015211494078721e+04,3.865072606082421203e+00
1.065015213623111049e+04,3.865072658419666851e+00
1.065015215752143376e+04,3.865072710744996698e+00
1.065015217881175886e+04,3.865072763058403638e+00
1.065015220010208213e+04,3.865072815359891223e+00
1.065015222139240541e+04,3.865072867649455901e+00
1.065015224268272868e+04,3.865072919927094119e+00
1.065015226397305196e+04,3.865072972192816536e+00
1.065015228526337523e+04,3.865073024446616046e+00
1.065015230655369851e+04,3.865073076688489095e+00
1.065015232784402178e+04,3.865073128918442791e+00
1.065015234913434506e+04,3.865073181136470026e+00
1.065015237042467015e+04,3.865073233342577907e+00
1.065015239171499343e+04,3.865073285536755776e+00
1.065015241300531670e+04,3.865073337719014290e+00
1.065015243429563998e+04,3.865073389889346345e+00
1.065015245558596325e+04,3.865073442047751939e+00
1.065015247687628653e+04,3.865073494194231074e+00
1.065015249816660980e+04,3.865073546328787302e+00
1.065015251945693308e+04,3.865073598451420622e+00
1.065015254074725635e+04,3.865073650562116825e+00
1.065015256203758145e+04,3.865073702660897226e+00
1.065015258332790472e+04,3.865073754747751167e+00
1.065015260461822800e+04,3.865073806822675095e+00
1.065015262590855127e+04,3.865073858885661906e+00
1.065015264719887455e+04,3.865073910936725810e+00
1.065015266848919782e+04,3.865073962975866806e+00
1.065015268977952110e+04,3.865074015003077790e+00
1.065015271106984437e+04,3.865074067018355208e+00
1.065015273236016765e+04,3.865074119021706167e+00
1.065015275365049274e+04,3.865074171013130666e+00
1.065015277494081602e+04,3.865074222992625153e+00
1.065015279623113929e+04,3.865074274960189626e+00
1.065015281752146257e+04,3.865074326915809877e+00
1.065015283881178584e+04,3.865074378859514326e+00
1.065015286010210912e+04,3.865074430791281657e+00
1.065015288139243239e+04,3.865074482711122528e+00
1.065015290268275567e+04,3.865074534619022728e+00
1.065015292397307894e+04,3.865074586515000021e+00
1.065015294526340404e+04,3.865074638399047302e+00
1.065015296655372731e+04,3.865074690271150359e+00
1.065015298784405059e+04,3.865074742131323404e+00
1.065015300913437386e+04,3.865074793979566437e+00
1.065015303042469714e+04,3.865074845815872351e+00
1.065015305171502041e+04,3.865074897640244700e+00
1.065015307300534369e+04,3.865074949452687036e+00
1.065015309429566696e+04,3.865075001253188702e+00
1.065015311558599024e+04,3.865075053041760356e+00
1.065015313687631533e+04,3.865075104818398444e+00
1.065015315816663860e+04,3.865075156583095861e+00
1.065015317945696188e+04,3.865075208335863266e+00
1.065015320074728515e+04,3.865075260076682895e+00
1.065015322203760843e+04,3.865075311805572511e+00
1.065015324332793170e+04,3.865075363522517904e+00
1.065015326461825498e+04,3.865075415227533284e+00
1.065015328590857825e+04,3.865075466920615099e+00
1.065015330719890153e+04,3.865075518601752691e+00
1.065015332848922662e+04,3.865075570270960270e+00
1.065015334977954990e+04,3.865075621928216520e+00
1.065015337106987317e+04,3.865075673573546311e+00
1.065015339236019645e+04,3.865075725206924773e+00
1.065015341365051972e+04,3.865075776828366116e+00
1.065015343494084300e+04,3.865075828437873895e+00
1.065015345623116627e+04,3.865075880035437450e+00
1.065015347752148955e+04,3.865075931621063887e+00
1.065015349881181282e+04,3.865075983194746101e+00
1.065015352010213792e+04,3.865076034756494749e+00
1.065015354139246119e+04,3.865076086306292069e+00
1.065015356268278447e+04,3.865076137844148718e+00
1.065015358397310774e+04,3.865076189370064697e+00
1.065015360526343102e+04,3.865076240884040004e+00
1.065015362655375429e+04,3.865076292386071088e+00
1.065015364784407757e+04,3.865076343876161502e+00
1.065015366913440084e+04,3.865076395354300587e+00
1.065015369042472412e+04,3.865076446820502554e+00
1.065015371171504921e+04,3.865076498274767403e+00
1.065015373300537249e+04,3.865076549717077370e+00
1.065015375429569576e+04,3.865076601147446667e+00
1.065015377558601904e+04,3.865076652565871740e+00
1.065015379687634231e+04,3.865076703972349037e+00
1.065015381816666559e+04,3.865076755366882111e+00
1.065015383945698886e+04,3.865076806749467409e+00
1.065015386074731214e+04,3.865076858120104930e+00
1.065015388203763541e+04,3.865076909478801781e+00
1.065015390332796051e+04,3.865076960825550856e+00
1.065015392461828378e+04,3.865077012160352155e+00
1.065015394590860706e+04,3.865077063483202124e+00
1.065015396719893033e+04,3.865077114794100765e+00
1.065015398848925361e+04,3.865077166093062289e+00
1.065015400977957688e+04,3.865077217380065377e+00
1.065015403106990016e+04,3.865077268655124243e+00
1.065015405236022343e+04,3.865077319918238885e+00
1.065015407365054671e+04,3.865077371169395093e+00
1.065015409494087180e+04,3.865077422408610630e+00
1.065015411623119508e+04,3.865077473635867733e+00
1.065015413752151835e+04,3.865077524851180613e+00
1.065015415881184163e+04,3.865077576054542163e+00
1.065015418010216490e+04,3.865077627245945280e+00
1.065015420139248818e+04,3.865077678425404173e+00
1.065015422268281145e+04,3.865077729592908184e+00
1.065015424397313473e+04,3.865077780748460867e+00
1.065015426526345800e+04,3.865077831892058668e+00
1.065015428655378309e+04,3.865077883023712246e+00
1.065015430784410637e+04,3.865077934143414495e+00
1.065015432913442964e+04,3.865077985251151205e+00
1.065015435042475292e+04,3.865078036346936585e+00
1.065015437171507619e+04,3.865078087430777742e+00
1.065015439300539947e+04,3.865078138502653360e+00
1.065015441429572275e+04,3.865078189562577649e+00
1.065015443558604602e+04,3.865078240610547056e+00
1.065015445687636930e+04,3.865078291646572239e+00
1.065015447816669439e+04,3.865078342670628331e+00
1.065015449945701766e+04,3.865078393682740199e+00
1.065015452074734094e+04,3.865078444682882974e+00
1.065015454203766421e+04,3.865078495671074421e+00
1.065015456332798749e+04,3.865078546647310986e+00
1.065015458461831076e+04,3.865078597611589117e+00
1.065015460590863404e+04,3.865078648563912367e+00
1.065015462719895731e+04,3.865078699504273629e+00
1.065015464848928059e+04,3.865078750432680010e+00
1.065015466977960568e+04,3.865078801349131510e+00
1.065015469106992896e+04,3.865078852253621022e+00
1.065015471236025223e+04,3.865078903146148548e+00
1.065015473365057551e+04,3.865078954026721192e+00
1.065015475494089878e+04,3.865079004895335402e+00
1.065015477623122206e+04,3.865079055751980519e+00
1.065015479752154533e+04,3.865079106596677860e+00
1.065015481881186861e+04,3.865079157429402557e+00
1.065015484010219188e+04,3.865079208250175924e+00
1.065015486139251698e+04,3.865079259058987304e+00
1.065015488268284025e+04,3.865079309855833145e+00
1.065015490397316353e+04,3.865079360640720552e+00
1.065015492526348680e+04,3.865079411413642418e+00
1.065015494655381008e+04,3.865079462174602298e+00
1.065015496784413335e+04,3.865079512923600191e+00
1.065015498913445663e+04,3.865079563660639650e+00
1.065015501042477990e+04,3.865079614385706464e+00
1.065015503171510318e+04,3.865079665098814843e+00
1.065015505300542827e+04,3.865079715799964788e+00
1.065015507429575155e+04,3.865079766489142088e+00
1.065015509558607482e+04,3.865079817166360954e+00
1.065015511687639810e+04,3.865079867831607174e+00
1.065015513816672137e+04,3.865079918484898513e+00
1.065015515945704465e+04,3.865079969126217208e+00
1.065015518074736792e+04,3.865080019755570362e+00
1.065015520203769120e+04,3.865080070372954424e+00
1.065015522332801447e+04,3.865080120978376499e+00
1.065015524461833957e+04,3.865080171571836587e+00
1.065015526590866284e+04,3.865080222153327583e+00
1.065015528719898612e+04,3.865080272722845933e+00
1.065015530848930939e+04,3.865080323280398744e+00
1.065015532977963267e+04,3.865080373825978910e+00
1.065015535106995594e+04,3.865080424359597089e+00
1.065015537236027922e+04,3.865080474881242623e+00
1.065015539365060249e+04,3.865080525390919064e+00
1.065015541494092577e+04,3.865080575888633518e+00
1.065015543623125086e+04,3.865080626374378880e+00
1.065015545752157414e+04,3.865080676848144492e+00
1.065015547881189741e+04,3.865080727309948116e+00
1.065015550010222069e+04,3.865080777759771991e+00
1.065015552139254396e+04,3.865080828197630325e+00
1.065015554268286724e+04,3.865080878623519567e+00
1.065015556397319051e+04,3.865080929037436164e+00
1.065015558526351379e+04,3.865080979439380116e+00
1.065015560655383706e+04,3.865081029829351422e+00
1.065015562784416215e+04,3.865081080207357189e+00
1.065015564913448543e+04,3.865081130573379653e+00
1.065015567042480870e+04,3.865081180927436577e+00
1.065015569171513198e+04,3.865081231269517303e+00
1.065015571300545525e+04,3.865081281599621832e+00
1.065015573429577853e+04,3.865081331917760821e+00
1.065015575558610180e+04,3.865081382223912954e+00
1.065015577687642508e+04,3.865081432518095994e+00
1.065015579816674835e+04,3.865081482800306389e+00
1.065015581945707345e+04,3.865081533070544140e+00
1.065015584074739672e+04,3.865081583328805692e+00
1.065015586203772000e+04,3.865081633575083941e+00
1.065015588332804327e+04,3.865081683809389546e+00
1.065015590461836655e+04,3.865081734031726057e+00
1.065015592590868982e+04,3.865081784242082819e+00
1.065015594719901310e+04,3.865081834440456277e+00
1.065015596848933637e+04,3.865081884626853537e+00
1.065015598977965965e+04,3.865081934801274599e+00
1.065015601106998474e+04,3.865081984963723016e+00
1.065015603236030802e+04,3.865082035114184578e+00
1.065015605365063129e+04,3.865082085252673494e+00
1.065015607494095457e+04,3.865082135379179107e+00
1.065015609623127784e+04,3.865082185493712075e+00
1.065015611752160112e+04,3.865082235596258187e+00
1.065015613881192439e+04,3.865082285686828101e+00
1.065015616010224767e+04,3.865082335765414712e+00
1.065015618139257094e+04,3.865082385832028677e+00
1.065015620268289604e+04,3.865082435886655787e+00
1.065015622397321931e+04,3.865082485929303147e+00
1.065015624526354259e+04,3.865082535959970755e+00
1.065015626655386586e+04,3.865082585978651508e+00
1.065015628784418914e+04,3.865082635985352510e+00
1.065015630913451241e+04,3.865082685980070210e+00
1.065015633042483569e+04,3.865082735962808158e+00
1.065015635171515896e+04,3.865082785933562803e+00
1.065015637300548224e+04,3.865082835892334145e+00
1.065015639429580733e+04,3.865082885839125737e+00
1.065015641558613061e+04,3.865082935773930473e+00
1.065015643687645388e+04,3.865082985696748352e+00
1.065015645816677716e+04,3.865083035607586481e+00
1.065015647945710043e+04,3.865083085506430649e+00
1.065015650074742371e+04,3.865083135393295066e+00
1.065015652203774698e+04,3.865083185268179733e+00
1.065015654332807026e+04,3.865083235131070438e+00
1.065015656461839353e+04,3.865083284981981393e+00
1.065015658590871863e+04,3.865083334820905492e+00
1.065015660719904190e+04,3.865083384647839182e+00
1.065015662848936518e+04,3.865083434462782463e+00
1.065015664977968845e+04,3.865083484265745994e+00
1.065015667107001173e+04,3.865083534056722669e+00
1.065015669236033500e+04,3.865083583835701830e+00
1.065015671365065828e+04,3.865083633602701241e+00
1.065015673494098155e+04,3.865083683357710242e+00
1.065015675623130483e+04,3.865083733100732388e+00
1.065015677752162992e+04,3.865083782831764125e+00
1.065015679881195319e+04,3.865083832550809007e+00
1.065015682010227647e+04,3.865083882257859926e+00
1.065015684139259974e+04,3.865083931952920437e+00
1.065015686268292302e+04,3.865083981635990540e+00
1.065015688397324629e+04,3.865084031307070234e+00
1.065015690526356957e+04,3.865084080966166624e+00
1.065015692655389284e+04,3.865084130613258395e+00
1.065015694784421612e+04,3.865084180248366863e+00
1.065015696913454121e+04,3.865084229871488475e+00
1.065015699042486449e+04,3.865084279482609020e+00
1.065015701171518776e+04,3.865084329081742709e+00
1.065015703300551104e+04,3.865084378668882437e+00
1.065015705429583431e+04,3.865084428244028203e+00
1.065015707558615759e+04,3.865084477807176455e+00
1.065015709687648086e+04,3.865084527358330746e+00
1.065015711816680414e+04,3.865084576897501734e+00
1.065015713945712741e+04,3.865084626424671654e+00
1.065015716074745251e+04,3.865084675939851167e+00
1.065015718203777578e+04,3.865084725443029612e+00
1.065015720332809906e+04,3.865084774934214096e+00
1.065015722461842233e+04,3.865084824413408171e+00
1.065015724590874561e+04,3.865084873880597627e+00
1.065015726719906888e+04,3.865084923335796674e+00
1.065015728848939216e+04,3.865084972778998207e+00
1.065015730977971543e+04,3.865085022210205778e+00
1.065015733107003871e+04,3.865085071629408731e+00
1.065015735236036380e+04,3.865085121036624827e+00
1.065015737365068708e+04,3.865085170431839856e+00
1.065015739494101035e+04,3.865085219815050266e+00
1.065015741623133363e+04,3.865085269186270267e+00
1.065015743752165690e+04,3.865085318545489201e+00
1.065015745881198018e+04,3.865085367892710622e+00
1.065015748010230345e+04,3.865085417227927422e+00
1.065015750139262673e+04,3.865085466551146709e+00
1.065015752268295000e+04,3.865085515862364929e+00
1.065015754397327510e+04,3.865085565161592740e+00
1.065015756526359837e+04,3.865085614448812379e+00
1.065015758655392165e+04,3.865085663724034504e+00
1.065015760784424492e+04,3.865085712987255562e+00
1.065015762913456820e+04,3.865085762238472000e+00
1.065015765042489147e+04,3.865085811477683819e+00
1.065015767171521475e+04,3.865085860704901677e+00
1.065015769300553802e+04,3.865085909920114915e+00
1.065015771429586130e+04,3.865085959123323534e+00
1.065015773558618639e+04,3.865086008314534638e+00
1.065015775687650967e+04,3.865086057493737570e+00
1.065015777816683294e+04,3.865086106660935883e+00
1.065015779945715622e+04,3.865086155816136682e+00
1.065015782074747949e+04,3.865086204959325755e+00
1.065015784203780277e+04,3.865086254090510209e+00
1.065015786332812604e+04,3.865086303209697149e+00
1.065015788461844932e+04,3.865086352316879470e+00
1.065015790590877259e+04,3.865086401412053618e+00
1.065015792719909768e+04,3.865086450495223147e+00
1.065015794848942096e+04,3.865086499566388056e+00
1.065015796977974423e+04,3.865086548625537688e+00
1.065015799107006751e+04,3.865086597672693358e+00
1.065015801236039079e+04,3.865086646707837303e+00
1.065015803365071406e+04,3.865086695730969524e+00
1.065015805494103734e+04,3.865086744742097125e+00
1.065015807623136061e+04,3.865086793741216553e+00
1.065015809752168389e+04,3.865086842728334915e+00
1.065015811881200898e+04,3.865086891703441552e+00
1.065015814010233225e+04,3.865086940666540016e+00
1.065015816139265553e+04,3.865086989617623203e+00
1.065015818268297880e+04,3.865087038556705323e+00
1.065015820397330208e+04,3.865087087483772166e+00
1.065015822526362535e+04,3.865087136398830836e+00
1.065015824655394863e+04,3.865087185301881334e+00
1.065015826784427190e+04,3.865087234192923660e+00
1.065015828913459518e+04,3.865087283071950708e+00
1.065015831042492027e+04,3.865087331938973136e+00
1.065015833171524355e+04,3.865087380793976735e+00
1.065015835300556682e+04,3.865087429636972161e+00
1.065015837429589010e+04,3.865087478467959414e+00
1.065015839558621337e+04,3.865087527286924285e+00
1.065015841687653665e+04,3.865087576093884536e+00
1.065015843816685992e+04,3.865087624888833062e+00
1.065015845945718320e+04,3.865087673671762758e+00
1.065015848074750647e+04,3.865087722442680729e+00
1.065015850203783157e+04,3.865087771201590527e+00
1.065015852332815484e+04,3.865087819948481496e+00
1.065015854461847812e+04,3.865087868683357186e+00
1.065015856590880139e+04,3.865087917406224705e+00
1.065015858719912467e+04,3.865087966117069840e+00
1.065015860848944794e+04,3.865088014815903250e+00
1.065015862977977122e+04,3.865088063502721383e+00
1.065015865107009449e+04,3.865088112177520685e+00
1.065015867236041777e+04,3.865088160840308262e+00
1.065015869365074286e+04,3.865088209491077009e+00
1.065015871494106614e+04,3.865088258129834031e+00
1.065015873623138941e+04,3.865088306756572223e+00
1.065015875752171269e+04,3.865088355371288031e+00
1.065015877881203596e+04,3.865088403973988562e+00
1.065015880010235924e+04,3.865088452564673815e+00
1.065015882139268251e+04,3.865088501143336686e+00
1.065015884268300579e+04,3.865088549709984278e+00
1.065015886397332906e+04,3.865088598264613040e+00
1.065015888526365416e+04,3.865088646807222972e+00
1.065015890655397743e+04,3.865088695337817626e+00
1.065015892784430071e+04,3.865088743856386344e+00
1.065015894913462398e+04,3.865088792362936232e+00
1.065015897042494726e+04,3.865088840857463737e+00
1.065015899171527053e+04,3.865088889339972411e+00
1.065015901300559381e+04,3.865088937810462255e+00
1.065015903429591708e+04,3.865088986268929716e+00
1.065015905558624036e+04,3.865089034715374794e+00
1.065015907687656545e+04,3.865089083149804594e+00
1.065015909816688873e+04,3.865089131572204906e+00
1.065015911945721200e+04,3.865089179982586387e+00
1.065015914074753528e+04,3.865089228380945485e+00
1.065015916203785855e+04,3.865089276767282200e+00
1.065015918332818183e+04,3.865089325141589427e+00
1.065015920461850510e+04,3.865089373503881376e+00
1.065015922590882838e+04,3.865089421854143836e+00
1.065015924719915165e+04,3.865089470192380361e+00
1.065015926848947674e+04,3.865089518518601608e+00
1.065015928977980002e+04,3.865089566832789814e+00
1.065015931107012329e+04,3.865089615134959189e+00
1.065015933236044657e+04,3.865089663425095523e+00
1.065015935365076984e+04,3.865089711703216580e+00
1.065015937494109312e+04,3.865089759969308147e+00
1.065015939623141639e+04,3.865089808223363121e+00
1.065015941752173967e+04,3.865089856465406370e+00
1.065015943881206294e+04,3.865089904695413026e+00
1.065015946010238804e+04,3.865089952913400850e+00
1.065015948139271131e+04,3.865090001119359187e+00
1.065015950268303459e+04,3.865090049313288034e+00
1.065015952397335786e+04,3.865090097495187393e+00
1.065015954526368114e+04,3.865090145665057264e+00
1.065015956655400441e+04,3.865090193822901199e+00
1.065015958784432769e+04,3.865090241968715645e+00
1.065015960913465096e+04,3.865090290102500603e+00
1.065015963042497424e+04,3.865090338224256072e+00
1.065015965171529933e+04,3.865090386333985606e+00
1.065015967300562261e+04,3.865090434431682098e+00
1.065015969429594588e+04,3.865090482517349102e+00
1.065015971558626916e+04,3.865090530590986617e+00
1.065015973687659243e+04,3.865090578652591091e+00
1.065015975816691571e+04,3.865090626702158971e+00
1.065015977945723898e+04,3.865090674739700916e+00
1.065015980074756226e+04,3.865090722765213371e+00
1.065015982203788553e+04,3.865090770778692786e+00
1.065015984332821063e+04,3.865090818780139159e+00
1.065015986461853390e+04,3.865090866769556044e+00
1.065015988590885718e+04,3.865090914746936335e+00
1.065015990719918045e+04,3.865090962712280032e+00
1.065015992848950373e+04,3.865091010665597793e+00
1.065015994977982700e+04,3.865091058606875407e+00
1.065015997107015028e+04,3.865091106536119980e+00
1.065015999236047355e+04,3.865091154453331512e+00
1.065016001365079683e+04,3.865091202358502898e+00
1.065016003494112192e+04,3.865091250251651900e+00
1.065016005623144520e+04,3.865091298132760755e+00
1.065016007752176847e+04,3.865091346001833017e+00
1.065016009881209175e+04,3.865091393858865132e+00
1.065016012010241502e+04,3.865091441703860653e+00
1.065016014139273830e+04,3.865091489536823133e+00
1.065016016268306157e+04,3.865091537357749019e+00
1.065016018397338485e+04,3.865091585166634758e+00
1.065016020526370812e+04,3.865091632963487456e+00
1.065016022655403322e+04,3.865091680748307112e+00
1.065016024784435649e+04,3.865091728521083070e+00
1.065016026913467977e+04,3.865091776281815328e+00
1.065016029042500304e+04,3.865091824030510992e+00
1.065016031171532632e+04,3.865091871767173615e+00
1.065016033300564959e+04,3.865091919491796091e+00
1.065016035429597287e+04,3.865091967204374868e+00
1.065016037558629614e+04,3.865092014904917050e+00
1.065016039687661942e+04,3.865092062593422639e+00
1.065016041816694269e+04,3.865092110269877423e+00
1.065016043945726778e+04,3.865092157934306272e+00
1.065016046074759106e+04,3.865092205586680763e+00
1.065016048203791433e+04,3.865092253227018659e+00
1.065016050332823761e+04,3.865092300855319962e+00
1.065016052461856088e+04,3.865092348471574013e+00
1.065016054590888416e+04,3.865092396075787917e+00
1.065016056719920743e+04,3.865092443667961675e+00
1.065016058848953071e+04,3.865092491248088180e+00
1.065016060977985398e+04,3.865092538816178092e+00
1.065016063107017908e+04,3.865092586372220751e+00
1.065016065236050235e+04,3.865092633916216158e+00
1.065016067365082563e+04,3.865092681448171419e+00
1.065016069494114890e+04,3.865092728968082980e+00
1.065016071623147218e+04,3.865092776475947289e+00
1.065016073752179545e+04,3.865092823971771452e+00
1.065016075881211873e+04,3.865092871455548362e+00
1.065016078010244200e+04,3.865092918927281573e+00
1.065016080139276528e+04,3.865092966386967532e+00
1.065016082268309037e+04,3.865093013834613345e+00
1.065016084397341365e+04,3.865093061270204799e+00
1.065016086526373692e+04,3.865093108693752555e+00
1.065016088655406020e+04,3.865093156105256611e+00
1.065016090784438347e+04,3.865093203504709862e+00
1.065016092913470675e+04,3.865093250892115861e+00
1.065016095042503002e+04,3.865093298267474609e+00
1.065016097171535330e+04,3.865093345630786104e+00
1.065016099300567657e+04,3.865093392982053899e+00
1.065016101429600167e+04,3.865093440321270890e+00
1.065016103558632494e+04,3.865093487648433523e+00
1.065016105687664822e+04,3.865093534963552457e+00
1.065016107816697149e+04,3.865093582266617034e+00
1.065016109945729477e+04,3.865093629557637911e+00
1.065016112074761804e+04,3.865093676836607983e+00
1.065016114203794132e+04,3.865093724103527251e+00
1.065016116332826459e+04,3.865093771358392161e+00
1.065016118461858787e+04,3.865093818601209819e+00
1.065016120590891296e+04,3.865093865831980224e+00
1.065016122719923624e+04,3.865093913050696273e+00
1.065016124848955951e+04,3.865093960257357963e+00
1.065016126977988279e+04,3.865094007451972402e+00
1.065016129107020606e+04,3.865094054634528931e+00
1.065016131236052934e+04,3.865094101805038207e+00
1.065016133365085261e+04,3.865094148963489573e+00
1.065016135494117589e+04,3.865094196109890134e+00
1.065016137623149916e+04,3.865094243244239891e+00
1.065016139752182426e+04,3.865094290366535290e+00
1.065016141881214753e+04,3.865094337476776332e+00
1.065016144010247081e+04,3.865094384574963016e+00
1.065016146139279408e+04,3.865094431661091789e+00
1.065016148268311736e+04,3.865094478735169758e+00
1.065016150397344063e+04,3.865094525797189817e+00
1.065016152526376391e+04,3.865094572847155519e+00
1.065016154655408718e+04,3.865094619885066862e+00
1.065016156784441046e+04,3.865094666910920296e+00
1.065016158913473555e+04,3.865094713924722925e+00
1.065016161042505883e+04,3.865094760926467643e+00
1.065016163171538210e+04,3.865094807916150899e+00
1.065016165300570538e+04,3.865094854893779797e+00
1.065016167429602865e+04,3.865094901859350784e+00
1.065016169558635193e+04,3.865094948812863862e+00
1.065016171687667520e+04,3.865094995754315477e+00
1.065016173816699848e+04,3.865095042683716287e+00
1.065016175945732175e+04,3.865095089601052081e+00
1.065016178074764684e+04,3.865095136506337070e+00
1.065016180203797012e+04,3.865095183399557044e+00
1.065016182332829339e+04,3.865095230280715555e+00
1.065016184461861667e+04,3.865095277149816155e+00
1.065016186590893994e+04,3.865095324006858846e+00
1.065016188719926322e+04,3.865095370851836520e+00
1.065016190848958649e+04,3.865095417684763390e+00
1.065016192977990977e+04,3.865095464505618139e+00
1.065016195107023304e+04,3.865095511314418530e+00
1.065016197236055814e+04,3.865095558111161012e+00
1.065016199365088141e+04,3.865095604895834924e+00
1.065016201494120469e+04,3.865095651668450927e+00
1.065016203623152796e+04,3.865095698428998361e+00
1.065016205752185124e+04,3.865095745177487885e+00
1.065016207881217451e+04,3.865095791913912393e+00
1.065016210010249779e+04,3.865095838638278991e+00
1.065016212139282106e+04,3.865095885350580573e+00
1.065016214268314434e+04,3.865095932050810035e+00
1.065016216397346943e+04,3.865095978738988691e+00
1.065016218526379271e+04,3.865096025415095227e+00
1.065016220655411598e+04,3.865096072079136746e+00
1.065016222784443926e+04,3.865096118731116803e+00
1.065016224913476253e+04,3.865096165371031844e+00
1.065016227042508581e+04,3.865096211998878317e+00
1.065016229171540908e+04,3.865096258614659774e+00
1.065016231300573236e+04,3.865096305218376216e+00
1.065016233429605563e+04,3.865096351810027642e+00
1.065016235558638073e+04,3.865096398389614052e+00
1.065016237687670400e+04,3.865096444957131894e+00
1.065016239816702728e+04,3.865096491512577614e+00
1.065016241945735055e+04,3.865096538055961872e+00
1.065016244074767383e+04,3.865096584587277562e+00
1.065016246203799710e+04,3.865096631106524683e+00
1.065016248332832038e+04,3.865096677613699683e+00
1.065016250461864365e+04,3.865096724108809667e+00
1.065016252590896693e+04,3.865096770591851083e+00
1.065016254719929202e+04,3.865096817062827483e+00
1.065016256848961530e+04,3.865096863521731763e+00
1.065016258977993857e+04,3.865096909968560368e+00
1.065016261107026185e+04,3.865096956403323958e+00
1.065016263236058512e+04,3.865097002826018979e+00
1.065016265365090840e+04,3.865097049236641880e+00
1.065016267494123167e+04,3.865097095635192659e+00
1.065016269623155495e+04,3.865097142021678422e+00
1.065016271752187822e+04,3.865097188396084960e+00
1.065016273881220332e+04,3.865097234758422928e+00
1.065016276010252659e+04,3.865097281108685223e+00
1.065016278139284987e+04,3.865097327446882502e+00
1.065016280268317314e+04,3.865097373773007661e+00
1.065016282397349642e+04,3.865097420087050040e+00
1.065016284526381969e+04,3.865097466389027403e+00
1.065016286655414297e+04,3.865097512678929093e+00
1.065016288784446624e+04,3.865097558956758661e+00
1.065016290913478952e+04,3.865097605222512556e+00
1.065016293042511461e+04,3.865097651476197882e+00
1.065016295171543788e+04,3.865097697717807534e+00
1.065016297300576116e+04,3.865097743947330855e+00
1.065016299429608443e+04,3.865097790164789160e+00
1.065016301558640771e+04,3.865097836370171791e+00
1.065016303687673098e+04,3.865097882563475196e+00
1.065016305816705426e+04,3.865097928744706479e+00
1.065016307945737753e+04,3.865097974913854983e+00
1.065016310074770081e+04,3.865098021070934919e+00
1.065016312203802590e+04,3.865098067215939182e+00
1.065016314332834918e+04,3.865098113348864217e+00
1.065016316461867245e+04,3.865098159469706474e+00
1.065016318590899573e+04,3.865098205578473056e+00
1.065016320719931900e+04,3.865098251675163965e+00
1.065016322848964228e+04,3.865098297759779200e+00
1.065016324977996555e+04,3.865098343832311656e+00
1.065016327107028883e+04,3.865098389892768438e+00
1.065016329236061210e+04,3.865098435941142441e+00
1.065016331365093720e+04,3.865098481977444322e+00
1.065016333494126047e+04,3.865098528001663425e+00
1.065016335623158375e+04,3.865098574013803301e+00
1.065016337752190702e+04,3.865098620013856845e+00
1.065016339881223030e+04,3.865098666001834715e+00
1.065016342010255357e+04,3.865098711977733359e+00
1.065016344139287685e+04,3.865098757941545671e+00
1.065016346268320012e+04,3.865098803893278756e+00
1.065016348397352340e+04,3.865098849832936168e+00
1.065016350526384849e+04,3.865098895760514353e+00
1.065016352655417177e+04,3.865098941675999100e+00
1.065016354784449504e+04,3.865098987579404621e+00
1.065016356913481832e+04,3.865099033470727363e+00
1.065016359042514159e+04,3.865099079349970879e+00
1.065016361171546487e+04,3.865099125217128062e+00
1.065016363300578814e+04,3.865099171072202466e+00
1.065016365429611142e+04,3.865099216915194091e+00
1.065016367558643469e+04,3.865099262746102937e+00
1.065016369687675979e+04,3.865099308564925451e+00
1.065016371816708306e+04,3.865099354371668738e+00
1.065016373945740634e+04,3.865099400166325694e+00
1.065016376074772961e+04,3.865099445948889212e+00
1.065016378203805289e+04,3.865099491719373503e+00
1.065016380332837616e+04,3.865099537477771463e+00
1.065016382461869944e+04,3.865099583224083091e+00
1.065016384590902271e+04,3.865099628958308386e+00
1.065016386719934599e+04,3.865099674680443798e+00
1.065016388848967108e+04,3.865099720390499982e+00
1.065016390977999436e+04,3.865099766088466282e+00
1.065016393107031763e+04,3.865099811774342697e+00
1.065016395236064091e+04,3.865099857448132781e+00
1.065016397365096418e+04,3.865099903109836532e+00
1.065016399494128746e+04,3.865099948759450399e+00
1.065016401623161073e+04,3.865099994396974381e+00
1.065016403752193401e+04,3.865100040022412031e+00
1.065016405881225728e+04,3.865100085635759797e+00
1.065016408010258237e+04,3.865100131237021230e+00
1.065016410139290565e+04,3.865100176826185674e+00
1.065016412268322892e+04,3.865100222403270891e+00
1.065016414397355220e+04,3.865100267968255565e+00
1.065016416526387547e+04,3.865100313521157460e+00
1.065016418655419875e+04,3.865100359061965918e+00
1.065016420784452202e+04,3.865100404590680938e+00
1.065016422913484530e+04,3.865100450107306074e+00
1.065016425042516858e+04,3.865100495611841325e+00
1.065016427171549367e+04,3.865100541104286691e+00
1.065016429300581694e+04,3.865100586584642173e+00
1.065016431429614022e+04,3.865100632052893559e+00
1.065016433558646349e+04,3.865100677509058613e+00
1.065016435687678677e+04,3.865100722953133783e+00
1.065016437816711004e+04,3.865100768385111962e+00
1.065016439945743332e+04,3.865100813804996704e+00
1.065016442074775659e+04,3.865100859212784457e+00
1.065016444203807987e+04,3.865100904608489429e+00
1.065016446332840496e+04,3.865100949992093859e+00
1.065016448461872824e+04,3.865100995363604852e+00
1.065016450590905151e+04,3.865101040723018855e+00
1.065016452719937479e+04,3.865101086070339420e+00
1.065016454848969806e+04,3.865101131405562995e+00
1.065016456978002134e+04,3.865101176728693133e+00
1.065016459107034461e+04,3.865101222039726281e+00
1.065016461236066789e+04,3.865101267338662439e+00
1.065016463365099116e+04,3.865101312625501606e+00
1.065016465494131626e+04,3.865101357900247336e+00
1.065016467623163953e+04,3.865101403162888971e+00
1.065016469752196281e+04,3.865101448413440721e+00
1.065016471881228608e+04,3.865101493651888376e+00
1.065016474010260936e+04,3.865101538878246146e+00
1.065016476139293263e+04,3.865101584092503373e+00
1.065016478268325591e+04,3.865101629294656504e+00
1.065016480397357918e+04,3.865101674484712646e+00
1.065016482526390246e+04,3.865101719662671798e+00
1.065016484655422755e+04,3.865101764828541064e+00
1.065016486784455083e+04,3.865101809982295578e+00
1.065016488913487410e+04,3.865101855123960206e+00
1.065016491042519738e+04,3.865101900253517186e+00
1.065016493171552065e+04,3.865101945370980729e+00
1.065016495300584393e+04,3.865101990476340177e+00
1.065016497429616720e+04,3.865102035569602634e+00
1.065016499558649048e+04,3.865102080650757443e+00
1.065016501687681375e+04,3.865102125719811710e+00
1.065016503816713885e+04,3.865102170776768986e+00
1.065016505945746212e+04,3.865102215821622167e+00
1.065016508074778540e+04,3.865102260854371252e+00
1.065016510203810867e+04,3.865102305875023347e+00
1.065016512332843195e+04,3.865102350883567794e+00
1.065016514461875522e+04,3.865102395880008146e+00
1.065016516590907850e+04,3.865102440864344402e+00
1.065016518719940177e+04,3.865102485836583668e+00
1.065016520848972505e+04,3.865102530796715286e+00
1.065016522978005014e+04,3.865102575744746360e+00
1.065016525107037342e+04,3.865102620680669787e+00
1.065016527236069669e+04,3.865102665604485566e+00
1.065016529365101997e+04,3.865102710516200801e+00
1.065016531494134324e+04,3.865102755415808389e+00
1.065016533623166652e+04,3.865102800303308328e+00
1.065016535752198979e+04,3.865102845178707724e+00
1.065016537881231307e+04,3.865102890041995920e+00
1.065016540010263634e+04,3.865102934893180020e+00
1.065016542139296143e+04,3.865102979732263577e+00
1.065016544268328471e+04,3.865103024559232381e+00
1.065016546397360798e+04,3.865103069374093536e+00
1.065016548526393126e+04,3.865103114176854149e+00
1.065016550655425453e+04,3.865103158967500008e+00
1.065016552784457781e+04,3.865103203746038218e+00
1.065016554913490108e+04,3.865103248512472334e+00
1.065016557042522436e+04,3.865103293266795248e+00
1.065016559171554763e+04,3.865103338009010514e+00
1.065016561300587273e+04,3.865103382739125237e+00
1.065016563429619600e+04,3.865103427457118102e+00
1.065016565558651928e+04,3.865103472163003318e+00
1.065016567687684255e+04,3.865103516856780885e+00
1.065016569816716583e+04,3.865103561538447252e+00
1.065016571945748910e+04,3.865103606208005971e+00
1.065016574074781238e+04,3.865103650865449936e+00
1.065016576203813565e+04,3.865103695510782700e+00
1.065016578332845893e+04,3.865103740144011368e+00
1.065016580461878402e+04,3.865103784765125283e+00
1.065016582590910730e+04,3.865103829374124444e+00
1.065016584719943057e+04,3.865103873971012405e+00
1.065016586848975385e+04,3.865103918555792717e+00
1.065016588978007712e+04,3.865103963128454723e+00
1.065016591107040040e+04,3.865104007689005527e+00
1.065016593236072367e+04,3.865104052237441579e+00
1.065016595365104695e+04,3.865104096773762876e+00
1.065016597494137022e+04,3.865104141297976525e+00
1.065016599623169532e+04,3.865104185810075421e+00
1.065016601752201859e+04,3.865104230310059563e+00
1.065016603881234187e+04,3.865104274797932504e+00
1.065016606010266514e+04,3.865104319273683586e+00
1.065016608139298842e+04,3.865104363737316362e+00
1.065016610268331169e+04,3.865104408188841489e+00
1.065016612397363497e+04,3.865104452628244758e+00
1.065016614526395824e+04,3.865104497055540378e+00
1.065016616655428152e+04,3.865104541470717692e+00
1.065016618784460661e+04,3.865104585873776699e+00
1.065016620913492989e+04,3.865104630264720953e+00
1.065016623042525316e+04,3.865104674643550453e+00
1.065016625171557644e+04,3.865104719010254541e+00
1.065016627300589971e+04,3.865104763364843876e+00
1.065016629429622299e+04,3.865104807707318457e+00
1.065016631558654626e+04,3.865104852037674732e+00
1.065016633687686954e+04,3.865104896355912700e+00
1.065016635816719281e+04,3.865104940662035915e+00
1.065016637945751791e+04,3.865104984956037271e+00
1.065016640074784118e+04,3.865105029237916767e+00
1.065016642203816446e+04,3.865105073507681510e+00
1.065016644332848773e+04,3.865105117765317289e+00
1.065016646461881101e+04,3.865105162010841866e+00
1.065016648590913428e+04,3.865105206244244584e+00
1.065016650719945756e+04,3.865105250465525444e+00
1.065016652848978083e+04,3.865105294674691550e+00
1.065016654978010411e+04,3.865105338871725138e+00
1.065016657107042920e+04,3.865105383056647526e+00
1.065016659236075247e+04,3.865105427229448054e+00
1.065016661365107575e+04,3.865105471390123171e+00
1.065016663494139902e+04,3.865105515538679981e+00
1.065016665623172230e+04,3.865105559675107827e+00
1.065016667752204557e+04,3.865105603799417366e+00
1.065016669881236885e+04,3.865105647911601494e+00
1.065016672010269212e+04,3.865105692011667315e+00
1.065016674139301540e+04,3.865105736099607725e+00
1.065016676268334049e+04,3.865105780175426275e+00
1.065016678397366377e+04,3.865105824239119414e+00
1.065016680526398704e+04,3.865105868290687141e+00
1.065016682655431032e+04,3.865105912330133009e+00
1.065016684784463359e+04,3.865105956357449912e+00
1.065016686913495687e+04,3.865106000372644957e+00
1.065016689042528014e+04,3.865106044375714589e+00
1.065016691171560342e+04,3.865106088366658810e+00
1.065016693300592669e+04,3.865106132345477619e+00
1.065016695429625179e+04,3.865106176312174568e+00
1.065016697558657506e+04,3.865106220266739001e+00
1.065016699687689834e+04,3.865106264209178022e+00
1.065016701816722161e+04,3.865106308139491631e+00
1.065016703945754489e+04,3.865106352057676276e+00
1.065016706074786816e+04,3.865106395963735508e+00
1.065016708203819144e+04,3.865106439857669329e+00
1.065016710332851471e+04,3.865106483739463528e+00
1.065016712461883799e+04,3.865106527609142972e+00
1.065016714590916308e+04,3.865106571466693453e+00
1.065016716719948636e+04,3.865106615312111416e+00
1.065016718848980963e+04,3.865106659145400414e+00
1.065016720978013291e+04,3.865106702966560448e+00
1.065016723107045618e+04,3.865106746775591517e+00
1.065016725236077946e+04,3.865106790572493622e+00
1.065016727365110273e+04,3.865106834357263210e+00
1.065016729494142601e+04,3.865106878129896728e+00
1.065016731623174928e+04,3.865106921890411940e+00
1.065016733752207438e+04,3.865106965638791081e+00
1.065016735881239765e+04,3.865107009375041258e+00
1.065016738010272093e+04,3.865107053099155365e+00
1.065016740139304420e+04,3.865107096811140508e+00
1.065016742268336748e+04,3.865107140510996686e+00
1.065016744397369075e+04,3.865107184198720347e+00
1.065016746526401403e+04,3.865107227874307938e+00
1.065016748655433730e+04,3.865107271537759459e+00
1.065016750784466058e+04,3.865107315189089121e+00
1.065016752913498567e+04,3.865107358828275608e+00
1.065016755042530895e+04,3.865107402455336683e+00
1.065016757171563222e+04,3.865107446070258135e+00
1.065016759300595550e+04,3.865107489673050623e+00
1.065016761429627877e+04,3.865107533263699935e+00
1.065016763558660205e+04,3.865107576842227388e+00
1.065016765687692532e+04,3.865107620408611666e+00
1.065016767816724860e+04,3.865107663962863427e+00
1.065016769945757187e+04,3.865107707504979118e+00
1.065016772074789696e+04,3.865107751034962291e+00
1.065016774203822024e+04,3.865107794552805842e+00
1.065016776332854351e+04,3.865107838058516876e+00
1.065016778461886679e+04,3.865107881552088287e+00
1.065016780590919006e+04,3.865107925033523628e+00
1.065016782719951334e+04,3.865107968502822899e+00
1.065016784848983662e+04,3.865108011959978995e+00
1.065016786978015989e+04,3.865108055405006127e+00
1.065016789107048317e+04,3.865108098837893635e+00
1.065016791236080826e+04,3.865108142258645074e+00
1.065016793365113153e+04,3.865108185667256890e+00
1.065016795494145481e+04,3.865108229063729084e+00
1.065016797623177808e+04,3.865108272448065208e+00
1.065016799752210136e+04,3.865108315820258156e+00
1.065016801881242463e+04,3.865108359180315034e+00
1.065016804010274791e+04,3.865108402528228737e+00
1.065016806139307118e+04,3.865108445864006370e+00
1.065016808268339446e+04,3.865108489187640828e+00
1.065016810397371955e+04,3.865108532499139216e+00
1.065016812526404283e+04,3.865108575798497981e+00
1.065016814655436610e+04,3.865108619085713570e+00
1.065016816784468938e+04,3.865108662360789538e+00
1.065016818913501265e+04,3.865108705623718777e+00
1.065016821042533593e+04,3.865108748874508393e+00
1.065016823171565920e+04,3.865108792113161940e+00
1.065016825300598248e+04,3.865108835339668758e+00
1.065016827429630575e+04,3.865108878554032401e+00
1.065016829558663085e+04,3.865108921756259974e+00
1.065016831687695412e+04,3.865108964946337267e+00
1.065016833816727740e+04,3.865109008124274936e+00
1.065016835945760067e+04,3.865109051290069431e+00
1.065016838074792395e+04,3.865109094443717197e+00
1.065016840203824722e+04,3.865109137585228893e+00
1.065016842332857050e+04,3.865109180714586756e+00
1.065016844461889377e+04,3.865109223831801444e+00
1.065016846590921705e+04,3.865109266936872956e+00
1.065016848719954214e+04,3.865109310029808398e+00
1.065016850848986542e+04,3.865109353110586454e+00
1.065016852978018869e+04,3.865109396179224888e+00
1.065016855107051197e+04,3.865109439235716593e+00
1.065016857236083524e+04,3.865109482280061570e+00
1.065016859365115852e+04,3.865109525312259819e+00
1.065016861494148179e+04,3.865109568332314893e+00
1.065016863623180507e+04,3.865109611340219686e+00
1.065016865752212834e+04,3.865109654335977751e+00
1.065016867881245344e+04,3.865109697319592641e+00
1.065016870010277671e+04,3.865109740291060803e+00
1.065016872139309999e+04,3.865109783250375131e+00
1.065016874268342326e+04,3.865109826197542731e+00
1.065016876397374654e+04,3.865109869132556497e+00
1.065016878526406981e+04,3.865109912055437746e+00
1.065016880655439309e+04,3.865109954966158057e+00
1.065016882784471636e+04,3.865109997864731639e+00
1.065016884913503964e+04,3.865110040751154941e+00
1.065016887042536473e+04,3.865110083625431514e+00
1.065016889171568801e+04,3.865110126487557807e+00
1.065016891300601128e+04,3.865110169337533819e+00
1.065016893429633456e+04,3.865110212175355997e+00
1.065016895558665783e+04,3.865110255001027895e+00
1.065016897687698111e+04,3.865110297814553064e+00
1.065016899816730438e+04,3.865110340615924400e+00
1.065016901945762766e+04,3.865110383405145456e+00
1.065016904074795093e+04,3.865110426182216230e+00
1.065016906203827602e+04,3.865110468947133171e+00
1.065016908332859930e+04,3.865110511699896279e+00
1.065016910461892257e+04,3.865110554440512658e+00
1.065016912590924585e+04,3.865110597168971651e+00
1.065016914719956912e+04,3.865110639885276811e+00
1.065016916848989240e+04,3.865110682589435243e+00
1.065016918978021567e+04,3.865110725281432735e+00
1.065016921107053895e+04,3.865110767961279947e+00
1.065016923236086222e+04,3.865110810628973326e+00
1.065016925365118732e+04,3.865110853284512871e+00
1.065016927494151059e+04,3.865110895927895029e+00
1.065016929623183387e+04,3.865110938559123355e+00
1.065016931752215714e+04,3.865110981178194294e+00
1.065016933881248042e+04,3.865111023785114952e+00
1.065016936010280369e+04,3.865111066379878224e+00
1.065016938139312697e+04,3.865111108962487663e+00
1.065016940268345024e+04,3.865111151532939715e+00
1.065016942397377352e+04,3.865111194091230828e+00
1.065016944526409861e+04,3.865111236637375214e+00
1.065016946655442189e+04,3.865111279171358660e+00
1.065016948784474516e+04,3.865111321693181168e+00
1.065016950913506844e+04,3.865111364202849842e+00
1.065016953042539171e+04,3.865111406700357577e+00
1.065016955171571499e+04,3.865111449185711479e+00
1.065016957300603826e+04,3.865111491658904441e+00
1.065016959429636154e+04,3.865111534119943570e+00
1.065016961558668481e+04,3.865111576568818208e+00
1.065016963687700991e+04,3.865111619005542565e+00
1.065016965816733318e+04,3.865111661430098877e+00
1.065016967945765646e+04,3.865111703842497803e+00
1.065016970074797973e+04,3.865111746242742896e+00
1.065016972203830301e+04,3.865111788630819945e+00
1.065016974332862628e+04,3.865111831006743159e+00
1.065016976461894956e+04,3.865111873370501883e+00
1.065016978590927283e+04,3.865111915722099667e+00
1.065016980719959611e+04,3.865111958061540065e+00
1.065016982848992120e+04,3.865112000388819524e+00
1.065016984978024448e+04,3.865112042703934492e+00
1.065016987107056775e+04,3.865112085006888520e+00
1.065016989236089103e+04,3.865112127297681610e+00
1.065016991365121430e+04,3.865112169576310208e+00
1.065016993494153758e+04,3.865112211842781420e+00
1.065016995623186085e+04,3.865112254097084588e+00
1.065016997752218413e+04,3.865112296339226816e+00
1.065016999881250740e+04,3.865112338569208106e+00
1.065017002010283250e+04,3.865112380787028457e+00
1.065017004139315577e+04,3.865112422992677210e+00
1.065017006268347905e+04,3.865112465186165025e+00
1.065017008397380232e+04,3.865112507367491901e+00
1.065017010526412560e+04,3.865112549536650732e+00
1.065017012655444887e+04,3.865112591693648625e+00
1.065017014784477215e+04,3.865112633838474920e+00
1.065017016913509542e+04,3.865112675971143830e+00
1.065017019042541870e+04,3.865112718091637589e+00
1.065017021171574379e+04,3.865112760199981068e+00
1.065017023300606706e+04,3.865112802296145844e+00
1.065017025429639034e+04,3.865112844380146129e+00
1.065017027558671361e+04,3.865112886451981922e+00
1.065017029687703689e+04,3.865112928511649670e+00
1.065017031816736016e+04,3.865112970559152927e+00
1.065017033945768344e+04,3.865113012594488140e+00
1.065017036074800671e+04,3.865113054617655308e+00
1.065017038203832999e+04,3.865113096628657985e+00
1.065017040332865508e+04,3.865113138627485512e+00
1.065017042461897836e+04,3.865113180614148547e+00
1.065017044590930163e+04,3.865113222588647091e+00
1.065017046719962491e+04,3.865113264550970484e+00
1.065017048848994818e+04,3.865113306501125834e+00
1.065017050978027146e+04,3.865113348439116692e+00
1.065017053107059473e+04,3.865113390364935952e+00
1.065017055236091801e+04,3.865113432278583616e+00
1.065017057365124128e+04,3.865113474180056130e+00
1.065017059494156638e+04,3.865113516069371258e+00
1.065017061623188965e+04,3.865113557946507683e+00
1.065017063752221293e+04,3.865113599811476064e+00
1.065017065881253620e+04,3.865113641664272848e+00
1.065017068010285948e+04,3.865113683504898034e+00
1.065017070139318275e+04,3.865113725333348071e+00
1.065017072268350603e+04,3.865113767149630064e+00
1.065017074397382930e+04,3.865113808953740460e+00
1.065017076526415258e+04,3.865113850745682811e+00
1.065017078655447767e+04,3.865113892525446460e+00
1.065017080784480095e+04,3.865113934293038511e+00
1.065017082913512422e+04,3.865113976048451860e+00
1.065017085042544750e+04,3.865114017791700718e+00
1.065017087171577077e+04,3.865114059522774426e+00
1.065017089300609405e+04,3.865114101241672984e+00
1.065017091429641732e+04,3.865114142948396392e+00
1.065017093558674060e+04,3.865114184642948203e+00
1.065017095687706387e+04,3.865114226325328417e+00
1.065017097816738897e+04,3.865114267995526376e+00
1.065017099945771224e+04,3.865114309653556290e+00
1.065017102074803552e+04,3.865114351299403950e+00
1.065017104203835879e+04,3.865114392933083565e+00
1.065017106332868207e+04,3.865114434554584477e+00
1.065017108461900534e+04,3.865114476163903134e+00
1.065017110590932862e+04,3.865114517761050195e+00
1.065017112719965189e+04,3.865114559346025658e+00
1.065017114848997517e+04,3.865114600918811760e+00
1.065017116978030026e+04,3.865114642479440477e+00
1.065017119107062354e+04,3.865114684027879832e+00
1.065017121236094681e+04,3.865114725564140485e+00
1.065017123365127009e+04,3.865114767088225989e+00
1.065017125494159336e+04,3.865114808600136342e+00
1.065017127623191664e+04,3.865114850099857335e+00
1.065017129752223991e+04,3.865114891587410284e+00
1.065017131881256319e+04,3.865114933062780977e+00
1.065017134010288646e+04,3.865114974525972968e+00
1.065017136139321155e+04,3.865115015976989810e+00
1.065017138268353483e+04,3.865115057415824396e+00
1.065017140397385811e+04,3.865115098842476726e+00
1.065017142526418138e+04,3.865115140256953907e+00
1.065017144655450466e+04,3.865115181659245280e+00
1.065017146784482793e+04,3.865115223049361504e+00
1.065017148913515121e+04,3.865115264427288366e+00
1.065017151042547448e+04,3.865115305793047185e+00
1.065017153171579776e+04,3.865115347146613090e+00
1.065017155300612285e+04,3.865115388488000292e+00
1.065017157429644612e+04,3.865115429817212345e+00
1.065017159558676940e+04,3.865115471134235037e+00
1.065017161687709267e+04,3.865115512439082579e+00
1.065017163816741595e+04,3.865115553731740761e+00
1.065017165945773922e+04,3.865115595012220240e+00
1.065017168074806250e+04,3.865115636280513911e+00
1.065017170203838577e+04,3.865115677536625327e+00
1.065017172332870905e+04,3.865115718780550935e+00
1.065017174461903414e+04,3.865115760012304946e+00
1.065017176590935742e+04,3.865115801231862491e+00
1.065017178719968069e+04,3.865115842439237781e+00
1.065017180849000397e+04,3.865115883634427263e+00
1.065017182978032724e+04,3.865115924817441595e+00
1.065017185107065052e+04,3.865115965988263014e+00
1.065017187236097379e+04,3.865116007146902177e+00
1.065017189365129707e+04,3.865116048293351980e+00
1.065017191494162034e+04,3.865116089427619528e+00
1.065017193623194544e+04,3.865116130549701268e+00
1.065017195752226871e+04,3.865116171659593647e+00
1.065017197881259199e+04,3.865116212757303771e+00
1.065017200010291526e+04,3.865116253842820981e+00
1.065017202139323854e+04,3.865116294916155937e+00
1.065017204268356181e+04,3.865116335977308637e+00
1.065017206397388509e+04,3.865116377026264871e+00
1.065017208526420836e+04,3.865116418063042403e+00
1.065017210655453164e+04,3.865116459087623468e+00
1.065017212784485673e+04,3.865116500100022279e+00
1.065017214913518001e+04,3.865116541100228176e+00
1.065017217042550328e+04,3.865116582088251818e+00
1.065017219171582656e+04,3.865116623064078993e+00
1.065017221300614983e+04,3.865116664027720361e+00
1.065017223429647311e+04,3.865116704979172368e+00
1.065017225558679638e+04,3.865116745918431462e+00
1.065017227687711966e+04,3.865116786845508301e+00
1.065017229816744293e+04,3.865116827760392226e+00
1.065017231945776621e+04,3.865116868663079686e+00
1.065017234074809130e+04,3.865116909553588442e+00
1.065017236203841458e+04,3.865116950431897180e+00
1.065017238332873785e+04,3.865116991298016558e+00
1.065017240461906113e+04,3.865117032151943022e+00
1.065017242590938440e+04,3.865117072993680125e+00
1.065017244719970768e+04,3.865117113823227868e+00
1.065017246849003095e+04,3.865117154640582697e+00
1.065017248978035423e+04,3.865117195445741061e+00
1.065017251107067750e+04,3.865117236238710063e+00
1.065017253236100260e+04,3.865117277019486153e+00
1.065017255365132587e+04,3.865117317788069329e+00
1.065017257494164915e+04,3.865117358544456039e+00
1.065017259623197242e+04,3.865117399288653388e+00
1.065017261752229570e+04,3.865117440020661377e+00
1.065017263881261897e+04,3.865117480740465794e+00
1.065017266010294225e+04,3.865117521448080851e+00
1.065017268139326552e+04,3.865117562143499441e+00
1.065017270268358880e+04,3.865117602826725118e+00
1.065017272397391389e+04,3.865117643497757882e+00
1.065017274526423716e+04,3.865117684156594180e+00
1.065017276655456044e+04,3.865117724803230459e+00
1.065017278784488371e+04,3.865117765437673825e+00
1.065017280913520699e+04,3.865117806059924277e+00
1.065017283042553026e+04,3.865117846669978263e+00
1.065017285171585354e+04,3.865117887267828678e+00
1.065017287300617681e+04,3.865117927853489732e+00
1.065017289429650009e+04,3.865117968426950767e+00
1.065017291558682518e+04,3.865118008988218889e+00
1.065017293687714846e+04,3.865118049537283440e+00
1.065017295816747173e+04,3.865118090074155077e+00
1.065017297945779501e+04,3.865118130598826696e+00
1.065017300074811828e+04,3.865118171111298295e+00
1.065017302203844156e+04,3.865118211611576982e+00
1.065017304332876483e+04,3.865118252099652096e+00
1.065017306461908811e+04,3.865118292575527192e+00
1.065017308590941138e+04,3.865118333039205822e+00
1.065017310719973648e+04,3.865118373490691539e+00
1.065017312849005975e+04,3.865118413929970131e+00
1.065017314978038303e+04,3.865118454357048705e+00
1.065017317107070630e+04,3.865118494771930813e+00
1.065017319236102958e+04,3.865118535174609349e+00
1.065017321365135285e+04,3.865118575565087866e+00
1.065017323494167613e+04,3.865118615943369917e+00
1.065017325623199940e+04,3.865118656309441292e+00
1.065017327752232268e+04,3.865118696663319753e+00
1.065017329881264777e+04,3.865118737005001748e+00
1.065017332010297105e+04,3.865118777334469513e+00
1.065017334139329432e+04,3.865118817651744365e+00
1.065017336268361760e+04,3.865118857956812093e+00
1.065017338397394087e+04,3.865118898249676249e+00
1.065017340526426415e+04,3.865118938530340387e+00
1.065017342655458742e+04,3.865118978798804505e+00
1.065017344784491070e+04,3.865119019055065053e+00
1.065017346913523397e+04,3.865119059299114923e+00
1.065017349042555907e+04,3.865119099530968327e+00
1.065017351171588234e+04,3.865119139750614607e+00
1.065017353300620562e+04,3.865119179958060869e+00
1.065017355429652889e+04,3.865119220153296453e+00
1.065017357558685217e+04,3.865119260336328466e+00
1.065017359687717544e+04,3.865119300507156908e+00
1.065017361816749872e+04,3.865119340665781777e+00
1.065017363945782199e+04,3.865119380812203076e+00
1.065017366074814527e+04,3.865119420946413697e+00
1.065017368203847036e+04,3.865119461068424300e+00
1.065017370332879364e+04,3.865119501178231332e+00
1.065017372461911691e+04,3.865119541275824133e+00
1.065017374590944019e+04,3.865119581361216916e+00
1.065017376719976346e+04,3.865119621434388364e+00
1.065017378849008674e+04,3.865119661495366898e+00
1.065017380978041001e+04,3.865119701544134756e+00
1.065017383107073329e+04,3.865119741580691937e+00
1.065017385236105656e+04,3.865119781605049099e+00
1.065017387365138165e+04,3.865119821617199136e+00
1.065017389494170493e+04,3.865119861617131392e+00
1.065017391623202820e+04,3.865119901604860075e+00
1.065017393752235148e+04,3.865119941580378082e+00
1.065017395881267475e+04,3.865119981543688965e+00
1.065017398010299803e+04,3.865120021494792724e+00
1.065017400139332130e+04,3.865120061433682253e+00
1.065017402268364458e+04,3.865120101360364657e+00
1.065017404397396785e+04,3.865120141274836385e+00
1.065017406526429295e+04,3.865120181177100989e+00
1.065017408655461622e+04,3.865120221067158468e+00
1.065017410784493950e+04,3.865120260944994612e+00
1.065017412913526277e+04,3.865120300810627185e+00
1.065017415042558605e+04,3.865120340664049081e+00
1.065017417171590932e+04,3.865120380505256747e+00
1.065017419300623260e+04,3.865120420334253737e+00
1.065017421429655587e+04,3.865120460151036497e+00
1.065017423558687915e+04,3.865120499955608580e+00
1.065017425687720424e+04,3.865120539747977091e+00
1.065017427816752752e+04,3.865120579528120714e+00
1.065017429945785079e+04,3.865120619296060767e+00
1.065017432074817407e+04,3.865120659051786589e+00
1.065017434203849734e+04,3.865120698795294629e+00
1.065017436332882062e+04,3.865120738526588440e+00
1.065017438461914389e+04,3.865120778245671573e+00
1.065017440590946717e+04,3.865120817952540477e+00
1.065017442719979044e+04,3.865120857647195152e+00
1.065017444849011554e+04,3.865120897329635596e+00
1.065017446978043881e+04,3.865120936999865364e+00
1.065017449107076209e+04,3.865120976657877350e+00
1.065017451236108536e+04,3.865121016303675106e+00
1.065017453365140864e+04,3.865121055937251526e+00
1.065017455494173191e+04,3.865121095558620823e+00
1.065017457623205519e+04,3.865121135167772337e+00
1.065017459752237846e+04,3.865121174764702516e+00
1.065017461881270174e+04,3.865121214349422019e+00
1.065017464010302683e+04,3.865121253921920186e+00
1.065017466139335011e+04,3.865121293482207676e+00
1.065017468268367338e+04,3.865121333030273831e+00
1.065017470397399666e+04,3.865121372566125757e+00
1.065017472526431993e+04,3.865121412089759900e+00
1.065017474655464321e+04,3.865121451601169156e+00
1.065017476784496648e+04,3.865121491100367734e+00
1.065017478913528976e+04,3.865121530587352083e+00
1.065017481042561303e+04,3.865121570062111545e+00
1.065017483171593813e+04,3.865121609524653223e+00
1.065017485300626140e+04,3.865121648974977120e+00
1.065017487429658468e+04,3.865121688413083234e+00
1.065017489558690795e+04,3.865121727838968013e+00
1.065017491687723123e+04,3.865121767252635010e+00
1.065017493816755450e+04,3.865121806654080672e+00
1.065017495945787778e+04,3.865121846043308551e+00
1.065017498074820105e+04,3.865121885420311543e+00
1.065017500203852433e+04,3.865121924785096752e+00
1.065017502332884942e+04,3.865121964137664179e+00
1.065017504461917270e+04,3.865122003478003165e+00
1.065017506590949597e+04,3.865122042806131475e+00
1.065017508719981925e+04,3.865122082122031344e+00
1.065017510849014252e+04,3.865122121425709878e+00
1.065017512978046580e+04,3.865122160717167077e+00
1.065017515107078907e+04,3.865122199996406493e+00
1.065017517236111235e+04,3.865122239263417470e+00
1.065017519365143562e+04,3.865122278518207111e+00
1.065017521494176071e+04,3.865122317760778969e+00
1.065017523623208399e+04,3.865122356991129493e+00
1.065017525752240726e+04,3.865122396209244471e+00
1.065017527881273054e+04,3.865122435415145219e+00
1.065017530010305381e+04,3.865122474608813974e+00
1.065017532139337709e+04,3.865122513790268499e+00
1.065017534268370036e+04,3.865122552959494584e+00
1.065017536397402364e+04,3.865122592116499334e+00
1.065017538526434691e+04,3.865122631261275643e+00
1.065017540655467201e+04,3.865122670393834170e+00
1.065017542784499528e+04,3.865122709514157151e+00
1.065017544913531856e+04,3.865122748622262350e+00
1.065017547042564183e+04,3.865122787718139108e+00
1.065017549171596511e+04,3.865122826801787426e+00
1.065017551300628838e+04,3.865122865873210856e+00
1.065017553429661166e+04,3.865122904932412951e+00
1.065017555558693493e+04,3.865122943979386605e+00
1.065017557687725821e+04,3.865122983014128266e+00
1.065017559816758330e+04,3.865123022036652145e+00
1.065017561945790658e+04,3.865123061046947583e+00
1.065017564074822985e+04,3.865123100045003923e+00
1.065017566203855313e+04,3.865123139030846033e+00
1.065017568332887640e+04,3.865123178004449045e+00
1.065017570461919968e+04,3.865123216965834274e+00
1.065017572590952295e+04,3.865123255914983957e+00
1.065017574719984623e+04,3.865123294851905200e+00
1.065017576849016950e+04,3.865123333776601555e+00
1.065017578978049460e+04,3.865123372689073022e+00
1.065017581107081787e+04,3.865123411589308944e+00
1.065017583236114115e+04,3.865123450477316425e+00
1.065017585365146442e+04,3.865123489353088360e+00
1.065017587494178770e+04,3.865123528216638960e+00
1.065017589623211097e+04,3.865123567067950461e+00
1.065017591752243425e+04,3.865123605907044180e+00
1.065017593881275752e+04,3.865123644733895247e+00
1.065017596010308080e+04,3.865123683548524980e+00
1.065017598139340589e+04,3.865123722350922719e+00
1.065017600268372917e+04,3.865123761141084913e+00
1.065017602397405244e+04,3.865123799919015113e+00
1.065017604526437572e+04,3.865123838684713320e+00
1.065017606655469899e+04,3.865123877438179534e+00
1.065017608784502227e+04,3.865123916179413754e+00
1.065017610913534554e+04,3.865123954908419535e+00
1.065017613042566882e+04,3.865123993625186216e+00
1.065017615171599209e+04,3.865124032329728010e+00
1.065017617300631719e+04,3.865124071022030705e+00
1.065017619429664046e+04,3.865124109702101407e+00
1.065017621558696374e+04,3.865124148369936563e+00
1.065017623687728701e+04,3.865124187025543279e+00
1.065017625816761029e+04,3.865124225668910896e+00
1.065017627945793356e+04,3.865124264300046519e+00
1.065017630074825684e+04,3.865124302918946597e+00
1.065017632203858011e+04,3.865124341525611129e+00
1.065017634332890339e+04,3.865124380120040115e+00
1.065017636461922848e+04,3.865124418702240661e+00
1.065017638590955175e+04,3.865124457272198555e+00
1.065017640719987503e+04,3.865124495829920903e+00
1.065017642849019830e+04,3.865124534375411258e+00
1.065017644978052158e+04,3.865124572908666067e+00
1.065017647107084485e+04,3.865124611429678225e+00
1.065017649236116813e+04,3.865124649938454837e+00
1.065017651365149140e+04,3.865124688434999456e+00
1.065017653494181468e+04,3.865124726919301423e+00
1.065017655623213977e+04,3.865124765391378503e+00
1.065017657752246305e+04,3.865124803851202273e+00
1.065017659881278632e+04,3.865124842298797603e+00
1.065017662010310960e+04,3.865124880734153834e+00
1.065017664139343287e+04,3.865124919157267414e+00
1.065017666268375615e+04,3.865124957568152553e+00
1.065017668397407942e+04,3.865124995966787935e+00
1.065017670526440270e+04,3.865125034353187772e+00
1.065017672655472597e+04,3.865125072727348510e+00
1.065017674784505107e+04,3.865125111089273702e+00
1.065017676913537434e+04,3.865125149438956242e+00
1.065017679042569762e+04,3.865125187776399684e+00
1.065017681171602089e+04,3.865125226101604028e+00
1.065017683300634417e+04,3.865125264414569273e+00
1.065017685429666744e+04,3.865125302715288313e+00
1.065017687558699072e+04,3.865125341003771808e+00
1.065017689687731399e+04,3.865125379280009099e+00
1.065017691816763727e+04,3.865125417544014397e+00
1.065017693945796236e+04,3.865125455795773490e+00
1.065017696074828564e+04,3.865125494035289933e+00
1.065017698203860891e+04,3.865125532262567276e+00
1.065017700332893219e+04,3.865125570477598416e+00
1.065017702461925546e+04,3.865125608680390457e+00
1.065017704590957874e+04,3.865125646870936293e+00
1.065017706719990201e+04,3.865125685049243032e+00
1.065017708849022529e+04,3.865125723215307119e+00
1.065017710978054856e+04,3.865125761369125001e+00
1.065017713107087366e+04,3.865125799510703786e+00
1.065017715236119693e+04,3.865125837640036366e+00
1.065017717365152021e+04,3.865125875757119189e+00
1.065017719494184348e+04,3.865125913861970020e+00
1.065017721623216676e+04,3.865125951954571093e+00
1.065017723752249003e+04,3.865125990034925962e+00
1.065017725881281331e+04,3.865126028103034628e+00
1.065017728010313658e+04,3.865126066158900642e+00
1.065017730139345986e+04,3.865126104202524004e+00
1.065017732268378495e+04,3.865126142233901163e+00
1.065017734397410823e+04,3.865126180253028565e+00
1.065017736526443150e+04,3.865126218259916868e+00
1.065017738655475478e+04,3.865126256254551862e+00
1.065017740784507805e+04,3.865126294236944204e+00
1.065017742913540133e+04,3.865126332207090343e+00
1.065017745042572460e+04,3.865126370164986724e+00
1.065017747171604788e+04,3.865126408110636902e+00
1.065017749300637115e+04,3.865126446044044428e+00
1.065017751429669624e+04,3.865126483965205750e+00
1.065017753558701952e+04,3.865126521874113763e+00
1.065017755687734279e+04,3.865126559770775572e+00
1.065017757816766607e+04,3.865126597655187624e+00
1.065017759945798934e+04,3.865126635527353471e+00
1.065017762074831262e+04,3.865126673387273115e+00
1.065017764203863590e+04,3.865126711234939449e+00
1.065017766332895917e+04,3.865126749070359580e+00
1.065017768461928245e+04,3.865126786893522848e+00
1.065017770590960754e+04,3.865126824704450570e+00
1.065017772719993081e+04,3.865126862503121430e+00
1.065017774849025409e+04,3.865126900289542533e+00
1.065017776978057736e+04,3.865126938063713880e+00
1.065017779107090064e+04,3.865126975825631916e+00
1.065017781236122391e+04,3.865127013575303749e+00
1.065017783365154719e+04,3.865127051312718720e+00
1.065017785494187046e+04,3.865127089037887487e+00
1.065017787623219374e+04,3.865127126750810049e+00
1.065017789752251883e+04,3.865127164451475750e+00
1.065017791881284211e+04,3.865127202139888141e+00
1.065017794010316538e+04,3.865127239816047222e+00
1.065017796139348866e+04,3.865127277479960100e+00
1.065017798268381193e+04,3.865127315131619667e+00
1.065017800397413521e+04,3.865127352771025926e+00
1.065017802526445848e+04,3.865127390398178875e+00
1.065017804655478176e+04,3.865127428013078514e+00
1.065017806784510503e+04,3.865127465615721292e+00
1.065017808913543013e+04,3.865127503206117865e+00
1.065017811042575340e+04,3.865127540784261129e+00
1.065017813171607668e+04,3.865127578350143978e+00
1.065017815300639995e+04,3.865127615903773517e+00
1.065017817429672323e+04,3.865127653445149747e+00
1.065017819558704650e+04,3.865127690974272667e+00
1.065017821687736978e+04,3.865127728491138726e+00
1.065017823816769305e+04,3.865127765995751474e+00
1.065017825945801633e+04,3.865127803488107361e+00
1.065017828074834142e+04,3.865127840968217043e+00
1.065017830203866470e+04,3.865127878436062758e+00
1.065017832332898797e+04,3.865127915891651611e+00
1.065017834461931125e+04,3.865127953334987154e+00
1.065017836590963452e+04,3.865127990766069388e+00
1.065017838719995780e+04,3.865128028184891207e+00
1.065017840849028107e+04,3.865128065591449058e+00
1.065017842978060435e+04,3.865128102985757153e+00
1.065017845107092762e+04,3.865128140367815490e+00
1.065017847236125272e+04,3.865128177737609860e+00
1.065017849365157599e+04,3.865128215095143815e+00
1.065017851494189927e+04,3.865128252440420908e+00
1.065017853623222254e+04,3.865128289773444692e+00
1.065017855752254582e+04,3.865128327094208061e+00
1.065017857881286909e+04,3.865128364402707462e+00
1.065017860010319237e+04,3.865128401698953553e+00
1.065017862139351564e+04,3.865128438982939230e+00
1.065017864268383892e+04,3.865128476254664491e+00
1.065017866397416401e+04,3.865128513514139996e+00
1.065017868526448729e+04,3.865128550761340875e+00
1.065017870655481056e+04,3.865128587996291998e+00
1.065017872784513384e+04,3.865128625218975600e+00
1.065017874913545711e+04,3.865128662429409445e+00
1.065017877042578039e+04,3.865128699627572217e+00
1.065017879171610366e+04,3.865128736813478127e+00
1.065017881300642694e+04,3.865128773987127175e+00
1.065017883429675021e+04,3.865128811148512256e+00
1.065017885558707530e+04,3.865128848297633368e+00
1.065017887687739858e+04,3.865128885434497619e+00
1.065017889816772185e+04,3.865128922559101454e+00
1.065017891945804513e+04,3.865128959671437769e+00
1.065017894074836840e+04,3.865128996771510117e+00
1.065017896203869168e+04,3.865129033859329155e+00
1.065017898332901495e+04,3.865129070934880673e+00
1.065017900461933823e+04,3.865129107998164670e+00
1.065017902590966150e+04,3.865129145049188253e+00
1.065017904719998660e+04,3.865129182087951420e+00
1.065017906849030987e+04,3.865129219114450621e+00
1.065017908978063315e+04,3.865129256128685853e+00
1.065017911107095642e+04,3.865129293130657118e+00
1.065017913236127970e+04,3.865129330120360862e+00
1.065017915365160297e+04,3.865129367097811297e+00
1.065017917494192625e+04,3.865129404062983554e+00
1.065017919623224952e+04,3.865129441015898948e+00
1.065017921752257280e+04,3.865129477956546822e+00
1.065017923881289789e+04,3.865129514884930728e+00
1.065017926010322117e+04,3.865129551801047114e+00
1.065017928139354444e+04,3.865129588704899533e+00
1.065017930268386772e+04,3.865129625596484431e+00
1.065017932397419099e+04,3.865129662475805361e+00
1.065017934526451427e+04,3.865129699342858771e+00
1.065017936655483754e+04,3.865129736197644661e+00
1.065017938784516082e+04,3.865129773040163030e+00
1.065017940913548409e+04,3.865129809870417432e+00
1.065017943042580919e+04,3.865129846688404314e+00
1.065017945171613246e+04,3.865129883494123675e+00
1.065017947300645574e+04,3.865129920287575516e+00
1.065017949429677901e+04,3.865129957068756283e+00
1.065017951558710229e+04,3.865129993837673084e+00
1.065017953687742556e+04,3.865130030594318811e+00
1.065017955816774884e+04,3.865130067338697017e+00
1.065017957945807211e+04,3.865130104070807704e+00
1.065017960074839539e+04,3.865130140790647317e+00
1.065017962203872048e+04,3.865130177498219410e+00
1.065017964332904376e+04,3.865130214193520430e+00
1.065017966461936703e+04,3.865130250876553930e+00
1.065017968590969031e+04,3.865130287547312804e+00
1.065017970720001358e+04,3.865130324205811263e+00
1.065017972849033686e+04,3.865130360852031544e+00
1.065017974978066013e+04,3.865130397485987856e+00
1.065017977107098341e+04,3.865130434107665991e+00
1.065017979236130668e+04,3.865130470717080158e+00
1.065017981365163178e+04,3.865130507314223252e+00
1.065017983494195505e+04,3.865130543899091720e+00
1.065017985623227833e+04,3.865130580471685562e+00
1.065017987752260160e+04,3.865130617032008331e+00
1.065017989881292488e+04,3.865130653580063580e+00
1.065017992010324815e+04,3.865130690115844203e+00
1.065017994139357143e+04,3.865130726639353753e+00
1.065017996268389470e+04,3.865130763150588677e+00
1.065017998397421798e+04,3.865130799649559634e+00
1.065018000526454307e+04,3.865130836136252412e+00
1.065018002655486634e+04,3.865130872610663459e+00
1.065018004784518962e+04,3.865130909072810539e+00
1.065018006913551289e+04,3.865130945522682993e+00
1.065018009042583617e+04,3.865130981960280820e+00
1.065018011171615944e+04,3.865131018385600470e+00
1.065018013300648272e+04,3.865131054798649046e+00
1.065018015429680599e+04,3.865131091199422997e+00
1.065018017558712927e+04,3.865131127587925874e+00
1.065018019687745436e+04,3.865131163964150574e+00
1.065018021816777764e+04,3.865131200328104200e+00
1.065018023945810091e+04,3.865131236679776094e+00
1.065018026074842419e+04,3.865131273019173364e+00
1.065018028203874746e+04,3.865131309346296007e+00
1.065018030332907074e+04,3.865131345661140472e+00
1.065018032461939401e+04,3.865131381963713864e+00
1.065018034590971729e+04,3.865131418254005524e+00
1.065018036720004056e+04,3.865131454532022559e+00
1.065018038849036566e+04,3.865131490797764968e+00
1.065018040978068893e+04,3.865131527051236304e+00
1.065018043107101221e+04,3.865131563292422356e+00
1.065018045236133548e+04,3.865131599521333783e+00
1.065018047365165876e+04,3.865131635737959925e+00
1.065018049494198203e+04,3.865131671942314995e+00
1.065018051623230531e+04,3.865131708134391886e+00
1.065018053752262858e+04,3.865131744314187046e+00
1.065018055881295186e+04,3.865131780481704027e+00
1.065018058010327695e+04,3.865131816636949935e+00
1.065018060139360023e+04,3.865131852779914112e+00
1.065018062268392350e+04,3.865131888910593005e+00
1.065018064397424678e+04,3.865131925028993720e+00
1.065018066526457005e+04,3.865131961135123362e+00
1.065018068655489333e+04,3.865131997228967720e+00
1.065018070784521660e+04,3.865132033310530346e+00
1.065018072913553988e+04,3.865132069379814794e+00
1.065018075042586315e+04,3.865132105436813958e+00
1.065018077171618825e+04,3.865132141481542050e+00
1.065018079300651152e+04,3.865132177513981304e+00
1.065018081429683480e+04,3.865132213534142380e+00
1.065018083558715807e+04,3.865132249542025278e+00
1.065018085687748135e+04,3.865132285537619339e+00
1.065018087816780462e+04,3.865132321520938774e+00
1.065018089945812790e+04,3.865132357491972925e+00
1.065018092074845117e+04,3.865132393450725345e+00
1.065018094203877445e+04,3.865132429397196034e+00
1.065018096332909954e+04,3.865132465331388545e+00
1.065018098461942282e+04,3.865132501253288666e+00
1.065018100590974609e+04,3.865132537162917714e+00
1.065018102720006937e+04,3.865132573060250820e+00
1.065018104849039264e+04,3.865132608945305748e+00
1.065018106978071592e+04,3.865132644818082497e+00
1.065018109107103919e+04,3.865132680678570409e+00
1.065018111236136247e+04,3.865132716526773038e+00
1.065018113365168574e+04,3.865132752362697488e+00
1.065018115494201083e+04,3.865132788186336654e+00
1.065018117623233411e+04,3.865132823997683431e+00
1.065018119752265738e+04,3.865132859796752030e+00
1.065018121881298066e+04,3.865132895583531791e+00
1.065018124010330394e+04,3.865132931358033375e+00
1.065018126139362721e+04,3.865132967120242569e+00
1.065018128268395049e+04,3.865133002870170031e+00
1.065018130397427376e+04,3.865133038607805105e+00
1.065018132526459704e+04,3.865133074333162000e+00
1.065018134655492213e+04,3.865133110046230058e+00
1.065018136784524540e+04,3.865133145747012833e+00
1.065018138913556868e+04,3.865133181435506771e+00
1.065018141042589195e+04,3.865133217111715425e+00
1.065018143171621523e+04,3.865133252775635242e+00
1.065018145300653850e+04,3.865133288427266223e+00
1.065018147429686178e+04,3.865133324066615472e+00
1.065018149558718505e+04,3.865133359693668780e+00
1.065018151687750833e+04,3.865133395308443909e+00
1.065018153816783342e+04,3.865133430910926648e+00
1.065018155945815670e+04,3.865133466501120552e+00
1.065018158074847997e+04,3.865133502079025618e+00
1.065018160203880325e+04,3.865133537644641848e+00
1.065018162332912652e+04,3.865133573197972794e+00
1.065018164461944980e+04,3.865133608739011351e+00
1.065018166590977307e+04,3.865133644267757518e+00
1.065018168720009635e+04,3.865133679784214848e+00
1.065018170849041962e+04,3.865133715288386895e+00
1.065018172978074472e+04,3.865133750780270105e+00
1.065018175107106799e+04,3.865133786259860926e+00
1.065018177236139127e+04,3.865133821727155805e+00
1.065018179365171454e+04,3.865133857182168953e+00
1.065018181494203782e+04,3.865133892624886158e+00
1.065018183623236109e+04,3.865133928055310975e+00
1.065018185752268437e+04,3.865133963473446954e+00
1.065018187881300764e+04,3.865133998879294097e+00
1.065018190010333092e+04,3.865134034272845298e+00
1.065018192139365601e+04,3.865134069654107662e+00
1.065018194268397929e+04,3.865134105023077637e+00
1.065018196397430256e+04,3.865134140379751670e+00
1.065018198526462584e+04,3.865134175724136867e+00
1.065018200655494911e+04,3.865134211056226121e+00
1.065018202784527239e+04,3.865134246376026539e+00
1.065018204913559566e+04,3.865134281683534567e+00
1.065018207042591894e+04,3.865134316978743101e+00
1.065018209171624221e+04,3.865134352261669903e+00
1.065018211300656731e+04,3.865134387532290106e+00
1.065018213429689058e+04,3.865134422790621471e+00
1.065018215558721386e+04,3.865134458036664000e+00
1.065018217687753713e+04,3.865134493270403482e+00
1.065018219816786041e+04,3.865134528491854127e+00
1.065018221945818368e+04,3.865134563701005277e+00
1.065018224074850696e+04,3.865134598897864038e+00
1.065018226203883023e+04,3.865134634082426857e+00
1.065018228332915351e+04,3.865134669254697286e+00
1.065018230461947860e+04,3.865134704414675326e+00
1.065018232590980188e+04,3.865134739562350319e+00
1.065018234720012515e+04,3.865134774697732922e+00
1.065018236849044843e+04,3.865134809820816031e+00
1.065018238978077170e+04,3.865134844931610303e+00
1.065018241107109498e+04,3.865134880030101527e+00
1.065018243236141825e+04,3.865134915116296810e+00
1.065018245365174153e+04,3.865134950190192598e+00
1.065018247494206480e+04,3.865134985251792443e+00
1.065018249623238989e+04,3.865135020301099900e+00
1.065018251752271317e+04,3.865135055338111414e+00
1.065018253881303644e+04,3.865135090362819881e+00
1.065018256010335972e+04,3.865135125375228853e+00
1.065018258139368299e+04,3.865135160375341883e+00
1.065018260268400627e+04,3.865135195363158971e+00
1.065018262397432954e+04,3.865135230338673011e+00
1.065018264526465282e+04,3.865135265301891110e+00
1.065018266655497609e+04,3.865135300252806161e+00
1.065018268784530119e+04,3.865135335191428823e+00
1.065018270913562446e+04,3.865135370117751989e+00
1.065018273042594774e+04,3.865135405031772109e+00
1.065018275171627101e+04,3.865135439933492734e+00
1.065018277300659429e+04,3.865135474822913864e+00
1.065018279429691756e+04,3.865135509700031946e+00
1.065018281558724084e+04,3.865135544564850534e+00
1.065018283687756411e+04,3.865135579417373179e+00
1.065018285816788739e+04,3.865135614257589225e+00
1.065018287945821248e+04,3.865135649085512881e+00
1.065018290074853576e+04,3.865135683901126384e+00
1.065018292203885903e+04,3.865135718704440393e+00
1.065018294332918231e+04,3.865135753495454907e+00
1.065018296461950558e+04,3.865135788274169926e+00
1.065018298590982886e+04,3.865135823040578344e+00
1.065018300720015213e+04,3.865135857794683716e+00
1.065018302849047541e+04,3.865135892536489592e+00
1.065018304978079868e+04,3.865135927265988869e+00
1.065018307107112378e+04,3.865135961983192203e+00
1.065018309236144705e+04,3.865135996688088937e+00
1.065018311365177033e+04,3.865136031380682624e+00
1.065018313494209360e+04,3.865136066060973263e+00
1.065018315623241688e+04,3.865136100728960855e+00
1.065018317752274015e+04,3.865136135384645399e+00
1.065018319881306343e+04,3.865136170028026896e+00
1.065018322010338670e+04,3.865136204659098240e+00
1.065018324139370998e+04,3.865136239277870089e+00
1.065018326268403507e+04,3.865136273884335338e+00
1.065018328397435835e+04,3.865136308478497540e+00
1.065018330526468162e+04,3.865136343060349589e+00
1.065018332655500490e+04,3.865136377629902142e+00
1.065018334784532817e+04,3.865136412187148096e+00
1.065018336913565145e+04,3.865136446732083897e+00
1.065018339042597472e+04,3.865136481264716650e+00
1.065018341171629800e+04,3.865136515785049909e+00
1.065018343300662127e+04,3.865136550293073014e+00
1.065018345429694637e+04,3.865136584788785967e+00
1.065018347558726964e+04,3.865136619272199425e+00
1.065018349687759292e+04,3.865136653743299178e+00
1.065018351816791619e+04,3.865136688202092330e+00
1.065018353945823947e+04,3.865136722648582435e+00
1.065018356074856274e+04,3.865136757082762387e+00
1.065018358203888602e+04,3.865136791504635738e+00
1.065018360332920929e+04,3.865136825914198937e+00
1.065018362461953257e+04,3.865136860311459088e+00
1.065018364590985766e+04,3.865136894696405534e+00
1.065018366720018093e+04,3.865136929069045379e+00
1.065018368849050421e+04,3.865136963429382178e+00
1.065018370978082748e+04,3.865136997777405270e+00
1.065018373107115076e+04,3.865137032113114657e+00
1.065018375236147403e+04,3.865137066436524549e+00
1.065018377365179731e+04,3.865137100747617183e+00
1.065018379494212058e+04,3.865137135046403216e+00
1.065018381623244386e+04,3.865137169332879097e+00
1.065018383752276895e+04,3.865137203607044825e+00
1.065018385881309223e+04,3.865137237868900399e+00
1.065018388010341550e+04,3.865137272118449374e+00
1.065018390139373878e+04,3.865137306355684643e+00
1.065018392268406205e+04,3.865137340580606207e+00
1.065018394397438533e+04,3.865137374793221170e+00
1.065018396526470860e+04,3.865137408993522428e+00
1.065018398655503188e+04,3.865137443181513532e+00
1.065018400784535515e+04,3.865137477357194484e+00
1.065018402913568025e+04,3.865137511520565283e+00
1.065018405042600352e+04,3.865137545671615271e+00
1.065018407171632680e+04,3.865137579810362212e+00
1.065018409300665007e+04,3.865137613936791894e+00
1.065018411429697335e+04,3.865137648050911423e+00
1.065018413558729662e+04,3.865137682152717247e+00
1.065018415687761990e+04,3.865137716242205812e+00
1.065018417816794317e+04,3.865137750319391330e+00
1.065018419945826645e+04,3.865137784384256037e+00
1.065018422074858972e+04,3.865137818436807038e+00
1.065018424203891482e+04,3.865137852477047886e+00
1.065018426332923809e+04,3.865137886504975029e+00
1.065018428461956137e+04,3.865137920520584913e+00
1.065018430590988464e+04,3.865137954523884645e+00
1.065018432720020792e+04,3.865137988514863565e+00
1.065018434849053119e+04,3.865138022493535885e+00
1.065018436978085447e+04,3.865138056459887395e+00
1.065018439107117774e+04,3.865138090413925198e+00
1.065018441236150102e+04,3.865138124355642191e+00
1.065018443365182611e+04,3.865138158285056136e+00
1.065018445494214939e+04,3.865138192202145717e+00
1.065018447623247266e+04,3.865138226106925146e+00
1.065018449752279594e+04,3.865138259999383763e+00
1.065018451881311921e+04,3.865138293879528675e+00
1.065018454010344249e+04,3.865138327747349223e+00
1.065018456139376576e+04,3.865138361602863171e+00
1.065018458268408904e+04,3.865138395446056307e+00
1.065018460397441231e+04,3.865138429276932186e+00
1.065018462526473741e+04,3.865138463095490806e+00
1.065018464655506068e+04,3.865138496901732168e+00
1.065018466784538396e+04,3.865138530695659824e+00
1.065018468913570723e+04,3.865138564477263117e+00
1.065018471042603051e+04,3.865138598246556256e+00
1.065018473171635378e+04,3.865138632003521479e+00
1.065018475300667706e+04,3.865138665748172997e+00
1.065018477429700033e+04,3.865138699480503703e+00
1.065018479558732361e+04,3.865138733200520704e+00
1.065018481687764870e+04,3.865138766908220447e+00
1.065018483816797198e+04,3.865138800603592273e+00
1.065018485945829525e+04,3.865138834286653946e+00
1.065018488074861853e+04,3.865138867957387703e+00
1.065018490203894180e+04,3.865138901615804201e+00
1.065018492332926508e+04,3.865138935261899888e+00
1.065018494461958835e+04,3.865138968895674765e+00
1.065018496590991163e+04,3.865139002517139488e+00
1.065018498720023490e+04,3.865139036126272742e+00
1.065018500849055999e+04,3.865139069723088738e+00
1.065018502978088327e+04,3.865139103307583923e+00
1.065018505107120654e+04,3.865139136879761850e+00
1.065018507236152982e+04,3.865139170439611860e+00
1.065018509365185309e+04,3.865139203987141059e+00
1.065018511494217637e+04,3.865139237522349447e+00
1.065018513623249964e+04,3.865139271045240577e+00
1.065018515752282292e+04,3.865139304555803790e+00
1.065018517881314619e+04,3.865139338054049745e+00
1.065018520010347129e+04,3.865139371539971336e+00
1.065018522139379456e+04,3.865139405013565010e+00
1.065018524268411784e+04,3.865139438474837874e+00
1.065018526397444111e+04,3.865139471923793479e+00
1.065018528526476439e+04,3.865139505360424721e+00
1.065018530655508766e+04,3.865139538784724493e+00
1.065018532784541094e+04,3.865139572196710560e+00
1.065018534913573421e+04,3.865139605596368710e+00
1.065018537042605749e+04,3.865139638983702497e+00
1.065018539171638258e+04,3.865139672358711920e+00
1.065018541300670586e+04,3.865139705721400532e+00
1.065018543429702913e+04,3.865139739071757674e+00
1.065018545558735241e+04,3.865139772409794006e+00
1.065018547687767568e+04,3.865139805735509526e+00
1.065018549816799896e+04,3.865139839048893577e+00
1.065018551945832223e+04,3.865139872349956818e+00
1.065018554074864551e+04,3.865139905638688589e+00
1.065018556203896878e+04,3.865139938915103102e+00
1.065018558332929388e+04,3.865139972179182593e+00
1.065018560461961715e+04,3.865140005430941272e+00
1.065018562590994043e+04,3.865140038670375588e+00
1.065018564720026370e+04,3.865140071897481988e+00
1.065018566849058698e+04,3.865140105112260471e+00
1.065018568978091025e+04,3.865140138314703933e+00
1.065018571107123353e+04,3.865140171504830136e+00
1.065018573236155680e+04,3.865140204682631975e+00
1.065018575365188008e+04,3.865140237848102345e+00
1.065018577494220517e+04,3.865140271001241246e+00
1.065018579623252845e+04,3.865140304142055783e+00
1.065018581752285172e+04,3.865140337270542403e+00
1.065018583881317500e+04,3.865140370386701107e+00
1.065018586010349827e+04,3.865140403490531895e+00
1.065018588139382155e+04,3.865140436582031214e+00
1.065018590268414482e+04,3.865140469661206168e+00
1.065018592397446810e+04,3.865140502728046101e+00
1.065018594526479137e+04,3.865140535782561670e+00
1.065018596655511647e+04,3.865140568824749323e+00
1.065018598784543974e+04,3.865140601854601954e+00
1.065018600913576302e+04,3.865140634872130221e+00
1.065018603042608629e+04,3.865140667877327019e+00
1.065018605171640957e+04,3.865140700870192347e+00
1.065018607300673284e+04,3.865140733850729760e+00
1.065018609429705612e+04,3.865140766818935703e+00
1.065018611558737939e+04,3.865140799774806624e+00
1.065018613687770267e+04,3.865140832718353181e+00
1.065018615816802776e+04,3.865140865649564716e+00
1.065018617945835103e+04,3.865140898568448335e+00
1.065018620074867431e+04,3.865140931475000485e+00
1.065018622203899758e+04,3.865140964369217613e+00
1.065018624332932086e+04,3.865140997251106825e+00
1.065018626461964413e+04,3.865141030120653909e+00
1.065018628590996741e+04,3.865141062977880182e+00
1.065018630720029068e+04,3.865141095822771433e+00
1.065018632849061396e+04,3.865141128655327662e+00
1.065018634978093905e+04,3.865141161475559528e+00
1.065018637107126233e+04,3.865141194283452819e+00
1.065018639236158560e+04,3.865141227079007535e+00
1.065018641365190888e+04,3.865141259862230783e+00
1.065018643494223215e+04,3.865141292633126113e+00
1.065018645623255543e+04,3.865141325391686422e+00
1.065018647752287870e+04,3.865141358137908156e+00
1.065018649881320198e+04,3.865141390871798421e+00
1.065018652010352525e+04,3.865141423593357217e+00
1.065018654139385035e+04,3.865141456302580991e+00
1.065018656268417362e+04,3.865141488999466191e+00
1.065018658397449690e+04,3.865141521684019921e+00
1.065018660526482017e+04,3.865141554356235076e+00
1.065018662655514345e+04,3.865141587016122315e+00
1.065018664784546672e+04,3.865141619663670980e+00
1.065018666913579000e+04,3.865141652298884622e+00
1.065018669042611327e+04,3.865141684921756138e+00
1.065018671171643655e+04,3.865141717532296184e+00
1.065018673300676164e+04,3.865141750130504761e+00
1.065018675429708492e+04,3.865141782716371210e+00
1.065018677558740819e+04,3.865141815289909744e+00
1.065018679687773147e+04,3.865141847851102597e+00
1.065018681816805474e+04,3.865141880399956875e+00
1.065018683945837802e+04,3.865141912936476132e+00
1.065018686074870129e+04,3.865141945460660367e+00
1.065018688203902457e+04,3.865141977972509579e+00
1.065018690332934784e+04,3.865142010472016665e+00
1.065018692461967294e+04,3.865142042959195834e+00
1.065018694590999621e+04,3.865142075434022217e+00
1.065018696720031949e+04,3.865142107896520685e+00
1.065018698849064276e+04,3.865142140346684130e+00
1.065018700978096604e+04,3.865142172784501895e+00
1.065018703107128931e+04,3.865142205209981086e+00
1.065018705236161259e+04,3.865142237623121702e+00
1.065018707365193586e+04,3.865142270023923743e+00
1.065018709494225914e+04,3.865142302412383657e+00
1.065018711623258423e+04,3.865142334788512102e+00
1.065018713752290751e+04,3.865142367152291314e+00
1.065018715881323078e+04,3.865142399503735504e+00
1.065018718010355406e+04,3.865142431842844672e+00
1.065018720139387733e+04,3.865142464169608161e+00
1.065018722268420061e+04,3.865142496484033074e+00
1.065018724397452388e+04,3.865142528786112308e+00
1.065018726526484716e+04,3.865142561075852967e+00
1.065018728655517043e+04,3.865142593353258604e+00
1.065018730784549552e+04,3.865142625618322114e+00
1.065018732913581880e+04,3.865142657871036391e+00
1.065018735042614207e+04,3.865142690111412094e+00
1.065018737171646535e+04,3.865142722339452774e+00
1.065018739300678862e+04,3.865142754555147775e+00
1.065018741429711190e+04,3.865142786758500648e+00
1.065018743558743517e+04,3.865142818949514947e+00
1.065018745687775845e+04,3.865142851128180013e+00
1.065018747816808173e+04,3.865142883294506504e+00
1.065018749945840682e+04,3.865142915448490868e+00
1.065018752074873009e+04,3.865142947590133105e+00
1.065018754203905337e+04,3.865142979719426108e+00
1.065018756332937664e+04,3.865143011836380538e+00
1.065018758461969992e+04,3.865143043940992840e+00
1.065018760591002319e+04,3.865143076033259462e+00
1.065018762720034647e+04,3.865143108113180404e+00
1.065018764849066974e+04,3.865143140180755665e+00
1.065018766978099302e+04,3.865143172235995905e+00
1.065018769107131811e+04,3.865143204278886913e+00
1.065018771236164139e+04,3.865143236309432240e+00
1.065018773365196466e+04,3.865143268327631887e+00
1.065018775494228794e+04,3.865143300333485854e+00
1.065018777623261121e+04,3.865143332327001247e+00
1.065018779752293449e+04,3.865143364308163854e+00
1.065018781881325776e+04,3.865143396276984333e+00
1.065018784010358104e+04,3.865143428233462686e+00
1.065018786139390431e+04,3.865143460177588253e+00
1.065018788268422941e+04,3.865143492109378798e+00
1.065018790397455268e+04,3.865143524028813005e+00
1.065018792526487596e+04,3.865143555935901531e+00
1.065018794655519923e+04,3.865143587830647931e+00
1.065018796784552251e+04,3.865143619713045098e+00
1.065018798913584578e+04,3.865143651583093032e+00
1.065018801042616906e+04,3.865143683440795286e+00
1.065018803171649233e+04,3.865143715286155413e+00
1.065018805300681561e+04,3.865143747119162754e+00
1.065018807429714070e+04,3.865143778939824415e+00
1.065018809558746398e+04,3.865143810748140396e+00
1.065018811687778725e+04,3.865143842544107144e+00
1.065018813816811053e+04,3.865143874327717555e+00
1.065018815945843380e+04,3.865143906098989390e+00
1.065018818074875708e+04,3.865143937857908440e+00
1.065018820203908035e+04,3.865143969604481811e+00
1.065018822332940363e+04,3.865144001338702395e+00
1.065018824461972690e+04,3.865144033060580853e+00
1.065018826591005200e+04,3.865144064770106525e+00
1.065018828720037527e+04,3.865144096467279411e+00
1.065018830849069855e+04,3.865144128152106617e+00
1.065018832978102182e+04,3.865144159824581038e+00
1.065018835107134510e+04,3.865144191484706226e+00
1.065018837236166837e+04,3.865144223132482182e+00
1.065018839365199165e+04,3.865144254767908905e+00
1.065018841494231492e+04,3.865144286390982842e+00
1.065018843623263820e+04,3.865144318001707546e+00
1.065018845752296329e+04,3.865144349600083018e+00
1.065018847881328657e+04,3.865144381186102152e+00
1.065018850010360984e+04,3.865144412759779158e+00
1.065018852139393312e+04,3.865144444321096273e+00
1.065018854268425639e+04,3.865144475870064156e+00
1.065018856397457967e+04,3.865144507406675700e+00
1.065018858526490294e+04,3.865144538930945117e+00
1.065018860655522622e+04,3.865144570442858196e+00
1.065018862784554949e+04,3.865144601942414937e+00
1.065018864913587458e+04,3.865144633429625998e+00
1.065018867042619786e+04,3.865144664904480720e+00
1.065018869171652113e+04,3.865144696366986210e+00
1.065018871300684441e+04,3.865144727817131809e+00
1.065018873429716768e+04,3.865144759254931728e+00
1.065018875558749096e+04,3.865144790680371756e+00
1.065018877687781423e+04,3.865144822093462551e+00
1.065018879816813751e+04,3.865144853494197008e+00
1.065018881945846078e+04,3.865144884882578680e+00
1.065018884074878588e+04,3.865144916258604013e+00
1.065018886203910915e+04,3.865144947622283667e+00
1.065018888332943243e+04,3.865144978973599876e+00
1.065018890461975570e+04,3.865145010312559748e+00
1.065018892591007898e+04,3.865145041639170387e+00
1.065018894720040225e+04,3.865145072953428240e+00
1.065018896849072553e+04,3.865145104255326203e+00
1.065018898978104880e+04,3.865145135544871380e+00
1.065018901107137208e+04,3.865145166822056666e+00
1.065018903236169717e+04,3.865145198086896272e+00
1.065018905365202045e+04,3.865145229339372435e+00
1.065018907494234372e+04,3.865145260579495812e+00
1.065018909623266700e+04,3.865145291807259298e+00
1.065018911752299027e+04,3.865145323022669999e+00
1.065018913881331355e+04,3.865145354225713703e+00
1.065018916010363682e+04,3.865145385416415280e+00
1.065018918139396010e+04,3.865145416594749861e+00
1.065018920268428337e+04,3.865145447760735209e+00
1.065018922397460847e+04,3.865145478914360666e+00
1.065018924526493174e+04,3.865145510055629785e+00
1.065018926655525502e+04,3.865145541184539013e+00
1.065018928784557829e+04,3.865145572301084798e+00
1.065018930913590157e+04,3.865145603405281349e+00
1.065018933042622484e+04,3.865145634497121563e+00
1.065018935171654812e+04,3.865145665576594780e+00
1.065018937300687139e+04,3.865145696643715212e+00
1.065018939429719467e+04,3.865145727698475753e+00
1.065018941558751976e+04,3.865145758740879955e+00
1.065018943687784304e+04,3.865145789770920715e+00
1.065018945816816631e+04,3.865145820788605135e+00
1.065018947945848959e+04,3.865145851793929666e+00
1.065018950074881286e+04,3.865145882786894305e+00
1.065018952203913614e+04,3.865145913767499053e+00
1.065018954332945941e+04,3.865145944735743910e+00
1.065018956461978269e+04,3.865145975691625324e+00
1.065018958591010596e+04,3.865146006635153952e+00
1.065018960720043106e+04,3.865146037566319137e+00
1.065018962849075433e+04,3.865146068485124431e+00
1.065018964978107761e+04,3.865146099391559176e+00
1.065018967107140088e+04,3.865146130285648240e+00
1.065018969236172416e+04,3.865146161167366756e+00
1.065018971365204743e+04,3.865146192036725381e+00
1.065018973494237071e+04,3.865146222893724115e+00
1.065018975623269398e+04,3.865146253738362958e+00
1.065018977752301726e+04,3.865146284570638358e+00
1.065018979881334235e+04,3.865146315390553866e+00
1.065018982010366562e+04,3.865146346198098826e+00
1.065018984139398890e+04,3.865146376993294552e+00
1.065018986268431217e+04,3.865146407776116178e+00
1.065018988397463545e+04,3.865146438546581464e+00
1.065018990526495872e+04,3.865146469304683308e+00
1.065018992655528200e+04,3.865146500050418155e+00
1.065018994784560527e+04,3.865146530783793111e+00
1.065018996913592855e+04,3.865146561504804623e+00
1.065018999042625364e+04,3.865146592213456245e+00
1.065019001171657692e+04,3.865146622909737317e+00
1.065019003300690019e+04,3.865146653593658499e+00
1.065019005429722347e+04,3.865146684265212684e+00
1.065019007558754674e+04,3.865146714924406979e+00
1.065019009687787002e+04,3.865146745571234277e+00
1.065019011816819329e+04,3.865146776205698131e+00
1.065019013945851657e+04,3.865146806827794990e+00
1.065019016074883984e+04,3.865146837437531957e+00
1.065019018203916494e+04,3.865146868034898375e+00
1.065019020332948821e+04,3.865146898619904903e+00
1.065019022461981149e+04,3.865146929192540881e+00
1.065019024591013476e+04,3.865146959752816969e+00
1.065019026720045804e+04,3.865146990300718954e+00
1.065019028849078131e+04,3.865147020836257497e+00
1.065019030978110459e+04,3.865147051359432595e+00
1.065019033107142786e+04,3.865147081870237145e+00
1.065019035236175114e+04,3.865147112368681803e+00
1.065019037365207623e+04,3.865147142854763018e+00
1.065019039494239951e+04,3.865147173328470132e+00
1.065019041623272278e+04,3.865147203789813801e+00
1.065019043752304606e+04,3.865147234238786922e+00
1.065019045881336933e+04,3.865147264675393046e+00
1.065019048010369261e+04,3.865147295099632174e+00
1.065019050139401588e+04,3.865147325511504306e+00
1.065019052268433916e+04,3.865147355911009441e+00
1.065019054397466243e+04,3.865147386298147580e+00
1.065019056526498753e+04,3.865147416672915170e+00
1.065019058655531080e+04,3.865147447035315764e+00
1.065019060784563408e+04,3.865147477385345809e+00
1.065019062913595735e+04,3.865147507723008857e+00
1.065019065042628063e+04,3.865147538048301357e+00
1.065019067171660390e+04,3.865147568361226860e+00
1.065019069300692718e+04,3.865147598661781814e+00
1.065019071429725045e+04,3.865147628949966219e+00
1.065019073558757373e+04,3.865147659225783627e+00
1.065019075687789882e+04,3.865147689489237592e+00
1.065019077816822210e+04,3.865147719740313903e+00
1.065019079945854537e+04,3.865147749979019665e+00
1.065019082074886865e+04,3.865147780205354877e+00
1.065019084203919192e+04,3.865147810419326646e+00
1.065019086332951520e+04,3.865147840620917208e+00
1.065019088461983847e+04,3.865147870810147879e+00
1.065019090591016175e+04,3.865147900987004448e+00
1.065019092720048502e+04,3.865147931151483363e+00
1.065019094849081011e+04,3.865147961303602386e+00
1.065019096978113339e+04,3.865147991443340203e+00
1.065019099107145666e+04,3.865148021570711023e+00
1.065019101236177994e+04,3.865148051685711295e+00
1.065019103365210321e+04,3.865148081788337464e+00
1.065019105494242649e+04,3.865148111878593085e+00
1.065019107623274977e+04,3.865148141956471051e+00
1.065019109752307304e+04,3.865148172021982020e+00
1.065019111881339632e+04,3.865148202075118888e+00
1.065019114010372141e+04,3.865148232115888760e+00
1.065019116139404468e+04,3.865148262144273872e+00
1.065019118268436796e+04,3.865148292160295540e+00
1.065019120397469123e+04,3.865148322163939554e+00
1.065019122526501451e+04,3.865148352155213018e+00
1.065019124655533778e+04,3.865148382134108829e+00
1.065019126784566106e+04,3.865148412100634090e+00
1.065019128913598433e+04,3.865148442054785249e+00
1.065019131042630761e+04,3.865148471996562307e+00
1.065019133171663270e+04,3.865148501925965263e+00
1.065019135300695598e+04,3.865148531842997670e+00
1.065019137429727925e+04,3.865148561747648870e+00
1.065019139558760253e+04,3.865148591639925968e+00
1.065019141687792580e+04,3.865148621519828964e+00
1.065019143816824908e+04,3.865148651387361411e+00
1.065019145945857235e+04,3.865148681242516204e+00
1.065019148074889563e+04,3.865148711085293343e+00
1.065019150203921890e+04,3.865148740915696379e+00
1.065019152332954400e+04,3.865148770733725314e+00
1.065019154461986727e+04,3.865148800539380147e+00
1.065019156591019055e+04,3.865148830332653773e+00
1.065019158720051382e+04,3.865148860113549745e+00
1.065019160849083710e+04,3.865148889882071614e+00
1.065019162978116037e+04,3.865148919638219382e+00
1.065019165107148365e+04,3.865148949381993049e+00
1.065019167236180692e+04,3.865148979113381955e+00
1.065019169365213020e+04,3.865149008832400312e+00
1.065019171494245529e+04,3.865149038539033910e+00
1.065019173623277857e+04,3.865149068233296958e+00
1.065019175752310184e+04,3.865149097915182352e+00
1.065019177881342512e+04,3.865149127584686539e+00
1.065019180010374839e+04,3.865149157241816624e+00
1.065019182139407167e+04,3.865149186886565502e+00
1.065019184268439494e+04,3.865149216518936726e+00
1.065019186397471822e+04,3.865149246138930295e+00
1.065019188526504149e+04,3.865149275746542656e+00
1.065019190655536659e+04,3.865149305341784469e+00
1.065019192784568986e+04,3.865149334924641522e+00
1.065019194913601314e+04,3.865149364495120921e+00
1.065019197042633641e+04,3.865149394053219112e+00
1.065019199171665969e+04,3.865149423598939649e+00
1.065019201300698296e+04,3.865149453132278978e+00
1.065019203429730624e+04,3.865149482653237101e+00
1.065019205558762951e+04,3.865149512161817569e+00
1.065019207687795279e+04,3.865149541658016830e+00
1.065019209816827788e+04,3.865149571141841989e+00
1.065019211945860116e+04,3.865149600613278835e+00
1.065019214074892443e+04,3.865149630072341580e+00
1.065019216203924771e+04,3.865149659519016012e+00
1.065019218332957098e+04,3.865149688953319895e+00
1.065019220461989426e+04,3.865149718375235466e+00
1.065019222591021753e+04,3.865149747784766276e+00
1.065019224720054081e+04,3.865149777181926538e+00
1.065019226849086408e+04,3.865149806566694934e+00
1.065019228978118917e+04,3.865149835939092782e+00
1.065019231107151245e+04,3.865149865299102316e+00
1.065019233236183572e+04,3.865149894646727091e+00
1.065019235365215900e+04,3.865149923981974212e+00
1.065019237494248227e+04,3.865149953304836572e+00
1.065019239623280555e+04,3.865149982615317725e+00
1.065019241752312882e+04,3.865150011913417671e+00
1.065019243881345210e+04,3.865150041199132858e+00
1.065019246010377537e+04,3.865150070472470389e+00
1.065019248139410047e+04,3.865150099733412503e+00
1.065019250268442374e+04,3.865150128981984068e+00
1.065019252397474702e+04,3.865150158218167320e+00
1.065019254526507029e+04,3.865150187441965812e+00
1.065019256655539357e+04,3.865150216653375992e+00
1.065019258784571684e+04,3.865150245852412070e+00
1.065019260913604012e+04,3.865150275039056282e+00
1.065019263042636339e+04,3.865150304213319288e+00
1.065019265171668667e+04,3.865150333375197533e+00
1.065019267300701176e+04,3.865150362524694572e+00
1.065019269429733504e+04,3.865150391661803297e+00
1.065019271558765831e+04,3.865150420786530816e+00
1.065019273687798159e+04,3.865150449898870022e+00
1.065019275816830486e+04,3.865150478998824468e+00
1.065019277945862814e+04,3.865150508086394154e+00
1.065019280074895141e+04,3.865150537161571975e+00
1.065019282203927469e+04,3.865150566224375694e+00
1.065019284332959796e+04,3.865150595274780443e+00
1.065019286461992306e+04,3.865150624312807537e+00
1.065019288591024633e+04,3.865150653338449871e+00
1.065019290720056961e+04,3.865150682351707445e+00
1.065019292849089288e+04,3.865150711352569601e+00
1.065019294978121616e+04,3.865150740341050550e+00
1.065019297107153943e+04,3.865150769317143187e+00
1.065019299236186271e+04,3.865150798280847511e+00
1.065019301365218598e+04,3.865150827232167074e+00
1.065019303494250926e+04,3.865150856171101879e+00
1.065019305623283435e+04,3.865150885097644817e+00
1.065019307752315763e+04,3.865150914011802996e+00
1.065019309881348090e+04,3.865150942913572862e+00
1.065019312010380418e+04,3.865150971802950863e+00
1.065019314139412745e+04,3.865151000679944104e+00
1.065019316268445073e+04,3.865151029544552586e+00
1.065019318397477400e+04,3.865151058396765649e+00
1.065019320526509728e+04,3.865151087236597505e+00
1.065019322655542055e+04,3.865151116064033943e+00
1.065019324784574565e+04,3.865151144879085621e+00
1.065019326913606892e+04,3.865151173681745433e+00
1.065019329042639220e+04,3.865151202472016934e+00
1.065019331171671547e+04,3.865151231249900121e+00
1.065019333300703875e+04,3.865151260015394996e+00
1.065019335429736202e+04,3.865151288768498006e+00
1.065019337558768530e+04,3.865151317509209150e+00
1.065019339687800857e+04,3.865151346237528429e+00
1.065019341816833185e+04,3.865151374953462948e+00
1.065019343945865694e+04,3.865151403657009155e+00
1.065019346074898021e+04,3.865151432348159943e+00
1.065019348203930349e+04,3.865151461026922419e+00
1.065019350332962676e+04,3.865151489693293030e+00
1.065019352461995004e+04,3.865151518347271775e+00
1.065019354591027331e+04,3.865151546988862208e+00
1.065019356720059659e+04,3.865151575618064328e+00
1.065019358849091986e+04,3.865151604234867477e+00
1.065019360978124314e+04,3.865151632839278761e+00
1.065019363107156823e+04,3.865151661431301733e+00
1.065019365236189151e+04,3.865151690010932839e+00
1.065019367365221478e+04,3.865151718578172080e+00
1.065019369494253806e+04,3.865151747133019455e+00
1.065019371623286133e+04,3.865151775675474966e+00
1.065019373752318461e+04,3.865151804205535058e+00
1.065019375881350788e+04,3.865151832723203285e+00
1.065019378010383116e+04,3.865151861228479646e+00
1.065019380139415443e+04,3.865151889721364142e+00
1.065019382268447953e+04,3.865151918201853221e+00
1.065019384397480280e+04,3.865151946669950433e+00
1.065019386526512608e+04,3.865151975125652228e+00
1.065019388655544935e+04,3.865152003568965711e+00
1.065019390784577263e+04,3.865152031999876669e+00
1.065019392913609590e+04,3.865152060418395763e+00
1.065019395042641918e+04,3.865152088824526544e+00
1.065019397171674245e+04,3.865152117218254801e+00
1.065019399300706573e+04,3.865152145599598299e+00
1.065019401429739082e+04,3.865152173968542826e+00
1.065019403558771410e+04,3.865152202325091935e+00
1.065019405687803737e+04,3.865152230669245625e+00
1.065019407816836065e+04,3.865152259001003898e+00
1.065019409945868392e+04,3.865152287320366753e+00
1.065019412074900720e+04,3.865152315627337742e+00
1.065019414203933047e+04,3.865152343921906208e+00
1.065019416332965375e+04,3.865152372204086362e+00
1.065019418461997702e+04,3.865152400473871097e+00
1.065019420591030212e+04,3.865152428731256862e+00
1.065019422720062539e+04,3.865152456976243656e+00
1.065019424849094867e+04,3.865152485208842137e+00
1.065019426978127194e+04,3.865152513429038095e+00
1.065019429107159522e+04,3.865152541636842187e+00
1.065019431236191849e+04,3.865152569832243756e+00
1.065019433365224177e+04,3.865152598015246355e+00
1.065019435494256504e+04,3.865152626185857088e+00
1.065019437623288832e+04,3.865152654344072403e+00
1.065019439752321341e+04,3.865152682489888747e+00
1.065019441881353669e+04,3.865152710623306120e+00
1.065019444010385996e+04,3.865152738744324523e+00
1.065019446139418324e+04,3.865152766852947508e+00
1.065019448268450651e+04,3.865152794949167969e+00
1.065019450397482979e+04,3.865152823032993012e+00
1.065019452526515306e+04,3.865152851104422638e+00
1.065019454655547634e+04,3.865152879163449740e+00
1.065019456784579961e+04,3.865152907210081423e+00
1.065019458913612470e+04,3.865152935244314136e+00
1.065019461042644798e+04,3.865152963266147879e+00
1.065019463171677126e+04,3.865152991275582650e+00
1.065019465300709453e+04,3.865153019272614898e+00
1.065019467429741781e+04,3.865153047257248176e+00
1.065019469558774108e+04,3.865153075229486035e+00
1.065019471687806436e+04,3.865153103189324924e+00
1.065019473816838763e+04,3.865153131136757736e+00
1.065019475945871091e+04,3.865153159071795130e+00
1.065019478074903600e+04,3.865153186994433554e+00
1.065019480203935927e+04,3.865153214904665901e+00
1.065019482332968255e+04,3.865153242802499278e+00
1.065019484462000582e+04,3.865153270687937237e+00
1.065019486591032910e+04,3.865153298560965567e+00
1.065019488720065237e+04,3.865153326421598479e+00
1.065019490849097565e+04,3.865153354269832420e+00
1.065019492978129892e+04,3.865153382105663837e+00
1.065019495107162220e+04,3.865153409929092732e+00
1.065019497236194729e+04,3.865153437740122655e+00
1.065019499365227057e+04,3.865153465538750055e+00
1.065019501494259384e+04,3.865153493324971379e+00
1.065019503623291712e+04,3.865153521098793732e+00
1.065019505752324039e+04,3.865153548860213562e+00
1.065019507881356367e+04,3.865153576609230868e+00
1.065019510010388694e+04,3.865153604345849203e+00
1.065019512139421022e+04,3.865153632070057910e+00
1.065019514268453349e+04,3.865153659781871198e+00
1.065019516397485859e+04,3.865153687481274858e+00
1.065019518526518186e+04,3.865153715168279547e+00
1.065019520655550514e+04,3.865153742842885265e+00
1.065019522784582841e+04,3.865153770505077802e+00
1.065019524913615169e+04,3.865153798154871367e+00
1.065019527042647496e+04,3.865153825792262410e+00
1.065019529171679824e+04,3.865153853417250929e+00
1.065019531300712151e+04,3.865153881029826266e+00
1.065019533429744479e+04,3.865153908630009738e+00
1.065019535558776988e+04,3.865153936217783581e+00
1.065019537687809316e+04,3.865153963793158454e+00
1.065019539816841643e+04,3.865153991356120144e+00
1.065019541945873971e+04,3.865154018906682865e+00
1.065019544074906298e+04,3.865154046444839508e+00
1.065019546203938626e+04,3.865154073970582971e+00
1.065019548332970953e+04,3.865154101483934568e+00
1.065019550462003281e+04,3.865154128984876536e+00
1.065019552591035608e+04,3.865154156473408875e+00
1.065019554720068118e+04,3.865154183949535138e+00
1.065019556849100445e+04,3.865154211413262431e+00
1.065019558978132773e+04,3.865154238864580094e+00
1.065019561107165100e+04,3.865154266303491681e+00
1.065019563236197428e+04,3.865154293729997192e+00
1.065019565365229755e+04,3.865154321144096627e+00
1.065019567494262083e+04,3.865154348545786434e+00
1.065019569623294410e+04,3.865154375935073716e+00
1.065019571752326738e+04,3.865154403311954923e+00
1.065019573881359247e+04,3.865154430676430053e+00
1.065019576010391575e+04,3.865154458028495554e+00
1.065019578139423902e+04,3.865154485368151427e+00
1.065019580268456230e+04,3.865154512695397671e+00
1.065019582397488557e+04,3.865154540010244943e+00
1.065019584526520885e+04,3.865154567312679035e+00
1.065019586655553212e+04,3.865154594602703497e+00
1.065019588784585540e+04,3.865154621880325436e+00
1.065019590913617867e+04,3.865154649145534194e+00
1.065019593042650195e+04,3.865154676398336875e+00
1.065019595171682704e+04,3.865154703638733480e+00
1.065019597300715031e+04,3.865154730866720456e+00
1.065019599429747359e+04,3.865154758082294251e+00
1.065019601558779686e+04,3.865154785285465522e+00
1.065019603687812014e+04,3.865154812476223611e+00
1.065019605816844341e+04,3.865154839654575625e+00
1.065019607945876669e+04,3.865154866820518009e+00
1.065019610074908996e+04,3.865154893974043659e+00
1.065019612203941324e+04,3.865154921115166786e+00
1.065019614332973833e+04,3.865154948243883837e+00
1.065019616462006161e+04,3.865154975360180600e+00
1.065019618591038488e+04,3.865155002464071288e+00
1.065019620720070816e+04,3.865155029555555899e+00
1.065019622849103143e+04,3.865155056634623776e+00
1.065019624978135471e+04,3.865155083701285577e+00
1.065019627107167798e+04,3.865155110755537748e+00
1.065019629236200126e+04,3.865155137797373186e+00
1.065019631365232453e+04,3.865155164826806100e+00
1.065019633494264963e+04,3.865155191843825833e+00
1.065019635623297290e+04,3.865155218848432384e+00
1.065019637752329618e+04,3.865155245840629306e+00
1.065019639881361945e+04,3.865155272820409493e+00
1.065019642010394273e+04,3.865155299787776499e+00
1.065019644139426600e+04,3.865155326742737429e+00
1.065019646268458928e+04,3.865155353685288731e+00
1.065019648397491255e+04,3.865155380615423297e+00
1.065019650526523583e+04,3.865155407533144682e+00
1.065019652655556092e+04,3.865155434438459991e+00
1.065019654784588420e+04,3.865155461331358566e+00
1.065019656913620747e+04,3.865155488211840407e+00
1.065019659042653075e+04,3.865155515079912618e+00
1.065019661171685402e+04,3.865155541935571648e+00
1.065019663300717730e+04,3.865155568778821049e+00
1.065019665429750057e+04,3.865155595609653716e+00
1.065019667558782385e+04,3.865155622428073201e+00
1.065019669687814712e+04,3.865155649234079505e+00
1.065019671816847222e+04,3.865155676027672627e+00
1.065019673945879549e+04,3.865155702808849014e+00
1.065019676074911877e+04,3.865155729577615773e+00
1.065019678203944204e+04,3.865155756333969350e+00
1.065019680332976532e+04,3.865155783077909746e+00
1.065019682462008859e+04,3.865155809809426302e+00
1.065019684591041187e+04,3.865155836528533229e+00
1.065019686720073514e+04,3.865155863235226974e+00
1.065019688849105842e+04,3.865155889929503985e+00
1.065019690978138351e+04,3.865155916611367815e+00
1.065019693107170679e+04,3.865155943280818462e+00
1.065019695236203006e+04,3.865155969937848823e+00
1.065019697365235334e+04,3.865155996582466003e+00
1.065019699494267661e+04,3.865156023214670000e+00
1.065019701623299989e+04,3.865156049834453711e+00
1.065019703752332316e+04,3.865156076441820687e+00
1.065019705881364644e+04,3.865156103036774482e+00
1.065019708010396971e+04,3.865156129619311542e+00
1.065019710139429480e+04,3.865156156189435421e+00
1.065019712268461808e+04,3.865156182747139013e+00
1.065019714397494135e+04,3.865156209292425871e+00
1.065019716526526463e+04,3.865156235825299547e+00
1.065019718655558790e+04,3.865156262345752936e+00
1.065019720784591118e+04,3.865156288853789590e+00
1.065019722913623445e+04,3.865156315349405958e+00
1.065019725042655773e+04,3.865156341832612696e+00
1.065019727171688100e+04,3.865156368303399148e+00
1.065019729300720610e+04,3.865156394761768865e+00
1.065019731429752937e+04,3.865156421207718296e+00
1.065019733558785265e+04,3.865156447641250992e+00
1.065019735687817592e+04,3.865156474062363401e+00
1.065019737816849920e+04,3.865156500471062628e+00
1.065019739945882247e+04,3.865156526867338016e+00
1.065019742074914575e+04,3.865156553251200222e+00
1.065019744203946902e+04,3.865156579622638588e+00
1.065019746332979230e+04,3.865156605981660221e+00
1.065019748462011739e+04,3.865156632328265118e+00
1.065019750591044067e+04,3.865156658662446176e+00
1.065019752720076394e+04,3.865156684984214053e+00
1.065019754849108722e+04,3.865156711293558089e+00
1.065019756978141049e+04,3.865156737590485392e+00
1.065019759107173377e+04,3.865156763874992407e+00
1.065019761236205704e+04,3.865156790147079136e+00
1.065019763365238032e+04,3.865156816406742024e+00
1.065019765494270359e+04,3.865156842653995284e+00
1.065019767623302869e+04,3.865156868888817598e+00
1.065019769752335196e+04,3.865156895111226731e+00
1.065019771881367524e+04,3.865156921321212025e+00
1.065019774010399851e+04,3.865156947518773478e+00
1.065019776139432179e+04,3.865156973703918197e+00
1.065019778268464506e+04,3.865156999876642629e+00
1.065019780397496834e+04,3.865157026036946775e+00
1.065019782526529161e+04,3.865157052184830633e+00
1.065019784655561489e+04,3.865157078320290651e+00
1.065019786784593998e+04,3.865157104443333935e+00
1.065019788913626326e+04,3.865157130553946274e+00
1.065019791042658653e+04,3.865157156652141879e+00
1.065019793171690981e+04,3.865157182737917196e+00
1.065019795300723308e+04,3.865157208811268674e+00
1.065019797429755636e+04,3.865157234872199865e+00
1.065019799558787963e+04,3.865157260920703663e+00
1.065019801687820291e+04,3.865157286956790728e+00
1.065019803816852618e+04,3.865157312980453952e+00
1.065019805945885128e+04,3.865157338991696889e+00
1.065019808074917455e+04,3.865157364990512434e+00
1.065019810203949783e+04,3.865157390976904139e+00
1.065019812332982110e+04,3.865157416950875557e+00
1.065019814462014438e+04,3.865157442912423136e+00
1.065019816591046765e+04,3.865157468861546874e+00
1.065019818720079093e+04,3.865157494798250326e+00
1.065019820849111420e+04,3.865157520722526385e+00
1.065019822978143748e+04,3.865157546634378605e+00
1.065019825107176257e+04,3.865157572533814090e+00
1.065019827236208585e+04,3.865157598420815077e+00
1.065019829365240912e+04,3.865157624295395777e+00
1.065019831494273240e+04,3.865157650157556191e+00
1.065019833623305567e+04,3.865157676007285659e+00
1.065019835752337895e+04,3.865157701844594840e+00
1.065019837881370222e+04,3.865157727669476628e+00
1.065019840010402550e+04,3.865157753481938130e+00
1.065019842139434877e+04,3.865157779281968686e+00
1.065019844268467386e+04,3.865157805069578956e+00
1.065019846397499714e+04,3.865157830844761833e+00
1.065019848526532041e+04,3.865157856607513764e+00
1.065019850655564369e+04,3.865157882357848962e+00
1.065019852784596696e+04,3.865157908095753214e+00
1.065019854913629024e+04,3.865157933821233627e+00
1.065019857042661351e+04,3.865157959534286647e+00
1.065019859171693679e+04,3.865157985234912275e+00
1.065019861300726006e+04,3.865158010923117615e+00
1.065019863429758516e+04,3.865158036598892011e+00
1.065019865558790843e+04,3.865158062262242566e+00
1.065019867687823171e+04,3.865158087913162177e+00
1.065019869816855498e+04,3.865158113551654395e+00
1.065019871945887826e+04,3.865158139177726326e+00
1.065019874074920153e+04,3.865158164791363760e+00
1.065019876203952481e+04,3.865158190392577353e+00
1.065019878332984808e+04,3.865158215981363554e+00
1.065019880462017136e+04,3.865158241557725916e+00
1.065019882591049645e+04,3.865158267121653779e+00
1.065019884720081973e+04,3.865158292673161355e+00
1.065019886849114300e+04,3.865158318212234434e+00
1.065019888978146628e+04,3.865158343738880120e+00
1.065019891107178955e+04,3.865158369253098414e+00
1.065019893236211283e+04,3.865158394754889315e+00
1.065019895365243610e+04,3.865158420244249271e+00
1.065019897494275938e+04,3.865158445721188940e+00
1.065019899623308265e+04,3.865158471185694111e+00
1.065019901752340775e+04,3.865158496637768337e+00
1.065019903881373102e+04,3.865158522077418723e+00
1.065019906010405430e+04,3.865158547504631059e+00
1.065019908139437757e+04,3.865158572919419555e+00
1.065019910268470085e+04,3.865158598321780659e+00
1.065019912397502412e+04,3.865158623711710817e+00
1.065019914526534740e+04,3.865158649089210030e+00
1.065019916655567067e+04,3.865158674454281851e+00
1.065019918784599395e+04,3.865158699806919174e+00
1.065019920913631904e+04,3.865158725147129104e+00
1.065019923042664232e+04,3.865158750474911642e+00
1.065019925171696559e+04,3.865158775790263235e+00
1.065019927300728887e+04,3.865158801093183882e+00
1.065019929429761214e+04,3.865158826383666479e+00
1.065019931558793542e+04,3.865158851661725237e+00
1.065019933687825869e+04,3.865158876927349496e+00
1.065019935816858197e+04,3.865158902180549916e+00
1.065019937945890524e+04,3.865158927421312285e+00
1.065019940074923034e+04,3.865158952649647262e+00
1.065019942203955361e+04,3.865158977865547740e+00
1.065019944332987689e+04,3.865159003069017274e+00
1.065019946462020016e+04,3.865159028260055862e+00
1.065019948591052344e+04,3.865159053438659953e+00
1.065019950720084671e+04,3.865159078604833098e+00
1.065019952849116999e+04,3.865159103758582404e+00
1.065019954978149326e+04,3.865159128899893659e+00
1.065019957107181654e+04,3.865159154028763311e+00
1.065019959236214163e+04,3.865159179145216228e+00
1.065019961365246490e+04,3.865159204249227543e+00
1.065019963494278818e+04,3.865159229340804359e+00
1.065019965623311145e+04,3.865159254419953783e+00
1.065019967752343473e+04,3.865159279486668709e+00
1.065019969881375800e+04,3.865159304540945584e+00
1.065019972010408128e+04,3.865159329582795067e+00
1.065019974139440455e+04,3.865159354612210052e+00
1.065019976268472783e+04,3.865159379629186986e+00
1.065019978397505292e+04,3.865159404633736528e+00
1.065019980526537620e+04,3.865159429625848020e+00
1.065019982655569947e+04,3.865159454605528566e+00
1.065019984784602275e+04,3.865159479572778167e+00
1.065019986913634602e+04,3.865159504527582612e+00
1.065019989042666930e+04,3.865159529469959665e+00
1.065019991171699257e+04,3.865159554399902220e+00
1.065019993300731585e+04,3.865159579317410277e+00
1.065019995429763912e+04,3.865159604222480283e+00
1.065019997558796422e+04,3.865159629115122897e+00
1.065019999687828749e+04,3.865159653995320355e+00
1.065020001816861077e+04,3.865159678863093973e+00
1.065020003945893404e+04,3.865159703718422435e+00
1.065020006074925732e+04,3.865159728561319952e+00
1.065020008203958059e+04,3.865159753391782971e+00
1.065020010332990387e+04,3.865159778209807939e+00
1.065020012462022714e+04,3.865159803015398410e+00
1.065020014591055042e+04,3.865159827808550830e+00
1.065020016720087551e+04,3.865159852589268752e+00
1.065020018849119879e+04,3.865159877357552176e+00
1.065020020978152206e+04,3.865159902113397550e+00
1.065020023107184534e+04,3.865159926856801320e+00
1.065020025236216861e+04,3.865159951587774145e+00
1.065020027365249189e+04,3.865159976306308920e+00
1.065020029494281516e+04,3.865160001012405644e+00
1.065020031623313844e+04,3.865160025706067870e+00
1.065020033752346171e+04,3.865160050387292046e+00
1.065020035881378681e+04,3.865160075056081723e+00
1.065020038010411008e+04,3.865160099712429798e+00
1.065020040139443336e+04,3.865160124356343374e+00
1.065020042268475663e+04,3.865160148987815347e+00
1.065020044397507991e+04,3.865160173606856375e+00
1.065020046526540318e+04,3.865160198213452247e+00
1.065020048655572646e+04,3.865160222807610069e+00
1.065020050784604973e+04,3.865160247389333392e+00
1.065020052913637301e+04,3.865160271958618665e+00
1.065020055042669810e+04,3.865160296515465888e+00
1.065020057171702138e+04,3.865160321059871507e+00
1.065020059300734465e+04,3.865160345591839075e+00
1.065020061429766793e+04,3.865160370111372146e+00
1.065020063558799120e+04,3.865160394618463613e+00
1.065020065687831448e+04,3.865160419113113477e+00
1.065020067816863775e+04,3.865160443595328843e+00
1.065020069945896103e+04,3.865160468065102606e+00
1.065020072074928430e+04,3.865160492522434765e+00
1.065020074203960939e+04,3.865160516967332427e+00
1.065020076332993267e+04,3.865160541399788485e+00
1.065020078462025594e+04,3.865160565819799388e+00
1.065020080591057922e+04,3.865160590227375792e+00
1.065020082720090249e+04,3.865160614622510593e+00
1.065020084849122577e+04,3.865160639005207344e+00
1.065020086978154905e+04,3.865160663375458938e+00
1.065020089107187232e+04,3.865160687733268929e+00
1.065020091236219560e+04,3.865160712078644423e+00
1.065020093365252069e+04,3.865160736411578313e+00
1.065020095494284396e+04,3.865160760732070599e+00
1.065020097623316724e+04,3.865160785040121283e+00
1.065020099752349051e+04,3.865160809335730363e+00
1.065020101881381379e+04,3.865160833618897840e+00
1.065020104010413706e+04,3.865160857889623713e+00
1.065020106139446034e+04,3.865160882147907984e+00
1.065020108268478361e+04,3.865160906393750651e+00
1.065020110397510689e+04,3.865160930627158820e+00
1.065020112526543198e+04,3.865160954848118280e+00
1.065020114655575526e+04,3.865160979056639690e+00
1.065020116784607853e+04,3.865161003252712391e+00
1.065020118913640181e+04,3.865161027436343488e+00
1.065020121042672508e+04,3.865161051607532983e+00
1.065020123171704836e+04,3.865161075766284426e+00
1.065020125300737163e+04,3.865161099912594267e+00
1.065020127429769491e+04,3.865161124046451846e+00
1.065020129558801818e+04,3.865161148167874927e+00
1.065020131687834328e+04,3.865161172276852852e+00
1.065020133816866655e+04,3.865161196373385621e+00
1.065020135945898983e+04,3.865161220457480340e+00
1.065020138074931310e+04,3.865161244529122797e+00
1.065020140203963638e+04,3.865161268588327204e+00
1.065020142332995965e+04,3.865161292635090007e+00
1.065020144462028293e+04,3.865161316669404101e+00
1.065020146591060620e+04,3.865161340691276592e+00
1.065020148720092948e+04,3.865161364700707480e+00
1.065020150849125457e+04,3.865161388697693212e+00
1.065020152978157785e+04,3.865161412682233788e+00
1.065020155107190112e+04,3.865161436654329208e+00
1.065020157236222440e+04,3.865161460613983024e+00
1.065020159365254767e+04,3.865161484561191685e+00
1.065020161494287095e+04,3.865161508495944531e+00
1.065020163623319422e+04,3.865161532418266432e+00
1.065020165752351750e+04,3.865161556328136072e+00
1.065020167881384077e+04,3.865161580225564109e+00
1.065020170010416587e+04,3.865161604110550542e+00
1.065020172139448914e+04,3.865161627983084713e+00
1.065020174268481242e+04,3.865161651843173729e+00
1.065020176397513569e+04,3.865161675690821141e+00
1.065020178526545897e+04,3.865161699526016292e+00
1.065020180655578224e+04,3.865161723348769840e+00
1.065020182784610552e+04,3.865161747159078232e+00
1.065020184913642879e+04,3.865161770956937914e+00
1.065020187042675207e+04,3.865161794742352441e+00
1.065020189171707716e+04,3.865161818515325365e+00
1.065020191300740044e+04,3.865161842275849580e+00
1.065020193429772371e+04,3.865161866023921533e+00
1.065020195558804699e+04,3.865161889759551883e+00
1.065020197687837026e+04,3.865161913482733524e+00
1.065020199816869354e+04,3.865161937193466457e+00
1.065020201945901681e+04,3.865161960891750681e+00
1.065020204074934009e+04,3.865161984577596854e+00
1.065020206203966336e+04,3.865162008250987213e+00
1.065020208332998845e+04,3.865162031911935969e+00
1.065020210462031173e+04,3.865162055560436016e+00
1.065020212591063500e+04,3.865162079196480249e+00
1.065020214720095828e+04,3.865162102820082879e+00
1.065020216849128155e+04,3.865162126431240353e+00
1.065020218978160483e+04,3.865162150029945565e+00
1.065020221107192810e+04,3.865162173616202068e+00
1.065020223236225138e+04,3.865162197190013416e+00
1.065020225365257465e+04,3.865162220751368949e+00
1.065020227494289975e+04,3.865162244300286432e+00
1.065020229623322302e+04,3.865162267836748100e+00
1.065020231752354630e+04,3.865162291360761060e+00
1.065020233881386957e+04,3.865162314872332416e+00
1.065020236010419285e+04,3.865162338371447959e+00
1.065020238139451612e+04,3.865162361858114792e+00
1.065020240268483940e+04,3.865162385332332917e+00
1.065020242397516267e+04,3.865162408794098781e+00
1.065020244526548595e+04,3.865162432243419488e+00
1.065020246655581104e+04,3.865162455680287934e+00
1.065020248784613432e+04,3.865162479104707671e+00
1.065020250913645759e+04,3.865162502516678700e+00
1.065020253042678087e+04,3.865162525916201020e+00
1.065020255171710414e+04,3.865162549303263972e+00
1.065020257300742742e+04,3.865162572677885322e+00
1.065020259429775069e+04,3.865162596040057963e+00
1.065020261558807397e+04,3.865162619389774790e+00
1.065020263687839724e+04,3.865162642727039355e+00
1.065020265816872234e+04,3.865162666051858764e+00
1.065020267945904561e+04,3.865162689364222359e+00
1.065020270074936889e+04,3.865162712664140798e+00
1.065020272203969216e+04,3.865162735951603423e+00
1.065020274333001544e+04,3.865162759226613787e+00
1.065020276462033871e+04,3.865162782489175441e+00
1.065020278591066199e+04,3.865162805739281282e+00
1.065020280720098526e+04,3.865162828976941967e+00
1.065020282849130854e+04,3.865162852202146837e+00
1.065020284978163363e+04,3.865162875414899446e+00
1.065020287107195691e+04,3.865162898615206899e+00
1.065020289236228018e+04,3.865162921803054985e+00
1.065020291365260346e+04,3.865162944978454362e+00
1.065020293494292673e+04,3.865162968141397926e+00
1.065020295623325001e+04,3.865162991291892780e+00
1.065020297752357328e+04,3.865163014429931820e+00
1.065020299881389656e+04,3.865163037555515047e+00
1.065020302010421983e+04,3.865163060668653117e+00
1.065020304139454493e+04,3.865163083769335373e+00
1.065020306268486820e+04,3.865163106857565367e+00
1.065020308397519148e+04,3.865163129933343100e+00
1.065020310526551475e+04,3.865163152996661466e+00
1.065020312655583803e+04,3.865163176047531124e+00
1.065020314784616130e+04,3.865163199085948520e+00
1.065020316913648458e+04,3.865163222111906549e+00
1.065020319042680785e+04,3.865163245125412317e+00
1.065020321171713113e+04,3.865163268126469376e+00
1.065020323300745622e+04,3.865163291115070621e+00
1.065020325429777949e+04,3.865163314091219604e+00
1.065020327558810277e+04,3.865163337054905668e+00
1.065020329687842604e+04,3.865163360006139470e+00
1.065020331816874932e+04,3.865163382944924564e+00
1.065020333945907259e+04,3.865163405871250291e+00
1.065020336074939587e+04,3.865163428785123756e+00
1.065020338203971914e+04,3.865163451686548512e+00
1.065020340333004242e+04,3.865163474575510349e+00
1.065020342462036751e+04,3.865163497452016372e+00
1.065020344591069079e+04,3.865163520316070134e+00
1.065020346720101406e+04,3.865163543167668081e+00
1.065020348849133734e+04,3.865163566006810214e+00
1.065020350978166061e+04,3.865163588833496533e+00
1.065020353107198389e+04,3.865163611647727038e+00
1.065020355236230716e+04,3.865163634449501728e+00
1.065020357365263044e+04,3.865163657238824158e+00
1.065020359494295371e+04,3.865163680015683667e+00
1.065020361623327881e+04,3.865163702780098021e+00
1.065020363752360208e+04,3.865163725532042349e+00
1.065020365881392536e+04,3.865163748271541522e+00
1.065020368010424863e+04,3.865163770998574222e+00
1.065020370139457191e+04,3.865163793713161766e+00
1.065020372268489518e+04,3.865163816415286391e+00
1.065020374397521846e+04,3.865163839104948096e+00
1.065020376526554173e+04,3.865163861782164645e+00
1.065020378655586501e+04,3.865163884446914722e+00
1.065020380784619010e+04,3.865163907099216090e+00
1.065020382913651338e+04,3.865163929739054538e+00
1.065020385042683665e+04,3.865163952366433620e+00
1.065020387171715993e+04,3.865163974981363992e+00
1.065020389300748320e+04,3.865163997583827893e+00
1.065020391429780648e+04,3.865164020173835979e+00
1.065020393558812975e+04,3.865164042751384699e+00
1.065020395687845303e+04,3.865164065316481157e+00
1.065020397816877630e+04,3.865164087869118248e+00
1.065020399945910140e+04,3.865164110409299525e+00
1.065020402074942467e+04,3.865164132937014330e+00
1.065020404203974795e+04,3.865164155452273320e+00
1.065020406333007122e+04,3.865164177955076497e+00
1.065020408462039450e+04,3.865164200445416753e+00
1.065020410591071777e+04,3.865164222923301196e+00
1.065020412720104105e+04,3.865164245388722719e+00
1.065020414849136432e+04,3.865164267841695533e+00
1.065020416978168760e+04,3.865164290282194770e+00
1.065020419107201269e+04,3.865164312710248851e+00
1.065020421236233597e+04,3.865164335125832906e+00
1.065020423365265924e+04,3.865164357528968253e+00
1.065020425494298252e+04,3.865164379919633575e+00
1.065020427623330579e+04,3.865164402297846635e+00
1.065020429752362907e+04,3.865164424663593223e+00
1.065020431881395234e+04,3.865164447016880445e+00
1.065020434010427562e+04,3.865164469357711852e+00
1.065020436139459889e+04,3.865164491686080339e+00
1.065020438268492398e+04,3.865164514001993012e+00
1.065020440397524726e+04,3.865164536305442766e+00
1.065020442526557053e+04,3.865164558596429600e+00
1.065020444655589381e+04,3.865164580874957068e+00
1.065020446784621709e+04,3.865164603141025168e+00
1.065020448913654036e+04,3.865164625394630349e+00
1.065020451042686364e+04,3.865164647635772610e+00
1.065020453171718691e+04,3.865164669864459057e+00
1.065020455300751019e+04,3.865164692080686137e+00
1.065020457429783528e+04,3.865164714284446745e+00
1.065020459558815855e+04,3.865164736475747986e+00
1.065020461687848183e+04,3.865164758654582755e+00
1.065020463816880510e+04,3.865164780820961710e+00
1.065020465945912838e+04,3.865164802974874192e+00
1.065020468074945165e+04,3.865164825116327307e+00
1.065020470203977493e+04,3.865164847245317503e+00
1.065020472333009820e+04,3.865164869361848332e+00
1.065020474462042148e+04,3.865164891465916241e+00
1.065020476591074657e+04,3.865164913557524784e+00
1.065020478720106985e+04,3.865164935636663301e+00
1.065020480849139312e+04,3.865164957703342452e+00
1.065020482978171640e+04,3.865164979757562236e+00
1.065020485107203967e+04,3.865165001799319100e+00
1.065020487236236295e+04,3.865165023828605939e+00
1.065020489365268622e+04,3.865165045845433411e+00
1.065020491494300950e+04,3.865165067849797964e+00
1.065020493623333277e+04,3.865165089841706703e+00
1.065020495752365787e+04,3.865165111821145416e+00
1.065020497881398114e+04,3.865165133788121210e+00
1.065020500010430442e+04,3.865165155742634084e+00
1.065020502139462769e+04,3.865165177684680486e+00
1.065020504268495097e+04,3.865165199614263969e+00
1.065020506397527424e+04,3.865165221531388084e+00
1.065020508526559752e+04,3.865165243436042175e+00
1.065020510655592079e+04,3.865165265328229793e+00
1.065020512784624407e+04,3.865165287207958045e+00
1.065020514913656916e+04,3.865165309075226929e+00
1.065020517042689244e+04,3.865165330930025789e+00
1.065020519171721571e+04,3.865165352772365281e+00
1.065020521300753899e+04,3.862539389877369445e+00
1.065020523429786226e+04,3.862539403070911703e+00
1.065020525558818554e+04,3.862539416262269043e+00
1.065020527687850881e+04,3.862539429451434358e+00
1.065020529816883209e+04,3.862539442638425413e+00
1.065020531945915536e+04,3.862539455823213785e+00
1.065020534074948046e+04,3.862539469005831450e+00
1.065020536203980373e+04,3.862539482186253537e+00
1.065020538333012701e+04,3.862539495364490705e+00
1.065020540462045028e+04,3.862539508540539401e+00
1.065020542591077356e+04,3.862539521714403179e+00
1.065020544720109683e+04,3.862539534886078485e+00
1.065020546849142011e+04,3.862539548055568872e+00
1.065020548978174338e+04,3.862539561222870788e+00
1.065020551107206666e+04,3.862539574387991337e+00
1.065020553236239175e+04,3.862539587550919862e+00
1.065020555365271503e+04,3.862539600711659915e+00
1.065020557494303830e+04,3.862539613870215049e+00
1.065020559623336158e+04,3.862539627026581712e+00
1.065020561752368485e+04,3.862539640180759903e+00
1.065020563881400813e+04,3.862539653332756728e+00
1.065020566010433140e+04,3.862539666482565082e+00
1.065020568139465468e+04,3.862539679630181411e+00
1.065020570268497795e+04,3.862539692775619926e+00
1.065020572397530304e+04,3.862539705918862865e+00
1.065020574526562632e+04,3.862539719059920884e+00
1.065020576655594959e+04,3.862539732198786879e+00
1.065020578784627287e+04,3.862539745335467956e+00
1.065020580913659614e+04,3.862539758469967666e+00
1.065020583042691942e+04,3.862539771602275351e+00
1.065020585171724269e+04,3.862539784732394565e+00
1.065020587300756597e+04,3.862539797860325308e+00
1.065020589429788924e+04,3.862539810986067579e+00
1.065020591558821434e+04,3.862539824109628483e+00
1.065020593687853761e+04,3.862539837230993811e+00
1.065020595816886089e+04,3.862539850350177772e+00
1.065020597945918416e+04,3.862539863467169710e+00
1.065020600074950744e+04,3.862539876581976728e+00
1.065020602203983071e+04,3.862539889694591722e+00
1.065020604333015399e+04,3.862539902805018244e+00
1.065020606462047726e+04,3.862539915913263400e+00
1.065020608591080054e+04,3.862539929019312979e+00
1.065020610720112563e+04,3.862539942123184744e+00
1.065020612849144891e+04,3.862539955224860933e+00
1.065020614978177218e+04,3.862539968324352202e+00
1.065020617107209546e+04,3.862539981421651447e+00
1.065020619236241873e+04,3.862539994516762221e+00
1.065020621365274201e+04,3.862540007609684523e+00
1.065020623494306528e+04,3.862540020700421906e+00
1.065020625623338856e+04,3.862540033788970817e+00
1.065020627752371183e+04,3.862540046875327704e+00
1.065020629881403693e+04,3.862540059959503225e+00
1.065020632010436020e+04,3.862540073041483168e+00
1.065020634139468348e+04,3.862540086121278193e+00
1.065020636268500675e+04,3.862540099198884747e+00
1.065020638397533003e+04,3.862540112274299275e+00
1.065020640526565330e+04,3.862540125347525333e+00
1.065020642655597658e+04,3.862540138418562918e+00
1.065020644784629985e+04,3.862540151487415585e+00
1.065020646913662313e+04,3.862540164554076227e+00
1.065020649042694822e+04,3.862540177618544845e+00
1.065020651171727150e+04,3.862540190680828545e+00
1.065020653300759477e+04,3.862540203740927325e+00
1.065020655429791805e+04,3.862540216798834081e+00
1.065020657558824132e+04,3.862540229854548812e+00
1.065020659687856460e+04,3.862540242908078625e+00
1.065020661816888787e+04,3.862540255959416413e+00
1.065020663945921115e+04,3.862540269008565730e+00
1.065020666074953442e+04,3.862540282055523022e+00
1.065020668203985952e+04,3.862540295100295396e+00
1.065020670333018279e+04,3.862540308142882850e+00
1.065020672462050607e+04,3.862540321183271175e+00
1.065020674591082934e+04,3.862540334221474581e+00
1.065020676720115262e+04,3.862540347257485962e+00
1.065020678849147589e+04,3.862540360291308872e+00
1.065020680978179917e+04,3.862540373322946863e+00
1.065020683107212244e+04,3.862540386352392829e+00
1.065020685236244572e+04,3.862540399379646772e+00
1.065020687365277081e+04,3.862540412404715795e+00
1.065020689494309408e+04,3.862540425427589241e+00
1.065020691623341736e+04,3.862540438448277769e+00
1.065020693752374063e+04,3.862540451466770719e+00
1.065020695881406391e+04,3.862540464483082303e+00
1.065020698010438718e+04,3.862540477497194757e+00
1.065020700139471046e+04,3.862540490509122293e+00
1.065020702268503373e+04,3.862540503518861357e+00
1.065020704397535701e+04,3.862540516526408396e+00
1.065020706526568210e+04,3.862540529531766964e+00
1.065020708655600538e+04,3.862540542534933508e+00
1.065020710784632865e+04,3.862540555535915132e+00
1.065020712913665193e+04,3.862540568534697627e+00
1.065020715042697520e+04,3.862540581531298756e+00
1.065020717171729848e+04,3.862540594525707860e+00
1.065020719300762175e+04,3.862540607517921387e+00
1.065020721429794503e+04,3.862540620507946443e+00
1.065020723558826830e+04,3.862540633495786579e+00
1.065020725687859340e+04,3.862540646481431139e+00
1.065020727816891667e+04,3.862540659464883674e+00
1.065020729945923995e+04,3.862540672446151291e+00
1.065020732074956322e+04,3.862540685425226883e+00
1.065020734203988650e+04,3.862540698402110451e+00
1.065020736333020977e+04,3.862540711376805547e+00
1.065020738462053305e+04,3.862540724349305066e+00
1.065020740591085632e+04,3.862540737319619666e+00
1.065020742720117960e+04,3.862540750287742242e+00
1.065020744849150469e+04,3.862540763253672793e+00
1.065020746978182797e+04,3.862540776217407767e+00
1.065020749107215124e+04,3.862540789178961376e+00
1.065020751236247452e+04,3.862540802138322960e+00
1.065020753365279779e+04,3.862540815095485414e+00
1.065020755494312107e+04,3.862540828050466502e+00
1.065020757623344434e+04,3.862540841003248460e+00
1.065020759752376762e+04,3.862540853953845499e+00
1.065020761881409089e+04,3.862540866902246961e+00
1.065020764010441599e+04,3.862540879848459952e+00
1.065020766139473926e+04,3.862540892792480918e+00
1.065020768268506254e+04,3.862540905734309860e+00
1.065020770397538581e+04,3.862540918673946777e+00
1.065020772526570909e+04,3.862540931611395223e+00
1.065020774655603236e+04,3.862540944546651644e+00
1.065020776784635564e+04,3.862540957479719594e+00
1.065020778913667891e+04,3.862540970410588415e+00
1.065020781042700219e+04,3.862540983339275869e+00
1.065020783171732546e+04,3.862540996265764193e+00
1.065020785300765056e+04,3.862541009190060493e+00
1.065020787429797383e+04,3.862541022112171873e+00
1.065020789558829711e+04,3.862541035032084125e+00
1.065020791687862038e+04,3.862541047949811457e+00
1.065020793816894366e+04,3.862541060865343212e+00
1.065020795945926693e+04,3.862541073778682943e+00
1.065020798074959021e+04,3.862541086689830649e+00
1.065020800203991348e+04,3.862541099598789884e+00
1.065020802333023676e+04,3.862541112505557095e+00
1.065020804462056185e+04,3.862541125410128728e+00
1.065020806591088513e+04,3.862541138312508338e+00
1.065020808720120840e+04,3.862541151212699475e+00
1.065020810849153168e+04,3.862541164110695036e+00
1.065020812978185495e+04,3.862541177006502124e+00
1.065020815107217823e+04,3.862541189900113636e+00
1.065020817236250150e+04,3.862541202791536676e+00
1.065020819365282478e+04,3.862541215680760587e+00
1.065020821494314805e+04,3.862541228567799578e+00
1.065020823623347314e+04,3.862541241452646545e+00
1.065020825752379642e+04,3.862541254335301488e+00
1.065020827881411969e+04,3.862541267215760854e+00
1.065020830010444297e+04,3.862541280094024643e+00
1.065020832139476624e+04,3.862541292970096407e+00
1.065020834268508952e+04,3.862541305843983253e+00
1.065020836397541279e+04,3.862541318715667416e+00
1.065020838526573607e+04,3.862541331585170212e+00
1.065020840655605934e+04,3.862541344452473879e+00
1.065020842784638444e+04,3.862541357317585522e+00
1.065020844913670771e+04,3.862541370180508693e+00
1.065020847042703099e+04,3.862541383041232734e+00
1.065020849171735426e+04,3.862541395899764751e+00
1.065020851300767754e+04,3.862541408756104744e+00
1.065020853429800081e+04,3.862541421610256265e+00
1.065020855558832409e+04,3.862541434462212209e+00
1.065020857687864736e+04,3.862541447311972576e+00
1.065020859816897064e+04,3.862541460159540918e+00
1.065020861945929573e+04,3.862541473004917236e+00
1.065020864074961901e+04,3.862541485848101530e+00
1.065020866203994228e+04,3.862541498689093800e+00
1.065020868333026556e+04,3.862541511527886939e+00
1.065020870462058883e+04,3.862541524364491607e+00
1.065020872591091211e+04,3.862541537198904251e+00
1.065020874720123538e+04,3.862541550031121318e+00
1.065020876849155866e+04,3.862541562861146360e+00
1.065020878978188193e+04,3.862541575688975826e+00
1.065020881107220703e+04,3.862541588514613267e+00
1.065020883236253030e+04,3.862541601338058683e+00
1.065020885365285358e+04,3.862541614159308523e+00
1.065020887494317685e+04,3.862541626978366338e+00
1.065020889623350013e+04,3.862541639795225024e+00
1.065020891752382340e+04,3.862541652609898790e+00
1.065020893881414668e+04,3.862541665422373427e+00
1.065020896010446995e+04,3.862541678232652487e+00
1.065020898139479323e+04,3.862541691040746628e+00
1.065020900268511832e+04,3.862541703846638086e+00
1.065020902397544160e+04,3.862541716650341073e+00
1.065020904526576487e+04,3.862541729451852035e+00
1.065020906655608815e+04,3.862541742251163868e+00
1.065020908784641142e+04,3.862541755048280123e+00
1.065020910913673470e+04,3.862541767843207907e+00
1.065020913042705797e+04,3.862541780635940114e+00
1.065020915171738125e+04,3.862541793426476744e+00
1.065020917300770452e+04,3.862541806214817797e+00
1.065020919429802962e+04,3.862541819000970378e+00
1.065020921558835289e+04,3.862541831784927382e+00
1.065020923687867617e+04,3.862541844566685256e+00
1.065020925816899944e+04,3.862541857346254659e+00
1.065020927945932272e+04,3.862541870123628485e+00
1.065020930074964599e+04,3.862541882898799628e+00
1.065020932203996927e+04,3.862541895671785852e+00
1.065020934333029254e+04,3.862541908442576499e+00
1.065020936462061582e+04,3.862541921211171569e+00
1.065020938591094091e+04,3.862541933977571063e+00
1.065020940720126418e+04,3.862541946741774979e+00
1.065020942849158746e+04,3.862541959503790423e+00
1.065020944978191073e+04,3.862541972263603185e+00
1.065020947107223401e+04,3.862541985021220370e+00
1.065020949236255728e+04,3.862541997776652636e+00
1.065020951365288056e+04,3.862542010529885772e+00
1.065020953494320383e+04,3.862542023280923331e+00
1.065020955623352711e+04,3.862542036029768866e+00
1.065020957752385220e+04,3.862542048776415271e+00
1.065020959881417548e+04,3.862542061520866099e+00
1.065020962010449875e+04,3.862542074263128455e+00
1.065020964139482203e+04,3.862542087003188129e+00
1.065020966268514530e+04,3.862542099741059332e+00
1.065020968397546858e+04,3.862542112476727851e+00
1.065020970526579185e+04,3.862542125210207899e+00
1.065020972655611513e+04,3.862542137941485265e+00
1.065020974784643840e+04,3.862542150670577712e+00
1.065020976913676350e+04,3.862542163397471029e+00
1.065020979042708677e+04,3.862542176122165216e+00
1.065020981171741005e+04,3.862542188844670932e+00
1.065020983300773332e+04,3.862542201564973965e+00
1.065020985429805660e+04,3.862542214283084974e+00
1.065020987558837987e+04,3.862542226999000405e+00
1.065020989687870315e+04,3.862542239712720260e+00
1.065020991816902642e+04,3.862542252424244538e+00
1.065020993945934970e+04,3.862542265133573238e+00
1.065020996074967479e+04,3.862542277840709914e+00
1.065020998203999807e+04,3.862542290545647461e+00
1.065021000333032134e+04,3.862542303248389430e+00
1.065021002462064462e+04,3.862542315948932270e+00
1.065021004591096789e+04,3.862542328647286638e+00
1.065021006720129117e+04,3.862542341343441876e+00
1.065021008849161444e+04,3.862542354037405090e+00
1.065021010978193772e+04,3.862542366729162069e+00
1.065021013107226099e+04,3.862542379418730576e+00
1.065021015236258609e+04,3.862542392106099953e+00
1.065021017365290936e+04,3.862542404791277306e+00
1.065021019494323264e+04,3.862542417474251977e+00
1.065021021623355591e+04,3.862542430155038176e+00
1.065021023752387919e+04,3.862542442833621692e+00
1.065021025881420246e+04,3.862542455510016737e+00
1.065021028010452574e+04,3.862542468184209099e+00
1.065021030139484901e+04,3.862542480856205884e+00
1.065021032268517229e+04,3.862542493526007092e+00
1.065021034397549738e+04,3.862542506193616276e+00
1.065021036526582066e+04,3.862542518859022778e+00
1.065021038655614393e+04,3.862542531522237255e+00
1.065021040784646721e+04,3.862542544183252602e+00
1.065021042913679048e+04,3.862542556842068819e+00
1.065021045042711376e+04,3.862542569498693013e+00
1.065021047171743703e+04,3.862542582153118076e+00
1.065021049300776031e+04,3.862542594805351115e+00
1.065021051429808358e+04,3.862542607455385024e+00
1.065021053558840867e+04,3.862542620103219804e+00
1.065021055687873195e+04,3.862542632748859006e+00
1.065021057816905522e+04,3.862542645392302632e+00
1.065021059945937850e+04,3.862542658033550680e+00
1.065021062074970177e+04,3.862542670672603151e+00
1.065021064204002505e+04,3.862542683309449387e+00
1.065021066333034832e+04,3.862542695944107152e+00
1.065021068462067160e+04,3.862542708576565786e+00
1.065021070591099488e+04,3.862542721206825291e+00
1.065021072720131997e+04,3.862542733834889219e+00
1.065021074849164324e+04,3.862542746460757570e+00
1.065021076978196652e+04,3.862542759084430344e+00
1.065021079107228979e+04,3.862542771705900435e+00
1.065021081236261307e+04,3.862542784325178502e+00
1.065021083365293634e+04,3.862542796942250334e+00
1.065021085494325962e+04,3.862542809557140799e+00
1.065021087623358289e+04,3.862542822169817924e+00
1.065021089752390617e+04,3.862542834780306578e+00
1.065021091881423126e+04,3.862542847388599654e+00
1.065021094010455454e+04,3.862542859994686495e+00
1.065021096139487781e+04,3.862542872598581312e+00
1.065021098268520109e+04,3.862542885200276999e+00
1.065021100397552436e+04,3.862542897799773556e+00
1.065021102526584764e+04,3.862542910397078089e+00
1.065021104655617091e+04,3.862542922992179939e+00
1.065021106784649419e+04,3.862542935585086212e+00
1.065021108913681746e+04,3.862542948175793356e+00
1.065021111042714256e+04,3.862542960764304922e+00
1.065021113171746583e+04,3.862542973350617359e+00
1.065021115300778911e+04,3.862542985934734219e+00
1.065021117429811238e+04,3.862542998516648396e+00
1.065021119558843566e+04,3.862543011096366996e+00
1.065021121687875893e+04,3.862543023673886466e+00
1.065021123816908221e+04,3.862543036249210360e+00
1.065021125945940548e+04,3.862543048822335123e+00
1.065021128074972876e+04,3.862543061393264310e+00
1.065021130204005385e+04,3.862543073961987261e+00
1.065021132333037713e+04,3.862543086528521741e+00
1.065021134462070040e+04,3.862543099092849985e+00
1.065021136591102368e+04,3.862543111654982653e+00
1.065021138720134695e+04,3.862543124214916190e+00
1.065021140849167023e+04,3.862543136772650598e+00
1.065021142978199350e+04,3.862543149328192982e+00
1.065021145107231678e+04,3.862543161881536236e+00
1.065021147236264005e+04,3.862543174432676807e+00
1.065021149365296515e+04,3.862543186981618248e+00
1.065021151494328842e+04,3.862543199528360560e+00
1.065021153623361170e+04,3.862543212072910848e+00
1.065021155752393497e+04,3.862543224615254900e+00
1.065021157881425825e+04,3.862543237155403375e+00
1.065021160010458152e+04,3.862543249693352720e+00
1.065021162139490480e+04,3.862543262229106489e+00
1.065021164268522807e+04,3.862543274762654022e+00
1.065021166397555135e+04,3.862543287294009531e+00
1.065021168526587644e+04,3.862543299823162357e+00
1.065021170655619972e+04,3.862543312350119606e+00
1.065021172784652299e+04,3.862543324874874173e+00
1.065021174913684627e+04,3.862543337397429610e+00
1.065021177042716954e+04,3.862543349917785918e+00
1.065021179171749282e+04,3.862543362435950201e+00
1.065021181300781609e+04,3.862543374951908248e+00
1.065021183429813937e+04,3.862543387465670719e+00
1.065021185558846264e+04,3.862543399977237613e+00
1.065021187687878773e+04,3.862543412486594718e+00
1.065021189816911101e+04,3.862543424993756247e+00
1.065021191945943428e+04,3.862543437498725751e+00
1.065021194074975756e+04,3.862543450001485468e+00
1.065021196204008083e+04,3.862543462502049607e+00
1.065021198333040411e+04,3.862543475000418169e+00
1.065021200462072738e+04,3.862543487496580497e+00
1.065021202591105066e+04,3.862543499990550799e+00
1.065021204720137393e+04,3.862543512482314867e+00
1.065021206849169903e+04,3.862543524971883357e+00
1.065021208978202230e+04,3.862543537459252718e+00
1.065021211107234558e+04,3.862543549944422949e+00
1.065021213236266885e+04,3.862543562427386945e+00
1.065021215365299213e+04,3.862543574908158917e+00
1.065021217494331540e+04,3.862543587386728206e+00
1.065021219623363868e+04,3.862543599863091259e+00
1.065021221752396195e+04,3.862543612337265841e+00
1.065021223881428523e+04,3.862543624809237741e+00
1.065021226010461032e+04,3.862543637278999853e+00
1.065021228139493360e+04,3.862543649746573493e+00
1.065021230268525687e+04,3.862543662211940898e+00
1.065021232397558015e+04,3.862543674675109173e+00
1.065021234526590342e+04,3.862543687136078319e+00
1.065021236655622670e+04,3.862543699594844782e+00
1.065021238784654997e+04,3.862543712051412115e+00
1.065021240913687325e+04,3.862543724505783871e+00
1.065021243042719652e+04,3.862543736957945839e+00
1.065021245171752162e+04,3.862543749407919336e+00
1.065021247300784489e+04,3.862543761855683044e+00
1.065021249429816817e+04,3.862543774301254729e+00
1.065021251558849144e+04,3.862543786744616625e+00
1.065021253687881472e+04,3.862543799185782945e+00
1.065021255816913799e+04,3.862543811624750134e+00
1.065021257945946127e+04,3.862543824061514641e+00
1.065021260074978454e+04,3.862543836496076466e+00
1.065021262204010782e+04,3.862543848928442713e+00
1.065021264333043291e+04,3.862543861358599173e+00
1.065021266462075619e+04,3.862543873786560056e+00
1.065021268591107946e+04,3.862543886212328914e+00
1.065021270720140274e+04,3.862543898635884432e+00
1.065021272849172601e+04,3.862543911057244372e+00
1.065021274978204929e+04,3.862543923476405183e+00
1.065021277107237256e+04,3.862543935893359759e+00
1.065021279236269584e+04,3.862543948308118757e+00
1.065021281365301911e+04,3.862543960720671521e+00
1.065021283494334421e+04,3.862543973131028707e+00
1.065021285623366748e+04,3.862543985539183211e+00
1.065021287752399076e+04,3.862543997945131480e+00
1.065021289881431403e+04,3.862544010348884171e+00
1.065021292010463731e+04,3.862544022750434181e+00
1.065021294139496058e+04,3.862544035149785060e+00
1.065021296268528386e+04,3.862544047546929704e+00
1.065021298397560713e+04,3.862544059941875219e+00
1.065021300526593041e+04,3.862544072334625156e+00
1.065021302655625550e+04,3.862544084725161753e+00
1.065021304784657877e+04,3.862544097113502772e+00
1.065021306913690205e+04,3.862544109499648215e+00
1.065021309042722532e+04,3.862544121883583870e+00
1.065021311171754860e+04,3.862544134265320395e+00
1.065021313300787187e+04,3.862544146644857790e+00
1.065021315429819515e+04,3.862544159022192503e+00
1.065021317558851842e+04,3.862544171397324533e+00
1.065021319687884170e+04,3.862544183770253881e+00
1.065021321816916679e+04,3.862544196140984099e+00
1.065021323945949007e+04,3.862544208509511634e+00
1.065021326074981334e+04,3.862544220875836487e+00
1.065021328204013662e+04,3.862544233239958658e+00
1.065021330333045989e+04,3.862544245601881698e+00
1.065021332462078317e+04,3.862544257961594951e+00
1.065021334591110644e+04,3.862544270319112627e+00
1.065021336720142972e+04,3.862544282674434726e+00
1.065021338849175299e+04,3.862544295027543484e+00
1.065021340978207809e+04,3.862544307378456665e+00
1.065021343107240136e+04,3.862544319727163611e+00
1.065021345236272464e+04,3.862544332073671427e+00
1.065021347365304791e+04,3.862544344417976561e+00
1.065021349494337119e+04,3.862544356760079012e+00
1.065021351623369446e+04,3.862544369099975228e+00
1.065021353752401774e+04,3.862544381437675867e+00
1.065021355881434101e+04,3.862544393773170270e+00
1.065021358010466429e+04,3.862544406106465544e+00
1.065021360139498938e+04,3.862544418437551030e+00
1.065021362268531266e+04,3.862544430766437387e+00
1.065021364397563593e+04,3.862544443093128166e+00
1.065021366526595921e+04,3.862544455417609157e+00
1.065021368655628248e+04,3.862544467739883913e+00
1.065021370784660576e+04,3.862544480059966645e+00
1.065021372913692903e+04,3.862544492377839589e+00
1.065021375042725231e+04,3.862544504693509850e+00
1.065021377171757558e+04,3.862544517006977429e+00
1.065021379300790068e+04,3.862544529318245878e+00
1.065021381429822395e+04,3.862544541627308092e+00
1.065021383558854723e+04,3.862544553934171176e+00
1.065021385687887050e+04,3.862544566238820920e+00
1.065021387816919378e+04,3.862544578541278639e+00
1.065021389945951705e+04,3.862544590841533676e+00
1.065021392074984033e+04,3.862544603139575372e+00
1.065021394204016360e+04,3.862544615435425044e+00
1.065021396333048688e+04,3.862544627729064928e+00
1.065021398462081197e+04,3.862544640020505682e+00
1.065021400591113525e+04,3.862544652309736648e+00
1.065021402720145852e+04,3.862544664596772037e+00
1.065021404849178180e+04,3.862544676881597638e+00
1.065021406978210507e+04,3.862544689164227663e+00
1.065021409107242835e+04,3.862544701444644346e+00
1.065021411236275162e+04,3.862544713722865453e+00
1.065021413365307490e+04,3.862544725998883877e+00
1.065021415494339817e+04,3.862544738272692513e+00
1.065021417623372326e+04,3.862544750544302019e+00
1.065021419752404654e+04,3.862544762813705290e+00
1.065021421881436981e+04,3.862544775080905879e+00
1.065021424010469309e+04,3.862544787345900232e+00
1.065021426139501636e+04,3.862544799608695456e+00
1.065021428268533964e+04,3.862544811869284445e+00
1.065021430397566292e+04,3.862544824127670751e+00
1.065021432526598619e+04,3.862544836383850821e+00
1.065021434655630947e+04,3.862544848637831763e+00
1.065021436784663456e+04,3.862544860889606468e+00
1.065021438913695783e+04,3.862544873139178492e+00
1.065021441042728111e+04,3.862544885386544280e+00
1.065021443171760438e+04,3.862544897631707386e+00
1.065021445300792766e+04,3.862544909874664256e+00
1.065021447429825093e+04,3.862544922115418444e+00
1.065021449558857421e+04,3.862544934353966397e+00
1.065021451687889748e+04,3.862544946590311667e+00
1.065021453816922076e+04,3.862544958824454255e+00
1.065021455945954585e+04,3.862544971056390608e+00
1.065021458074986913e+04,3.862544983286120726e+00
1.065021460204019240e+04,3.862544995513651713e+00
1.065021462333051568e+04,3.862545007738976466e+00
1.065021464462083895e+04,3.862545019962098536e+00
1.065021466591116223e+04,3.862545032183010818e+00
1.065021468720148550e+04,3.862545044401723970e+00
1.065021470849180878e+04,3.862545056618230888e+00
1.065021472978213205e+04,3.862545068832531570e+00
1.065021475107245715e+04,3.862545081044629569e+00
1.065021477236278042e+04,3.862545093254517781e+00
1.065021479365310370e+04,3.862545105462206863e+00
1.065021481494342697e+04,3.862545117667693262e+00
1.065021483623375025e+04,3.862545129870969873e+00
1.065021485752407352e+04,3.862545142072043802e+00
1.065021487881439680e+04,3.862545154270911496e+00
1.065021490010472007e+04,3.862545166467576507e+00
1.065021492139504335e+04,3.862545178662035283e+00
1.065021494268536844e+04,3.862545190854287824e+00
1.065021496397569172e+04,3.862545203044344788e+00
1.065021498526601499e+04,3.862545215232177753e+00
1.065021500655633827e+04,3.862545227417822247e+00
1.065021502784666154e+04,3.862545239601253400e+00
1.065021504913698482e+04,3.862545251782481870e+00
1.065021507042730809e+04,3.862545263961500552e+00
1.065021509171763137e+04,3.862545276138323658e+00
1.065021511300795464e+04,3.862545288312933423e+00
1.065021513429827974e+04,3.862545300485344058e+00
1.065021515558860301e+04,3.862545312655548457e+00
1.065021517687892629e+04,3.862545324823543069e+00
1.065021519816924956e+04,3.862545336989338551e+00
1.065021521945957284e+04,3.862545349152920693e+00
1.065021524074989611e+04,3.862545361314300152e+00
1.065021526204021939e+04,3.862545373473476928e+00
1.065021528333054266e+04,3.862545385630440364e+00
1.065021530462086594e+04,3.862545397785204671e+00
1.065021532591119103e+04,3.862545409937762741e+00
1.065021534720151431e+04,3.862545422088118130e+00
1.065021536849183758e+04,3.862545434236263731e+00
1.065021538978216086e+04,3.862545446382203096e+00
1.065021541107248413e+04,3.862545458525936226e+00
1.065021543236280741e+04,3.862545470667466674e+00
1.065021545365313068e+04,3.862545482806787334e+00
1.065021547494345396e+04,3.862545494943905311e+00
1.065021549623377723e+04,3.862545507078817053e+00
1.065021551752410232e+04,3.862545519211522560e+00
1.065021553881442560e+04,3.862545531342021832e+00
1.065021556010474887e+04,3.862545543470314868e+00
1.065021558139507215e+04,3.862545555596401670e+00
1.065021560268539542e+04,3.862545567720282236e+00
1.065021562397571870e+04,3.862545579841953014e+00
1.065021564526604197e+04,3.862545591961417557e+00
1.065021566655636525e+04,3.862545604078682970e+00
1.065021568784668852e+04,3.862545616193738596e+00
1.065021570913701362e+04,3.862545628306591539e+00
1.065021573042733689e+04,3.862545640417231141e+00
1.065021575171766017e+04,3.862545652525671613e+00
1.065021577300798344e+04,3.862545664631898745e+00
1.065021579429830672e+04,3.862545676735923195e+00
1.065021581558862999e+04,3.862545688837734303e+00
1.065021583687895327e+04,3.862545700937342730e+00
1.065021585816927654e+04,3.862545713034752026e+00
1.065021587945959982e+04,3.862545725129944429e+00
1.065021590074992491e+04,3.862545737222937703e+00
1.065021592204024819e+04,3.862545749313721188e+00
1.065021594333057146e+04,3.862545761402298439e+00
1.065021596462089474e+04,3.862545773488665901e+00
1.065021598591121801e+04,3.862545785572827128e+00
1.065021600720154129e+04,3.862545797654785673e+00
1.065021602849186456e+04,3.862545809734530877e+00
1.065021604978218784e+04,3.862545821812073399e+00
1.065021607107251111e+04,3.862545833887413238e+00
1.065021609236283621e+04,3.862545845960536184e+00
1.065021611365315948e+04,3.862545858031460000e+00
1.065021613494348276e+04,3.862545870100170475e+00
1.065021615623380603e+04,3.862545882166674716e+00
1.065021617752412931e+04,3.862545894230972721e+00
1.065021619881445258e+04,3.862545906293064490e+00
1.065021622010477586e+04,3.862545918352953578e+00
1.065021624139509913e+04,3.862545930410625772e+00
1.065021626268542241e+04,3.862545942466095283e+00
1.065021628397574750e+04,3.862545954519358560e+00
1.065021630526607078e+04,3.862545966570415601e+00
1.065021632655639405e+04,3.862545978619259301e+00
1.065021634784671733e+04,3.862545990665896767e+00
1.065021636913704060e+04,3.862546002710335102e+00
1.065021639042736388e+04,3.862546014752556545e+00
1.065021641171768715e+04,3.862546026792571752e+00
1.065021643300801043e+04,3.862546038830380724e+00
1.065021645429833370e+04,3.862546050865983460e+00
1.065021647558865880e+04,3.862546062899379962e+00
1.065021649687898207e+04,3.862546074930563123e+00
1.065021651816930535e+04,3.862546086959543601e+00
1.065021653945962862e+04,3.862546098986314291e+00
1.065021656074995190e+04,3.862546111010875194e+00
1.065021658204027517e+04,3.862546123033226309e+00
1.065021660333059845e+04,3.862546135053374741e+00
1.065021662462092172e+04,3.862546147071313385e+00
1.065021664591124500e+04,3.862546159087042241e+00
1.065021666720157009e+04,3.862546171100564862e+00
1.065021668849189336e+04,3.862546183111881248e+00
1.065021670978221664e+04,3.862546195120987846e+00
1.065021673107253991e+04,3.862546207127884657e+00
1.065021675236286319e+04,3.862546219132575231e+00
1.065021677365318646e+04,3.862546231135052466e+00
1.065021679494350974e+04,3.862546243135323465e+00
1.065021681623383301e+04,3.862546255133388229e+00
1.065021683752415629e+04,3.862546267129243205e+00
1.065021685881448138e+04,3.862546279122895498e+00
1.065021688010480466e+04,3.862546291114330899e+00
1.065021690139512793e+04,3.862546303103563616e+00
1.065021692268545121e+04,3.862546315090586546e+00
1.065021694397577448e+04,3.862546327075396135e+00
1.065021696526609776e+04,3.862546339057999489e+00
1.065021698655642103e+04,3.862546351038400161e+00
1.065021700784674431e+04,3.862546363016580386e+00
1.065021702913706758e+04,3.862546374992557929e+00
1.065021705042739268e+04,3.862546386966332790e+00
1.065021707171771595e+04,3.862546398937890757e+00
1.065021709300803923e+04,3.862546410907242489e+00
1.065021711429836250e+04,3.862546422874384433e+00
1.065021713558868578e+04,3.862546434839316589e+00
1.065021715687900905e+04,3.862546446802042510e+00
1.065021717816933233e+04,3.862546458762555091e+00
1.065021719945965560e+04,3.862546470720864988e+00
1.065021722074997888e+04,3.862546482676965098e+00
1.065021724204030397e+04,3.862546494630851868e+00
1.065021726333062725e+04,3.862546506582528849e+00
1.065021728462095052e+04,3.862546518531999595e+00
1.065021730591127380e+04,3.862546530479260554e+00
1.065021732720159707e+04,3.862546542424308171e+00
1.065021734849192035e+04,3.862546554367153107e+00
1.065021736978224362e+04,3.862546566307784701e+00
1.065021739107256690e+04,3.862546578246210061e+00
1.065021741236289017e+04,3.862546590182422079e+00
1.065021743365321527e+04,3.862546602116427863e+00
1.065021745494353854e+04,3.862546614048223859e+00
1.065021747623386182e+04,3.862546625977810066e+00
1.065021749752418509e+04,3.862546637905179381e+00
1.065021751881450837e+04,3.862546649830349565e+00
1.065021754010483164e+04,3.862546661753302857e+00
1.065021756139515492e+04,3.862546673674049913e+00
1.065021758268547819e+04,3.862546685592583628e+00
1.065021760397580147e+04,3.862546697508911109e+00
1.065021762526612656e+04,3.862546709423028801e+00
1.065021764655644984e+04,3.862546721334940258e+00
1.065021766784677311e+04,3.862546733244634822e+00
1.065021768913709639e+04,3.862546745152119598e+00
1.065021771042741966e+04,3.862546757057398139e+00
1.065021773171774294e+04,3.862546768960466892e+00
1.065021775300806621e+04,3.862546780861322304e+00
1.065021777429838949e+04,3.862546792759967929e+00
1.065021779558871276e+04,3.862546804656407318e+00
1.065021781687903785e+04,3.862546816550629813e+00
1.065021783816936113e+04,3.862546828442649627e+00
1.065021785945968441e+04,3.862546840332456100e+00
1.065021788075000768e+04,3.862546852220052784e+00
1.065021790204033096e+04,3.862546864105439681e+00
1.065021792333065423e+04,3.862546875988609685e+00
1.065021794462097751e+04,3.862546887869573453e+00
1.065021796591130078e+04,3.862546899748330986e+00
1.065021798720162406e+04,3.862546911624871626e+00
1.065021800849194915e+04,3.862546923499206031e+00
1.065021802978227242e+04,3.862546935371330648e+00
1.065021805107259570e+04,3.862546947241241924e+00
1.065021807236291897e+04,3.862546959108943412e+00
1.065021809365324225e+04,3.862546970974431559e+00
1.065021811494356552e+04,3.862546982837709919e+00
1.065021813623388880e+04,3.862546994698778491e+00
1.065021815752421207e+04,3.862547006557640827e+00
1.065021817881453535e+04,3.862547018414289823e+00
1.065021820010486044e+04,3.862547030268725479e+00
1.065021822139518372e+04,3.862547042120947793e+00
1.065021824268550699e+04,3.862547053970963873e+00
1.065021826397583027e+04,3.862547065818770164e+00
1.065021828526615354e+04,3.862547077664363115e+00
1.065021830655647682e+04,3.862547089507742726e+00
1.065021832784680009e+04,3.862547101348912548e+00
1.065021834913712337e+04,3.862547113187876135e+00
1.065021837042744664e+04,3.862547125024622829e+00
1.065021839171777174e+04,3.862547136859159735e+00
1.065021841300809501e+04,3.862547148691483301e+00
1.065021843429841829e+04,3.862547160521600631e+00
1.065021845558874156e+04,3.862547172349501068e+00
1.065021847687906484e+04,3.862547184175191717e+00
1.065021849816938811e+04,3.862547195998672578e+00
1.065021851945971139e+04,3.862547207819943651e+00
1.065021854075003466e+04,3.862547219638997831e+00
1.065021856204035794e+04,3.862547231455845775e+00
1.065021858333068303e+04,3.862547243270480379e+00
1.065021860462100631e+04,3.862547255082905195e+00
1.065021862591132958e+04,3.862547266893113118e+00
1.065021864720165286e+04,3.862547278701111253e+00
1.065021866849197613e+04,3.862547290506899600e+00
1.065021868978229941e+04,3.862547302310471053e+00
1.065021871107262268e+04,3.862547314111839825e+00
1.065021873236294596e+04,3.862547325910991702e+00
1.065021875365326923e+04,3.862547337707933792e+00
1.065021877494359433e+04,3.862547349502658989e+00
1.065021879623391760e+04,3.862547361295177950e+00
1.065021881752424088e+04,3.862547373085483571e+00
1.065021883881456415e+04,3.862547384873572298e+00
1.065021886010488743e+04,3.862547396659454790e+00
1.065021888139521070e+04,3.862547408443123942e+00
1.065021890268553398e+04,3.862547420224579753e+00
1.065021892397585725e+04,3.862547432003825776e+00
1.065021894526618053e+04,3.862547443780858458e+00
1.065021896655650562e+04,3.862547455555674247e+00
1.065021898784682890e+04,3.862547467328280248e+00
1.065021900913715217e+04,3.862547479098676462e+00
1.065021903042747545e+04,3.862547490866859334e+00
1.065021905171779872e+04,3.862547502632832419e+00
1.065021907300812200e+04,3.862547514396588610e+00
1.065021909429844527e+04,3.862547526158135014e+00
1.065021911558876855e+04,3.862547537917468077e+00
1.065021913687909182e+04,3.862547549674587799e+00
1.065021915816941691e+04,3.862547561429501286e+00
1.065021917945974019e+04,3.862547573182187222e+00
1.065021920075006346e+04,3.862547584932674027e+00
1.065021922204038674e+04,3.862547596680943940e+00
1.065021924333071001e+04,3.862547608427004064e+00
1.065021926462103329e+04,3.862547620170843743e+00
1.065021928591135656e+04,3.862547631912477186e+00
1.065021930720167984e+04,3.862547643651900842e+00
1.065021932849200311e+04,3.862547655389104051e+00
1.065021934978232821e+04,3.862547667124093920e+00
1.065021937107265148e+04,3.862547678856881106e+00
1.065021939236297476e+04,3.862547690587440741e+00
1.065021941365329803e+04,3.862547702315794140e+00
1.065021943494362131e+04,3.862547714041937752e+00
1.065021945623394458e+04,3.862547725765864470e+00
1.065021947752426786e+04,3.862547737487581401e+00
1.065021949881459113e+04,3.862547749207081438e+00
1.065021952010491441e+04,3.862547760924371687e+00
1.065021954139523768e+04,3.862547772639441490e+00
1.065021956268556278e+04,3.862547784352305058e+00
1.065021958397588605e+04,3.862547796062955285e+00
1.065021960526620933e+04,3.862547807771388619e+00
1.065021962655653260e+04,3.862547819477608613e+00
1.065021964784685588e+04,3.862547831181615265e+00
1.065021966913717915e+04,3.862547842883412130e+00
1.065021969042750243e+04,3.862547854582992102e+00
1.065021971171782570e+04,3.862547866280358733e+00
1.065021973300814898e+04,3.862547877975515576e+00
1.065021975429847407e+04,3.862547889668455525e+00
1.065021977558879735e+04,3.862547901359182134e+00
1.065021979687912062e+04,3.862547913047695403e+00
1.065021981816944390e+04,3.862547924733991778e+00
1.065021983945976717e+04,3.862547936418078365e+00
1.065021986075009045e+04,3.862547948099951611e+00
1.065021988204041372e+04,3.862547959779607964e+00
1.065021990333073700e+04,3.862547971457050977e+00
1.065021992462106027e+04,3.862547983132280649e+00
1.065021994591138537e+04,3.862547994805296980e+00
1.065021996720170864e+04,3.862548006476096418e+00
1.065021998849203192e+04,3.862548018144682516e+00
1.065022000978235519e+04,3.862548029811058825e+00
1.065022003107267847e+04,3.862548041475218241e+00
1.065022005236300174e+04,3.862548053137164317e+00
1.065022007365332502e+04,3.862548064796897052e+00
1.065022009494364829e+04,3.862548076454412893e+00
1.065022011623397157e+04,3.862548088109715394e+00
1.065022013752429666e+04,3.862548099762801002e+00
1.065022015881461994e+04,3.862548111413673269e+00
1.065022018010494321e+04,3.862548123062335748e+00
1.065022020139526649e+04,3.862548134708784886e+00
1.065022022268558976e+04,3.862548146353013578e+00
1.065022024397591304e+04,3.862548157995028930e+00
1.065022026526623631e+04,3.862548169634830941e+00
1.065022028655655959e+04,3.862548181272416059e+00
1.065022030784688286e+04,3.862548192907787836e+00
1.065022032913720795e+04,3.862548204540946273e+00
1.065022035042753123e+04,3.862548216171891369e+00
1.065022037171785450e+04,3.862548227800619571e+00
1.065022039300817778e+04,3.862548239427134433e+00
1.065022041429850105e+04,3.862548251051428849e+00
1.065022043558882433e+04,3.862548262673513477e+00
1.065022045687914760e+04,3.862548274293384765e+00
1.065022047816947088e+04,3.862548285911039159e+00
1.065022049945979415e+04,3.862548297526476659e+00
1.065022052075011925e+04,3.862548309139707925e+00
1.065022054204044252e+04,3.862548320750715192e+00
1.065022056333076580e+04,3.862548332359509118e+00
1.065022058462108907e+04,3.862548343966086151e+00
1.065022060591141235e+04,3.862548355570449843e+00
1.065022062720173562e+04,3.862548367172600194e+00
1.065022064849205890e+04,3.862548378772530100e+00
1.065022066978238217e+04,3.862548390370253770e+00
1.065022069107270545e+04,3.862548401965756995e+00
1.065022071236303054e+04,3.862548413559043325e+00
1.065022073365335382e+04,3.862548425150112763e+00
1.065022075494367709e+04,3.862548436738975965e+00
1.065022077623400037e+04,3.862548448325611616e+00
1.065022079752432364e+04,3.862548459910041032e+00
1.065022081881464692e+04,3.862548471492250002e+00
1.065022084010497019e+04,3.862548483072242078e+00
1.065022086139529347e+04,3.862548494650024367e+00
1.065022088268561674e+04,3.862548506225589762e+00
1.065022090397594184e+04,3.862548517798934711e+00
1.065022092526626511e+04,3.862548529370069872e+00
1.065022094655658839e+04,3.862548540938988140e+00
1.065022096784691166e+04,3.862548552505685961e+00
1.065022098913723494e+04,3.862548564070170443e+00
1.065022101042755821e+04,3.862548575632441583e+00
1.065022103171788149e+04,3.862548587192492278e+00
1.065022105300820476e+04,3.862548598750333184e+00
1.065022107429852804e+04,3.862548610305957197e+00
1.065022109558885313e+04,3.862548621859360765e+00
1.065022111687917641e+04,3.862548633410554544e+00
1.065022113816949968e+04,3.862548644959524324e+00
1.065022115945982296e+04,3.862548656506280764e+00
1.065022118075014623e+04,3.862548668050823863e+00
1.065022120204046951e+04,3.862548679593150069e+00
1.065022122333079278e+04,3.862548691133255829e+00
1.065022124462111606e+04,3.862548702671151801e+00
1.065022126591143933e+04,3.862548714206827327e+00
1.065022128720176443e+04,3.862548725740293065e+00
1.065022130849208770e+04,3.862548737271531252e+00
1.065022132978241098e+04,3.862548748800563203e+00
1.065022135107273425e+04,3.862548760327367603e+00
1.065022137236305753e+04,3.862548771851965768e+00
1.065022139365338080e+04,3.862548783374339934e+00
1.065022141494370408e+04,3.862548794894500759e+00
1.065022143623402735e+04,3.862548806412448243e+00
1.065022145752435063e+04,3.862548817928175282e+00
1.065022147881467572e+04,3.862548829441685427e+00
1.065022150010499900e+04,3.862548840952985785e+00
1.065022152139532227e+04,3.862548852462062143e+00
1.065022154268564555e+04,3.862548863968921609e+00
1.065022156397596882e+04,3.862548875473571286e+00
1.065022158526629210e+04,3.862548886975996965e+00
1.065022160655661537e+04,3.862548898476205750e+00
1.065022162784693865e+04,3.862548909974197642e+00
1.065022164913726192e+04,3.862548921469979746e+00
1.065022167042758701e+04,3.862548932963537851e+00
1.065022169171791029e+04,3.862548944454879063e+00
1.065022171300823356e+04,3.862548955944006934e+00
1.065022173429855684e+04,3.862548967430914360e+00
1.065022175558888011e+04,3.862548978915608444e+00
1.065022177687920339e+04,3.862548990398082083e+00
1.065022179816952666e+04,3.862549001878338828e+00
1.065022181945984994e+04,3.862549013356382233e+00
1.065022184075017321e+04,3.862549024832201638e+00
1.065022186204049831e+04,3.862549036305807704e+00
1.065022188333082158e+04,3.862549047777200428e+00
1.065022190462114486e+04,3.862549059246369154e+00
1.065022192591146813e+04,3.862549070713324539e+00
1.065022194720179141e+04,3.862549082178059479e+00
1.065022196849211468e+04,3.862549093640570419e+00
1.065022198978243796e+04,3.862549105100875124e+00
1.065022201107276123e+04,3.862549116558959383e+00
1.065022203236308451e+04,3.862549128014823197e+00
1.065022205365340960e+04,3.862549139468470116e+00
1.065022207494373288e+04,3.862549150919900143e+00
1.065022209623405615e+04,3.862549162369116829e+00
1.065022211752437943e+04,3.862549173816109516e+00
1.065022213881470270e+04,3.862549185260885309e+00
1.065022216010502598e+04,3.862549196703444210e+00
1.065022218139534925e+04,3.862549208143789770e+00
1.065022220268567253e+04,3.862549219581911331e+00
1.065022222397599580e+04,3.862549231017819551e+00
1.065022224526632090e+04,3.862549242451496667e+00
1.065022226655664417e+04,3.862549253882971101e+00
1.065022228784696745e+04,3.862549265312225089e+00
1.065022230913729072e+04,3.862549276739258630e+00
1.065022233042761400e+04,3.862549288164075278e+00
1.065022235171793727e+04,3.862549299586671481e+00
1.065022237300826055e+04,3.862549311007050790e+00
1.065022239429858382e+04,3.862549322425209652e+00
1.065022241558890710e+04,3.862549333841148069e+00
1.065022243687923219e+04,3.862549345254876698e+00
1.065022245816955547e+04,3.862549356666377776e+00
1.065022247945987874e+04,3.862549368075672618e+00
1.065022250075020202e+04,3.862549379482739909e+00
1.065022252204052529e+04,3.862549390887586753e+00
1.065022254333084857e+04,3.862549402290220257e+00
1.065022256462117184e+04,3.862549413690633315e+00
1.065022258591149512e+04,3.862549425088829480e+00
1.065022260720181839e+04,3.862549436484805199e+00
1.065022262849214349e+04,3.862549447878564024e+00
1.065022264978246676e+04,3.862549459270098851e+00
1.065022267107279004e+04,3.862549470659420336e+00
1.065022269236311331e+04,3.862549482046524929e+00
1.065022271365343659e+04,3.862549493431405523e+00
1.065022273494375986e+04,3.862549504814065671e+00
1.065022275623408314e+04,3.862549516194516031e+00
1.065022277752440641e+04,3.862549527572738839e+00
1.065022279881472969e+04,3.862549538948744754e+00
1.065022282010505478e+04,3.862549550322537328e+00
1.065022284139537805e+04,3.862549561694105904e+00
1.065022286268570133e+04,3.862549573063454034e+00
1.065022288397602460e+04,3.862549584430585270e+00
1.065022290526634788e+04,3.862549595795492507e+00
1.065022292655667115e+04,3.862549607158193510e+00
1.065022294784699443e+04,3.862549618518666961e+00
1.065022296913731770e+04,3.862549629876916413e+00
1.065022299042764098e+04,3.862549641232956077e+00
1.065022301171796607e+04,3.862549652586771742e+00
1.065022303300828935e+04,3.862549663938366962e+00
1.065022305429861262e+04,3.862549675287741735e+00
1.065022307558893590e+04,3.862549686634899615e+00
1.065022309687925917e+04,3.862549697979837049e+00
1.065022311816958245e+04,3.862549709322557590e+00
1.065022313945990572e+04,3.862549720663057684e+00
1.065022316075022900e+04,3.862549732001333780e+00
1.065022318204055227e+04,3.862549743337396535e+00
1.065022320333087737e+04,3.862549754671238844e+00
1.065022322462120064e+04,3.862549766002857154e+00
1.065022324591152392e+04,3.862549777332258572e+00
1.065022326720184719e+04,3.862549788659443095e+00
1.065022328849217047e+04,3.862549799984400067e+00
1.065022330978249374e+04,3.862549811307143699e+00
1.065022333107281702e+04,3.862549822627666885e+00
1.065022335236314029e+04,3.862549833945969624e+00
1.065022337365346357e+04,3.862549845262051917e+00
1.065022339494378866e+04,3.862549856575913765e+00
1.065022341623411194e+04,3.862549867887558719e+00
1.065022343752443521e+04,3.862549879196979674e+00
1.065022345881475849e+04,3.862549890504180183e+00
1.065022348010508176e+04,3.862549901809163799e+00
1.065022350139540504e+04,3.862549913111923416e+00
1.065022352268572831e+04,3.862549924412466140e+00
1.065022354397605159e+04,3.862549935710788418e+00
1.065022356526637486e+04,3.862549947006886697e+00
1.065022358655669996e+04,3.862549958300771635e+00
1.065022360784702323e+04,3.862549969592432575e+00
1.065022362913734651e+04,3.862549980881873068e+00
1.065022365042766978e+04,3.862549992169093116e+00
1.065022367171799306e+04,3.862550003454089165e+00
1.065022369300831633e+04,3.862550014736871873e+00
1.065022371429863961e+04,3.862550026017434135e+00
1.065022373558896288e+04,3.862550037295768846e+00
1.065022375687928616e+04,3.862550048571886663e+00
1.065022377816961125e+04,3.862550059845784034e+00
1.065022379945993453e+04,3.862550071117457406e+00
1.065022382075025780e+04,3.862550082386913886e+00
1.065022384204058108e+04,3.862550093654149919e+00
1.065022386333090435e+04,3.862550104919165506e+00
1.065022388462122763e+04,3.862550116181953541e+00
1.065022390591155090e+04,3.862550127442528236e+00
1.065022392720187418e+04,3.862550138700878932e+00
1.065022394849219745e+04,3.862550149957016288e+00
1.065022396978252254e+04,3.862550161210922539e+00
1.065022399107284582e+04,3.862550172462608344e+00
1.065022401236316909e+04,3.862550183712077256e+00
1.065022403365349237e+04,3.862550194959322170e+00
1.065022405494381564e+04,3.862550206204353742e+00
1.065022407623413892e+04,3.862550217447161316e+00
1.065022409752446219e+04,3.862550228687737786e+00
1.065022411881478547e+04,3.862550239926104467e+00
1.065022414010510875e+04,3.862550251162247150e+00
1.065022416139543384e+04,3.862550262396165834e+00
1.065022418268575711e+04,3.862550273627864073e+00
1.065022420397608039e+04,3.862550284857345417e+00
1.065022422526640366e+04,3.862550296084595658e+00
1.065022424655672694e+04,3.862550307309632558e+00
1.065022426784705021e+04,3.862550318532445459e+00
1.065022428913737349e+04,3.862550329753030809e+00
1.065022431042769676e+04,3.862550340971406371e+00
1.065022433171802004e+04,3.862550352187554381e+00
1.065022435300834513e+04,3.862550363401481945e+00
1.065022437429866841e+04,3.862550374613189064e+00
1.065022439558899168e+04,3.862550385822672183e+00
1.065022441687931496e+04,3.862550397029934857e+00
1.065022443816963823e+04,3.862550408234973531e+00
1.065022445945996151e+04,3.862550419437791760e+00
1.065022448075028478e+04,3.862550430638389543e+00
1.065022450204060806e+04,3.862550441836766879e+00
1.065022452333093133e+04,3.862550453032916664e+00
1.065022454462125643e+04,3.862550464226849556e+00
1.065022456591157970e+04,3.862550475418562002e+00
1.065022458720190298e+04,3.862550486608043343e+00
1.065022460849222625e+04,3.862550497795311344e+00
1.065022462978254953e+04,3.862550508980351793e+00
1.065022465107287280e+04,3.862550520163171797e+00
1.065022467236319608e+04,3.862550531343774907e+00
1.065022469365351935e+04,3.862550542522150465e+00
1.065022471494384263e+04,3.862550553698309130e+00
1.065022473623416772e+04,3.862550564872236691e+00
1.065022475752449100e+04,3.862550576043950912e+00
1.065022477881481427e+04,3.862550587213434028e+00
1.065022480010513755e+04,3.862550598380700251e+00
1.065022482139546082e+04,3.862550609545746028e+00
1.065022484268578410e+04,3.862550620708567806e+00
1.065022486397610737e+04,3.862550631869165585e+00
1.065022488526643065e+04,3.862550643027539365e+00
1.065022490655675392e+04,3.862550654183696253e+00
1.065022492784707902e+04,3.862550665337625588e+00
1.065022494913740229e+04,3.862550676489334478e+00
1.065022497042772557e+04,3.862550687638819369e+00
1.065022499171804884e+04,3.862550698786080261e+00
1.065022501300837212e+04,3.862550709931124260e+00
1.065022503429869539e+04,3.862550721073940707e+00
1.065022505558901867e+04,3.862550732214533156e+00
1.065022507687934194e+04,3.862550743352908711e+00
1.065022509816966522e+04,3.862550754489060267e+00
1.065022511945999031e+04,3.862550765622984272e+00
1.065022514075031359e+04,3.862550776754687831e+00
1.065022516204063686e+04,3.862550787884167391e+00
1.065022518333096014e+04,3.862550799011430058e+00
1.065022520462128341e+04,3.862550810136458068e+00
1.065022522591160669e+04,3.862550821259269185e+00
1.065022524720192996e+04,3.862550832379859855e+00
1.065022526849225324e+04,3.862550843498226527e+00
1.065022528978257651e+04,3.862550854614365647e+00
1.065022531107290160e+04,3.862550865728284322e+00
1.065022533236322488e+04,3.862550876839978997e+00
1.065022535365354815e+04,3.862550887949449674e+00
1.065022537494387143e+04,3.862550899056699905e+00
1.065022539623419470e+04,3.862550910161729689e+00
1.065022541752451798e+04,3.862550921264531922e+00
1.065022543881484125e+04,3.862550932365110157e+00
1.065022546010516453e+04,3.862550943463464392e+00
1.065022548139548780e+04,3.862550954559598182e+00
1.065022550268581290e+04,3.862550965653507973e+00
1.065022552397613617e+04,3.862550976745193765e+00
1.065022554526645945e+04,3.862550987834652005e+00
1.065022556655678272e+04,3.862550998921889800e+00
1.065022558784710600e+04,3.862551010006903596e+00
1.065022560913742927e+04,3.862551021089696945e+00
1.065022563042775255e+04,3.862551032170262744e+00
1.065022565171807582e+04,3.862551043248604543e+00
1.065022567300839910e+04,3.862551054324725897e+00
1.065022569429872419e+04,3.862551065398619698e+00
1.065022571558904747e+04,3.862551076470293054e+00
1.065022573687937074e+04,3.862551087539738859e+00
1.065022575816969402e+04,3.862551098606964217e+00
1.065022577946001729e+04,3.862551109671962024e+00
1.065022580075034057e+04,3.862551120734739385e+00
1.065022582204066384e+04,3.862551131795292747e+00
1.065022584333098712e+04,3.862551142853622110e+00
1.065022586462131039e+04,3.862551153909720369e+00
1.065022588591163549e+04,3.862551164963601735e+00
1.065022590720195876e+04,3.862551176015255550e+00
1.065022592849228204e+04,3.862551187064692471e+00
1.065022594978260531e+04,3.862551198111894735e+00
1.065022597107292859e+04,3.862551209156876553e+00
1.065022599236325186e+04,3.862551220199637925e+00
1.065022601365357514e+04,3.862551231240171745e+00
1.065022603494389841e+04,3.862551242278481567e+00
1.065022605623422169e+04,3.862551253314563837e+00
1.065022607752454678e+04,3.862551264348422109e+00
1.065022609881487006e+04,3.862551275380059934e+00
1.065022612010519333e+04,3.862551286409473761e+00
1.065022614139551661e+04,3.862551297436656483e+00
1.065022616268583988e+04,3.862551308461622313e+00
1.065022618397616316e+04,3.862551319484357037e+00
1.065022620526648643e+04,3.862551330504871316e+00
1.065022622655680971e+04,3.862551341523161597e+00
1.065022624784713298e+04,3.862551352539224325e+00
1.065022626913745808e+04,3.862551363553063055e+00
1.065022629042778135e+04,3.862551374564674234e+00
1.065022631171810463e+04,3.862551385574064966e+00
1.065022633300842790e+04,3.862551396581228147e+00
1.065022635429875118e+04,3.862551407586167329e+00
1.065022637558907445e+04,3.862551418588882512e+00
1.065022639687939773e+04,3.862551429589370144e+00
1.065022641816972100e+04,3.862551440587633778e+00
1.065022643946004428e+04,3.862551451583676965e+00
1.065022646075036937e+04,3.862551462577489048e+00
1.065022648204069264e+04,3.862551473569080684e+00
1.065022650333101592e+04,3.862551484558437664e+00
1.065022652462133919e+04,3.862551495545577751e+00
1.065022654591166247e+04,3.862551506530490286e+00
1.065022656720198574e+04,3.862551517513178823e+00
1.065022658849230902e+04,3.862551528493643360e+00
1.065022660978263229e+04,3.862551539471883899e+00
1.065022663107295557e+04,3.862551550447893334e+00
1.065022665236328066e+04,3.862551561421678770e+00
1.065022667365360394e+04,3.862551572393243760e+00
1.065022669494392721e+04,3.862551583362577645e+00
1.065022671623425049e+04,3.862551594329687532e+00
1.065022673752457376e+04,3.862551605294569868e+00
1.065022675881489704e+04,3.862551616257231757e+00
1.065022678010522031e+04,3.862551627217666095e+00
1.065022680139554359e+04,3.862551638175869329e+00
1.065022682268586686e+04,3.862551649131852116e+00
1.065022684397619196e+04,3.862551660085607352e+00
1.065022686526651523e+04,3.862551671037138590e+00
1.065022688655683851e+04,3.862551681986445828e+00
1.065022690784716178e+04,3.862551692933521963e+00
1.065022692913748506e+04,3.862551703878374099e+00
1.065022695042780833e+04,3.862551714821002236e+00
1.065022697171813161e+04,3.862551725761402821e+00
1.065022699300845488e+04,3.862551736699579408e+00
1.065022701429877816e+04,3.862551747635524890e+00
1.065022703558910325e+04,3.862551758569249927e+00
1.065022705687942653e+04,3.862551769500747412e+00
1.065022707816974980e+04,3.862551780430020898e+00
1.065022709946007308e+04,3.862551791357059727e+00
1.065022712075039635e+04,3.862551802281878111e+00
1.065022714204071963e+04,3.862551813204476048e+00
1.065022716333104290e+04,3.862551824124839328e+00
1.065022718462136618e+04,3.862551835042975057e+00
1.065022720591168945e+04,3.862551845958893892e+00
1.065022722720201455e+04,3.862551856872578071e+00
1.065022724849233782e+04,3.862551867784038251e+00
1.065022726978266110e+04,3.862551878693274432e+00
1.065022729107298437e+04,3.862551889600279509e+00
1.065022731236330765e+04,3.862551900505064140e+00
1.065022733365363092e+04,3.862551911407617666e+00
1.065022735494395420e+04,3.862551922307943641e+00
1.065022737623427747e+04,3.862551933206045618e+00
1.065022739752460075e+04,3.862551944101920043e+00
1.065022741881492584e+04,3.862551954995570469e+00
1.065022744010524912e+04,3.862551965886993344e+00
1.065022746139557239e+04,3.862551976776181561e+00
1.065022748268589567e+04,3.862551987663152886e+00
1.065022750397621894e+04,3.862551998547889553e+00
1.065022752526654222e+04,3.862552009430405775e+00
1.065022754655686549e+04,3.862552020310690892e+00
1.065022756784718877e+04,3.862552031188755564e+00
1.065022758913751204e+04,3.862552042064585578e+00
1.065022761042783713e+04,3.862552052938198699e+00
1.065022763171816041e+04,3.862552063809577163e+00
1.065022765300848368e+04,3.862552074678728076e+00
1.065022767429880696e+04,3.862552085545647884e+00
1.065022769558913024e+04,3.862552096410350799e+00
1.065022771687945351e+04,3.862552107272819057e+00
1.065022773816977679e+04,3.862552118133063317e+00
1.065022775946010006e+04,3.862552128991080025e+00
1.065022778075042334e+04,3.862552139846865629e+00
1.065022780204074843e+04,3.862552150700427234e+00
1.065022782333107170e+04,3.862552161551761287e+00
1.065022784462139498e+04,3.862552172400871342e+00
1.065022786591171825e+04,3.862552183247753845e+00
1.065022788720204153e+04,3.862552194092401692e+00
1.065022790849236480e+04,3.862552204934829092e+00
1.065022792978268808e+04,3.862552215775025388e+00
1.065022795107301135e+04,3.862552226612994133e+00
1.065022797236333463e+04,3.862552237448738879e+00
1.065022799365365972e+04,3.862552248282252521e+00
1.065022801494398300e+04,3.862552259113538611e+00
1.065022803623430627e+04,3.862552269942597150e+00
1.065022805752462955e+04,3.862552280769424584e+00
1.065022807881495282e+04,3.862552291594035125e+00
1.065022810010527610e+04,3.862552302416411010e+00
1.065022812139559937e+04,3.862552313236552237e+00
1.065022814268592265e+04,3.862552324054473019e+00
1.065022816397624592e+04,3.862552334870169801e+00
1.065022818526657102e+04,3.862552345683631927e+00
1.065022820655689429e+04,3.862552356494870054e+00
1.065022822784721757e+04,3.862552367303877077e+00
1.065022824913754084e+04,3.862552378110660101e+00
1.065022827042786412e+04,3.862552388915208468e+00
1.065022829171818739e+04,3.862552399717529283e+00
1.065022831300851067e+04,3.862552410517626100e+00
1.065022833429883394e+04,3.862552421315498918e+00
1.065022835558915722e+04,3.862552432111137080e+00
1.065022837687948231e+04,3.862552442904547689e+00
1.065022839816980559e+04,3.862552453695734300e+00
1.065022841946012886e+04,3.862552464484682702e+00
1.065022844075045214e+04,3.862552475271410657e+00
1.065022846204077541e+04,3.862552486055907508e+00
1.065022848333109869e+04,3.862552496838176808e+00
1.065022850462142196e+04,3.862552507618215003e+00
1.065022852591174524e+04,3.862552518396032752e+00
1.065022854720206851e+04,3.862552529171615845e+00
1.065022856849239361e+04,3.862552539944971386e+00
1.065022858978271688e+04,3.862552550716099375e+00
1.065022861107304016e+04,3.862552561484996261e+00
1.065022863236336343e+04,3.862552572251662042e+00
1.065022865365368671e+04,3.862552583016107377e+00
1.065022867494400998e+04,3.862552593778321608e+00
1.065022869623433326e+04,3.862552604538301182e+00
1.065022871752465653e+04,3.862552615296053204e+00
1.065022873881497981e+04,3.862552626051581228e+00
1.065022876010530490e+04,3.862552636804881701e+00
1.065022878139562818e+04,3.862552647555947516e+00
1.065022880268595145e+04,3.862552658304785780e+00
1.065022882397627473e+04,3.862552669051396492e+00
1.065022884526659800e+04,3.862552679795776100e+00
1.065022886655692128e+04,3.862552690537928157e+00
1.065022888784724455e+04,3.862552701277856215e+00
1.065022890913756783e+04,3.862552712015549616e+00
1.065022893042789110e+04,3.862552722751011913e+00
1.065022895171821619e+04,3.862552733484250211e+00
1.065022897300853947e+04,3.862552744215253853e+00
1.065022899429886274e+04,3.862552754944033495e+00
1.065022901558918602e+04,3.862552765670574928e+00
1.065022903687950929e+04,3.862552776394899468e+00
1.065022905816983257e+04,3.862552787116985797e+00
1.065022907946015584e+04,3.862552797836841023e+00
1.065022910075047912e+04,3.862552808554475803e+00
1.065022912204080239e+04,3.862552819269872373e+00
1.065022914333112749e+04,3.862552829983044944e+00
1.065022916462145076e+04,3.862552840693989964e+00
1.065022918591177404e+04,3.862552851402700327e+00
1.065022920720209731e+04,3.862552862109186691e+00
1.065022922849242059e+04,3.862552872813438398e+00
1.065022924978274386e+04,3.862552883515459001e+00
1.065022927107306714e+04,3.862552894215255606e+00
1.065022929236339041e+04,3.862552904912817553e+00
1.065022931365371369e+04,3.862552915608151949e+00
1.065022933494403878e+04,3.862552926301258793e+00
1.065022935623436206e+04,3.862552936992134534e+00
1.065022937752468533e+04,3.862552947680775617e+00
1.065022939881500861e+04,3.862552958367192701e+00
1.065022942010533188e+04,3.862552969051375129e+00
1.065022944139565516e+04,3.862552979733333558e+00
1.065022946268597843e+04,3.862552990413057330e+00
1.065022948397630171e+04,3.862553001090549998e+00
1.065022950526662498e+04,3.862553011765811561e+00
1.065022952655695008e+04,3.862553022438852679e+00
1.065022954784727335e+04,3.862553033109655587e+00
1.065022956913759663e+04,3.862553043778227391e+00
1.065022959042791990e+04,3.862553054444575196e+00
1.065022961171824318e+04,3.862553065108684791e+00
1.065022963300856645e+04,3.862553075770566835e+00
1.065022965429888973e+04,3.862553086430224880e+00
1.065022967558921300e+04,3.862553097087644716e+00
1.065022969687953628e+04,3.862553107742837000e+00
1.065022971816986137e+04,3.862553118395805285e+00
1.065022973946018465e+04,3.862553129046531808e+00
1.065022976075050792e+04,3.862553139695034332e+00
1.065022978204083120e+04,3.862553150341309305e+00
1.065022980333115447e+04,3.862553160985346068e+00
1.065022982462147775e+04,3.862553171627155280e+00
1.065022984591180102e+04,3.862553182266736940e+00
1.065022986720212430e+04,3.862553192904080390e+00
1.065022988849244757e+04,3.862553203539203395e+00
1.065022990978277267e+04,3.862553214172088190e+00
1.065022993107309594e+04,3.862553224802745433e+00
1.065022995236341922e+04,3.862553235431171572e+00
1.065022997365374249e+04,3.862553246057363054e+00
1.065022999494406577e+04,3.862553256681326985e+00
1.065023001623438904e+04,3.862553267303059812e+00
1.065023003752471232e+04,3.862553277922565087e+00
1.065023005881503559e+04,3.862553288539835705e+00
1.065023008010535887e+04,3.862553299154871667e+00
1.065023010139568396e+04,3.862553309767683629e+00
1.065023012268600723e+04,3.862553320378264488e+00
1.065023014397633051e+04,3.862553330986610689e+00
1.065023016526665378e+04,3.862553341592722234e+00
1.065023018655697706e+04,3.862553352196609779e+00
1.065023020784730033e+04,3.862553362798262668e+00
1.065023022913762361e+04,3.862553373397684453e+00
1.065023025042794688e+04,3.862553383994875134e+00
1.065023027171827016e+04,3.862553394589834710e+00
1.065023029300859525e+04,3.862553405182563182e+00
1.065023031429891853e+04,3.862553415773060550e+00
1.065023033558924180e+04,3.862553426361323261e+00
1.065023035687956508e+04,3.862553436947354868e+00
1.065023037816988835e+04,3.862553447531162476e+00
1.065023039946021163e+04,3.862553458112731875e+00
1.065023042075053490e+04,3.862553468692073722e+00
1.065023044204085818e+04,3.862553479269180912e+00
1.065023046333118145e+04,3.862553489844053445e+00
1.065023048462150655e+04,3.862553500416701979e+00
1.065023050591182982e+04,3.862553510987112304e+00
1.065023052720215310e+04,3.862553521555291525e+00
1.065023054849247637e+04,3.862553532121243194e+00
1.065023056978279965e+04,3.862553542684960206e+00
1.065023059107312292e+04,3.862553553246449667e+00
1.065023061236344620e+04,3.862553563805700918e+00
1.065023063365376947e+04,3.862553574362721065e+00
1.065023065494409275e+04,3.862553584917513660e+00
1.065023067623441784e+04,3.862553595470075152e+00
1.065023069752474112e+04,3.862553606020398433e+00
1.065023071881506439e+04,3.862553616568494164e+00
1.065023074010538767e+04,3.862553627114355237e+00
1.065023076139571094e+04,3.862553637657985206e+00
1.065023078268603422e+04,3.862553648199384071e+00
1.065023080397635749e+04,3.862553658738551832e+00
1.065023082526668077e+04,3.862553669275481383e+00
1.065023084655700404e+04,3.862553679810183382e+00
1.065023086784732914e+04,3.862553690342654278e+00
1.065023088913765241e+04,3.862553700872890516e+00
1.065023091042797569e+04,3.862553711400892098e+00
1.065023093171829896e+04,3.862553721926666128e+00
1.065023095300862224e+04,3.862553732450209054e+00
1.065023097429894551e+04,3.862553742971513770e+00
1.065023099558926879e+04,3.862553753490594488e+00
1.065023101687959206e+04,3.862553764007433443e+00
1.065023103816991534e+04,3.862553774522044847e+00
1.065023105946024043e+04,3.862553785034421594e+00
1.065023108075056371e+04,3.862553795544567237e+00
1.065023110204088698e+04,3.862553806052474670e+00
1.065023112333121026e+04,3.862553816558161657e+00
1.065023114462153353e+04,3.862553827061606881e+00
1.065023116591185681e+04,3.862553837562821002e+00
1.065023118720218008e+04,3.862553848061807571e+00
1.065023120849250336e+04,3.862553858558548825e+00
1.065023122978282663e+04,3.862553869053066080e+00
1.065023125107315172e+04,3.862553879545348678e+00
1.065023127236347500e+04,3.862553890035403725e+00
1.065023129365379828e+04,3.862553900523217010e+00
1.065023131494412155e+04,3.862553911008806296e+00
1.065023133623444483e+04,3.862553921492153819e+00
1.065023135752476810e+04,3.862553931973273791e+00
1.065023137881509138e+04,3.862553942452159106e+00
1.065023140010541465e+04,3.862553952928813317e+00
1.065023142139573793e+04,3.862553963403232871e+00
1.065023144268606120e+04,3.862553973875414215e+00
1.065023146397638629e+04,3.862553984345371560e+00
1.065023148526670957e+04,3.862553994813083591e+00
1.065023150655703284e+04,3.862554005278575175e+00
1.065023152784735612e+04,3.862554015741828550e+00
1.065023154913767939e+04,3.862554026202847268e+00
1.065023157042800267e+04,3.862554036661638435e+00
1.065023159171832594e+04,3.862554047118187839e+00
1.065023161300864922e+04,3.862554057572506139e+00
1.065023163429897249e+04,3.862554068024593334e+00
1.065023165558929759e+04,3.862554078474449426e+00
1.065023167687962086e+04,3.862554088922063755e+00
1.065023169816994414e+04,3.862554099367454086e+00
1.065023171946026741e+04,3.862554109810602654e+00
1.065023174075059069e+04,3.862554120251520118e+00
1.065023176204091396e+04,3.862554130690202925e+00
1.065023178333123724e+04,3.862554141126654628e+00
1.065023180462156051e+04,3.862554151560875226e+00
1.065023182591188379e+04,3.862554161992857615e+00
1.065023184720220888e+04,3.862554172422605347e+00
1.065023186849253216e+04,3.862554182850121975e+00
1.065023188978285543e+04,3.862554193275403946e+00
1.065023191107317871e+04,3.862554203698451261e+00
1.065023193236350198e+04,3.862554214119267471e+00
1.065023195365382526e+04,3.862554224537845471e+00
1.065023197494414853e+04,3.862554234954192367e+00
1.065023199623447181e+04,3.862554245368304606e+00
1.065023201752479508e+04,3.862554255780182189e+00
1.065023203881512018e+04,3.862554266189828667e+00
1.065023206010544345e+04,3.862554276597236935e+00
1.065023208139576673e+04,3.862554287002414100e+00
1.065023210268609000e+04,3.862554297405356607e+00
1.065023212397641328e+04,3.862554307806060905e+00
1.065023214526673655e+04,3.862554318204534098e+00
1.065023216655705983e+04,3.862554328600772635e+00
1.065023218784738310e+04,3.862554338994776515e+00
1.065023220913770638e+04,3.862554349386545738e+00
1.065023223042803147e+04,3.862554359776087409e+00
1.065023225171835475e+04,3.862554370163387318e+00
1.065023227300867802e+04,3.862554380548456123e+00
1.065023229429900130e+04,3.862554390931283166e+00
1.065023231558932457e+04,3.862554401311882657e+00
1.065023233687964785e+04,3.862554411690243938e+00
1.065023235816997112e+04,3.862554422066370563e+00
1.065023237946029440e+04,3.862554432440269636e+00
1.065023240075061767e+04,3.862554442811926947e+00
1.065023242204094277e+04,3.862554453181356706e+00
1.065023244333126604e+04,3.862554463548544703e+00
1.065023246462158932e+04,3.862554473913501596e+00
1.065023248591191259e+04,3.862554484276220279e+00
1.065023250720223587e+04,3.862554494636704305e+00
1.065023252849255914e+04,3.862554504994953675e+00
1.065023254978288242e+04,3.862554515350968387e+00
1.065023257107320569e+04,3.862554525704751995e+00
1.065023259236352897e+04,3.862554536056297394e+00
1.065023261365385406e+04,3.862554546405611688e+00
1.065023263494417733e+04,3.862554556752687773e+00
1.065023265623450061e+04,3.862554567097529201e+00
1.065023267752482388e+04,3.862554577440132419e+00
1.065023269881514716e+04,3.862554587780504534e+00
1.065023272010547043e+04,3.862554598118638438e+00
1.065023274139579371e+04,3.862554608454541238e+00
1.065023276268611698e+04,3.862554618788202276e+00
1.065023278397644026e+04,3.862554629119632210e+00
1.065023280526676535e+04,3.862554639448827487e+00
1.065023282655708863e+04,3.862554649775784554e+00
1.065023284784741190e+04,3.862554660100506965e+00
1.065023286913773518e+04,3.862554670422998271e+00
1.065023289042805845e+04,3.862554680743254920e+00
1.065023291171838173e+04,3.862554691061269807e+00
1.065023293300870500e+04,3.862554701377050037e+00
1.065023295429902828e+04,3.862554711690599163e+00
1.065023297558935155e+04,3.862554722001910079e+00
1.065023299687967665e+04,3.862554732310989891e+00
1.065023301816999992e+04,3.862554742617824388e+00
1.065023303946032320e+04,3.862554752922431334e+00
1.065023306075064647e+04,3.862554763224800070e+00
1.065023308204096975e+04,3.862554773524930596e+00
1.065023310333129302e+04,3.862554783822830018e+00
1.065023312462161630e+04,3.862554794118487678e+00
1.065023314591193957e+04,3.862554804411917786e+00
1.065023316720226285e+04,3.862554814703106132e+00
1.065023318849258794e+04,3.862554824992056268e+00
1.065023320978291122e+04,3.862554835278778853e+00
1.065023323107323449e+04,3.862554845563259676e+00
1.065023325236355777e+04,3.862554855845505841e+00
1.065023327365388104e+04,3.862554866125510245e+00
1.065023329494420432e+04,3.862554876403290649e+00
1.065023331623452759e+04,3.862554886678825738e+00
1.065023333752485087e+04,3.862554896952133276e+00
1.065023335881517414e+04,3.862554907223191947e+00
1.065023338010549924e+04,3.862554917492023066e+00
1.065023340139582251e+04,3.862554927758615975e+00
1.065023342268614579e+04,3.862554938022974227e+00
1.065023344397646906e+04,3.862554948285097822e+00
1.065023346526679234e+04,3.862554958544976103e+00
1.065023348655711561e+04,3.862554968802626831e+00
1.065023350784743889e+04,3.862554979058039351e+00
1.065023352913776216e+04,3.862554989311210107e+00
1.065023355042808544e+04,3.862554999562153313e+00
1.065023357171841053e+04,3.862555009810854756e+00
1.065023359300873381e+04,3.862555020057321542e+00
1.065023361429905708e+04,3.862555030301550119e+00
1.065023363558938036e+04,3.862555040543540485e+00
1.065023365687970363e+04,3.862555050783296196e+00
1.065023367817002691e+04,3.862555061020817249e+00
1.065023369946035018e+04,3.862555071256100092e+00
1.065023372075067346e+04,3.862555081489141173e+00
1.065023374204099673e+04,3.862555091719954703e+00
1.065023376333132182e+04,3.862555101948526470e+00
1.065023378462164510e+04,3.862555112174867133e+00
1.065023380591196837e+04,3.862555122398966034e+00
1.065023382720229165e+04,3.862555132620826726e+00
1.065023384849261492e+04,3.862555142840445654e+00
1.065023386978293820e+04,3.862555153057837032e+00
1.065023389107326147e+04,3.862555163272986647e+00
1.065023391236358475e+04,3.862555173485901605e+00
1.065023393365390803e+04,3.862555183696581906e+00
1.065023395494423312e+04,3.862555193905020445e+00
1.065023397623455639e+04,3.862555204111224327e+00
1.065023399752487967e+04,3.862555214315190000e+00
1.065023401881520294e+04,3.862555224516921015e+00
1.065023404010552622e+04,3.862555234716406716e+00
1.065023406139584949e+04,3.862555244913664865e+00
1.065023408268617277e+04,3.862555255108677699e+00
1.065023410397649604e+04,3.862555265301455876e+00
1.065023412526681932e+04,3.862555275491999396e+00
1.065023414655714441e+04,3.862555285680311812e+00
1.065023416784746769e+04,3.862555295866375360e+00
1.065023418913779096e+04,3.862555306050200699e+00
1.065023421042811424e+04,3.862555316231798486e+00
1.065023423171843751e+04,3.862555326411150958e+00
1.065023425300876079e+04,3.862555336588268773e+00
1.065023427429908406e+04,3.862555346763151931e+00
1.065023429558940734e+04,3.862555356935796880e+00
1.065023431687973061e+04,3.862555367106200066e+00
1.065023433817005571e+04,3.862555377274368595e+00
1.065023435946037898e+04,3.862555387440298915e+00
1.065023438075070226e+04,3.862555397603987473e+00
1.065023440204102553e+04,3.862555407765444926e+00
1.065023442333134881e+04,3.862555417924660617e+00
1.065023444462167208e+04,3.862555428081638098e+00
1.065023446591199536e+04,3.862555438236377370e+00
1.065023448720231863e+04,3.862555448388881985e+00
1.065023450849264191e+04,3.862555458539144837e+00
1.065023452978296700e+04,3.862555468687176585e+00
1.065023455107329028e+04,3.862555478832963018e+00
1.065023457236361355e+04,3.862555488976518347e+00
1.065023459365393683e+04,3.862555499117828361e+00
1.065023461494426010e+04,3.862555509256896613e+00
1.065023463623458338e+04,3.862555519393740866e+00
1.065023465752490665e+04,3.862555529528336251e+00
1.065023467881522993e+04,3.862555539660700532e+00
1.065023470010555320e+04,3.862555549790815945e+00
1.065023472139587830e+04,3.862555559918703807e+00
1.065023474268620157e+04,3.862555570044353459e+00
1.065023476397652485e+04,3.862555580167757796e+00
1.065023478526684812e+04,3.862555590288927476e+00
1.065023480655717140e+04,3.862555600407858947e+00
1.065023482784749467e+04,3.862555610524555760e+00
1.065023484913781795e+04,3.862555620639003706e+00
1.065023487042814122e+04,3.862555630751220548e+00
1.065023489171846450e+04,3.862555640861192074e+00
1.065023491300878959e+04,3.862555650968936050e+00
1.065023493429911287e+04,3.862555661074431157e+00
1.065023495558943614e+04,3.862555671177698713e+00
1.065023497687975942e+04,3.862555681278720954e+00
1.065023499817008269e+04,3.862555691377501432e+00
1.065023501946040597e+04,3.862555701474047254e+00
1.065023504075072924e+04,3.862555711568358419e+00
1.065023506204105252e+04,3.862555721660424268e+00
1.065023508333137579e+04,3.862555731750251908e+00
1.065023510462170088e+04,3.862555741837844892e+00
1.065023512591202416e+04,3.862555751923196112e+00
1.065023514720234743e+04,3.862555762006305571e+00
1.065023516849267071e+04,3.862555772087180372e+00
1.065023518978299398e+04,3.862555782165813412e+00
1.065023521107331726e+04,3.862555792242208241e+00
1.065023523236364053e+04,3.862555802316368414e+00
1.065023525365396381e+04,3.862555812388286824e+00
1.065023527494428708e+04,3.862555822457963473e+00
1.065023529623461218e+04,3.862555832525405464e+00
1.065023531752493545e+04,3.862555842590605693e+00
1.065023533881525873e+04,3.862555852653564159e+00
1.065023536010558200e+04,3.862555862714287969e+00
1.065023538139590528e+04,3.862555872772770016e+00
1.065023540268622855e+04,3.862555882829013854e+00
1.065023542397655183e+04,3.862555892883015929e+00
1.065023544526687510e+04,3.862555902934783347e+00
1.065023546655719838e+04,3.862555912984305451e+00
1.065023548784752347e+04,3.862555923031596450e+00
1.065023550913784675e+04,3.862555933076642134e+00
1.065023553042817002e+04,3.862555943119449609e+00
1.065023555171849330e+04,3.862555953160015321e+00
1.065023557300881657e+04,3.862555963198346376e+00
1.065023559429913985e+04,3.862555973234432116e+00
1.065023561558946312e+04,3.862555983268279647e+00
1.065023563687978640e+04,3.862555993299888968e+00
1.065023565817010967e+04,3.862556003329260079e+00
1.065023567946043477e+04,3.862556013356392981e+00
1.065023570075075804e+04,3.862556023381277015e+00
1.065023572204108132e+04,3.862556033403929945e+00
1.065023574333140459e+04,3.862556043424341112e+00
1.065023576462172787e+04,3.862556053442514070e+00
1.065023578591205114e+04,3.862556063458441713e+00
1.065023580720237442e+04,3.862556073472134699e+00
1.065023582849269769e+04,3.862556083483582370e+00
1.065023584978302097e+04,3.862556093492795384e+00
1.065023587107334606e+04,3.862556103499770188e+00
1.065023589236366934e+04,3.862556113504499677e+00
1.065023591365399261e+04,3.862556123506990957e+00
1.065023593494431589e+04,3.862556133507244027e+00
1.065023595623463916e+04,3.862556143505255335e+00
1.065023597752496244e+04,3.862556153501024880e+00
1.065023599881528571e+04,3.862556163494552663e+00
1.065023602010560899e+04,3.862556173485845790e+00
1.065023604139593226e+04,3.862556183474897153e+00
1.065023606268625736e+04,3.862556193461710308e+00
1.065023608397658063e+04,3.862556203446278147e+00
1.065023610526690391e+04,3.862556213428604224e+00
1.065023612655722718e+04,3.862556223408692091e+00
1.065023614784755046e+04,3.862556233386545301e+00
1.065023616913787373e+04,3.862556243362153197e+00
1.065023619042819701e+04,3.862556253335522882e+00
1.065023621171852028e+04,3.862556263306643700e+00
1.065023623300884356e+04,3.862556273275533414e+00
1.065023625429916865e+04,3.862556283242177813e+00
1.065023627558949192e+04,3.862556293206587554e+00
1.065023629687981520e+04,3.862556303168748428e+00
1.065023631817013847e+04,3.862556313128674645e+00
1.065023633946046175e+04,3.862556323086362653e+00
1.065023636075078502e+04,3.862556333041801793e+00
1.065023638204110830e+04,3.862556342995002723e+00
1.065023640333143157e+04,3.862556352945961891e+00
1.065023642462175485e+04,3.862556362894686401e+00
1.065023644591207994e+04,3.862556372841165597e+00
1.065023646720240322e+04,3.862556382785406583e+00
1.065023648849272649e+04,3.862556392727405807e+00
1.065023650978304977e+04,3.862556402667159716e+00
1.065023653107337304e+04,3.862556412604675415e+00
1.065023655236369632e+04,3.862556422539949352e+00
1.065023657365401959e+04,3.862556432472985080e+00
1.065023659494434287e+04,3.862556442403775492e+00
1.065023661623466614e+04,3.862556452332331247e+00
1.065023663752499124e+04,3.862556462258641687e+00
1.065023665881531451e+04,3.862556472182710365e+00
1.065023668010563779e+04,3.862556482104540834e+00
1.065023670139596106e+04,3.862556492024129540e+00
1.065023672268628434e+04,3.862556501941472931e+00
1.065023674397660761e+04,3.862556511856578112e+00
1.065023676526693089e+04,3.862556521769441531e+00
1.065023678655725416e+04,3.862556531680066740e+00
1.065023680784757744e+04,3.862556541588443082e+00
1.065023682913790253e+04,3.862556551494584767e+00
1.065023685042822581e+04,3.862556561398481136e+00
1.065023687171854908e+04,3.862556571300139296e+00
1.065023689300887236e+04,3.862556581199552141e+00
1.065023691429919563e+04,3.862556591096730330e+00
1.065023693558951891e+04,3.862556600991659650e+00
1.065023695687984218e+04,3.862556610884347208e+00
1.065023697817016546e+04,3.862556620774796556e+00
1.065023699946048873e+04,3.862556630663007695e+00
1.065023702075081383e+04,3.862556640548969966e+00
1.065023704204113710e+04,3.862556650432694028e+00
1.065023706333146038e+04,3.862556660314172774e+00
1.065023708462178365e+04,3.862556670193416863e+00
1.065023710591210693e+04,3.862556680070415638e+00
1.065023712720243020e+04,3.862556689945169097e+00
1.065023714849275348e+04,3.862556699817684347e+00
1.065023716978307675e+04,3.862556709687957834e+00
1.065023719107340003e+04,3.862556719555982454e+00
1.065023721236372512e+04,3.862556729421775970e+00
1.065023723365404840e+04,3.862556739285324170e+00
1.065023725494437167e+04,3.862556749146623503e+00
1.065023727623469495e+04,3.862556759005684626e+00
1.065023729752501822e+04,3.862556768862507539e+00
1.065023731881534150e+04,3.862556778717088690e+00
1.065023734010566477e+04,3.862556788569420974e+00
1.065023736139598805e+04,3.862556798419518600e+00
1.065023738268631132e+04,3.862556808267367359e+00
1.065023740397663641e+04,3.862556818112977908e+00
1.065023742526695969e+04,3.862556827956346694e+00
1.065023744655728296e+04,3.862556837797466613e+00
1.065023746784760624e+04,3.862556847636348323e+00
1.065023748913792951e+04,3.862556857472988270e+00
1.065023751042825279e+04,3.862556867307386455e+00
1.065023753171857607e+04,3.862556877139542877e+00
1.065023755300889934e+04,3.862556886969457537e+00
1.065023757429922262e+04,3.862556896797126882e+00
1.065023759558954771e+04,3.862556906622554465e+00
1.065023761687987098e+04,3.862556916445740285e+00
1.065023763817019426e+04,3.862556926266673685e+00
1.065023765946051753e+04,3.862556936085383086e+00
1.065023768075084081e+04,3.862556945901836514e+00
1.065023770204116408e+04,3.862556955716048179e+00
1.065023772333148736e+04,3.862556965528018083e+00
1.065023774462181063e+04,3.862556975337753329e+00
1.065023776591213391e+04,3.862556985145236155e+00
1.065023778720245900e+04,3.862556994950480771e+00
1.065023780849278228e+04,3.862557004753480072e+00
1.065023782978310555e+04,3.862557014554237611e+00
1.065023785107342883e+04,3.862557024352756940e+00
1.065023787236375210e+04,3.862557034149027402e+00
1.065023789365407538e+04,3.862557043943048996e+00
1.065023791494439865e+04,3.862557053734835932e+00
1.065023793623472193e+04,3.862557063524381107e+00
1.065023795752504520e+04,3.862557073311677414e+00
1.065023797881537030e+04,3.862557083096739063e+00
1.065023800010569357e+04,3.862557092879551845e+00
1.065023802139601685e+04,3.862557102660119313e+00
1.065023804268634012e+04,3.862557112438445017e+00
1.065023806397666340e+04,3.862557122214525407e+00
1.065023808526698667e+04,3.862557131988371140e+00
1.065023810655730995e+04,3.862557141759964452e+00
1.065023812784763322e+04,3.862557151529319555e+00
1.065023814913795650e+04,3.862557161296429342e+00
1.065023817042828159e+04,3.862557171061297367e+00
1.065023819171860487e+04,3.862557180823920078e+00
1.065023821300892814e+04,3.862557190584297473e+00
1.065023823429925142e+04,3.862557200342436659e+00
1.065023825558957469e+04,3.862557210098330529e+00
1.065023827687989797e+04,3.862557219851979085e+00
1.065023829817022124e+04,3.862557229603385878e+00
1.065023831946054452e+04,3.862557239352547356e+00
1.065023834075086779e+04,3.862557249099467072e+00
1.065023836204119289e+04,3.862557258844141472e+00
1.065023838333151616e+04,3.862557268586570558e+00
1.065023840462183944e+04,3.862557278326757881e+00
1.065023842591216271e+04,3.862557288064703442e+00
1.065023844720248599e+04,3.862557297800400136e+00
1.065023846849280926e+04,3.862557307533858619e+00
1.065023848978313254e+04,3.862557317265068235e+00
1.065023851107345581e+04,3.862557326994036089e+00
1.065023853236377909e+04,3.862557336720758627e+00
1.065023855365410418e+04,3.862557346445242956e+00
1.065023857494442746e+04,3.862557356167478417e+00
1.065023859623475073e+04,3.862557365887472116e+00
1.065023861752507401e+04,3.862557375605220500e+00
1.065023863881539728e+04,3.862557385320720016e+00
1.065023866010572056e+04,3.862557395033981322e+00
1.065023868139604383e+04,3.862557404744997314e+00
1.065023870268636711e+04,3.862557414453771543e+00
1.065023872397669038e+04,3.862557424160296904e+00
1.065023874526701547e+04,3.862557433864576950e+00
1.065023876655733875e+04,3.862557443566622339e+00
1.065023878784766202e+04,3.862557453266415308e+00
1.065023880913798530e+04,3.862557462963962962e+00
1.065023883042830857e+04,3.862557472659272406e+00
1.065023885171863185e+04,3.862557482352336535e+00
1.065023887300895512e+04,3.862557492043148244e+00
1.065023889429927840e+04,3.862557501731725296e+00
1.065023891558960167e+04,3.862557511418053480e+00
1.065023893687992677e+04,3.862557521102136349e+00
1.065023895817025004e+04,3.862557530783977455e+00
1.065023897946057332e+04,3.862557540463569694e+00
1.065023900075089659e+04,3.862557550140923723e+00
1.065023902204121987e+04,3.862557559816025332e+00
1.065023904333154314e+04,3.862557569488888731e+00
1.065023906462186642e+04,3.862557579159503263e+00
1.065023908591218969e+04,3.862557588827876032e+00
1.065023910720251297e+04,3.862557598494003486e+00
1.065023912849283806e+04,3.862557608157882072e+00
1.065023914978316134e+04,3.862557617819515343e+00
1.065023917107348461e+04,3.862557627478917510e+00
1.065023919236380789e+04,3.862557637136060151e+00
1.065023921365413116e+04,3.862557646790961030e+00
1.065023923494445444e+04,3.862557656443620147e+00
1.065023925623477771e+04,3.862557666094030395e+00
1.065023927752510099e+04,3.862557675742195329e+00
1.065023929881542426e+04,3.862557685388122053e+00
1.065023932010574936e+04,3.862557695031799909e+00
1.065023934139607263e+04,3.862557704673232450e+00
1.065023936268639591e+04,3.862557714312412571e+00
1.065023938397671918e+04,3.862557723949358035e+00
1.065023940526704246e+04,3.862557733584058184e+00
1.065023942655736573e+04,3.862557743216509465e+00
1.065023944784768901e+04,3.862557752846715431e+00
1.065023946913801228e+04,3.862557762474672529e+00
1.065023949042833556e+04,3.862557772100384312e+00
1.065023951171866065e+04,3.862557781723857886e+00
1.065023953300898393e+04,3.862557791345082592e+00
1.065023955429930720e+04,3.862557800964065535e+00
1.065023957558963048e+04,3.862557810580792506e+00
1.065023959687995375e+04,3.862557820195284819e+00
1.065023961817027703e+04,3.862557829807528265e+00
1.065023963946060030e+04,3.862557839417526395e+00
1.065023966075092358e+04,3.862557849025279211e+00
1.065023968204124685e+04,3.862557858630786711e+00
1.065023970333157195e+04,3.862557868234045344e+00
1.065023972462189522e+04,3.862557877835062214e+00
1.065023974591221850e+04,3.862557887433830217e+00
1.065023976720254177e+04,3.862557897030352905e+00
1.065023978849286505e+04,3.862557906624630277e+00
1.065023980978318832e+04,3.862557916216658782e+00
1.065023983107351160e+04,3.862557925806445525e+00
1.065023985236383487e+04,3.862557935393990505e+00
1.065023987365415815e+04,3.862557944979286617e+00
1.065023989494448324e+04,3.862557954562333862e+00
1.065023991623480651e+04,3.862557964143135791e+00
1.065023993752512979e+04,3.862557973721692406e+00
1.065023995881545306e+04,3.862557983298003705e+00
1.065023998010577634e+04,3.862557992872069690e+00
1.065024000139609961e+04,3.862558002443886807e+00
1.065024002268642289e+04,3.862558012013458608e+00
1.065024004397674616e+04,3.862558021580785095e+00
1.065024006526706944e+04,3.862558031145862714e+00
1.065024008655739453e+04,3.862558040708698570e+00
1.065024010784771781e+04,3.862558050269289112e+00
1.065024012913804108e+04,3.862558059827634338e+00
1.065024015042836436e+04,3.862558069383723591e+00
1.065024017171868763e+04,3.862558078937578188e+00
1.065024019300901091e+04,3.862558088489176811e+00
1.065024021429933418e+04,3.862558098038533672e+00
1.065024023558965746e+04,3.862558107585641665e+00
1.065024025687998073e+04,3.862558117130507895e+00
1.065024027817030583e+04,3.862558126673121706e+00
1.065024029946062910e+04,3.862558136213493754e+00
1.065024032075095238e+04,3.862558145751620486e+00
1.065024034204127565e+04,3.862558155287501904e+00
1.065024036333159893e+04,3.862558164821127349e+00
1.065024038462192220e+04,3.862558174352511031e+00
1.065024040591224548e+04,3.862558183881656504e+00
1.065024042720256875e+04,3.862558193408542451e+00
1.065024044849289203e+04,3.862558202933186635e+00
1.065024046978321712e+04,3.862558212455578399e+00
1.065024049107354040e+04,3.862558221975735506e+00
1.065024051236386367e+04,3.862558231493640193e+00
1.065024053365418695e+04,3.862558241009299564e+00
1.065024055494451022e+04,3.862558250522706516e+00
1.065024057623483350e+04,3.862558260033871704e+00
1.065024059752515677e+04,3.862558269542791578e+00
1.065024061881548005e+04,3.862558279049455479e+00
1.065024064010580332e+04,3.862558288553877617e+00
1.065024066139612842e+04,3.862558298056054440e+00
1.065024068268645169e+04,3.862558307555982395e+00
1.065024070397677497e+04,3.862558317053668588e+00
1.065024072526709824e+04,3.862558326549098808e+00
1.065024074655742152e+04,3.862558336042287266e+00
1.065024076784774479e+04,3.862558345533226856e+00
1.065024078913806807e+04,3.862558355021917578e+00
1.065024081042839134e+04,3.862558364508370090e+00
1.065024083171871462e+04,3.862558373992566629e+00
1.065024085300903971e+04,3.862558383474517854e+00
1.065024087429936299e+04,3.862558392954223763e+00
1.065024089558968626e+04,3.862558402431684357e+00
1.065024091688000954e+04,3.865184387772682584e+00
1.065024093817033281e+04,3.865184388600958698e+00
1.065024095946065609e+04,3.865184389416704391e+00
1.065024098075097936e+04,3.865184390219930322e+00
1.065024100204130264e+04,3.865184391010625831e+00
1.065024102333162591e+04,3.865184391788801577e+00
1.065024104462195100e+04,3.865184392554446902e+00
1.065024106591227428e+04,3.865184393307568911e+00
1.065024108720259756e+04,3.865184394048160499e+00
1.065024110849292083e+04,3.865184394776228771e+00
1.065024112978324411e+04,3.865184395491780833e+00
1.065024115107356738e+04,3.865184396194795369e+00
1.065024117236389066e+04,3.865184396885290141e+00
1.065024119365421393e+04,3.865184397563254493e+00
1.065024121494453721e+04,3.865184398228702634e+00
1.065024123623486230e+04,3.865184398881620353e+00
1.065024125752518557e+04,3.865184399522011205e+00
1.065024127881550885e+04,3.865184400149885846e+00
1.065024130010583212e+04,3.865184400765226513e+00
1.065024132139615540e+04,3.865184401368040312e+00
1.065024134268647867e+04,3.865184401958334348e+00
1.065024136397680195e+04,3.865184402536105068e+00
1.065024138526712522e+04,3.865184403101348920e+00
1.065024140655744850e+04,3.865184403654069456e+00
1.065024142784777359e+04,3.865184404194259571e+00
1.065024144913809687e+04,3.865184404721926370e+00
1.065024147042842014e+04,3.865184405237069853e+00
1.065024149171874342e+04,3.865184405739690021e+00
1.065024151300906669e+04,3.865184406229786873e+00
1.065024153429938997e+04,3.865184406707356857e+00
1.065024155558971324e+04,3.865184407172403525e+00
1.065024157688003652e+04,3.865184407624923324e+00
1.065024159817035979e+04,3.865184408064919808e+00
1.065024161946068489e+04,3.865184408492389423e+00
1.065024164075100816e+04,3.865184408907339275e+00
1.065024166204133144e+04,3.865184409309758706e+00
1.065024168333165471e+04,3.865184409699658374e+00
1.065024170462197799e+04,3.865184410077031174e+00
1.065024172591230126e+04,3.865184410441880658e+00
1.065024174720262454e+04,3.865184410794210379e+00
1.065024176849294781e+04,3.865184411134006126e+00
1.065024178978327109e+04,3.865184411461289216e+00
1.065024181107359618e+04,3.865184411776038331e+00
1.065024183236391946e+04,3.865184412078267684e+00
1.065024185365424273e+04,3.865184412367973721e+00
1.065024187494456601e+04,3.865184412645152889e+00
1.065024189623488928e+04,3.865184412909808742e+00
1.065024191752521256e+04,3.865184413161944832e+00
1.065024193881553583e+04,3.865184413401554053e+00
1.065024196010585911e+04,3.865184413628643512e+00
1.065024198139618238e+04,3.865184413843202549e+00
1.065024200268650748e+04,3.865184414045241823e+00
1.065024202397683075e+04,3.865184414234750676e+00
1.065024204526715403e+04,3.865184414411743319e+00
1.065024206655747730e+04,3.865184414576212646e+00
1.065024208784780058e+04,3.865184414728155105e+00
1.065024210913812385e+04,3.865184414867574247e+00
1.065024213042844713e+04,3.865184414994470075e+00
1.065024215171877040e+04,3.865184415108846139e+00
1.065024217300909368e+04,3.865184415210695335e+00
1.065024219429941877e+04,3.865184415300024767e+00
1.065024221558974205e+04,3.865184415376827332e+00
1.065024223688006532e+04,3.865184415441103027e+00
1.065024225817038860e+04,3.865184415492858960e+00
1.065024227946071187e+04,3.865184415532095130e+00
1.065024230075103515e+04,3.865184415558800879e+00
1.065024232204135842e+04,3.865184415572990417e+00
1.065024234333168170e+04,3.865184415574653087e+00
1.065024236462200497e+04,3.865184415563792442e+00
1.065024238591233006e+04,3.865184415540412033e+00
1.065024240720265334e+04,3.865184415504511861e+00
1.065024242849297661e+04,3.865184415456081268e+00
1.065024244978329989e+04,3.865184415395127360e+00
1.065024247107362316e+04,3.865184415321653688e+00
1.065024249236394644e+04,3.865184415235656701e+00
1.065024251365426971e+04,3.865184415137143503e+00
1.065024253494459299e+04,3.865184415026103437e+00
1.065024255623491626e+04,3.865184414902536503e+00
1.065024257752524136e+04,3.865184414766446253e+00
1.065024259881556463e+04,3.865184414617836239e+00
1.065024262010588791e+04,3.865184414456706463e+00
1.065024264139621118e+04,3.865184414283053371e+00
1.065024266268653446e+04,3.865184414096876964e+00
1.065024268397685773e+04,3.865184413898177240e+00
1.065024270526718101e+04,3.865184413686954201e+00
1.065024272655750428e+04,3.865184413463211399e+00
1.065024274784782756e+04,3.865184413226945281e+00
1.065024276913815265e+04,3.865184412978155848e+00
1.065024279042847593e+04,3.865184412716846651e+00
1.065024281171879920e+04,3.865184412443010586e+00
1.065024283300912248e+04,3.865184412156658311e+00
1.065024285429944575e+04,3.865184411857782720e+00
1.065024287558976903e+04,3.865184411546383814e+00
1.065024289688009230e+04,3.865184411222465144e+00
1.065024291817041558e+04,3.865184410886023159e+00
1.065024293946073885e+04,3.865184410537061410e+00
1.065024296075106395e+04,3.865184410175569241e+00
1.065024298204138722e+04,3.865184409801564414e+00
1.065024300333171050e+04,3.865184409415039823e+00
1.065024302462203377e+04,3.865184409015984812e+00
1.065024304591235705e+04,3.865184408604413591e+00
1.065024306720268032e+04,3.865184408180315501e+00
1.065024308849300360e+04,3.865184407743704753e+00
1.065024310978332687e+04,3.865184407294567137e+00
1.065024313107365015e+04,3.865184406832906205e+00
1.065024315236397524e+04,3.865184406358729063e+00
1.065024317365429852e+04,3.865184405872032158e+00
1.065024319494462179e+04,3.865184405372804832e+00
1.065024321623494507e+04,3.865184404861064849e+00
1.065024323752526834e+04,3.865184404336797996e+00
1.065024325881559162e+04,3.865184403800014934e+00
1.065024328010591489e+04,3.865184403250705003e+00
1.065024330139623817e+04,3.865184402688878862e+00
1.065024332268656144e+04,3.865184402114529405e+00
1.065024334397688472e+04,3.865184401527660185e+00
1.065024336526720981e+04,3.865184400928271202e+00
1.065024338655753309e+04,3.865184400316355351e+00
1.065024340784785636e+04,3.865184399691926842e+00
1.065024342913817964e+04,3.865184399054971465e+00
1.065024345042850291e+04,3.865184398405499877e+00
1.065024347171882619e+04,3.865184397743504974e+00
1.065024349300914946e+04,3.865184397068990307e+00
1.065024351429947274e+04,3.865184396381955878e+00
1.065024353558979601e+04,3.865184395682401686e+00
1.065024355688012110e+04,3.865184394970320625e+00
1.065024357817044438e+04,3.865184394245723354e+00
1.065024359946076765e+04,3.865184393508609872e+00
1.065024362075109093e+04,3.865184392758969523e+00
1.065024364204141420e+04,3.865184391996816515e+00
1.065024366333173748e+04,3.865184391222136639e+00
1.065024368462206075e+04,3.865184390434937001e+00
1.065024370591238403e+04,3.865184389635217599e+00
1.065024372720270730e+04,3.865184388822978434e+00
1.065024374849303240e+04,3.865184387998223059e+00
1.065024376978335567e+04,3.865184387160944368e+00
1.065024379107367895e+04,3.865184386311145914e+00
1.065024381236400222e+04,3.865184385448831250e+00
1.065024383365432550e+04,3.865184384573989718e+00
1.065024385494464877e+04,3.865184383686628422e+00
1.065024387623497205e+04,3.865184382786754469e+00
1.065024389752529532e+04,3.865184381874360753e+00
1.065024391881561860e+04,3.865184380949440168e+00
1.065024394010594369e+04,3.865184380012006926e+00
1.065024396139626697e+04,3.865184379062050368e+00
1.065024398268659024e+04,3.865184378099577600e+00
1.065024400397691352e+04,3.865184377124581516e+00
1.065024402526723679e+04,3.865184376137065669e+00
1.065024404655756007e+04,3.865184375137030059e+00
1.065024406784788334e+04,3.865184374124478239e+00
1.065024408913820662e+04,3.865184373099406656e+00
1.065024411042852989e+04,3.865184372061815310e+00
1.065024413171885499e+04,3.865184371011707753e+00
1.065024415300917826e+04,3.865184369949080434e+00
1.065024417429950154e+04,3.865184368873929799e+00
1.065024419558982481e+04,3.865184367786262953e+00
1.065024421688014809e+04,3.865184366686076345e+00
1.065024423817047136e+04,3.865184365573373526e+00
1.065024425946079464e+04,3.865184364448147392e+00
1.065024428075111791e+04,3.865184363310405047e+00
1.065024430204144119e+04,3.865184362160142939e+00
1.065024432333176628e+04,3.865184360997361068e+00
1.065024434462208956e+04,3.865184359822062987e+00
1.065024436591241283e+04,3.865184358634245143e+00
1.065024438720273611e+04,3.865184357433911089e+00
1.065024440849305938e+04,3.865184356221057271e+00
1.065024442978338266e+04,3.865184354995687244e+00
1.065024445107370593e+04,3.865184353757793900e+00
1.065024447236402921e+04,3.865184352507384347e+00
1.065024449365435248e+04,3.865184351244458583e+00
1.065024451494467758e+04,3.865184349969013056e+00
1.065024453623500085e+04,3.865184348681051318e+00
1.065024455752532413e+04,3.865184347380569818e+00
1.065024457881564740e+04,3.865184346067565002e+00
1.065024460010597068e+04,3.865184344742051081e+00
1.065024462139629395e+04,3.865184343404010292e+00
1.065024464268661723e+04,3.865184342053456845e+00
1.065024466397694050e+04,3.865184340690394293e+00
1.065024468526726378e+04,3.865184339314804873e+00
1.065024470655758887e+04,3.865184337926692137e+00
1.065024472784791215e+04,3.865184336526070297e+00
1.065024474913823542e+04,3.865184335112925140e+00
1.065024477042855870e+04,3.865184333687267326e+00
1.065024479171888197e+04,3.865184332249093302e+00
1.065024481300920525e+04,3.865184330798395962e+00
1.065024483429952852e+04,3.865184329335182412e+00
1.065024485558985180e+04,3.865184327859449098e+00
1.065024487688017507e+04,3.865184326371206680e+00
1.065024489817050016e+04,3.865184324870444499e+00
1.065024491946082344e+04,3.865184323357162555e+00
1.065024494075114671e+04,3.865184321831364400e+00
1.065024496204146999e+04,3.865184320293042930e+00
1.065024498333179326e+04,3.865184318742215908e+00
1.065024500462211654e+04,3.865184317178865570e+00
1.065024502591243981e+04,3.865184315602995468e+00
1.065024504720276309e+04,3.865184314014616263e+00
1.065024506849308636e+04,3.865184312413717294e+00
1.065024508978341146e+04,3.865184310800298562e+00
1.065024511107373473e+04,3.865184309174367172e+00
1.065024513236405801e+04,3.865184307535916020e+00
1.065024515365438128e+04,3.865184305884948657e+00
1.065024517494470456e+04,3.865184304221465084e+00
1.065024519623502783e+04,3.865184302545465300e+00
1.065024521752535111e+04,3.865184300856945754e+00
1.065024523881567438e+04,3.865184299155917103e+00
1.065024526010599766e+04,3.865184297442368688e+00
1.065024528139632275e+04,3.865184295716307616e+00
1.065024530268664603e+04,3.865184293977723229e+00
1.065024532397696930e+04,3.865184292226626184e+00
1.065024534526729258e+04,3.865184290463009376e+00
1.065024536655761585e+04,3.865184288686879910e+00
1.065024538784793913e+04,3.865184286898234234e+00
1.065024540913826240e+04,3.865184285097072348e+00
1.065024543042858568e+04,3.865184283283397804e+00
1.065024545171890895e+04,3.865184281457207049e+00
1.065024547300923405e+04,3.865184279618496532e+00
1.065024549429955732e+04,3.865184277767269805e+00
1.065024551558988060e+04,3.865184275903530420e+00
1.065024553688020387e+04,3.865184274027274824e+00
1.065024555817052715e+04,3.865184272138503019e+00
1.065024557946085042e+04,3.865184270237218556e+00
1.065024560075117370e+04,3.865184268323414329e+00
1.065024562204149697e+04,3.865184266397097446e+00
1.065024564333182025e+04,3.865184264458264352e+00
1.065024566462214534e+04,3.865184262506915047e+00
1.065024568591246862e+04,3.865184260543049533e+00
1.065024570720279189e+04,3.865184258566671360e+00
1.065024572849311517e+04,3.865184256577780531e+00
1.065024574978343844e+04,3.865184254576369938e+00
1.065024577107376172e+04,3.865184252562446687e+00
1.065024579236408499e+04,3.865184250536010779e+00
1.065024581365440827e+04,3.865184248497058661e+00
1.065024583494473154e+04,3.865184246445590333e+00
1.065024585623505664e+04,3.865184244381605794e+00
1.065024587752537991e+04,3.865184242305108597e+00
1.065024589881570319e+04,3.865184240216091638e+00
1.065024592010602646e+04,3.865184238114569126e+00
1.065024594139634974e+04,3.865184236000523299e+00
1.065024596268667301e+04,3.865184233873968367e+00
1.065024598397699629e+04,3.865184231734897224e+00
1.065024600526731956e+04,3.865184229583316977e+00
1.065024602655764284e+04,3.865184227419220520e+00
1.065024604784796793e+04,3.865184225242607852e+00
1.065024606913829120e+04,3.865184223053478973e+00
1.065024609042861448e+04,3.865184220851837438e+00
1.065024611171893775e+04,3.865184218637679692e+00
1.065024613300926103e+04,3.865184216411012841e+00
1.065024615429958430e+04,3.865184214171829780e+00
1.065024617558990758e+04,3.865184211920130508e+00
1.065024619688023085e+04,3.865184209655922132e+00
1.065024621817055413e+04,3.865184207379197545e+00
1.065024623946087922e+04,3.865184205089960301e+00
1.065024626075120250e+04,3.865184202788206846e+00
1.065024628204152577e+04,3.865184200473940734e+00
1.065024630333184905e+04,3.865184198147161965e+00
1.065024632462217232e+04,3.865184195807870537e+00
1.065024634591249560e+04,3.865184193456062900e+00
1.065024636720281887e+04,3.865184191091746158e+00
1.065024638849314215e+04,3.865184188714913205e+00
1.065024640978346542e+04,3.865184186325567595e+00
1.065024643107379052e+04,3.865184183923709327e+00
1.065024645236411379e+04,3.865184181509338401e+00
1.065024647365443707e+04,3.865184179082454818e+00
1.065024649494476034e+04,3.865184176643058578e+00
1.065024651623508362e+04,3.865184174191146127e+00
1.065024653752540689e+04,3.865184171726721019e+00
1.065024655881573017e+04,3.865184169249790358e+00
1.065024658010605344e+04,3.865184166760336382e+00
1.065024660139637672e+04,3.865184164258376853e+00
1.065024662268670181e+04,3.865184161743901115e+00
1.065024664397702509e+04,3.865184159216919824e+00
1.065024666526734836e+04,3.865184156677415217e+00
1.065024668655767164e+04,3.865184154125405058e+00
1.065024670784799491e+04,3.865184151560878689e+00
1.065024672913831819e+04,3.865184148983843215e+00
1.065024675042864146e+04,3.865184146394295084e+00
1.065024677171896474e+04,3.865184143792234295e+00
1.065024679300928801e+04,3.865184141177660848e+00
1.065024681429961311e+04,3.865184138550581849e+00
1.065024683558993638e+04,3.865184135910983088e+00
1.065024685688025966e+04,3.865184133258875221e+00
1.065024687817058293e+04,3.865184130594251144e+00
1.065024689946090621e+04,3.865184127917117962e+00
1.065024692075122948e+04,3.865184125227475676e+00
1.065024694204155276e+04,3.865184122525320731e+00
1.065024696333187603e+04,3.865184119810653129e+00
1.065024698462219931e+04,3.865184117083472870e+00
1.065024700591252440e+04,3.865184114343779953e+00
1.065024702720284768e+04,3.865184111591585037e+00
1.065024704849317095e+04,3.865184108826866805e+00
1.065024706978349423e+04,3.865184106049643020e+00
1.065024709107381750e+04,3.865184103259906578e+00
1.065024711236414078e+04,3.865184100457661032e+00
1.065024713365446405e+04,3.865184097642906380e+00
1.065024715494478733e+04,3.865184094815631966e+00
1.065024717623511060e+04,3.865184091975851999e+00
1.065024719752543569e+04,3.865184089123562927e+00
1.065024721881575897e+04,3.865184086258761198e+00
1.065024724010608224e+04,3.865184083381450364e+00
1.065024726139640552e+04,3.865184080491623320e+00
1.065024728268672879e+04,3.865184077589290723e+00
1.065024730397705207e+04,3.865184074674445469e+00
1.065024732526737534e+04,3.865184071747091110e+00
1.065024734655769862e+04,3.865184068807227646e+00
1.065024736784802190e+04,3.865184065854851525e+00
1.065024738913834699e+04,3.865184062889966299e+00
1.065024741042867026e+04,3.865184059912564862e+00
1.065024743171899354e+04,3.865184056922661426e+00
1.065024745300931681e+04,3.865184053920238227e+00
1.065024747429964009e+04,3.865184050905316582e+00
1.065024749558996336e+04,3.865184047877878726e+00
1.065024751688028664e+04,3.865184044837931765e+00
1.065024753817060991e+04,3.865184041785472147e+00
1.065024755946093319e+04,3.865184038720506976e+00
1.065024758075125828e+04,3.865184035643032701e+00
1.065024760204158156e+04,3.865184032553045768e+00
1.065024762333190483e+04,3.865184029450546177e+00
1.065024764462222811e+04,3.865184026335544587e+00
1.065024766591255138e+04,3.865184023208026787e+00
1.065024768720287466e+04,3.865184020067999882e+00
1.065024770849319793e+04,3.865184016915470977e+00
1.065024772978352121e+04,3.865184013750429415e+00
1.065024775107384448e+04,3.865184010572871642e+00
1.065024777236416958e+04,3.865184007382811870e+00
1.065024779365449285e+04,3.865184004180242994e+00
1.065024781494481613e+04,3.865184000965161459e+00
1.065024783623513940e+04,3.865183997737574373e+00
1.065024785752546268e+04,3.865183994497474629e+00
1.065024787881578595e+04,3.865183991244869333e+00
1.065024790010610923e+04,3.865183987979754932e+00
1.065024792139643250e+04,3.865183984702127873e+00
1.065024794268675578e+04,3.865183981411991709e+00
1.065024796397708087e+04,3.865183978109353546e+00
1.065024798526740415e+04,3.865183974794206279e+00
1.065024800655772742e+04,3.865183971466546353e+00
1.065024802784805070e+04,3.865183968126380876e+00
1.065024804913837397e+04,3.865183964773702741e+00
1.065024807042869725e+04,3.865183961408522606e+00
1.065024809171902052e+04,3.865183958030829814e+00
1.065024811300934380e+04,3.865183954640635022e+00
1.065024813429966707e+04,3.865183951237924020e+00
1.065024815558999217e+04,3.865183947822711019e+00
1.065024817688031544e+04,3.865183944394981808e+00
1.065024819817063872e+04,3.865183940954754149e+00
1.065024821946096199e+04,3.865183937502010281e+00
1.065024824075128527e+04,3.865183934036767965e+00
1.065024826204160854e+04,3.865183930559016545e+00
1.065024828333193182e+04,3.865183927068752467e+00
1.065024830462225509e+04,3.865183923565982838e+00
1.065024832591257837e+04,3.865183920050704103e+00
1.065024834720290346e+04,3.865183916522916263e+00
1.065024836849322674e+04,3.865183912982622871e+00
1.065024838978355001e+04,3.865183909429827480e+00
1.065024841107387329e+04,3.865183905864522984e+00
1.065024843236419656e+04,3.865183902286712936e+00
1.065024845365451984e+04,3.865183898696386677e+00
1.065024847494484311e+04,3.865183895093561972e+00
1.065024849623516639e+04,3.865183891478224609e+00
1.065024851752548966e+04,3.865183887850385247e+00
1.065024853881581475e+04,3.865183884210036780e+00
1.065024856010613803e+04,3.865183880557182761e+00
1.065024858139646130e+04,3.865183876891823189e+00
1.065024860268678458e+04,3.865183873213954513e+00
1.065024862397710785e+04,3.865183869523580285e+00
1.065024864526743113e+04,3.865183865820700504e+00
1.065024866655775440e+04,3.865183862105308066e+00
1.065024868784807768e+04,3.865183858377417181e+00
1.065024870913840095e+04,3.865183854637017191e+00
1.065024873042872605e+04,3.865183850884115202e+00
1.065024875171904932e+04,3.865183847118704108e+00
1.065024877300937260e+04,3.865183843340787462e+00
1.065024879429969587e+04,3.865183839550361711e+00
1.065024881559001915e+04,3.865183835747433960e+00
1.065024883688034242e+04,3.865183831931997105e+00
1.065024885817066570e+04,3.865183828104054697e+00
1.065024887946098897e+04,3.865183824263606738e+00
1.065024890075131225e+04,3.865183820410656779e+00
1.065024892204163734e+04,3.865183816545197715e+00
1.065024894333196062e+04,3.865183812667236651e+00
1.065024896462228389e+04,3.865183808776770036e+00
1.065024898591260717e+04,3.865183804873794315e+00
1.065024900720293044e+04,3.865183800958313043e+00
1.065024902849325372e+04,3.865183797030329771e+00
1.065024904978357699e+04,3.865183793089837394e+00
1.065024907107390027e+04,3.865183789136850123e+00
1.065024909236422354e+04,3.865183785171346642e+00
1.065024911365454864e+04,3.865183781193344714e+00
1.065024913494487191e+04,3.865183777202833681e+00
1.065024915623519519e+04,3.865183773199820649e+00
1.065024917752551846e+04,3.865183769184305618e+00
1.065024919881584174e+04,3.865183765156277929e+00
1.065024922010616501e+04,3.865183761115751793e+00
1.065024924139648829e+04,3.865183757062720105e+00
1.065024926268681156e+04,3.865183752997182864e+00
1.065024928397713484e+04,3.865183748919143625e+00
1.065024930526745993e+04,3.865183744828595280e+00
1.065024932655778321e+04,3.865183740725552042e+00
1.065024934784810648e+04,3.865183736609992593e+00
1.065024936913842976e+04,3.865183732481938250e+00
1.065024939042875303e+04,3.865183728341374803e+00
1.065024941171907631e+04,3.865183724188312908e+00
1.065024943300939958e+04,3.865183720022745462e+00
1.065024945429972286e+04,3.865183715844672463e+00
1.065024947559004613e+04,3.865183711654097465e+00
1.065024949688037123e+04,3.865183707451020467e+00
1.065024951817069450e+04,3.865183703235430812e+00
1.065024953946101778e+04,3.865183699007349816e+00
1.065024956075134105e+04,3.865183694766752609e+00
1.065024958204166433e+04,3.865183690513664061e+00
1.065024960333198760e+04,3.865183686248069961e+00
1.065024962462231088e+04,3.865183681969966756e+00
1.065024964591263415e+04,3.865183677679365104e+00
1.065024966720295743e+04,3.865183673376261453e+00
1.065024968849328252e+04,3.865183669060652250e+00
1.065024970978360579e+04,3.865183664732537494e+00
1.065024973107392907e+04,3.865183660391924292e+00
1.065024975236425234e+04,3.865183656038812643e+00
1.065024977365457562e+04,3.865183651673188336e+00
1.065024979494489889e+04,3.865183647295069136e+00
1.065024981623522217e+04,3.865183642904444383e+00
1.065024983752554544e+04,3.865183638501314078e+00
1.065024985881586872e+04,3.865183634085685327e+00
1.065024988010619381e+04,3.865183629657554576e+00
1.065024990139651709e+04,3.865183625216921826e+00
1.065024992268684036e+04,3.865183620763787076e+00
1.065024994397716364e+04,3.865183616298143221e+00
1.065024996526748691e+04,3.865183611820008025e+00
1.065024998655781019e+04,3.865183607329367277e+00
1.065025000784813346e+04,3.865183602826224529e+00
1.065025002913845674e+04,3.865183598310576230e+00
1.065025005042878001e+04,3.865183593782429483e+00
1.065025007171910511e+04,3.865183589241780737e+00
1.065025009300942838e+04,3.865183584688629992e+00
1.065025011429975166e+04,3.865183580122980800e+00
1.065025013559007493e+04,3.865183575544826056e+00
1.065025015688039821e+04,3.865183570954176417e+00
1.065025017817072148e+04,3.865183566351017674e+00
1.065025019946104476e+04,3.865183561735367590e+00
1.065025022075136803e+04,3.865183557107204848e+00
1.065025024204169131e+04,3.865183552466543659e+00
1.065025026333201640e+04,3.865183547813384024e+00
1.065025028462233968e+04,3.865183543147722389e+00
1.065025030591266295e+04,3.865183538469565860e+00
1.065025032720298623e+04,3.865183533778907332e+00
1.065025034849330950e+04,3.865183529075739699e+00
1.065025036978363278e+04,3.865183524360080725e+00
1.065025039107395605e+04,3.865183519631919751e+00
1.065025041236427933e+04,3.865183514891253225e+00
1.065025043365460260e+04,3.865183510138088252e+00
1.065025045494492770e+04,3.865183505372424833e+00
1.065025047623525097e+04,3.865183500594259414e+00
1.065025049752557425e+04,3.865183495803595548e+00
1.065025051881589752e+04,3.865183491000429683e+00
1.065025054010622080e+04,3.865183486184768924e+00
1.065025056139654407e+04,3.865183481356606165e+00
1.065025058268686735e+04,3.865183476515941408e+00
1.065025060397719062e+04,3.865183471662778203e+00
1.065025062526751390e+04,3.865183466797112999e+00
1.065025064655783899e+04,3.865183461918949348e+00
1.065025066784816227e+04,3.865183457028290803e+00
1.065025068913848554e+04,3.865183452125123154e+00
1.065025071042880882e+04,3.865183447209467715e+00
1.065025073171913209e+04,3.865183442281310278e+00
1.065025075300945537e+04,3.865183437340647288e+00
1.065025077429977864e+04,3.865183432387485851e+00
1.065025079559010192e+04,3.865183427421833073e+00
1.065025081688042519e+04,3.865183422443678296e+00
1.065025083817075028e+04,3.865183417453021519e+00
1.065025085946107356e+04,3.865183412449869849e+00
1.065025088075139683e+04,3.865183407434216178e+00
1.065025090204172011e+04,3.865183402406064062e+00
1.065025092333204339e+04,3.865183397365420603e+00
1.065025094462236666e+04,3.865183392312271593e+00
1.065025096591268994e+04,3.865183387246624136e+00
1.065025098720301321e+04,3.865183382168478232e+00
1.065025100849333649e+04,3.865183377077833882e+00
1.065025102978366158e+04,3.865183371974691084e+00
1.065025105107398485e+04,3.865183366859053393e+00
1.065025107236430813e+04,3.865183361730917255e+00
1.065025109365463140e+04,3.865183356590282671e+00
1.065025111494495468e+04,3.865183351437153192e+00
1.065025113623527795e+04,3.865183346271525267e+00
1.065025115752560123e+04,3.865183341093391789e+00
1.065025117881592450e+04,3.865183335902770523e+00
1.065025120010624778e+04,3.865183330699647257e+00
1.065025122139657287e+04,3.865183325484029098e+00
1.065025124268689615e+04,3.865183320255908939e+00
1.065025126397721942e+04,3.865183315015290333e+00
1.065025128526754270e+04,3.865183309762180386e+00
1.065025130655786597e+04,3.865183304496575545e+00
1.065025132784818925e+04,3.865183299218468704e+00
1.065025134913851252e+04,3.865183293927866970e+00
1.065025137042883580e+04,3.865183288624759683e+00
1.065025139171915907e+04,3.865183283309168161e+00
1.065025141300948417e+04,3.865183277981074639e+00
1.065025143429980744e+04,3.865183272640486223e+00
1.065025145559013072e+04,3.865183267287395807e+00
1.065025147688045399e+04,3.865183261921817603e+00
1.065025149817077727e+04,3.865183256543733847e+00
1.065025151946110054e+04,3.865183251153162303e+00
1.065025154075142382e+04,3.865183245750092311e+00
1.065025156204174709e+04,3.865183240334520320e+00
1.065025158333207037e+04,3.865183234906456988e+00
1.065025160462239546e+04,3.865183229465895209e+00
1.065025162591271874e+04,3.865183224012842089e+00
1.065025164720304201e+04,3.865183218547290522e+00
1.065025166849336529e+04,3.865183213069244061e+00
1.065025168978368856e+04,3.865183207578699154e+00
1.065025171107401184e+04,3.865183202075662905e+00
1.065025173236433511e+04,3.865183196560135315e+00
1.065025175365465839e+04,3.865183191032102172e+00
1.065025177494498166e+04,3.865183185491577689e+00
1.065025179623530676e+04,3.865183179938558311e+00
1.065025181752563003e+04,3.865183174373044039e+00
1.065025183881595331e+04,3.865183168795031321e+00
1.065025186010627658e+04,3.865183163204527261e+00
1.065025188139659986e+04,3.865183157601528308e+00
1.065025190268692313e+04,3.865183151986034460e+00
1.065025192397724641e+04,3.865183146358042166e+00
1.065025194526756968e+04,3.865183140717562083e+00
1.065025196655789296e+04,3.865183135064587105e+00
1.065025198784821805e+04,3.865183129399113682e+00
1.065025200913854133e+04,3.865183123721141811e+00
1.065025203042886460e+04,3.865183118030678600e+00
1.065025205171918788e+04,3.865183112327724047e+00
1.065025207300951115e+04,3.865183106612278152e+00
1.065025209429983443e+04,3.865183100884333811e+00
1.065025211559015770e+04,3.865183095143894576e+00
1.065025213688048098e+04,3.865183089390964000e+00
1.065025215817080425e+04,3.865183083625534977e+00
1.065025217946112934e+04,3.865183077847621718e+00
1.065025220075145262e+04,3.865183072057202907e+00
1.065025222204177589e+04,3.865183066254296307e+00
1.065025224333209917e+04,3.865183060438894813e+00
1.065025226462242244e+04,3.865183054611005531e+00
1.065025228591274572e+04,3.865183048770617802e+00
1.065025230720306899e+04,3.865183042917738732e+00
1.065025232849339227e+04,3.865183037052368320e+00
1.065025234978371554e+04,3.865183031174503014e+00
1.065025237107404064e+04,3.865183025284139262e+00
1.065025239236436391e+04,3.865183019381287721e+00
1.065025241365468719e+04,3.865183013465944839e+00
1.065025243494501046e+04,3.865183007538110616e+00
1.065025245623533374e+04,3.865183001597777945e+00
1.065025247752565701e+04,3.865182995644953934e+00
1.065025249881598029e+04,3.865182989679638581e+00
1.065025252010630356e+04,3.865182983701831887e+00
1.065025254139662684e+04,3.865182977711533852e+00
1.065025256268695193e+04,3.865182971708740922e+00
1.065025258397727521e+04,3.865182965693456651e+00
1.065025260526759848e+04,3.865182959665684592e+00
1.065025262655792176e+04,3.865182953625410534e+00
1.065025264784824503e+04,3.865182947572655792e+00
1.065025266913856831e+04,3.865182941507399050e+00
1.065025269042889158e+04,3.865182935429658073e+00
1.065025271171921486e+04,3.865182929339422202e+00
1.065025273300953813e+04,3.865182923236698542e+00
1.065025275429986323e+04,3.865182917121479989e+00
1.065025277559018650e+04,3.865182910993770093e+00
1.065025279688050978e+04,3.865182904853575963e+00
1.065025281817083305e+04,3.865182898700876279e+00
1.065025283946115633e+04,3.865182892535699466e+00
1.065025286075147960e+04,3.865182886358024206e+00
1.065025288204180288e+04,3.865182880167861157e+00
1.065025290333212615e+04,3.865182873965203214e+00
1.065025292462244943e+04,3.865182867750057483e+00
1.065025294591277452e+04,3.865182861522423963e+00
1.065025296720309780e+04,3.865182855282291996e+00
1.065025298849342107e+04,3.865182849029679346e+00
1.065025300978374435e+04,3.865182842764568250e+00
1.065025303107406762e+04,3.865182836486969364e+00
1.065025305236439090e+04,3.865182830196879138e+00
1.065025307365471417e+04,3.865182823894304676e+00
1.065025309494503745e+04,3.865182817579235319e+00
1.065025311623536072e+04,3.865182811251674622e+00
1.065025313752568582e+04,3.865182804911626135e+00
1.065025315881600909e+04,3.865182798559082755e+00
1.065025318010633237e+04,3.865182792194058692e+00
1.065025320139665564e+04,3.865182785816543287e+00
1.065025322268697892e+04,3.865182779426532989e+00
1.065025324397730219e+04,3.865182773024038454e+00
1.065025326526762547e+04,3.865182766609052578e+00
1.065025328655794874e+04,3.865182760181578914e+00
1.065025330784827202e+04,3.865182753741613908e+00
1.065025332913859711e+04,3.865182747289157561e+00
1.065025335042892038e+04,3.865182740824216978e+00
1.065025337171924366e+04,3.865182734346785054e+00
1.065025339300956693e+04,3.865182727856865341e+00
1.065025341429989021e+04,3.865182721354454287e+00
1.065025343559021348e+04,3.865182714839558997e+00
1.065025345688053676e+04,3.865182708312172366e+00
1.065025347817086003e+04,3.865182701772297946e+00
1.065025349946118331e+04,3.865182695219939291e+00
1.065025352075150840e+04,3.865182688655082188e+00
1.065025354204183168e+04,3.865182682077740850e+00
1.065025356333215495e+04,3.865182675487918829e+00
1.065025358462247823e+04,3.865182668885601913e+00
1.065025360591280150e+04,3.865182662270800762e+00
1.065025362720312478e+04,3.865182655643508269e+00
1.065025364849344805e+04,3.865182649003731541e+00
1.065025366978377133e+04,3.865182642351463471e+00
1.065025369107409460e+04,3.865182635686711166e+00
1.065025371236441970e+04,3.865182629009467519e+00
1.065025373365474297e+04,3.865182622319736083e+00
1.065025375494506625e+04,3.865182615617523965e+00
1.065025377623538952e+04,3.865182608902820505e+00
1.065025379752571280e+04,3.865182602175629256e+00
1.065025381881603607e+04,3.865182595435950219e+00
1.065025384010635935e+04,3.865182588683790499e+00
1.065025386139668262e+04,3.865182581919135885e+00
1.065025388268700590e+04,3.865182575142000587e+00
1.065025390397733099e+04,3.865182568352370396e+00
1.065025392526765427e+04,3.865182561550263074e+00
1.065025394655797754e+04,3.865182554735664411e+00
1.065025396784830082e+04,3.865182547908585065e+00
1.065025398913862409e+04,3.865182541069014377e+00
1.065025401042894737e+04,3.865182534216955901e+00
1.065025403171927064e+04,3.865182527352413189e+00
1.065025405300959392e+04,3.865182520475386241e+00
1.065025407429991719e+04,3.865182513585871504e+00
1.065025409559024229e+04,3.865182506683868979e+00
1.065025411688056556e+04,3.865182499769385771e+00
1.065025413817088884e+04,3.865182492842411222e+00
1.065025415946121211e+04,3.865182485902952436e+00
1.065025418075153539e+04,3.865182478951009415e+00
1.065025420204185866e+04,3.865182471986585711e+00
1.065025422333218194e+04,3.865182465009667112e+00
1.065025424462250521e+04,3.865182458020267831e+00
1.065025426591282849e+04,3.865182451018387866e+00
1.065025428720315358e+04,3.865182444004020113e+00
1.065025430849347686e+04,3.865182436977168123e+00
1.065025432978380013e+04,3.865182429937824793e+00
1.065025435107412341e+04,3.865182422886004332e+00
1.065025437236444668e+04,3.865182415821699635e+00
1.065025439365476996e+04,3.865182408744903597e+00
1.065025441494509323e+04,3.865182401655626876e+00
1.065025443623541651e+04,3.865182394553865919e+00
1.065025445752573978e+04,3.865182387439624279e+00
1.065025447881606487e+04,3.865182380312891297e+00
1.065025450010638815e+04,3.865182373173681185e+00
1.065025452139671143e+04,3.865182366021983285e+00
1.065025454268703470e+04,3.865182358857801148e+00
1.065025456397735798e+04,3.865182351681134776e+00
1.065025458526768125e+04,3.865182344491987720e+00
1.065025460655800453e+04,3.865182337290352876e+00
1.065025462784832780e+04,3.865182330076237349e+00
1.065025464913865108e+04,3.865182322849637586e+00
1.065025467042897617e+04,3.865182315610557140e+00
1.065025469171929944e+04,3.865182308358988905e+00
1.065025471300962272e+04,3.865182301094939987e+00
1.065025473429994599e+04,3.865182293818410386e+00
1.065025475559026927e+04,3.865182286529396549e+00
1.065025477688059254e+04,3.865182279227894924e+00
1.065025479817091582e+04,3.865182271913916168e+00
1.065025481946123909e+04,3.865182264587449623e+00
1.065025484075156237e+04,3.865182257248502395e+00
1.065025486204188746e+04,3.865182249897078037e+00
1.065025488333221074e+04,3.865182242533165891e+00
1.065025490462253401e+04,3.865182235156773061e+00
1.065025492591285729e+04,3.865182227767899548e+00
1.065025494720318056e+04,3.865182220366541799e+00
1.065025496849350384e+04,3.865182212952696261e+00
1.065025498978382711e+04,3.865182205526380699e+00
1.065025501107415039e+04,3.865182198087580900e+00
1.065025503236447366e+04,3.865182190636293313e+00
1.065025505365479694e+04,3.865182183172525043e+00
1.065025507494512203e+04,3.865182175696276090e+00
1.065025509623544531e+04,3.865182168207550006e+00
1.065025511752576858e+04,3.865182160706339687e+00
1.065025513881609186e+04,3.865182153192648684e+00
1.065025516010641513e+04,3.865182145666473446e+00
1.065025518139673841e+04,3.865182138127817524e+00
1.065025520268706168e+04,3.865182130576684472e+00
1.065025522397738496e+04,3.865182123013067184e+00
1.065025524526770823e+04,3.865182115436972765e+00
1.065025526655803333e+04,3.865182107848394111e+00
1.065025528784835660e+04,3.865182100247334773e+00
1.065025530913867988e+04,3.865182092633801858e+00
1.065025533042900315e+04,3.865182085007784707e+00
1.065025535171932643e+04,3.865182077369276215e+00
1.065025537300964970e+04,3.865182069718301250e+00
1.065025539429997298e+04,3.865182062054842049e+00
1.065025541559029625e+04,3.865182054378909271e+00
1.065025543688061953e+04,3.865182046690485151e+00
1.065025545817094462e+04,3.865182038989583901e+00
1.065025547946126790e+04,3.865182031276205521e+00
1.065025550075159117e+04,3.865182023550350010e+00
1.065025552204191445e+04,3.865182015812013816e+00
1.065025554333223772e+04,3.865182008061200492e+00
1.065025556462256100e+04,3.865182000297902931e+00
1.065025558591288427e+04,3.865181992522124688e+00
1.065025560720320755e+04,3.865181984733869314e+00
1.065025562849353082e+04,3.865181976933136809e+00
1.065025564978385592e+04,3.865181969119923622e+00
1.065025567107417919e+04,3.865181961294233304e+00
1.065025569236450247e+04,3.865181953456062303e+00
1.065025571365482574e+04,3.865181945605414171e+00
1.065025573494514902e+04,3.865181937742285356e+00
1.065025575623547229e+04,3.865181929866682964e+00
1.065025577752579557e+04,3.865181921978599888e+00
1.065025579881611884e+04,3.865181914078039682e+00
1.065025582010644212e+04,3.865181906164995240e+00
1.065025584139676721e+04,3.865181898239480773e+00
1.065025586268709048e+04,3.865181890301485623e+00
1.065025588397741376e+04,3.865181882351006237e+00
1.065025590526773703e+04,3.865181874388056826e+00
1.065025592655806031e+04,3.865181866412630285e+00
1.065025594784838358e+04,3.865181858424723060e+00
1.065025596913870686e+04,3.865181850424335153e+00
1.065025599042903013e+04,3.865181842411477220e+00
1.065025601171935341e+04,3.865181834386138604e+00
1.065025603300967850e+04,3.865181826348322858e+00
1.065025605430000178e+04,3.865181818298026428e+00
1.065025607559032505e+04,3.865181810235263526e+00
1.065025609688064833e+04,3.865181802160012836e+00
1.065025611817097160e+04,3.865181794072288568e+00
1.065025613946129488e+04,3.865181785972087170e+00
1.065025616075161815e+04,3.865181777859412193e+00
1.065025618204194143e+04,3.865181769734260087e+00
1.065025620333226470e+04,3.865181761596630849e+00
1.065025622462258980e+04,3.865181753446524482e+00
1.065025624591291307e+04,3.865181745283944537e+00
1.065025626720323635e+04,3.865181737108883908e+00
1.065025628849355962e+04,3.865181728921353255e+00
1.065025630978388290e+04,3.865181720721341918e+00
1.065025633107420617e+04,3.865181712508857004e+00
1.065025635236452945e+04,3.865181704283898512e+00
1.065025637365485272e+04,3.865181696046462889e+00
1.065025639494517600e+04,3.865181687796546584e+00
1.065025641623550109e+04,3.865181679534160253e+00
1.065025643752582437e+04,3.865181671259300344e+00
1.065025645881614764e+04,3.865181662971963306e+00
1.065025648010647092e+04,3.865181654672149136e+00
1.065025650139679419e+04,3.865181646359864942e+00
1.065025652268711747e+04,3.865181638035100065e+00
1.065025654397744074e+04,3.865181629697868715e+00
1.065025656526776402e+04,3.865181621348153129e+00
1.065025658655808729e+04,3.865181612985967519e+00
1.065025660784841239e+04,3.865181604611304778e+00
1.065025662913873566e+04,3.865181596224172011e+00
1.065025665042905894e+04,3.865181587824565668e+00
1.065025667171938221e+04,3.865181579412482193e+00
1.065025669300970549e+04,3.865181570987921589e+00
1.065025671430002876e+04,3.865181562550894512e+00
1.065025673559035204e+04,3.865181554101390304e+00
1.065025675688067531e+04,3.865181545639412519e+00
1.065025677817099859e+04,3.865181537164957604e+00
1.065025679946132368e+04,3.865181528678036216e+00
1.065025682075164696e+04,3.865181520178634145e+00
1.065025684204197023e+04,3.865181511666765601e+00
1.065025686333229351e+04,3.865181503142416375e+00
1.065025688462261678e+04,3.865181494605600676e+00
1.065025690591294006e+04,3.865181486056307847e+00
1.065025692720326333e+04,3.865181477494541440e+00
1.065025694849358661e+04,3.865181468920308561e+00
1.065025696978390988e+04,3.865181460333598551e+00
1.065025699107423497e+04,3.865181451734418516e+00
1.065025701236455825e+04,3.865181443122761351e+00
1.065025703365488152e+04,3.865181434498634161e+00
1.065025705494520480e+04,3.865181425862033393e+00
1.065025707623552807e+04,3.865181417212966153e+00
1.065025709752585135e+04,3.865181408551418230e+00
1.065025711881617462e+04,3.865181399877407387e+00
1.065025714010649790e+04,3.865181391190919413e+00
1.065025716139682118e+04,3.865181382491961415e+00
1.065025718268714627e+04,3.865181373780526286e+00
1.065025720397746954e+04,3.865181365056628238e+00
1.065025722526779282e+04,3.865181356320253059e+00
1.065025724655811609e+04,3.865181347571411408e+00
1.065025726784843937e+04,3.865181338810092626e+00
1.065025728913876264e+04,3.865181330036310925e+00
1.065025731042908592e+04,3.865181321250048541e+00
1.065025733171940919e+04,3.865181312451323237e+00
1.065025735300973247e+04,3.865181303640124355e+00
1.065025737430005756e+04,3.865181294816451896e+00
1.065025739559038084e+04,3.865181285980309411e+00
1.065025741688070411e+04,3.865181277131696902e+00
1.065025743817102739e+04,3.865181268270614368e+00
1.065025745946135066e+04,3.865181259397065361e+00
1.065025748075167394e+04,3.865181250511046329e+00
1.065025750204199721e+04,3.865181241612553720e+00
1.065025752333232049e+04,3.865181232701591085e+00
1.065025754462264376e+04,3.865181223778158426e+00
1.065025756591296886e+04,3.865181214842259294e+00
1.065025758720329213e+04,3.865181205893886585e+00
1.065025760849361541e+04,3.865181196933043850e+00
1.065025762978393868e+04,3.865181187959731091e+00
1.065025765107426196e+04,3.865181178973958964e+00
1.065025767236458523e+04,3.865181169975706155e+00
1.065025769365490851e+04,3.865181160964990426e+00
1.065025771494523178e+04,3.865181151941804671e+00
1.065025773623555506e+04,3.865181142906148892e+00
1.065025775752588015e+04,3.865181133858019535e+00
1.065025777881620343e+04,3.865181124797427259e+00
1.065025780010652670e+04,3.865181115724364957e+00
1.065025782139684998e+04,3.865181106638839736e+00
1.065025784268717325e+04,3.865181097540840938e+00
1.065025786397749653e+04,3.865181088430375667e+00
1.065025788526781980e+04,3.865181079307436818e+00
1.065025790655814308e+04,3.865181070172035049e+00
1.065025792784846635e+04,3.865181061024166809e+00
1.065025794913879145e+04,3.865181051863824990e+00
1.065025797042911472e+04,3.865181042691020252e+00
1.065025799171943800e+04,3.865181033505749042e+00
1.065025801300976127e+04,3.865181024308007807e+00
1.065025803430008455e+04,3.865181015097800099e+00
1.065025805559040782e+04,3.865181005875125919e+00
1.065025807688073110e+04,3.865180996639978162e+00
1.065025809817105437e+04,3.865180987392363932e+00
1.065025811946137765e+04,3.865180978132290335e+00
1.065025814075170274e+04,3.865180968859746713e+00
1.065025816204202602e+04,3.865180959574736619e+00
1.065025818333234929e+04,3.865180950277256500e+00
1.065025820462267257e+04,3.865180940967313461e+00
1.065025822591299584e+04,3.865180931644903950e+00
1.065025824720331912e+04,3.865180922310031519e+00
1.065025826849364239e+04,3.865180912962689064e+00
1.065025828978396567e+04,3.865180903602876583e+00
1.065025831107428894e+04,3.865180894230601183e+00
1.065025833236461403e+04,3.865180884845862863e+00
1.065025835365493731e+04,3.865180875448654518e+00
1.065025837494526058e+04,3.865180866038983254e+00
1.065025839623558386e+04,3.865180856616849070e+00
1.065025841752590713e+04,3.865180847182244861e+00
1.065025843881623041e+04,3.865180837735174180e+00
1.065025846010655368e+04,3.865180828275644132e+00
1.065025848139687696e+04,3.865180818803640506e+00
1.065025850268720023e+04,3.865180809319177513e+00
1.065025852397752533e+04,3.865180799822248048e+00
1.065025854526784860e+04,3.865180790312859216e+00
1.065025856655817188e+04,3.865180780791003912e+00
1.065025858784849515e+04,3.865180771256678582e+00
1.065025860913881843e+04,3.865180761709897439e+00
1.065025863042914170e+04,3.865180752150642718e+00
1.065025865171946498e+04,3.865180742578928630e+00
1.065025867300978825e+04,3.865180732994748070e+00
1.065025869430011153e+04,3.865180723398104590e+00
1.065025871559043662e+04,3.865180713788998190e+00
1.065025873688075990e+04,3.865180704167425318e+00
1.065025875817108317e+04,3.865180694533389527e+00
1.065025877946140645e+04,3.865180684886890816e+00
1.065025880075172972e+04,3.865180675227929186e+00
1.065025882204205300e+04,3.865180665556501083e+00
1.065025884333237627e+04,3.865180655872617166e+00
1.065025886462269955e+04,3.865180646176266777e+00
1.065025888591302282e+04,3.865180636467449915e+00
1.065025890720334792e+04,3.865180626746177239e+00
1.065025892849367119e+04,3.865180617012434539e+00
1.065025894978399447e+04,3.865180607266232471e+00
1.065025897107431774e+04,3.865180597507567484e+00
1.065025899236464102e+04,3.865180587736439577e+00
1.065025901365496429e+04,3.865180577952852303e+00
1.065025903494528757e+04,3.865180568156798557e+00
1.065025905623561084e+04,3.865180558348285444e+00
1.065025907752593412e+04,3.865180548527309412e+00
1.065025909881625921e+04,3.865180538693870460e+00
1.065025912010658249e+04,3.865180528847968588e+00
1.065025914139690576e+04,3.865180518989607350e+00
1.065025916268722904e+04,3.865180509118783192e+00
1.065025918397755231e+04,3.865180499235503220e+00
1.065025920526787559e+04,3.865180489339753223e+00
1.065025922655819886e+04,3.865180479431547411e+00
1.065025924784852214e+04,3.865180469510878680e+00
1.065025926913884541e+04,3.865180459577750582e+00
1.065025929042917051e+04,3.865180449632159565e+00
1.065025931171949378e+04,3.865180439674109181e+00
1.065025933300981706e+04,3.865180429703595877e+00
1.065025935430014033e+04,3.865180419720626759e+00
1.065025937559046361e+04,3.865180409725194721e+00
1.065025939688078688e+04,3.865180399717303317e+00
1.065025941817111016e+04,3.865180389696952545e+00
1.065025943946143343e+04,3.865180379664138854e+00
1.065025946075175671e+04,3.865180369618865797e+00
1.065025948204208180e+04,3.865180359561129819e+00
1.065025950333240507e+04,3.865180349490941580e+00
1.065025952462272835e+04,3.865180339408283317e+00
1.065025954591305162e+04,3.865180329313172791e+00
1.065025956720337490e+04,3.865180319205610004e+00
1.065025958849369817e+04,3.865180309085573640e+00
1.065025960978402145e+04,3.865180298953088567e+00
1.065025963107434472e+04,3.865180288808137021e+00
1.065025965236466800e+04,3.865180278650729662e+00
1.065025967365499309e+04,3.865180268480862935e+00
1.065025969494531637e+04,3.865180258298540394e+00
1.065025971623563964e+04,3.865180248103758487e+00
1.065025973752596292e+04,3.865180237896510107e+00
1.065025975881628619e+04,3.865180227676816571e+00
1.065025978010660947e+04,3.865180217444656563e+00
1.065025980139693274e+04,3.865180207200037188e+00
1.065025982268725602e+04,3.865180196942961999e+00
1.065025984397757929e+04,3.865180186673430995e+00
1.065025986526790439e+04,3.865180176391437072e+00
1.065025988655822766e+04,3.865180166096994441e+00
1.065025990784855094e+04,3.865180155790088889e+00
1.065025992913887421e+04,3.865180145470727524e+00
1.065025995042919749e+04,3.865180135138906792e+00
1.065025997171952076e+04,3.865180124794626693e+00
1.065025999300984404e+04,3.865180114437894332e+00
1.065026001430016731e+04,3.865180104068702605e+00
1.065026003559049059e+04,3.865180093687051510e+00
1.065026005688081568e+04,3.865180083292948154e+00
1.065026007817113896e+04,3.865180072886385432e+00
1.065026009946146223e+04,3.865180062467366895e+00
1.065026012075178551e+04,3.865180052035892544e+00
1.065026014204210878e+04,3.865180041591962379e+00
1.065026016333243206e+04,3.865180031135576399e+00
1.065026018462275533e+04,3.865180020666731053e+00
1.065026020591307861e+04,3.865180010185429893e+00
1.065026022720340188e+04,3.865179999691680024e+00
1.065026024849372698e+04,3.865179989185470788e+00
1.065026026978405025e+04,3.865179978666802185e+00
1.065026029107437353e+04,3.865179968135684874e+00
1.065026031236469680e+04,3.865179957592104643e+00
1.065026033365502008e+04,3.865179947036075703e+00
1.065026035494534335e+04,3.865179936467587396e+00
1.065026037623566663e+04,3.865179925886643275e+00
1.065026039752598990e+04,3.865179915293246893e+00
1.065026041881631318e+04,3.865179904687391144e+00
1.065026044010663827e+04,3.865179894069090238e+00
1.065026046139696155e+04,3.865179883438326414e+00
1.065026048268728482e+04,3.865179872795113880e+00
1.065026050397760810e+04,3.865179862139441980e+00
1.065026052526793137e+04,3.865179851471317818e+00
1.065026054655825465e+04,3.865179840790737842e+00
1.065026056784857792e+04,3.865179830097712710e+00
1.065026058913890120e+04,3.865179819392224658e+00
1.065026061042922447e+04,3.865179808674284345e+00
1.065026063171954956e+04,3.865179797943891771e+00
1.065026065300987284e+04,3.865179787201046935e+00
1.065026067430019611e+04,3.865179776445746285e+00
1.065026069559051939e+04,3.865179765677993373e+00
1.065026071688084266e+04,3.865179754897784647e+00
1.065026073817116594e+04,3.865179744105123660e+00
1.065026075946148922e+04,3.865179733300017517e+00
1.065026078075181249e+04,3.865179722482452007e+00
1.065026080204213577e+04,3.865179711652434236e+00
1.065026082333246086e+04,3.865179700809967756e+00
1.065026084462278413e+04,3.865179689955045461e+00
1.065026086591310741e+04,3.865179679087667353e+00
1.065026088720343068e+04,3.865179668207840535e+00
1.065026090849375396e+04,3.865179657315565009e+00
1.065026092978407723e+04,3.865179646410830117e+00
1.065026095107440051e+04,3.865179635493650068e+00
1.065026097236472378e+04,3.865179624564017757e+00
1.065026099365504706e+04,3.865179613621929633e+00
1.065026101494537215e+04,3.865179602667396352e+00
1.065026103623569543e+04,3.865179591700407258e+00
1.065026105752601870e+04,3.865179580720965902e+00
1.065026107881634198e+04,3.865179569729075837e+00
1.065026110010666525e+04,3.865179558724737063e+00
1.065026112139698853e+04,3.865179547707942476e+00
1.065026114268731180e+04,3.865179536678699179e+00
1.065026116397763508e+04,3.865179525637010727e+00
1.065026118526795835e+04,3.865179514582866460e+00
1.065026120655828345e+04,3.865179503516266379e+00
1.065026122784860672e+04,3.865179492437224695e+00
1.065026124913893000e+04,3.865179481345730750e+00
1.065026127042925327e+04,3.865179470241784543e+00
1.065026129171957655e+04,3.865179459125393180e+00
1.065026131300989982e+04,3.865179447996549555e+00
1.065026133430022310e+04,3.865179436855253670e+00
1.065026135559054637e+04,3.865179425701509075e+00
1.065026137688086965e+04,3.865179414535315772e+00
1.065026139817119474e+04,3.865179403356677312e+00
1.065026141946151802e+04,3.865179392165583039e+00
1.065026144075184129e+04,3.865179380962047162e+00
1.065026146204216457e+04,3.865179369746055471e+00
1.065026148333248784e+04,3.865179358517618624e+00
1.065026150462281112e+04,3.865179347276729516e+00
1.065026152591313439e+04,3.865179336023398804e+00
1.065026154720345767e+04,3.865179324757612278e+00
1.065026156849378094e+04,3.865179313479384149e+00
1.065026158978410604e+04,3.865179302188703758e+00
1.065026161107442931e+04,3.865179290885574659e+00
1.065026163236475259e+04,3.865179279570000404e+00
1.065026165365507586e+04,3.865179268241973887e+00
1.065026167494539914e+04,3.865179256901509319e+00
1.065026169623572241e+04,3.865179245548585385e+00
1.065026171752604569e+04,3.865179234183219847e+00
1.065026173881636896e+04,3.865179222805405601e+00
1.065026176010669224e+04,3.865179211415146199e+00
1.065026178139701733e+04,3.865179200012438088e+00
1.065026180268734061e+04,3.865179188597284821e+00
1.065026182397766388e+04,3.865179177169682845e+00
1.065026184526798716e+04,3.865179165729632160e+00
1.065026186655831043e+04,3.865179154277143425e+00
1.065026188784863371e+04,3.865179142812198876e+00
1.065026190913895698e+04,3.865179131334812723e+00
1.065026193042928026e+04,3.865179119844981415e+00
1.065026195171960353e+04,3.865179108342697845e+00
1.065026197300992862e+04,3.865179096827976224e+00
1.065026199430025190e+04,3.865179085300805895e+00
1.065026201559057517e+04,3.865179073761190409e+00
1.065026203688089845e+04,3.865179062209122662e+00
1.065026205817122172e+04,3.865179050644616865e+00
1.065026207946154500e+04,3.865179039067662359e+00
1.065026210075186827e+04,3.865179027478269802e+00
1.065026212204219155e+04,3.865179015876417878e+00
1.065026214333251482e+04,3.865179004262135010e+00
1.065026216462283992e+04,3.865178992635399879e+00
1.065026218591316319e+04,3.865178980996219593e+00
1.065026220720348647e+04,3.865178969344597704e+00
1.065026222849380974e+04,3.865178957680530658e+00
1.065026224978413302e+04,3.865178946004022009e+00
1.065026227107445629e+04,3.865178934315061099e+00
1.065026229236477957e+04,3.865178922613665691e+00
1.065026231365510284e+04,3.865178910899821574e+00
1.065026233494542612e+04,3.865178899173532301e+00
1.065026235623575121e+04,3.865178887434804977e+00
1.065026237752607449e+04,3.865178875683632498e+00
1.065026239881639776e+04,3.865178863920011310e+00
1.065026242010672104e+04,3.865178852143948518e+00
1.065026244139704431e+04,3.865178840355447676e+00
1.065026246268736759e+04,3.865178828554494572e+00
1.065026248397769086e+04,3.865178816741106971e+00
1.065026250526801414e+04,3.865178804915277766e+00
1.065026252655833741e+04,3.865178793076999852e+00
1.065026254784866251e+04,3.865178781226276783e+00
1.065026256913898578e+04,3.865178769363115663e+00
1.065026259042930906e+04,3.865178757487516492e+00
1.065026261171963233e+04,3.865178745599475718e+00
1.065026263300995561e+04,3.865178733698982683e+00
1.065026265430027888e+04,3.865178721786055149e+00
1.065026267559060216e+04,3.865178709860682460e+00
1.065026269688092543e+04,3.865178697922868167e+00
1.065026271817124871e+04,3.865178685972615824e+00
1.065026273946157380e+04,3.865178674009918325e+00
1.065026276075189708e+04,3.865178662034779222e+00
1.065026278204222035e+04,3.865178650047202069e+00
1.065026280333254363e+04,3.865178638047183313e+00
1.065026282462286690e+04,3.865178626034726506e+00
1.065026284591319018e+04,3.865178614009824543e+00
1.065026286720351345e+04,3.865178601972480976e+00
1.065026288849383673e+04,3.865178589922699359e+00
1.065026290978416000e+04,3.865178577860479692e+00
1.065026293107448510e+04,3.865178565785814868e+00
1.065026295236480837e+04,3.865178553698704889e+00
1.065026297365513165e+04,3.865178541599167517e+00
1.065026299494545492e+04,3.865178529487184989e+00
1.065026301623577820e+04,3.865178517362760857e+00
1.065026303752610147e+04,3.865178505225898675e+00
1.065026305881642475e+04,3.865178493076594890e+00
1.065026308010674802e+04,3.865178480914856607e+00
1.065026310139707130e+04,3.865178468740673168e+00
1.065026312268739639e+04,3.865178456554055231e+00
1.065026314397771966e+04,3.865178444354999243e+00
1.065026316526804294e+04,3.865178432143501652e+00
1.065026318655836621e+04,3.865178419919562458e+00
1.065026320784868949e+04,3.865178407683192319e+00
1.065026322913901276e+04,3.865178395434380576e+00
1.065026325042933604e+04,3.865178383173123677e+00
1.065026327171965931e+04,3.865178370899439386e+00
1.065026329300998259e+04,3.865178358613306386e+00
1.065026331430030768e+04,3.865178346314742441e+00
1.065026333559063096e+04,3.865178334003736893e+00
1.065026335688095423e+04,3.865178321680296847e+00
1.065026337817127751e+04,3.865178309344418750e+00
1.065026339946160078e+04,3.865178296996099050e+00
1.065026342075192406e+04,3.865178284635351957e+00
1.065026344204224733e+04,3.865178272262156156e+00
1.065026346333257061e+04,3.865178259876529410e+00
1.065026348462289388e+04,3.865178247478464613e+00
1.065026350591321898e+04,3.865178235067961765e+00
1.065026352720354225e+04,3.865178222645024420e+00
1.065026354849386553e+04,3.865178210209652576e+00
1.065026356978418880e+04,3.865178197761839129e+00
1.065026359107451208e+04,3.865178185301587632e+00
1.065026361236483535e+04,3.865178172828908743e+00
1.065026363365515863e+04,3.865178160343788250e+00
1.065026365494548190e+04,3.865178147846233259e+00
1.065026367623580518e+04,3.865178135336240217e+00
1.065026369752613027e+04,3.865178122813812678e+00
1.065026371881645355e+04,3.865178110278950641e+00
1.065026374010677682e+04,3.865178097731654105e+00
1.065026376139710010e+04,3.865178085171919520e+00
1.065026378268742337e+04,3.865178072599753989e+00
1.065026380397774665e+04,3.865178060015150407e+00
1.065026382526806992e+04,3.865178047418115881e+00
1.065026384655839320e+04,3.865178034808643304e+00
1.065026386784871647e+04,3.865178022186736229e+00
1.065026388913904157e+04,3.865178009552394656e+00
1.065026391042936484e+04,3.865177996905622138e+00
1.065026393171968812e+04,3.865177984246408016e+00
1.065026395301001139e+04,3.865177971574766502e+00
1.065026397430033467e+04,3.865177958890686938e+00
1.065026399559065794e+04,3.865177946194176428e+00
1.065026401688098122e+04,3.865177933485231421e+00
1.065026403817130449e+04,3.865177920763851915e+00
1.065026405946162777e+04,3.865177908030037912e+00
1.065026408075195286e+04,3.865177895283796516e+00
1.065026410204227614e+04,3.865177882525117070e+00
1.065026412333259941e+04,3.865177869754003126e+00
1.065026414462292269e+04,3.865177856970465342e+00
1.065026416591324596e+04,3.865177844174482402e+00
1.065026418720356924e+04,3.865177831366072070e+00
1.065026420849389251e+04,3.865177818545230792e+00
1.065026422978421579e+04,3.865177805711958570e+00
1.065026425107453906e+04,3.865177792866251849e+00
1.065026427236486415e+04,3.865177780008114183e+00
1.065026429365518743e+04,3.865177767137542020e+00
1.065026431494551071e+04,3.865177754254542464e+00
1.065026433623583398e+04,3.865177741359111963e+00
1.065026435752615726e+04,3.865177728451243411e+00
1.065026437881648053e+04,3.865177715530947467e+00
1.065026440010680381e+04,3.865177702598217024e+00
1.065026442139712708e+04,3.865177689653055637e+00
1.065026444268745036e+04,3.865177676695466857e+00
1.065026446397777545e+04,3.865177663725447132e+00
1.065026448526809872e+04,3.865177650743000015e+00
1.065026450655842200e+04,3.865177637748121953e+00
1.065026452784874527e+04,3.865177624740805840e+00
1.065026454913906855e+04,3.865177611721062334e+00
1.065026457042939182e+04,3.865177598688891436e+00
1.065026459171971510e+04,3.865177585644282487e+00
1.065026461301003837e+04,3.865177572587256805e+00
1.065026463430036165e+04,3.865177559517789518e+00
1.065026465559068674e+04,3.865177546435898392e+00
1.065026467688101002e+04,3.865177533341572769e+00
1.065026469817133329e+04,3.865177520234823305e+00
1.065026471946165657e+04,3.865177507115642896e+00
1.065026474075197984e+04,3.865177493984038648e+00
1.065026476204230312e+04,3.865177480839996349e+00
1.065026478333262639e+04,3.865177467683533763e+00
1.065026480462294967e+04,3.865177454514633126e+00
1.065026482591327294e+04,3.865177441333308650e+00
1.065026484720359804e+04,3.865177428139556781e+00
1.065026486849392131e+04,3.865177414933373967e+00
1.065026488978424459e+04,3.865177401714763761e+00
1.065026491107456786e+04,3.865177388483733267e+00
1.065026493236489114e+04,3.865177375240264723e+00
1.065026495365521441e+04,3.865177361984375892e+00
1.065026497494553769e+04,3.865177348716049011e+00
1.065026499623586096e+04,3.865177335435305395e+00
1.065026501752618424e+04,3.865177322142127281e+00
1.065026503881650933e+04,3.865177308836525327e+00
1.065026506010683261e+04,3.865177295518495981e+00
1.065026508139715588e+04,3.865177282188039243e+00
1.065026510268747916e+04,3.865177268845158665e+00
1.065026512397780243e+04,3.865177255489847141e+00
1.065026514526812571e+04,3.865177242122108225e+00
1.065026516655844898e+04,3.865177228741949023e+00
1.065026518784877226e+04,3.865177215349362427e+00
1.065026520913909553e+04,3.865177201944344887e+00
1.065026523042942063e+04,3.865177188526903507e+00
1.065026525171974390e+04,3.865177175097034734e+00
1.065026527301006718e+04,3.865177161654742122e+00
1.065026529430039045e+04,3.865177148200025670e+00
1.065026531559071373e+04,3.865177134732885378e+00
1.065026533688103700e+04,3.865177121253314141e+00
1.065026535817136028e+04,3.865177107761322617e+00
1.065026537946168355e+04,3.865177094256903700e+00
1.065026540075200683e+04,3.865177080740064497e+00
1.065026542204233192e+04,3.865177067210794348e+00
1.065026544333265520e+04,3.865177053669100360e+00
1.065026546462297847e+04,3.865177040114978979e+00
1.065026548591330175e+04,3.865177026548440864e+00
1.065026550720362502e+04,3.865177012969475356e+00
1.065026552849394830e+04,3.865176999378086009e+00
1.065026554978427157e+04,3.865176985774272822e+00
1.065026557107459485e+04,3.865176972158032243e+00
1.065026559236491812e+04,3.865176958529378481e+00
1.065026561365524321e+04,3.865176944888290222e+00
1.065026563494556649e+04,3.865176931234781676e+00
1.065026565623588976e+04,3.865176917568852843e+00
1.065026567752621304e+04,3.865176903890496618e+00
1.065026569881653631e+04,3.865176890199720106e+00
1.065026572010685959e+04,3.865176876496519753e+00
1.065026574139718286e+04,3.865176862780899114e+00
1.065026576268750614e+04,3.865176849052851082e+00
1.065026578397782941e+04,3.865176835312386316e+00
1.065026580526815451e+04,3.865176821559497711e+00
1.065026582655847778e+04,3.865176807794185265e+00
1.065026584784880106e+04,3.865176794016456086e+00
1.065026586913912433e+04,3.865176780226295961e+00
1.065026589042944761e+04,3.865176766423719101e+00
1.065026591171977088e+04,3.865176752608721955e+00
1.065026593301009416e+04,3.865176738781304522e+00
1.065026595430041743e+04,3.865176724941459696e+00
1.065026597559074071e+04,3.865176711089198136e+00
1.065026599688106580e+04,3.865176697224512736e+00
1.065026601817138908e+04,3.865176683347410602e+00
1.065026603946171235e+04,3.865176669457888181e+00
1.065026606075203563e+04,3.865176655555941920e+00
1.065026608204235890e+04,3.865176641641582478e+00
1.065026610333268218e+04,3.865176627714795643e+00
1.065026612462300545e+04,3.865176613775588521e+00
1.065026614591332873e+04,3.865176599823961112e+00
1.065026616720365200e+04,3.865176585859916969e+00
1.065026618849397710e+04,3.865176571883448986e+00
1.065026620978430037e+04,3.865176557894564269e+00
1.065026623107462365e+04,3.865176543893259264e+00
1.065026625236494692e+04,3.865176529879541079e+00
1.065026627365527020e+04,3.865176515853391948e+00
1.065026629494559347e+04,3.865176501814833188e+00
1.065026631623591675e+04,3.865176487763857693e+00
1.065026633752624002e+04,3.865176473700454807e+00
1.065026635881656330e+04,3.865176459624635186e+00
1.065026638010688839e+04,3.865176445536402383e+00
1.065026640139721167e+04,3.865176431435749294e+00
1.065026642268753494e+04,3.865176417322675917e+00
1.065026644397785822e+04,3.865176403197185806e+00
1.065026646526818149e+04,3.865176389059275408e+00
1.065026648655850477e+04,3.865176374908951829e+00
1.065026650784882804e+04,3.865176360746211515e+00
1.065026652913915132e+04,3.865176346571050914e+00
1.065026655042947459e+04,3.865176332383470026e+00
1.065026657171979969e+04,3.865176318183475956e+00
1.065026659301012296e+04,3.865176303971061600e+00
1.065026661430044624e+04,3.865176289746230509e+00
1.065026663559076951e+04,3.865176275508989789e+00
1.065026665688109279e+04,3.865176261259325230e+00
1.065026667817141606e+04,3.865176246997243936e+00
1.065026669946173934e+04,3.865176232722753014e+00
1.065026672075206261e+04,3.865176218435838251e+00
1.065026674204238589e+04,3.865176204136513860e+00
1.065026676333271098e+04,3.865176189824769182e+00
1.065026678462303425e+04,3.865176175500611322e+00
1.065026680591335753e+04,3.865176161164033175e+00
1.065026682720368080e+04,3.865176146815048952e+00
1.065026684849400408e+04,3.865176132453640889e+00
1.065026686978432735e+04,3.865176118079823198e+00
1.065026689107465063e+04,3.865176103693585219e+00
1.065026691236497390e+04,3.865176089294937611e+00
1.065026693365529718e+04,3.865176074883873270e+00
1.065026695494562045e+04,3.865176060460395746e+00
1.065026697623594555e+04,3.865176046024501488e+00
1.065026699752626882e+04,3.865176031576190496e+00
1.065026701881659210e+04,3.865176017115469875e+00
1.065026704010691537e+04,3.865176002642332520e+00
1.065026706139723865e+04,3.865175988156781983e+00
1.065026708268756192e+04,3.865175973658825370e+00
1.065026710397788520e+04,3.865175959148441365e+00
1.065026712526820847e+04,3.865175944625654836e+00
1.065026714655853175e+04,3.865175930090451573e+00
1.065026716784885684e+04,3.865175915542831575e+00
1.065026718913918012e+04,3.865175900982805501e+00
1.065026721042950339e+04,3.865175886410362693e+00
1.065026723171982667e+04,3.865175871825510256e+00
1.065026725301014994e+04,3.865175857228237533e+00
1.065026727430047322e+04,3.865175842618558733e+00
1.065026729559079649e+04,3.865175827996470304e+00
1.065026731688111977e+04,3.865175813361961588e+00
1.065026733817144304e+04,3.865175798715043243e+00
1.065026735946176814e+04,3.865175784055718822e+00
1.065026738075209141e+04,3.865175769383977666e+00
1.065026740204241469e+04,3.865175754699826882e+00
1.065026742333273796e+04,3.865175740003270022e+00
1.065026744462306124e+04,3.865175725294292874e+00
1.065026746591338451e+04,3.865175710572906098e+00
1.065026748720370779e+04,3.865175695839113246e+00
1.065026750849403106e+04,3.865175681092907212e+00
1.065026752978435434e+04,3.865175666334287996e+00
1.065026755107467943e+04,3.865175651563259152e+00
1.065026757236500271e+04,3.865175636779824231e+00
1.065026759365532598e+04,3.865175621983976129e+00
1.065026761494564926e+04,3.865175607175718397e+00
1.065026763623597253e+04,3.865175592355047485e+00
1.065026765752629581e+04,3.865175577521970496e+00
1.065026767881661908e+04,3.865175562676487431e+00
1.065026770010694236e+04,3.865175547818587631e+00
1.065026772139726563e+04,3.865175532948281756e+00
1.065026774268759073e+04,3.865175518065569804e+00
1.065026776397791400e+04,3.865175503170441118e+00
1.065026778526823728e+04,3.865175488262913461e+00
1.065026780655856055e+04,3.865175473342965518e+00
1.065026782784888383e+04,3.865175458410618603e+00
1.065026784913920710e+04,3.865175443465858507e+00
1.065026787042953038e+04,3.865175428508695887e+00
1.065026789171985365e+04,3.865175413539116533e+00
1.065026791301017693e+04,3.865175398557134656e+00
1.065026793430050202e+04,3.865175383562746703e+00
1.065026795559082530e+04,3.865175368555945568e+00
1.065026797688114857e+04,3.865175353536741909e+00
1.065026799817147185e+04,3.865175338505121516e+00
1.065026801946179512e+04,3.865175323461105705e+00
1.065026804075211840e+04,3.865175308404676713e+00
1.065026806204244167e+04,3.865175293335848750e+00
1.065026808333276495e+04,3.865175278254604052e+00
1.065026810462308822e+04,3.865175263160956831e+00
1.065026812591341331e+04,3.865175248054903534e+00
1.065026814720373659e+04,3.865175232936437055e+00
1.065026816849405986e+04,3.865175217805571606e+00
1.065026818978438314e+04,3.865175202662303633e+00
1.065026821107470641e+04,3.865175187506622478e+00
1.065026823236502969e+04,3.865175172338535248e+00
1.065026825365535296e+04,3.865175157158045494e+00
1.065026827494567624e+04,3.865175141965153216e+00
1.065026829623599951e+04,3.865175126759847757e+00
1.065026831752632461e+04,3.865175111542146880e+00
1.065026833881664788e+04,3.865175096312029268e+00
1.065026836010697116e+04,3.865175081069519791e+00
1.065026838139729443e+04,3.865175065814597133e+00
1.065026840268761771e+04,3.865175050547271951e+00
1.065026842397794098e+04,3.865175035267544246e+00
1.065026844526826426e+04,3.865175019975410464e+00
1.065026846655858753e+04,3.865175004670870607e+00
1.065026848784891081e+04,3.865174989353928225e+00
1.065026850913923590e+04,3.865174974024579768e+00
1.065026853042955918e+04,3.865174958682832340e+00
1.065026855171988245e+04,3.865174943328685941e+00
1.065026857301020573e+04,3.865174927962129914e+00
1.065026859430052900e+04,3.865174912583171363e+00
1.065026861559085228e+04,3.865174897191806735e+00
1.065026863688117555e+04,3.865174881788039585e+00
1.065026865817149883e+04,3.865174866371873463e+00
1.065026867946182210e+04,3.865174850943308371e+00
1.065026870075214720e+04,3.865174835502330097e+00
1.065026872204247047e+04,3.865174820048956406e+00
1.065026874333279375e+04,3.865174804583180190e+00
1.065026876462311702e+04,3.865174789105001452e+00
1.065026878591344030e+04,3.865174773614416637e+00
1.065026880720376357e+04,3.865174758111436404e+00
1.065026882849408685e+04,3.865174742596057200e+00
1.065026884978441012e+04,3.865174727068271920e+00
1.065026887107473340e+04,3.865174711528080564e+00
1.065026889236505849e+04,3.865174695975497343e+00
1.065026891365538177e+04,3.865174680410508046e+00
1.065026893494570504e+04,3.865174664833116225e+00
1.065026895623602832e+04,3.865174649243325433e+00
1.065026897752635159e+04,3.865174633641135671e+00
1.065026899881667487e+04,3.865174618026546938e+00
1.065026902010699814e+04,3.865174602399555681e+00
1.065026904139732142e+04,3.865174586760165454e+00
1.065026906268764469e+04,3.865174571108372703e+00
1.065026908397796979e+04,3.865174555444180982e+00
1.065026910526829306e+04,3.865174539767590289e+00
1.065026912655861634e+04,3.865174524078604179e+00
1.065026914784893961e+04,3.865174508377211993e+00
1.065026916913926289e+04,3.865174492663427941e+00
1.065026919042958616e+04,3.865174476937244918e+00
1.065026921171990944e+04,3.865174461198659372e+00
1.065026923301023271e+04,3.865174445447674856e+00
1.065026925430055599e+04,3.865174429684291368e+00
1.065026927559088108e+04,3.865174413908512463e+00
1.065026929688120435e+04,3.865174398120334587e+00
1.065026931817152763e+04,3.865174382319757740e+00
1.065026933946185090e+04,3.865174366506785475e+00
1.065026936075217418e+04,3.865174350681410687e+00
1.065026938204249745e+04,3.865174334843647586e+00
1.065026940333282073e+04,3.865174318993478408e+00
1.065026942462314400e+04,3.865174303130913813e+00
1.065026944591346728e+04,3.865174287255946695e+00
1.065026946720379237e+04,3.865174271368587711e+00
1.065026948849411565e+04,3.865174255468833309e+00
1.065026950978443892e+04,3.865174239556683489e+00
1.065026953107476220e+04,3.865174223632138251e+00
1.065026955236508547e+04,3.865174207695190489e+00
1.065026957365540875e+04,3.865174191745850862e+00
1.065026959494573202e+04,3.865174175784115818e+00
1.065026961623605530e+04,3.865174159809988907e+00
1.065026963752637857e+04,3.865174143823455921e+00
1.065026965881670367e+04,3.865174127824531070e+00
1.065026968010702694e+04,3.865174111813214353e+00
1.065026970139735022e+04,3.865174095789502218e+00
1.065026972268767349e+04,3.865174079753391112e+00
1.065026974397799677e+04,3.865174063704888141e+00
1.065026976526832004e+04,3.865174047643986199e+00
1.065026978655864332e+04,3.865174031570692392e+00
1.065026980784896659e+04,3.865174015485006720e+00
1.065026982913928987e+04,3.865173999386929182e+00
1.065026985042961496e+04,3.865173983276445568e+00
1.065026987171993824e+04,3.865173967153577195e+00
1.065026989301026151e+04,3.865173951018313403e+00
1.065026991430058479e+04,3.865173934870657746e+00
1.065026993559090806e+04,3.865173918710606671e+00
1.065026995688123134e+04,3.865173902538160178e+00
1.065026997817155461e+04,3.865173886353328925e+00
1.065026999946187789e+04,3.865173870156095148e+00
1.065027002075220116e+04,3.865173853946469507e+00
1.065027004204252626e+04,3.865173837724455552e+00
1.065027006333284953e+04,3.865173821490046180e+00
1.065027008462317281e+04,3.865173805243248495e+00
1.065027010591349608e+04,3.865173788984051839e+00
1.065027012720381936e+04,3.865173772712466871e+00
1.065027014849414263e+04,3.865173756428493590e+00
1.065027016978446591e+04,3.865173740132124891e+00
1.065027019107478918e+04,3.865173723823360774e+00
1.065027021236511246e+04,3.865173707502208345e+00
1.065027023365543755e+04,3.865173691168664050e+00
1.065027025494576083e+04,3.865173674822727889e+00
1.065027027623608410e+04,3.865173658464406969e+00
1.065027029752640738e+04,3.865173642093687079e+00
1.065027031881673065e+04,3.865173625710582428e+00
1.065027034010705393e+04,3.865173609315082359e+00
1.065027036139737720e+04,3.865173592907197531e+00
1.065027038268770048e+04,3.865173576486917284e+00
1.065027040397802375e+04,3.865173560054255830e+00
1.065027042526834884e+04,3.865173543609195406e+00
1.065027044655867212e+04,3.865173527151743116e+00
1.065027046784899539e+04,3.865173510681909619e+00
1.065027048913931867e+04,3.865173494199687809e+00
1.065027051042964194e+04,3.865173477705067029e+00
1.065027053171996522e+04,3.865173461198065041e+00
1.065027055301028849e+04,3.865173444678664083e+00
1.065027057430061177e+04,3.865173428146881918e+00
1.065027059559093505e+04,3.865173411602718545e+00
1.065027061688126014e+04,3.865173395046156202e+00
1.065027063817158341e+04,3.865173378477205546e+00
1.065027065946190669e+04,3.865173361895870130e+00
1.065027068075222996e+04,3.865173345302149954e+00
1.065027070204255324e+04,3.865173328696034361e+00
1.065027072333287651e+04,3.865173312077541112e+00
1.065027074462319979e+04,3.865173295446652446e+00
1.065027076591352306e+04,3.865173278803375467e+00
1.065027078720384634e+04,3.865173262147713729e+00
1.065027080849417143e+04,3.865173245479670783e+00
1.065027082978449471e+04,3.865173228799228866e+00
1.065027085107481798e+04,3.865173212106412848e+00
1.065027087236514126e+04,3.865173195401201411e+00
1.065027089365546453e+04,3.865173178683608768e+00
1.065027091494578781e+04,3.865173161953624259e+00
1.065027093623611108e+04,3.865173145211258543e+00
1.065027095752643436e+04,3.865173128456508067e+00
1.065027097881675763e+04,3.865173111689369279e+00
1.065027100010708273e+04,3.865173094909842177e+00
1.065027102139740600e+04,3.865173078117930316e+00
1.065027104268772928e+04,3.865173061313637248e+00
1.065027106397805255e+04,3.865173044496959420e+00
1.065027108526837583e+04,3.865173027667896832e+00
1.065027110655869910e+04,3.865173010826445932e+00
1.065027112784902238e+04,3.865172993972613824e+00
1.065027114913934565e+04,3.865172977106393404e+00
1.065027117042966893e+04,3.865172960227791776e+00
1.065027119171999402e+04,3.865172943336801836e+00
1.065027121301031730e+04,3.865172926433434242e+00
1.065027123430064057e+04,3.865172909517678335e+00
1.065027125559096385e+04,3.865172892589541220e+00
1.065027127688128712e+04,3.865172875649015793e+00
1.065027129817161040e+04,3.865172858696116265e+00
1.065027131946193367e+04,3.865172841730824871e+00
1.065027134075225695e+04,3.865172824753155822e+00
1.065027136204258022e+04,3.865172807763102014e+00
1.065027138333290532e+04,3.865172790760663446e+00
1.065027140462322859e+04,3.865172773745847223e+00
1.065027142591355187e+04,3.865172756718642688e+00
1.065027144720387514e+04,3.865172739679060498e+00
1.065027146849419842e+04,3.865172722627097102e+00
1.065027148978452169e+04,3.865172705562748945e+00
1.065027151107484497e+04,3.865172688486016028e+00
1.065027153236516824e+04,3.865172671396909010e+00
1.065027155365549152e+04,3.865172654295417232e+00
1.065027157494581661e+04,3.865172637181540694e+00
1.065027159623613989e+04,3.865172620055293606e+00
1.065027161752646316e+04,3.865172602916654654e+00
1.065027163881678644e+04,3.865172585765641600e+00
1.065027166010710971e+04,3.865172568602247338e+00
1.065027168139743299e+04,3.865172551426471870e+00
1.065027170268775626e+04,3.865172534238308089e+00
1.065027172397807954e+04,3.865172517037773758e+00
1.065027174526840281e+04,3.865172499824858221e+00
1.065027176655872790e+04,3.865172482599561476e+00
1.065027178784905118e+04,3.865172465361887078e+00
1.065027180913937445e+04,3.865172448111831471e+00
1.065027183042969773e+04,3.865172430849398211e+00
1.065027185172002100e+04,3.865172413574580190e+00
1.065027187301034428e+04,3.865172396287391621e+00
1.065027189430066755e+04,3.865172378987818291e+00
1.065027191559099083e+04,3.865172361675867307e+00
1.065027193688131410e+04,3.865172344351538669e+00
1.065027195817163920e+04,3.865172327014832376e+00
1.065027197946196247e+04,3.865172309665748429e+00
1.065027200075228575e+04,3.865172292304286827e+00
1.065027202204260902e+04,3.865172274930444019e+00
1.065027204333293230e+04,3.865172257544230661e+00
1.065027206462325557e+04,3.865172240145636096e+00
1.065027208591357885e+04,3.865172222734660323e+00
1.065027210720390212e+04,3.865172205311314002e+00
1.065027212849422540e+04,3.865172187875590026e+00
1.065027214978455049e+04,3.865172170427481291e+00
1.065027217107487377e+04,3.865172152967002006e+00
1.065027219236519704e+04,3.865172135494152172e+00
1.065027221365552032e+04,3.865172118008914026e+00
1.065027223494584359e+04,3.865172100511305331e+00
1.065027225623616687e+04,3.865172083001322534e+00
1.065027227752649014e+04,3.865172065478965635e+00
1.065027229881681342e+04,3.865172047944227529e+00
1.065027232010713669e+04,3.865172030397115321e+00
1.065027234139746179e+04,3.865172012837629012e+00
1.065027236268778506e+04,3.865171995265765048e+00
1.065027238397810834e+04,3.865171977681530535e+00
1.065027240526843161e+04,3.865171960084921920e+00
1.065027242655875489e+04,3.865171942475935651e+00
1.065027244784907816e+04,3.865171924854578833e+00
1.065027246913940144e+04,3.865171907220844361e+00
1.065027249042972471e+04,3.865171889574735786e+00
1.065027251172004799e+04,3.865171871916249557e+00
1.065027253301037308e+04,3.865171854245399885e+00
1.065027255430069636e+04,3.865171836562165453e+00
1.065027257559101963e+04,3.865171818866560471e+00
1.065027259688134291e+04,3.865171801158588494e+00
1.065027261817166618e+04,3.865171783438235309e+00
1.065027263946198946e+04,3.865171765705511575e+00
1.065027266075231273e+04,3.865171747960420845e+00
1.065027268204263601e+04,3.865171730202948908e+00
1.065027270333295928e+04,3.865171712433113527e+00
1.065027272462328438e+04,3.865171694650900491e+00
1.065027274591360765e+04,3.865171676856313354e+00
1.065027276720393093e+04,3.865171659049359221e+00
1.065027278849425420e+04,3.865171641230030986e+00
1.065027280978457748e+04,3.865171623398332201e+00
1.065027283107490075e+04,3.865171605554259315e+00
1.065027285236522403e+04,3.865171587697819433e+00
1.065027287365554730e+04,3.865171569829005449e+00
1.065027289494587058e+04,3.865171551947820916e+00
1.065027291623619567e+04,3.865171534054265834e+00
1.065027293752651894e+04,3.865171516148340203e+00
1.065027295881684222e+04,3.865171498230044023e+00
1.065027298010716549e+04,3.865171480299377293e+00
1.065027300139748877e+04,3.865171462356340015e+00
1.065027302268781204e+04,3.865171444400932188e+00
1.065027304397813532e+04,3.865171426433160917e+00
1.065027306526845859e+04,3.865171408453015545e+00
1.065027308655878187e+04,3.865171390460499623e+00
1.065027310784910696e+04,3.865171372455613152e+00
1.065027312913943024e+04,3.865171354438359685e+00
1.065027315042975351e+04,3.865171336408739222e+00
1.065027317172007679e+04,3.865171318366748210e+00
1.065027319301040006e+04,3.865171300312390201e+00
1.065027321430072334e+04,3.865171282245665196e+00
1.065027323559104661e+04,3.865171264166566090e+00
1.065027325688136989e+04,3.865171246075103539e+00
1.065027327817169316e+04,3.865171227971273993e+00
1.065027329946201826e+04,3.865171209855070344e+00
1.065027332075234153e+04,3.865171191726506805e+00
1.065027334204266481e+04,3.865171173585572717e+00
1.065027336333298808e+04,3.865171155432271632e+00
1.065027338462331136e+04,3.865171137266599999e+00
1.065027340591363463e+04,3.865171119088564922e+00
1.065027342720395791e+04,3.865171100898162848e+00
1.065027344849428118e+04,3.865171082695390226e+00
1.065027346978460446e+04,3.865171064480261265e+00
1.065027349107492955e+04,3.865171046252761755e+00
1.065027351236525283e+04,3.865171028012891696e+00
1.065027353365557610e+04,3.865171009760658194e+00
1.065027355494589938e+04,3.865170991496064801e+00
1.065027357623622265e+04,3.865170973219100858e+00
1.065027359752654593e+04,3.865170954929769920e+00
1.065027361881686920e+04,3.865170936628075538e+00
1.065027364010719248e+04,3.865170918314017712e+00
1.065027366139751575e+04,3.865170899987592890e+00
1.065027368268784085e+04,3.865170881648801071e+00
1.065027370397816412e+04,3.865170863297649362e+00
1.065027372526848740e+04,3.865170844934134209e+00
1.065027374655881067e+04,3.865170826558252060e+00
1.065027376784913395e+04,3.865170808170006467e+00
1.065027378913945722e+04,3.865170789769400983e+00
1.065027381042978050e+04,3.865170771356424950e+00
1.065027383172010377e+04,3.865170752931096132e+00
1.065027385301042705e+04,3.865170734493389659e+00
1.065027387430075214e+04,3.865170716043330401e+00
1.065027389559107542e+04,3.865170697580904147e+00
1.065027391688139869e+04,3.865170679106118001e+00
1.065027393817172197e+04,3.865170660618964860e+00
1.065027395946204524e+04,3.865170642119451827e+00
1.065027398075236852e+04,3.865170623607575351e+00
1.065027400204269179e+04,3.865170605083342537e+00
1.065027402333301507e+04,3.865170586546742726e+00
1.065027404462333834e+04,3.865170567997783024e+00
1.065027406591366343e+04,3.865170549436463432e+00
1.065027408720398671e+04,3.865170530862776843e+00
1.065027410849430998e+04,3.865170512276733916e+00
1.065027412978463326e+04,3.865170493678327546e+00
1.065027415107495654e+04,3.865170475067561284e+00
1.065027417236527981e+04,3.865170456444435132e+00
1.065027419365560309e+04,3.865170437808949089e+00
1.065027421494592636e+04,3.865170419161099602e+00
1.065027423623624964e+04,3.865170400500890224e+00
1.065027425752657473e+04,3.865170381828324508e+00
1.065027427881689800e+04,3.865170363143398902e+00
1.065027430010722128e+04,3.865170344446109851e+00
1.065027432139754455e+04,3.865170325736460910e+00
1.065027434268786783e+04,3.865170307014455631e+00
1.065027436397819110e+04,3.865170288280090460e+00
1.065027438526851438e+04,3.865170269533372505e+00
1.065027440655883765e+04,3.865170250774287553e+00
1.065027442784916093e+04,3.865170232002846262e+00
1.065027444913948602e+04,3.865170213219045081e+00
1.065027447042980930e+04,3.865170194422891115e+00
1.065027449172013257e+04,3.865170175614370152e+00
1.065027451301045585e+04,3.865170156793499956e+00
1.065027453430077912e+04,3.865170137960269869e+00
1.065027455559110240e+04,3.865170119114679892e+00
1.065027457688142567e+04,3.865170100256737129e+00
1.065027459817174895e+04,3.865170081386430923e+00
1.065027461946207222e+04,3.865170062503771931e+00
1.065027464075239732e+04,3.865170043608756600e+00
1.065027466204272059e+04,3.865170024701384932e+00
1.065027468333304387e+04,3.865170005781653373e+00
1.065027470462336714e+04,3.865169986849569028e+00
1.065027472591369042e+04,3.865169967905121240e+00
1.065027474720401369e+04,3.865169948948324219e+00
1.065027476849433697e+04,3.865169929979170860e+00
1.065027478978466024e+04,3.865169910997661162e+00
1.065027481107498352e+04,3.865169892003802232e+00
1.065027483236530861e+04,3.865169872997579859e+00
1.065027485365563189e+04,3.865169853979001147e+00
1.065027487494595516e+04,3.865169834948073202e+00
1.065027489623627844e+04,3.865169815904788919e+00
1.065027491752660171e+04,3.865169796849155404e+00
1.065027493881692499e+04,3.865169777781158444e+00
1.065027496010724826e+04,3.865169758700805147e+00
1.065027498139757154e+04,3.865169739608106170e+00
1.065027500268789481e+04,3.865169720503050854e+00
1.065027502397821991e+04,3.865169701385642753e+00
1.065027504526854318e+04,3.865169682255881867e+00
1.065027506655886646e+04,3.865169663113761089e+00
1.065027508784918973e+04,3.865169643959294632e+00
1.065027510913951301e+04,3.865169624792475389e+00
1.065027513042983628e+04,3.865169605613303361e+00
1.065027515172015956e+04,3.865169586421774994e+00
1.065027517301048283e+04,3.865169567217893842e+00
1.065027519430080611e+04,3.865169548001663458e+00
1.065027521559113120e+04,3.865169528773080287e+00
1.065027523688145448e+04,3.865169509532144332e+00
1.065027525817177775e+04,3.865169490278855591e+00
1.065027527946210103e+04,3.865169471013221170e+00
1.065027530075242430e+04,3.865169451735226858e+00
1.065027532204274758e+04,3.865169432444886866e+00
1.065027534333307085e+04,3.865169413142197641e+00
1.065027536462339413e+04,3.865169393827155631e+00
1.065027538591371740e+04,3.865169374499760835e+00
1.065027540720404249e+04,3.865169355160016806e+00
1.065027542849436577e+04,3.865169335807927098e+00
1.065027544978468904e+04,3.865169316443477499e+00
1.065027547107501232e+04,3.865169297066685772e+00
1.065027549236533559e+04,3.865169277677541260e+00
1.065027551365565887e+04,3.865169258276051067e+00
1.065027553494598214e+04,3.865169238862208090e+00
1.065027555623630542e+04,3.865169219436015879e+00
1.065027557752662869e+04,3.865169199997470884e+00
1.065027559881695379e+04,3.865169180546583760e+00
1.065027562010727706e+04,3.865169161083347404e+00
1.065027564139760034e+04,3.865169141607761816e+00
1.065027566268792361e+04,3.865169122119826994e+00
1.065027568397824689e+04,3.865169102619542940e+00
1.065027570526857016e+04,3.865169083106916759e+00
1.065027572655889344e+04,3.865169063581934239e+00
1.065027574784921671e+04,3.865169044044609592e+00
1.065027576913953999e+04,3.865169024494935712e+00
1.065027579042986508e+04,3.865169004932916152e+00
1.065027581172018836e+04,3.865168985358547360e+00
1.065027583301051163e+04,3.865168965771829335e+00
1.065027585430083491e+04,3.865168946172772735e+00
1.065027587559115818e+04,3.865168926561363349e+00
1.065027589688148146e+04,3.865168906937608284e+00
1.065027591817180473e+04,3.865168887301511091e+00
1.065027593946212801e+04,3.865168867653064666e+00
1.065027596075245128e+04,3.865168847992276113e+00
1.065027598204277638e+04,3.865168828319134775e+00
1.065027600333309965e+04,3.865168808633654862e+00
1.065027602462342293e+04,3.865168788935829269e+00
1.065027604591374620e+04,3.865168769225654444e+00
1.065027606720406948e+04,3.865168749503137491e+00
1.065027608849439275e+04,3.865168729768278411e+00
1.065027610978471603e+04,3.865168710021070098e+00
1.065027613107503930e+04,3.865168690261516105e+00
1.065027615236536258e+04,3.865168670489623537e+00
1.065027617365568767e+04,3.865168650705385289e+00
1.065027619494601095e+04,3.865168630908797809e+00
1.065027621623633422e+04,3.865168611099875307e+00
1.065027623752665750e+04,3.865168591278603571e+00
1.065027625881698077e+04,3.865168571444989709e+00
1.065027628010730405e+04,3.865168551599037272e+00
1.065027630139762732e+04,3.865168531740739155e+00
1.065027632268795060e+04,3.865168511870095358e+00
1.065027634397827387e+04,3.865168491987112986e+00
1.065027636526859897e+04,3.865168472091788487e+00
1.065027638655892224e+04,3.865168452184118308e+00
1.065027640784924552e+04,3.865168432264109555e+00
1.065027642913956879e+04,3.865168412331758674e+00
1.065027645042989207e+04,3.865168392387065666e+00
1.065027647172021534e+04,3.865168372430030530e+00
1.065027649301053862e+04,3.865168352460653267e+00
1.065027651430086189e+04,3.865168332478933877e+00
1.065027653559118517e+04,3.865168312484883018e+00
1.065027655688151026e+04,3.865168292478479373e+00
1.065027657817183353e+04,3.865168272459737153e+00
1.065027659946215681e+04,3.865168252428659912e+00
1.065027662075248008e+04,3.865168232385244096e+00
1.065027664204280336e+04,3.865168212329486153e+00
1.065027666333312663e+04,3.865168192261386082e+00
1.065027668462344991e+04,3.865168172180943884e+00
1.065027670591377318e+04,3.865168152088170217e+00
1.065027672720409646e+04,3.865168131983050870e+00
1.065027674849442155e+04,3.865168111865596501e+00
1.065027676978474483e+04,3.865168091735800004e+00
1.065027679107506810e+04,3.865168071593668486e+00
1.065027681236539138e+04,3.865168051439194841e+00
1.065027683365571465e+04,3.865168031272382621e+00
1.065027685494603793e+04,3.865168011093235378e+00
1.065027687623636120e+04,3.865167990901749562e+00
1.065027689752668448e+04,3.865167970697928723e+00
1.065027691881700775e+04,3.865167950481769310e+00
1.065027694010733285e+04,3.865167930253267770e+00
1.065027696139765612e+04,3.865167910012427654e+00
1.065027698268797940e+04,3.865167889759256070e+00
1.065027700397830267e+04,3.865167869493753017e+00
1.065027702526862595e+04,3.865167849215907836e+00
1.065027704655894922e+04,3.865167828925724081e+00
1.065027706784927250e+04,3.865167808623205303e+00
1.065027708913959577e+04,3.865167788308351504e+00
1.065027711042991905e+04,3.865167767981162683e+00
1.065027713172024414e+04,3.865167747641635287e+00
1.065027715301056742e+04,3.865167727289772870e+00
1.065027717430089069e+04,3.865167706925575430e+00
1.065027719559121397e+04,3.865167686549046522e+00
1.065027721688153724e+04,3.865167666160171933e+00
1.065027723817186052e+04,3.865167645758976533e+00
1.065027725946218379e+04,3.865167625345442559e+00
1.065027728075250707e+04,3.865167604919570010e+00
1.065027730204283034e+04,3.865167584481365992e+00
1.065027732333315544e+04,3.865167564030826952e+00
1.065027734462347871e+04,3.865167543567952890e+00
1.065027736591380199e+04,3.865167523092743807e+00
1.065027738720412526e+04,3.865167502605206806e+00
1.065027740849444854e+04,3.865167482105334784e+00
1.065027742978477181e+04,3.865167461593127740e+00
1.065027745107509509e+04,3.865167441068596332e+00
1.065027747236541836e+04,3.865167420531722797e+00
1.065027749365574164e+04,3.865167399982514240e+00
1.065027751494606673e+04,3.865167379420981320e+00
1.065027753623639001e+04,3.865167358847109824e+00
1.065027755752671328e+04,3.865167338260910412e+00
1.065027757881703656e+04,3.865167317662379531e+00
1.065027760010735983e+04,3.865167297051517181e+00
1.065027762139768311e+04,3.865167276428323362e+00
1.065027764268800638e+04,3.865167255792798073e+00
1.065027766397832966e+04,3.865167235144937763e+00
1.065027768526865293e+04,3.865167214484753089e+00
1.065027770655897802e+04,3.865167193812236945e+00
1.065027772784930130e+04,3.865167173127382227e+00
1.065027774913962458e+04,3.865167152430206698e+00
1.065027777042994785e+04,3.865167131720696148e+00
1.065027779172027113e+04,3.865167110998857680e+00
1.065027781301059440e+04,3.865167090264691296e+00
1.065027783430091768e+04,3.865167069518189891e+00
1.065027785559124095e+04,3.865167048759367674e+00
1.065027787688156423e+04,3.865167027988210435e+00
1.065027789817188932e+04,3.865167007204721727e+00
1.065027791946221259e+04,3.865166986408912209e+00
1.065027794075253587e+04,3.865166965600767668e+00
1.065027796204285914e+04,3.865166944780295211e+00
1.065027798333318242e+04,3.865166923947498390e+00
1.065027800462350569e+04,3.865166903102370100e+00
1.065027802591382897e+04,3.865166882244917446e+00
1.065027804720415224e+04,3.865166861375133323e+00
1.065027806849447552e+04,3.865166840493024836e+00
1.065027808978480061e+04,3.865166819598584880e+00
1.065027811107512389e+04,3.865166798691820560e+00
1.065027813236544716e+04,3.865166777772731876e+00
1.065027815365577044e+04,3.865166756841308171e+00
1.065027817494609371e+04,3.865166735897567207e+00
1.065027819623641699e+04,3.865166714941501880e+00
1.065027821752674026e+04,3.865166693973101530e+00
1.065027823881706354e+04,3.865166672992380370e+00
1.065027826010738681e+04,3.865166651999331293e+00
1.065027828139771191e+04,3.865166630993957853e+00
1.065027830268803518e+04,3.865166609976260048e+00
1.065027832397835846e+04,3.865166588946237880e+00
1.065027834526868173e+04,3.865166567903891348e+00
1.065027836655900501e+04,3.865166546849209794e+00
1.065027838784932828e+04,3.865166525782218088e+00
1.065027840913965156e+04,3.865166504702894912e+00
1.065027843042997483e+04,3.865166483611247372e+00
1.065027845172029811e+04,3.865166462507275469e+00
1.065027847301062320e+04,3.865166441390979202e+00
1.065027849430094648e+04,3.865166420262362124e+00
1.065027851559126975e+04,3.865166399121424234e+00
1.065027853688159303e+04,3.865166377968154876e+00
1.065027855817191630e+04,3.865166356802571812e+00
1.065027857946223958e+04,3.865166335624657279e+00
1.065027860075256285e+04,3.865166314434429040e+00
1.065027862204288613e+04,3.865166293231869332e+00
1.065027864333320940e+04,3.865166272016995919e+00
1.065027866462353450e+04,3.865166250789791036e+00
1.065027868591385777e+04,3.865166229550272448e+00
1.065027870720418105e+04,3.865166208298429495e+00
1.065027872849450432e+04,3.865166187034265732e+00
1.065027874978482760e+04,3.865166165757777605e+00
1.065027877107515087e+04,3.865166144468972220e+00
1.065027879236547415e+04,3.865166123167846024e+00
1.065027881365579742e+04,3.865166101854395464e+00
1.065027883494612070e+04,3.865166080528620540e+00
1.065027885623644397e+04,3.865166059190535464e+00
1.065027887752676907e+04,3.865166037840126023e+00
1.065027889881709234e+04,3.865166016477392219e+00
1.065027892010741562e+04,3.865165995102344709e+00
1.065027894139773889e+04,3.865165973714979941e+00
1.065027896268806217e+04,3.865165952315283704e+00
1.065027898397838544e+04,3.865165930903280866e+00
1.065027900526870872e+04,3.865165909478950113e+00
1.065027902655903199e+04,3.865165888042305653e+00
1.065027904784935527e+04,3.865165866593347488e+00
1.065027906913968036e+04,3.865165845132057854e+00
1.065027909043000363e+04,3.865165823658461619e+00
1.065027911172032691e+04,3.865165802172544574e+00
1.065027913301065018e+04,3.865165780674306717e+00
1.065027915430097346e+04,3.865165759163748049e+00
1.065027917559129673e+04,3.865165737640882782e+00
1.065027919688162001e+04,3.865165716105693150e+00
1.065027921817194328e+04,3.865165694558186260e+00
1.065027923946226656e+04,3.865165672998362112e+00
1.065027926075259165e+04,3.865165651426224258e+00
1.065027928204291493e+04,3.865165629841765593e+00
1.065027930333323820e+04,3.865165608244993223e+00
1.065027932462356148e+04,3.865165586635910699e+00
1.065027934591388475e+04,3.865165565014503812e+00
1.065027936720420803e+04,3.865165543380783220e+00
1.065027938849453130e+04,3.865165521734745369e+00
1.065027940978485458e+04,3.865165500076400917e+00
1.065027943107517785e+04,3.865165478405732102e+00
1.065027945236550295e+04,3.865165456722753134e+00
1.065027947365582622e+04,3.865165435027456908e+00
1.065027949494614950e+04,3.865165413319846976e+00
1.065027951623647277e+04,3.865165391599923339e+00
1.065027953752679605e+04,3.865165369867685996e+00
1.065027955881711932e+04,3.865165348123131395e+00
1.065027958010744260e+04,3.865165326366270193e+00
1.065027960139776587e+04,3.865165304597088181e+00
1.065027962268808915e+04,3.865165282815592462e+00
1.065027964397841424e+04,3.865165261021786591e+00
1.065027966526873752e+04,3.865165239215674120e+00
1.065027968655906079e+04,3.865165217397237285e+00
1.065027970784938407e+04,3.865165195566493850e+00
1.065027972913970734e+04,3.865165173723436709e+00
1.065027975043003062e+04,3.865165151868072968e+00
1.065027977172035389e+04,3.865165130000391969e+00
1.065027979301067717e+04,3.865165108120400816e+00
1.065027981430100044e+04,3.865165086228092406e+00
1.065027983559132554e+04,3.865165064323477395e+00
1.065027985688164881e+04,3.865165042406548679e+00
1.065027987817197209e+04,3.865165020477313362e+00
1.065027989946229536e+04,3.865164998535764340e+00
1.065027992075261864e+04,3.865164976581905165e+00
1.065027994204294191e+04,3.865164954615739390e+00
1.065027996333326519e+04,3.865164932637259909e+00
1.065027998462358846e+04,3.865164910646466723e+00
1.065028000591391174e+04,3.865164888643370489e+00
1.065028002720423683e+04,3.865164866627960549e+00
1.065028004849456011e+04,3.865164844600240457e+00
1.065028006978488338e+04,3.865164822560213764e+00
1.065028009107520666e+04,3.865164800507884024e+00
1.065028011236552993e+04,3.865164778443233473e+00
1.065028013365585321e+04,3.865164756366279875e+00
1.065028015494617648e+04,3.865164734277019676e+00
1.065028017623649976e+04,3.865164712175445771e+00
1.065028019752682303e+04,3.865164690061572372e+00
1.065028021881714812e+04,3.865164667935381715e+00
1.065028024010747140e+04,3.865164645796891563e+00
1.065028026139779467e+04,3.865164623646084152e+00
1.065028028268811795e+04,3.865164601482980800e+00
1.065028030397844122e+04,3.865164579307563741e+00
1.065028032526876450e+04,3.865164557119840083e+00
1.065028034655908777e+04,3.865164534919809824e+00
1.065028036784941105e+04,3.865164512707476518e+00
1.065028038913973432e+04,3.865164490482836612e+00
1.065028041043005942e+04,3.865164468245890106e+00
1.065028043172038269e+04,3.865164445996629894e+00
1.065028045301070597e+04,3.865164423735077293e+00
1.065028047430102924e+04,3.865164401461207433e+00
1.065028049559135252e+04,3.865164379175038079e+00
1.065028051688167579e+04,3.865164356876565677e+00
1.065028053817199907e+04,3.865164334565783122e+00
1.065028055946232234e+04,3.865164312242701072e+00
1.065028058075264562e+04,3.865164289907312423e+00
1.065028060204297071e+04,3.865164267559617173e+00
1.065028062333329399e+04,3.865164245199618875e+00
1.065028064462361726e+04,3.865164222827321083e+00
1.065028066591394054e+04,3.865164200442713138e+00
1.065028068720426381e+04,3.865164178045805699e+00
1.065028070849458709e+04,3.865164155636595211e+00
1.065028072978491036e+04,3.865164133215078124e+00
1.065028075107523364e+04,3.865164110781265094e+00
1.065028077236555691e+04,3.865164088335141912e+00
1.065028079365588201e+04,3.865164065876715682e+00
1.065028081494620528e+04,3.865164043405993510e+00
1.065028083623652856e+04,3.865164020922968291e+00
1.065028085752685183e+04,3.865163998427640024e+00
1.065028087881717511e+04,3.865163975920008710e+00
1.065028090010749838e+04,3.865163953400077901e+00
1.065028092139782166e+04,3.865163930867847597e+00
1.065028094268814493e+04,3.865163908323310693e+00
1.065028096397846821e+04,3.865163885766477847e+00
1.065028098526879330e+04,3.865163863197341954e+00
1.065028100655911658e+04,3.865163840615906565e+00
1.065028102784943985e+04,3.865163818022171682e+00
1.065028104913976313e+04,3.865163795416137305e+00
1.065028107043008640e+04,3.865163772797796327e+00
1.065028109172040968e+04,3.865163750167166512e+00
1.065028111301073295e+04,3.865163727524226545e+00
1.065028113430105623e+04,3.865163704868994188e+00
1.065028115559137950e+04,3.865163682201465889e+00
1.065028117688170460e+04,3.865163659521627437e+00
1.065028119817202787e+04,3.865163636829500149e+00
1.065028121946235115e+04,3.865163614125069813e+00
1.065028124075267442e+04,3.865163591408339983e+00
1.065028126204299770e+04,3.865163568679317763e+00
1.065028128333332097e+04,3.865163545937992495e+00
1.065028130462364425e+04,3.865163523184374839e+00
1.065028132591396752e+04,3.865163500418454134e+00
1.065028134720429080e+04,3.865163477640241041e+00
1.065028136849461589e+04,3.865163454849728453e+00
1.065028138978493917e+04,3.865163432046916370e+00
1.065028141107526244e+04,3.865163409231815450e+00
1.065028143236558572e+04,3.865163386404407930e+00
1.065028145365590899e+04,3.865163363564718679e+00
1.065028147494623227e+04,3.865163340712719275e+00
1.065028149623655554e+04,3.865163317848434588e+00
1.065028151752687882e+04,3.865163294971846852e+00
1.065028153881720209e+04,3.865163272082963175e+00
1.065028156010752718e+04,3.865163249181787108e+00
1.065028158139785046e+04,3.865163226268318653e+00
1.065028160268817373e+04,3.865163203342550702e+00
1.065028162397849701e+04,3.865163180404486809e+00
1.065028164526882028e+04,3.865163157454134080e+00
1.065028166655914356e+04,3.865163134491485408e+00
1.065028168784946683e+04,3.865163111516540795e+00
1.065028170913979011e+04,3.865163088529307345e+00
1.065028173043011338e+04,3.865163065529781505e+00
1.065028175172043848e+04,3.865163042517952618e+00
1.065028177301076175e+04,3.865163019493831342e+00
1.065028179430108503e+04,3.865162996457428335e+00
1.065028181559140830e+04,3.865162973408725833e+00
1.065028183688173158e+04,3.865162950347730941e+00
1.065028185817205485e+04,3.865162927274447213e+00
1.065028187946237813e+04,3.865162904188863990e+00
1.065028190075270140e+04,3.865162881090995484e+00
1.065028192204302468e+04,3.865162857980831035e+00
1.065028194333334977e+04,3.865162834858374197e+00
1.065028196462367305e+04,3.865162811723624969e+00
1.065028198591399632e+04,3.865162788576594011e+00
1.065028200720431960e+04,3.865162765417267110e+00
1.065028202849464287e+04,3.865162742245647820e+00
1.065028204978496615e+04,3.865162719061739693e+00
1.065028207107528942e+04,3.865162695865539177e+00
1.065028209236561270e+04,3.865162672657053378e+00
1.065028211365593597e+04,3.865162649436275188e+00
1.065028213494626107e+04,3.865162626203204610e+00
1.065028215623658434e+04,3.865162602957852300e+00
1.065028217752690762e+04,3.865162579700200496e+00
1.065028219881723089e+04,3.865162556430263407e+00
1.065028222010755417e+04,3.865162533148037483e+00
1.065028224139787744e+04,3.865162509853526274e+00
1.065028226268820072e+04,3.865162486546722675e+00
1.065028228397852399e+04,3.865162463227633793e+00
1.065028230526884727e+04,3.865162439896259627e+00
1.065028232655917236e+04,3.865162416552589519e+00
1.065028234784949564e+04,3.865162393196637680e+00
1.065028236913981891e+04,3.865162369828397004e+00
1.065028239043014219e+04,3.865162346447871045e+00
1.065028241172046546e+04,3.865162323055056248e+00
1.065028243301078874e+04,3.865162299649956168e+00
1.065028245430111201e+04,3.865162276232567251e+00
1.065028247559143529e+04,3.865162252802889498e+00
1.065028249688175856e+04,3.865162229360930013e+00
1.065028251817208366e+04,3.865162205906685244e+00
1.065028253946240693e+04,3.865162182440148086e+00
1.065028256075273021e+04,3.865162158961332750e+00
1.065028258204305348e+04,3.865162135470232130e+00
1.065028260333337676e+04,3.865162111966842673e+00
1.065028262462370003e+04,3.865162088451171485e+00
1.065028264591402331e+04,3.865162064923211460e+00
1.065028266720434658e+04,3.865162041382973257e+00
1.065028268849466986e+04,3.865162017830442664e+00
1.065028270978499495e+04,3.865161994265630341e+00
1.065028273107531822e+04,3.865161970688539839e+00
1.065028275236564150e+04,3.865161947099160500e+00
1.065028277365596477e+04,3.865161923497499430e+00
1.065028279494628805e+04,3.865161899883553076e+00
1.065028281623661132e+04,3.865161876257328544e+00
1.065028283752693460e+04,3.865161852618818727e+00
1.065028285881725787e+04,3.865161828968027180e+00
1.065028288010758115e+04,3.865161805304950349e+00
1.065028290139790624e+04,3.865161781629591786e+00
1.065028292268822952e+04,3.865161757941951493e+00
1.065028294397855279e+04,3.865161734242033020e+00
1.065028296526887607e+04,3.865161710529829264e+00
1.065028298655919934e+04,3.865161686805347330e+00
1.065028300784952262e+04,3.865161663068583664e+00
1.065028302913984589e+04,3.865161639319534714e+00
1.065028305043016917e+04,3.865161615558204034e+00
1.065028307172049244e+04,3.865161591784598727e+00
1.065028309301081754e+04,3.865161567998711689e+00
1.065028311430114081e+04,3.865161544200539367e+00
1.065028313559146409e+04,3.865161520390095973e+00
1.065028315688178736e+04,3.865161496567367294e+00
1.065028317817211064e+04,3.865161472732363990e+00
1.065028319946243391e+04,3.865161448885075401e+00
1.065028322075275719e+04,3.865161425025512187e+00
1.065028324204308046e+04,3.865161401153670795e+00
1.065028326333340374e+04,3.865161377269547671e+00
1.065028328462372883e+04,3.865161353373142816e+00
1.065028330591405211e+04,3.865161329464463336e+00
1.065028332720437538e+04,3.865161305543512782e+00
1.065028334849469866e+04,3.865161281610273392e+00
1.065028336978502193e+04,3.865161257664762928e+00
1.065028339107534521e+04,3.865161233706974286e+00
1.065028341236566848e+04,3.865161209736907466e+00
1.065028343365599176e+04,3.865161185754562467e+00
1.065028345494631503e+04,3.865161161759942843e+00
1.065028347623664013e+04,3.865161137753045040e+00
1.065028349752696340e+04,3.865161113733872611e+00
1.065028351881728668e+04,3.865161089702425556e+00
1.065028354010760995e+04,3.865161065658696771e+00
1.065028356139793323e+04,3.865161041602700465e+00
1.065028358268825650e+04,3.865161017534422427e+00
1.065028360397857978e+04,3.865160993453869764e+00
1.065028362526890305e+04,3.865160969361046028e+00
1.065028364655922633e+04,3.865160945255940561e+00
1.065028366784955142e+04,3.865160921138567574e+00
1.065028368913987470e+04,3.865160897008912855e+00
1.065028371043019797e+04,3.865160872866994168e+00
1.065028373172052125e+04,3.865160848712797304e+00
1.065028375301084452e+04,3.865160824546318707e+00
1.065028377430116780e+04,3.865160800367583249e+00
1.065028379559149107e+04,3.865160776176562507e+00
1.065028381688181435e+04,3.865160751973267139e+00
1.065028383817213762e+04,3.865160727757700698e+00
1.065028385946246271e+04,3.865160703529863184e+00
1.065028388075278599e+04,3.865160679289754597e+00
1.065028390204310926e+04,3.865160655037367832e+00
1.065028392333343254e+04,3.865160630772717099e+00
1.065028394462375581e+04,3.865160606495791740e+00
1.065028396591407909e+04,3.865160582206595308e+00
1.065028398720440237e+04,3.865160557905124250e+00
1.065028400849472564e+04,3.865160533591385672e+00
1.065028402978504892e+04,3.865160509265372468e+00
1.065028405107537401e+04,3.865160484927088191e+00
1.065028407236569728e+04,3.865160460576536394e+00
1.065028409365602056e+04,3.865160436213720629e+00
1.065028411494634383e+04,3.865160411838623133e+00
1.065028413623666711e+04,3.865160387451261670e+00
1.065028415752699038e+04,3.865160363051629133e+00
1.065028417881731366e+04,3.865160338639725524e+00
1.065028420010763693e+04,3.865160314215557946e+00
1.065028422139796021e+04,3.865160289779115743e+00
1.065028424268828530e+04,3.865160265330406020e+00
1.065028426397860858e+04,3.865160240869425223e+00
1.065028428526893185e+04,3.865160216396180459e+00
1.065028430655925513e+04,3.865160191910668175e+00
1.065028432784957840e+04,3.865160167412888370e+00
1.065028434913990168e+04,3.865160142902837492e+00
1.065028437043022495e+04,3.865160118380519094e+00
1.065028439172054823e+04,3.865160093845933176e+00
1.065028441301087150e+04,3.865160069299079737e+00
1.065028443430119660e+04,3.865160044739958778e+00
1.065028445559151987e+04,3.865160020168573851e+00
1.065028447688184315e+04,3.865159995584921404e+00
1.065028449817216642e+04,3.865159970989001437e+00
1.065028451946248970e+04,3.865159946380817502e+00
1.065028454075281297e+04,3.865159921760373152e+00
1.065028456204313625e+04,3.865159897127657729e+00
1.065028458333345952e+04,3.865159872482674785e+00
1.065028460462378280e+04,3.865159847825424322e+00
1.065028462591410789e+04,3.865159823155913443e+00
1.065028464720443117e+04,3.865159798474142150e+00
1.065028466849475444e+04,3.865159773780099783e+00
1.065028468978507772e+04,3.865159749073797002e+00
1.065028471107540099e+04,3.865159724355226700e+00
1.065028473236572427e+04,3.865159699624392431e+00
1.065028475365604754e+04,3.865159674881297747e+00
1.065028477494637082e+04,3.865159650125935542e+00
1.065028479623669409e+04,3.865159625358312923e+00
1.065028481752701919e+04,3.865159600578426335e+00
1.065028483881734246e+04,3.865159575786275781e+00
1.065028486010766574e+04,3.865159550981861258e+00
1.065028488139798901e+04,3.865159526165193427e+00
1.065028490268831229e+04,3.865159501336258074e+00
1.065028492397863556e+04,3.865159476495055202e+00
1.065028494526895884e+04,3.865159451641595467e+00
1.065028496655928211e+04,3.865159426775875318e+00
1.065028498784960539e+04,3.865159401897894753e+00
1.065028500913993048e+04,3.865159377007646668e+00
1.065028503043025376e+04,3.865159352105145274e+00
1.065028505172057703e+04,3.865159327190376359e+00
1.065028507301090031e+04,3.865159302263354135e+00
1.065028509430122358e+04,3.865159277324067943e+00
1.065028511559154686e+04,3.865159252372528442e+00
1.065028513688187013e+04,3.865159227408714315e+00
1.065028515817219341e+04,3.865159202432653984e+00
1.065028517946251668e+04,3.865159177444329686e+00
1.065028520075284177e+04,3.865159152443744972e+00
1.065028522204316505e+04,3.865159127430903396e+00
1.065028524333348832e+04,3.865159102405801406e+00
1.065028526462381160e+04,3.865159077368439000e+00
1.065028528591413487e+04,3.865159052318823285e+00
1.065028530720445815e+04,3.865159027256947155e+00
1.065028532849478142e+04,3.865159002182814163e+00
1.065028534978510470e+04,3.865158977096424309e+00
1.065028537107542797e+04,3.865158951997781145e+00
1.065028539236575307e+04,3.865158926886870461e+00
1.065028541365607634e+04,3.865158901763713573e+00
1.065028543494639962e+04,3.865158876628296269e+00
1.065028545623672289e+04,3.865158851480614999e+00
1.065028547752704617e+04,3.865158826320683971e+00
1.065028549881736944e+04,3.865158801148492529e+00
1.065028552010769272e+04,3.865158775964054882e+00
1.065028554139801599e+04,3.865158750767353268e+00
1.065028556268833927e+04,3.865158725558398345e+00
1.065028558397866436e+04,3.865158700337190112e+00
1.065028560526898764e+04,3.865158675103725017e+00
1.065028562655931091e+04,3.865158649858006612e+00
1.065028564784963419e+04,3.865158624600031345e+00
1.065028566913995746e+04,3.865158599329806322e+00
1.065028569043028074e+04,3.865158574047324436e+00
1.065028571172060401e+04,3.865158548752585688e+00
1.065028573301092729e+04,3.865158523445597183e+00
1.065028575430125056e+04,3.865158498126348263e+00
1.065028577559157566e+04,3.865158472794853139e+00
1.065028579688189893e+04,3.865158447451104706e+00
1.065028581817222221e+04,3.865158422095106516e+00
1.065028583946254548e+04,3.865158396726851464e+00
1.065028586075286876e+04,3.865158371346343102e+00
1.065028588204319203e+04,3.865158345953584984e+00
1.065028590333351531e+04,3.865158320548573556e+00
1.065028592462383858e+04,3.865158295131312371e+00
1.065028594591416186e+04,3.865158269701804983e+00
1.065028596720448695e+04,3.865158244260033626e+00
1.065028598849481023e+04,3.865158218806016066e+00
1.065028600978513350e+04,3.865158193339752302e+00
1.065028603107545678e+04,3.865158167861235228e+00
1.065028605236578005e+04,3.865158142370468397e+00
1.065028607365610333e+04,3.865158116867448257e+00
1.065028609494642660e+04,3.865158091352181913e+00
1.065028611623674988e+04,3.865158065824669364e+00
1.065028613752707315e+04,3.865158040284899954e+00
1.065028615881739825e+04,3.865158014732887892e+00
1.065028618010772152e+04,3.865157989168615416e+00
1.065028620139804480e+04,3.865157963592107393e+00
1.065028622268836807e+04,3.865157938003346061e+00
1.065028624397869135e+04,3.865157912402334972e+00
1.065028626526901462e+04,3.865157886789077679e+00
1.065028628655933790e+04,3.865157861163570630e+00
1.065028630784966117e+04,3.865157835525820929e+00
1.065028632913998445e+04,3.865157809875821471e+00
1.065028635043030954e+04,3.865157784213572256e+00
1.065028637172063281e+04,3.865157758539076838e+00
1.065028639301095609e+04,3.865157732852335215e+00
1.065028641430127936e+04,3.865157707153343836e+00
1.065028643559160264e+04,3.865157681442109805e+00
1.065028645688192591e+04,3.865157655718629570e+00
1.065028647817224919e+04,3.865157629982903131e+00
1.065028649946257246e+04,3.865157604234930488e+00
1.065028652075289574e+04,3.865157578474711642e+00
1.065028654204322083e+04,3.865157552702250143e+00
1.065028656333354411e+04,3.865157526917538888e+00
1.065028658462386738e+04,3.865157501120592087e+00
1.065028660591419066e+04,3.865157475311388424e+00
1.065028662720451393e+04,3.865157449489952768e+00
1.065028664849483721e+04,3.865157423656267355e+00
1.065028666978516048e+04,3.865157397810339290e+00
1.065028669107548376e+04,3.865157371952165022e+00
1.065028671236580703e+04,3.865157346081748102e+00
1.065028673365613213e+04,3.865157320199092084e+00
1.065028675494645540e+04,3.865157294304189861e+00
1.065028677623677868e+04,3.865157268397044987e+00
1.065028679752710195e+04,3.865157242477653909e+00
1.065028681881742523e+04,3.865157216546023733e+00
1.065028684010774850e+04,3.865157190602154458e+00
1.065028686139807178e+04,3.865157164646042531e+00
1.065028688268839505e+04,3.865157138677680848e+00
1.065028690397871833e+04,3.865157112697087172e+00
1.065028692526904342e+04,3.865157086704250844e+00
1.065028694655936670e+04,3.865157060699171865e+00
1.065028696784968997e+04,3.865157034681850234e+00
1.065028698914001325e+04,3.865157008652293058e+00
1.065028701043033652e+04,3.865156982610493230e+00
1.065028703172065980e+04,3.865156956556454304e+00
1.065028705301098307e+04,3.865156930490176279e+00
1.065028707430130635e+04,3.865156904411652050e+00
1.065028709559162962e+04,3.865156878320899381e+00
1.065028711688195472e+04,3.865156852217896954e+00
1.065028713817227799e+04,3.865156826102658982e+00
1.065028715946260127e+04,3.865156799975189017e+00
1.065028718075292454e+04,3.865156773835472848e+00
1.065028720204324782e+04,3.865156747683521132e+00
1.065028722333357109e+04,3.865156721519330318e+00
1.065028724462389437e+04,3.865156695342900406e+00
1.065028726591421764e+04,3.865156669154238500e+00
1.065028728720454092e+04,3.865156642953337496e+00
1.065028730849486601e+04,3.865156616740193840e+00
1.065028732978518929e+04,3.865156590514818191e+00
1.065028735107551256e+04,3.865156564277206996e+00
1.065028737236583584e+04,3.865156538027356703e+00
1.065028739365615911e+04,3.865156511765270864e+00
1.065028741494648239e+04,3.865156485490953031e+00
1.065028743623680566e+04,3.865156459204396100e+00
1.065028745752712894e+04,3.865156432905596517e+00
1.065028747881745221e+04,3.865156406594572047e+00
1.065028750010777730e+04,3.865156380271312031e+00
1.065028752139810058e+04,3.865156353935812916e+00
1.065028754268842385e+04,3.865156327588081808e+00
1.065028756397874713e+04,3.865156301228115154e+00
1.065028758526907041e+04,3.865156274855912955e+00
1.065028760655939368e+04,3.865156248471482314e+00
1.065028762784971696e+04,3.865156222074812575e+00
1.065028764914004023e+04,3.865156195665910843e+00
1.065028767043036351e+04,3.865156169244777118e+00
1.065028769172068860e+04,3.865156142811407847e+00
1.065028771301101187e+04,3.865156116365806582e+00
1.065028773430133515e+04,3.865156089907969772e+00
1.065028775559165842e+04,3.865156063437908074e+00
1.065028777688198170e+04,3.865156036955614383e+00
1.065028779817230497e+04,3.865156010461081593e+00
1.065028781946262825e+04,3.865155983954320362e+00
1.065028784075295152e+04,3.865155957435327139e+00
1.065028786204327480e+04,3.865155930904105475e+00
1.065028788333359989e+04,3.865155904360651817e+00
1.065028790462392317e+04,3.865155877804969720e+00
1.065028792591424644e+04,3.865155851237044971e+00
1.065028794720456972e+04,3.865155824656902439e+00
1.065028796849489299e+04,3.865155798064531467e+00
1.065028798978521627e+04,3.865155771459921397e+00
1.065028801107553954e+04,3.865155744843086438e+00
1.065028803236586282e+04,3.865155718214023040e+00
1.065028805365618609e+04,3.865155691572731200e+00
1.065028807494651119e+04,3.865155664919203815e+00
1.065028809623683446e+04,3.865155638253458648e+00
1.065028811752715774e+04,3.865155611575474381e+00
1.065028813881748101e+04,3.865155584885268780e+00
1.065028816010780429e+04,3.865155558182831186e+00
1.065028818139812756e+04,3.865155531468172256e+00
1.065028820268845084e+04,3.865155504741281334e+00
1.065028822397877411e+04,3.865155478002165523e+00
1.065028824526909739e+04,3.865155451250817720e+00
1.065028826655942248e+04,3.865155424487248581e+00
1.065028828784974576e+04,3.865155397711451002e+00
1.065028830914006903e+04,3.865155370923421430e+00
1.065028833043039231e+04,3.865155344123174075e+00
1.065028835172071558e+04,3.865155317310698280e+00
1.065028837301103886e+04,3.865155290485994044e+00
1.065028839430136213e+04,3.865155263649064921e+00
1.065028841559168541e+04,3.865155236799918015e+00
1.065028843688200868e+04,3.865155209938539116e+00
1.065028845817233378e+04,3.865155183064935329e+00
1.065028847946265705e+04,3.865155156179113760e+00
1.065028850075298033e+04,3.865155129281060198e+00
1.065028852204330360e+04,3.865155102370785301e+00
1.065028854333362688e+04,3.865155075448285515e+00
1.065028856462395015e+04,3.865155048513564395e+00
1.065028858591427343e+04,3.865155021566614835e+00
1.065028860720459670e+04,3.865154994607447492e+00
1.065028862849491998e+04,3.865154967636058814e+00
1.065028864978524507e+04,3.865154940652441695e+00
1.065028867107556835e+04,3.865154913656603242e+00
1.065028869236589162e+04,3.865154886648550558e+00
1.065028871365621490e+04,3.865154859628265882e+00
1.065028873494653817e+04,3.865154832595766976e+00
1.065028875623686145e+04,3.865154805551043182e+00
1.065028877752718472e+04,3.865154778494098053e+00
1.065028879881750800e+04,3.865154751424931590e+00
1.065028882010783127e+04,3.865154724343543791e+00
1.065028884139815636e+04,3.865154697249938209e+00
1.065028886268847964e+04,3.865154670144111293e+00
1.065028888397880291e+04,3.865154643026063042e+00
1.065028890526912619e+04,3.865154615895793455e+00
1.065028892655944946e+04,3.865154588753306086e+00
1.065028894784977274e+04,3.865154561598600935e+00
1.065028896914009601e+04,3.865154534431678002e+00
1.065028899043041929e+04,3.865154507252533733e+00
1.065028901172074256e+04,3.865154480061171682e+00
1.065028903301106766e+04,3.865154452857591849e+00
1.065028905430139093e+04,3.865154425641783575e+00
1.065028907559171421e+04,3.865154398413775283e+00
1.065028909688203748e+04,3.865154371173534997e+00
1.065028911817236076e+04,3.865154343921087587e+00
1.065028913946268403e+04,3.865154316656411737e+00
1.065028916075300731e+04,3.865154289379528763e+00
1.065028918204333058e+04,3.865154262090420900e+00
1.065028920333365386e+04,3.865154234789105914e+00
1.065028922462397895e+04,3.865154207475562487e+00
1.065028924591430223e+04,3.865154180149811936e+00
1.065028926720462550e+04,3.865154152811843602e+00
1.065028928849494878e+04,3.865154125461661039e+00
1.065028930978527205e+04,3.865154098099257141e+00
1.065028933107559533e+04,3.865154070724646118e+00
1.065028935236591860e+04,3.865154043337813761e+00
1.065028937365624188e+04,3.865154015938770726e+00
1.065028939494656515e+04,3.865153988527513462e+00
1.065028941623689025e+04,3.865153961104041969e+00
1.065028943752721352e+04,3.865153933668352693e+00
1.065028945881753680e+04,3.865153906220449187e+00
1.065028948010786007e+04,3.865153878760335004e+00
1.065028950139818335e+04,3.865153851288010145e+00
1.065028952268850662e+04,3.865153823803471056e+00
1.065028954397882990e+04,3.865153796306717737e+00
1.065028956526915317e+04,3.865153768797753742e+00
1.065028958655947645e+04,3.865153741276571964e+00
1.065028960784980154e+04,3.865153713743179509e+00
1.065028962914012482e+04,3.865153686197576377e+00
1.065028965043044809e+04,3.865153658639766121e+00
1.065028967172077137e+04,3.865153631069741635e+00
1.065028969301109464e+04,3.865153603487506473e+00
1.065028971430141792e+04,3.865153575893057081e+00
1.065028973559174119e+04,3.865153548286404117e+00
1.065028975688206447e+04,3.865153520667529818e+00
1.065028977817238774e+04,3.865153493036455501e+00
1.065028979946271284e+04,3.865153465393166954e+00
1.065028982075303611e+04,3.865153437737667730e+00
1.065028984204335939e+04,3.865153410069957829e+00
1.065028986333368266e+04,3.865153382390040804e+00
1.065028988462400594e+04,3.865153354697913102e+00
1.065028990591432921e+04,3.865153326993581828e+00
1.065028992720465249e+04,3.865153299277036325e+00
1.065028994849497576e+04,3.865153271548290803e+00
1.065028996978529904e+04,3.865153243807331052e+00
1.065028999107562413e+04,3.865153216054160623e+00
1.065029001236594740e+04,3.865153188288786623e+00
1.065029003365627068e+04,3.865153160511205499e+00
1.065029005494659395e+04,3.865153132721413698e+00
1.065029007623691723e+04,3.865153104919418325e+00
1.065029009752724050e+04,3.865153077105212276e+00
1.065029011881756378e+04,3.865153049278813313e+00
1.065029014010788705e+04,3.865153021440196568e+00
1.065029016139821033e+04,3.865152993589372699e+00
1.065029018268853542e+04,3.865152965726338152e+00
1.065029020397885870e+04,3.865152937851107140e+00
1.065029022526918197e+04,3.865152909963672556e+00
1.065029024655950525e+04,3.865152882064030848e+00
1.065029026784982852e+04,3.865152854152182016e+00
1.065029028914015180e+04,3.865152826228129612e+00
1.065029031043047507e+04,3.865152798291877190e+00
1.065029033172079835e+04,3.865152770343414090e+00
1.065029035301112162e+04,3.865152742382750972e+00
1.065029037430144672e+04,3.865152714409884283e+00
1.065029039559176999e+04,3.865152686424810469e+00
1.065029041688209327e+04,3.865152658427536636e+00
1.065029043817241654e+04,3.865152630418059232e+00
1.065029045946273982e+04,3.865152602396381809e+00
1.065029048075306309e+04,3.865152574362500815e+00
1.065029050204338637e+04,3.865152546316419802e+00
1.065029052333370964e+04,3.865152518258135217e+00
1.065029054462403292e+04,3.865152490187643508e+00
1.065029056591435619e+04,3.865152462104955333e+00
1.065029058720468129e+04,3.865152434010063587e+00
1.065029060849500456e+04,3.865152405902975374e+00
1.065029062978532784e+04,3.865152377783683590e+00
1.065029065107565111e+04,3.865152349652195340e+00
1.065029067236597439e+04,3.865152321508499966e+00
1.065029069365629766e+04,3.865152293352611679e+00
1.065029071494662094e+04,3.865152265184519820e+00
1.065029073623694421e+04,3.865152237004227942e+00
1.065029075752726749e+04,3.865152208811743151e+00
1.065029077881759258e+04,3.865152180607051235e+00
1.065029080010791586e+04,3.865152152390162854e+00
1.065029082139823913e+04,3.865152124161074454e+00
1.065029084268856241e+04,3.865152095919789588e+00
1.065029086397888568e+04,3.865152067666308255e+00
1.065029088526920896e+04,3.865152039400626904e+00
1.065029090655953223e+04,3.865152011122749087e+00
1.065029092784985551e+04,3.865151982832674804e+00
1.065029094914017878e+04,3.865151954530400502e+00
1.065029097043050388e+04,3.865151926215933287e+00
1.065029099172082715e+04,3.865151897889266053e+00
1.065029101301115043e+04,3.865151869550409458e+00
1.065029103430147370e+04,3.865151841199349292e+00
1.065029105559179698e+04,3.865151812836092660e+00
1.065029107688212025e+04,3.865151784460646667e+00
1.065029109817244353e+04,3.865151756073000655e+00
1.065029111946276680e+04,3.865151727673161730e+00
1.065029114075309008e+04,3.865151699261126339e+00
1.065029116204341517e+04,3.865151670836894482e+00
1.065029118333373845e+04,3.865151642400473264e+00
1.065029120462406172e+04,3.865151613951855580e+00
1.065029122591438500e+04,3.865151585491041430e+00
1.065029124720470827e+04,3.865151557018037920e+00
1.065029126849503155e+04,3.865151528532837943e+00
1.065029128978535482e+04,3.865151500035445054e+00
1.065029131107567810e+04,3.865151471525859250e+00
1.065029133236600137e+04,3.865151443004084086e+00
1.065029135365632646e+04,3.865151414470108904e+00
1.065029137494664974e+04,3.865151385923951466e+00
1.065029139623697301e+04,3.865151357365594009e+00
1.065029141752729629e+04,3.865151328795047192e+00
1.065029143881761956e+04,3.865151300212314567e+00
1.065029146010794284e+04,3.865151271617385476e+00
1.065029148139826611e+04,3.865151243010263471e+00
1.065029150268858939e+04,3.865151214390955658e+00
1.065029152397891266e+04,3.865151185759451380e+00
1.065029154526923776e+04,3.865151157115757741e+00
1.065029156655956103e+04,3.865151128459878294e+00
1.065029158784988431e+04,3.865151099791805933e+00
1.065029160914020758e+04,3.865151071111544212e+00
1.065029163043053086e+04,3.865151042419096683e+00
1.065029165172085413e+04,3.865151013714456241e+00
1.065029167301117741e+04,3.865150984997629990e+00
1.065029169430150068e+04,3.865150956268614379e+00
1.065029171559182396e+04,3.865150927527409408e+00
1.065029173688214905e+04,3.865150898774015076e+00
1.065029175817247233e+04,3.865150870008434936e+00
1.065029177946279560e+04,3.865150841230665435e+00
1.065029180075311888e+04,3.865150812440713679e+00
1.065029182204344215e+04,3.865150783638569010e+00
1.065029184333376543e+04,3.865150754824238533e+00
1.065029186462408870e+04,3.865150725997725800e+00
1.065029188591441198e+04,3.865150697159027260e+00
1.065029190720473525e+04,3.865150668308132254e+00
1.065029192849506035e+04,3.865150639445058545e+00
1.065029194978538362e+04,3.865150610569802581e+00
1.065029197107570690e+04,3.865150581682353703e+00
1.065029199236603017e+04,3.865150552782722571e+00
1.065029201365635345e+04,3.865150523870909183e+00
1.065029203494667672e+04,3.865150494946909987e+00
1.065029205623700000e+04,3.865150466010728536e+00
1.065029207752732327e+04,3.865150437062354172e+00
1.065029209881764655e+04,3.865150408101804658e+00
1.065029212010797164e+04,3.865150379129065783e+00
1.065029214139829492e+04,3.865150350144148206e+00
1.065029216268861819e+04,3.865150321147044821e+00
1.065029218397894147e+04,3.865150292137759180e+00
1.065029220526926474e+04,3.865150263116291285e+00
1.065029222655958802e+04,3.865150234082641134e+00
1.065029224784991129e+04,3.865150205036808728e+00
1.065029226914023457e+04,3.865150175978797620e+00
1.065029229043055784e+04,3.865150146908600703e+00
1.065029231172088294e+04,3.865150117826221532e+00
1.065029233301120621e+04,3.865150088731660105e+00
1.065029235430152949e+04,3.865150059624923529e+00
1.065029237559185276e+04,3.865150030506001144e+00
1.065029239688217604e+04,3.865150001374903610e+00
1.065029241817249931e+04,3.865149972231620268e+00
1.065029243946282259e+04,3.865149943076158223e+00
1.065029246075314586e+04,3.865149913908521029e+00
1.065029248204346914e+04,3.865149884728698026e+00
1.065029250333379423e+04,3.865149855536696322e+00
1.065029252462411750e+04,3.865149826332519467e+00
1.065029254591444078e+04,3.865149797116160357e+00
1.065029256720476405e+04,3.865149767887626098e+00
1.065029258849508733e+04,3.865149738646913136e+00
1.065029260978541060e+04,3.865149709394017918e+00
1.065029263107573388e+04,3.865149680128954657e+00
1.065029265236605715e+04,3.865149650851709140e+00
1.065029267365638043e+04,3.865149621562281368e+00
1.065029269494670552e+04,3.865149592260678446e+00
1.065029271623702880e+04,3.865149562946900375e+00
1.065029273752735207e+04,3.865149533620943600e+00
1.065029275881767535e+04,3.865149504282815229e+00
1.065029278010799862e+04,3.865149474932511708e+00
1.065029280139832190e+04,3.865149445570029485e+00
1.065029282268864517e+04,3.865149416195368559e+00
1.065029284397896845e+04,3.865149386808539589e+00
1.065029286526929172e+04,3.865149357409528363e+00
1.065029288655961682e+04,3.865149327998341988e+00
1.065029290784994009e+04,3.865149298574987569e+00
1.065029292914026337e+04,3.865149269139454447e+00
1.065029295043058664e+04,3.865149239691749727e+00
1.065029297172090992e+04,3.865149210231869858e+00
1.065029299301123319e+04,3.865149180759818393e+00
1.065029301430155647e+04,3.865149151275595329e+00
1.065029303559187974e+04,3.865149121779193564e+00
1.065029305688220302e+04,3.865149092270620201e+00
1.065029307817252811e+04,3.865149062749871689e+00
1.065029309946285139e+04,3.865149033216962238e+00
1.065029312075317466e+04,3.865149003671870531e+00
1.065029314204349794e+04,3.865148974114614333e+00
1.065029316333382121e+04,3.865148944545179432e+00
1.065029318462414449e+04,3.865148914963576487e+00
1.065029320591446776e+04,3.865148885369801945e+00
1.065029322720479104e+04,3.865148855763859359e+00
1.065029324849511431e+04,3.865148826145745176e+00
1.065029326978543941e+04,3.865148796515459395e+00
1.065029329107576268e+04,3.865148766873002018e+00
1.065029331236608596e+04,3.865148737218376596e+00
1.065029333365640923e+04,3.865148707551583129e+00
1.065029335494673251e+04,3.865148677872618066e+00
1.065029337623705578e+04,3.865148648181484958e+00
1.065029339752737906e+04,3.865148618478187359e+00
1.065029341881770233e+04,3.865148588762714610e+00
1.065029344010802561e+04,3.865148559035073816e+00
1.065029346139835070e+04,3.865148529295268531e+00
1.065029348268867398e+04,3.865148499543291649e+00
1.065029350397899725e+04,3.865148469779150275e+00
1.065029352526932053e+04,3.865148440002844410e+00
1.065029354655964380e+04,3.865148410214370500e+00
1.065029356784996708e+04,3.865148380413732099e+00
1.065029358914029035e+04,3.865148350600918548e+00
1.065029361043061363e+04,3.865148320775940505e+00
1.065029363172093690e+04,3.865148290938801523e+00
1.065029365301126199e+04,3.865148261089490944e+00
1.065029367430158527e+04,3.865148231228019426e+00
1.065029369559190854e+04,3.865148201354383417e+00
1.065029371688223182e+04,3.865148171468579363e+00
1.065029373817255509e+04,3.865148141570614371e+00
1.065029375946287837e+04,3.865148111660477781e+00
1.065029378075320164e+04,3.865148081738190911e+00
1.065029380204352492e+04,3.865148051803728890e+00
1.065029382333384820e+04,3.865148021857102378e+00
1.065029384462417329e+04,3.865147991898314928e+00
1.065029386591449656e+04,3.865147961927362985e+00
1.065029388720481984e+04,3.865147931944253656e+00
1.065029390849514311e+04,3.865147901948976283e+00
1.065029392978546639e+04,3.865147871941537971e+00
1.065029395107578966e+04,3.865147841921942273e+00
1.065029397236611294e+04,3.865147811890178531e+00
1.065029399365643621e+04,3.865147781846253849e+00
1.065029401494675949e+04,3.865147751790168229e+00
1.065029403623708458e+04,3.865147721721918117e+00
1.065029405752740786e+04,3.865147691641510619e+00
1.065029407881773113e+04,3.865147661548942182e+00
1.065029410010805441e+04,3.865147631444216358e+00
1.065029412139837768e+04,3.865147601327322491e+00
1.065029414268870096e+04,3.865147571198278342e+00
1.065029416397902423e+04,3.865147541057069702e+00
1.065029418526934751e+04,3.865147510903703676e+00
1.065029420655967078e+04,3.865147480738176711e+00
1.065029422784999588e+04,3.865147450560488807e+00
1.065029424914031915e+04,3.865147420370643516e+00
1.065029427043064243e+04,3.865147390168640840e+00
1.065029429172096570e+04,3.865147359954480777e+00
1.065029431301128898e+04,3.865147329728163328e+00
1.065029433430161225e+04,3.865147299489681387e+00
1.065029435559193553e+04,3.865147269239052719e+00
1.065029437688225880e+04,3.865147238976263111e+00
1.065029439817258208e+04,3.865147208701312564e+00
1.065029441946290717e+04,3.865147178414208184e+00
1.065029444075323045e+04,3.865147148114949971e+00
1.065029446204355372e+04,3.865147117803530818e+00
1.065029448333387700e+04,3.865147087479957833e+00
1.065029450462420027e+04,3.865147057144234566e+00
1.065029452591452355e+04,3.865147026796353913e+00
1.065029454720484682e+04,3.865146996436312321e+00
1.065029456849517010e+04,3.865146966064120448e+00
1.065029458978549337e+04,3.865146935679771190e+00
1.065029461107581847e+04,3.865146905283268097e+00
1.065029463236614174e+04,3.865146874874607619e+00
1.065029465365646502e+04,3.865146844453803965e+00
1.065029467494678829e+04,3.865146814020835819e+00
1.065029469623711157e+04,3.865146783575724498e+00
1.065029471752743484e+04,3.865146753118455791e+00
1.065029473881775812e+04,3.865146722649033251e+00
1.065029476010808139e+04,3.865146692167456877e+00
1.065029478139840467e+04,3.865146661673730222e+00
1.065029480268872976e+04,3.865146631167849733e+00
1.065029482397905304e+04,3.865146600649815412e+00
1.065029484526937631e+04,3.865146570119634362e+00
1.065029486655969959e+04,3.865146539577306584e+00
1.065029488785002286e+04,3.865146509022817867e+00
1.065029490914034614e+04,3.865146478456182422e+00
1.065029493043066941e+04,3.865146447877400249e+00
1.065029495172099269e+04,3.865146417286464242e+00
1.065029497301131596e+04,3.865146386683377955e+00
1.065029499430164105e+04,3.865146356068141387e+00
1.065029501559196433e+04,3.865146325440758091e+00
1.065029503688228760e+04,3.865146294801224514e+00
1.065029505817261088e+04,3.865146264149537103e+00
1.065029507946293415e+04,3.865146233485710070e+00
1.065029510075325743e+04,3.865146202809729203e+00
1.065029512204358070e+04,3.865146172121598056e+00
1.065029514333390398e+04,3.865146141421323733e+00
1.065029516462422725e+04,3.865146110708902683e+00
1.065029518591455235e+04,3.865146079984327798e+00
1.065029520720487562e+04,3.865146049247613291e+00
1.065029522849519890e+04,3.865146018498744951e+00
1.065029524978552217e+04,3.865145987737736988e+00
1.065029527107584545e+04,3.865145956964578744e+00
1.065029529236616872e+04,3.865145926179273772e+00
1.065029531365649200e+04,3.865145895381825625e+00
1.065029533494681527e+04,3.865145864572234302e+00
1.065029535623713855e+04,3.865145833750492699e+00
1.065029537752746364e+04,3.865145802916604367e+00
1.065029539881778692e+04,3.865145772070572860e+00
1.065029542010811019e+04,3.865145741212398178e+00
1.065029544139843347e+04,3.865145710342083873e+00
1.065029546268875674e+04,3.865145679459619288e+00
1.065029548397908002e+04,3.865145648565015080e+00
1.065029550526940329e+04,3.865145617658264143e+00
1.065029552655972657e+04,3.865145586739370032e+00
1.065029554785004984e+04,3.865145555808339850e+00
1.065029556914037494e+04,3.865145524865152282e+00
1.065029559043069821e+04,3.865145493909832197e+00
1.065029561172102149e+04,3.865145462942372490e+00
1.065029563301134476e+04,3.865145431962766054e+00
1.065029565430166804e+04,3.865145400971019995e+00
1.065029567559199131e+04,3.865145369967134314e+00
1.065029569688231459e+04,3.865145338951101905e+00
1.065029571817263786e+04,3.865145307922933426e+00
1.065029573946296114e+04,3.865145276882618219e+00
1.065029576075328623e+04,3.865145245830166942e+00
1.065029578204360951e+04,3.865145214765576043e+00
1.065029580333393278e+04,3.865145183688841968e+00
1.065029582462425606e+04,3.865145152599975376e+00
1.065029584591457933e+04,3.865145121498965608e+00
1.065029586720490261e+04,3.865145090385816218e+00
1.065029588849522588e+04,3.865145059260530758e+00
1.065029590978554916e+04,3.865145028123102122e+00
1.065029593107587243e+04,3.865144996973540970e+00
1.065029595236619753e+04,3.865144965811836641e+00
1.065029597365652080e+04,3.865144934637999796e+00
1.065029599494684408e+04,3.865144903452016223e+00
1.065029601623716735e+04,3.865144872253900132e+00
1.065029603752749063e+04,3.865144841043655077e+00
1.065029605881781390e+04,3.865144809821259742e+00
1.065029608010813718e+04,3.865144778586738994e+00
1.065029610139846045e+04,3.865144747340075071e+00
1.065029612268878373e+04,3.865144716081282183e+00
1.065029614397910882e+04,3.865144684810339015e+00
1.065029616526943209e+04,3.865144653527277541e+00
1.065029618655975537e+04,3.865144622232076443e+00
1.065029620785007864e+04,3.865144590924735724e+00
1.065029622914040192e+04,3.865144559605262486e+00
1.065029625043072519e+04,3.865144528273656732e+00
1.065029627172104847e+04,3.865144496929914908e+00
1.065029629301137174e+04,3.865144465574044119e+00
1.065029631430169502e+04,3.865144434206037261e+00
1.065029633559202011e+04,3.865144402825890779e+00
1.065029635688234339e+04,3.865144371433611781e+00
1.065029637817266666e+04,3.865144340029207370e+00
1.065029639946298994e+04,3.865144308612666890e+00
1.065029642075331321e+04,3.865144277183993893e+00
1.065029644204363649e+04,3.865144245743191931e+00
1.065029646333395976e+04,3.865144214290253899e+00
1.065029648462428304e+04,3.865144182825190455e+00
1.065029650591460631e+04,3.865144151347990942e+00
1.065029652720493141e+04,3.865144119858658911e+00
1.065029654849525468e+04,3.865144088357194363e+00
1.065029656978557796e+04,3.865144056843607956e+00
1.065029659107590123e+04,3.865144025317885479e+00
1.065029661236622451e+04,3.865143993780037590e+00
1.065029663365654778e+04,3.865143962230057184e+00
1.065029665494687106e+04,3.865143930667947814e+00
1.065029667623719433e+04,3.865143899093713031e+00
1.065029669752751761e+04,3.865143867507342179e+00
1.065029671881784270e+04,3.865143835908845915e+00
1.065029674010816598e+04,3.865143804298220687e+00
1.065029676139848925e+04,3.865143772675470046e+00
1.065029678268881253e+04,3.865143741040590442e+00
1.065029680397913580e+04,3.865143709393581872e+00
1.065029682526945908e+04,3.865143677734447891e+00
1.065029684655978235e+04,3.865143646063184946e+00
1.065029686785010563e+04,3.865143614379796588e+00
1.065029688914042890e+04,3.865143582684279266e+00
1.065029691043075400e+04,3.865143550976640086e+00
1.065029693172107727e+04,3.865143519256871940e+00
1.065029695301140055e+04,3.865143487524981936e+00
1.065029697430172382e+04,3.865143455780966519e+00
1.065029699559204710e+04,3.865143424024825691e+00
1.065029701688237037e+04,3.865143392256555899e+00
1.065029703817269365e+04,3.865143360476167800e+00
1.065029705946301692e+04,3.865143328683650736e+00
1.065029708075334020e+04,3.865143296879008261e+00
1.065029710204366529e+04,3.865143265062243927e+00
1.065029712333398857e+04,3.865143233233357734e+00
1.065029714462431184e+04,3.865143201392342576e+00
1.065029716591463512e+04,3.865143169539212664e+00
1.065029718720495839e+04,3.865143137673957341e+00
1.065029720849528167e+04,3.865143105796576606e+00
1.065029722978560494e+04,3.865143073907074012e+00
1.065029725107592822e+04,3.865143042005453111e+00
1.065029727236625149e+04,3.865143010091706799e+00
1.065029729365657658e+04,3.865142978165838628e+00
1.065029731494689986e+04,3.865142946227848597e+00
1.065029733623722313e+04,3.865142914277743813e+00
1.065029735752754641e+04,3.865142882315513617e+00
1.065029737881786969e+04,3.865142850341165115e+00
1.065029740010819296e+04,3.865142818354698306e+00
1.065029742139851624e+04,3.865142786356109639e+00
1.065029744268883951e+04,3.865142754345399112e+00
1.065029746397916279e+04,3.865142722322577384e+00
1.065029748526948788e+04,3.865142690287626692e+00
1.065029750655981115e+04,3.865142658240561246e+00
1.065029752785013443e+04,3.865142626181381047e+00
1.065029754914045770e+04,3.865142594110078988e+00
1.065029757043078098e+04,3.865142562026658624e+00
1.065029759172110425e+04,3.865142529931119952e+00
1.065029761301142753e+04,3.865142497823470080e+00
1.065029763430175080e+04,3.865142465703694796e+00
1.065029765559207408e+04,3.865142433571804759e+00
1.065029767688239917e+04,3.865142401427796415e+00
1.065029769817272245e+04,3.865142369271676870e+00
1.065029771946304572e+04,3.865142337103439019e+00
1.065029774075336900e+04,3.865142304923086414e+00
1.065029776204369227e+04,3.865142272730619055e+00
1.065029778333401555e+04,3.865142240526036943e+00
1.065029780462433882e+04,3.865142208309340077e+00
1.065029782591466210e+04,3.865142176080521352e+00
1.065029784720498537e+04,3.865142143839598532e+00
1.065029786849531047e+04,3.865142111586553852e+00
1.065029788978563374e+04,3.865142079321394419e+00
1.065029791107595702e+04,3.865142047044127338e+00
1.065029793236628029e+04,3.865142014754745503e+00
1.065029795365660357e+04,3.865141982453248914e+00
1.065029797494692684e+04,3.865141950139644678e+00
1.065029799623725012e+04,3.865141917813918582e+00
1.065029801752757339e+04,3.865141885476084838e+00
1.065029803881789667e+04,3.865141853126143445e+00
1.065029806010822176e+04,3.865141820764083747e+00
1.065029808139854504e+04,3.865141788389909294e+00
1.065029810268886831e+04,3.865141756003634299e+00
1.065029812397919159e+04,3.865141723605240998e+00
1.065029814526951486e+04,3.865141691194743601e+00
1.065029816655983814e+04,3.865141658772127897e+00
1.065029818785016141e+04,3.865141626337408098e+00
1.065029820914048469e+04,3.865141593890577099e+00
1.065029823043080796e+04,3.865141561431634898e+00
1.065029825172113306e+04,3.865141528960585049e+00
1.065029827301145633e+04,3.865141496477423999e+00
1.065029829430177961e+04,3.865141463982155301e+00
1.065029831559210288e+04,3.865141431474778955e+00
1.065029833688242616e+04,3.865141398955298513e+00
1.065029835817274943e+04,3.865141366423706870e+00
1.065029837946307271e+04,3.865141333880004026e+00
1.065029840075339598e+04,3.865141301324197087e+00
1.065029842204371926e+04,3.865141268756278947e+00
1.065029844333404435e+04,3.865141236176253159e+00
1.065029846462436763e+04,3.865141203584123275e+00
1.065029848591469090e+04,3.865141170979892848e+00
1.065029850720501418e+04,3.865141138363551221e+00
1.065029852849533745e+04,3.865141105735101945e+00
1.065029854978566073e+04,3.865141073094552127e+00
1.065029857107598400e+04,3.865141040441894660e+00
1.065029859236630728e+04,3.865141007777136650e+00
1.065029861365663055e+04,3.865140975100270992e+00
1.065029863494695564e+04,3.865140942411294134e+00
1.065029865623727892e+04,3.865140909710220285e+00
1.065029867752760219e+04,3.865140876997038788e+00
1.065029869881792547e+04,3.865140844271756748e+00
1.065029872010824874e+04,3.865140811534370613e+00
1.065029874139857202e+04,3.865140778784883935e+00
1.065029876268889529e+04,3.865140746023289609e+00
1.065029878397921857e+04,3.865140713249594739e+00
1.065029880526954184e+04,3.865140680463799328e+00
1.065029882655986694e+04,3.865140647665896267e+00
1.065029884785019021e+04,3.865140614855892665e+00
1.065029886914051349e+04,3.865140582033792072e+00
1.065029889043083676e+04,3.865140549199594489e+00
1.065029891172116004e+04,3.865140516353289257e+00
1.065029893301148331e+04,3.865140483494883483e+00
1.065029895430180659e+04,3.865140450624377166e+00
1.065029897559212986e+04,3.865140417741777412e+00
1.065029899688245314e+04,3.865140384847070010e+00
1.065029901817277823e+04,3.865140351940265617e+00
1.065029903946310151e+04,3.865140319021360682e+00
1.065029906075342478e+04,3.865140286090358757e+00
1.065029908204374806e+04,3.865140253147256288e+00
1.065029910333407133e+04,3.865140220192060383e+00
1.065029912462439461e+04,3.865140187224760382e+00
1.065029914591471788e+04,3.865140154245370496e+00
1.065029916720504116e+04,3.865140121253872962e+00
1.065029918849536443e+04,3.865140088250285544e+00
1.065029920978568953e+04,3.865140055234594030e+00
1.065029923107601280e+04,3.865140022206812631e+00
1.065029925236633608e+04,3.865139989166930690e+00
1.065029927365665935e+04,3.865139956114955311e+00
1.065029929494698263e+04,3.865139923050886495e+00
1.065029931623730590e+04,3.865139889974713583e+00
1.065029933752762918e+04,3.865139856886450787e+00
1.065029935881795245e+04,3.865139823786094553e+00
1.065029938010827573e+04,3.865139790673637776e+00
1.065029940139860082e+04,3.865139757549087562e+00
1.065029942268892410e+04,3.865139724412443911e+00
1.065029944397924737e+04,3.865139691263706823e+00
1.065029946526957065e+04,3.865139658102876297e+00
1.065029948655989392e+04,3.865139624929955886e+00
1.065029950785021720e+04,3.865139591744938485e+00
1.065029952914054047e+04,3.865139558547827647e+00
1.065029955043086375e+04,3.865139525338626925e+00
1.065029957172118702e+04,3.865139492117332765e+00
1.065029959301151212e+04,3.865139458883941614e+00
1.065029961430183539e+04,3.865139425638464132e+00
1.065029963559215867e+04,3.865139392380893213e+00
1.065029965688248194e+04,3.865139359111232409e+00
1.065029967817280522e+04,3.865139325829478167e+00
1.065029969946312849e+04,3.865139292535634041e+00
1.065029972075345177e+04,3.865139259229703583e+00
1.065029974204377504e+04,3.865139225911679688e+00
1.065029976333409832e+04,3.865139192581565908e+00
1.065029978462442341e+04,3.865139159239358690e+00
1.065029980591474668e+04,3.865139125885068694e+00
1.065029982720506996e+04,3.865139092518688813e+00
1.065029984849539323e+04,3.865139059140211941e+00
1.065029986978571651e+04,3.865139025749655843e+00
1.065029989107603978e+04,3.865138992347009861e+00
1.065029991236636306e+04,3.865138958932277546e+00
1.065029993365668633e+04,3.865138925505451795e+00
1.065029995494700961e+04,3.865138892066543264e+00
1.065029997623733470e+04,3.865138858615544848e+00
1.065029999752765798e+04,3.865138825152456548e+00
1.065030001881798125e+04,3.865138791677289021e+00
1.065030004010830453e+04,3.865138758190035162e+00
1.065030006139862780e+04,3.865138724690687866e+00
1.065030008268895108e+04,3.865138691179257791e+00
1.065030010397927435e+04,3.865138657655744936e+00
1.065030012526959763e+04,3.865138624120149302e+00
1.065030014655992090e+04,3.865138590572467336e+00
1.065030016785024600e+04,3.865138557012688381e+00
1.065030018914056927e+04,3.865138523440837304e+00
1.065030021043089255e+04,3.865138489856903448e+00
1.065030023172121582e+04,3.865138456260876154e+00
1.065030025301153910e+04,3.865138422652776740e+00
1.065030027430186237e+04,3.865138389032587440e+00
1.065030029559218565e+04,3.865138355400318915e+00
1.065030031688250892e+04,3.865138321755967610e+00
1.065030033817283220e+04,3.865138288099529973e+00
1.065030035946315729e+04,3.865138254431009557e+00
1.065030038075348057e+04,3.865138220750413467e+00
1.065030040204380384e+04,3.865138187057727492e+00
1.065030042333412712e+04,3.865138153352969397e+00
1.065030044462445039e+04,3.865138119636124969e+00
1.065030046591477367e+04,3.865138085907197762e+00
1.065030048720509694e+04,3.865138052166194882e+00
1.065030050849542022e+04,3.865138018413116328e+00
1.065030052978574349e+04,3.865137984647944336e+00
1.065030055107606859e+04,3.865137950870700223e+00
1.065030057236639186e+04,3.865137917081376884e+00
1.065030059365671514e+04,3.865137883279974318e+00
1.065030061494703841e+04,3.865137849466488973e+00
1.065030063623736169e+04,3.865137815640931507e+00
1.065030065752768496e+04,3.865137781803291261e+00
1.065030067881800824e+04,3.865137747953575342e+00
1.065030070010833151e+04,3.865137714091783749e+00
1.065030072139865479e+04,3.865137680217912930e+00
1.065030074268897988e+04,3.865137646331962884e+00
1.065030076397930316e+04,3.865137612433937164e+00
1.065030078526962643e+04,3.865137578523839323e+00
1.065030080655994971e+04,3.865137544601658703e+00
1.065030082785027298e+04,3.865137510667409515e+00
1.065030084914059626e+04,3.865137476721081100e+00
1.065030087043091953e+04,3.865137442762673459e+00
1.065030089172124281e+04,3.865137408792190143e+00
1.065030091301156608e+04,3.865137374809638260e+00
1.065030093430189117e+04,3.865137340815007150e+00
1.065030095559221445e+04,3.865137306808303919e+00
1.065030097688253773e+04,3.865137272789528566e+00
1.065030099817286100e+04,3.865137238758673988e+00
1.065030101946318428e+04,3.865137204715754393e+00
1.065030104075350755e+04,3.865137170660755572e+00
1.065030106204383083e+04,3.865137136593684630e+00
1.065030108333415410e+04,3.865137102514541567e+00
1.065030110462447738e+04,3.865137068423329936e+00
1.065030112591480247e+04,3.865137034320035525e+00
1.065030114720512574e+04,3.865137000204679651e+00
1.065030116849544902e+04,3.865136966077248104e+00
1.065030118978577229e+04,3.865136931937744436e+00
1.065030121107609557e+04,3.865136897786179304e+00
1.065030123236641884e+04,3.865136863622531394e+00
1.065030125365674212e+04,3.865136829446814914e+00
1.065030127494706539e+04,3.865136795259033420e+00
1.065030129623738867e+04,3.865136761059183357e+00
1.065030131752771376e+04,3.865136726847257620e+00
1.065030133881803704e+04,3.865136692623263315e+00
1.065030136010836031e+04,3.865136658387203994e+00
1.065030138139868359e+04,3.865136624139072552e+00
1.065030140268900686e+04,3.865136589878876094e+00
1.065030142397933014e+04,3.865136555606607516e+00
1.065030144526965341e+04,3.865136521322273921e+00
1.065030146655997669e+04,3.865136487025875311e+00
1.065030148785029996e+04,3.865136452717404580e+00
1.065030150914062506e+04,3.865136418396865281e+00
1.065030153043094833e+04,3.865136384064268071e+00
1.065030155172127161e+04,3.865136349719595188e+00
1.065030157301159488e+04,3.865136315362864394e+00
1.065030159430191816e+04,3.865136280994061480e+00
1.065030161559224143e+04,3.865136246613200655e+00
1.065030163688256471e+04,3.865136212220267709e+00
1.065030165817288798e+04,3.865136177815269747e+00
1.065030167946321126e+04,3.865136143398210322e+00
1.065030170075353635e+04,3.865136108969082329e+00
1.065030172204385963e+04,3.865136074527892873e+00
1.065030174333418290e+04,3.865136040074638402e+00
1.065030176462450618e+04,3.865136005609322467e+00
1.065030178591482945e+04,3.865135971131945070e+00
1.065030180720515273e+04,3.865135936642506209e+00
1.065030182849547600e+04,3.865135902141002333e+00
1.065030184978579928e+04,3.865135867627429889e+00
1.065030187107612255e+04,3.865135833101795981e+00
1.065030189236644765e+04,3.865135798564104164e+00
1.065030191365677092e+04,3.865135764014350883e+00
1.065030193494709420e+04,3.865135729452536140e+00
1.065030195623741747e+04,3.865135694878663486e+00
1.065030197752774075e+04,3.865135660292725817e+00
1.065030199881806402e+04,3.865135625694730237e+00
1.065030202010838730e+04,3.865135591084673194e+00
1.065030204139871057e+04,3.865135556462558242e+00
1.065030206268903385e+04,3.865135521828381826e+00
1.065030208397935894e+04,3.865135487182143947e+00
1.065030210526968222e+04,3.865135452523848159e+00
1.065030212656000549e+04,3.865135417853498012e+00
1.065030214785032877e+04,3.865135383171086403e+00
1.065030216914065204e+04,3.865135348476613331e+00
1.065030219043097532e+04,3.865135313770089454e+00
1.065030221172129859e+04,3.865135279051507666e+00
1.065030223301162187e+04,3.865135244320864416e+00
1.065030225430194514e+04,3.865135209578163256e+00
1.065030227559227023e+04,3.865135174823404185e+00
1.065030229688259351e+04,3.865135140056594309e+00
1.065030231817291678e+04,3.865135105277722971e+00
1.065030233946324006e+04,3.865135070486800828e+00
1.065030236075356333e+04,3.865135035683820774e+00
1.065030238204388661e+04,3.865135000868789916e+00
1.065030240333420988e+04,3.865134966041694042e+00
1.065030242462453316e+04,3.865134931202554469e+00
1.065030244591485643e+04,3.865134896351353433e+00
1.065030246720517971e+04,3.865134861488105145e+00
1.065030248849550480e+04,3.865134826612791841e+00
1.065030250978582808e+04,3.865134791725434837e+00
1.065030253107615135e+04,3.865134756826019924e+00
1.065030255236647463e+04,3.865134721914554206e+00
1.065030257365679790e+04,3.865134686991030577e+00
1.065030259494712118e+04,3.865134652055456144e+00
1.065030261623744445e+04,3.865134617107838011e+00
1.065030263752776773e+04,3.865134582148161968e+00
1.065030265881809100e+04,3.865134547176435120e+00
1.065030268010841610e+04,3.865134512192657468e+00
1.065030270139873937e+04,3.865134477196825458e+00
1.065030272268906265e+04,3.865134442188942643e+00
1.065030274397938592e+04,3.865134407169016129e+00
1.065030276526970920e+04,3.865134372137035257e+00
1.065030278656003247e+04,3.865134337093007133e+00
1.065030280785035575e+04,3.865134302036928204e+00
1.065030282914067902e+04,3.865134266968794918e+00
1.065030285043100230e+04,3.865134231888621485e+00
1.065030287172132739e+04,3.865134196796390142e+00
1.065030289301165067e+04,3.865134161692115100e+00
1.065030291430197394e+04,3.865134126575792806e+00
1.065030293559229722e+04,3.865134091447426812e+00
1.065030295688262049e+04,3.865134056307010013e+00
1.065030297817294377e+04,3.865134021154545962e+00
1.065030299946326704e+04,3.865133985990031107e+00
1.065030302075359032e+04,3.865133950813472552e+00
1.065030304204391359e+04,3.865133915624866745e+00
1.065030306333423869e+04,3.865133880424213686e+00
1.065030308462456196e+04,3.865133845211516928e+00
1.065030310591488524e+04,3.865133809986772917e+00
1.065030312720520851e+04,3.865133774749988760e+00
1.065030314849553179e+04,3.865133739501157351e+00
1.065030316978585506e+04,3.865133704240282242e+00
1.065030319107617834e+04,3.865133668967356328e+00
1.065030321236650161e+04,3.865133633682393821e+00
1.065030323365682489e+04,3.865133598385384062e+00
1.065030325494714998e+04,3.865133563076330603e+00
1.065030327623747326e+04,3.865133527755233445e+00
1.065030329752779653e+04,3.865133492422092587e+00
1.065030331881811981e+04,3.865133457076915136e+00
1.065030334010844308e+04,3.865133421719690432e+00
1.065030336139876636e+04,3.865133386350429134e+00
1.065030338268908963e+04,3.865133350969124137e+00
1.065030340397941291e+04,3.865133315575771888e+00
1.065030342526973618e+04,3.865133280170383046e+00
1.065030344656006127e+04,3.865133244752950503e+00
1.065030346785038455e+04,3.865133209323484920e+00
1.065030348914070782e+04,3.865133173881972084e+00
1.065030351043103110e+04,3.865133138428419102e+00
1.065030353172135437e+04,3.865133102962829525e+00
1.065030355301167765e+04,3.865133067485196250e+00
1.065030357430200092e+04,3.865133031995529933e+00
1.065030359559232420e+04,3.865132996493827022e+00
1.065030361688264747e+04,3.865132960980076859e+00
1.065030363817297257e+04,3.865132925454290103e+00
1.065030365946329584e+04,3.865132889916470305e+00
1.065030368075361912e+04,3.865132854366610360e+00
1.065030370204394239e+04,3.865132818804717374e+00
1.065030372333426567e+04,3.865132783230780689e+00
1.065030374462458894e+04,3.865132747644810962e+00
1.065030376591491222e+04,3.865132712046801089e+00
1.065030378720523549e+04,3.865132676436758175e+00
1.065030380849555877e+04,3.865132640814675113e+00
1.065030382978588386e+04,3.865132605180559011e+00
1.065030385107620714e+04,3.865132569534409868e+00
1.065030387236653041e+04,3.865132533876227683e+00
1.065030389365685369e+04,3.865132498206005351e+00
1.065030391494717696e+04,3.865132462523757084e+00
1.065030393623750024e+04,3.865132426829465118e+00
1.065030395752782351e+04,3.865132391123143663e+00
1.065030397881814679e+04,3.865132355404785613e+00
1.065030400010847006e+04,3.865132319674401629e+00
1.065030402139879516e+04,3.865132283931970392e+00
1.065030404268911843e+04,3.865132248177523877e+00
1.065030406397944171e+04,3.865132212411037216e+00
1.065030408526976498e+04,3.865132176632513961e+00
1.065030410656008826e+04,3.865132140841964770e+00
1.065030412785041153e+04,3.865132105039382537e+00
1.065030414914073481e+04,3.865132069224774369e+00
1.065030417043105808e+04,3.865132033398129607e+00
1.065030419172138136e+04,3.865131997559455357e+00
1.065030421301170645e+04,3.865131961708744512e+00
1.065030423430202973e+04,3.865131925846014838e+00
1.065030425559235300e+04,3.865131889971248569e+00
1.065030427688267628e+04,3.865131854084449259e+00
1.065030429817299955e+04,3.865131818185631118e+00
1.065030431946332283e+04,3.865131782274779937e+00
1.065030434075364610e+04,3.865131746351902819e+00
1.065030436204396938e+04,3.865131710416992661e+00
1.065030438333429265e+04,3.865131674470053014e+00
1.065030440462461775e+04,3.865131638511087431e+00
1.065030442591494102e+04,3.865131602540092359e+00
1.065030444720526430e+04,3.865131566557078457e+00
1.065030446849558757e+04,3.865131530562038620e+00
1.065030448978591085e+04,3.865131494554965741e+00
1.065030451107623412e+04,3.865131458535866926e+00
1.065030453236655740e+04,3.865131422504742176e+00
1.065030455365688067e+04,3.865131386461595042e+00
1.065030457494720395e+04,3.865131350406418420e+00
1.065030459623752904e+04,3.865131314339219415e+00
1.065030461752785232e+04,3.865131278259990921e+00
1.065030463881817559e+04,3.865131242168743597e+00
1.065030466010849887e+04,3.865131206065466785e+00
1.065030468139882214e+04,3.865131169950178247e+00
1.065030470268914542e+04,3.865131133822853116e+00
1.065030472397946869e+04,3.865131097683509154e+00
1.065030474526979197e+04,3.865131061532142809e+00
1.065030476656011524e+04,3.865131025368757633e+00
1.065030478785044033e+04,3.865130989193346522e+00
1.065030480914076361e+04,3.865130953005913028e+00
1.065030483043108688e+04,3.865130916806457151e+00
1.065030485172141016e+04,3.865130880594978890e+00
1.065030487301173343e+04,3.865130844371481800e+00
1.065030489430205671e+04,3.865130808135965879e+00
1.065030491559237998e+04,3.865130771888427574e+00
1.065030493688270326e+04,3.865130735628866887e+00
1.065030495817302653e+04,3.865130699357290922e+00
1.065030497946335163e+04,3.865130663073689021e+00
1.065030500075367490e+04,3.865130626778071843e+00
1.065030502204399818e+04,3.865130590470432281e+00
1.065030504333432145e+04,3.865130554150777442e+00
1.065030506462464473e+04,3.865130517819107325e+00
1.065030508591496800e+04,3.865130481475411273e+00
1.065030510720529128e+04,3.865130445119703495e+00
1.065030512849561455e+04,3.865130408751976887e+00
1.065030514978593783e+04,3.865130372372231449e+00
1.065030517107626292e+04,3.865130335980463627e+00
1.065030519236658620e+04,3.865130299576687634e+00
1.065030521365690947e+04,3.865130263160889257e+00
1.065030523494723275e+04,3.865130226733082708e+00
1.065030525623755602e+04,3.865130190293253776e+00
1.065030527752787930e+04,3.865130153841409566e+00
1.065030529881820257e+04,3.865130117377553631e+00
1.065030532010852585e+04,3.865130080901682419e+00
1.065030534139884912e+04,3.865130044413795929e+00
1.065030536268917422e+04,3.865130007913894161e+00
1.065030538397949749e+04,3.865129971401973563e+00
1.065030540526982077e+04,3.865129934878048346e+00
1.065030542656014404e+04,3.865129898342107850e+00
1.065030544785046732e+04,3.865129861794152077e+00
1.065030546914079059e+04,3.865129825234181027e+00
1.065030549043111387e+04,3.865129788662201804e+00
1.065030551172143714e+04,3.865129752078210856e+00
1.065030553301176042e+04,3.865129715482204631e+00
1.065030555430208551e+04,3.865129678874183128e+00
1.065030557559240879e+04,3.865129642254157005e+00
1.065030559688273206e+04,3.865129605622122710e+00
1.065030561817305534e+04,3.865129568978069585e+00
1.065030563946337861e+04,3.865129532322011841e+00
1.065030566075370189e+04,3.865129495653938818e+00
1.065030568204402516e+04,3.865129458973861176e+00
1.065030570333434844e+04,3.865129422281771809e+00
1.065030572462467171e+04,3.865129385577674270e+00
1.065030574591499681e+04,3.865129348861561454e+00
1.065030576720532008e+04,3.865129312133447570e+00
1.065030578849564336e+04,3.865129275393325514e+00
1.065030580978596663e+04,3.865129238641191733e+00
1.065030583107628991e+04,3.865129201877049780e+00
1.065030585236661318e+04,3.865129165100903208e+00
1.065030587365693646e+04,3.865129128312752016e+00
1.065030589494725973e+04,3.865129091512592652e+00
1.065030591623758301e+04,3.865129054700421563e+00
1.065030593752790810e+04,3.865129017876245854e+00
1.065030595881823137e+04,3.865128981040061973e+00
1.065030598010855465e+04,3.865128944191884131e+00
1.065030600139887792e+04,3.865128907331691011e+00
1.065030602268920120e+04,3.865128870459496824e+00
1.065030604397952447e+04,3.865128833575294465e+00
1.065030606526984775e+04,3.865128796679091039e+00
1.065030608656017102e+04,3.865128759770879441e+00
1.065030610785049430e+04,3.865128722850670329e+00
1.065030612914081939e+04,3.865128685918453044e+00
1.065030615043114267e+04,3.865128648974231140e+00
1.065030617172146594e+04,3.865128612018004617e+00
1.065030619301178922e+04,3.865128575049780579e+00
1.065030621430211249e+04,3.865128538069555475e+00
1.065030623559243577e+04,3.865128501077325751e+00
1.065030625688275904e+04,3.865128464073094960e+00
1.065030627817308232e+04,3.865128427056863103e+00
1.065030629946340559e+04,3.865128390028630179e+00
1.065030632075373069e+04,3.865128352988392635e+00
1.065030634204405396e+04,3.865128315936157577e+00
1.065030636333437724e+04,3.865128278871925005e+00
1.065030638462470051e+04,3.865128241795691366e+00
1.065030640591502379e+04,3.865128204707456661e+00
1.065030642720534706e+04,3.865128167607220888e+00
1.065030644849567034e+04,3.865128130494991154e+00
1.065030646978599361e+04,3.865128093370760354e+00
1.065030649107631689e+04,3.865128056234528486e+00
1.065030651236664198e+04,3.865128019086299105e+00
1.065030653365696526e+04,3.865127981926075762e+00
1.065030655494728853e+04,3.865127944753854905e+00
1.065030657623761181e+04,3.865127907569632981e+00
1.065030659752793508e+04,3.865127870373417096e+00
1.065030661881825836e+04,3.865127833165207250e+00
1.065030664010858163e+04,3.865127795944992783e+00
1.065030666139890491e+04,3.865127758712791461e+00
1.065030668268922818e+04,3.865127721468589073e+00
1.065030670397955328e+04,3.865127684212392722e+00
1.065030672526987655e+04,3.865127646944198858e+00
1.065030674656019983e+04,3.865127609664007480e+00
1.065030676785052310e+04,3.865127572371832798e+00
1.065030678914084638e+04,3.865127535067657050e+00
1.065030681043116965e+04,3.865127497751490893e+00
1.065030683172149293e+04,3.865127460423327221e+00
1.065030685301181620e+04,3.865127423083169589e+00
1.065030687430213948e+04,3.865127385731025100e+00
1.065030689559246457e+04,3.865127348366883098e+00
1.065030691688278785e+04,3.865127310990750686e+00
1.065030693817311112e+04,3.865127273602627866e+00
1.065030695946343440e+04,3.865127236202511085e+00
1.065030698075375767e+04,3.865127198790400342e+00
1.065030700204408095e+04,3.865127161366306296e+00
1.065030702333440422e+04,3.865127123930211184e+00
1.065030704462472750e+04,3.865127086482132768e+00
1.065030706591505077e+04,3.865127049022060390e+00
1.065030708720537586e+04,3.865127011550001157e+00
1.065030710849569914e+04,3.865126974065951515e+00
1.065030712978602241e+04,3.865126936569911464e+00
1.065030715107634569e+04,3.865126899061881005e+00
1.065030717236666896e+04,3.865126861541870795e+00
1.065030719365699224e+04,3.865126824009863071e+00
1.065030721494731552e+04,3.865126786465868491e+00
1.065030723623763879e+04,3.865126748909890608e+00
1.065030725752796207e+04,3.865126711341922316e+00
1.065030727881828716e+04,3.865126673761967169e+00
1.065030730010861043e+04,3.865126636170021612e+00
1.065030732139893371e+04,3.865126598566099858e+00
1.065030734268925698e+04,3.865126560950184142e+00
1.065030736397958026e+04,3.865126523322281571e+00
1.065030738526990353e+04,3.865126485682395696e+00
1.065030740656022681e+04,3.865126448030526518e+00
1.065030742785055008e+04,3.865126410366670484e+00
1.065030744914087336e+04,3.865126372690831147e+00
1.065030747043119845e+04,3.865126335003001401e+00
1.065030749172152173e+04,3.865126297303195457e+00
1.065030751301184500e+04,3.865126259591402658e+00
1.065030753430216828e+04,3.865126221867626555e+00
1.065030755559249155e+04,3.865126184131870701e+00
1.065030757688281483e+04,3.865126146384124439e+00
1.065030759817313810e+04,3.865126108624401979e+00
1.065030761946346138e+04,3.865126070852692663e+00
1.065030764075378465e+04,3.865126033069010703e+00
1.065030766204410975e+04,3.865125995273334780e+00
1.065030768333443302e+04,3.865125957465679107e+00
1.065030770462475630e+04,3.865125919646050789e+00
1.065030772591507957e+04,3.865125881814439168e+00
1.065030774720540285e+04,3.865125843970847797e+00
1.065030776849572612e+04,3.865125806115269569e+00
1.065030778978604940e+04,3.865125768247718696e+00
1.065030781107637267e+04,3.865125730368188073e+00
1.065030783236669595e+04,3.865125692476677699e+00
1.065030785365702104e+04,3.865125654573184022e+00
1.065030787494734432e+04,3.865125616657710594e+00
1.065030789623766759e+04,3.865125578730268074e+00
1.065030791752799087e+04,3.865125540790838699e+00
1.065030793881831414e+04,3.865125502839436678e+00
1.065030796010863742e+04,3.865125464876054906e+00
1.065030798139896069e+04,3.865125426900707595e+00
1.065030800268928397e+04,3.865125388913373428e+00
1.065030802397960724e+04,3.865125350914059510e+00
1.065030804526993234e+04,3.865125312902769394e+00
1.065030806656025561e+04,3.865125274879513739e+00
1.065030808785057889e+04,3.865125236844274781e+00
1.065030810914090216e+04,3.865125198797063177e+00
1.065030813043122544e+04,3.865125160737875376e+00
1.065030815172154871e+04,3.865125122666714930e+00
1.065030817301187199e+04,3.865125084583581838e+00
1.065030819430219526e+04,3.865125046488472549e+00
1.065030821559251854e+04,3.865125008381387062e+00
1.065030823688284363e+04,3.865124970262328929e+00
1.065030825817316691e+04,3.865124932131301705e+00
1.065030827946349018e+04,3.865124893988298282e+00
1.065030830075381346e+04,3.865124855833325768e+00
1.065030832204413673e+04,3.865124817666380608e+00
1.065030834333446001e+04,3.865124779487462803e+00
1.065030836462478328e+04,3.865124741296572353e+00
1.065030838591510656e+04,3.865124703093716363e+00
1.065030840720542983e+04,3.865124664878884175e+00
1.065030842849575492e+04,3.865124626652079343e+00
1.065030844978607820e+04,3.865124588413308970e+00
1.065030847107640147e+04,3.865124550162569506e+00
1.065030849236672475e+04,3.865124511899857396e+00
1.065030851365704802e+04,3.865124473625179746e+00
1.065030853494737130e+04,3.865124435338529452e+00
1.065030855623769457e+04,3.865124397039913617e+00
1.065030857752801785e+04,3.865124358729328691e+00
1.065030859881834112e+04,3.865124320406774672e+00
1.065030862010866622e+04,3.865124282072251560e+00
1.065030864139898949e+04,3.865124243725762909e+00
1.065030866268931277e+04,3.865124205367308718e+00
1.065030868397963604e+04,3.865124166996885435e+00
1.065030870526995932e+04,3.865124128614496612e+00
1.065030872656028259e+04,3.865124090220138697e+00
1.065030874785060587e+04,3.865124051813818795e+00
1.065030876914092914e+04,3.865124013395533353e+00
1.065030879043125242e+04,3.865123974965285925e+00
1.065030881172157751e+04,3.865123936523062298e+00
1.065030883301190079e+04,3.865123898068883790e+00
1.065030885430222406e+04,3.865123859602739742e+00
1.065030887559254734e+04,3.865123821124626602e+00
1.065030889688287061e+04,3.865123782634562133e+00
1.065030891817319389e+04,3.865123744132517913e+00
1.065030893946351716e+04,3.865123705618522365e+00
1.065030896075384044e+04,3.865123667092561277e+00
1.065030898204416371e+04,3.865123628554638202e+00
1.065030900333448881e+04,3.865123590004749587e+00
1.065030902462481208e+04,3.865123551442902539e+00
1.065030904591513536e+04,3.865123512869093503e+00
1.065030906720545863e+04,3.865123474283329585e+00
1.065030908849578191e+04,3.865123435685596576e+00
1.065030910978610518e+04,3.865123397075901579e+00
1.065030913107642846e+04,3.865123358454251701e+00
1.065030915236675173e+04,3.865123319820643388e+00
1.065030917365707501e+04,3.865123281175073089e+00
1.065030919494740010e+04,3.865123242517540803e+00
1.065030921623772338e+04,3.865123203848053635e+00
1.065030923752804665e+04,3.865123165166604480e+00
1.065030925881836993e+04,3.865123126473196891e+00
1.065030928010869320e+04,3.865123087767834420e+00
1.065030930139901648e+04,3.865123049050513515e+00
1.065030932268933975e+04,3.865123010321237729e+00
1.065030934397966303e+04,3.865122971579999955e+00
1.065030936526998630e+04,3.865122932826803748e+00
1.065030938656031140e+04,3.865122894061656211e+00
1.065030940785063467e+04,3.865122855284550241e+00
1.065030942914095795e+04,3.865122816495489388e+00
1.065030945043128122e+04,3.865122777694477207e+00
1.065030947172160450e+04,3.865122738881503039e+00
1.065030949301192777e+04,3.865122700056577543e+00
1.065030951430225105e+04,3.865122661219697164e+00
1.065030953559257432e+04,3.865122622370865457e+00
1.065030955688289760e+04,3.865122583510075316e+00
1.065030957817322269e+04,3.865122544637330293e+00
1.065030959946354596e+04,3.865122505752633941e+00
1.065030962075386924e+04,3.865122466855986261e+00
1.065030964204419251e+04,3.865122427947383699e+00
1.065030966333451579e+04,3.865122389026833361e+00
1.065030968462483906e+04,3.865122350094328141e+00
1.065030970591516234e+04,3.865122311149875145e+00
1.065030972720548561e+04,3.865122272193463715e+00
1.065030974849580889e+04,3.865122233225108062e+00
1.065030976978613398e+04,3.865122194244786868e+00
1.065030979107645726e+04,3.865122155252532110e+00
1.065030981236678053e+04,3.865122116248322470e+00
1.065030983365710381e+04,3.865122077232161502e+00
1.065030985494742708e+04,3.865122038204052757e+00
1.065030987623775036e+04,3.865121999163992683e+00
1.065030989752807363e+04,3.865121960111988386e+00
1.065030991881839691e+04,3.865121921048032760e+00
1.065030994010872018e+04,3.865121881972125806e+00
1.065030996139904528e+04,3.865121842884271075e+00
1.065030998268936855e+04,3.865121803784472121e+00
1.065031000397969183e+04,3.865121764672728943e+00
1.065031002527001510e+04,3.865121725549030884e+00
1.065031004656033838e+04,3.865121686413392155e+00
1.065031006785066165e+04,3.865121647265802096e+00
1.065031008914098493e+04,3.865121608106271367e+00
1.065031011043130820e+04,3.865121568934796414e+00
1.065031013172163148e+04,3.865121529751366580e+00
1.065031015301195657e+04,3.865121490555999628e+00
1.065031017430227985e+04,3.865121451348684900e+00
1.065031019559260312e+04,3.865121412129425948e+00
1.065031021688292640e+04,3.865121372898222774e+00
1.065031023817324967e+04,3.865121333655078928e+00
1.065031025946357295e+04,3.865121294399994412e+00
1.065031028075389622e+04,3.865121255132958566e+00
1.065031030204421950e+04,3.865121215853982051e+00
1.065031032333454277e+04,3.865121176563064864e+00
1.065031034462486787e+04,3.865121137260203454e+00
1.065031036591519114e+04,3.865121097945401374e+00
1.065031038720551442e+04,3.865121058618658623e+00
1.065031040849583769e+04,3.865121019279971648e+00
1.065031042978616097e+04,3.865120979929351108e+00
1.065031045107648424e+04,3.865120940566779240e+00
1.065031047236680752e+04,3.865120901192277358e+00
1.065031049365713079e+04,3.865120861805831254e+00
1.065031051494745407e+04,3.865120822407444479e+00
1.065031053623777916e+04,3.865120782997120585e+00
1.065031055752810244e+04,3.865120743574848916e+00
1.065031057881842571e+04,3.865120704140650787e+00
1.065031060010874899e+04,3.865120664694511987e+00
1.065031062139907226e+04,3.865120625236428964e+00
1.065031064268939554e+04,3.865120585766412376e+00
1.065031066397971881e+04,3.865120546284458669e+00
1.065031068527004209e+04,3.865120506790571397e+00
1.065031070656036536e+04,3.865120467284739902e+00
1.065031072785069045e+04,3.865120427766971289e+00
1.065031074914101373e+04,3.865120388237272664e+00
1.065031077043133700e+04,3.865120348695636920e+00
1.065031079172166028e+04,3.865120309142067612e+00
1.065031081301198356e+04,3.863438926616318270e+00
1.065031083430230683e+04,3.863438884530822293e+00
1.065031085559263011e+04,3.863438842435950704e+00
1.065031087688295338e+04,3.863438800331714162e+00
1.065031089817327666e+04,3.863438758218098457e+00
1.065031091946360175e+04,3.863438716095117798e+00
1.065031094075392502e+04,3.863438673962765080e+00
1.065031096204424830e+04,3.863438631821043856e+00
1.065031098333457157e+04,3.863438589669954126e+00
1.065031100462489485e+04,3.863438547509495891e+00
1.065031102591521812e+04,3.863438505339665596e+00
1.065031104720554140e+04,3.863438463160466796e+00
1.065031106849586467e+04,3.863438420971903042e+00
1.065031108978618795e+04,3.863438378773967230e+00
1.065031111107651304e+04,3.863438336566662912e+00
1.065031113236683632e+04,3.863438294349993640e+00
1.065031115365715959e+04,3.863438252123962968e+00
1.065031117494748287e+04,3.863438209888560237e+00
1.065031119623780614e+04,3.863438167643792553e+00
1.065031121752812942e+04,3.863438125389659916e+00
1.065031123881845269e+04,3.863438083126162326e+00
1.065031126010877597e+04,3.863438040853299782e+00
1.065031128139909924e+04,3.863437998571068732e+00
1.065031130268942434e+04,3.863437956279469176e+00
1.065031132397974761e+04,3.863437913978515326e+00
1.065031134527007089e+04,3.863437871668189416e+00
1.065031136656039416e+04,3.863437829348505659e+00
1.065031138785071744e+04,3.863437787019460501e+00
1.065031140914104071e+04,3.863437744681043284e+00
1.065031143043136399e+04,3.863437702333271773e+00
1.065031145172168726e+04,3.863437659976131755e+00
1.065031147301201054e+04,3.863437617609640995e+00
1.065031149430233563e+04,3.863437575233774623e+00
1.065031151559265891e+04,3.863437532848550404e+00
1.065031153688298218e+04,3.863437490453968337e+00
1.065031155817330546e+04,3.863437448050031975e+00
1.065031157946362873e+04,3.863437405636723554e+00
1.065031160075395201e+04,3.863437363214060838e+00
1.065031162204427528e+04,3.863437320782040274e+00
1.065031164333459856e+04,3.863437278340658310e+00
1.065031166462492183e+04,3.863437235889918497e+00
1.065031168591524693e+04,3.863437193429817285e+00
1.065031170720557020e+04,3.863437150960358224e+00
1.065031172849589348e+04,3.863437108481544868e+00
1.065031174978621675e+04,3.863437065993370112e+00
1.065031177107654003e+04,3.863437023495837508e+00
1.065031179236686330e+04,3.863436980988954161e+00
1.065031181365718658e+04,3.863436938472709414e+00
1.065031183494750985e+04,3.863436895947106819e+00
1.065031185623783313e+04,3.863436853412153482e+00
1.065031187752815822e+04,3.863436810867838744e+00
1.065031189881848150e+04,3.863436768314173264e+00
1.065031192010880477e+04,3.863436725751149936e+00
1.065031194139912805e+04,3.863436683178772313e+00
1.065031196268945132e+04,3.863436640597036842e+00
1.065031198397977460e+04,3.863436598005957734e+00
1.065031200527009787e+04,3.863436555405517225e+00
1.065031202656042115e+04,3.863436512795725974e+00
1.065031204785074442e+04,3.863436470176583981e+00
1.065031206914106951e+04,3.863436427548080587e+00
1.065031209043139279e+04,3.863436384910226451e+00
1.065031211172171606e+04,3.863436342263028678e+00
1.065031213301203934e+04,3.863436299606473057e+00
1.065031215430236261e+04,3.863436256940566693e+00
1.065031217559268589e+04,3.863436214265316693e+00
1.065031219688300916e+04,3.863436171580708844e+00
1.065031221817333244e+04,3.863436128886750254e+00
1.065031223946365571e+04,3.863436086183440921e+00
1.065031226075398081e+04,3.863436043470784398e+00
1.065031228204430408e+04,3.863436000748777133e+00
1.065031230333462736e+04,3.863435958017419125e+00
1.065031232462495063e+04,3.863435915276717481e+00
1.065031234591527391e+04,3.863435872526668646e+00
1.065031236720559718e+04,3.863435829767261964e+00
1.065031238849592046e+04,3.863435786998518751e+00
1.065031240978624373e+04,3.863435744220428347e+00
1.065031243107656701e+04,3.863435701432983649e+00
1.065031245236689210e+04,3.863435658636188208e+00
1.065031247365721538e+04,3.863435615830059788e+00
1.065031249494753865e+04,3.863435573014577074e+00
1.065031251623786193e+04,3.863435530189747169e+00
1.065031253752818520e+04,3.863435487355580733e+00
1.065031255881850848e+04,3.863435444512060002e+00
1.065031258010883175e+04,3.863435401659199186e+00
1.065031260139915503e+04,3.863435358796991181e+00
1.065031262268947830e+04,3.863435315925446645e+00
1.065031264397980340e+04,3.863435273044547813e+00
1.065031266527012667e+04,3.863435230154312450e+00
1.065031268656044995e+04,3.863435187254729897e+00
1.065031270785077322e+04,3.863435144345807259e+00
1.065031272914109650e+04,3.863435101427544538e+00
1.065031275043141977e+04,3.863435058499934627e+00
1.065031277172174305e+04,3.863435015562988184e+00
1.065031279301206632e+04,3.863434972616698104e+00
1.065031281430238960e+04,3.863434929661067940e+00
1.065031283559271469e+04,3.863434886696094139e+00
1.065031285688303797e+04,3.863434843721783807e+00
1.065031287817336124e+04,3.863434800738129837e+00
1.065031289946368452e+04,3.863434757745139336e+00
1.065031292075400779e+04,3.863434714742812304e+00
1.065031294204433107e+04,3.863434671731138081e+00
1.065031296333465434e+04,3.863434628710127328e+00
1.065031298462497762e+04,3.863434585679783595e+00
1.065031300591530089e+04,3.863434542640099778e+00
1.065031302720562599e+04,3.863434499591075877e+00
1.065031304849594926e+04,3.863434456532715444e+00
1.065031306978627254e+04,3.863434413465018480e+00
1.065031309107659581e+04,3.863434370387984984e+00
1.065031311236691909e+04,3.863434327301614957e+00
1.065031313365724236e+04,3.863434284205908398e+00
1.065031315494756564e+04,3.863434241100868860e+00
1.065031317623788891e+04,3.863434197986492791e+00
1.065031319752821219e+04,3.863434154862780190e+00
1.065031321881853728e+04,3.863434111729731057e+00
1.065031324010886055e+04,3.863434068587356052e+00
1.065031326139918383e+04,3.863434025435640962e+00
1.065031328268950710e+04,3.863433982274589340e+00
1.065031330397983038e+04,3.863433939104204740e+00
1.065031332527015365e+04,3.863433895924497818e+00
1.065031334656047693e+04,3.863433852735447260e+00
1.065031336785080020e+04,3.863433809537070829e+00
1.065031338914112348e+04,3.863433766329357866e+00
1.065031341043144857e+04,3.863433723112315477e+00
1.065031343172177185e+04,3.863433679885936556e+00
1.065031345301209512e+04,3.863433636650235314e+00
1.065031347430241840e+04,3.863433593405201094e+00
1.065031349559274167e+04,3.863433550150833895e+00
1.065031351688306495e+04,3.863433506887140823e+00
1.065031353817338822e+04,3.863433463614114771e+00
1.065031355946371150e+04,3.863433420331766399e+00
1.065031358075403477e+04,3.863433377040077943e+00
1.065031360204435987e+04,3.863433333739067166e+00
1.065031362333468314e+04,3.863433290428726963e+00
1.065031364462500642e+04,3.863433247109057334e+00
1.065031366591532969e+04,3.863433203780061831e+00
1.065031368720565297e+04,3.863433160441740455e+00
1.065031370849597624e+04,3.863433117094089653e+00
1.065031372978629952e+04,3.863433073737116530e+00
1.065031375107662279e+04,3.863433030370810428e+00
1.065031377236694607e+04,3.863432986995185558e+00
1.065031379365727116e+04,3.863432943610224157e+00
1.065031381494759444e+04,3.863432900215947541e+00
1.065031383623791771e+04,3.863432856812348604e+00
1.065031385752824099e+04,3.863432813399416688e+00
1.065031387881856426e+04,3.863432769977162451e+00
1.065031390010888754e+04,3.863432726545592999e+00
1.065031392139921081e+04,3.863432683104687015e+00
1.065031394268953409e+04,3.863432639654465817e+00
1.065031396397985736e+04,3.863432596194922297e+00
1.065031398527018246e+04,3.863432552726049352e+00
1.065031400656050573e+04,3.863432509247861191e+00
1.065031402785082901e+04,3.863432465760350709e+00
1.065031404914115228e+04,3.863432422263517907e+00
1.065031407043147556e+04,3.863432378757362784e+00
1.065031409172179883e+04,3.863432335241885340e+00
1.065031411301212211e+04,3.863432291717085576e+00
1.065031413430244538e+04,3.863432248182977702e+00
1.065031415559276866e+04,3.863432204639536849e+00
1.065031417688309193e+04,3.863432161086784333e+00
1.065031419817341703e+04,3.863432117524705944e+00
1.065031421946374030e+04,3.863432073953312340e+00
1.065031424075406358e+04,3.863432030372599968e+00
1.065031426204438685e+04,3.863431986782572380e+00
1.065031428333471013e+04,3.863431943183226025e+00
1.065031430462503340e+04,3.863431899574560902e+00
1.065031432591535668e+04,3.863431855956580563e+00
1.065031434720567995e+04,3.863431812329285009e+00
1.065031436849600323e+04,3.863431768692670687e+00
1.065031438978632832e+04,3.863431725046734044e+00
1.065031441107665160e+04,3.863431681391489292e+00
1.065031443236697487e+04,3.863431637726918666e+00
1.065031445365729815e+04,3.863431594053047036e+00
1.065031447494762142e+04,3.863431550369860190e+00
1.065031449623794470e+04,3.863431506677351024e+00
1.065031451752826797e+04,3.863431462975530195e+00
1.065031453881859125e+04,3.863431419264397704e+00
1.065031456010891452e+04,3.863431375543953550e+00
1.065031458139923961e+04,3.863431331814190628e+00
1.065031460268956289e+04,3.863431288075116044e+00
1.065031462397988616e+04,3.863431244326733349e+00
1.065031464527020944e+04,3.863431200569038992e+00
1.065031466656053271e+04,3.863431156802029420e+00
1.065031468785085599e+04,3.863431113025711738e+00
1.065031470914117926e+04,3.863431069240078841e+00
1.065031473043150254e+04,3.863431025445137834e+00
1.065031475172182581e+04,3.863430981640888717e+00
1.065031477301215091e+04,3.863430937827320832e+00
1.065031479430247418e+04,3.863430894004455496e+00
1.065031481559279746e+04,3.863430850172274944e+00
1.065031483688312073e+04,3.863430806330786282e+00
1.065031485817344401e+04,3.863430762479989511e+00
1.065031487946376728e+04,3.863430718619884630e+00
1.065031490075409056e+04,3.863430674750468086e+00
1.065031492204441383e+04,3.863430630871750537e+00
1.065031494333473711e+04,3.863430586983721327e+00
1.065031496462506220e+04,3.863430543086384006e+00
1.065031498591538548e+04,3.863430499179742128e+00
1.065031500720570875e+04,3.863430455263792140e+00
1.065031502849603203e+04,3.863430411338544701e+00
1.065031504978635530e+04,3.863430367403982046e+00
1.065031507107667858e+04,3.863430323460118387e+00
1.065031509236700185e+04,3.863430279506953724e+00
1.065031511365732513e+04,3.863430235544480951e+00
1.065031513494764840e+04,3.863430191572700068e+00
1.065031515623797350e+04,3.863430147591614627e+00
1.065031517752829677e+04,3.863430103601231735e+00
1.065031519881862005e+04,3.863430059601544286e+00
1.065031522010894332e+04,3.863430015592555833e+00
1.065031524139926660e+04,3.863429971574262822e+00
1.065031526268958987e+04,3.863429927546672360e+00
1.065031528397991315e+04,3.863429883509777341e+00
1.065031530527023642e+04,3.863429839463574211e+00
1.065031532656055970e+04,3.863429795408080736e+00
1.065031534785088479e+04,3.863429751343272045e+00
1.065031536914120807e+04,3.863429707269176561e+00
1.065031539043153134e+04,3.863429663185780072e+00
1.065031541172185462e+04,3.863429619093079026e+00
1.065031543301217789e+04,3.863429574991080528e+00
1.065031545430250117e+04,3.863429530879788132e+00
1.065031547559282444e+04,3.863429486759187625e+00
1.065031549688314772e+04,3.863429442629296773e+00
1.065031551817347099e+04,3.863429398490097810e+00
1.065031553946379609e+04,3.863429354341608501e+00
1.065031556075411936e+04,3.863429310183821741e+00
1.065031558204444264e+04,3.863429266016737529e+00
1.065031560333476591e+04,3.863429221840359418e+00
1.065031562462508919e+04,3.863429177654683855e+00
1.065031564591541246e+04,3.863429133459710840e+00
1.065031566720573574e+04,3.863429089255443927e+00
1.065031568849605901e+04,3.863429045041886667e+00
1.065031570978638229e+04,3.863429000819028403e+00
1.065031573107670738e+04,3.863428956586869134e+00
1.065031575236703065e+04,3.863428912345423072e+00
1.065031577365735393e+04,3.863428868094686663e+00
1.065031579494767720e+04,3.863428823834649251e+00
1.065031581623800048e+04,3.863428779565325044e+00
1.065031583752832375e+04,3.863428735286703386e+00
1.065031585881864703e+04,3.863428690998791382e+00
1.065031588010897030e+04,3.863428646701589031e+00
1.065031590139929358e+04,3.863428602395092781e+00
1.065031592268961867e+04,3.863428558079306185e+00
1.065031594397994195e+04,3.863428513754225690e+00
1.065031596527026522e+04,3.863428469419861955e+00
1.065031598656058850e+04,3.863428425076200767e+00
1.065031600785091177e+04,3.863428380723252786e+00
1.065031602914123505e+04,3.863428336361010906e+00
1.065031605043155832e+04,3.863428291989485786e+00
1.065031607172188160e+04,3.863428247608670318e+00
1.065031609301220487e+04,3.863428203218564505e+00
1.065031611430252997e+04,3.863428158819171898e+00
1.065031613559285324e+04,3.863428114410488945e+00
1.065031615688317652e+04,3.863428069992519198e+00
1.065031617817349979e+04,3.863428025565266211e+00
1.065031619946382307e+04,3.863427981128719324e+00
1.065031622075414634e+04,3.863427936682892749e+00
1.065031624204446962e+04,3.863427892227775828e+00
1.065031626333479289e+04,3.863427847763375667e+00
1.065031628462511617e+04,3.863427803289688711e+00
1.065031630591544126e+04,3.863427758806714962e+00
1.065031632720576454e+04,3.863427714314457972e+00
1.065031634849608781e+04,3.863427669812917742e+00
1.065031636978641109e+04,3.863427625302090718e+00
1.065031639107673436e+04,3.863427580781980453e+00
1.065031641236705764e+04,3.863427536252590500e+00
1.065031643365738091e+04,3.863427491713913753e+00
1.065031645494770419e+04,3.863427447165957318e+00
1.065031647623802746e+04,3.863427402608714090e+00
1.065031649752835256e+04,3.863427358042191173e+00
1.065031651881867583e+04,3.863427313466385016e+00
1.065031654010899911e+04,3.863427268881299170e+00
1.065031656139932238e+04,3.863427224286937189e+00
1.065031658268964566e+04,3.863427179683288415e+00
1.065031660397996893e+04,3.863427135070363505e+00
1.065031662527029221e+04,3.863427090448151802e+00
1.065031664656061548e+04,3.863427045816667516e+00
1.065031666785093876e+04,3.863427001175903541e+00
1.065031668914126385e+04,3.863426956525849221e+00
1.065031671043158713e+04,3.863426911866529423e+00
1.065031673172191040e+04,3.863426867197926384e+00
1.065031675301223368e+04,3.863426822520050763e+00
1.065031677430255695e+04,3.863426777832895453e+00
1.065031679559288023e+04,3.863426733136460456e+00
1.065031681688320350e+04,3.863426688430749323e+00
1.065031683817352678e+04,3.863426643715762054e+00
1.065031685946385005e+04,3.863426598991498651e+00
1.065031688075417514e+04,3.863426554257952006e+00
1.065031690204449842e+04,3.863426509515136331e+00
1.065031692333482169e+04,3.863426464763051627e+00
1.065031694462514497e+04,3.863426420001690786e+00
1.065031696591546824e+04,3.863426375231046705e+00
1.065031698720579152e+04,3.863426330451137147e+00
1.065031700849611479e+04,3.863426285661951454e+00
1.065031702978643807e+04,3.863426240863489625e+00
1.065031705107676135e+04,3.863426196055758766e+00
1.065031707236708644e+04,3.863426151238751771e+00
1.065031709365740971e+04,3.863426106412472194e+00
1.065031711494773299e+04,3.863426061576923587e+00
1.065031713623805626e+04,3.863426016732105950e+00
1.065031715752837954e+04,3.863425971878012177e+00
1.065031717881870281e+04,3.863425927014645822e+00
1.065031720010902609e+04,3.863425882142013990e+00
1.065031722139934936e+04,3.863425837260113127e+00
1.065031724268967264e+04,3.863425792368939682e+00
1.065031726397999773e+04,3.863425747468493654e+00
1.065031728527032101e+04,3.863425702558778596e+00
1.065031730656064428e+04,3.863425657639801614e+00
1.065031732785096756e+04,3.863425612711555601e+00
1.065031734914129083e+04,3.863425567774033453e+00
1.065031737043161411e+04,3.863425522827252934e+00
1.065031739172193738e+04,3.863425477871203384e+00
1.065031741301226066e+04,3.863425432905881252e+00
1.065031743430258393e+04,3.863425387931297195e+00
1.065031745559290903e+04,3.863425342947440555e+00
1.065031747688323230e+04,3.863425297954318438e+00
1.065031749817355558e+04,3.863425252951934397e+00
1.065031751946387885e+04,3.863425207940288431e+00
1.065031754075420213e+04,3.863425162919376987e+00
1.065031756204452540e+04,3.863425117889200067e+00
1.065031758333484868e+04,3.863425072849757669e+00
1.065031760462517195e+04,3.863425027801053346e+00
1.065031762591549523e+04,3.863424982743083547e+00
1.065031764720582032e+04,3.863424937675848270e+00
1.065031766849614360e+04,3.863424892599351068e+00
1.065031768978646687e+04,3.863424847513595495e+00
1.065031771107679015e+04,3.863424802418570891e+00
1.065031773236711342e+04,3.863424757314291469e+00
1.065031775365743670e+04,3.863424712200746569e+00
1.065031777494775997e+04,3.863424667077943297e+00
1.065031779623808325e+04,3.863424621945878101e+00
1.065031781752840652e+04,3.863424576804550981e+00
1.065031783881873162e+04,3.863424531653961935e+00
1.065031786010905489e+04,3.863424486494118071e+00
1.065031788139937817e+04,3.863424441325019387e+00
1.065031790268970144e+04,3.863424396146651674e+00
1.065031792398002472e+04,3.863424350959032694e+00
1.065031794527034799e+04,3.863424305762151789e+00
1.065031796656067127e+04,3.863424260556016065e+00
1.065031798785099454e+04,3.863424215340621970e+00
1.065031800914131782e+04,3.863424170115973055e+00
1.065031803043164291e+04,3.863424124882055111e+00
1.065031805172196619e+04,3.863424079638893005e+00
1.065031807301228946e+04,3.863424034386468975e+00
1.065031809430261274e+04,3.863423989124793678e+00
1.065031811559293601e+04,3.863423943853863562e+00
1.065031813688325929e+04,3.863423898573675075e+00
1.065031815817358256e+04,3.863423853284228215e+00
1.065031817946390584e+04,3.863423807985533642e+00
1.065031820075422911e+04,3.863423762677587803e+00
1.065031822204455420e+04,3.863423717360376486e+00
1.065031824333487748e+04,3.863423672033921008e+00
1.065031826462520075e+04,3.863423626698207158e+00
1.065031828591552403e+04,3.863423581353249148e+00
1.065031830720584730e+04,3.863423535999029212e+00
1.065031832849617058e+04,3.863423490635565116e+00
1.065031834978649385e+04,3.863423445262842648e+00
1.065031837107681713e+04,3.863423399880876019e+00
1.065031839236714040e+04,3.863423354489654571e+00
1.065031841365746550e+04,3.863423309089178304e+00
1.065031843494778877e+04,3.863423263679457875e+00
1.065031845623811205e+04,3.863423218260489733e+00
1.065031847752843532e+04,3.863423172832266772e+00
1.065031849881875860e+04,3.863423127394799650e+00
1.065031852010908187e+04,3.863423081948081261e+00
1.065031854139940515e+04,3.863423036492115159e+00
1.065031856268972842e+04,3.863422991026904896e+00
1.065031858398005170e+04,3.863422945552439813e+00
1.065031860527037679e+04,3.863422900068730570e+00
1.065031862656070007e+04,3.863422854575770060e+00
1.065031864785102334e+04,3.863422809073568942e+00
1.065031866914134662e+04,3.863422763562120110e+00
1.065031869043166989e+04,3.863422718041427117e+00
1.065031871172199317e+04,3.863422672511489964e+00
1.065031873301231644e+04,3.863422626972305096e+00
1.065031875430263972e+04,3.863422581423872515e+00
1.065031877559296299e+04,3.863422535866199325e+00
1.065031879688328809e+04,3.863422490299278422e+00
1.065031881817361136e+04,3.863422444723116911e+00
1.065031883946393464e+04,3.863422399137714791e+00
1.065031886075425791e+04,3.863422353543061405e+00
1.065031888204458119e+04,3.863422307939174516e+00
1.065031890333490446e+04,3.863422262326039913e+00
1.065031892462522774e+04,3.863422216703668255e+00
1.065031894591555101e+04,3.863422171072052436e+00
1.065031896720587429e+04,3.863422125431192455e+00
1.065031898849619938e+04,3.863422079781088314e+00
1.065031900978652266e+04,3.863422034121750670e+00
1.065031903107684593e+04,3.863421988453172418e+00
1.065031905236716921e+04,3.863421942775353557e+00
1.065031907365749248e+04,3.863421897088294088e+00
1.065031909494781576e+04,3.863421851392001116e+00
1.065031911623813903e+04,3.863421805686460431e+00
1.065031913752846231e+04,3.863421759971689795e+00
1.065031915881878558e+04,3.863421714247671446e+00
1.065031918010911068e+04,3.863421668514423146e+00
1.065031920139943395e+04,3.863421622771934238e+00
1.065031922268975723e+04,3.863421577020208275e+00
1.065031924398008050e+04,3.863421531259248809e+00
1.065031926527040378e+04,3.863421485489048735e+00
1.065031928656072705e+04,3.863421439709615157e+00
1.065031930785105033e+04,3.863421393920948077e+00
1.065031932914137360e+04,3.863421348123047494e+00
1.065031935043169688e+04,3.863421302315909855e+00
1.065031937172202197e+04,3.863421256499531609e+00
1.065031939301234524e+04,3.863421210673923412e+00
1.065031941430266852e+04,3.863421164839085264e+00
1.065031943559299179e+04,3.863421118995013614e+00
1.065031945688331507e+04,3.863421073141704909e+00
1.065031947817363834e+04,3.863421027279162701e+00
1.065031949946396162e+04,3.863420981407394095e+00
1.065031952075428489e+04,3.863420935526388433e+00
1.065031954204460817e+04,3.863420889636156375e+00
1.065031956333493326e+04,3.863420843736687260e+00
1.065031958462525654e+04,3.863420797827988196e+00
1.065031960591557981e+04,3.863420751910059181e+00
1.065031962720590309e+04,3.863420705982900216e+00
1.065031964849622636e+04,3.863420660046511301e+00
1.065031966978654964e+04,3.863420614100899542e+00
1.065031969107687291e+04,3.863420568146050726e+00
1.065031971236719619e+04,3.863420522181975514e+00
1.065031973365751946e+04,3.863420476208673904e+00
1.065031975494784456e+04,3.863420430226138791e+00
1.065031977623816783e+04,3.863420384234373728e+00
1.065031979752849111e+04,3.863420338233392926e+00
1.065031981881881438e+04,3.863420292223178620e+00
1.065031984010913766e+04,3.863420246203737918e+00
1.065031986139946093e+04,3.863420200175070818e+00
1.065031988268978421e+04,3.863420154137177320e+00
1.065031990398010748e+04,3.863420108090064531e+00
1.065031992527043076e+04,3.863420062033725344e+00
1.065031994656075585e+04,3.863420015968149102e+00
1.065031996785107913e+04,3.863419969893360673e+00
1.065031998914140240e+04,3.863419923809349399e+00
1.065032001043172568e+04,3.863419877716108175e+00
1.065032003172204895e+04,3.863419831613644106e+00
1.065032005301237223e+04,3.863419785501964299e+00
1.065032007430269550e+04,3.863419739381050988e+00
1.065032009559301878e+04,3.863419693250921938e+00
1.065032011688334205e+04,3.863419647111570043e+00
1.065032013817366715e+04,3.863419600962991751e+00
1.065032015946399042e+04,3.863419554805197720e+00
1.065032018075431370e+04,3.863419508638184396e+00
1.065032020204463697e+04,3.863419462461944676e+00
1.065032022333496025e+04,3.863419416276492768e+00
1.065032024462528352e+04,3.863419370081818016e+00
1.065032026591560680e+04,3.863419323877923972e+00
1.065032028720593007e+04,3.863419277664807083e+00
1.065032030849625335e+04,3.863419231442474455e+00
1.065032032978657844e+04,3.863419185210922535e+00
1.065032035107690172e+04,3.863419138970151323e+00
1.065032037236722499e+04,3.863419092720164372e+00
1.065032039365754827e+04,3.863419046460961681e+00
1.065032041494787154e+04,3.863419000192543251e+00
1.065032043623819482e+04,3.863418953914901977e+00
1.065032045752851809e+04,3.863418907628052068e+00
1.065032047881884137e+04,3.863418861331986420e+00
1.065032050010916464e+04,3.863418815026705033e+00
1.065032052139948973e+04,3.863418768712197249e+00
1.065032054268981301e+04,3.863418722388484383e+00
1.065032056398013628e+04,3.863418676055559331e+00
1.065032058527045956e+04,3.863418629713414987e+00
1.065032060656078284e+04,3.863418583362058456e+00
1.065032062785110611e+04,3.863418537001489739e+00
1.065032064914142939e+04,3.863418490631705282e+00
1.065032067043175266e+04,3.863418444252715744e+00
1.065032069172207594e+04,3.863418397864506915e+00
1.065032071301240103e+04,3.863418351467089451e+00
1.065032073430272430e+04,3.863418305060456248e+00
1.065032075559304758e+04,3.863418258644617964e+00
1.065032077688337085e+04,3.863418212219571046e+00
1.065032079817369413e+04,3.863418165785301284e+00
1.065032081946401740e+04,3.863418119341837098e+00
1.065032084075434068e+04,3.863418072889157173e+00
1.065032086204466395e+04,3.863418026427268614e+00
1.065032088333498723e+04,3.863417979956171422e+00
1.065032090462531232e+04,3.863417933475854937e+00
1.065032092591563560e+04,3.863417886986340477e+00
1.065032094720595887e+04,3.863417840487617383e+00
1.065032096849628215e+04,3.863417793979689208e+00
1.065032098978660542e+04,3.863417747462548846e+00
1.065032101107692870e+04,3.863417700936203403e+00
1.065032103236725197e+04,3.863417654400656431e+00
1.065032105365757525e+04,3.863417607855897273e+00
1.065032107494789852e+04,3.863417561301936587e+00
1.065032109623822362e+04,3.863417514738767267e+00
1.065032111752854689e+04,3.863417468166389313e+00
1.065032113881887017e+04,3.863417421584816935e+00
1.065032116010919344e+04,3.863417374994035924e+00
1.065032118139951672e+04,3.863417328394049832e+00
1.065032120268983999e+04,3.863417281784858659e+00
1.065032122398016327e+04,3.863417235166469510e+00
1.065032124527048654e+04,3.863417188538875280e+00
1.065032126656080982e+04,3.863417141902079521e+00
1.065032128785113491e+04,3.863417095256078682e+00
1.065032130914145819e+04,3.863417048600876313e+00
1.065032133043178146e+04,3.863417001936479522e+00
1.065032135172210474e+04,3.863416955262877650e+00
1.065032137301242801e+04,3.863416908580074249e+00
1.065032139430275129e+04,3.863416861888072873e+00
1.065032141559307456e+04,3.863416815186869968e+00
1.065032143688339784e+04,3.863416768476469088e+00
1.065032145817372111e+04,3.863416721756866679e+00
1.065032147946404621e+04,3.863416675028062741e+00
1.065032150075436948e+04,3.863416628290071486e+00
1.065032152204469276e+04,3.863416581542868045e+00
1.065032154333501603e+04,3.863416534786477285e+00
1.065032156462533931e+04,3.863416488020884998e+00
1.065032158591566258e+04,3.863416441246105393e+00
1.065032160720598586e+04,3.863416394462117154e+00
1.065032162849630913e+04,3.863416347668938045e+00
1.065032164978663241e+04,3.863416300866564512e+00
1.065032167107695750e+04,3.863416254054985899e+00
1.065032169236728078e+04,3.863416207234219968e+00
1.065032171365760405e+04,3.863416160404259614e+00
1.065032173494792733e+04,3.863416113565104837e+00
1.065032175623825060e+04,3.863416066716759190e+00
1.065032177752857388e+04,3.863416019859215567e+00
1.065032179881889715e+04,3.863415972992477521e+00
1.065032182010922043e+04,3.863415926116548604e+00
1.065032184139954370e+04,3.863415879231428818e+00
1.065032186268986879e+04,3.863415832337111055e+00
1.065032188398019207e+04,3.863415785433605976e+00
1.065032190527051534e+04,3.863415738520910025e+00
1.065032192656083862e+04,3.863415691599019652e+00
1.065032194785116189e+04,3.863415644667945514e+00
1.065032196914148517e+04,3.863415597727676953e+00
1.065032199043180844e+04,3.863415550778217522e+00
1.065032201172213172e+04,3.863415503819574326e+00
1.065032203301245499e+04,3.863415456851733154e+00
1.065032205430278009e+04,3.863415409874708217e+00
1.065032207559310336e+04,3.863415362888492410e+00
1.065032209688342664e+04,3.863415315893089286e+00
1.065032211817374991e+04,3.863415268888502396e+00
1.065032213946407319e+04,3.863415221874721084e+00
1.065032216075439646e+04,3.863415174851763112e+00
1.065032218204471974e+04,3.863415127819610717e+00
1.065032220333504301e+04,3.863415080778274557e+00
1.065032222462536629e+04,3.863415033727751080e+00
1.065032224591569138e+04,3.863414986668040285e+00
1.065032226720601466e+04,3.863414939599149278e+00
1.065032228849633793e+04,3.863414892521070954e+00
1.065032230978666121e+04,3.863414845433805311e+00
1.065032233107698448e+04,3.863414798337363010e+00
1.065032235236730776e+04,3.863414751231729838e+00
1.065032237365763103e+04,3.863414704116912901e+00
1.065032239494795431e+04,3.863414656992919305e+00
1.065032241623827758e+04,3.863414609859738391e+00
1.065032243752860268e+04,3.863414562717377265e+00
1.065032245881892595e+04,3.863414515565835927e+00
1.065032248010924923e+04,3.863414468405107272e+00
1.065032250139957250e+04,3.863414421235201957e+00
1.065032252268989578e+04,3.863414374056119982e+00
1.065032254398021905e+04,3.863414326867850690e+00
1.065032256527054233e+04,3.863414279670408291e+00
1.065032258656086560e+04,3.863414232463775022e+00
1.065032260785118888e+04,3.863414185247972199e+00
1.065032262914151397e+04,3.863414138022989164e+00
1.065032265043183725e+04,3.863414090788818811e+00
1.065032267172216052e+04,3.863414043545478904e+00
1.065032269301248380e+04,3.863413996292965891e+00
1.065032271430280707e+04,3.863413949031269112e+00
1.065032273559313035e+04,3.863413901760392122e+00
1.065032275688345362e+04,3.863413854480345577e+00
1.065032277817377690e+04,3.863413807191118821e+00
1.065032279946410017e+04,3.863413759892718957e+00
1.065032282075442527e+04,3.863413712585135329e+00
1.065032284204474854e+04,3.863413665268385699e+00
1.065032286333507182e+04,3.863413617942455858e+00
1.065032288462539509e+04,3.863413570607352909e+00
1.065032290591571837e+04,3.863413523263080407e+00
1.065032292720604164e+04,3.863413475909631245e+00
1.065032294849636492e+04,3.863413428547001871e+00
1.065032296978668819e+04,3.863413381175210048e+00
1.065032299107701147e+04,3.863413333794241566e+00
1.065032301236733656e+04,3.863413286404099978e+00
1.065032303365765983e+04,3.863413239004785282e+00
1.065032305494798311e+04,3.863413191596301033e+00
1.065032307623830638e+04,3.863413144178643677e+00
1.065032309752862966e+04,3.863413096751816767e+00
1.065032311881895293e+04,3.863413049315823855e+00
1.065032314010927621e+04,3.863413001870657837e+00
1.065032316139959948e+04,3.863412954416322265e+00
1.065032318268992276e+04,3.863412906952817139e+00
1.065032320398024785e+04,3.863412859480135353e+00
1.065032322527057113e+04,3.863412811998298224e+00
1.065032324656089440e+04,3.863412764507284436e+00
1.065032326785121768e+04,3.863412717007108199e+00
1.065032328914154095e+04,3.863412669497758856e+00
1.065032331043186423e+04,3.863412621979247064e+00
1.065032333172218750e+04,3.863412574451569270e+00
1.065032335301251078e+04,3.863412526914725476e+00
1.065032337430283405e+04,3.863412479368708574e+00
1.065032339559315915e+04,3.863412431813532777e+00
1.065032341688348242e+04,3.863412384249183873e+00
1.065032343817380570e+04,3.863412336675679626e+00
1.065032345946412897e+04,3.863412289093009377e+00
1.065032348075445225e+04,3.863412241501169575e+00
1.065032350204477552e+04,3.863412193900170877e+00
1.065032352333509880e+04,3.863412146290009730e+00
1.065032354462542207e+04,3.863412098670686134e+00
1.065032356591574535e+04,3.863412051042196538e+00
1.065032358720607044e+04,3.863412003404540940e+00
1.065032360849639372e+04,3.863411955757729999e+00
1.065032362978671699e+04,3.863411908101756609e+00
1.065032365107704027e+04,3.863411860436617218e+00
1.065032367236736354e+04,3.863411812762326036e+00
1.065032369365768682e+04,3.863411765078872406e+00
1.065032371494801009e+04,3.863411717386259880e+00
1.065032373623833337e+04,3.863411669684477801e+00
1.065032375752865664e+04,3.863411621973543930e+00
1.065032377881898174e+04,3.863411574253447611e+00
1.065032380010930501e+04,3.863411526524195949e+00
1.065032382139962829e+04,3.863411478785781838e+00
1.065032384268995156e+04,3.863411431038219490e+00
1.065032386398027484e+04,3.863411383281491140e+00
1.065032388527059811e+04,3.863411335515611000e+00
1.065032390656092139e+04,3.863411287740571964e+00
1.065032392785124466e+04,3.863411239956374033e+00
1.065032394914156794e+04,3.863411192163024310e+00
1.065032397043189303e+04,3.863411144360515692e+00
1.065032399172221631e+04,3.863411096548848178e+00
1.065032401301253958e+04,3.863411048728035979e+00
1.065032403430286286e+04,3.863411000898064884e+00
1.065032405559318613e+04,3.863410953058941999e+00
1.065032407688350941e+04,3.863410905210660218e+00
1.065032409817383268e+04,3.863410857353230199e+00
1.065032411946415596e+04,3.863410809486644837e+00
1.065032414075447923e+04,3.863410761610911237e+00
1.065032416204480432e+04,3.863410713726015189e+00
1.065032418333512760e+04,3.863410665831974455e+00
1.065032420462545088e+04,3.863410617928781932e+00
1.065032422591577415e+04,3.863410570016437617e+00
1.065032424720609743e+04,3.863410522094945065e+00
1.065032426849642070e+04,3.863410474164300723e+00
1.065032428978674398e+04,3.863410426224508143e+00
1.065032431107706725e+04,3.863410378275563772e+00
1.065032433236739053e+04,3.863410330317474717e+00
1.065032435365771562e+04,3.863410282350226765e+00
1.065032437494803889e+04,3.863410234373837682e+00
1.065032439623836217e+04,3.863410186388296808e+00
1.065032441752868544e+04,3.863410138393611248e+00
1.065032443881900872e+04,3.863410090389781004e+00
1.065032446010933199e+04,3.863410042376798970e+00
1.065032448139965527e+04,3.863409994354675803e+00
1.065032450268997854e+04,3.863409946323407951e+00
1.065032452398030182e+04,3.863409898282988308e+00
1.065032454527062691e+04,3.863409850233420428e+00
1.065032456656095019e+04,3.863409802174711416e+00
1.065032458785127346e+04,3.863409754106854166e+00
1.065032460914159674e+04,3.863409706029862889e+00
1.065032463043192001e+04,3.863409657943719822e+00
1.065032465172224329e+04,3.863409609848432069e+00
1.065032467301256656e+04,3.863409561744006737e+00
1.065032469430288984e+04,3.863409513630436720e+00
1.065032471559321311e+04,3.863409465507722018e+00
1.065032473688353821e+04,3.863409417375862631e+00
1.065032475817386148e+04,3.863409369234869217e+00
1.065032477946418476e+04,3.863409321084731118e+00
1.065032480075450803e+04,3.863409272925451887e+00
1.065032482204483131e+04,3.863409224757031524e+00
1.065032484333515458e+04,3.863409176579473581e+00
1.065032486462547786e+04,3.863409128392774505e+00
1.065032488591580113e+04,3.863409080196934298e+00
1.065032490720612441e+04,3.863409031991956510e+00
1.065032492849644950e+04,3.863408983777837591e+00
1.065032494978677278e+04,3.863408935554577539e+00
1.065032497107709605e+04,3.863408887322190566e+00
1.065032499236741933e+04,3.863408839080662460e+00
1.065032501365774260e+04,3.863408790829989670e+00
1.065032503494806588e+04,3.863408742570193510e+00
1.065032505623838915e+04,3.863408694301252666e+00
1.065032507752871243e+04,3.863408646023177795e+00
1.065032509881903570e+04,3.863408597735965344e+00
1.065032512010936080e+04,3.863408549439611761e+00
1.065032514139968407e+04,3.863408501134134809e+00
1.065032516269000735e+04,3.863408452819516725e+00
1.065032518398033062e+04,3.863408404495764614e+00
1.065032520527065390e+04,3.863408356162885582e+00
1.065032522656097717e+04,3.863408307820865417e+00
1.065032524785130045e+04,3.863408259469711226e+00
1.065032526914162372e+04,3.863408211109433665e+00
1.065032529043194700e+04,3.863408162740022078e+00
1.065032531172227209e+04,3.863408114361465806e+00
1.065032533301259537e+04,3.863408065973786165e+00
1.065032535430291864e+04,3.863408017576976050e+00
1.065032537559324192e+04,3.863407969171039014e+00
1.065032539688356519e+04,3.863407920755971503e+00
1.065032541817388847e+04,3.863407872331769966e+00
1.065032543946421174e+04,3.863407823898441507e+00
1.065032546075453502e+04,3.863407775455982573e+00
1.065032548204485829e+04,3.863407727004393166e+00
1.065032550333518338e+04,3.863407678543676838e+00
1.065032552462550666e+04,3.863407630073830035e+00
1.065032554591582993e+04,3.863407581594856310e+00
1.065032556720615321e+04,3.863407533106759217e+00
1.065032558849647648e+04,3.863407484609531650e+00
1.065032560978679976e+04,3.863407436103180714e+00
1.065032563107712303e+04,3.863407387587709962e+00
1.065032565236744631e+04,3.863407339063098078e+00
1.065032567365776958e+04,3.863407290529366378e+00
1.065032569494809468e+04,3.863407241986511309e+00
1.065032571623841795e+04,3.863407193434529319e+00
1.065032573752874123e+04,3.863407144873427512e+00
1.065032575881906450e+04,3.863407096303198784e+00
1.065032578010938778e+04,3.863407047723850241e+00
1.065032580139971105e+04,3.863406999135371223e+00
1.065032582269003433e+04,3.863406950537779494e+00
1.065032584398035760e+04,3.863406901931060844e+00
1.065032586527068088e+04,3.863406853315215272e+00
1.065032588656100597e+04,3.863406804690246332e+00
1.065032590785132925e+04,3.863406756056168234e+00
1.065032592914165252e+04,3.863406707412959662e+00
1.065032595043197580e+04,3.863406658760634826e+00
1.065032597172229907e+04,3.863406610099190175e+00
1.065032599301262235e+04,3.863406561428625707e+00
1.065032601430294562e+04,3.863406512748941424e+00
1.065032603559326890e+04,3.863406464060140877e+00
1.065032605688359217e+04,3.863406415362216961e+00
1.065032607817391545e+04,3.863406366655176782e+00
1.065032609946424054e+04,3.863406317939013235e+00
1.065032612075456382e+04,3.863406269213736977e+00
1.065032614204488709e+04,3.863406220479351560e+00
1.065032616333521037e+04,3.863406171735835670e+00
1.065032618462553364e+04,3.863406122983214175e+00
1.065032620591585692e+04,3.863406074221472863e+00
1.065032622720618019e+04,3.863406025450615289e+00
1.065032624849650347e+04,3.863405976670645003e+00
1.065032626978682674e+04,3.863405927881558455e+00
1.065032629107715184e+04,3.863405879083352090e+00
1.065032631236747511e+04,3.863405830276036568e+00
1.065032633365779839e+04,3.863405781459611887e+00
1.065032635494812166e+04,3.863405732634067391e+00
1.065032637623844494e+04,3.863405683799413737e+00
1.065032639752876821e+04,3.863405634955647372e+00
1.065032641881909149e+04,3.863405586102768297e+00
1.065032644010941476e+04,3.863405537240776511e+00
1.065032646139973804e+04,3.863405488369675567e+00
1.065032648269006313e+04,3.863405439489458360e+00
1.065032650398038641e+04,3.863405390600135547e+00
1.065032652527070968e+04,3.863405341701703577e+00
1.065032654656103296e+04,3.863405292794158896e+00
1.065032656785135623e+04,3.863405243877508610e+00
1.065032658914167951e+04,3.863405194951745614e+00
1.065032661043200278e+04,3.863405146016873459e+00
1.065032663172232606e+04,3.863405097072895700e+00
1.065032665301264933e+04,3.863405048119805230e+00
1.065032667430297442e+04,3.863404999157612707e+00
1.065032669559329770e+04,3.863404950186311027e+00
1.065032671688362097e+04,3.863404901205907294e+00
1.065032673817394425e+04,3.863404852216387297e+00
1.065032675946426752e+04,3.863404803217765249e+00
1.065032678075459080e+04,3.863404754210041148e+00
1.065032680204491407e+04,3.863404705193211441e+00
1.065032682333523735e+04,3.863404656167276130e+00
1.065032684462556062e+04,3.863404607132238766e+00
1.065032686591588572e+04,3.863404558088088692e+00
1.065032688720620899e+04,3.863404509034840117e+00
1.065032690849653227e+04,3.863404459972493044e+00
1.065032692978685554e+04,3.863404410901036812e+00
1.065032695107717882e+04,3.863404361820482080e+00
1.065032697236750209e+04,3.863404312730825296e+00
1.065032699365782537e+04,3.863404263632059354e+00
1.065032701494814864e+04,3.863404214524202018e+00
1.065032703623847192e+04,3.863404165407239077e+00
1.065032705752879701e+04,3.863404116281170531e+00
1.065032707881912029e+04,3.863404067146010590e+00
1.065032710010944356e+04,3.863404018001745044e+00
1.065032712139976684e+04,3.863403968848384551e+00
1.065032714269009011e+04,3.863403919685922006e+00
1.065032716398041339e+04,3.863403870514360960e+00
1.065032718527073666e+04,3.863403821333701416e+00
1.065032720656105994e+04,3.863403772143946924e+00
1.065032722785138321e+04,3.863403722945090379e+00
1.065032724914170831e+04,3.863403673737135335e+00
1.065032727043203158e+04,3.863403624520085344e+00
1.065032729172235486e+04,3.863403575293943959e+00
1.065032731301267813e+04,3.863403526058704074e+00
1.065032733430300141e+04,3.863403476814372794e+00
1.065032735559332468e+04,3.863403427560939463e+00
1.065032737688364796e+04,3.863403378298411184e+00
1.065032739817397123e+04,3.863403329026791511e+00
1.065032741946429451e+04,3.863403279746080443e+00
1.065032744075461960e+04,3.863403230456263771e+00
1.065032746204494288e+04,3.863403181157366362e+00
1.065032748333526615e+04,3.863403131849374006e+00
1.065032750462558943e+04,3.863403082532286703e+00
1.065032752591591270e+04,3.863403033206104453e+00
1.065032754720623598e+04,3.863402983870837915e+00
1.065032756849655925e+04,3.863402934526476429e+00
1.065032758978688253e+04,3.863402885173019996e+00
1.065032761107720580e+04,3.863402835810482827e+00
1.065032763236753090e+04,3.863402786438847158e+00
1.065032765365785417e+04,3.863402737058120096e+00
1.065032767494817745e+04,3.863402687668305191e+00
1.065032769623850072e+04,3.863402638269405998e+00
1.065032771752882400e+04,3.863402588861411857e+00
1.065032773881914727e+04,3.863402539444336981e+00
1.065032776010947055e+04,3.863402490018170710e+00
1.065032778139979382e+04,3.863402440582916597e+00
1.065032780269011710e+04,3.863402391138578196e+00
1.065032782398044219e+04,3.863402341685144847e+00
1.065032784527076547e+04,3.863402292222627210e+00
1.065032786656108874e+04,3.863402242751028837e+00
1.065032788785141202e+04,3.863402193270346174e+00
1.065032790914173529e+04,3.863402143780575670e+00
1.065032793043205857e+04,3.863402094281720878e+00
1.065032795172238184e+04,3.863402044773781796e+00
1.065032797301270512e+04,3.863401995256758426e+00
1.065032799430302839e+04,3.863401945730647213e+00
1.065032801559335348e+04,3.863401896195451712e+00
1.065032803688367676e+04,3.863401846651179028e+00
1.065032805817400003e+04,3.863401797097825607e+00
1.065032807946432331e+04,3.863401747535384345e+00
1.065032810075464658e+04,3.863401697963865900e+00
1.065032812204496986e+04,3.863401648383263165e+00
1.065032814333529313e+04,3.863401598793583247e+00
1.065032816462561641e+04,3.863401549194822593e+00
1.065032818591593968e+04,3.863401499586974097e+00
1.065032820720626478e+04,3.863401449970051971e+00
1.065032822849658805e+04,3.863401400344049108e+00
1.065032824978691133e+04,3.863401350708972615e+00
1.065032827107723460e+04,3.863401301064811832e+00
1.065032829236755788e+04,3.863401251411573867e+00
1.065032831365788115e+04,3.863401201749262270e+00
1.065032833494820443e+04,3.863401152077862832e+00
1.065032835623852770e+04,3.863401102397393316e+00
1.065032837752885098e+04,3.863401052707850170e+00
1.065032839881917607e+04,3.863401003009226287e+00
1.065032842010949935e+04,3.863400953301528773e+00
1.065032844139982262e+04,3.863400903584750523e+00
1.065032846269014590e+04,3.863400853858905748e+00
1.065032848398046917e+04,3.863400804123976684e+00
1.065032850527079245e+04,3.863400754379981095e+00
1.065032852656111572e+04,3.863400704626908322e+00
1.065032854785143900e+04,3.863400654864761918e+00
1.065032856914176227e+04,3.863400605093545437e+00
1.065032859043208737e+04,3.863400555313251772e+00
1.065032861172241064e+04,3.863400505523888029e+00
1.065032863301273392e+04,3.863400455725450655e+00
1.065032865430305719e+04,3.863400405917946756e+00
1.065032867559338047e+04,3.863400356101365674e+00
1.065032869688370374e+04,3.863400306275714513e+00
1.065032871817402702e+04,3.863400256441000380e+00
1.065032873946435029e+04,3.863400206597205511e+00
1.065032876075467357e+04,3.863400156744351222e+00
1.065032878204499866e+04,3.863400106882416196e+00
1.065032880333532194e+04,3.863400057011418198e+00
1.065032882462564521e+04,3.863400007131353675e+00
1.065032884591596849e+04,3.863399957242222627e+00
1.065032886720629176e+04,3.863399907344017947e+00
1.065032888849661504e+04,3.863399857436750295e+00
1.065032890978693831e+04,3.863399807520419671e+00
1.065032893107726159e+04,3.863399757595015416e+00
1.065032895236758486e+04,3.863399707660544635e+00
1.065032897365790996e+04,3.863399657717010882e+00
1.065032899494823323e+04,3.863399607764410604e+00
1.065032901623855651e+04,3.863399557802747353e+00
1.065032903752887978e+04,3.863399507832017576e+00
1.065032905881920306e+04,3.863399457852224828e+00
1.065032908010952633e+04,3.863399407863365553e+00
1.065032910139984961e+04,3.863399357865446859e+00
1.065032912269017288e+04,3.863399307858461640e+00
1.065032914398049616e+04,3.863399257842420553e+00
1.065032916527082125e+04,3.863399207817305836e+00
1.065032918656114452e+04,3.863399157783135252e+00
1.065032920785146780e+04,3.863399107739908800e+00
1.065032922914179107e+04,3.863399057687612270e+00
1.065032925043211435e+04,3.863399007626259873e+00
1.065032927172243762e+04,3.863398957555848057e+00
1.065032929301276090e+04,3.863398907476376820e+00
1.065032931430308417e+04,3.863398857387842611e+00
1.065032933559340745e+04,3.863398807290248982e+00
1.065032935688373254e+04,3.863398757183592380e+00
1.065032937817405582e+04,3.863398707067890570e+00
1.065032939946437909e+04,3.863398656943125786e+00
1.065032942075470237e+04,3.863398606809298030e+00
1.065032944204502564e+04,3.863398556666417960e+00
1.065032946333534892e+04,3.863398506514482023e+00
1.065032948462567219e+04,3.863398456353486665e+00
1.065032950591599547e+04,3.863398406183435441e+00
1.065032952720631874e+04,3.863398356004331902e+00
1.065032954849664384e+04,3.863398305816165390e+00
1.065032956978696711e+04,3.863398255618950117e+00
1.065032959107729039e+04,3.863398205412682529e+00
1.065032961236761366e+04,3.863398155197359074e+00
1.065032963365793694e+04,3.863398104972983305e+00
1.065032965494826021e+04,3.863398054739551668e+00
1.065032967623858349e+04,3.863398004497067717e+00
1.065032969752890676e+04,3.863397954245531452e+00
1.065032971881923004e+04,3.863397903984942872e+00
1.065032974010955513e+04,3.863397853715301977e+00
1.065032976139987841e+04,3.863397803436608768e+00
1.065032978269020168e+04,3.863397753148866798e+00
1.065032980398052496e+04,3.863397702852079618e+00
1.065032982527084823e+04,3.863397652546233019e+00
1.065032984656117151e+04,3.863397602231344763e+00
1.065032986785149478e+04,3.863397551907404193e+00
1.065032988914181806e+04,3.863397501574411308e+00
1.065032991043214133e+04,3.863397451232376767e+00
1.065032993172246643e+04,3.863397400881282806e+00
1.065032995301278970e+04,3.863397350521150742e+00
1.065032997430311298e+04,3.863397300151969915e+00
1.065032999559343625e+04,3.863397249773740327e+00
1.065033001688375953e+04,3.863397199386469083e+00
1.065033003817408280e+04,3.863397148990141972e+00
1.065033005946440608e+04,3.863397098584780309e+00
1.065033008075472935e+04,3.863397048170366332e+00
1.065033010204505263e+04,3.863396997746914252e+00
1.065033012333537772e+04,3.863396947314406304e+00
1.065033014462570100e+04,3.863396896872863806e+00
1.065033016591602427e+04,3.863396846422272546e+00
1.065033018720634755e+04,3.863396795962643182e+00
1.065033020849667082e+04,3.863396745493965057e+00
1.065033022978699410e+04,3.863396695016248827e+00
1.065033025107731737e+04,3.863396644529487389e+00
1.065033027236764065e+04,3.863396594033687848e+00
1.065033029365796392e+04,3.863396543528843097e+00
1.065033031494828901e+04,3.863396493014956690e+00
1.065033033623861229e+04,3.863396442492028626e+00
1.065033035752893556e+04,3.863396391960069565e+00
1.065033037881925884e+04,3.863396341419058189e+00
1.065033040010958211e+04,3.863396290869022920e+00
1.065033042139990539e+04,3.863396240309931784e+00
1.065033044269022867e+04,3.863396189741813203e+00
1.065033046398055194e+04,3.863396139164652965e+00
1.065033048527087522e+04,3.863396088578454624e+00
1.065033050656120031e+04,3.863396037983214626e+00
1.065033052785152358e+04,3.863395987378943630e+00
1.065033054914184686e+04,3.863395936765638083e+00
1.065033057043217013e+04,3.863395886143290880e+00
1.065033059172249341e+04,3.863395835511909127e+00
1.065033061301281668e+04,3.863395784871496375e+00
1.065033063430313996e+04,3.863395734222041966e+00
1.065033065559346323e+04,3.863395683563563665e+00
1.065033067688378651e+04,3.863395632896036602e+00
1.065033069817411160e+04,3.863395582219478541e+00
1.065033071946443488e+04,3.863395531533889482e+00
1.065033074075475815e+04,3.863395480839272977e+00
1.065033076204508143e+04,3.863395430135618369e+00
1.065033078333540470e+04,3.863395379422929210e+00
1.065033080462572798e+04,3.863395328701212605e+00
1.065033082591605125e+04,3.863395277970465003e+00
1.065033084720637453e+04,3.863395227230689954e+00
1.065033086849669780e+04,3.863395176481873250e+00
1.065033088978702290e+04,3.863395125724029100e+00
1.065033091107734617e+04,3.863395074957161057e+00
1.065033093236766945e+04,3.863395024181258464e+00
1.065033095365799272e+04,3.863394973396335530e+00
1.065033097494831600e+04,3.863394922602374493e+00
1.065033099623863927e+04,3.863394871799386010e+00
1.065033101752896255e+04,3.863394820987373635e+00
1.065033103881928582e+04,3.863394770166330261e+00
1.065033106010960910e+04,3.863394719336259442e+00
1.065033108139993419e+04,3.863394668497164730e+00
1.065033110269025747e+04,3.863394617649042573e+00
1.065033112398058074e+04,3.863394566791889417e+00
1.065033114527090402e+04,3.863394515925723027e+00
1.065033116656122729e+04,3.863394465050522086e+00
1.065033118785155057e+04,3.863394414166304358e+00
1.065033120914187384e+04,3.863394363273052079e+00
1.065033123043219712e+04,3.863394312370783013e+00
1.065033125172252039e+04,3.863394261459490053e+00
1.065033127301284549e+04,3.863394210539169649e+00
1.065033129430316876e+04,3.863394159609825351e+00
1.065033131559349204e+04,3.863394108671457161e+00
1.065033133688381531e+04,3.863394057724075736e+00
1.065033135817413859e+04,3.863394006767670419e+00
1.065033137946446186e+04,3.863393955802241209e+00
1.065033140075478514e+04,3.863393904827795211e+00
1.065033142204510841e+04,3.863393853844325321e+00
1.065033144333543169e+04,3.863393802851838643e+00
1.065033146462575678e+04,3.863393751850324520e+00
1.065033148591608006e+04,3.863393700839797162e+00
1.065033150720640333e+04,3.863393649820253017e+00
1.065033152849672661e+04,3.863393598791692085e+00
1.065033154978704988e+04,3.863393547754103707e+00
1.065033157107737316e+04,3.863393496707505648e+00
1.065033159236769643e+04,3.863393445651890801e+00
1.065033161365801971e+04,3.863393394587255614e+00
1.065033163494834298e+04,3.863393343513607192e+00
1.065033165623866807e+04,3.863393292430938430e+00
1.065033167752899135e+04,3.863393241339259987e+00
1.065033169881931462e+04,3.863393190238561203e+00
1.065033172010963790e+04,3.863393139128845633e+00
1.065033174139996117e+04,3.863393088010123932e+00
1.065033176269028445e+04,3.863393036882385445e+00
1.065033178398060772e+04,3.863392985745630170e+00
1.065033180527093100e+04,3.863392934599865214e+00
1.065033182656125427e+04,3.863392883445083470e+00
1.065033184785157937e+04,3.863392832281292044e+00
1.065033186914190264e+04,3.863392781108487384e+00
1.065033189043222592e+04,3.863392729926673042e+00
1.065033191172254919e+04,3.863392678735849017e+00
1.065033193301287247e+04,3.863392627536004653e+00
1.065033195430319574e+04,3.863392576327164818e+00
1.065033197559351902e+04,3.863392525109308195e+00
1.065033199688384229e+04,3.863392473882438338e+00
1.065033201817416557e+04,3.863392422646565905e+00
1.065033203946449066e+04,3.863392371401676684e+00
1.065033206075481394e+04,3.863392320147784886e+00
1.065033208204513721e+04,3.863392268884883407e+00
1.065033210333546049e+04,3.863392217612972246e+00
1.065033212462578376e+04,3.863392166332058508e+00
1.065033214591610704e+04,3.863392115042135089e+00
1.065033216720643031e+04,3.863392063743209093e+00
1.065033218849675359e+04,3.863392012435276968e+00
1.065033220978707686e+04,3.863391961118335161e+00
1.065033223107740196e+04,3.863391909792387224e+00
1.065033225236772523e+04,3.863391858457436712e+00
1.065033227365804851e+04,3.863391807113487175e+00
1.065033229494837178e+04,3.863391755760527957e+00
1.065033231623869506e+04,3.863391704398562609e+00
1.065033233752901833e+04,3.863391653027601791e+00
1.065033235881934161e+04,3.863391601647634843e+00
1.065033238010966488e+04,3.863391550258665319e+00
1.065033240139998816e+04,3.863391498860693218e+00
1.065033242269031325e+04,3.863391447453718541e+00
1.065033244398063653e+04,3.863391396037741288e+00
1.065033246527095980e+04,3.863391344612772116e+00
1.065033248656128308e+04,3.863391293178793262e+00
1.065033250785160635e+04,3.863391241735818937e+00
1.065033252914192963e+04,3.863391190283845589e+00
1.065033255043225290e+04,3.863391138822873216e+00
1.065033257172257618e+04,3.863391087352901820e+00
1.065033259301289945e+04,3.863391035873927848e+00
1.065033261430322455e+04,3.863390984385961957e+00
1.065033263559354782e+04,3.863390932888993490e+00
1.065033265688387110e+04,3.863390881383029551e+00
1.065033267817419437e+04,3.863390829868070142e+00
1.065033269946451765e+04,3.863390778344115262e+00
1.065033272075484092e+04,3.863390726811164910e+00
1.065033274204516420e+04,3.863390675269215535e+00
1.065033276333548747e+04,3.863390623718274242e+00
1.065033278462581075e+04,3.863390572158341030e+00
1.065033280591613584e+04,3.863390520589405241e+00
1.065033282720645911e+04,3.863390469011481088e+00
1.065033284849678239e+04,3.863390417424557910e+00
1.065033286978710566e+04,3.863390365828649919e+00
1.065033289107742894e+04,3.863390314223746458e+00
1.065033291236775221e+04,3.863390262609851078e+00
1.065033293365807549e+04,3.863390210986960227e+00
1.065033295494839876e+04,3.863390159355081011e+00
1.065033297623872204e+04,3.863390107714209876e+00
1.065033299752904713e+04,3.863390056064350375e+00
1.065033301881937041e+04,3.863390004405498956e+00
1.065033304010969368e+04,3.863389952737655619e+00
1.065033306140001696e+04,3.863389901060827469e+00
1.065033308269034023e+04,3.863389849375003848e+00
1.065033310398066351e+04,3.863389797680198967e+00
1.065033312527098678e+04,3.863389745976402168e+00
1.065033314656131006e+04,3.863389694263620555e+00
1.065033316785163333e+04,3.863389642541847024e+00
1.065033318914195843e+04,3.863389590811088681e+00
1.065033321043228170e+04,3.863389539071341972e+00
1.065033323172260498e+04,3.863389487322610449e+00
1.065033325301292825e+04,3.863389435564890562e+00
1.065033327430325153e+04,3.863389383798192966e+00
1.065033329559357480e+04,3.863389332022510558e+00
1.065033331688389808e+04,3.863389280237836232e+00
1.065033333817422135e+04,3.863389228444177093e+00
1.065033335946454463e+04,3.863389176641540246e+00
1.065033338075486972e+04,3.863389124829911481e+00
1.065033340204519300e+04,3.863389073009305008e+00
1.065033342333551627e+04,3.863389021179717275e+00
1.065033344462583955e+04,3.863388969341148282e+00
1.065033346591616282e+04,3.863388917493598029e+00
1.065033348720648610e+04,3.863388865637059411e+00
1.065033350849680937e+04,3.863388813771546637e+00
1.065033352978713265e+04,3.863388761897052603e+00
1.065033355107745592e+04,3.863388710013580862e+00
1.065033357236778102e+04,3.863388658121120756e+00
1.065033359365810429e+04,3.863388606219690047e+00
1.065033361494842757e+04,3.863388554309274525e+00
1.065033363623875084e+04,3.863388502389884849e+00
1.065033365752907412e+04,3.863388450461513912e+00
1.065033367881939739e+04,3.863388398524168821e+00
1.065033370010972067e+04,3.863388346577846022e+00
1.065033372140004394e+04,3.863388294622545516e+00
1.065033374269036722e+04,3.863388242658270855e+00
1.065033376398069231e+04,3.863388190685007828e+00
1.065033378527101559e+04,3.863388138702784858e+00
1.065033380656133886e+04,3.863388086711577074e+00
1.065033382785166214e+04,3.863388034711395136e+00
1.065033384914198541e+04,3.863387982702246148e+00
1.065033387043230869e+04,3.863387930684119453e+00
1.065033389172263196e+04,3.863387878657025709e+00
1.065033391301295524e+04,3.863387826620947152e+00
1.065033393430327851e+04,3.863387774575897993e+00
1.065033395559360360e+04,3.863387722521878231e+00
1.065033397688392688e+04,3.863387670458887868e+00
1.065033399817425015e+04,3.863387618386923350e+00
1.065033401946457343e+04,3.863387566305991783e+00
1.065033404075489671e+04,3.863387514216089613e+00
1.065033406204521998e+04,3.863387462117213289e+00
1.065033408333554326e+04,3.863387410009366363e+00
1.065033410462586653e+04,3.863387357892555940e+00
1.065033412591618981e+04,3.863387305766774915e+00
1.065033414720651490e+04,3.863387253632016183e+00
1.065033416849683817e+04,3.863387201488297507e+00
1.065033418978716145e+04,3.863387149335608228e+00
1.065033421107748472e+04,3.863387097173951901e+00
1.065033423236780800e+04,3.863387045003328524e+00
1.065033425365813127e+04,3.863386992823741650e+00
1.065033427494845455e+04,3.863386940635184175e+00
1.065033429623877782e+04,3.863386888437666755e+00
1.065033431752910110e+04,3.863386836231182286e+00
1.065033433881942619e+04,3.863386784015723663e+00
1.065033436010974947e+04,3.863386731791312201e+00
1.065033438140007274e+04,3.863386679557926584e+00
1.065033440269039602e+04,3.863386627315584576e+00
1.065033442398071929e+04,3.863386575064279072e+00
1.065033444527104257e+04,3.863386522804006518e+00
1.065033446656136584e+04,3.863386470534777573e+00
1.065033448785168912e+04,3.863386418256585131e+00
1.065033450914201239e+04,3.863386365969425640e+00
1.065033453043233749e+04,3.863386313673302652e+00
1.065033455172266076e+04,3.863386261368223273e+00
1.065033457301298404e+04,3.863386209054183951e+00
1.065033459430330731e+04,3.863386156731184684e+00
1.065033461559363059e+04,3.863386104399225474e+00
1.065033463688395386e+04,3.863386052058306319e+00
1.065033465817427714e+04,3.863385999708430774e+00
1.065033467946460041e+04,3.863385947349595284e+00
1.065033470075492369e+04,3.863385894981803403e+00
1.065033472204524878e+04,3.863385842605048026e+00
1.065033474333557206e+04,3.863385790219336258e+00
1.065033476462589533e+04,3.863385737824671651e+00
1.065033478591621861e+04,3.863385685421050653e+00
1.065033480720654188e+04,3.863385633008473263e+00
1.065033482849686516e+04,3.863385580586939483e+00
1.065033484978718843e+04,3.863385528156452864e+00
1.065033487107751171e+04,3.863385475717009854e+00
1.065033489236783498e+04,3.863385423268614005e+00
1.065033491365816008e+04,3.863385370811254660e+00
1.065033493494848335e+04,3.863385318344949582e+00
1.065033495623880663e+04,3.863385265869691665e+00
1.065033497752912990e+04,3.863385213385484462e+00
1.065033499881945318e+04,3.863385160892320869e+00
1.065033502010977645e+04,3.863385108390204437e+00
1.065033504140009973e+04,3.863385055879135166e+00
1.065033506269042300e+04,3.863385003359120162e+00
1.065033508398074628e+04,3.863384950830152320e+00
1.065033510527107137e+04,3.863384898292231640e+00
1.065033512656139465e+04,3.863384845745361673e+00
1.065033514785171792e+04,3.863384793189542421e+00
1.065033516914204120e+04,3.863384740624780989e+00
1.065033519043236447e+04,3.863384688051066718e+00
1.065033521172268775e+04,3.863384635468399608e+00
1.065033523301301102e+04,3.863384582876790319e+00
1.065033525430333430e+04,3.863384530276228190e+00
1.065033527559365757e+04,3.863384477666723882e+00
1.065033529688398266e+04,3.863384425048270288e+00
1.065033531817430594e+04,3.863384372420870960e+00
1.065033533946462921e+04,3.863384319784525900e+00
1.065033536075495249e+04,3.863384267139238659e+00
1.065033538204527576e+04,3.863384214485005685e+00
1.065033540333559904e+04,3.863384161821823426e+00
1.065033542462592231e+04,3.863384109149702539e+00
1.065033544591624559e+04,3.863384056468639471e+00
1.065033546720656886e+04,3.863384003778630671e+00
1.065033548849689396e+04,3.863383951079672585e+00
1.065033550978721723e+04,3.863383898371775871e+00
1.065033553107754051e+04,3.863383845654944082e+00
1.065033555236786378e+04,3.863383792929163008e+00
1.065033557365818706e+04,3.863383740194446858e+00
1.065033559494851033e+04,3.863383687450784976e+00
1.065033561623883361e+04,3.863383634698180913e+00
1.065033563752915688e+04,3.863383581936645328e+00
1.065033565881948016e+04,3.863383529166164010e+00
1.065033568010980525e+04,3.863383476386740512e+00
1.065033570140012853e+04,3.863383423598385491e+00
1.065033572269045180e+04,3.863383370801088290e+00
1.065033574398077508e+04,3.863383317994852462e+00
1.065033576527109835e+04,3.863383265179685111e+00
1.065033578656142163e+04,3.863383212355575580e+00
1.065033580785174490e+04,3.863383159522530974e+00
1.065033582914206818e+04,3.863383106680547741e+00
1.065033585043239145e+04,3.863383053829632985e+00
1.065033587172271655e+04,3.863383000969779602e+00
1.065033589301303982e+04,3.863382948100987591e+00
1.065033591430336310e+04,3.863382895223264057e+00
1.065033593559368637e+04,3.863382842336609002e+00
1.065033595688400965e+04,3.863382789441022425e+00
1.065033597817433292e+04,3.863382736536500772e+00
1.065033599946465620e+04,3.863382683623047598e+00
1.065033602075497947e+04,3.863382630700655795e+00
1.065033604204530275e+04,3.863382577769332471e+00
1.065033606333562784e+04,3.863382524829081177e+00
1.065033608462595112e+04,3.863382471879898361e+00
1.065033610591627439e+04,3.863382418921784023e+00
1.065033612720659767e+04,3.863382365954738162e+00
1.065033614849692094e+04,3.863382312978764332e+00
1.065033616978724422e+04,3.863382259993858980e+00
1.065033619107756749e+04,3.863382207000025659e+00
1.065033621236789077e+04,3.863382153997267920e+00
1.065033623365821404e+04,3.863382100985575107e+00
1.065033625494853914e+04,3.863382047964950772e+00
1.065033627623886241e+04,3.863381994935405572e+00
1.065033629752918569e+04,3.863381941896932403e+00
1.065033631881950896e+04,3.863381888849534818e+00
1.065033634010983224e+04,3.863381835793209262e+00
1.065033636140015551e+04,3.863381782727959290e+00
1.065033638269047879e+04,3.863381729653781349e+00
1.065033640398080206e+04,3.863381676570678991e+00
1.065033642527112534e+04,3.863381623478655769e+00
1.065033644656145043e+04,3.863381570377697471e+00
1.065033646785177370e+04,3.863381517267821863e+00
1.065033648914209698e+04,3.863381464149025390e+00
1.065033651043242025e+04,3.863381411021304501e+00
1.065033653172274353e+04,3.863381357884659195e+00
1.065033655301306680e+04,3.863381304739096578e+00
1.065033657430339008e+04,3.863381251584609544e+00
1.065033659559371335e+04,3.863381198421201645e+00
1.065033661688403663e+04,3.863381145248876436e+00
1.065033663817436172e+04,3.863381092067619704e+00
1.065033665946468500e+04,3.863381038877449214e+00
1.065033668075500827e+04,3.863380985678361412e+00
1.065033670204533155e+04,3.863380932470352747e+00
1.065033672333565482e+04,3.863380879253423217e+00
1.065033674462597810e+04,3.863380826027579928e+00
1.065033676591630137e+04,3.863380772792815776e+00
1.065033678720662465e+04,3.863380719549137865e+00
1.065033680849694792e+04,3.863380666296542643e+00
1.065033682978727302e+04,3.863380613035023003e+00
1.065033685107759629e+04,3.863380559764586053e+00
1.065033687236791957e+04,3.863380506485242449e+00
1.065033689365824284e+04,3.863380453196977982e+00
1.065033691494856612e+04,3.863380399899806861e+00
1.065033693623888939e+04,3.863380346593711323e+00
1.065033695752921267e+04,3.863380293278705579e+00
1.065033697881953594e+04,3.863380239954789630e+00
1.065033700010985922e+04,3.863380186621952816e+00
1.065033702140018431e+04,3.863380133280202244e+00
1.065033704269050759e+04,3.863380079929548572e+00
1.065033706398083086e+04,3.863380026569974035e+00
1.065033708527115414e+04,3.863379973201492845e+00
1.065033710656147741e+04,3.863379919824101449e+00
1.065033712785180069e+04,3.863379866437796295e+00
1.065033714914212396e+04,3.863379813042580935e+00
1.065033717043244724e+04,3.863379759638455369e+00
1.065033719172277051e+04,3.863379706225419596e+00
1.065033721301309561e+04,3.863379652803473618e+00
1.065033723430341888e+04,3.863379599372620987e+00
1.065033725559374216e+04,3.863379545932861703e+00
1.065033727688406543e+04,3.863379492484195765e+00
1.065033729817438871e+04,3.863379439026623174e+00
1.065033731946471198e+04,3.863379385560136825e+00
1.065033734075503526e+04,3.863379332084747375e+00
1.065033736204535853e+04,3.863379278600451272e+00
1.065033738333568181e+04,3.863379225107252068e+00
1.065033740462600690e+04,3.863379171605139106e+00
1.065033742591633018e+04,3.863379118094130149e+00
1.065033744720665345e+04,3.863379064574210986e+00
1.065033746849697673e+04,3.863379011045392275e+00
1.065033748978730000e+04,3.863378957507666911e+00
1.065033751107762328e+04,3.863378903961041999e+00
1.065033753236794655e+04,3.863378850405513987e+00
1.065033755365826983e+04,3.863378796841072216e+00
1.065033757494859310e+04,3.863378743267741555e+00
1.065033759623891820e+04,3.863378689685504241e+00
1.065033761752924147e+04,3.863378636094360274e+00
1.065033763881956475e+04,3.863378582494323865e+00
1.065033766010988802e+04,3.863378528885387908e+00
1.065033768140021130e+04,3.863378475267548851e+00
1.065033770269053457e+04,3.863378421640813798e+00
1.065033772398085785e+04,3.863378368005175645e+00
1.065033774527118112e+04,3.863378314360637944e+00
1.065033776656150440e+04,3.863378260707204248e+00
1.065033778785182949e+04,3.863378207044867452e+00
1.065033780914215276e+04,3.863378153373638213e+00
1.065033783043247604e+04,3.863378099693516532e+00
1.065033785172279931e+04,3.863378046004488198e+00
1.065033787301312259e+04,3.863377992306570974e+00
1.065033789430344586e+04,3.863377938599754202e+00
1.065033791559376914e+04,3.863377884884048541e+00
1.065033793688409241e+04,3.863377831159439779e+00
1.065033795817441569e+04,3.863377777425942128e+00
1.065033797946473896e+04,3.863377723683548481e+00
1.065033800075506406e+04,3.863377669932258840e+00
1.065033802204538733e+04,3.863377616172073203e+00
1.065033804333571061e+04,3.863377562403005783e+00
1.065033806462603388e+04,3.863377508625035262e+00
1.065033808591635716e+04,3.863377454838182956e+00
1.065033810720668043e+04,3.863377401042431103e+00
1.065033812849700371e+04,3.863377347237790360e+00
1.065033814978732698e+04,3.863377293424260728e+00
1.065033817107765026e+04,3.863377239601842206e+00
1.065033819236797535e+04,3.863377185770527689e+00
1.065033821365829863e+04,3.863377131930327835e+00
1.065033823494862190e+04,3.863377078081239091e+00
1.065033825623894518e+04,3.863377024223261458e+00
1.065033827752926845e+04,3.863376970356394935e+00
1.065033829881959173e+04,3.863376916480643075e+00
1.065033832010991500e+04,3.863376862596002326e+00
1.065033834140023828e+04,3.863376808702472687e+00
1.065033836269056155e+04,3.863376754800057711e+00
1.065033838398088665e+04,3.863376700888753845e+00
1.065033840527120992e+04,3.863376646968568195e+00
1.065033842656153320e+04,3.863376593039497209e+00
1.065033844785185647e+04,3.863376539101537332e+00
1.065033846914217975e+04,3.863376485154702777e+00
1.065033849043250302e+04,3.863376431198975780e+00
1.065033851172282630e+04,3.863376377234366998e+00
1.065033853301314957e+04,3.863376323260879985e+00
1.065033855430347285e+04,3.863376269278507635e+00
1.065033857559379794e+04,3.863376215287242843e+00
1.065033859688412122e+04,3.863376161287106925e+00
1.065033861817444449e+04,3.863376107278089222e+00
1.065033863946476777e+04,3.863376053260189735e+00
1.065033866075509104e+04,3.863375999233412017e+00
1.065033868204541432e+04,3.863375945197752515e+00
1.065033870333573759e+04,3.863375891153207675e+00
1.065033872462606087e+04,3.863375837099791710e+00
1.065033874591638414e+04,3.863375783037493960e+00
1.065033876720670924e+04,3.863375728966314426e+00
1.065033878849703251e+04,3.863375674886256661e+00
1.065033880978735579e+04,3.863375620797327770e+00
1.065033883107767906e+04,3.863375566699524200e+00
1.065033885236800234e+04,3.863375512592828187e+00
1.065033887365832561e+04,3.863375458477271707e+00
1.065033889494864889e+04,3.863375404352833442e+00
1.065033891623897216e+04,3.863375350219520499e+00
1.065033893752929544e+04,3.863375296077329324e+00
1.065033895881962053e+04,3.863375241926267023e+00
1.065033898010994380e+04,3.863375187766326491e+00
1.065033900140026708e+04,3.863375133597521938e+00
1.065033902269059035e+04,3.863375079419832048e+00
1.065033904398091363e+04,3.863375025233278137e+00
1.065033906527123690e+04,3.863374971037842442e+00
1.065033908656156018e+04,3.863374916833539174e+00
1.065033910785188345e+04,3.863374862620371886e+00
1.065033912914220673e+04,3.863374808398326365e+00
1.065033915043253182e+04,3.863374754167409719e+00
1.065033917172285510e+04,3.863374699927621947e+00
1.065033919301317837e+04,3.863374645678966601e+00
1.065033921430350165e+04,3.863374591421440130e+00
1.065033923559382492e+04,3.863374537155053190e+00
1.065033925688414820e+04,3.863374482879788019e+00
1.065033927817447147e+04,3.863374428595655274e+00
1.065033929946479475e+04,3.863374374302654957e+00
1.065033932075511802e+04,3.863374320000790618e+00
1.065033934204544312e+04,3.863374265690055154e+00
1.065033936333576639e+04,3.863374211370452116e+00
1.065033938462608967e+04,3.863374157041985058e+00
1.065033940591641294e+04,3.863374102704657531e+00
1.065033942720673622e+04,3.863374048358455326e+00
1.065033944849705949e+04,3.863373994003403311e+00
1.065033946978738277e+04,3.863373939639473065e+00
1.065033949107770604e+04,3.863373885266685903e+00
1.065033951236802932e+04,3.863373830885031168e+00
1.065033953365835441e+04,3.863373776494508860e+00
1.065033955494867769e+04,3.863373722095129637e+00
1.065033957623900096e+04,3.863373667686889945e+00
1.065033959752932424e+04,3.863373613269786233e+00
1.065033961881964751e+04,3.863373558843825606e+00
1.065033964010997079e+04,3.863373504408997405e+00
1.065033966140029406e+04,3.863373449965308737e+00
1.065033968269061734e+04,3.863373395512766706e+00
1.065033970398094061e+04,3.863373341051360654e+00
1.065033972527126571e+04,3.863373286581087029e+00
1.065033974656158898e+04,3.863373232101963595e+00
1.065033976785191226e+04,3.863373177613979692e+00
1.065033978914223553e+04,3.863373123117138874e+00
1.065033981043255881e+04,3.863373068611441141e+00
1.065033983172288208e+04,3.863373014096886493e+00
1.065033985301320536e+04,3.863372959573474930e+00
1.065033987430352863e+04,3.863372905041210004e+00
1.065033989559385191e+04,3.863372850500084610e+00
1.065033991688417700e+04,3.863372795950102301e+00
1.065033993817450028e+04,3.863372741391270182e+00
1.065033995946482355e+04,3.863372686823577595e+00
1.065033998075514683e+04,3.863372632247035199e+00
1.065034000204547010e+04,3.863372577661639440e+00
1.065034002333579338e+04,3.863372523067390318e+00
1.065034004462611665e+04,3.863372468464287834e+00
1.065034006591643993e+04,3.863372413852328435e+00
1.065034008720676320e+04,3.863372359231526332e+00
1.065034010849708829e+04,3.863372304601856655e+00
1.065034012978741157e+04,3.863372249963344274e+00
1.065034015107773484e+04,3.863372195315985635e+00
1.065034017236805812e+04,3.863372140659777187e+00
1.065034019365838139e+04,3.863372085994718930e+00
1.065034021494870467e+04,3.863372031320803757e+00
1.065034023623902794e+04,3.863371976638045879e+00
1.065034025752935122e+04,3.863371921946438192e+00
1.065034027881967450e+04,3.863371867245984248e+00
1.065034030010999959e+04,3.863371812536669836e+00
1.065034032140032286e+04,3.863371757818519825e+00
1.065034034269064614e+04,3.863371703091523557e+00
1.065034036398096941e+04,3.863371648355677479e+00
1.065034038527129269e+04,3.863371593610992250e+00
1.065034040656161596e+04,3.863371538857450105e+00
1.065034042785193924e+04,3.863371484095075914e+00
1.065034044914226251e+04,3.863371429323844808e+00
1.065034047043258579e+04,3.863371374543778103e+00
1.065034049172291088e+04,3.863371319754858035e+00
1.065034051301323416e+04,3.863371264957102369e+00
1.065034053430355743e+04,3.863371210150500445e+00
1.065034055559388071e+04,3.863371155335059370e+00
1.065034057688420398e+04,3.863371100510772038e+00
1.065034059817452726e+04,3.863371045677649107e+00
1.065034061946485053e+04,3.863370990835679919e+00
1.065034064075517381e+04,3.863370935984868026e+00
1.065034066204549708e+04,3.863370881125220535e+00
1.065034068333582218e+04,3.863370826256730339e+00
1.065034070462614545e+04,3.863370771379400992e+00
1.065034072591646873e+04,3.863370716493228940e+00
1.065034074720679200e+04,3.863370661598221290e+00
1.065034076849711528e+04,3.863370606694378040e+00
1.065034078978743855e+04,3.863370551781692086e+00
1.065034081107776183e+04,3.863370496860174086e+00
1.065034083236808510e+04,3.863370441929816934e+00
1.065034085365840838e+04,3.863370386990624183e+00
1.065034087494873347e+04,3.863370332042585176e+00
1.065034089623905675e+04,3.863370277085721227e+00
1.065034091752938002e+04,3.863370222120021680e+00
1.065034093881970330e+04,3.863370167145490086e+00
1.065034096011002657e+04,3.863370112162115788e+00
1.065034098140034985e+04,3.863370057169912997e+00
1.065034100269067312e+04,3.863370002168874606e+00
1.065034102398099640e+04,3.863369947159004170e+00
1.065034104527131967e+04,3.863369892140301687e+00
1.065034106656164477e+04,3.863369837112756500e+00
1.065034108785196804e+04,3.863369782076393477e+00
1.065034110914229132e+04,3.863369727031198408e+00
1.065034113043261459e+04,3.863369671977171294e+00
1.065034115172293787e+04,3.863369616914305027e+00
1.065034117301326114e+04,3.863369561842613820e+00
1.065034119430358442e+04,3.863369506762094119e+00
1.065034121559390769e+04,3.863369451672745924e+00
1.065034123688423097e+04,3.863369396574565684e+00
1.065034125817455606e+04,3.863369341467556950e+00
1.065034127946487934e+04,3.863369286351723275e+00
1.065034130075520261e+04,3.863369231227064660e+00
1.065034132204552589e+04,3.863369176093573998e+00
1.065034134333584916e+04,3.863369120951258395e+00
1.065034136462617244e+04,3.863369065800114299e+00
1.065034138591649571e+04,3.863369010640148815e+00
1.065034140720681899e+04,3.863368955471358390e+00
1.065034142849714226e+04,3.863368900293735919e+00
1.065034144978746735e+04,3.863368845107292060e+00
1.065034147107779063e+04,3.863368789912026813e+00
1.065034149236811390e+04,3.863368734707940177e+00
1.065034151365843718e+04,3.863368679495025049e+00
1.065034153494876045e+04,3.863368624273292085e+00
1.065034155623908373e+04,3.863368569042730627e+00
1.065034157752940700e+04,3.863368513803354887e+00
1.065034159881973028e+04,3.863368458555150653e+00
1.065034162011005355e+04,3.863368403298132137e+00
1.065034164140037865e+04,3.863368348032281574e+00
1.065034166269070192e+04,3.863368292757620281e+00
1.065034168398102520e+04,3.863368237474137601e+00
1.065034170527134847e+04,3.863368182181833532e+00
1.065034172656167175e+04,3.863368126880715181e+00
1.065034174785199502e+04,3.863368071570775442e+00
1.065034176914231830e+04,3.863368016252017867e+00
1.065034179043264157e+04,3.863367960924442457e+00
1.065034181172296485e+04,3.863367905588056317e+00
1.065034183301328994e+04,3.863367850242841683e+00
1.065034185430361322e+04,3.863367794888816320e+00
1.065034187559393649e+04,3.863367739525976674e+00
1.065034189688425977e+04,3.863367684154319193e+00
1.065034191817458304e+04,3.863367628773850981e+00
1.065034193946490632e+04,3.863367573384568487e+00
1.065034196075522959e+04,3.863367517986468158e+00
1.065034198204555287e+04,3.863367462579557099e+00
1.065034200333587614e+04,3.863367407163828204e+00
1.065034202462620124e+04,3.863367351739285027e+00
1.065034204591652451e+04,3.863367296305931120e+00
1.065034206720684779e+04,3.863367240863773588e+00
1.065034208849717106e+04,3.863367185412794669e+00
1.065034210978749434e+04,3.863367129953012125e+00
1.065034213107781761e+04,3.863367074484418850e+00
1.065034215236814089e+04,3.863367019007014846e+00
1.065034217365846416e+04,3.863366963520793007e+00
1.065034219494878744e+04,3.863366908025774649e+00
1.065034221623911253e+04,3.863366852521938455e+00
1.065034223752943581e+04,3.863366797009291531e+00
1.065034225881975908e+04,3.863366741487840983e+00
1.065034228011008236e+04,3.863366685957583258e+00
1.065034230140040563e+04,3.863366630418518355e+00
1.065034232269072891e+04,3.863366574870653380e+00
1.065034234398105218e+04,3.863366519313970571e+00
1.065034236527137546e+04,3.863366463748487689e+00
1.065034238656169873e+04,3.863366408174197630e+00
1.065034240785202383e+04,3.863366352591096842e+00
1.065034242914234710e+04,3.863366296999203087e+00
1.065034245043267038e+04,3.863366241398502154e+00
1.065034247172299365e+04,3.863366185788994045e+00
1.065034249301331693e+04,3.863366130170685864e+00
1.065034251430364020e+04,3.863366074543570505e+00
1.065034253559396348e+04,3.863366018907658628e+00
1.065034255688428675e+04,3.863365963262946678e+00
1.065034257817461003e+04,3.863365907609431105e+00
1.065034259946493512e+04,3.863365851947104801e+00
1.065034262075525839e+04,3.863365796275989084e+00
1.065034264204558167e+04,3.863365740596069742e+00
1.065034266333590494e+04,3.863365684907350328e+00
1.065034268462622822e+04,3.863365629209834395e+00
1.065034270591655149e+04,3.863365573503518391e+00
1.065034272720687477e+04,3.863365517788398762e+00
1.065034274849719804e+04,3.863365462064482614e+00
1.065034276978752132e+04,3.863365406331777052e+00
1.065034279107784641e+04,3.863365350590267866e+00
1.065034281236816969e+04,3.863365294839962161e+00
1.065034283365849296e+04,3.863365239080863489e+00
1.065034285494881624e+04,3.863365183312964746e+00
1.065034287623913951e+04,3.863365127536276589e+00
1.065034289752946279e+04,3.863365071750788360e+00
1.065034291881978606e+04,3.863365015956507165e+00
1.065034294011010934e+04,3.863364960153429450e+00
1.065034296140043261e+04,3.863364904341565875e+00
1.065034298269075771e+04,3.863364848520898676e+00
1.065034300398108098e+04,3.863364792691445615e+00
1.065034302527140426e+04,3.863364736853203141e+00
1.065034304656172753e+04,3.863364681006160595e+00
1.065034306785205081e+04,3.863364625150335740e+00
1.065034308914237408e+04,3.863364569285710814e+00
1.065034311043269736e+04,3.863364513412303580e+00
1.065034313172302063e+04,3.863364457530099827e+00
1.065034315301334391e+04,3.863364401639110213e+00
1.065034317430366900e+04,3.863364345739324079e+00
1.065034319559399228e+04,3.863364289830755638e+00
1.065034321688431555e+04,3.863364233913404888e+00
1.065034323817463883e+04,3.863364177987254067e+00
1.065034325946496210e+04,3.863364122052320937e+00
1.065034328075528538e+04,3.863364066108609052e+00
1.065034330204560865e+04,3.863364010156097095e+00
1.065034332333593193e+04,3.863363954194806382e+00
1.065034334462625520e+04,3.863363898224729809e+00
1.065034336591658030e+04,3.863363842245863822e+00
1.065034338720690357e+04,3.863363786258215526e+00
1.065034340849722685e+04,3.863363730261784923e+00
1.065034342978755012e+04,3.863363674256572011e+00
1.065034345107787340e+04,3.863363618242573239e+00
1.065034347236819667e+04,3.863363562219788605e+00
1.065034349365851995e+04,3.863363506188225216e+00
1.065034351494884322e+04,3.863363450147875966e+00
1.065034353623916650e+04,3.863363394098747960e+00
1.065034355752949159e+04,3.863363338040834094e+00
1.065034357881981487e+04,3.863363281974145025e+00
1.065034360011013814e+04,3.863363225898673647e+00
1.065034362140046142e+04,3.863363169814423514e+00
1.065034364269078469e+04,3.863363113721391073e+00
1.065034366398110797e+04,3.863363057619583429e+00
1.065034368527143124e+04,3.863363001508989925e+00
1.065034370656175452e+04,3.863362945389628322e+00
1.065034372785207779e+04,3.863362889261480859e+00
1.065034374914240288e+04,3.863362833124554641e+00
1.065034377043272616e+04,3.863362776978856772e+00
1.065034379172304943e+04,3.863362720824387253e+00
1.065034381301337271e+04,3.863362664661135426e+00
1.065034383430369598e+04,3.863362608489108396e+00
1.065034385559401926e+04,3.863362552308306164e+00
1.065034387688434254e+04,3.863362496118728728e+00
1.065034389817466581e+04,3.863362439920376090e+00
1.065034391946498909e+04,3.863362383713255355e+00
1.065034394075531418e+04,3.863362327497352311e+00
1.065034396204563745e+04,3.863362271272681170e+00
1.065034398333596073e+04,3.863362215039238379e+00
1.065034400462628400e+04,3.863362158797027490e+00
1.065034402591660728e+04,3.863362102546041399e+00
1.065034404720693055e+04,3.863362046286283658e+00
1.065034406849725383e+04,3.863361990017750713e+00
1.065034408978757710e+04,3.863361933740453225e+00
1.065034411107790038e+04,3.863361877454387638e+00
1.065034413236822547e+04,3.863361821159543297e+00
1.065034415365854875e+04,3.863361764855930858e+00
1.065034417494887202e+04,3.863361708543560979e+00
1.065034419623919530e+04,3.863361652222419451e+00
1.065034421752951857e+04,3.863361595892506273e+00
1.065034423881984185e+04,3.863361539553828550e+00
1.065034426011016512e+04,3.863361483206386282e+00
1.065034428140048840e+04,3.863361426850175917e+00
1.065034430269081167e+04,3.863361370485197455e+00
1.065034432398113677e+04,3.863361314111447342e+00
1.065034434527146004e+04,3.863361257728939790e+00
1.065034436656178332e+04,3.863361201337671247e+00
1.065034438785210659e+04,3.863361144937631053e+00
1.065034440914242987e+04,3.863361088528829868e+00
1.065034443043275314e+04,3.863361032111271243e+00
1.065034445172307642e+04,3.863360975684948073e+00
1.065034447301339969e+04,3.863360919249860359e+00
1.065034449430372297e+04,3.863360862806011653e+00
1.065034451559404806e+04,3.863360806353394850e+00
1.065034453688437134e+04,3.863360749892027712e+00
1.065034455817469461e+04,3.863360693421888925e+00
1.065034457946501789e+04,3.863360636942999804e+00
1.065034460075534116e+04,3.863360580455342586e+00
1.065034462204566444e+04,3.863360523958935033e+00
1.065034464333598771e+04,3.863360467453762936e+00
1.065034466462631099e+04,3.863360410939836953e+00
1.065034468591663426e+04,3.863360354417149978e+00
1.065034470720695936e+04,3.863360297885702010e+00
1.065034472849728263e+04,3.863360241345503709e+00
1.065034474978760591e+04,3.863360184796544416e+00
1.065034477107792918e+04,3.863360128238831237e+00
1.065034479236825246e+04,3.863360071672364171e+00
1.065034481365857573e+04,3.863360015097139666e+00
1.065034483494889901e+04,3.863359958513157721e+00
1.065034485623922228e+04,3.863359901920428996e+00
1.065034487752954556e+04,3.863359845318935726e+00
1.065034489881987065e+04,3.863359788708688569e+00
1.065034492011019393e+04,3.863359732089694631e+00
1.065034494140051720e+04,3.863359675461950360e+00
1.065034496269084048e+04,3.863359618825452202e+00
1.065034498398116375e+04,3.863359562180203710e+00
1.065034500527148703e+04,3.863359505526201332e+00
1.065034502656181030e+04,3.863359448863445067e+00
1.065034504785213358e+04,3.863359392191949127e+00
1.065034506914245685e+04,3.863359335511695747e+00
1.065034509043278194e+04,3.863359278822688481e+00
1.065034511172310522e+04,3.863359222124937986e+00
1.065034513301342849e+04,3.863359165418444263e+00
1.065034515430375177e+04,3.863359108703189548e+00
1.065034517559407504e+04,3.863359051979198711e+00
1.065034519688439832e+04,3.863358995246453986e+00
1.065034521817472159e+04,3.863358938504966034e+00
1.065034523946504487e+04,3.863358881754731300e+00
1.065034526075536814e+04,3.863358824995753338e+00
1.065034528204569324e+04,3.863358768228017937e+00
1.065034530333601651e+04,3.863358711451546412e+00
1.065034532462633979e+04,3.863358654666331660e+00
1.065034534591666306e+04,3.863358597872373679e+00
1.065034536720698634e+04,3.863358541069665364e+00
1.065034538849730961e+04,3.863358484258220926e+00
1.065034540978763289e+04,3.863358427438033260e+00
1.065034543107795616e+04,3.863358370609102366e+00
1.065034545236827944e+04,3.863358313771424690e+00
1.065034547365860453e+04,3.863358256925007339e+00
1.065034549494892781e+04,3.863358200069850312e+00
1.065034551623925108e+04,3.863358143205950057e+00
1.065034553752957436e+04,3.863358086333317232e+00
1.065034555881989763e+04,3.863358029451937625e+00
1.065034558011022091e+04,3.863357972561825449e+00
1.065034560140054418e+04,3.863357915662966491e+00
1.065034562269086746e+04,3.863357858755374963e+00
1.065034564398119073e+04,3.863357801839047312e+00
1.065034566527151583e+04,3.863357744913972880e+00
1.065034568656183910e+04,3.863357687980169430e+00
1.065034570785216238e+04,3.863357631037626305e+00
1.065034572914248565e+04,3.863357574086350610e+00
1.065034575043280893e+04,3.863357517126335239e+00
1.065034577172313220e+04,3.863357460157590850e+00
1.065034579301345548e+04,3.863357403180103233e+00
1.065034581430377875e+04,3.863357346193886599e+00
1.065034583559410203e+04,3.863357289198940947e+00
1.065034585688442712e+04,3.863357232195248514e+00
1.065034587817475040e+04,3.863357175182830616e+00
1.065034589946507367e+04,3.863357118161680148e+00
1.065034592075539695e+04,3.863357061131797110e+00
1.065034594204572022e+04,3.863357004093185054e+00
1.065034596333604350e+04,3.863356947045840428e+00
1.065034598462636677e+04,3.863356889989763232e+00
1.065034600591669005e+04,3.863356832924957018e+00
1.065034602720701332e+04,3.863356775851425340e+00
1.065034604849733842e+04,3.863356718769153986e+00
1.065034606978766169e+04,3.863356661678157167e+00
1.065034609107798497e+04,3.863356604578438436e+00
1.065034611236830824e+04,3.863356547469987134e+00
1.065034613365863152e+04,3.863356490352810368e+00
1.065034615494895479e+04,3.863356433226904585e+00
1.065034617623927807e+04,3.863356376092273337e+00
1.065034619752960134e+04,3.863356318948916623e+00
1.065034621881992462e+04,3.863356261796830893e+00
1.065034624011024971e+04,3.863356204636019697e+00
1.065034626140057298e+04,3.863356147466483037e+00
1.065034628269089626e+04,3.863356090288228017e+00
1.065034630398121953e+04,3.863356033101247533e+00
1.065034632527154281e+04,3.863355975905538031e+00
1.065034634656186608e+04,3.863355918701113723e+00
1.065034636785218936e+04,3.863355861487963949e+00
1.065034638914251263e+04,3.863355804266088711e+00
1.065034641043283591e+04,3.863355747035495114e+00
1.065034643172316100e+04,3.863355689796172499e+00
1.065034645301348428e+04,3.863355632548135077e+00
1.065034647430380755e+04,3.863355575291379296e+00
1.065034649559413083e+04,3.863355518025901603e+00
1.065034651688445410e+04,3.863355460751701997e+00
1.065034653817477738e+04,3.863355403468784033e+00
1.065034655946510065e+04,3.863355346177147709e+00
1.065034658075542393e+04,3.863355288876800131e+00
1.065034660204574720e+04,3.863355231567727088e+00
1.065034662333607230e+04,3.863355174249939239e+00
1.065034664462639557e+04,3.863355116923436583e+00
1.065034666591671885e+04,3.863355059588208462e+00
1.065034668720704212e+04,3.863355002244276193e+00
1.065034670849736540e+04,3.863354944891622011e+00
1.065034672978768867e+04,3.863354887530260129e+00
1.065034675107801195e+04,3.863354830160172781e+00
1.065034677236833522e+04,3.863354772781377733e+00
1.065034679365865850e+04,3.863354715393871430e+00
1.065034681494898359e+04,3.863354657997643216e+00
1.065034683623930687e+04,3.863354600592710852e+00
1.065034685752963014e+04,3.863354543179060130e+00
1.065034687881995342e+04,3.863354485756701706e+00
1.065034690011027669e+04,3.863354428325628476e+00
1.065034692140059997e+04,3.863354370885847544e+00
1.065034694269092324e+04,3.863354313437358911e+00
1.065034696398124652e+04,3.863354255980155472e+00
1.065034698527156979e+04,3.863354198514240778e+00
1.065034700656189489e+04,3.863354141039618384e+00
1.065034702785221816e+04,3.863354083556284735e+00
1.065034704914254144e+04,3.863354026064250490e+00
1.065034707043286471e+04,3.863353968563504992e+00
1.065034709172318799e+04,3.863353911054051792e+00
1.065034711301351126e+04,3.863353853535890892e+00
1.065034713430383454e+04,3.863353796009025842e+00
1.065034715559415781e+04,3.863353738473453092e+00
1.065034717688448109e+04,3.863353680929176193e+00
1.065034719817480618e+04,3.863353623376188040e+00
1.065034721946512946e+04,3.863353565814502844e+00
1.065034724075545273e+04,3.863353508244113499e+00
1.065034726204577601e+04,3.863353450665012900e+00
1.065034728333609928e+04,3.863353393077215259e+00
1.065034730462642256e+04,3.863353335480717021e+00
1.065034732591674583e+04,3.863353277875514635e+00
1.065034734720706911e+04,3.863353220261608101e+00
1.065034736849739238e+04,3.863353162639004523e+00
1.065034738978771747e+04,3.863353105007686139e+00
1.065034741107804075e+04,3.863353047367681370e+00
1.065034743236836403e+04,3.863352989718968900e+00
1.065034745365868730e+04,3.863352932061562939e+00
1.065034747494901058e+04,3.863352874395459935e+00
1.065034749623933385e+04,3.863352816720652783e+00
1.065034751752965713e+04,3.863352759037148587e+00
1.065034753881998040e+04,3.863352701344943796e+00
1.065034756011030368e+04,3.863352643644045514e+00
1.065034758140062877e+04,3.863352585934439531e+00
1.065034760269095204e+04,3.863352528216150716e+00
1.065034762398127532e+04,3.863352470489161306e+00
1.065034764527159859e+04,3.863352412753478404e+00
1.065034766656192187e+04,3.863352355009098460e+00
1.065034768785224514e+04,3.863352297256025025e+00
1.065034770914256842e+04,3.863352239494258100e+00
1.065034773043289169e+04,3.863352181723794132e+00
1.065034775172321497e+04,3.863352123944640226e+00
1.065034777301354006e+04,3.863352066156785725e+00
1.065034779430386334e+04,3.863352008360244838e+00
1.065034781559418661e+04,3.863351950555014014e+00
1.065034783688450989e+04,3.863351892741089699e+00
1.065034785817483316e+04,3.863351834918475447e+00
1.065034787946515644e+04,3.863351777087167704e+00
1.065034790075547971e+04,3.863351719247170024e+00
1.065034792204580299e+04,3.863351661398485959e+00
1.065034794333612626e+04,3.863351603541111956e+00
1.065034796462645136e+04,3.863351545675044463e+00
1.065034798591677463e+04,3.863351487800294137e+00
1.065034800720709791e+04,3.863351429916853874e+00
1.065034802849742118e+04,3.863351372024727226e+00
1.065034804978774446e+04,3.863351314123914193e+00
1.065034807107806773e+04,3.863351256214411222e+00
1.065034809236839101e+04,3.863351198296225419e+00
1.065034811365871428e+04,3.863351140369353232e+00
1.065034813494903756e+04,3.863351082433798211e+00
1.065034815623936265e+04,3.863351024489546148e+00
1.065034817752968593e+04,3.863350966536625464e+00
1.065034819882000920e+04,3.863350908575014842e+00
1.065034822011033248e+04,3.863350850604721387e+00
1.065034824140065575e+04,3.863350792625748653e+00
1.065034826269097903e+04,3.863350734638089534e+00
1.065034828398130230e+04,3.863350676641747583e+00
1.065034830527162558e+04,3.863350618636729905e+00
1.065034832656194885e+04,3.863350560623022290e+00
1.065034834785227395e+04,3.863350502600635394e+00
1.065034836914259722e+04,3.863350444569572772e+00
1.065034839043292050e+04,3.863350386529834424e+00
1.065034841172324377e+04,3.863350328481406137e+00
1.065034843301356705e+04,3.863350270424309230e+00
1.065034845430389032e+04,3.863350212358529490e+00
1.065034847559421360e+04,3.863350154284070470e+00
1.065034849688453687e+04,3.863350096200935724e+00
1.065034851817486015e+04,3.863350038109128803e+00
1.065034853946518524e+04,3.863349980008631945e+00
1.065034856075550852e+04,3.863349921899473571e+00
1.065034858204583179e+04,3.863349863781632365e+00
1.065034860333615507e+04,3.863349805655118985e+00
1.065034862462647834e+04,3.863349747519926325e+00
1.065034864591680162e+04,3.863349689376065044e+00
1.065034866720712489e+04,3.863349631223528036e+00
1.065034868849744817e+04,3.863349573062318854e+00
1.065034870978777144e+04,3.863349514892430392e+00
1.065034873107809653e+04,3.863349456713873309e+00
1.065034875236841981e+04,3.863349398526647605e+00
1.065034877365874308e+04,3.863349340330746173e+00
1.065034879494906636e+04,3.863349282126176121e+00
1.065034881623938963e+04,3.863349223912937447e+00
1.065034883752971291e+04,3.863349165691026599e+00
1.065034885882003618e+04,3.863349107460447129e+00
1.065034888011035946e+04,3.863349049221202591e+00
1.065034890140068273e+04,3.863348990973282326e+00
1.065034892269100783e+04,3.863348932716689887e+00
1.065034894398133110e+04,3.863348874451435933e+00
1.065034896527165438e+04,3.863348816177513356e+00
1.065034898656197765e+04,3.863348757894929264e+00
1.065034900785230093e+04,3.863348699603672998e+00
1.065034902914262420e+04,3.863348641303751663e+00
1.065034905043294748e+04,3.863348582995161706e+00
1.065034907172327075e+04,3.863348524677913787e+00
1.065034909301359403e+04,3.863348466352000798e+00
1.065034911430391912e+04,3.863348408017415636e+00
1.065034913559424240e+04,3.863348349674172511e+00
1.065034915688456567e+04,3.863348291322264316e+00
1.065034917817488895e+04,3.863348232961701711e+00
1.065034919946521222e+04,3.863348174592466933e+00
1.065034922075553550e+04,3.863348116214570638e+00
1.065034924204585877e+04,3.863348057828019932e+00
1.065034926333618205e+04,3.863347999432804158e+00
1.065034928462650532e+04,3.863347941028923316e+00
1.065034930591683042e+04,3.863347882616384510e+00
1.065034932720715369e+04,3.863347824195191293e+00
1.065034934849747697e+04,3.863347765765333008e+00
1.065034936978780024e+04,3.863347707326820313e+00
1.065034939107812352e+04,3.863347648879649654e+00
1.065034941236844679e+04,3.863347590423817479e+00
1.065034943365877007e+04,3.863347531959334447e+00
1.065034945494909334e+04,3.863347473486189898e+00
1.065034947623941662e+04,3.863347415004387386e+00
1.065034949752974171e+04,3.863347356513930464e+00
1.065034951882006499e+04,3.863347298014819131e+00
1.065034954011038826e+04,3.863347239507056941e+00
1.065034956140071154e+04,3.863347180990633234e+00
1.065034958269103481e+04,3.863347122465558670e+00
1.065034960398135809e+04,3.863347063931833247e+00
1.065034962527168136e+04,3.863347005389449862e+00
1.065034964656200464e+04,3.863346946838419171e+00
1.065034966785232791e+04,3.863346888278730518e+00
1.065034968914265119e+04,3.863346829710394559e+00
1.065034971043297628e+04,3.863346771133400637e+00
1.065034973172329956e+04,3.863346712547759410e+00
1.065034975301362283e+04,3.863346653953470877e+00
1.065034977430394611e+04,3.863346595350527934e+00
1.065034979559426938e+04,3.863346536738941239e+00
1.065034981688459266e+04,3.863346478118703686e+00
1.065034983817491593e+04,3.863346419489818828e+00
1.065034985946523921e+04,3.863346360852279560e+00
1.065034988075556248e+04,3.863346302206103644e+00
1.065034990204588757e+04,3.863346243551262660e+00
1.065034992333621085e+04,3.863346184887788581e+00
1.065034994462653412e+04,3.863346126215663645e+00
1.065034996591685740e+04,3.863346067534898509e+00
1.065034998720718067e+04,3.863346008845486068e+00
1.065035000849750395e+04,3.863345950147429875e+00
1.065035002978782722e+04,3.863345891440719271e+00
1.065035005107815050e+04,3.863345832725375573e+00
1.065035007236847377e+04,3.863345774001388122e+00
1.065035009365879887e+04,3.863345715268749814e+00
1.065035011494912214e+04,3.863345656527467753e+00
1.065035013623944542e+04,3.863345597777556151e+00
1.065035015752976869e+04,3.863345539018993691e+00
1.065035017882009197e+04,3.863345480251794584e+00
1.065035020011041524e+04,3.863345421475955277e+00
1.065035022140073852e+04,3.863345362691472218e+00
1.065035024269106179e+04,3.863345303898352512e+00
1.065035026398138507e+04,3.863345245096589053e+00
1.065035028527171016e+04,3.863345186286185395e+00
1.065035030656203344e+04,3.863345127467152196e+00
1.065035032785235671e+04,3.863345068639475244e+00
1.065035034914267999e+04,3.863345009803161645e+00
1.065035037043300326e+04,3.863344950958211399e+00
1.065035039172332654e+04,3.863344892104624506e+00
1.065035041301364981e+04,3.863344833242404519e+00
1.065035043430397309e+04,3.863344774371544332e+00
1.065035045559429636e+04,3.863344715492054604e+00
1.065035047688462146e+04,3.863344656603921123e+00
1.065035049817494473e+04,3.863344597707150996e+00
1.065035051946526801e+04,3.863344538801758432e+00
1.065035054075559128e+04,3.863344479887736327e+00
1.065035056204591456e+04,3.863344420965070469e+00
1.065035058333623783e+04,3.863344362033775070e+00
1.065035060462656111e+04,3.863344303093850129e+00
1.065035062591688438e+04,3.863344244145292095e+00
1.065035064720720766e+04,3.863344185188108071e+00
1.065035066849753275e+04,3.863344126222280295e+00
1.065035068978785603e+04,3.863344067247833635e+00
1.065035071107817930e+04,3.863344008264757434e+00
1.065035073236850258e+04,3.863343949273044586e+00
1.065035075365882585e+04,3.863343890272709302e+00
1.065035077494914913e+04,3.863343831263744477e+00
1.065035079623947240e+04,3.863343772246153662e+00
1.065035081752979568e+04,3.863343713219929754e+00
1.065035083882011895e+04,3.863343654185083409e+00
1.065035086011044405e+04,3.863343595141607523e+00
1.065035088140076732e+04,3.863343536089512753e+00
1.065035090269109060e+04,3.863343477028788442e+00
1.065035092398141387e+04,3.863343417959441695e+00
1.065035094527173715e+04,3.863343358881461853e+00
1.065035096656206042e+04,3.863343299794866681e+00
1.065035098785238370e+04,3.863343240699649073e+00
1.065035100914270697e+04,3.863343181595798370e+00
1.065035103043303025e+04,3.863343122483335890e+00
1.065035105172335534e+04,3.863343063362240315e+00
1.065035107301367862e+04,3.863343004232529410e+00
1.065035109430400189e+04,3.863342945094196068e+00
1.065035111559432517e+04,3.863342885947247396e+00
1.065035113688464844e+04,3.863342826791672735e+00
1.065035115817497172e+04,3.863342767627479191e+00
1.065035117946529499e+04,3.863342708454666763e+00
1.065035120075561827e+04,3.863342649273235452e+00
1.065035122204594154e+04,3.863342590083188810e+00
1.065035124333626663e+04,3.863342530884519732e+00
1.065035126462658991e+04,3.863342471677231771e+00
1.065035128591691318e+04,3.863342412461328479e+00
1.065035130720723646e+04,3.863342353236809856e+00
1.065035132849755973e+04,3.863342294003672350e+00
1.065035134978788301e+04,3.863342234761923066e+00
1.065035137107820628e+04,3.863342175511562004e+00
1.065035139236852956e+04,3.863342116252578506e+00
1.065035141365885283e+04,3.863342056984983230e+00
1.065035143494917793e+04,3.863341997708769071e+00
1.065035145623950120e+04,3.863341938423950239e+00
1.065035147752982448e+04,3.863341879130516077e+00
1.065035149882014775e+04,3.863341819828470136e+00
1.065035152011047103e+04,3.863341760517812418e+00
1.065035154140079430e+04,3.863341701198539369e+00
1.065035156269111758e+04,3.863341641870658094e+00
1.065035158398144085e+04,3.863341582534165042e+00
1.065035160527176413e+04,3.863341523189067317e+00
1.065035162656208922e+04,3.863341463835350709e+00
1.065035164785241250e+04,3.863341404473029428e+00
1.065035166914273577e+04,3.863341345102103475e+00
1.065035169043305905e+04,3.863341285722562191e+00
1.065035171172338232e+04,3.863341226334416234e+00
1.065035173301370560e+04,3.863341166937665605e+00
1.065035175430402887e+04,3.863341107532303198e+00
1.065035177559435215e+04,3.863341048118339671e+00
1.065035179688467542e+04,3.863340988695767919e+00
1.065035181817500052e+04,3.863340929264591495e+00
1.065035183946532379e+04,3.863340869824803292e+00
1.065035186075564707e+04,3.863340810376417522e+00
1.065035188204597034e+04,3.863340750919430633e+00
1.065035190333629362e+04,3.863340691453831965e+00
1.065035192462661689e+04,3.863340631979635731e+00
1.065035194591694017e+04,3.863340572496838377e+00
1.065035196720726344e+04,3.863340513005436350e+00
1.065035198849758672e+04,3.863340453505433203e+00
1.065035200978791181e+04,3.863340393996825384e+00
1.065035203107823509e+04,3.863340334479619997e+00
1.065035205236855836e+04,3.863340274953817044e+00
1.065035207365888164e+04,3.863340215419409418e+00
1.065035209494920491e+04,3.863340155876404225e+00
1.065035211623952819e+04,3.863340096324801465e+00
1.065035213752985146e+04,3.863340036764601138e+00
1.065035215882017474e+04,3.863339977195799690e+00
1.065035218011049801e+04,3.863339917618400676e+00
1.065035220140082311e+04,3.863339858032404095e+00
1.065035222269114638e+04,3.863339798437813499e+00
1.065035224398146966e+04,3.863339738834628889e+00
1.065035226527179293e+04,3.863339679222846712e+00
1.065035228656211621e+04,3.863339619602466968e+00
1.065035230785243948e+04,3.863339559973496762e+00
1.065035232914276276e+04,3.863339500335925436e+00
1.065035235043308603e+04,3.863339440689767201e+00
1.065035237172340931e+04,3.863339381035014952e+00
1.065035239301373440e+04,3.863339321371665136e+00
1.065035241430405767e+04,3.863339261699728411e+00
1.065035243559438095e+04,3.863339202019197671e+00
1.065035245688470422e+04,3.863339142330076470e+00
1.065035247817502750e+04,3.863339082632361254e+00
1.065035249946535077e+04,3.865020361295201212e+00
1.065035252075567405e+04,3.865020299065008658e+00
1.065035254204599732e+04,3.865020236823657029e+00
1.065035256333632060e+04,3.865020174571156986e+00
1.065035258462664569e+04,3.865020112307497868e+00
1.065035260591696897e+04,3.865020050032693888e+00
1.065035262720729224e+04,3.865019987746741492e+00
1.065035264849761552e+04,3.865019925449633575e+00
1.065035266978793879e+04,3.865019863141380796e+00
1.065035269107826207e+04,3.865019800821976048e+00
1.065035271236858534e+04,3.865019738491426438e+00
1.065035273365890862e+04,3.865019676149724859e+00
1.065035275494923189e+04,3.865019613796874864e+00
1.065035277623955699e+04,3.865019551432880007e+00
1.065035279752988026e+04,3.865019489057733182e+00
1.065035281882020354e+04,3.865019426671445046e+00
1.065035284011052681e+04,3.865019364274008495e+00
1.065035286140085009e+04,3.865019301865430634e+00
1.065035288269117336e+04,3.865019239445704358e+00
1.065035290398149664e+04,3.865019177014840324e+00
1.065035292527181991e+04,3.865019114572820769e+00
1.065035294656214319e+04,3.865019052119667009e+00
1.065035296785246828e+04,3.865018989655364834e+00
1.065035298914279156e+04,3.865018927179917796e+00
1.065035301043311483e+04,3.865018864693336553e+00
1.065035303172343811e+04,3.865018802195610448e+00
1.065035305301376138e+04,3.865018739686743032e+00
1.065035307430408466e+04,3.865018677166737859e+00
1.065035309559440793e+04,3.865018614635584271e+00
1.065035311688473121e+04,3.865018552093303583e+00
1.065035313817505448e+04,3.865018489539878033e+00
1.065035315946537958e+04,3.865018426975307619e+00
1.065035318075570285e+04,3.865018364399599449e+00
1.065035320204602613e+04,3.865018301812757073e+00
1.065035322333634940e+04,3.865018239214784046e+00
1.065035324462667268e+04,3.865018176605669709e+00
1.065035326591699595e+04,3.865018113985417614e+00
1.065035328720731923e+04,3.865018051354027762e+00
1.065035330849764250e+04,3.865017988711510810e+00
1.065035332978796578e+04,3.865017926057848996e+00
1.065035335107829087e+04,3.865017863393056530e+00
1.065035337236861415e+04,3.865017800717129859e+00
1.065035339365893742e+04,3.865017738030072536e+00
1.065035341494926070e+04,3.865017675331884561e+00
1.065035343623958397e+04,3.865017612622555276e+00
1.065035345752990725e+04,3.865017549902102445e+00
1.065035347882023052e+04,3.865017487170511856e+00
1.065035350011055380e+04,3.865017424427797721e+00
1.065035352140087707e+04,3.865017361673945828e+00
1.065035354269120216e+04,3.865017298908959731e+00
1.065035356398152544e+04,3.865017236132857192e+00
1.065035358527184871e+04,3.865017173345620449e+00
1.065035360656217199e+04,3.865017110547245949e+00
1.065035362785249526e+04,3.865017047737751454e+00
1.065035364914281854e+04,3.865016984917133414e+00
1.065035367043314182e+04,3.865016922085381168e+00
1.065035369172346509e+04,3.865016859242508929e+00
1.065035371301378837e+04,3.865016796388509590e+00
1.065035373430411346e+04,3.865016733523372494e+00
1.065035375559443673e+04,3.865016670647118957e+00
1.065035377688476001e+04,3.865016607759745426e+00
1.065035379817508328e+04,3.865016544861237691e+00
1.065035381946540656e+04,3.865016481951620619e+00
1.065035384075572983e+04,3.865016419030872896e+00
1.065035386204605311e+04,3.865016356098994521e+00
1.065035388333637638e+04,3.865016293156003258e+00
1.065035390462669966e+04,3.865016230201888447e+00
1.065035392591702475e+04,3.865016167236646538e+00
1.065035394720734803e+04,3.865016104260288188e+00
1.065035396849767130e+04,3.865016041272802738e+00
1.065035398978799458e+04,3.865015978274211506e+00
1.065035401107831785e+04,3.865015915264489621e+00
1.065035403236864113e+04,3.865015852243654848e+00
1.065035405365896440e+04,3.865015789211696529e+00
1.065035407494928768e+04,3.865015726168628873e+00
1.065035409623961095e+04,3.865015663114437672e+00
1.065035411752993605e+04,3.865015600049122924e+00
1.065035413882025932e+04,3.865015536972698840e+00
1.065035416011058260e+04,3.865015473885158315e+00
1.065035418140090587e+04,3.865015410786501349e+00
1.065035420269122915e+04,3.865015347676727941e+00
1.065035422398155242e+04,3.865015284555845199e+00
1.065035424527187570e+04,3.865015221423842462e+00
1.065035426656219897e+04,3.865015158280730390e+00
1.065035428785252225e+04,3.865015095126501876e+00
1.065035430914284734e+04,3.865015031961160474e+00
1.065035433043317062e+04,3.865014968784706184e+00
1.065035435172349389e+04,3.865014905597142558e+00
1.065035437301381717e+04,3.865014842398466044e+00
1.065035439430414044e+04,3.865014779188687299e+00
1.065035441559446372e+04,3.865014715967785008e+00
1.065035443688478699e+04,3.865014652735780487e+00
1.065035445817511027e+04,3.865014589492666630e+00
1.065035447946543354e+04,3.865014526238446990e+00
1.065035450075575864e+04,3.865014462973103804e+00
1.065035452204608191e+04,3.865014399696665492e+00
1.065035454333640519e+04,3.865014336409121398e+00
1.065035456462672846e+04,3.865014273110464416e+00
1.065035458591705174e+04,3.865014209800705203e+00
1.065035460720737501e+04,3.865014146479840207e+00
1.065035462849769829e+04,3.865014083147869428e+00
1.065035464978802156e+04,3.865014019804789314e+00
1.065035467107834484e+04,3.865013956450610522e+00
1.065035469236866993e+04,3.865013893085318841e+00
1.065035471365899321e+04,3.865013829708928483e+00
1.065035473494931648e+04,3.865013766321439448e+00
1.065035475623963976e+04,3.865013702922844629e+00
1.065035477752996303e+04,3.865013639513147581e+00
1.065035479882028631e+04,3.865013576092351855e+00
1.065035482011060958e+04,3.865013512660450345e+00
1.065035484140093286e+04,3.865013449217450159e+00
1.065035486269125613e+04,3.865013385763351295e+00
1.065035488398158122e+04,3.865013322298150200e+00
1.065035490527190450e+04,3.865013258821850428e+00
1.065035492656222777e+04,3.865013195334455531e+00
1.065035494785255105e+04,3.865013131835961957e+00
1.065035496914287432e+04,3.865013068326366152e+00
1.065035499043319760e+04,3.865013004805675223e+00
1.065035501172352087e+04,3.865012941273889169e+00
1.065035503301384415e+04,3.865012877731007990e+00
1.065035505430416742e+04,3.865012814177028133e+00
1.065035507559449252e+04,3.865012750611949599e+00
1.065035509688481579e+04,3.865012687035779493e+00
1.065035511817513907e+04,3.865012623448517814e+00
1.065035513946546234e+04,3.865012559850168117e+00
1.065035516075578562e+04,3.865012496240709083e+00
1.065035518204610889e+04,3.865012432620169136e+00
1.065035520333643217e+04,3.865012368988534064e+00
1.065035522462675544e+04,3.865012305345807420e+00
1.065035524591707872e+04,3.865012241691989203e+00
1.065035526720740381e+04,3.865012178027072309e+00
1.065035528849772709e+04,3.865012114351070949e+00
1.065035530978805036e+04,3.865012050663985121e+00
1.065035533107837364e+04,3.865011986965807722e+00
1.065035535236869691e+04,3.865011923256538751e+00
1.065035537365902019e+04,3.865011859536185312e+00
1.065035539494934346e+04,3.865011795804740302e+00
1.065035541623966674e+04,3.865011732062207273e+00
1.065035543752999001e+04,3.865011668308589776e+00
1.065035545882031511e+04,3.865011604543877155e+00
1.065035548011063838e+04,3.865011540768087173e+00
1.065035550140096166e+04,3.865011476981209171e+00
1.065035552269128493e+04,3.865011413183250255e+00
1.065035554398160821e+04,3.865011349374203320e+00
