Time (BJD_TBD - 2450000), F_star + F_b (mJy)
1.027292596064833924e+04,3.861247742369509517e+00
1.027292604692779969e+04,3.861247277575501347e+00
1.027292613320726196e+04,3.861246812810483320e+00
1.027292621948672240e+04,3.861246348074534485e+00
1.027292630576618467e+04,3.861245883367695697e+00
1.027292639204564512e+04,3.861245418690044673e+00
1.027292647832510738e+04,3.861244954041623156e+00
1.027292656460456783e+04,3.861244489422510640e+00
1.027292665088403010e+04,3.861244024832745758e+00
1.027292673716349054e+04,3.861243560272409781e+00
1.027292682344295281e+04,3.861243095741541342e+00
1.027292690972241326e+04,3.861242631240220380e+00
1.027292699600187370e+04,3.861242166768497519e+00
1.027292708228133597e+04,3.861241702326422498e+00
1.027292716856079642e+04,3.861241237914074365e+00
1.027292725484025868e+04,3.861240773531493531e+00
1.027292734111971913e+04,3.861240309178759045e+00
1.027292742739918140e+04,3.861239844855911318e+00
1.027292751367864184e+04,3.861239380563030732e+00
1.027292759995810411e+04,3.861238916300155033e+00
1.027292768623756456e+04,3.861238452067365934e+00
1.027292777251702682e+04,3.861237987864702959e+00
1.027292785879648727e+04,3.861237523692244267e+00
1.027292794507594954e+04,3.861237059550032047e+00
1.027292803135540998e+04,3.861236595438144015e+00
1.027292811763487043e+04,3.861236131356630796e+00
1.027292820391433270e+04,3.861235667305542130e+00
1.027292829019379315e+04,3.861235203284957063e+00
1.027292837647325541e+04,3.861234739294916452e+00
1.027292846275271586e+04,3.861234275335499344e+00
1.027292854903217813e+04,3.861233811406746153e+00
1.027292863531163857e+04,3.861233347508735925e+00
1.027292872159110084e+04,3.861232883641508185e+00
1.027292880787056129e+04,3.861232419805143756e+00
1.027292889415002355e+04,3.861231955999681276e+00
1.027292898042948400e+04,3.861231492225200235e+00
1.027292906670894445e+04,3.861231028481750815e+00
1.027292915298840671e+04,3.861230564769383644e+00
1.027292923926786716e+04,3.861230101088176436e+00
1.027292932554732943e+04,3.861229637438170936e+00
1.027292941182678987e+04,3.861229173819445748e+00
1.027292949810625214e+04,3.861228710232040395e+00
1.027292958438571259e+04,3.861228246676035258e+00
1.027292967066517485e+04,3.861227783151469861e+00
1.027292975694463530e+04,3.861227319658422363e+00
1.027292984322409757e+04,3.861226856196935397e+00
1.027292992950355801e+04,3.861226392767085791e+00
1.027293001578302028e+04,3.861225929368915288e+00
1.027293010206248073e+04,3.861225466002502049e+00
1.027293018834194118e+04,3.861225002667896256e+00
1.027293027462140344e+04,3.861224539365148090e+00
1.027293036090086389e+04,3.861224076094335711e+00
1.027293044718032615e+04,3.861223612855501308e+00
1.027293053345978660e+04,3.861223149648721709e+00
1.027293061973924887e+04,3.861222686474038657e+00
1.027293070601870932e+04,3.861222223331530756e+00
1.027293079229817158e+04,3.861221760221237087e+00
1.027293087857763203e+04,3.861221297143238917e+00
1.027293096485709430e+04,3.861220834097573995e+00
1.027293105113655474e+04,3.861220371084323588e+00
1.027293113741601519e+04,3.861219908103536547e+00
1.027293122369547746e+04,3.861219445155263053e+00
1.027293130997493790e+04,3.861218982239581710e+00
1.027293139625440017e+04,3.861218519356532042e+00
1.027293148253386062e+04,3.861218056506194429e+00
1.027293156881332288e+04,3.861217593688608840e+00
1.027293165509278333e+04,3.861217130903853878e+00
1.027293174137224560e+04,3.861216668151969511e+00
1.027293182765170604e+04,3.861216205433034787e+00
1.027293191393116831e+04,3.861215742747090118e+00
1.027293200021062876e+04,3.861215280094214997e+00
1.027293208649008920e+04,3.861214817474458716e+00
1.027293217276955147e+04,3.861214354887870570e+00
1.027293225904901192e+04,3.861213892334530051e+00
1.027293234532847418e+04,3.861213429814477571e+00
1.027293243160793463e+04,3.861212967327791734e+00
1.027293251788739690e+04,3.861212504874513396e+00
1.027293260416685735e+04,3.861212042454720272e+00
1.027293269044631961e+04,3.861211580068453220e+00
1.027293277672578006e+04,3.861211117715791286e+00
1.027293286300524233e+04,3.861210655396773106e+00
1.027293294928470277e+04,3.861210193111480837e+00
1.027293303556416504e+04,3.861209730859951339e+00
1.027293312184362549e+04,3.861209268642264547e+00
1.027293320812308593e+04,3.861208806458471088e+00
1.027293329440254820e+04,3.861208344308620255e+00
1.027293338068200865e+04,3.861207882192790208e+00
1.027293346696147091e+04,3.861207420111022692e+00
1.027293355324093136e+04,3.861206958063394978e+00
1.027293363952039363e+04,3.861206496049947479e+00
1.027293372579985407e+04,3.861206034070759685e+00
1.027293381207931634e+04,3.861205572125871566e+00
1.027293389835877679e+04,3.861205110215361724e+00
1.027293398463823905e+04,3.861204648339270129e+00
1.027293407091769950e+04,3.861204186497676272e+00
1.027293415719715995e+04,3.861203724690629002e+00
1.027293424347662221e+04,3.861203262918178059e+00
1.027293432975608266e+04,3.861202801180403377e+00
1.027293441603554493e+04,3.861202339477344481e+00
1.027293450231500537e+04,3.861201877809079974e+00
1.027293458859446764e+04,3.861201416175649825e+00
1.027293467487392809e+04,3.861200954577133082e+00
1.027293476115339035e+04,3.861200493013568824e+00
1.027293484743285080e+04,3.861200031485038320e+00
1.027293493371231307e+04,3.861199569991579761e+00
1.027293501999177352e+04,3.861199108533271751e+00
1.027293510627123396e+04,3.861198647110164028e+00
1.027293519255069623e+04,3.861198185722307663e+00
1.027293527883015668e+04,3.861197724369780371e+00
1.027293536510961894e+04,3.861197263052622564e+00
1.027293545138907939e+04,3.861196801770911957e+00
1.027293553766854166e+04,3.861196340524689852e+00
1.027293562394800210e+04,3.861195879314034851e+00
1.027293571022746437e+04,3.861195418138986035e+00
1.027293579650692482e+04,3.861194956999623784e+00
1.027293588278638708e+04,3.861194495895985845e+00
1.027293596906584753e+04,3.861194034828153043e+00
1.027293605534530980e+04,3.861193573796164014e+00
1.027293614162477024e+04,3.861193112800097804e+00
1.027293622790423069e+04,3.861192651840005485e+00
1.027293631418369296e+04,3.861192190915934574e+00
1.027293640046315340e+04,3.861191730027964120e+00
1.027293648674261567e+04,3.861191269176135421e+00
1.027293657302207612e+04,3.861190808360526194e+00
1.027293665930153838e+04,3.861190347581176407e+00
1.027293674558099883e+04,3.861189886838165108e+00
1.027293683186046110e+04,3.861189426131531821e+00
1.027293691813992154e+04,3.861188965461355593e+00
1.027293700441938381e+04,3.861188504827676837e+00
1.027293709069884426e+04,3.861188044230573713e+00
1.027293717697830471e+04,3.861187583670094181e+00
1.027293726325776697e+04,3.861187123146290645e+00
1.027293734953722742e+04,3.861186662659240820e+00
1.027293743581668969e+04,3.861186202208983786e+00
1.027293752209615013e+04,3.861185741795599036e+00
1.027293760837561240e+04,3.861185281419126092e+00
1.027293769465507285e+04,3.861184821079643115e+00
1.027293778093453511e+04,3.861184360777190960e+00
1.027293786721399556e+04,3.861183900511848233e+00
1.027293795349345783e+04,3.861183440283654011e+00
1.027293803977291827e+04,3.861182980092688233e+00
1.027293812605238054e+04,3.861182519938988644e+00
1.027293821233184099e+04,3.861182059822636070e+00
1.027293829861130143e+04,3.861181599743678916e+00
1.027293838489076370e+04,3.861181139702166476e+00
1.027293847117022415e+04,3.861180679698177798e+00
1.027293855744968641e+04,3.861180219731752850e+00
1.027293864372914686e+04,3.861179759802970235e+00
1.027293873000860913e+04,3.861179299911869922e+00
1.027293881628806957e+04,3.861178840058529182e+00
1.027293890256753184e+04,3.861178380242989316e+00
1.027293898884699229e+04,3.861177920465328928e+00
1.027293907512645455e+04,3.861177460725587540e+00
1.027293916140591500e+04,3.861177001023842426e+00
1.027293924768537545e+04,3.861176541360145542e+00
1.027293933396483772e+04,3.861176081734543519e+00
1.027293942024429816e+04,3.861175622147118069e+00
1.027293950652376043e+04,3.861175162597905608e+00
1.027293959280322088e+04,3.861174703086987403e+00
1.027293967908268314e+04,3.861174243614402091e+00
1.027293976536214359e+04,3.861173784180228274e+00
1.027293985164160586e+04,3.861173324784505478e+00
1.027293993792106630e+04,3.861172865427312750e+00
1.027294002420052857e+04,3.861172406108690058e+00
1.027294011047998902e+04,3.861171946828715118e+00
1.027294019675944946e+04,3.861171487587436779e+00
1.027294028303891173e+04,3.861171028384907000e+00
1.027294036931837218e+04,3.861170569221201276e+00
1.027294045559783444e+04,3.861170110096362240e+00
1.027294054187729489e+04,3.861169651010465831e+00
1.027294062815675716e+04,3.861169191963552905e+00
1.027294071443621760e+04,3.861168732955702509e+00
1.027294080071567987e+04,3.861168273986952837e+00
1.027294088699514032e+04,3.861167815057383823e+00
1.027294097327460258e+04,3.861167356167034104e+00
1.027294105955406303e+04,3.861166897315983615e+00
1.027294114583352530e+04,3.861166438504270104e+00
1.027294123211298574e+04,3.861165979731973508e+00
1.027294131839244619e+04,3.861165520999142231e+00
1.027294140467190846e+04,3.861165062305826456e+00
1.027294149095136891e+04,3.861164603652103455e+00
1.027294157723083117e+04,3.861164145038014528e+00
1.027294166351029162e+04,3.861163686463636946e+00
1.027294174978975389e+04,3.861163227929010677e+00
1.027294183606921433e+04,3.861162769434213882e+00
1.027294192234867660e+04,3.861162310979286527e+00
1.027294200862813705e+04,3.861161852564307218e+00
1.027294209490759931e+04,3.861161394189314588e+00
1.027294218118705976e+04,3.861160935854388576e+00
1.027294226746652021e+04,3.861160477559577586e+00
1.027294235374598247e+04,3.861160019304930913e+00
1.027294244002544292e+04,3.861159561090526271e+00
1.027294252630490519e+04,3.861159102916404962e+00
1.027294261258436563e+04,3.861158644782643812e+00
1.027294269886382790e+04,3.861158186689283678e+00
1.027294278514328835e+04,3.861157728636401387e+00
1.027294287142275061e+04,3.861157270624037796e+00
1.027294295770221106e+04,3.861156812652271064e+00
1.027294304398167333e+04,3.861156354721140271e+00
1.027294313026113377e+04,3.861155896830723577e+00
1.027294321654059604e+04,3.861155438981061838e+00
1.027294330282005649e+04,3.861154981172232770e+00
1.027294338909951693e+04,3.861154523404283889e+00
1.027294347537897920e+04,3.861154065677267599e+00
1.027294356165843965e+04,3.861153607991259840e+00
1.027294364793790191e+04,3.861153150346301022e+00
1.027294373421736236e+04,3.861152692742469306e+00
1.027294382049682463e+04,3.861152235179803771e+00
1.027294390677628508e+04,3.861151777658383910e+00
1.027294399305574734e+04,3.861151320178247470e+00
1.027294407933520779e+04,3.861150862739474388e+00
1.027294416561467006e+04,3.861150405342103298e+00
1.027294425189413050e+04,3.861149947986212361e+00
1.027294433817359095e+04,3.861149490671852202e+00
1.027294442445305322e+04,3.861149033399070341e+00
1.027294451073251366e+04,3.861148576167944935e+00
1.027294459701197593e+04,3.861148118978516841e+00
1.027294468329143638e+04,3.861147661830862887e+00
1.027294476957089864e+04,3.861147204725023929e+00
1.027294485585035909e+04,3.861146747661077683e+00
1.027294494212982136e+04,3.861146290639062784e+00
1.027294502840928180e+04,3.861145833659058280e+00
1.027294511468874407e+04,3.861145376721103251e+00
1.027294520096820452e+04,3.861144919825276300e+00
1.027294528724766496e+04,3.861144462971626279e+00
1.027294537352712723e+04,3.861144006160202480e+00
1.027294545980658768e+04,3.861143549391083063e+00
1.027294554608604994e+04,3.861143092664306664e+00
1.027294563236551039e+04,3.861142635979953219e+00
1.027294571864497266e+04,3.861142179338060476e+00
1.027294580492443311e+04,3.861141722738707482e+00
1.027294589120389537e+04,3.861141266181933318e+00
1.027294597748335582e+04,3.861140809667816587e+00
1.027294606376281808e+04,3.861140353196395480e+00
1.027294615004227853e+04,3.861139896767749047e+00
1.027294623632174080e+04,3.861139440381916366e+00
1.027294632260120125e+04,3.861138984038977373e+00
1.027294640888066169e+04,3.861138527738978254e+00
1.027294649516012396e+04,3.861138071481969192e+00
1.027294658143958441e+04,3.861137615268028345e+00
1.027294666771904667e+04,3.861137159097195681e+00
1.027294675399850712e+04,3.861136702969548473e+00
1.027294684027796939e+04,3.861136246885127576e+00
1.027294692655742983e+04,3.861135790844008930e+00
1.027294701283689210e+04,3.861135334846232947e+00
1.027294709911635255e+04,3.861134878891877342e+00
1.027294718539581481e+04,3.861134422980981640e+00
1.027294727167527526e+04,3.861133967113624443e+00
1.027294735795473571e+04,3.861133511289854603e+00
1.027294744423419797e+04,3.861133055509720524e+00
1.027294753051365842e+04,3.861132599773299479e+00
1.027294761679312069e+04,3.861132144080632767e+00
1.027294770307258113e+04,3.861131688431797215e+00
1.027294778935204340e+04,3.861131232826832349e+00
1.027294787563150385e+04,3.861130777265816771e+00
1.027294796191096611e+04,3.861130321748788674e+00
1.027294804819042656e+04,3.861129866275826661e+00
1.027294813446988883e+04,3.861129410846970700e+00
1.027294822074934928e+04,3.861128955462296730e+00
1.027294830702881154e+04,3.861128500121846496e+00
1.027294839330827199e+04,3.861128044825695937e+00
1.027294847958773244e+04,3.861127589573894792e+00
1.027294856586719470e+04,3.861127134366493241e+00
1.027294865214665515e+04,3.861126679203566781e+00
1.027294873842611742e+04,3.861126224085156267e+00
1.027294882470557786e+04,3.861125769011339415e+00
1.027294891098504013e+04,3.861125313982155749e+00
1.027294899726450058e+04,3.861124858997682097e+00
1.027294908354396284e+04,3.861124404057958426e+00
1.027294916982342329e+04,3.861123949163062896e+00
1.027294925610288556e+04,3.861123494313034143e+00
1.027294934238234600e+04,3.861123039507950327e+00
1.027294942866180645e+04,3.861122584747861186e+00
1.027294951494126872e+04,3.861122130032814681e+00
1.027294960122072916e+04,3.861121675362888084e+00
1.027294968750019143e+04,3.861121220738120918e+00
1.027294977377965188e+04,3.861120766158592232e+00
1.027294986005911414e+04,3.861120311624340218e+00
1.027294994633857459e+04,3.861119857135443478e+00
1.027295003261803686e+04,3.861119402691939761e+00
1.027295011889749730e+04,3.861118948293907671e+00
1.027295020517695957e+04,3.861118493941387175e+00
1.027295029145642002e+04,3.861118039634455101e+00
1.027295037773588047e+04,3.861117585373160299e+00
1.027295046401534273e+04,3.861117131157551619e+00
1.027295055029480318e+04,3.861116676987708107e+00
1.027295063657426545e+04,3.861116222863667069e+00
1.027295072285372589e+04,3.861115768785507107e+00
1.027295080913318816e+04,3.861115314753267747e+00
1.027295089541264861e+04,3.861114860767026258e+00
1.027295098169211087e+04,3.861114406826821721e+00
1.027295106797157132e+04,3.861113952932732740e+00
1.027295115425103359e+04,3.861113499084797063e+00
1.027295124053049403e+04,3.861113045283093292e+00
1.027295132680995630e+04,3.861112591527660509e+00
1.027295141308941675e+04,3.861112137818575984e+00
1.027295149936887719e+04,3.861111684155889012e+00
1.027295158564833946e+04,3.861111230539647554e+00
1.027295167192779991e+04,3.861110776969930658e+00
1.027295175820726217e+04,3.861110323446776516e+00
1.027295184448672262e+04,3.861109869970262842e+00
1.027295193076618489e+04,3.861109416540428718e+00
1.027295201704564533e+04,3.861108963157352747e+00
1.027295210332510760e+04,3.861108509821072232e+00
1.027295218960456805e+04,3.861108056531665778e+00
1.027295227588403031e+04,3.861107603289172019e+00
1.027295236216349076e+04,3.861107150093670004e+00
1.027295244844295121e+04,3.861106696945206807e+00
1.027295253472241347e+04,3.861106243843832164e+00
1.027295262100187392e+04,3.861105790789623349e+00
1.027295270728133619e+04,3.861105337782618552e+00
1.027295279356079664e+04,3.861104884822896377e+00
1.027295287984025890e+04,3.861104431910496348e+00
1.027295296611971935e+04,3.861103979045494405e+00
1.027295305239918162e+04,3.861103526227931404e+00
1.027295313867864206e+04,3.861103073457883728e+00
1.027295322495810433e+04,3.861102620735390456e+00
1.027295331123756478e+04,3.861102168060529749e+00
1.027295339751702522e+04,3.861101715433349568e+00
1.027295348379648749e+04,3.861101262853899208e+00
1.027295357007594794e+04,3.861100810322255494e+00
1.027295365635541020e+04,3.861100357838457509e+00
1.027295374263487065e+04,3.861099905402583410e+00
1.027295382891433292e+04,3.861099453014672278e+00
1.027295391519379336e+04,3.861099000674800497e+00
1.027295400147325563e+04,3.861098548383007589e+00
1.027295408775271608e+04,3.861098096139371716e+00
1.027295417403217834e+04,3.861097643943931068e+00
1.027295426031163879e+04,3.861097191796762917e+00
1.027295434659110106e+04,3.861096739697906788e+00
1.027295443287056150e+04,3.861096287647439951e+00
1.027295451915002195e+04,3.861095835645411700e+00
1.027295460542948422e+04,3.861095383691868665e+00
1.027295469170894467e+04,3.861094931786890783e+00
1.027295477798840693e+04,3.861094479930514911e+00
1.027295486426786738e+04,3.861094028122819211e+00
1.027295495054732964e+04,3.861093576363843205e+00
1.027295503682679009e+04,3.861093124653663278e+00
1.027295512310625236e+04,3.861092672992319397e+00
1.027295520938571281e+04,3.861092221379887057e+00
1.027295529566517507e+04,3.861091769816408004e+00
1.027295538194463552e+04,3.861091318301956843e+00
1.027295546822409597e+04,3.861090866836583757e+00
1.027295555450355823e+04,3.861090415420336708e+00
1.027295564078301868e+04,3.861089964053293411e+00
1.027295572706248095e+04,3.861089512735492946e+00
1.027295581334194139e+04,3.861089061467011252e+00
1.027295589962140366e+04,3.861088610247889186e+00
1.027295598590086411e+04,3.861088159078201798e+00
1.027295607218032637e+04,3.861087707957989501e+00
1.027295615845978682e+04,3.861087256887329566e+00
1.027295624473924909e+04,3.861086805866260185e+00
1.027295633101870953e+04,3.861086354894859074e+00
1.027295641729817180e+04,3.861085903973165312e+00
1.027295650357763225e+04,3.861085453101254839e+00
1.027295658985709269e+04,3.861085002279178280e+00
1.027295667613655496e+04,3.861084551506981821e+00
1.027295676241601541e+04,3.861084100784744955e+00
1.027295684869547767e+04,3.861083650112504095e+00
1.027295693497493812e+04,3.861083199490338735e+00
1.027295702125440039e+04,3.861082748918285734e+00
1.027295710753386084e+04,3.861082298396423695e+00
1.027295719381332310e+04,3.861081847924790367e+00
1.027295728009278355e+04,3.861081397503463908e+00
1.027295736637224582e+04,3.861080947132482066e+00
1.027295745265170626e+04,3.861080496811923446e+00
1.027295753893116671e+04,3.861080046541835564e+00
1.027295762521062898e+04,3.861079596322265939e+00
1.027295771149008942e+04,3.861079146153293618e+00
1.027295779776955169e+04,3.861078696034955904e+00
1.027295788404901214e+04,3.861078245967330957e+00
1.027295797032847440e+04,3.861077795950456526e+00
1.027295805660793485e+04,3.861077345984409881e+00
1.027295814288739712e+04,3.861076896069230102e+00
1.027295822916685756e+04,3.861076446204994461e+00
1.027295831544631983e+04,3.861075996391742038e+00
1.027295840172578028e+04,3.861075546629548327e+00
1.027295848800524072e+04,3.861075096918463512e+00
1.027295857428470299e+04,3.861074647258534664e+00
1.027295866056416344e+04,3.861074197649839501e+00
1.027295874684362570e+04,3.861073748092416213e+00
1.027295883312308615e+04,3.861073298586342517e+00
1.027295891940254842e+04,3.861072849131656159e+00
1.027295900568200886e+04,3.861072399728434856e+00
1.027295909196147113e+04,3.861071950376717243e+00
1.027295917824093158e+04,3.861071501076580148e+00
1.027295926452039384e+04,3.861071051828062650e+00
1.027295935079985429e+04,3.861070602631241577e+00
1.027295943707931656e+04,3.861070153486155565e+00
1.027295952335877701e+04,3.861069704392880997e+00
1.027295960963823745e+04,3.861069255351466278e+00
1.027295969591769972e+04,3.861068806361960704e+00
1.027295978219716017e+04,3.861068357424440212e+00
1.027295986847662243e+04,3.861067908538944327e+00
1.027295995475608288e+04,3.861067459705548544e+00
1.027296004103554515e+04,3.861067010924293275e+00
1.027296012731500559e+04,3.861066562195254015e+00
1.027296021359446786e+04,3.861066113518469844e+00
1.027296029987392831e+04,3.861065664894017591e+00
1.027296038615339057e+04,3.861065216321936333e+00
1.027296047243285102e+04,3.861064767802302011e+00
1.027296055871231147e+04,3.861064319335164363e+00
1.027296064499177373e+04,3.861063870920570018e+00
1.027296073127123418e+04,3.861063422558596248e+00
1.027296081755069645e+04,3.861062974249282131e+00
1.027296090383015689e+04,3.861062525992704497e+00
1.027296099010961916e+04,3.861062077788901092e+00
1.027296107638907961e+04,3.861061629637949633e+00
1.027296116266854187e+04,3.861061181539888310e+00
1.027296124894800232e+04,3.861060733494793951e+00
1.027296133522746459e+04,3.861060285502705192e+00
1.027296142150692503e+04,3.861059837563698860e+00
1.027296150778638730e+04,3.861059389677813147e+00
1.027296159406584775e+04,3.861058941845125325e+00
1.027296168034530820e+04,3.861058494065682911e+00
1.027296176662477046e+04,3.861058046339534755e+00
1.027296185290423091e+04,3.861057598666756796e+00
1.027296193918369318e+04,3.861057151047388114e+00
1.027296202546315362e+04,3.861056703481505981e+00
1.027296211174261589e+04,3.861056255969146811e+00
1.027296219802207634e+04,3.861055808510390097e+00
1.027296228430153860e+04,3.861055361105272254e+00
1.027296237058099905e+04,3.861054913753870554e+00
1.027296245686046132e+04,3.861054466456224521e+00
1.027296254313992176e+04,3.861054019212409205e+00
1.027296262941938221e+04,3.861053572022473457e+00
1.027296271569884448e+04,3.861053124886465238e+00
1.027296280197830492e+04,3.861052677804460931e+00
1.027296288825776719e+04,3.861052230776500060e+00
1.027296297453722764e+04,3.861051783802657678e+00
1.027296306081668990e+04,3.861051336882973750e+00
1.027296314709615035e+04,3.861050890017523773e+00
1.027296323337561262e+04,3.861050443206346383e+00
1.027296331965507306e+04,3.861049996449519295e+00
1.027296340593453533e+04,3.861049549747079368e+00
1.027296349221399578e+04,3.861049103099103874e+00
1.027296357849345623e+04,3.861048656505640331e+00
1.027296366477291849e+04,3.861048209966737588e+00
1.027296375105237894e+04,3.861047763482472028e+00
1.027296383733184121e+04,3.861047317052881400e+00
1.027296392361130165e+04,3.861046870678043419e+00
1.027296400989076392e+04,3.861046424357994500e+00
1.027296409617022437e+04,3.861045978092812803e+00
1.027296418244968663e+04,3.861045531882537407e+00
1.027296426872914708e+04,3.861045085727242032e+00
1.027296435500860935e+04,3.861044639626967534e+00
1.027296444128806979e+04,3.861044193581789408e+00
1.027296452756753206e+04,3.861043747591746289e+00
1.027296461384699251e+04,3.861043301656914561e+00
1.027296470012645295e+04,3.861042855777341742e+00
1.027296478640591522e+04,3.861042409953076682e+00
1.027296487268537567e+04,3.861041964184194875e+00
1.027296495896483793e+04,3.861041518470735401e+00
1.027296504524429838e+04,3.861041072812773312e+00
1.027296513152376065e+04,3.861040627210349463e+00
1.027296521780322109e+04,3.861040181663537130e+00
1.027296530408268336e+04,3.861039736172377612e+00
1.027296539036214381e+04,3.861039290736945073e+00
1.027296547664160607e+04,3.861038845357278593e+00
1.027296556292106652e+04,3.861038400033454998e+00
1.027296564920052697e+04,3.861037954765521363e+00
1.027296573547998923e+04,3.861037509553525648e+00
1.027296582175944968e+04,3.861037064397544682e+00
1.027296590803891195e+04,3.861036619297616213e+00
1.027296599431837240e+04,3.861036174253817066e+00
1.027296608059783466e+04,3.861035729266185434e+00
1.027296616687729511e+04,3.861035284334797701e+00
1.027296625315675738e+04,3.861034839459691170e+00
1.027296633943621782e+04,3.861034394640943557e+00
1.027296642571568009e+04,3.861033949878591276e+00
1.027296651199514054e+04,3.861033505172712932e+00
1.027296659827460280e+04,3.861033060523344496e+00
1.027296668455406325e+04,3.861032615930564127e+00
1.027296677083352370e+04,3.861032171394418011e+00
1.027296685711298596e+04,3.861031726914955886e+00
1.027296694339244641e+04,3.861031282492251471e+00
1.027296702967190868e+04,3.861030838126343845e+00
1.027296711595136912e+04,3.861030393817309836e+00
1.027296720223083139e+04,3.861029949565187636e+00
1.027296728851029184e+04,3.861029505370053183e+00
1.027296737478975410e+04,3.861029061231945114e+00
1.027296746106921455e+04,3.861028617150938036e+00
1.027296754734867682e+04,3.861028173127072360e+00
1.027296763362813726e+04,3.861027729160422250e+00
1.027296771990759771e+04,3.861027285251036556e+00
1.027296780618705998e+04,3.861026841398962350e+00
1.027296789246652042e+04,3.861026397604276017e+00
1.027296797874598269e+04,3.861025953867016192e+00
1.027296806502544314e+04,3.861025510187257925e+00
1.027296815130490540e+04,3.861025066565039854e+00
1.027296823758436585e+04,3.861024623000438361e+00
1.027296832386382812e+04,3.861024179493491193e+00
1.027296841014328857e+04,3.861023736044275179e+00
1.027296849642275083e+04,3.861023292652826733e+00
1.027296858270221128e+04,3.861022849319223571e+00
1.027296866898167173e+04,3.861022406043513211e+00
1.027296875526113399e+04,3.861021962825741838e+00
1.027296884154059444e+04,3.861021519665987167e+00
1.027296892782005671e+04,3.861021076564285615e+00
1.027296901409951715e+04,3.861020633520714451e+00
1.027296910037897942e+04,3.861020190535311869e+00
1.027296918665843987e+04,3.861019747608152475e+00
1.027296927293790213e+04,3.861019304739275793e+00
1.027296935921736258e+04,3.861018861928757318e+00
1.027296944549682485e+04,3.861018419176634353e+00
1.027296953177628529e+04,3.861017976482984171e+00
1.027296961805574756e+04,3.861017533847843630e+00
1.027296970433520801e+04,3.861017091271289559e+00
1.027296979061466845e+04,3.861016648753368585e+00
1.027296987689413072e+04,3.861016206294129116e+00
1.027296996317359117e+04,3.861015763893646646e+00
1.027297004945305343e+04,3.861015321551958923e+00
1.027297013573251388e+04,3.861014879269142330e+00
1.027297022201197615e+04,3.861014437045235059e+00
1.027297030829143660e+04,3.861013994880311717e+00
1.027297039457089886e+04,3.861013552774411828e+00
1.027297048085035931e+04,3.861013110727609998e+00
1.027297056712982157e+04,3.861012668739945308e+00
1.027297065340928202e+04,3.861012226811491921e+00
1.027297073968874247e+04,3.861011784942299130e+00
1.027297082596820474e+04,3.861011343132413565e+00
1.027297091224766518e+04,3.861010901381911165e+00
1.027297099852712745e+04,3.861010459690829233e+00
1.027297108480658790e+04,3.861010018059244597e+00
1.027297117108605016e+04,3.861009576487194561e+00
1.027297125736551061e+04,3.861009134974755064e+00
1.027297134364497288e+04,3.861008693521963853e+00
1.027297142992443332e+04,3.861008252128896867e+00
1.027297151620389559e+04,3.861007810795592299e+00
1.027297160248335604e+04,3.861007369522125199e+00
1.027297168876281648e+04,3.861006928308543085e+00
1.027297177504227875e+04,3.861006487154894362e+00
1.027297186132173920e+04,3.861006046061252306e+00
1.027297194760120146e+04,3.861005605027657328e+00
1.027297203388066191e+04,3.861005164054184480e+00
1.027297212016012418e+04,3.861004723140871064e+00
1.027297220643958462e+04,3.861004282287792133e+00
1.027297229271904689e+04,3.861003841494987210e+00
1.027297237899850734e+04,3.861003400762530902e+00
1.027297246527796960e+04,3.861002960090460956e+00
1.027297255155743005e+04,3.861002519478853312e+00
1.027297263783689232e+04,3.861002078927746606e+00
1.027297272411635277e+04,3.861001638437214112e+00
1.027297281039581321e+04,3.861001198007306012e+00
1.027297289667527548e+04,3.861000757638067604e+00
1.027297298295473593e+04,3.861000317329574827e+00
1.027297306923419819e+04,3.860999877081865872e+00
1.027297315551365864e+04,3.860999436895015346e+00
1.027297324179312091e+04,3.860998996769062330e+00
1.027297332807258135e+04,3.860998556704081874e+00
1.027297341435204362e+04,3.860998116700112615e+00
1.027297350063150407e+04,3.860997676757228270e+00
1.027297358691096633e+04,3.860997236875467031e+00
1.027297367319042678e+04,3.860996797054905283e+00
1.027297375946988723e+04,3.860996357295590098e+00
1.027297384574934949e+04,3.860995917597567662e+00
1.027297393202880994e+04,3.860995477960915245e+00
1.027297401830827221e+04,3.860995038385667932e+00
1.027297410458773265e+04,3.860994598871904326e+00
1.027297419086719492e+04,3.860994159419659510e+00
1.027297427714665537e+04,3.860993720029009868e+00
1.027297436342611763e+04,3.860993280699994035e+00
1.027297444970557808e+04,3.860992841432686173e+00
1.027297453598504035e+04,3.860992402227124920e+00
1.027297462226450079e+04,3.860991963083383549e+00
1.027297470854396306e+04,3.860991524001502473e+00
1.027297479482342351e+04,3.860991084981556298e+00
1.027297488110288396e+04,3.860990646023590767e+00
1.027297496738234622e+04,3.860990207127654728e+00
1.027297505366180667e+04,3.860989768293822344e+00
1.027297513994126894e+04,3.860989329522132252e+00
1.027297522622072938e+04,3.860988890812657726e+00
1.027297531250019165e+04,3.860988452165439622e+00
1.027297539877965210e+04,3.860988013580550771e+00
1.027297548505911436e+04,3.860987575058028920e+00
1.027297557133857481e+04,3.860987136597950453e+00
1.027297565761803708e+04,3.860986698200353118e+00
1.027297574389749752e+04,3.860986259865310632e+00
1.027297583017695797e+04,3.860985821592871403e+00
1.027297591645642024e+04,3.860985383383082503e+00
1.027297600273588068e+04,3.860984945236017651e+00
1.027297608901534295e+04,3.860984507151715928e+00
1.027297617529480340e+04,3.860984069130252827e+00
1.027297626157426566e+04,3.860983631171663877e+00
1.027297634785372611e+04,3.860983193276025904e+00
1.027297643413318838e+04,3.860982755443376657e+00
1.027297652041264882e+04,3.860982317673790742e+00
1.027297660669211109e+04,3.860981879967305463e+00
1.027297669297157154e+04,3.860981442323995427e+00
1.027297677925103199e+04,3.860981004743909928e+00
1.027297686553049425e+04,3.860980567227093374e+00
1.027297695180995470e+04,3.860980129773622593e+00
1.027297703808941696e+04,3.860979692383533557e+00
1.027297712436887741e+04,3.860979255056902204e+00
1.027297721064833968e+04,3.860978817793766726e+00
1.027297729692780013e+04,3.860978380594202175e+00
1.027297738320726239e+04,3.860977943458243633e+00
1.027297746948672284e+04,3.860977506385969260e+00
1.027297755576618511e+04,3.860977069377415027e+00
1.027297764204564555e+04,3.860976632432656430e+00
1.027297772832510782e+04,3.860976195551730328e+00
1.027297781460456827e+04,3.860975758734711327e+00
1.027297790088402871e+04,3.860975321981648278e+00
1.027297798716349098e+04,3.860974885292585590e+00
1.027297807344295143e+04,3.860974448667600534e+00
1.027297815972241369e+04,3.860974012106729081e+00
1.027297824600187414e+04,3.860973575610046282e+00
1.027297833228133641e+04,3.860973139177590774e+00
1.027297841856079685e+04,3.860972702809435830e+00
1.027297850484025912e+04,3.860972266505619199e+00
1.027297859111971957e+04,3.860971830266216820e+00
1.027297867739918183e+04,3.860971394091266440e+00
1.027297876367864228e+04,3.860970957980840890e+00
1.027297884995810273e+04,3.860970521934988131e+00
1.027297893623756499e+04,3.860970085953755238e+00
1.027297902251702544e+04,3.860969650037217260e+00
1.027297910879648771e+04,3.860969214185410170e+00
1.027297919507594816e+04,3.860968778398409906e+00
1.027297928135541042e+04,3.860968342676253773e+00
1.027297936763487087e+04,3.860967907019016376e+00
1.027297945391433313e+04,3.860967471426735909e+00
1.027297954019379358e+04,3.860967035899485200e+00
1.027297962647325585e+04,3.860966600437303331e+00
1.027297971275271630e+04,3.860966165040265352e+00
1.027297979903217856e+04,3.860965729708406347e+00
1.027297988531163901e+04,3.860965294441803586e+00
1.027297997159109946e+04,3.860964859240502367e+00
1.027298005787056172e+04,3.860964424104550208e+00
1.027298014415002217e+04,3.860963989034020827e+00
1.027298023042948444e+04,3.860963554028951972e+00
1.027298031670894488e+04,3.860963119089417805e+00
1.027298040298840715e+04,3.860962684215457852e+00
1.027298048926786760e+04,3.860962249407144053e+00
1.027298057554732986e+04,3.860961814664515490e+00
1.027298066182679031e+04,3.860961379987645881e+00
1.027298074810625258e+04,3.860960945376572528e+00
1.027298083438571302e+04,3.860960510831370485e+00
1.027298092066517347e+04,3.860960076352085490e+00
1.027298100694463574e+04,3.860959641938765063e+00
1.027298109322409618e+04,3.860959207591483811e+00
1.027298117950355845e+04,3.860958773310279479e+00
1.027298126578301890e+04,3.860958339095224900e+00
1.027298135206248116e+04,3.860957904946359154e+00
1.027298143834194161e+04,3.860957470863755514e+00
1.027298152462140388e+04,3.860957036847451285e+00
1.027298161090086433e+04,3.860956602897521073e+00
1.027298169718032659e+04,3.860956169014003514e+00
1.027298178345978704e+04,3.860955735196971883e+00
1.027298186973924749e+04,3.860955301446471477e+00
1.027298195601870975e+04,3.860954867762551590e+00
1.027298204229817020e+04,3.860954434145284164e+00
1.027298212857763247e+04,3.860954000594708724e+00
1.027298221485709291e+04,3.860953567110897211e+00
1.027298230113655518e+04,3.860953133693887818e+00
1.027298238741601563e+04,3.860952700343756039e+00
1.027298247369547789e+04,3.860952267060538290e+00
1.027298255997493834e+04,3.860951833844308290e+00
1.027298264625440061e+04,3.860951400695104674e+00
1.027298273253386105e+04,3.860950967612999829e+00
1.027298281881332332e+04,3.860950534598032835e+00
1.027298290509278377e+04,3.860950101650276522e+00
1.027298299137224421e+04,3.860949668769778409e+00
1.027298307765170648e+04,3.860949235956585124e+00
1.027298316393116693e+04,3.860948803210769054e+00
1.027298325021062919e+04,3.860948370532370166e+00
1.027298333649008964e+04,3.860947937921459516e+00
1.027298342276955191e+04,3.860947505378077071e+00
1.027298350904901235e+04,3.860947072902295663e+00
1.027298359532847462e+04,3.860946640494153037e+00
1.027298368160793507e+04,3.860946208153722914e+00
1.027298376788739733e+04,3.860945775881042596e+00
1.027298385416685778e+04,3.860945343676186248e+00
1.027298394044631823e+04,3.860944911539199165e+00
1.027298402672578050e+04,3.860944479470130641e+00
1.027298411300524094e+04,3.860944047469051732e+00
1.027298419928470321e+04,3.860943615536001072e+00
1.027298428556416366e+04,3.860943183671052825e+00
1.027298437184362592e+04,3.860942751874243406e+00
1.027298445812308637e+04,3.860942320145646978e+00
1.027298454440254864e+04,3.860941888485300844e+00
1.027298463068200908e+04,3.860941456893280055e+00
1.027298471696147135e+04,3.860941025369620139e+00
1.027298480324093180e+04,3.860940593914395702e+00
1.027298488952039406e+04,3.860940162527644048e+00
1.027298497579985451e+04,3.860939731209438897e+00
1.027298506207931496e+04,3.860939299959826876e+00
1.027298514835877722e+04,3.860938868778853728e+00
1.027298523463823767e+04,3.860938437666593614e+00
1.027298532091769994e+04,3.860938006623084284e+00
1.027298540719716038e+04,3.860937575648398123e+00
1.027298549347662265e+04,3.860937144742574212e+00
1.027298557975608310e+04,3.860936713905684048e+00
1.027298566603554536e+04,3.860936283137766711e+00
1.027298575231500581e+04,3.860935852438895477e+00
1.027298583859446808e+04,3.860935421809107648e+00
1.027298592487392852e+04,3.860934991248476500e+00
1.027298601115338897e+04,3.860934560757048217e+00
1.027298609743285124e+04,3.860934130334869430e+00
1.027298618371231169e+04,3.860933699982013412e+00
1.027298626999177395e+04,3.860933269698517911e+00
1.027298635627123440e+04,3.860932839484455759e+00
1.027298644255069667e+04,3.860932409339865590e+00
1.027298652883015711e+04,3.860931979264818903e+00
1.027298661510961938e+04,3.860931549259355222e+00
1.027298670138907983e+04,3.860931119323546490e+00
1.027298678766854209e+04,3.860930689457430010e+00
1.027298687394800254e+04,3.860930259661079500e+00
1.027298696022746299e+04,3.860929829934540702e+00
1.027298704650692525e+04,3.860929400277861578e+00
1.027298713278638570e+04,3.860928970691113626e+00
1.027298721906584797e+04,3.860928541174335038e+00
1.027298730534530841e+04,3.860928111727598644e+00
1.027298739162477068e+04,3.860927682350943080e+00
1.027298747790423113e+04,3.860927253044439400e+00
1.027298756418369339e+04,3.860926823808126240e+00
1.027298765046315384e+04,3.860926394642077319e+00
1.027298773674261611e+04,3.860925965546328609e+00
1.027298782302207655e+04,3.860925536520953383e+00
1.027298790930153882e+04,3.860925107565990722e+00
1.027298799558099927e+04,3.860924678681511679e+00
1.027298808186045972e+04,3.860924249867564662e+00
1.027298816813992198e+04,3.860923821124192745e+00
1.027298825441938243e+04,3.860923392451472314e+00
1.027298834069884469e+04,3.860922963849438450e+00
1.027298842697830514e+04,3.860922535318165760e+00
1.027298851325776741e+04,3.860922106857690661e+00
1.027298859953722786e+04,3.860921678468086427e+00
1.027298868581669012e+04,3.860921250149389472e+00
1.027298877209615057e+04,3.860920821901674849e+00
1.027298885837561284e+04,3.860920393724977639e+00
1.027298894465507328e+04,3.860919965619372007e+00
1.027298903093453373e+04,3.860919537584903694e+00
1.027298911721399600e+04,3.860919109621618883e+00
1.027298920349345644e+04,3.860918681729591739e+00
1.027298928977291871e+04,3.860918253908857345e+00
1.027298937605237916e+04,3.860917826159490307e+00
1.027298946233184142e+04,3.860917398481527041e+00
1.027298954861130187e+04,3.860916970875041265e+00
1.027298963489076414e+04,3.860916543340068952e+00
1.027298972117022458e+04,3.860916115876683818e+00
1.027298980744968685e+04,3.860915688484923169e+00
1.027298989372914730e+04,3.860915261164858947e+00
1.027298998000860774e+04,3.860914833916537781e+00
1.027299006628807001e+04,3.860914406740006743e+00
1.027299015256753046e+04,3.860913979635336890e+00
1.027299023884699272e+04,3.860913552602566856e+00
1.027299032512645317e+04,3.860913125641768584e+00
1.027299041140591544e+04,3.860912698752979377e+00
1.027299049768537589e+04,3.860912271936272955e+00
1.027299058396483815e+04,3.860911845191684844e+00
1.027299067024429860e+04,3.860911418519288762e+00
1.027299075652376087e+04,3.860910991919120683e+00
1.027299084280322131e+04,3.860910565391256100e+00
1.027299092908268358e+04,3.860910138935729208e+00
1.027299101536214403e+04,3.860909712552614170e+00
1.027299110164160447e+04,3.860909286241956284e+00
1.027299118792106674e+04,3.860908860003801291e+00
1.027299127420052719e+04,3.860908433838223353e+00
1.027299136047998945e+04,3.860908007745258885e+00
1.027299144675944990e+04,3.860907581724979387e+00
1.027299153303891217e+04,3.860907155777423050e+00
1.027299161931837261e+04,3.860906729902662704e+00
1.027299170559783488e+04,3.860906304100734765e+00
1.027299179187729533e+04,3.860905878371711175e+00
1.027299187815675759e+04,3.860905452715630570e+00
1.027299196443621804e+04,3.860905027132564893e+00
1.027299205071567849e+04,3.860904601622558996e+00
1.027299213699514075e+04,3.860904176185660397e+00
1.027299222327460120e+04,3.860903750821941038e+00
1.027299230955406347e+04,3.860903325531436892e+00
1.027299239583352391e+04,3.860902900314222563e+00
1.027299248211298618e+04,3.860902475170333581e+00
1.027299256839244663e+04,3.860902050099841887e+00
1.027299265467190889e+04,3.860901625102786561e+00
1.027299274095136934e+04,3.860901200179237325e+00
1.027299282723083161e+04,3.860900775329233259e+00
1.027299291351029206e+04,3.860900350552845861e+00
1.027299299978975432e+04,3.860899925850112435e+00
1.027299308606921477e+04,3.860899501221105812e+00
1.027299317234867522e+04,3.860899076665871288e+00
1.027299325862813748e+04,3.860898652184453717e+00
1.027299334490759793e+04,3.860898227776927261e+00
1.027299343118706020e+04,3.860897803443327447e+00
1.027299351746652064e+04,3.860897379183727107e+00
1.027299360374598291e+04,3.860896954998163544e+00
1.027299369002544336e+04,3.860896530886708256e+00
1.027299377630490562e+04,3.860896106849398990e+00
1.027299386258436607e+04,3.860895682886307689e+00
1.027299394886382834e+04,3.860895258997470769e+00
1.027299403514328878e+04,3.860894835182961060e+00
1.027299412142274923e+04,3.860894411442824303e+00
1.027299420770221150e+04,3.860893987777106240e+00
1.027299429398167194e+04,3.860893564185878812e+00
1.027299438026113421e+04,3.860893140669178880e+00
1.027299446654059466e+04,3.860892717227078386e+00
1.027299455282005692e+04,3.860892293859615076e+00
1.027299463909951737e+04,3.860891870566860451e+00
1.027299472537897964e+04,3.860891447348851369e+00
1.027299481165844009e+04,3.860891024205658884e+00
1.027299489793790235e+04,3.860890601137322520e+00
1.027299498421736280e+04,3.860890178143912443e+00
1.027299507049682325e+04,3.860889755225474396e+00
1.027299515677628551e+04,3.860889332382054562e+00
1.027299524305574596e+04,3.860888909613725328e+00
1.027299532933520823e+04,3.860888486920521334e+00
1.027299541561466867e+04,3.860888064302517630e+00
1.027299550189413094e+04,3.860887641759749300e+00
1.027299558817359139e+04,3.860887219292288730e+00
1.027299567445305365e+04,3.860886796900171891e+00
1.027299576073251410e+04,3.860886374583472502e+00
1.027299584701197637e+04,3.860885952342225202e+00
1.027299593329143681e+04,3.860885530176504155e+00
1.027299601957089908e+04,3.860885108086343998e+00
1.027299610585035953e+04,3.860884686071818894e+00
1.027299619212981997e+04,3.860884264132971477e+00
1.027299627840928224e+04,3.860883842269850152e+00
1.027299636468874269e+04,3.860883420482525974e+00
1.027299645096820495e+04,3.860882998771034469e+00
1.027299653724766540e+04,3.860882577135448468e+00
1.027299662352712767e+04,3.860882155575804831e+00
1.027299670980658811e+04,3.860881734092175499e+00
1.027299679608605038e+04,3.860881312684595557e+00
1.027299688236551083e+04,3.860880891353138722e+00
1.027299696864497309e+04,3.860880470097841410e+00
1.027299705492443354e+04,3.860880048918775120e+00
1.027299714120389399e+04,3.860879627815984261e+00
1.027299722748335626e+04,3.860879206789515905e+00
1.027299731376281670e+04,3.860878785839441107e+00
1.027299740004227897e+04,3.860878364965796727e+00
1.027299748632173942e+04,3.860877944168653375e+00
1.027299757260120168e+04,3.860877523448048798e+00
1.027299765888066213e+04,3.860877102804055383e+00
1.027299774516012440e+04,3.860876682236707769e+00
1.027299783143958484e+04,3.860876261746079230e+00
1.027299791771904711e+04,3.860875841332206182e+00
1.027299800399850756e+04,3.860875420995159235e+00
1.027299809027796982e+04,3.860875000734976137e+00
1.027299817655743027e+04,3.860874580551727941e+00
1.027299826283689072e+04,3.860874160445459946e+00
1.027299834911635298e+04,3.860873740416217892e+00
1.027299843539581343e+04,3.860873320464073277e+00
1.027299852167527570e+04,3.860872900589061629e+00
1.027299860795473614e+04,3.860872480791256667e+00
1.027299869423419841e+04,3.860872061070692585e+00
1.027299878051365886e+04,3.860871641427442214e+00
1.027299886679312112e+04,3.860871221861542413e+00
1.027299895307258157e+04,3.860870802373063349e+00
1.027299903935204384e+04,3.860870382962042768e+00
1.027299912563150428e+04,3.860869963628551282e+00
1.027299921191096473e+04,3.860869544372635076e+00
1.027299929819042700e+04,3.860869125194338558e+00
1.027299938446988745e+04,3.860868706093733671e+00
1.027299947074934971e+04,3.860868287070855498e+00
1.027299955702881016e+04,3.860867868125778202e+00
1.027299964330827243e+04,3.860867449258535533e+00
1.027299972958773287e+04,3.860867030469200767e+00
1.027299981586719514e+04,3.860866611757809430e+00
1.027299990214665559e+04,3.860866193124433021e+00
1.027299998842611785e+04,3.860865774569108844e+00
1.027300007470557830e+04,3.860865356091906175e+00
1.027300016098503875e+04,3.860864937692871646e+00
1.027300024726450101e+04,3.860864519372050552e+00
1.027300033354396146e+04,3.860864101129513948e+00
1.027300041982342373e+04,3.860863682965298249e+00
1.027300050610288417e+04,3.860863264879473622e+00
1.027300059238234644e+04,3.860862846872077814e+00
1.027300067866180689e+04,3.860862428943181879e+00
1.027300076494126915e+04,3.860862011092822232e+00
1.027300085122072960e+04,3.860861593321069485e+00
1.027300093750019187e+04,3.860861175627960051e+00
1.027300102377965231e+04,3.860860758013565874e+00
1.027300111005911458e+04,3.860860340477922481e+00
1.027300119633857503e+04,3.860859923021102702e+00
1.027300128261803548e+04,3.860859505643148726e+00
1.027300136889749774e+04,3.860859088344107626e+00
1.027300145517695819e+04,3.860858671124050012e+00
1.027300154145642045e+04,3.860858253983012744e+00
1.027300162773588090e+04,3.860857836921065989e+00
1.027300171401534317e+04,3.860857419938246604e+00
1.027300180029480362e+04,3.860857003034625201e+00
1.027300188657426588e+04,3.860856586210238195e+00
1.027300197285372633e+04,3.860856169465157528e+00
1.027300205913318860e+04,3.860855752799418728e+00
1.027300214541264904e+04,3.860855336213091960e+00
1.027300223169210949e+04,3.860854919706224297e+00
1.027300231797157176e+04,3.860854503278858374e+00
1.027300240425103220e+04,3.860854086931066576e+00
1.027300249053049447e+04,3.860853670662884873e+00
1.027300257680995492e+04,3.860853254474384322e+00
1.027300266308941718e+04,3.860852838365600892e+00
1.027300274936887763e+04,3.860852422336605638e+00
1.027300283564833990e+04,3.860852006387434532e+00
1.027300292192780034e+04,3.860851590518158627e+00
1.027300300820726261e+04,3.860851174728814339e+00
1.027300309448672306e+04,3.860850759019471834e+00
1.027300318076618532e+04,3.860850343390167971e+00
1.027300326704564577e+04,3.860849927840973805e+00
1.027300335332510622e+04,3.860849512371933301e+00
1.027300343960456848e+04,3.860849096983092199e+00
1.027300352588402893e+04,3.860848681674521110e+00
1.027300361216349120e+04,3.860848266446255561e+00
1.027300369844295165e+04,3.860847851298366606e+00
1.027300378472241391e+04,3.860847436230890217e+00
1.027300387100187436e+04,3.860847021243897892e+00
1.027300395728133662e+04,3.860846606337424713e+00
1.027300404356079707e+04,3.860846191511542624e+00
1.027300412984025934e+04,3.860845776766286708e+00
1.027300421611971979e+04,3.860845362101727130e+00
1.027300430239918023e+04,3.860844947517910963e+00
1.027300438867864250e+04,3.860844533014880398e+00
1.027300447495810295e+04,3.860844118592707375e+00
1.027300456123756521e+04,3.860843704251428310e+00
1.027300464751702566e+04,3.860843289991112925e+00
1.027300473379648793e+04,3.860842875811797636e+00
1.027300482007594837e+04,3.860842461713552165e+00
1.027300490635541064e+04,3.860842047696414703e+00
1.027300499263487109e+04,3.860841633760453639e+00
1.027300507891433335e+04,3.860841219905706279e+00
1.027300516519379380e+04,3.860840806132241898e+00
1.027300525147325425e+04,3.860840392440107127e+00
1.027300533775271651e+04,3.860839978829344599e+00
1.027300542403217696e+04,3.860839565300026255e+00
1.027300551031163923e+04,3.860839151852187179e+00
1.027300559659109967e+04,3.860838738485898869e+00
1.027300568287056194e+04,3.860838325201195076e+00
1.027300576915002239e+04,3.860837911998149075e+00
1.027300585542948465e+04,3.860837498876794616e+00
1.027300594170894510e+04,3.860837085837203642e+00
1.027300602798840737e+04,3.860836672879411680e+00
1.027300611426786782e+04,3.860836260003488452e+00
1.027300620054733008e+04,3.860835847209469929e+00
1.027300628682679053e+04,3.860835434497427610e+00
1.027300637310625098e+04,3.860835021867405459e+00
1.027300645938571324e+04,3.860834609319446997e+00
1.027300654566517369e+04,3.860834196853623723e+00
1.027300663194463596e+04,3.860833784469971608e+00
1.027300671822409640e+04,3.860833372168559929e+00
1.027300680450355867e+04,3.860832959949425547e+00
1.027300689078301912e+04,3.860832547812638182e+00
1.027300697706248138e+04,3.860832135758234251e+00
1.027300706334194183e+04,3.860831723786282588e+00
1.027300714962140410e+04,3.860831311896820939e+00
1.027300723590086454e+04,3.860830900089918138e+00
1.027300732218032499e+04,3.860830488365619928e+00
1.027300740845978726e+04,3.860830076723968940e+00
1.027300749473924770e+04,3.860829665165036673e+00
1.027300758101870997e+04,3.860829253688858653e+00
1.027300766729817042e+04,3.860828842295504604e+00
1.027300775357763268e+04,3.860828430985011828e+00
1.027300783985709313e+04,3.860828019757447827e+00
1.027300792613655540e+04,3.860827608612850792e+00
1.027300801241601584e+04,3.860827197551289114e+00
1.027300809869547811e+04,3.860826786572799207e+00
1.027300818497493856e+04,3.860826375677451683e+00
1.027300827125439901e+04,3.860825964865290505e+00
1.027300835753386127e+04,3.860825554136359195e+00
1.027300844381332172e+04,3.860825143490729694e+00
1.027300853009278399e+04,3.860824732928435310e+00
1.027300861637224443e+04,3.860824322449547541e+00
1.027300870265170670e+04,3.860823912054102358e+00
1.027300878893116715e+04,3.860823501742168595e+00
1.027300887521062941e+04,3.860823091513782224e+00
1.027300896149008986e+04,3.860822681369014298e+00
1.027300904776955213e+04,3.860822271307899012e+00
1.027300913404901257e+04,3.860821861330506977e+00
1.027300922032847484e+04,3.860821451436873719e+00
1.027300930660793529e+04,3.860821041627068961e+00
1.027300939288739573e+04,3.860820631901138000e+00
1.027300947916685800e+04,3.860820222259123469e+00
1.027300956544631845e+04,3.860819812701095977e+00
1.027300965172578071e+04,3.860819403227091495e+00
1.027300973800524116e+04,3.860818993837178859e+00
1.027300982428470343e+04,3.860818584531394926e+00
1.027300991056416387e+04,3.860818175309808531e+00
1.027300999684362614e+04,3.860817766172455201e+00
1.027301008312308659e+04,3.860817357119404658e+00
1.027301016940254885e+04,3.860816948150693761e+00
1.027301025568200930e+04,3.860816539266391345e+00
1.027301034196146975e+04,3.860816130466541374e+00
1.027301042824093201e+04,3.860815721751187812e+00
1.027301051452039246e+04,3.860815313120400383e+00
1.027301060079985473e+04,3.860814904574215500e+00
1.027301068707931518e+04,3.860814496112701999e+00
1.027301077335877744e+04,3.860814087735894518e+00
1.027301085963823789e+04,3.860813679443865443e+00
1.027301094591770016e+04,3.860813271236646749e+00
1.027301103219716060e+04,3.860812863114311266e+00
1.027301111847662287e+04,3.860812455076892302e+00
1.027301120475608332e+04,3.860812047124460911e+00
1.027301129103554558e+04,3.860811639257051286e+00
1.027301137731500603e+04,3.860811231474734040e+00
1.027301146359446648e+04,3.860810823777552692e+00
1.027301154987392874e+04,3.860810416165551207e+00
1.027301163615338919e+04,3.860810008638798418e+00
1.027301172243285146e+04,3.860809601197331631e+00
1.027301180871231190e+04,3.860809193841217901e+00
1.027301189499177417e+04,3.860808786570494977e+00
1.027301198127123462e+04,3.860808379385230360e+00
1.027301206755069688e+04,3.860807972285460465e+00
1.027301215383015733e+04,3.860807565271255015e+00
1.027301224010961960e+04,3.860807158342648204e+00
1.027301232638908004e+04,3.860806751499710643e+00
1.027301241266854049e+04,3.860806344742485408e+00
1.027301249894800276e+04,3.860805938071016907e+00
1.027301258522746321e+04,3.860805531485375308e+00
1.027301267150692547e+04,3.860805124985593473e+00
1.027301275778638592e+04,3.860804718571742455e+00
1.027301284406584818e+04,3.860804312243857339e+00
1.027301293034530863e+04,3.860803906002007846e+00
1.027301301662477090e+04,3.860803499846228171e+00
1.027301310290423135e+04,3.860803093776588923e+00
1.027301318918369361e+04,3.860802687793124299e+00
1.027301327546315406e+04,3.860802281895904020e+00
1.027301336174261451e+04,3.860801876084972051e+00
1.027301344802207677e+04,3.860801470360371468e+00
1.027301353430153722e+04,3.860801064722171994e+00
1.027301362058099949e+04,3.860800659170409155e+00
1.027301370686045993e+04,3.860800253705151786e+00
1.027301379313992220e+04,3.860799848326434081e+00
1.027301387941938265e+04,3.860799443034327538e+00
1.027301396569884491e+04,3.860799037828865465e+00
1.027301405197830536e+04,3.860798632710117140e+00
1.027301413825776763e+04,3.860798227678118533e+00
1.027301422453722807e+04,3.860797822732938478e+00
1.027301431081669034e+04,3.860797417874612059e+00
1.027301439709615079e+04,3.860797013103208553e+00
1.027301448337561123e+04,3.860796608418771481e+00
1.027301456965507350e+04,3.860796203821344363e+00
1.027301465593453395e+04,3.860795799310996035e+00
1.027301474221399621e+04,3.860795394887762022e+00
1.027301482849345666e+04,3.860794990551710271e+00
1.027301491477291893e+04,3.860794586302877640e+00
1.027301500105237938e+04,3.860794182141332964e+00
1.027301508733184164e+04,3.860793778067109994e+00
1.027301517361130209e+04,3.860793374080277562e+00
1.027301525989076436e+04,3.860792970180872530e+00
1.027301534617022480e+04,3.860792566368961953e+00
1.027301543244968525e+04,3.860792162644590686e+00
1.027301551872914752e+04,3.860791759007801804e+00
1.027301560500860796e+04,3.860791355458664142e+00
1.027301569128807023e+04,3.860790951997212339e+00
1.027301577756753068e+04,3.860790548623517005e+00
1.027301586384699294e+04,3.860790145337610557e+00
1.027301595012645339e+04,3.860789742139562719e+00
1.027301603640591566e+04,3.860789339029409906e+00
1.027301612268537610e+04,3.860788936007219618e+00
1.027301620896483837e+04,3.860788533073026940e+00
1.027301629524429882e+04,3.860788130226900705e+00
1.027301638152376108e+04,3.860787727468875996e+00
1.027301646780322153e+04,3.860787324799021647e+00
1.027301655408268198e+04,3.860786922217381179e+00
1.027301664036214424e+04,3.860786519723997223e+00
1.027301672664160469e+04,3.860786117318938171e+00
1.027301681292106696e+04,3.860785715002241769e+00
1.027301689920052740e+04,3.860785312773972855e+00
1.027301698547998967e+04,3.860784910634169620e+00
1.027301707175945012e+04,3.860784508582897789e+00
1.027301715803891238e+04,3.860784106620194667e+00
1.027301724431837283e+04,3.860783704746127754e+00
1.027301733059783510e+04,3.860783302960731689e+00
1.027301741687729555e+04,3.860782901264076639e+00
1.027301750315675599e+04,3.860782499656203459e+00
1.027301758943621826e+04,3.860782098137157003e+00
1.027301767571567871e+04,3.860781696707006105e+00
1.027301776199514097e+04,3.860781295365783627e+00
1.027301784827460142e+04,3.860780894113561068e+00
1.027301793455406369e+04,3.860780492950370846e+00
1.027301802083352413e+04,3.860780091876281350e+00
1.027301810711298640e+04,3.860779690891328997e+00
1.027301819339244685e+04,3.860779289995582175e+00
1.027301827967190911e+04,3.860778889189074192e+00
1.027301836595136956e+04,3.860778488471873438e+00
1.027301845223083001e+04,3.860778087844025208e+00
1.027301853851029227e+04,3.860777687305570804e+00
1.027301862478975272e+04,3.860777286856579504e+00
1.027301871106921499e+04,3.860776886497085503e+00
1.027301879734867543e+04,3.860776486227157189e+00
1.027301888362813770e+04,3.860776086046829647e+00
1.027301896990759815e+04,3.860775685956170822e+00
1.027301905618706041e+04,3.860775285955215796e+00
1.027301914246652086e+04,3.860774886044032961e+00
1.027301922874598313e+04,3.860774486222656510e+00
1.027301931502544357e+04,3.860774086491154833e+00
1.027301940130490584e+04,3.860773686849562569e+00
1.027301948758436629e+04,3.860773287297948109e+00
1.027301957386382674e+04,3.860772887836354972e+00
1.027301966014328900e+04,3.860772488464824459e+00
1.027301974642274945e+04,3.860772089183426736e+00
1.027301983270221172e+04,3.860771689992195554e+00
1.027301991898167216e+04,3.860771290891199303e+00
1.027302000526113443e+04,3.860770891880473510e+00
1.027302009154059488e+04,3.860770492960083899e+00
1.027302017782005714e+04,3.860770094130066887e+00
1.027302026409951759e+04,3.860769695390490419e+00
1.027302035037897986e+04,3.860769296741388690e+00
1.027302043665844030e+04,3.860768898182829645e+00
1.027302052293790075e+04,3.860768499714855917e+00
1.027302060921736302e+04,3.860768101337511915e+00
1.027302069549682346e+04,3.860767703050864252e+00
1.027302078177628573e+04,3.860767304854948012e+00
1.027302086805574618e+04,3.860766906749831584e+00
1.027302095433520844e+04,3.860766508735548275e+00
1.027302104061466889e+04,3.860766110812167806e+00
1.027302112689413116e+04,3.860765712979723041e+00
1.027302121317359160e+04,3.860765315238282369e+00
1.027302129945305387e+04,3.860764917587881317e+00
1.027302138573251432e+04,3.860764520028586055e+00
1.027302147201197658e+04,3.860764122560432554e+00
1.027302155829143703e+04,3.860763725183487427e+00
1.027302164457089748e+04,3.860763327897794195e+00
1.027302173085035975e+04,3.860762930703395934e+00
1.027302181712982019e+04,3.860762533600360591e+00
1.027302190340928246e+04,3.860762136588721471e+00
1.027302198968874291e+04,3.860761739668547410e+00
1.027302207596820517e+04,3.860761342839871713e+00
1.027302216224766562e+04,3.860760946102763658e+00
1.027302224852712789e+04,3.860760549457256996e+00
1.027302233480658833e+04,3.860760152903419229e+00
1.027302242108605060e+04,3.860759756441284107e+00
1.027302250736551105e+04,3.860759360070920465e+00
1.027302259364497149e+04,3.860758963792371379e+00
1.027302267992443376e+04,3.860758567605677705e+00
1.027302276620389421e+04,3.860758171510908721e+00
1.027302285248335647e+04,3.860757775508097733e+00
1.027302293876281692e+04,3.860757379597313577e+00
1.027302302504227919e+04,3.860756983778590001e+00
1.027302311132173963e+04,3.860756588051994065e+00
1.027302319760120190e+04,3.860756192417560406e+00
1.027302328388066235e+04,3.860755796875356083e+00
1.027302337016012461e+04,3.860755401425416622e+00
1.027302345643958506e+04,3.860755006067809525e+00
1.027302354271904551e+04,3.860754610802575648e+00
1.027302362899850777e+04,3.860754215629758956e+00
1.027302371527796822e+04,3.860753820549427395e+00
1.027302380155743049e+04,3.860753425561613827e+00
1.027302388783689094e+04,3.860753030666386643e+00
1.027302397411635320e+04,3.860752635863779592e+00
1.027302406039581365e+04,3.860752241153859732e+00
1.027302414667527592e+04,3.860751846536663034e+00
1.027302423295473636e+04,3.860751452012254337e+00
1.027302431923419863e+04,3.860751057580670498e+00
1.027302440551365908e+04,3.860750663241977243e+00
1.027302449179312134e+04,3.860750268996208767e+00
1.027302457807258179e+04,3.860749874843433016e+00
1.027302466435204224e+04,3.860749480783692178e+00
1.027302475063150450e+04,3.860749086817028886e+00
1.027302483691096495e+04,3.860748692943510196e+00
1.027302492319042722e+04,3.860748299163169417e+00
1.027302500946988766e+04,3.860747905476075825e+00
1.027302509574934993e+04,3.860747511882262284e+00
1.027302518202881038e+04,3.860747118381796295e+00
1.027302526830827264e+04,3.860746724974710276e+00
1.027302535458773309e+04,3.860746331661074837e+00
1.027302544086719536e+04,3.860745938440921510e+00
1.027302552714665580e+04,3.860745545314317795e+00
1.027302561342611625e+04,3.860745152281306325e+00
1.027302569970557852e+04,3.860744759341930177e+00
1.027302578598503897e+04,3.860744366496255964e+00
1.027302587226450123e+04,3.860743973744316548e+00
1.027302595854396168e+04,3.860743581086180765e+00
1.027302604482342394e+04,3.860743188521881475e+00
1.027302613110288439e+04,3.860742796051486625e+00
1.027302621738234666e+04,3.860742403675029522e+00
1.027302630366180711e+04,3.860742011392577222e+00
1.027302638994126937e+04,3.860741619204164365e+00
1.027302647622072982e+04,3.860741227109857121e+00
1.027302656250019027e+04,3.860740835109697677e+00
1.027302664877965253e+04,3.860740443203729999e+00
1.027302673505911298e+04,3.860740051392018479e+00
1.027302682133857525e+04,3.860739659674598645e+00
1.027302690761803569e+04,3.860739268051537554e+00
1.027302699389749796e+04,3.860738876522868512e+00
1.027302708017695841e+04,3.860738485088658134e+00
1.027302716645642067e+04,3.860738093748941058e+00
1.027302725273588112e+04,3.860737702503783453e+00
1.027302733901534339e+04,3.860737311353219958e+00
1.027302742529480383e+04,3.860736920297316299e+00
1.027302751157426610e+04,3.860736529336108447e+00
1.027302759785372655e+04,3.860736138469660794e+00
1.027302768413318699e+04,3.860735747698016418e+00
1.027302777041264926e+04,3.860735357021217951e+00
1.027302785669210971e+04,3.860734966439332450e+00
1.027302794297157197e+04,3.860734575952391445e+00
1.027302802925103242e+04,3.860734185560464216e+00
1.027302811553049469e+04,3.860733795263582735e+00
1.027302820180995514e+04,3.860733405061814949e+00
1.027302828808941740e+04,3.860733014955193720e+00
1.027302837436887785e+04,3.860732624943786107e+00
1.027302846064834011e+04,3.860732235027627191e+00
1.027302854692780056e+04,3.860731845206781365e+00
1.027302863320726101e+04,3.860731455481291707e+00
1.027302871948672328e+04,3.860731065851199517e+00
1.027302880576618372e+04,3.860730676316572740e+00
1.027302889204564599e+04,3.860730286877444239e+00
1.027302897832510644e+04,3.860729897533880184e+00
1.027302906460456870e+04,3.860729508285915212e+00
1.027302915088402915e+04,3.860729119133614606e+00
1.027302923716349142e+04,3.860728730077013449e+00
1.027302932344295186e+04,3.860728341116177464e+00
1.027302940972241413e+04,3.860727952251139961e+00
1.027302949600187458e+04,3.860727563481968883e+00
1.027302958228133684e+04,3.860727174808696205e+00
1.027302966856079729e+04,3.860726786231388541e+00
1.027302975484025774e+04,3.860726397750089411e+00
1.027302984111972000e+04,3.860726009364838340e+00
1.027302992739918045e+04,3.860725621075703717e+00
1.027303001367864272e+04,3.860725232882717073e+00
1.027303009995810316e+04,3.860724844785946797e+00
1.027303018623756543e+04,3.860724456785425751e+00
1.027303027251702588e+04,3.860724068881220106e+00
1.027303035879648814e+04,3.860723681073363167e+00
1.027303044507594859e+04,3.860723293361921105e+00
1.027303053135541086e+04,3.860722905746928113e+00
1.027303061763487131e+04,3.860722518228451250e+00
1.027303070391433175e+04,3.860722130806529595e+00
1.027303079019379402e+04,3.860721743481208001e+00
1.027303087647325447e+04,3.860721356252549530e+00
1.027303096275271673e+04,3.860720969120591040e+00
1.027303104903217718e+04,3.860720582085395591e+00
1.027303113531163945e+04,3.860720195146998268e+00
1.027303122159109989e+04,3.860719808305464795e+00
1.027303130787056216e+04,3.860719421560829812e+00
1.027303139415002261e+04,3.860719034913158154e+00
1.027303148042948487e+04,3.860718648362483130e+00
1.027303156670894532e+04,3.860718261908870907e+00
1.027303165298840577e+04,3.860717875552364564e+00
1.027303173926786803e+04,3.860717489293004068e+00
1.027303182554732848e+04,3.860717103130855143e+00
1.027303191182679075e+04,3.860716717065952874e+00
1.027303199810625119e+04,3.860716331098361653e+00
1.027303208438571346e+04,3.860715945228116563e+00
1.027303217066517391e+04,3.860715559455282442e+00
1.027303225694463617e+04,3.860715173779892151e+00
1.027303234322409662e+04,3.860714788202013192e+00
1.027303242950355889e+04,3.860714402721677541e+00
1.027303251578301933e+04,3.860714017338952253e+00
1.027303260206248160e+04,3.860713632053869304e+00
1.027303268834194205e+04,3.860713246866495307e+00
1.027303277462140250e+04,3.860712861776871563e+00
1.027303286090086476e+04,3.860712476785040259e+00
1.027303294718032521e+04,3.860712091891066233e+00
1.027303303345978748e+04,3.860711707094983680e+00
1.027303311973924792e+04,3.860711322396857437e+00
1.027303320601871019e+04,3.860710937796720810e+00
1.027303329229817064e+04,3.860710553294640857e+00
1.027303337857763290e+04,3.860710168890649552e+00
1.027303346485709335e+04,3.860709784584813065e+00
1.027303355113655562e+04,3.860709400377164702e+00
1.027303363741601606e+04,3.860709016267769744e+00
1.027303372369547651e+04,3.860708632256669048e+00
1.027303380997493878e+04,3.860708248343906135e+00
1.027303389625439922e+04,3.860707864529544509e+00
1.027303398253386149e+04,3.860707480813617920e+00
1.027303406881332194e+04,3.860707097196192539e+00
1.027303415509278420e+04,3.860706713677301671e+00
1.027303424137224465e+04,3.860706330257009711e+00
1.027303432765170692e+04,3.860705946935350408e+00
1.027303441393116736e+04,3.860705563712389488e+00
1.027303450021062963e+04,3.860705180588160257e+00
1.027303458649009008e+04,3.860704797562727997e+00
1.027303467276955234e+04,3.860704414636125570e+00
1.027303475904901279e+04,3.860704031808418701e+00
1.027303484532847324e+04,3.860703649079648248e+00
1.027303493160793550e+04,3.860703266449855953e+00
1.027303501788739595e+04,3.860702883919106654e+00
1.027303510416685822e+04,3.860702501487434546e+00
1.027303519044631867e+04,3.860702119154903578e+00
1.027303527672578093e+04,3.860701736921548388e+00
1.027303536300524138e+04,3.860701354787432926e+00
1.027303544928470365e+04,3.860700972752590943e+00
1.027303553556416409e+04,3.860700590817087718e+00
1.027303562184362636e+04,3.860700208980955228e+00
1.027303570812308681e+04,3.860699827244260529e+00
1.027303579440254725e+04,3.860699445607043145e+00
1.027303588068200952e+04,3.860699064069346154e+00
1.027303596696146997e+04,3.860698682631232614e+00
1.027303605324093223e+04,3.860698301292736279e+00
1.027303613952039268e+04,3.860697920053922427e+00
1.027303622579985495e+04,3.860697538914823923e+00
1.027303631207931539e+04,3.860697157875506935e+00
1.027303639835877766e+04,3.860696776936002994e+00
1.027303648463823811e+04,3.860696396096377825e+00
1.027303657091770037e+04,3.860696015356664290e+00
1.027303665719716082e+04,3.860695634716928115e+00
1.027303674347662127e+04,3.860695254177209712e+00
1.027303682975608353e+04,3.860694873737549493e+00
1.027303691603554398e+04,3.860694493398013183e+00
1.027303700231500625e+04,3.860694113158634089e+00
1.027303708859446670e+04,3.860693733019476159e+00
1.027303717487392896e+04,3.860693352980572257e+00
1.027303726115338941e+04,3.860692973041988996e+00
1.027303734743285167e+04,3.860692593203757461e+00
1.027303743371231212e+04,3.860692213465943379e+00
1.027303751999177439e+04,3.860691833828579611e+00
1.027303760627123484e+04,3.860691454291731439e+00
1.027303769255069710e+04,3.860691074855430394e+00
1.027303777883015755e+04,3.860690695519743088e+00
1.027303786510961800e+04,3.860690316284708601e+00
1.027303795138908026e+04,3.860689937150368678e+00
1.027303803766854071e+04,3.860689558116788600e+00
1.027303812394800298e+04,3.860689179183999453e+00
1.027303821022746342e+04,3.860688800352067851e+00
1.027303829650692569e+04,3.860688421621026212e+00
1.027303838278638614e+04,3.860688042990938484e+00
1.027303846906584840e+04,3.860687664461838420e+00
1.027303855534530885e+04,3.860687286033789967e+00
1.027303864162477112e+04,3.860686907706825544e+00
1.027303872790423156e+04,3.860686529481011320e+00
1.027303881418369201e+04,3.860686151356385931e+00
1.027303890046315428e+04,3.860685773332992010e+00
1.027303898674261472e+04,3.860685395410893062e+00
1.027303907302207699e+04,3.860685017590122836e+00
1.027303915930153744e+04,3.860684639870744839e+00
1.027303924558099970e+04,3.860684262252791488e+00
1.027303933186046015e+04,3.860683884736328952e+00
1.027303941813992242e+04,3.860683507321388319e+00
1.027303950441938287e+04,3.860683130008034869e+00
1.027303959069884513e+04,3.860682752796300576e+00
1.027303967697830558e+04,3.860682375686250722e+00
1.027303976325776785e+04,3.860681998677918170e+00
1.027303984953722829e+04,3.860681621771366867e+00
1.027303993581668874e+04,3.860681244966635894e+00
1.027304002209615101e+04,3.860680868263768772e+00
1.027304010837561145e+04,3.860680491662827674e+00
1.027304019465507372e+04,3.860680115163846349e+00
1.027304028093453417e+04,3.860679738766888747e+00
1.027304036721399643e+04,3.860679362471986842e+00
1.027304045349345688e+04,3.860678986279206359e+00
1.027304053977291915e+04,3.860678610188578386e+00
1.027304062605237959e+04,3.860678234200167758e+00
1.027304071233184186e+04,3.860677858314007338e+00
1.027304079861130231e+04,3.860677482530161519e+00
1.027304088489076275e+04,3.860677106848670270e+00
1.027304097117022502e+04,3.860676731269574002e+00
1.027304105744968547e+04,3.860676355792937109e+00
1.027304114372914773e+04,3.860675980418792008e+00
1.027304123000860818e+04,3.860675605147202205e+00
1.027304131628807045e+04,3.860675229978201894e+00
1.027304140256753089e+04,3.860674854911853693e+00
1.027304148884699316e+04,3.860674479948190019e+00
1.027304157512645361e+04,3.860674105087276597e+00
1.027304166140591587e+04,3.860673730329144515e+00
1.027304174768537632e+04,3.860673355673857277e+00
1.027304183396483677e+04,3.860672981121456182e+00
1.027304192024429904e+04,3.860672606671981644e+00
1.027304200652375948e+04,3.860672232325497610e+00
1.027304209280322175e+04,3.860671858082036056e+00
1.027304217908268220e+04,3.860671483941661375e+00
1.027304226536214446e+04,3.860671109904405984e+00
1.027304235164160491e+04,3.860670735970332945e+00
1.027304243792106718e+04,3.860670362139475120e+00
1.027304252420052762e+04,3.860669988411896458e+00
1.027304261047998989e+04,3.860669614787630266e+00
1.027304269675945034e+04,3.860669241266739160e+00
1.027304278303891260e+04,3.860668867849255115e+00
1.027304286931837305e+04,3.860668494535243411e+00
1.027304295559783350e+04,3.860668121324743574e+00
1.027304304187729576e+04,3.860667748217795125e+00
1.027304312815675621e+04,3.860667375214462904e+00
1.027304321443621848e+04,3.860667002314778884e+00
1.027304330071567892e+04,3.860666629518806570e+00
1.027304338699514119e+04,3.860666256826577936e+00
1.027304347327460164e+04,3.860665884238156931e+00
1.027304355955406390e+04,3.860665511753576418e+00
1.027304364583352435e+04,3.860665139372899013e+00
1.027304373211298662e+04,3.860664767096157135e+00
1.027304381839244706e+04,3.860664394923415621e+00
1.027304390467190751e+04,3.860664022854713551e+00
1.027304399095136978e+04,3.860663650890091336e+00
1.027304407723083023e+04,3.860663279029611150e+00
1.027304416351029249e+04,3.860662907273307631e+00
1.027304424978975294e+04,3.860662535621242508e+00
1.027304433606921521e+04,3.860662164073448199e+00
1.027304442234867565e+04,3.860661792629989097e+00
1.027304450862813792e+04,3.860661421290896289e+00
1.027304459490759837e+04,3.860661050056234167e+00
1.027304468118706063e+04,3.860660678926034262e+00
1.027304476746652108e+04,3.860660307900359633e+00
1.027304485374598153e+04,3.860659936979251583e+00
1.027304494002544379e+04,3.860659566162748302e+00
1.027304502630490424e+04,3.860659195450915071e+00
1.027304511258436651e+04,3.860658824843782089e+00
1.027304519886382695e+04,3.860658454341414192e+00
1.027304528514328922e+04,3.860658083943842023e+00
1.027304537142274967e+04,3.860657713651130418e+00
1.027304545770221193e+04,3.860657343463310909e+00
1.027304554398167238e+04,3.860656973380446111e+00
1.027304563026113465e+04,3.860656603402568887e+00
1.027304571654059509e+04,3.860656233529741410e+00
1.027304580282005736e+04,3.860655863761997431e+00
1.027304588909951781e+04,3.860655494099398233e+00
1.027304597537897826e+04,3.860655124541984673e+00
1.027304606165844052e+04,3.860654755089796719e+00
1.027304614793790097e+04,3.860654385742896988e+00
1.027304623421736324e+04,3.860654016501317010e+00
1.027304632049682368e+04,3.860653647365121621e+00
1.027304640677628595e+04,3.860653278334341021e+00
1.027304649305574640e+04,3.860652909409039157e+00
1.027304657933520866e+04,3.860652540589247117e+00
1.027304666561466911e+04,3.860652171875029293e+00
1.027304675189413138e+04,3.860651803266416326e+00
1.027304683817359182e+04,3.860651434763472167e+00
1.027304692445305227e+04,3.860651066366235451e+00
1.027304701073251454e+04,3.860650698074747478e+00
1.027304709701197498e+04,3.860650329889069532e+00
1.027304718329143725e+04,3.860649961809233588e+00
1.027304726957089770e+04,3.860649593835304483e+00
1.027304735585035996e+04,3.860649225967311082e+00
1.027304744212982041e+04,3.860648858205318668e+00
1.027304752840928268e+04,3.860648490549358769e+00
1.027304761468874312e+04,3.860648122999493115e+00
1.027304770096820539e+04,3.860647755555753680e+00
1.027304778724766584e+04,3.860647388218204856e+00
1.027304787352712810e+04,3.860647020986875955e+00
1.027304795980658855e+04,3.860646653861831812e+00
1.027304804608604900e+04,3.860646286843111508e+00
1.027304813236551126e+04,3.860645919930754122e+00
1.027304821864497171e+04,3.860645553124822271e+00
1.027304830492443398e+04,3.860645186425347486e+00
1.027304839120389443e+04,3.860644819832393271e+00
1.027304847748335669e+04,3.860644453345991600e+00
1.027304856376281714e+04,3.860644086966203758e+00
1.027304865004227941e+04,3.860643720693063052e+00
1.027304873632173985e+04,3.860643354526630766e+00
1.027304882260120212e+04,3.860642988466938430e+00
1.027304890888066257e+04,3.860642622514049993e+00
1.027304899516012301e+04,3.860642256668004091e+00
1.027304908143958528e+04,3.860641890928839359e+00
1.027304916771904573e+04,3.860641525296619303e+00
1.027304925399850799e+04,3.860641159771375897e+00
1.027304934027796844e+04,3.860640794353171312e+00
1.027304942655743071e+04,3.860640429042036192e+00
1.027304951283689115e+04,3.860640063838033598e+00
1.027304959911635342e+04,3.860639698741195946e+00
1.027304968539581387e+04,3.860639333751584523e+00
1.027304977167527613e+04,3.860638968869230858e+00
1.027304985795473658e+04,3.860638604094199344e+00
1.027304994423419703e+04,3.860638239426525953e+00
1.027305003051365929e+04,3.860637874866252428e+00
1.027305011679311974e+04,3.860637510413440054e+00
1.027305020307258201e+04,3.860637146068121250e+00
1.027305028935204245e+04,3.860636781830357300e+00
1.027305037563150472e+04,3.860636417700180623e+00
1.027305046191096517e+04,3.860636053677652502e+00
1.027305054819042743e+04,3.860635689762805356e+00
1.027305063446988788e+04,3.860635325955700470e+00
1.027305072074935015e+04,3.860634962256370262e+00
1.027305080702881060e+04,3.860634598664875572e+00
1.027305089330827286e+04,3.860634235181249707e+00
1.027305097958773331e+04,3.860633871805553508e+00
1.027305106586719376e+04,3.860633508537826053e+00
1.027305115214665602e+04,3.860633145378106867e+00
1.027305123842611647e+04,3.860632782326458567e+00
1.027305132470557874e+04,3.860632419382911351e+00
1.027305141098503918e+04,3.860632056547528279e+00
1.027305149726450145e+04,3.860631693820340438e+00
1.027305158354396190e+04,3.860631331201409555e+00
1.027305166982342416e+04,3.860630968690767162e+00
1.027305175610288461e+04,3.860630606288474986e+00
1.027305184238234688e+04,3.860630243994565003e+00
1.027305192866180732e+04,3.860629881809098496e+00
1.027305201494126777e+04,3.860629519732115433e+00
1.027305210122073004e+04,3.860629157763654007e+00
1.027305218750019048e+04,3.860628795903775945e+00
1.027305227377965275e+04,3.860628434152512334e+00
1.027305236005911320e+04,3.860628072509926234e+00
1.027305244633857546e+04,3.860627710976047844e+00
1.027305253261803591e+04,3.860627349550938892e+00
1.027305261889749818e+04,3.860626988234632240e+00
1.027305270517695863e+04,3.860626627027187396e+00
1.027305279145642089e+04,3.860626265928637224e+00
1.027305287773588134e+04,3.860625904939043451e+00
1.027305296401534360e+04,3.860625544058436720e+00
1.027305305029480405e+04,3.860625183286877871e+00
1.027305313657426450e+04,3.860624822624407315e+00
1.027305322285372677e+04,3.860624462071062801e+00
1.027305330913318721e+04,3.860624101626906945e+00
1.027305339541264948e+04,3.860623741291970390e+00
1.027305348169210993e+04,3.860623381066314419e+00
1.027305356797157219e+04,3.860623020949971007e+00
1.027305365425103264e+04,3.860622660943000550e+00
1.027305374053049491e+04,3.860622301045435911e+00
1.027305382680995535e+04,3.860621941257337042e+00
1.027305391308941762e+04,3.860621581578735473e+00
1.027305399936887807e+04,3.860621222009692488e+00
1.027305408564833851e+04,3.860620862550247168e+00
1.027305417192780078e+04,3.860620503200439035e+00
1.027305425820726123e+04,3.860620143960328043e+00
1.027305434448672349e+04,3.860619784829946166e+00
1.027305443076618394e+04,3.860619425809354244e+00
1.027305451704564621e+04,3.860619066898583363e+00
1.027305460332510665e+04,3.860618708097695695e+00
1.027305468960456892e+04,3.860618349406722327e+00
1.027305477588402937e+04,3.860617990825722323e+00
1.027305486216349163e+04,3.860617632354728990e+00
1.027305494844295208e+04,3.860617273993803611e+00
1.027305503472241253e+04,3.860616915742984379e+00
1.027305512100187480e+04,3.860616557602308596e+00
1.027305520728133524e+04,3.860616199571839324e+00
1.027305529356079751e+04,3.860615841651605873e+00
1.027305537984025796e+04,3.860615483841671303e+00
1.027305546611972022e+04,3.860615126142064923e+00
1.027305555239918067e+04,3.860614768552848020e+00
1.027305563867864294e+04,3.860614411074053010e+00
1.027305572495810338e+04,3.860614053705739401e+00
1.027305581123756565e+04,3.860613696447939169e+00
1.027305589751702610e+04,3.860613339300711822e+00
1.027305598379648836e+04,3.860612982264091109e+00
1.027305607007594881e+04,3.860612625338135206e+00
1.027305615635540926e+04,3.860612268522883639e+00
1.027305624263487152e+04,3.860611911818375486e+00
1.027305632891433197e+04,3.860611555224670699e+00
1.027305641519379424e+04,3.860611198741800365e+00
1.027305650147325468e+04,3.860610842369825768e+00
1.027305658775271695e+04,3.860610486108777994e+00
1.027305667403217740e+04,3.860610129958716996e+00
1.027305676031163966e+04,3.860609773919673859e+00
1.027305684659110011e+04,3.860609417991709869e+00
1.027305693287056238e+04,3.860609062174856554e+00
1.027305701915002282e+04,3.860608706469172091e+00
1.027305710542948327e+04,3.860608350874697781e+00
1.027305719170894554e+04,3.860607995391470926e+00
1.027305727798840599e+04,3.860607640019551035e+00
1.027305736426786825e+04,3.860607284758970525e+00
1.027305745054732870e+04,3.860606929609788907e+00
1.027305753682679097e+04,3.860606574572037708e+00
1.027305762310625141e+04,3.860606219645776882e+00
1.027305770938571368e+04,3.860605864831037959e+00
1.027305779566517413e+04,3.860605510127881335e+00
1.027305788194463639e+04,3.860605155536337207e+00
1.027305796822409684e+04,3.860604801056467750e+00
1.027305805450355911e+04,3.860604446688301383e+00
1.027305814078301955e+04,3.860604092431900281e+00
1.027305822706248000e+04,3.860603738287301745e+00
1.027305831334194227e+04,3.860603384254543968e+00
1.027305839962140271e+04,3.860603030333688235e+00
1.027305848590086498e+04,3.860602676524764298e+00
1.027305857218032543e+04,3.860602322827833000e+00
1.027305865845978769e+04,3.860601969242925868e+00
1.027305874473924814e+04,3.860601615770100636e+00
1.027305883101871041e+04,3.860601262409391499e+00
1.027305891729817085e+04,3.860600909160856187e+00
1.027305900357763312e+04,3.860600556024526675e+00
1.027305908985709357e+04,3.860600203000461583e+00
1.027305917613655402e+04,3.860599850088700880e+00
1.027305926241601628e+04,3.860599497289281423e+00
1.027305934869547673e+04,3.860599144602264943e+00
1.027305943497493899e+04,3.860598792027679860e+00
1.027305952125439944e+04,3.860598439565587903e+00
1.027305960753386171e+04,3.860598087216018826e+00
1.027305969381332216e+04,3.860597734979033469e+00
1.027305978009278442e+04,3.860597382854662474e+00
1.027305986637224487e+04,3.860597030842964017e+00
1.027305995265170714e+04,3.860596678943971405e+00
1.027306003893116758e+04,3.860596327157743701e+00
1.027306012521062803e+04,3.860595975484317766e+00
1.027306021149009030e+04,3.860595623923732234e+00
1.027306029776955074e+04,3.860595272476047946e+00
1.027306038404901301e+04,3.860594921141295099e+00
1.027306047032847346e+04,3.860594569919531871e+00
1.027306055660793572e+04,3.860594218810790679e+00
1.027306064288739617e+04,3.860593867815131031e+00
1.027306072916685844e+04,3.860593516932583125e+00
1.027306081544631888e+04,3.860593166163206913e+00
1.027306090172578115e+04,3.860592815507033038e+00
1.027306098800524160e+04,3.860592464964121007e+00
1.027306107428470386e+04,3.860592114534501018e+00
1.027306116056416431e+04,3.860591764218233912e+00
1.027306124684362476e+04,3.860591414015356992e+00
1.027306133312308702e+04,3.860591063925907118e+00
1.027306141940254747e+04,3.860590713949945130e+00
1.027306150568200974e+04,3.860590364087501225e+00
1.027306159196147019e+04,3.860590014338634912e+00
1.027306167824093245e+04,3.860589664703375945e+00
1.027306176452039290e+04,3.860589315181785608e+00
1.027306185079985516e+04,3.860588965773892323e+00
1.027306193707931561e+04,3.860588616479756929e+00
1.027306202335877788e+04,3.860588267299409626e+00
1.027306210963823833e+04,3.860587918232910365e+00
1.027306219591769877e+04,3.860587569280295561e+00
1.027306228219716104e+04,3.860587220441603407e+00
1.027306236847662149e+04,3.860586871716893853e+00
1.027306245475608375e+04,3.860586523106196655e+00
1.027306254103554420e+04,3.860586174609571763e+00
1.027306262731500647e+04,3.860585826227048933e+00
1.027306271359446691e+04,3.860585477958688116e+00
1.027306279987392918e+04,3.860585129804519067e+00
1.027306288615338963e+04,3.860584781764601736e+00
1.027306297243285189e+04,3.860584433838966323e+00
1.027306305871231234e+04,3.860584086027671447e+00
1.027306314499177279e+04,3.860583738330754855e+00
1.027306323127123505e+04,3.860583390748254740e+00
1.027306331755069550e+04,3.860583043280229720e+00
1.027306340383015777e+04,3.860582695926709995e+00
1.027306349010961821e+04,3.860582348687755960e+00
1.027306357638908048e+04,3.860582001563396037e+00
1.027306366266854093e+04,3.860581654553689734e+00
1.027306374894800319e+04,3.860581307658668138e+00
1.027306383522746364e+04,3.860580960878389867e+00
1.027306392150692591e+04,3.860580614212885564e+00
1.027306400778638636e+04,3.860580267662213849e+00
1.027306409406584862e+04,3.860579921226404920e+00
1.027306418034530907e+04,3.860579574905518729e+00
1.027306426662476952e+04,3.860579228699590359e+00
1.027306435290423178e+04,3.860578882608659779e+00
1.027306443918369223e+04,3.860578536632784274e+00
1.027306452546315450e+04,3.860578190771994489e+00
1.027306461174261494e+04,3.860577845026349486e+00
1.027306469802207721e+04,3.860577499395879464e+00
1.027306478430153766e+04,3.860577153880642154e+00
1.027306487058099992e+04,3.860576808480669975e+00
1.027306495686046037e+04,3.860576463196019326e+00
1.027306504313992264e+04,3.860576118026721293e+00
1.027306512941938308e+04,3.860575772972835384e+00
1.027306521569884353e+04,3.860575428034398016e+00
1.027306530197830580e+04,3.860575083211446934e+00
1.027306538825776624e+04,3.860574738504039871e+00
1.027306547453722851e+04,3.860574393912208357e+00
1.027306556081668896e+04,3.860574049436009680e+00
1.027306564709615122e+04,3.860573705075474038e+00
1.027306573337561167e+04,3.860573360830661382e+00
1.027306581965507394e+04,3.860573016701600135e+00
1.027306590593453438e+04,3.860572672688350693e+00
1.027306599221399665e+04,3.860572328790941032e+00
1.027306607849345710e+04,3.860571985009430662e+00
1.027306616477291936e+04,3.860571641343849780e+00
1.027306625105237981e+04,3.860571297794256562e+00
1.027306633733184026e+04,3.860570954360688312e+00
1.027306642361130253e+04,3.860570611043181888e+00
1.027306650989076297e+04,3.860570267841796355e+00
1.027306659617022524e+04,3.860569924756560134e+00
1.027306668244968569e+04,3.860569581787533178e+00
1.027306676872914795e+04,3.860569238934744796e+00
1.027306685500860840e+04,3.860568896198254052e+00
1.027306694128807067e+04,3.860568553578089368e+00
1.027306702756753111e+04,3.860568211074310252e+00
1.027306711384699338e+04,3.860567868686946902e+00
1.027306720012645383e+04,3.860567526416056161e+00
1.027306728640591427e+04,3.860567184261675777e+00
1.027306737268537654e+04,3.860566842223843054e+00
1.027306745896483699e+04,3.860566500302616166e+00
1.027306754524429925e+04,3.860566158498024425e+00
1.027306763152375970e+04,3.860565816810125561e+00
1.027306771780322197e+04,3.860565475238950661e+00
1.027306780408268241e+04,3.860565133784557901e+00
1.027306789036214468e+04,3.860564792446975702e+00
1.027306797664160513e+04,3.860564451226263571e+00
1.027306806292106739e+04,3.860564110122450376e+00
1.027306814920052784e+04,3.860563769135594292e+00
1.027306823547998829e+04,3.860563428265732178e+00
1.027306832175945055e+04,3.860563087512900893e+00
1.027306840803891100e+04,3.860562746877158613e+00
1.027306849431837327e+04,3.860562406358535092e+00
1.027306858059783372e+04,3.860562065957088507e+00
1.027306866687729598e+04,3.860561725672848166e+00
1.027306875315675643e+04,3.860561385505872245e+00
1.027306883943621870e+04,3.860561045456189611e+00
1.027306892571567914e+04,3.860560705523858882e+00
1.027306901199514141e+04,3.860560365708909369e+00
1.027306909827460186e+04,3.860560026011400137e+00
1.027306918455406412e+04,3.860559686431358717e+00
1.027306927083352457e+04,3.860559346968844618e+00
1.027306935711298502e+04,3.860559007623893812e+00
1.027306944339244728e+04,3.860558668396542714e+00
1.027306952967190773e+04,3.860558329286850388e+00
1.027306961595137000e+04,3.860557990294843922e+00
1.027306970223083044e+04,3.860557651420583714e+00
1.027306978851029271e+04,3.860557312664097740e+00
1.027306987478975316e+04,3.860556974025444621e+00
1.027306996106921542e+04,3.860556635504652778e+00
1.027307004734867587e+04,3.860556297101780832e+00
1.027307013362813814e+04,3.860555958816857203e+00
1.027307021990759858e+04,3.860555620649940956e+00
1.027307030618705903e+04,3.860555282601068061e+00
1.027307039246652130e+04,3.860554944670274047e+00
1.027307047874598175e+04,3.860554606857617532e+00
1.027307056502544401e+04,3.860554269163127827e+00
1.027307065130490446e+04,3.860553931586861331e+00
1.027307073758436673e+04,3.860553594128849575e+00
1.027307082386382717e+04,3.860553256789148069e+00
1.027307091014328944e+04,3.860552919567787455e+00
1.027307099642274989e+04,3.860552582464825022e+00
1.027307108270221215e+04,3.860552245480288747e+00
1.027307116898167260e+04,3.860551908614238137e+00
1.027307125526113487e+04,3.860551571866700726e+00
1.027307134154059531e+04,3.860551235237735579e+00
1.027307142782005576e+04,3.860550898727377334e+00
1.027307151409951803e+04,3.860550562335663738e+00
1.027307160037897847e+04,3.860550226062651635e+00
1.027307168665844074e+04,3.860549889908369448e+00
1.027307177293790119e+04,3.860549553872875350e+00
1.027307185921736345e+04,3.860549217956198653e+00
1.027307194549682390e+04,3.860548882158395756e+00
1.027307203177628617e+04,3.860548546479497301e+00
1.027307211805574661e+04,3.860548210919559242e+00
1.027307220433520888e+04,3.860547875478611335e+00
1.027307229061466933e+04,3.860547540156710422e+00
1.027307237689412977e+04,3.860547204953893807e+00
1.027307246317359204e+04,3.860546869870195241e+00
1.027307254945305249e+04,3.860546534905674676e+00
1.027307263573251475e+04,3.860546200060359645e+00
1.027307272201197520e+04,3.860545865334306992e+00
1.027307280829143747e+04,3.860545530727546915e+00
1.027307289457089792e+04,3.860545196240135812e+00
1.027307298085036018e+04,3.860544861872103439e+00
1.027307306712982063e+04,3.860544527623504862e+00
1.027307315340928290e+04,3.860544193494372056e+00
1.027307323968874334e+04,3.860543859484759643e+00
1.027307332596820379e+04,3.860543525594704484e+00
1.027307341224766606e+04,3.860543191824242992e+00
1.027307349852712650e+04,3.860542858173432013e+00
1.027307358480658877e+04,3.860542524642299522e+00
1.027307367108604922e+04,3.860542191230902809e+00
1.027307375736551148e+04,3.860541857939271182e+00
1.027307384364497193e+04,3.860541524767461929e+00
1.027307392992443420e+04,3.860541191715503917e+00
1.027307401620389464e+04,3.860540858783453100e+00
1.027307410248335691e+04,3.860540525971338788e+00
1.027307418876281736e+04,3.860540193279218268e+00
1.027307427504227962e+04,3.860539860707119519e+00
1.027307436132174007e+04,3.860539528255099828e+00
1.027307444760120052e+04,3.860539195923195610e+00
1.027307453388066278e+04,3.860538863711441948e+00
1.027307462016012323e+04,3.860538531619894798e+00
1.027307470643958550e+04,3.860538199648584801e+00
1.027307479271904594e+04,3.860537867797566580e+00
1.027307487899850821e+04,3.860537536066870778e+00
1.027307496527796866e+04,3.860537204456553795e+00
1.027307505155743092e+04,3.860536872966643163e+00
1.027307513783689137e+04,3.860536541597195725e+00
1.027307522411635364e+04,3.860536210348241681e+00
1.027307531039581409e+04,3.860535879219835653e+00
1.027307539667527453e+04,3.860535548212015833e+00
1.027307548295473680e+04,3.860535217324814639e+00
1.027307556923419725e+04,3.860534886558291134e+00
1.027307565551365951e+04,3.860534555912472854e+00
1.027307574179311996e+04,3.860534225387416640e+00
1.027307582807258223e+04,3.860533894983150027e+00
1.027307591435204267e+04,3.860533564699732079e+00
1.027307600063150494e+04,3.860533234537188996e+00
1.027307608691096539e+04,3.860532904495577622e+00
1.027307617319042765e+04,3.860532574574927267e+00
1.027307625946988810e+04,3.860532244775293886e+00
1.027307634574935037e+04,3.860531915096706346e+00
1.027307643202881081e+04,3.860531585539220156e+00
1.027307651830827126e+04,3.860531256102872177e+00
1.027307660458773353e+04,3.860530926787696604e+00
1.027307669086719397e+04,3.860530597593749391e+00
1.027307677714665624e+04,3.860530268521061181e+00
1.027307686342611669e+04,3.860529939569686153e+00
1.027307694970557895e+04,3.860529610739654061e+00
1.027307703598503940e+04,3.860529282031019971e+00
1.027307712226450167e+04,3.860528953443812750e+00
1.027307720854396212e+04,3.860528624978088796e+00
1.027307729482342438e+04,3.860528296633876977e+00
1.027307738110288483e+04,3.860527968411232358e+00
1.027307746738234528e+04,3.860527640310190911e+00
1.027307755366180754e+04,3.860527312330788163e+00
1.027307763994126799e+04,3.860526984473079182e+00
1.027307772622073026e+04,3.860526656737093720e+00
1.027307781250019070e+04,3.860526329122886846e+00
1.027307789877965297e+04,3.860526001630487425e+00
1.027307798505911342e+04,3.860525674259950524e+00
1.027307807133857568e+04,3.860525347011305897e+00
1.027307815761803613e+04,3.860525019884608167e+00
1.027307824389749840e+04,3.860524692879886643e+00
1.027307833017695884e+04,3.860524365997196838e+00
1.027307841645641929e+04,3.860524039236572946e+00
1.027307850273588156e+04,3.860523712598052271e+00
1.027307858901534200e+04,3.860523386081688102e+00
1.027307867529480427e+04,3.860523059687511083e+00
1.027307876157426472e+04,3.860522733415575836e+00
1.027307884785372698e+04,3.860522407265910783e+00
1.027307893413318743e+04,3.860522081238570991e+00
1.027307902041264970e+04,3.860521755333585769e+00
1.027307910669211014e+04,3.860521429551010186e+00
1.027307919297157241e+04,3.860521103890873551e+00
1.027307927925103286e+04,3.860520778353229598e+00
1.027307936553049512e+04,3.860520452938107638e+00
1.027307945180995557e+04,3.860520127645562738e+00
1.027307953808941602e+04,3.860519802475630868e+00
1.027307962436887829e+04,3.860519477428345780e+00
1.027307971064833873e+04,3.860519152503764762e+00
1.027307979692780100e+04,3.860518827701914013e+00
1.027307988320726145e+04,3.860518503022851267e+00
1.027307996948672371e+04,3.860518178466602723e+00
1.027308005576618416e+04,3.860517854033223895e+00
1.027308014204564643e+04,3.860517529722743646e+00
1.027308022832510687e+04,3.860517205535216601e+00
1.027308031460456914e+04,3.860516881470672956e+00
1.027308040088402959e+04,3.860516557529165116e+00
1.027308048716349003e+04,3.860516233710729939e+00
1.027308057344295230e+04,3.860515910015401175e+00
1.027308065972241275e+04,3.860515586443235669e+00
1.027308074600187501e+04,3.860515262994260066e+00
1.027308083228133546e+04,3.860514939668529877e+00
1.027308091856079773e+04,3.860514616466073523e+00
1.027308100484025817e+04,3.860514293386945628e+00
1.027308109111972044e+04,3.860513970431174613e+00
1.027308117739918089e+04,3.860513647598815101e+00
1.027308126367864315e+04,3.860513324889895959e+00
1.027308134995810360e+04,3.860513002304472696e+00
1.027308143623756405e+04,3.860512679842578176e+00
1.027308152251702631e+04,3.860512357504247927e+00
1.027308160879648676e+04,3.860512035289538346e+00
1.027308169507594903e+04,3.860511713198475636e+00
1.027308178135540948e+04,3.860511391231115308e+00
1.027308186763487174e+04,3.860511069387485783e+00
1.027308195391433219e+04,3.860510747667641684e+00
1.027308204019379446e+04,3.860510426071610546e+00
1.027308212647325490e+04,3.860510104599447878e+00
1.027308221275271717e+04,3.860509783251181215e+00
1.027308229903217762e+04,3.860509462026865179e+00
1.027308238531163988e+04,3.860509140926528637e+00
1.027308247159110033e+04,3.860508819950225323e+00
1.027308255787056078e+04,3.860508499097990764e+00
1.027308264415002304e+04,3.860508178369858268e+00
1.027308273042948349e+04,3.860507857765884232e+00
1.027308281670894576e+04,3.860507537286094859e+00
1.027308290298840620e+04,3.860507216930545660e+00
1.027308298926786847e+04,3.860506896699264168e+00
1.027308307554732892e+04,3.860506576592305450e+00
1.027308316182679118e+04,3.860506256609697040e+00
1.027308324810625163e+04,3.860505936751493561e+00
1.027308333438571390e+04,3.860505617017722990e+00
1.027308342066517434e+04,3.860505297408439507e+00
1.027308350694463479e+04,3.860504977923678194e+00
1.027308359322409706e+04,3.860504658563472358e+00
1.027308367950355751e+04,3.860504339327877066e+00
1.027308376578301977e+04,3.860504020216920740e+00
1.027308385206248022e+04,3.860503701230657114e+00
1.027308393834194248e+04,3.860503382369113723e+00
1.027308402462140293e+04,3.860503063632345633e+00
1.027308411090086520e+04,3.860502745020380377e+00
1.027308419718032565e+04,3.860502426533271247e+00
1.027308428345978791e+04,3.860502108171047109e+00
1.027308436973924836e+04,3.860501789933762140e+00
1.027308445601871063e+04,3.860501471821443875e+00
1.027308454229817107e+04,3.860501153834146937e+00
1.027308462857763152e+04,3.860500835971904188e+00
1.027308471485709379e+04,3.860500518234751155e+00
1.027308480113655423e+04,3.860500200622742462e+00
1.027308488741601650e+04,3.860499883135903865e+00
1.027308497369547695e+04,3.860499565774291764e+00
1.027308505997493921e+04,3.860499248537931916e+00
1.027308514625439966e+04,3.860498931426879388e+00
1.027308523253386193e+04,3.860498614441161269e+00
1.027308531881332237e+04,3.860498297580832183e+00
1.027308540509278464e+04,3.860497980845919219e+00
1.027308549137224509e+04,3.860497664236476556e+00
1.027308557765170553e+04,3.860497347752537944e+00
1.027308566393116780e+04,3.860497031394138467e+00
1.027308575021062825e+04,3.860496715161330972e+00
1.027308583649009051e+04,3.860496399054144323e+00
1.027308592276955096e+04,3.860496083072630480e+00
1.027308600904901323e+04,3.860495767216818752e+00
1.027308609532847368e+04,3.860495451486761986e+00
1.027308618160793594e+04,3.860495135882487716e+00
1.027308626788739639e+04,3.860494820404050120e+00
1.027308635416685865e+04,3.860494505051476288e+00
1.027308644044631910e+04,3.860494189824820843e+00
1.027308652672577955e+04,3.860493874724116647e+00
1.027308661300524182e+04,3.860493559749397896e+00
1.027308669928470226e+04,3.860493244900719212e+00
1.027308678556416453e+04,3.860492930178106796e+00
1.027308687184362498e+04,3.860492615581615272e+00
1.027308695812308724e+04,3.860492301111270841e+00
1.027308704440254769e+04,3.860491986767128569e+00
1.027308713068200996e+04,3.860491672549214215e+00
1.027308721696147040e+04,3.860491358457582400e+00
1.027308730324093267e+04,3.860491044492260659e+00
1.027308738952039312e+04,3.860490730653302727e+00
1.027308747579985538e+04,3.860490416940733915e+00
1.027308756207931583e+04,3.860490103354610181e+00
1.027308764835877628e+04,3.860489789894963497e+00
1.027308773463823854e+04,3.860489476561828504e+00
1.027308782091769899e+04,3.860489163355258935e+00
1.027308790719716126e+04,3.860488850275281880e+00
1.027308799347662170e+04,3.860488537321949298e+00
1.027308807975608397e+04,3.860488224495290499e+00
1.027308816603554442e+04,3.860487911795358329e+00
1.027308825231500668e+04,3.860487599222178989e+00
1.027308833859446713e+04,3.860487286775805771e+00
1.027308842487392940e+04,3.860486974456267539e+00
1.027308851115338985e+04,3.860486662263615809e+00
1.027308859743285029e+04,3.860486350197885219e+00
1.027308868371231256e+04,3.860486038259108632e+00
1.027308876999177301e+04,3.860485726447340227e+00
1.027308885627123527e+04,3.860485414762605760e+00
1.027308894255069572e+04,3.860485103204960300e+00
1.027308902883015799e+04,3.860484791774428270e+00
1.027308911510961843e+04,3.860484480471066071e+00
1.027308920138908070e+04,3.860484169294898571e+00
1.027308928766854115e+04,3.860483858245978617e+00
1.027308937394800341e+04,3.860483547324334630e+00
1.027308946022746386e+04,3.860483236530019013e+00
1.027308954650692613e+04,3.860482925863057968e+00
1.027308963278638657e+04,3.860482615323506561e+00
1.027308971906584702e+04,3.860482304911395879e+00
1.027308980534530929e+04,3.860481994626761004e+00
1.027308989162476973e+04,3.860481684469653452e+00
1.027308997790423200e+04,3.860481374440102087e+00
1.027309006418369245e+04,3.860481064538157980e+00
1.027309015046315471e+04,3.860480754763849554e+00
1.027309023674261516e+04,3.860480445117228321e+00
1.027309032302207743e+04,3.860480135598322260e+00
1.027309040930153787e+04,3.860479826207183329e+00
1.027309049558100014e+04,3.860479516943839506e+00
1.027309058186046059e+04,3.860479207808342750e+00
1.027309066813992104e+04,3.860478898800725922e+00
1.027309075441938330e+04,3.860478589921022774e+00
1.027309084069884375e+04,3.860478281169287040e+00
1.027309092697830602e+04,3.860477972545543146e+00
1.027309101325776646e+04,3.860477664049846602e+00
1.027309109953722873e+04,3.860477355682221834e+00
1.027309118581668918e+04,3.860477047442723020e+00
1.027309127209615144e+04,3.860476739331376805e+00
1.027309135837561189e+04,3.860476431348234705e+00
1.027309144465507416e+04,3.860476123493323808e+00
1.027309153093453460e+04,3.860475815766697405e+00
1.027309161721399505e+04,3.860475508168388359e+00
1.027309170349345732e+04,3.860475200698429532e+00
1.027309178977291776e+04,3.860474893356872439e+00
1.027309187605238003e+04,3.860474586143745945e+00
1.027309196233184048e+04,3.860474279059102010e+00
1.027309204861130274e+04,3.860473972102965057e+00
1.027309213489076319e+04,3.860473665275389710e+00
1.027309222117022546e+04,3.860473358576402170e+00
1.027309230744968590e+04,3.860473052006054395e+00
1.027309239372914817e+04,3.860472745564373032e+00
1.027309248000860862e+04,3.860472439251410925e+00
1.027309256628807088e+04,3.860472133067194278e+00
1.027309265256753133e+04,3.860471827011775048e+00
1.027309273884699178e+04,3.860471521085186541e+00
1.027309282512645404e+04,3.860471215287461622e+00
1.027309291140591449e+04,3.860470909618652691e+00
1.027309299768537676e+04,3.860470604078785950e+00
1.027309308396483721e+04,3.860470298667914246e+00
1.027309317024429947e+04,3.860469993386063337e+00
1.027309325652375992e+04,3.860469688233285179e+00
1.027309334280322219e+04,3.860469383209607752e+00
1.027309342908268263e+04,3.860469078315080349e+00
1.027309351536214490e+04,3.860468773549732724e+00
1.027309360164160535e+04,3.860468468913614615e+00
1.027309368792106579e+04,3.860468164406759328e+00
1.027309377420052806e+04,3.860467860029199727e+00
1.027309386047998851e+04,3.860467555780988214e+00
1.027309394675945077e+04,3.860467251662150989e+00
1.027309403303891122e+04,3.860466947672739568e+00
1.027309411931837349e+04,3.860466643812781040e+00
1.027309420559783393e+04,3.860466340082326031e+00
1.027309429187729620e+04,3.860466036481402519e+00
1.027309437815675665e+04,3.860465733010061573e+00
1.027309446443621891e+04,3.860465429668328952e+00
1.027309455071567936e+04,3.860465126456257501e+00
1.027309463699514163e+04,3.860464823373872978e+00
1.027309472327460207e+04,3.860464520421226453e+00
1.027309480955406252e+04,3.860464217598351677e+00
1.027309489583352479e+04,3.860463914905281069e+00
1.027309498211298524e+04,3.860463612342066142e+00
1.027309506839244750e+04,3.860463309908732654e+00
1.027309515467190795e+04,3.860463007605333452e+00
1.027309524095137022e+04,3.860462705431892516e+00
1.027309532723083066e+04,3.860462403388464470e+00
1.027309541351029293e+04,3.860462101475073737e+00
1.027309549978975338e+04,3.860461799691771390e+00
1.027309558606921564e+04,3.860461498038584960e+00
1.027309567234867609e+04,3.860461196515564630e+00
1.027309575862813654e+04,3.860460895122744152e+00
1.027309584490759880e+04,3.860460593860154610e+00
1.027309593118705925e+04,3.860460292727849296e+00
1.027309601746652152e+04,3.860459991725852635e+00
1.027309610374598196e+04,3.860459690854217030e+00
1.027309619002544423e+04,3.860459390112967348e+00
1.027309627630490468e+04,3.860459089502156882e+00
1.027309636258436694e+04,3.860458789021810055e+00
1.027309644886382739e+04,3.860458488671978383e+00
1.027309653514328966e+04,3.860458188452689399e+00
1.027309662142275010e+04,3.860457888363991952e+00
1.027309670770221055e+04,3.860457588405919793e+00
1.027309679398167282e+04,3.860457288578505786e+00
1.027309688026113326e+04,3.860456988881800111e+00
1.027309696654059553e+04,3.860456689315829415e+00
1.027309705282005598e+04,3.860456389880644767e+00
1.027309713909951824e+04,3.860456090576271038e+00
1.027309722537897869e+04,3.860455791402760184e+00
1.027309731165844096e+04,3.860455492360138408e+00
1.027309739793790141e+04,3.860455193448456779e+00
1.027309748421736367e+04,3.860454894667740611e+00
1.027309757049682412e+04,3.860454596018041862e+00
1.027309765677628639e+04,3.860454297499385401e+00
1.027309774305574683e+04,3.860453999111822299e+00
1.027309782933520728e+04,3.860453700855385417e+00
1.027309791561466955e+04,3.860453402730106731e+00
1.027309800189412999e+04,3.860453104736036423e+00
1.027309808817359226e+04,3.860452806873201581e+00
1.027309817445305271e+04,3.860452509141651056e+00
1.027309826073251497e+04,3.860452211541413270e+00
1.027309834701197542e+04,3.860451914072537516e+00
1.027309843329143769e+04,3.860451616735048663e+00
1.027309851957089813e+04,3.860451319528999559e+00
1.027309860585036040e+04,3.860451022454414627e+00
1.027309869212982085e+04,3.860450725511344938e+00
1.027309877840928129e+04,3.860450428699822911e+00
1.027309886468874356e+04,3.860450132019880520e+00
1.027309895096820401e+04,3.860449835471567503e+00
1.027309903724766627e+04,3.860449539054910062e+00
1.027309912352712672e+04,3.860449242769959266e+00
1.027309920980658899e+04,3.860448946616739985e+00
1.027309929608604943e+04,3.860448650595303288e+00
1.027309938236551170e+04,3.860448354705675378e+00
1.027309946864497215e+04,3.860448058947905547e+00
1.027309955492443441e+04,3.860447763322019998e+00
1.027309964120389486e+04,3.860447467828069801e+00
1.027309972748335531e+04,3.860447172466086041e+00
1.027309981376281758e+04,3.860446877236100693e+00
1.027309990004227802e+04,3.860446582138164384e+00
1.027309998632174029e+04,3.860446287172302426e+00
1.027310007260120074e+04,3.860445992338565002e+00
1.027310015888066300e+04,3.860445697636979201e+00
1.027310024516012345e+04,3.860445403067592984e+00
1.027310033143958572e+04,3.860445108630433442e+00
1.027310041771904616e+04,3.860444814325550755e+00
1.027310050399850843e+04,3.860444520152969794e+00
1.027310059027796888e+04,3.860444226112741184e+00
1.027310067655743114e+04,3.860443932204891127e+00
1.027310076283689159e+04,3.860443638429468916e+00
1.027310084911635204e+04,3.860443344786506081e+00
1.027310093539581430e+04,3.860443051276033710e+00
1.027310102167527475e+04,3.860442757898103761e+00
1.027310110795473702e+04,3.860442464652740213e+00
1.027310119423419746e+04,3.860442171539994582e+00
1.027310128051365973e+04,3.860441878559890405e+00
1.027310136679312018e+04,3.860441585712478751e+00
1.027310145307258244e+04,3.860441292997784490e+00
1.027310153935204289e+04,3.860441000415858692e+00
1.027310162563150516e+04,3.860440707966725782e+00
1.027310171191096561e+04,3.860440415650436385e+00
1.027310179819042605e+04,3.860440123467020701e+00
1.027310188446988832e+04,3.860439831416512035e+00
1.027310197074934877e+04,3.860439539498959238e+00
1.027310205702881103e+04,3.860439247714387179e+00
1.027310214330827148e+04,3.860438956062846039e+00
1.027310222958773375e+04,3.860438664544361131e+00
1.027310231586719419e+04,3.860438373158982639e+00
1.027310240214665646e+04,3.860438081906735874e+00
1.027310248842611691e+04,3.860437790787670131e+00
1.027310257470557917e+04,3.860437499801809835e+00
1.027310266098503962e+04,3.860437208949206944e+00
1.027310274726450189e+04,3.860436918229884551e+00
1.027310283354396233e+04,3.860436627643893281e+00
1.027310291982342278e+04,3.860436337191265110e+00
1.027310300610288505e+04,3.860436046872028903e+00
1.027310309238234549e+04,3.860435756686237063e+00
1.027310317866180776e+04,3.860435466633913126e+00
1.027310326494126821e+04,3.860435176715106387e+00
1.027310335122073047e+04,3.860434886929843046e+00
1.027310343750019092e+04,3.860434597278171953e+00
1.027310352377965319e+04,3.860434307760118422e+00
1.027310361005911363e+04,3.860434018375732190e+00
1.027310369633857590e+04,3.860433729125038127e+00
1.027310378261803635e+04,3.860433440008085526e+00
1.027310386889749680e+04,3.860433151024905030e+00
1.027310395517695906e+04,3.860432862175529056e+00
1.027310404145641951e+04,3.860432573460005568e+00
1.027310412773588178e+04,3.860432284878359877e+00
1.027310421401534222e+04,3.860431996430642165e+00
1.027310430029480449e+04,3.860431708116876415e+00
1.027310438657426494e+04,3.860431419937112807e+00
1.027310447285372720e+04,3.860431131891375767e+00
1.027310455913318765e+04,3.860430843979714144e+00
1.027310464541264992e+04,3.860430556202153252e+00
1.027310473169211036e+04,3.860430268558743272e+00
1.027310481797157081e+04,3.860429981049513071e+00
1.027310490425103308e+04,3.860429693674495066e+00
1.027310499053049352e+04,3.860429406433738553e+00
1.027310507680995579e+04,3.860429119327267067e+00
1.027310516308941624e+04,3.860428832355130790e+00
1.027310524936887850e+04,3.860428545517354149e+00
1.027310533564833895e+04,3.860428258813986435e+00
1.027310542192780122e+04,3.860427972245052963e+00
1.027310550820726166e+04,3.860427685810600806e+00
1.027310559448672393e+04,3.860427399510657054e+00
1.027310568076618438e+04,3.860427113345269667e+00
1.027310576704564664e+04,3.860426827314462628e+00
1.027310585332510709e+04,3.860426541418286117e+00
1.027310593960456754e+04,3.860426255656769889e+00
1.027310602588402980e+04,3.860425970029945031e+00
1.027310611216349025e+04,3.860425684537860835e+00
1.027310619844295252e+04,3.860425399180541728e+00
1.027310628472241297e+04,3.860425113958036114e+00
1.027310637100187523e+04,3.860424828870369307e+00
1.027310645728133568e+04,3.860424543917589268e+00
1.027310654356079795e+04,3.860424259099721311e+00
1.027310662984025839e+04,3.860423974416814730e+00
1.027310671611972066e+04,3.860423689868892172e+00
1.027310680239918111e+04,3.860423405456003820e+00
1.027310688867864155e+04,3.860423121178180761e+00
1.027310697495810382e+04,3.860422837035452304e+00
1.027310706123756427e+04,3.860422553027866854e+00
1.027310714751702653e+04,3.860422269155450614e+00
1.027310723379648698e+04,3.860421985418250213e+00
1.027310732007594925e+04,3.860421701816290962e+00
1.027310740635540969e+04,3.860421418349622158e+00
1.027310749263487196e+04,3.860421135018267336e+00
1.027310757891433241e+04,3.860420851822275790e+00
1.027310766519379467e+04,3.860420568761670168e+00
1.027310775147325512e+04,3.860420285836501098e+00
1.027310783775271739e+04,3.860420003046792559e+00
1.027310792403217783e+04,3.860419720392592069e+00
1.027310801031163828e+04,3.860419437873929827e+00
1.027310809659110055e+04,3.860419155490838250e+00
1.027310818287056100e+04,3.860418873243363524e+00
1.027310826915002326e+04,3.860418591131530075e+00
1.027310835542948371e+04,3.860418309155387639e+00
1.027310844170894597e+04,3.860418027314958866e+00
1.027310852798840642e+04,3.860417745610294382e+00
1.027310861426786869e+04,3.860417464041415947e+00
1.027310870054732914e+04,3.860417182608373299e+00
1.027310878682679140e+04,3.860416901311190419e+00
1.027310887310625185e+04,3.860416620149914380e+00
1.027310895938571230e+04,3.860416339124577156e+00
1.027310904566517456e+04,3.860416058235207615e+00
1.027310913194463501e+04,3.860415777481854605e+00
1.027310921822409728e+04,3.860415496864542551e+00
1.027310930450355772e+04,3.860415216383318970e+00
1.027310939078301999e+04,3.860414936038207401e+00
1.027310947706248044e+04,3.860414655829257136e+00
1.027310956334194270e+04,3.860414375756492600e+00
1.027310964962140315e+04,3.860414095819959535e+00
1.027310973590086542e+04,3.860413816019684141e+00
1.027310982218032586e+04,3.860413536355713493e+00
1.027310990845978631e+04,3.860413256828078232e+00
1.027310999473924858e+04,3.860412977436807669e+00
1.027311008101870902e+04,3.860412698181949764e+00
1.027311016729817129e+04,3.860412419063529388e+00
1.027311025357763174e+04,3.860412140081593613e+00
1.027311033985709400e+04,3.860411861236166420e+00
1.027311042613655445e+04,3.860411582527296659e+00
1.027311051241601672e+04,3.860411303955006979e+00
1.027311059869547717e+04,3.860411025519344896e+00
1.027311068497493943e+04,3.860410747220336170e+00
1.027311077125439988e+04,3.860410469058026983e+00
1.027311085753386214e+04,3.860410191032441762e+00
1.027311094381332259e+04,3.860409913143627580e+00
1.027311103009278304e+04,3.860409635391616412e+00
1.027311111637224531e+04,3.860409357776434902e+00
1.027311120265170575e+04,3.860409080298133677e+00
1.027311128893116802e+04,3.860408802956734053e+00
1.027311137521062847e+04,3.860408525752285769e+00
1.027311146149009073e+04,3.860408248684810140e+00
1.027311154776955118e+04,3.860407971754356904e+00
1.027311163404901345e+04,3.860407694960950042e+00
1.027311172032847389e+04,3.860407418304634852e+00
1.027311180660793616e+04,3.860407141785437535e+00
1.027311189288739661e+04,3.860406865403403387e+00
1.027311197916685705e+04,3.860406589158563495e+00
1.027311206544631932e+04,3.860406313050947169e+00
1.027311215172577977e+04,3.860406037080600594e+00
1.027311223800524203e+04,3.860405761247549972e+00
1.027311232428470248e+04,3.860405485551840599e+00
1.027311241056416475e+04,3.860405209993496900e+00
1.027311249684362519e+04,3.860404934572566393e+00
1.027311258312308746e+04,3.860404659289072171e+00
1.027311266940254791e+04,3.860404384143061751e+00
1.027311275568201017e+04,3.860404109134558670e+00
1.027311284196147062e+04,3.860403834263609557e+00
1.027311292824093289e+04,3.860403559530239281e+00
1.027311301452039334e+04,3.860403284934493140e+00
1.027311310079985378e+04,3.860403010476402663e+00
1.027311318707931605e+04,3.860402736155997161e+00
1.027311327335877650e+04,3.860402461973321930e+00
1.027311335963823876e+04,3.860402187928401396e+00
1.027311344591769921e+04,3.860401914021283520e+00
1.027311353219716148e+04,3.860401640251990507e+00
1.027311361847662192e+04,3.860401366620570318e+00
1.027311370475608419e+04,3.860401093127045602e+00
1.027311379103554464e+04,3.860400819771462988e+00
1.027311387731500690e+04,3.860400546553848233e+00
1.027311396359446735e+04,3.860400273474245747e+00
1.027311404987392780e+04,3.860400000532685727e+00
1.027311413615339006e+04,3.860399727729197039e+00
1.027311422243285051e+04,3.860399455063827645e+00
1.027311430871231278e+04,3.860399182536599749e+00
1.027311439499177322e+04,3.860398910147561313e+00
1.027311448127123549e+04,3.860398637896734542e+00
1.027311456755069594e+04,3.860398365784166508e+00
1.027311465383015820e+04,3.860398093809880748e+00
1.027311474010961865e+04,3.860397821973924337e+00
1.027311482638908092e+04,3.860397550276319922e+00
1.027311491266854136e+04,3.860397278717113689e+00
1.027311499894800181e+04,3.860397007296336280e+00
1.027311508522746408e+04,3.860396736014015673e+00
1.027311517150692453e+04,3.860396464870198496e+00
1.027311525778638679e+04,3.860396193864908732e+00
1.027311534406584724e+04,3.860395922998192564e+00
1.027311543034530951e+04,3.860395652270072642e+00
1.027311551662476995e+04,3.860395381680596927e+00
1.027311560290423222e+04,3.860395111229786735e+00
1.027311568918369267e+04,3.860394840917689141e+00
1.027311577546315493e+04,3.860394570744328124e+00
1.027311586174261538e+04,3.860394300709749427e+00
1.027311594802207765e+04,3.860394030813976585e+00
1.027311603430153809e+04,3.860393761057054896e+00
1.027311612058099854e+04,3.860393491439015001e+00
1.027311620686046081e+04,3.860393221959883991e+00
1.027311629313992125e+04,3.860392952619709384e+00
1.027311637941938352e+04,3.860392683418514714e+00
1.027311646569884397e+04,3.860392414356344393e+00
1.027311655197830623e+04,3.860392145433223288e+00
1.027311663825776668e+04,3.860391876649196696e+00
1.027311672453722895e+04,3.860391608004286823e+00
1.027311681081668939e+04,3.860391339498542074e+00
1.027311689709615166e+04,3.860391071131983320e+00
1.027311698337561211e+04,3.860390802904658525e+00
1.027311706965507256e+04,3.860390534816593888e+00
1.027311715593453482e+04,3.860390266867820941e+00
1.027311724221399527e+04,3.860389999058383648e+00
1.027311732849345753e+04,3.860389731388305989e+00
1.027311741477291798e+04,3.860389463857634595e+00
1.027311750105238025e+04,3.860389196466390782e+00
1.027311758733184070e+04,3.860388929214621179e+00
1.027311767361130296e+04,3.860388662102348878e+00
1.027311775989076341e+04,3.860388395129619177e+00
1.027311784617022568e+04,3.860388128296456056e+00
1.027311793244968612e+04,3.860387861602904369e+00
1.027311801872914657e+04,3.860387595048992981e+00
1.027311810500860884e+04,3.860387328634750759e+00
1.027311819128806928e+04,3.860387062360223887e+00
1.027311827756753155e+04,3.860386796225433237e+00
1.027311836384699200e+04,3.860386530230426771e+00
1.027311845012645426e+04,3.860386264375225807e+00
1.027311853640591471e+04,3.860385998659876527e+00
1.027311862268537698e+04,3.860385733084402027e+00
1.027311870896483742e+04,3.860385467648848046e+00
1.027311879524429969e+04,3.860385202353236789e+00
1.027311888152376014e+04,3.860384937197613109e+00
1.027311896780322240e+04,3.860384672182000987e+00
1.027311905408268285e+04,3.860384407306446164e+00
1.027311914036214330e+04,3.860384142570975730e+00
1.027311922664160556e+04,3.860383877975618105e+00
1.027311931292106601e+04,3.860383613520420809e+00
1.027311939920052828e+04,3.860383349205403825e+00
1.027311948547998873e+04,3.860383085030614669e+00
1.027311957175945099e+04,3.860382820996074660e+00
1.027311965803891144e+04,3.860382557101830425e+00
1.027311974431837371e+04,3.860382293347902838e+00
1.027311983059783415e+04,3.860382029734338083e+00
1.027311991687729642e+04,3.860381766261159697e+00
1.027312000315675687e+04,3.860381502928411646e+00
1.027312008943621731e+04,3.860381239736121906e+00
1.027312017571567958e+04,3.860380976684320231e+00
1.027312026199514003e+04,3.860380713773050587e+00
1.027312034827460229e+04,3.860380451002336066e+00
1.027312043455406274e+04,3.860380188372221077e+00
1.027312052083352501e+04,3.860379925882729157e+00
1.027312060711298545e+04,3.860379663533904715e+00
1.027312069339244772e+04,3.860379401325770843e+00
1.027312077967190817e+04,3.860379139258371062e+00
1.027312086595137043e+04,3.860378877331729797e+00
1.027312095223083088e+04,3.860378615545891456e+00
1.027312103851029315e+04,3.860378353900877357e+00
1.027312112478975359e+04,3.860378092396733685e+00
1.027312121106921404e+04,3.860377831033487972e+00
1.027312129734867631e+04,3.860377569811167753e+00
1.027312138362813675e+04,3.860377308729819212e+00
1.027312146990759902e+04,3.860377047789464111e+00
1.027312155618705947e+04,3.860376786990146414e+00
1.027312164246652173e+04,3.860376526331890545e+00
1.027312172874598218e+04,3.860376265814738250e+00
1.027312181502544445e+04,3.860376005438714397e+00
1.027312190130490490e+04,3.860375745203862952e+00
1.027312198758436716e+04,3.860375485110206117e+00
1.027312207386382761e+04,3.860375225157788748e+00
1.027312216014328806e+04,3.860374965346637488e+00
1.027312224642275032e+04,3.860374705676782092e+00
1.027312233270221077e+04,3.860374446148266969e+00
1.027312241898167304e+04,3.860374186761112547e+00
1.027312250526113348e+04,3.860373927515365455e+00
1.027312259154059575e+04,3.860373668411046122e+00
1.027312267782005620e+04,3.860373409448200288e+00
1.027312276409951846e+04,3.860373150626850602e+00
1.027312285037897891e+04,3.860372891947039253e+00
1.027312293665844118e+04,3.860372633408790666e+00
1.027312302293790162e+04,3.860372375012148805e+00
1.027312310921736207e+04,3.860372116757140759e+00
1.027312319549682434e+04,3.860371858643794507e+00
1.027312328177628478e+04,3.860371600672154457e+00
1.027312336805574705e+04,3.860371342842242370e+00
1.027312345433520750e+04,3.860371085154102655e+00
1.027312354061466976e+04,3.860370827607758404e+00
1.027312362689413021e+04,3.860370570203252694e+00
1.027312371317359248e+04,3.860370312940607285e+00
1.027312379945305292e+04,3.860370055819867918e+00
1.027312388573251519e+04,3.860369798841055022e+00
1.027312397201197564e+04,3.860369542004213006e+00
1.027312405829143790e+04,3.860369285309364962e+00
1.027312414457089835e+04,3.860369028756554410e+00
1.027312423085035880e+04,3.860368772345808441e+00
1.027312431712982107e+04,3.860368516077154588e+00
1.027312440340928151e+04,3.860368259950637260e+00
1.027312448968874378e+04,3.860368003966279105e+00
1.027312457596820423e+04,3.860367748124122311e+00
1.027312466224766649e+04,3.860367492424190417e+00
1.027312474852712694e+04,3.860367236866526941e+00
1.027312483480658921e+04,3.860366981451152757e+00
1.027312492108604965e+04,3.860366726178112717e+00
1.027312500736551192e+04,3.860366471047429027e+00
1.027312509364497237e+04,3.860366216059144318e+00
1.027312517992443281e+04,3.860365961213286123e+00
1.027312526620389508e+04,3.860365706509883754e+00
1.027312535248335553e+04,3.860365451948978954e+00
1.027312543876281779e+04,3.860365197530593484e+00
1.027312552504227824e+04,3.860364943254771308e+00
1.027312561132174051e+04,3.860364689121535964e+00
1.027312569760120095e+04,3.860364435130928307e+00
1.027312578388066322e+04,3.860364181282972318e+00
1.027312587016012367e+04,3.860363927577710630e+00
1.027312595643958593e+04,3.860363674015165003e+00
1.027312604271904638e+04,3.860363420595378514e+00
1.027312612899850865e+04,3.860363167318374700e+00
1.027312621527796910e+04,3.860362914184194416e+00
1.027312630155742954e+04,3.860362661192866973e+00
1.027312638783689181e+04,3.860362408344418572e+00
1.027312647411635226e+04,3.860362155638893178e+00
1.027312656039581452e+04,3.860361903076311663e+00
1.027312664667527497e+04,3.860361650656717991e+00
1.027312673295473724e+04,3.860361398380133924e+00
1.027312681923419768e+04,3.860361146246602093e+00
1.027312690551365995e+04,3.860360894256144260e+00
1.027312699179312040e+04,3.860360642408804388e+00
1.027312707807258266e+04,3.860360390704603351e+00
1.027312716435204311e+04,3.860360139143585112e+00
1.027312725063150356e+04,3.860359887725775874e+00
1.027312733691096582e+04,3.860359636451203613e+00
1.027312742319042627e+04,3.860359385319909631e+00
1.027312750946988854e+04,3.860359134331917907e+00
1.027312759574934898e+04,3.860358883487269743e+00
1.027312768202881125e+04,3.860358632785986899e+00
1.027312776830827170e+04,3.860358382228112895e+00
1.027312785458773396e+04,3.860358131813668603e+00
1.027312794086719441e+04,3.860357881542697989e+00
1.027312802714665668e+04,3.860357631415222368e+00
1.027312811342611712e+04,3.860357381431283041e+00
1.027312819970557757e+04,3.860357131590909319e+00
1.027312828598503984e+04,3.860356881894126513e+00
1.027312837226450029e+04,3.860356632340976812e+00
1.027312845854396255e+04,3.860356382931483310e+00
1.027312854482342300e+04,3.860356133665688194e+00
1.027312863110288527e+04,3.860355884543612781e+00
1.027312871738234571e+04,3.860355635565299703e+00
1.027312880366180798e+04,3.860355386730770721e+00
1.027312888994126843e+04,3.860355138040067580e+00
1.027312897622073069e+04,3.860354889493212482e+00
1.027312906250019114e+04,3.860354641090248062e+00
1.027312914877965341e+04,3.860354392831194748e+00
1.027312923505911385e+04,3.860354144716096503e+00
1.027312932133857430e+04,3.860353896744979973e+00
1.027312940761803657e+04,3.860353648917870029e+00
1.027312949389749701e+04,3.860353401234810633e+00
1.027312958017695928e+04,3.860353153695822659e+00
1.027312966645641973e+04,3.860352906300948295e+00
1.027312975273588199e+04,3.860352659050210633e+00
1.027312983901534244e+04,3.860352411943648754e+00
1.027312992529480471e+04,3.860352164981286194e+00
1.027313001157426515e+04,3.860351918163165141e+00
1.027313009785372742e+04,3.860351671489307357e+00
1.027313018413318787e+04,3.860351424959752364e+00
1.027313027041264831e+04,3.860351178574530362e+00
1.027313035669211058e+04,3.860350932333664886e+00
1.027313044297157103e+04,3.860350686237200346e+00
1.027313052925103329e+04,3.860350440285155837e+00
1.027313061553049374e+04,3.860350194477574881e+00
1.027313070180995601e+04,3.860349948814477905e+00
1.027313078808941646e+04,3.860349703295908430e+00
1.027313087436887872e+04,3.860349457921885552e+00
1.027313096064833917e+04,3.860349212692453236e+00
1.027313104692780144e+04,3.860348967607631021e+00
1.027313113320726188e+04,3.860348722667461985e+00
1.027313121948672415e+04,3.860348477871966555e+00
1.027313130576618460e+04,3.860348233221186476e+00
1.027313139204564504e+04,3.860347988715149725e+00
1.027313147832510731e+04,3.860347744353880284e+00
1.027313156460456776e+04,3.860347500137421228e+00
1.027313165088403002e+04,3.860347256065793875e+00
1.027313173716349047e+04,3.860347012139039524e+00
1.027313182344295274e+04,3.860346768357179492e+00
1.027313190972241318e+04,3.860346524720255079e+00
1.027313199600187545e+04,3.860346281228287157e+00
1.027313208228133590e+04,3.860346037881317915e+00
1.027313216856079816e+04,3.860345794679368669e+00
1.027313225484025861e+04,3.860345551622481164e+00
1.027313234111971906e+04,3.860345308710679380e+00
1.027313242739918132e+04,3.860345065943992182e+00
1.027313251367864177e+04,3.860344823322459984e+00
1.027313259995810404e+04,3.860344580846103213e+00
1.027313268623756449e+04,3.860344338514964058e+00
1.027313277251702675e+04,3.860344096329063834e+00
1.027313285879648720e+04,3.860343854288442955e+00
1.027313294507594946e+04,3.860343612393122736e+00
1.027313303135540991e+04,3.860343370643144478e+00
1.027313311763487218e+04,3.860343129038529497e+00
1.027313320391433263e+04,3.860342887579318649e+00
1.027313329019379307e+04,3.860342646265538136e+00
1.027313337647325534e+04,3.860342405097214602e+00
1.027313346275271579e+04,3.860342164074387572e+00
1.027313354903217805e+04,3.860341923197079694e+00
1.027313363531163850e+04,3.860341682465330493e+00
1.027313372159110077e+04,3.860341441879161728e+00
1.027313380787056121e+04,3.860341201438614700e+00
1.027313389415002348e+04,3.860340961143711169e+00
1.027313398042948393e+04,3.860340720994489327e+00
1.027313406670894619e+04,3.860340480990972711e+00
1.027313415298840664e+04,3.860340241133200401e+00
1.027313423926786891e+04,3.860340001421194156e+00
1.027313432554732935e+04,3.860339761854995722e+00
1.027313441182678980e+04,3.860339522434629078e+00
1.027313449810625207e+04,3.860339283160121315e+00
1.027313458438571251e+04,3.860339044031512845e+00
1.027313467066517478e+04,3.860338805048824540e+00
1.027313475694463523e+04,3.860338566212097255e+00
1.027313484322409749e+04,3.860338327521351420e+00
1.027313492950355794e+04,3.860338088976627446e+00
1.027313501578302021e+04,3.860337850577947538e+00
1.027313510206248066e+04,3.860337612325350776e+00
1.027313518834194292e+04,3.860337374218858919e+00
1.027313527462140337e+04,3.860337136258511492e+00
1.027313536090086382e+04,3.860336898444334697e+00
1.027313544718032608e+04,3.860336660776354289e+00
1.027313553345978653e+04,3.860336423254612015e+00
1.027313561973924880e+04,3.860336185879126081e+00
1.027313570601870924e+04,3.860335948649938231e+00
1.027313579229817151e+04,3.860335711567069339e+00
1.027313587857763196e+04,3.860335474630559371e+00
1.027313596485709422e+04,3.860335237840429645e+00
1.027313605113655467e+04,3.860335001196719684e+00
1.027313613741601694e+04,3.860334764699449916e+00
1.027313622369547738e+04,3.860334528348661198e+00
1.027313630997493783e+04,3.860334292144379731e+00
1.027313639625440010e+04,3.860334056086629495e+00
1.027313648253386054e+04,3.860333820175451791e+00
1.027313656881332281e+04,3.860333584410866159e+00
1.027313665509278326e+04,3.860333348792913899e+00
1.027313674137224552e+04,3.860333113321614995e+00
1.027313682765170597e+04,3.860332877997009859e+00
1.027313691393116824e+04,3.860332642819118476e+00
1.027313700021062868e+04,3.860332407787981701e+00
1.027313708649009095e+04,3.860332172903618630e+00
1.027313717276955140e+04,3.860331938166071009e+00
1.027313725904901366e+04,3.860331703575358375e+00
1.027313734532847411e+04,3.860331469131519810e+00
1.027313743160793456e+04,3.860331234834581959e+00
1.027313751788739683e+04,3.860331000684570579e+00
1.027313760416685727e+04,3.860330766681523418e+00
1.027313769044631954e+04,3.860330532825463123e+00
1.027313777672577999e+04,3.860330299116427888e+00
1.027313786300524225e+04,3.860330065554439027e+00
1.027313794928470270e+04,3.860329832139535622e+00
1.027313803556416497e+04,3.860329598871739432e+00
1.027313812184362541e+04,3.860329365751087760e+00
1.027313820812308768e+04,3.860329132777603256e+00
1.027313829440254813e+04,3.860328899951324111e+00
1.027313838068200857e+04,3.860328667272276526e+00
1.027313846696147084e+04,3.860328434740484926e+00
1.027313855324093129e+04,3.860328202355989280e+00
1.027313863952039355e+04,3.860327970118809571e+00
1.027313872579985400e+04,3.860327738028985323e+00
1.027313881207931627e+04,3.860327506086537408e+00
1.027313889835877671e+04,3.860327274291504018e+00
1.027313898463823898e+04,3.860327042643906914e+00
1.027313907091769943e+04,3.860326811143783843e+00
1.027313915719716169e+04,3.860326579791157009e+00
1.027313924347662214e+04,3.860326348586064604e+00
1.027313932975608441e+04,3.860326117528525725e+00
1.027313941603554485e+04,3.860325886618582114e+00
1.027313950231500530e+04,3.860325655856257754e+00
1.027313958859446757e+04,3.860325425241575736e+00
1.027313967487392802e+04,3.860325194774578250e+00
1.027313976115339028e+04,3.860324964455283947e+00
1.027313984743285073e+04,3.860324734283731907e+00
1.027313993371231300e+04,3.860324504259941669e+00
1.027314001999177344e+04,3.860324274383954535e+00
1.027314010627123571e+04,3.860324044655788711e+00
1.027314019255069616e+04,3.860323815075483722e+00
1.027314027883015842e+04,3.860323585643059108e+00
1.027314036510961887e+04,3.860323356358554836e+00
1.027314045138907932e+04,3.860323127221995776e+00
1.027314053766854158e+04,3.860322898233405464e+00
1.027314062394800203e+04,3.860322669392823869e+00
1.027314071022746430e+04,3.860322440700271418e+00
1.027314079650692474e+04,3.860322212155784971e+00
1.027314088278638701e+04,3.860321983759387177e+00
1.027314096906584746e+04,3.860321755511114450e+00
1.027314105534530972e+04,3.860321527410988551e+00
1.027314114162477017e+04,3.860321299459047228e+00
1.027314122790423244e+04,3.860321071655310909e+00
1.027314131418369288e+04,3.860320843999817786e+00
1.027314140046315333e+04,3.860320616492593615e+00
1.027314148674261560e+04,3.860320389133661489e+00
1.027314157302207605e+04,3.860320161923061377e+00
1.027314165930153831e+04,3.860319934860811930e+00
1.027314174558099876e+04,3.860319707946952672e+00
1.027314183186046102e+04,3.860319481181503587e+00
1.027314191813992147e+04,3.860319254564502423e+00
1.027314200441938374e+04,3.860319028095969607e+00
1.027314209069884419e+04,3.860318801775943331e+00
1.027314217697830645e+04,3.860318575604443136e+00
1.027314226325776690e+04,3.860318349581508546e+00
1.027314234953722917e+04,3.860318123707157323e+00
1.027314243581668961e+04,3.860317897981429880e+00
1.027314252209615006e+04,3.860317672404350642e+00
1.027314260837561233e+04,3.860317446975942701e+00
1.027314269465507277e+04,3.860317221696244250e+00
1.027314278093453504e+04,3.860316996565276604e+00
1.027314286721399549e+04,3.860316771583076623e+00
1.027314295349345775e+04,3.860316546749664290e+00
1.027314303977291820e+04,3.860316322065078687e+00
1.027314312605238047e+04,3.860316097529337576e+00
1.027314321233184091e+04,3.860315873142481369e+00
1.027314329861130318e+04,3.860315648904528718e+00
1.027314338489076363e+04,3.860315424815517371e+00
1.027314347117022407e+04,3.860315200875472197e+00
1.027314355744968634e+04,3.860314977084415844e+00
1.027314364372914679e+04,3.860314753442388724e+00
1.027314373000860905e+04,3.860314529949409046e+00
1.027314381628806950e+04,3.860314306605515444e+00
1.027314390256753177e+04,3.860314083410726127e+00
1.027314398884699222e+04,3.860313860365081062e+00
1.027314407512645448e+04,3.860313637468597570e+00
1.027314416140591493e+04,3.860313414721314729e+00
1.027314424768537720e+04,3.860313192123252080e+00
1.027314433396483764e+04,3.860312969674447814e+00
1.027314442024429991e+04,3.860312747374921027e+00
1.027314450652376036e+04,3.860312525224708136e+00
1.027314459280322080e+04,3.860312303223835340e+00
1.027314467908268307e+04,3.860312081372325288e+00
1.027314476536214352e+04,3.860311859670216617e+00
1.027314485164160578e+04,3.860311638117527977e+00
1.027314493792106623e+04,3.860311416714297117e+00
1.027314502420052850e+04,3.860311195460543132e+00
1.027314511047998894e+04,3.860310974356305103e+00
1.027314519675945121e+04,3.860310753401600348e+00
1.027314528303891166e+04,3.860310532596467947e+00
1.027314536931837392e+04,3.860310311940926109e+00
1.027314545559783437e+04,3.860310091435013469e+00
1.027314554187729482e+04,3.860309871078752231e+00
1.027314562815675708e+04,3.860309650872167708e+00
1.027314571443621753e+04,3.860309430815298093e+00
1.027314580071567980e+04,3.860309210908160260e+00
1.027314588699514024e+04,3.860308991150792846e+00
1.027314597327460251e+04,3.860308771543215389e+00
1.027314605955406296e+04,3.860308552085465195e+00
1.027314614583352522e+04,3.860308332777560025e+00
1.027314623211298567e+04,3.860308113619539849e+00
1.027314631839244794e+04,3.860307894611420654e+00
1.027314640467190839e+04,3.860307675753241963e+00
1.027314649095136883e+04,3.860307457045026869e+00
1.027314657723083110e+04,3.860307238486798465e+00
1.027314666351029155e+04,3.860307020078594498e+00
1.027314674978975381e+04,3.860306801820433620e+00
1.027314683606921426e+04,3.860306583712353579e+00
1.027314692234867653e+04,3.860306365754373026e+00
1.027314700862813697e+04,3.860306147946529265e+00
1.027314709490759924e+04,3.860305930288840948e+00
1.027314718118705969e+04,3.860305712781344933e+00
1.027314726746652195e+04,3.860305495424061206e+00
1.027314735374598240e+04,3.860305278217025293e+00
1.027314744002544467e+04,3.860305061160258067e+00
1.027314752630490511e+04,3.860304844253794609e+00
1.027314761258436556e+04,3.860304627497659791e+00
1.027314769886382783e+04,3.860304410891875371e+00
1.027314778514328827e+04,3.860304194436479985e+00
1.027314787142275054e+04,3.860303978131491398e+00
1.027314795770221099e+04,3.860303761976947357e+00
1.027314804398167325e+04,3.860303545972865624e+00
1.027314813026113370e+04,3.860303330119283949e+00
1.027314821654059597e+04,3.860303114416220094e+00
1.027314830282005641e+04,3.860302898863711807e+00
1.027314838909951868e+04,3.860302683461777296e+00
1.027314847537897913e+04,3.860302468210453419e+00
1.027314856165843958e+04,3.860302253109763271e+00
1.027314864793790184e+04,3.860302038159730831e+00
1.027314873421736229e+04,3.860301823360391626e+00
1.027314882049682456e+04,3.860301608711764754e+00
1.027314890677628500e+04,3.860301394213886628e+00
1.027314899305574727e+04,3.860301179866777233e+00
1.027314907933520772e+04,3.860300965670470763e+00
1.027314916561466998e+04,3.860300751624987647e+00
1.027314925189413043e+04,3.860300537730364301e+00
1.027314933817359270e+04,3.860300323986618487e+00
1.027314942445305314e+04,3.860300110393787065e+00
1.027314951073251541e+04,3.860299896951888687e+00
1.027314959701197586e+04,3.860299683660959769e+00
1.027314968329143630e+04,3.860299470521022513e+00
1.027314976957089857e+04,3.860299257532101347e+00
1.027314985585035902e+04,3.860299044694231796e+00
1.027314994212982128e+04,3.860298832007432068e+00
1.027315002840928173e+04,3.860298619471739023e+00
1.027315011468874400e+04,3.860298407087170869e+00
1.027315020096820444e+04,3.860298194853763576e+00
1.027315028724766671e+04,3.860297982771536685e+00
1.027315037352712716e+04,3.860297770840524834e+00
1.027315045980658942e+04,3.860297559060747119e+00
1.027315054608604987e+04,3.860297347432240400e+00
1.027315063236551032e+04,3.860297135955025993e+00
1.027315071864497259e+04,3.860296924629127879e+00
1.027315080492443303e+04,3.860296713454581141e+00
1.027315089120389530e+04,3.860296502431405319e+00
1.027315097748335575e+04,3.860296291559635495e+00
1.027315106376281801e+04,3.860296080839290767e+00
1.027315115004227846e+04,3.860295870270406660e+00
1.027315123632174073e+04,3.860295659853000938e+00
1.027315132260120117e+04,3.860295449587110461e+00
1.027315140888066344e+04,3.860295239472752549e+00
1.027315149516012389e+04,3.860295029509964504e+00
1.027315158143958433e+04,3.860294819698766755e+00
1.027315166771904660e+04,3.860294610039183283e+00
1.027315175399850705e+04,3.860294400531250503e+00
1.027315184027796931e+04,3.860294191174985290e+00
1.027315192655742976e+04,3.860293981970424060e+00
1.027315201283689203e+04,3.860293772917585464e+00
1.027315209911635247e+04,3.860293564016503698e+00
1.027315218539581474e+04,3.860293355267197413e+00
1.027315227167527519e+04,3.860293146669703468e+00
1.027315235795473745e+04,3.860292938224039183e+00
1.027315244423419790e+04,3.860292729930239641e+00
1.027315253051366017e+04,3.860292521788323050e+00
1.027315261679312061e+04,3.860292313798325825e+00
1.027315270307258106e+04,3.860292105960268394e+00
1.027315278935204333e+04,3.860291898274175626e+00
1.027315287563150378e+04,3.860291690740081716e+00
1.027315296191096604e+04,3.860291483358004871e+00
1.027315304819042649e+04,3.860291276127981064e+00
1.027315313446988876e+04,3.860291069050026724e+00
1.027315322074934920e+04,3.860290862124178268e+00
1.027315330702881147e+04,3.860290655350453015e+00
1.027315339330827192e+04,3.860290448728887380e+00
1.027315347958773418e+04,3.860290242259498683e+00
1.027315356586719463e+04,3.860290035942322007e+00
1.027315365214665508e+04,3.860289829777379556e+00
1.027315373842611734e+04,3.860289623764693978e+00
1.027315382470557779e+04,3.860289417904300358e+00
1.027315391098504006e+04,3.860289212196216013e+00
1.027315399726450050e+04,3.860289006640476916e+00
1.027315408354396277e+04,3.860288801237099943e+00
1.027315416982342322e+04,3.860288595986121063e+00
1.027315425610288548e+04,3.860288390887557153e+00
1.027315434238234593e+04,3.860288185941443739e+00
1.027315442866180820e+04,3.860287981147799474e+00
1.027315451494126864e+04,3.860287776506657220e+00
1.027315460122072909e+04,3.860287572018041402e+00
1.027315468750019136e+04,3.860287367681972004e+00
1.027315477377965180e+04,3.860287163498484997e+00
1.027315486005911407e+04,3.860286959467598145e+00
1.027315494633857452e+04,3.860286755589345198e+00
1.027315503261803678e+04,3.860286551863745697e+00
1.027315511889749723e+04,3.860286348290833391e+00
1.027315520517695950e+04,3.860286144870625602e+00
1.027315529145641995e+04,3.860285941603157411e+00
1.027315537773588221e+04,3.860285738488446139e+00
1.027315546401534266e+04,3.860285535526527312e+00
1.027315555029480493e+04,3.860285332717417806e+00
1.027315563657426537e+04,3.860285130061152703e+00
1.027315572285372582e+04,3.860284927557752876e+00
1.027315580913318809e+04,3.860284725207240974e+00
1.027315589541264853e+04,3.860284523009652524e+00
1.027315598169211080e+04,3.860284320965003069e+00
1.027315606797157125e+04,3.860284119073327691e+00
1.027315615425103351e+04,3.860283917334645043e+00
1.027315624053049396e+04,3.860283715748987987e+00
1.027315632680995623e+04,3.860283514316375175e+00
1.027315641308941667e+04,3.860283313036839914e+00
1.027315649936887894e+04,3.860283111910401743e+00
1.027315658564833939e+04,3.860282910937092637e+00
1.027315667192779983e+04,3.860282710116934801e+00
1.027315675820726210e+04,3.860282509449950883e+00
1.027315684448672255e+04,3.860282308936174633e+00
1.027315693076618481e+04,3.860282108575622928e+00
1.027315701704564526e+04,3.860281908368330850e+00
1.027315710332510753e+04,3.860281708314314830e+00
1.027315718960456798e+04,3.860281508413610396e+00
1.027315727588403024e+04,3.860281308666233091e+00
1.027315736216349069e+04,3.860281109072217998e+00
1.027315744844295295e+04,3.860280909631582880e+00
1.027315753472241340e+04,3.860280710344360156e+00
1.027315762100187567e+04,3.860280511210569365e+00
1.027315770728133612e+04,3.860280312230242927e+00
1.027315779356079656e+04,3.860280113403402602e+00
1.027315787984025883e+04,3.860279914730070594e+00
1.027315796611971928e+04,3.860279716210279766e+00
1.027315805239918154e+04,3.860279517844046993e+00
1.027315813867864199e+04,3.860279319631407802e+00
1.027315822495810426e+04,3.860279121572378180e+00
1.027315831123756470e+04,3.860278923666991879e+00
1.027315839751702697e+04,3.860278725915266662e+00
1.027315848379648742e+04,3.860278528317236280e+00
1.027315857007594968e+04,3.860278330872917607e+00
1.027315865635541013e+04,3.860278133582343951e+00
1.027315874263487058e+04,3.860277936445537517e+00
1.027315882891433284e+04,3.860277739462518287e+00
1.027315891519379329e+04,3.860277542633321346e+00
1.027315900147325556e+04,3.860277345957962680e+00
1.027315908775271600e+04,3.860277149436476929e+00
1.027315917403217827e+04,3.860276953068880079e+00
1.027315926031163872e+04,3.860276756855204994e+00
1.027315934659110098e+04,3.860276560795471212e+00
1.027315943287056143e+04,3.860276364889709821e+00
1.027315951915002370e+04,3.860276169137938584e+00
1.027315960542948415e+04,3.860275973540192140e+00
1.027315969170894459e+04,3.860275778096490029e+00
1.027315977798840686e+04,3.860275582806853567e+00
1.027315986426786731e+04,3.860275387671316061e+00
1.027315995054732957e+04,3.860275192689895274e+00
1.027316003682679002e+04,3.860274997862622737e+00
1.027316012310625229e+04,3.860274803189517545e+00
1.027316020938571273e+04,3.860274608670611673e+00
1.027316029566517500e+04,3.860274414305922441e+00
1.027316038194463545e+04,3.860274220095482267e+00
1.027316046822409771e+04,3.860274026039309359e+00
1.027316055450355816e+04,3.860273832137435246e+00
1.027316064078302043e+04,3.860273638389878137e+00
1.027316072706248087e+04,3.860273444796670006e+00
1.027316081334194132e+04,3.860273251357831725e+00
1.027316089962140359e+04,3.860273058073385943e+00
1.027316098590086403e+04,3.860272864943362858e+00
1.027316107218032630e+04,3.860272671967781566e+00
1.027316115845978675e+04,3.860272479146674485e+00
1.027316124473924901e+04,3.860272286480057602e+00
1.027316133101870946e+04,3.860272093967964668e+00
1.027316141729817173e+04,3.860271901610411671e+00
1.027316150357763217e+04,3.860271709407431029e+00
1.027316158985709444e+04,3.860271517359040061e+00
1.027316167613655489e+04,3.860271325465272518e+00
1.027316176241601534e+04,3.860271133726147941e+00
1.027316184869547760e+04,3.860270942141686756e+00
1.027316193497493805e+04,3.860270750711922272e+00
1.027316202125440032e+04,3.860270559436871363e+00
1.027316210753386076e+04,3.860270368316566003e+00
1.027316219381332303e+04,3.860270177351023069e+00
1.027316228009278348e+04,3.860269986540275422e+00
1.027316236637224574e+04,3.860269795884338162e+00
1.027316245265170619e+04,3.860269605383246372e+00
1.027316253893116846e+04,3.860269415037014262e+00
1.027316262521062890e+04,3.860269224845676028e+00
1.027316271149009117e+04,3.860269034809246769e+00
1.027316279776955162e+04,3.860268844927760234e+00
1.027316288404901206e+04,3.860268655201235077e+00
1.027316297032847433e+04,3.860268465629694390e+00
1.027316305660793478e+04,3.860268276213168370e+00
1.027316314288739704e+04,3.860268086951673450e+00
1.027316322916685749e+04,3.860267897845243379e+00
1.027316331544631976e+04,3.860267708893893257e+00
1.027316340172578020e+04,3.860267520097656391e+00
1.027316348800524247e+04,3.860267331456548767e+00
1.027316357428470292e+04,3.860267142970601473e+00
1.027316366056416518e+04,3.860266954639832715e+00
1.027316374684362563e+04,3.860266766464273580e+00
1.027316383312308608e+04,3.860266578443944052e+00
1.027316391940254834e+04,3.860266390578865447e+00
1.027316400568200879e+04,3.860266202869069296e+00
1.027316409196147106e+04,3.860266015314572474e+00
1.027316417824093151e+04,3.860265827915405179e+00
1.027316426452039377e+04,3.860265640671585174e+00
1.027316435079985422e+04,3.860265453583144435e+00
1.027316443707931649e+04,3.860265266650098948e+00
1.027316452335877693e+04,3.860265079872480687e+00
1.027316460963823920e+04,3.860264893250305196e+00
1.027316469591769965e+04,3.860264706783605781e+00
1.027316478219716009e+04,3.860264520472400207e+00
1.027316486847662236e+04,3.860264334316710677e+00
1.027316495475608281e+04,3.860264148316568722e+00
1.027316504103554507e+04,3.860263962471989441e+00
1.027316512731500552e+04,3.860263776783005696e+00
1.027316521359446779e+04,3.860263591249633031e+00
1.027316529987392823e+04,3.860263405871902087e+00
1.027316538615339050e+04,3.860263220649831073e+00
1.027316547243285095e+04,3.860263035583450186e+00
1.027316555871231321e+04,3.860262850672775858e+00
1.027316564499177366e+04,3.860262665917840064e+00
1.027316573127123593e+04,3.860262481318657457e+00
1.027316581755069637e+04,3.860262296875260901e+00
1.027316590383015682e+04,3.860262112587669936e+00
1.027316599010961909e+04,3.860261928455904101e+00
1.027316607638907954e+04,3.860261744479995372e+00
1.027316616266854180e+04,3.860261560659958846e+00
1.027316624894800225e+04,3.860261376995827831e+00
1.027316633522746451e+04,3.860261193487616094e+00
1.027316642150692496e+04,3.860261010135355164e+00
1.027316650778638723e+04,3.860260826939061918e+00
1.027316659406584768e+04,3.860260643898767885e+00
1.027316668034530994e+04,3.860260461014488165e+00
1.027316676662477039e+04,3.860260278286253399e+00
1.027316685290423084e+04,3.860260095714084905e+00
1.027316693918369310e+04,3.860259913298000445e+00
1.027316702546315355e+04,3.860259731038033326e+00
1.027316711174261582e+04,3.860259548934197760e+00
1.027316719802207626e+04,3.860259366986524832e+00
1.027316728430153853e+04,3.860259185195031417e+00
1.027316737058099898e+04,3.860259003559748159e+00
1.027316745686046124e+04,3.860258822080689711e+00
1.027316754313992169e+04,3.860258640757888049e+00
1.027316762941938396e+04,3.860258459591359603e+00
1.027316771569884440e+04,3.860258278581133684e+00
1.027316780197830667e+04,3.860258097727226723e+00
1.027316788825776712e+04,3.860257917029670249e+00
1.027316797453722756e+04,3.860257736488483360e+00
1.027316806081668983e+04,3.860257556103684706e+00
1.027316814709615028e+04,3.860257375875306263e+00
1.027316823337561254e+04,3.860257195803361796e+00
1.027316831965507299e+04,3.860257015887884169e+00
1.027316840593453526e+04,3.860256836128888924e+00
1.027316849221399571e+04,3.860256656526404928e+00
1.027316857849345797e+04,3.860256477080449056e+00
1.027316866477291842e+04,3.860256297791051505e+00
1.027316875105238068e+04,3.860256118658228708e+00
1.027316883733184113e+04,3.860255939682009974e+00
1.027316892361130158e+04,3.860255760862414842e+00
1.027316900989076385e+04,3.860255582199463298e+00
1.027316909617022429e+04,3.860255403693186427e+00
1.027316918244968656e+04,3.860255225343597996e+00
1.027316926872914701e+04,3.860255047150729091e+00
1.027316935500860927e+04,3.860254869114594811e+00
1.027316944128806972e+04,3.860254691235226243e+00
1.027316952756753199e+04,3.860254513512638930e+00
1.027316961384699243e+04,3.860254335946862625e+00
1.027316970012645470e+04,3.860254158537913760e+00
1.027316978640591515e+04,3.860253981285821201e+00
1.027316987268537559e+04,3.860253804190604932e+00
1.027316995896483786e+04,3.860253627252283160e+00
1.027317004524429831e+04,3.860253450470887859e+00
1.027317013152376057e+04,3.860253273846432354e+00
1.027317021780322102e+04,3.860253097378948173e+00
1.027317030408268329e+04,3.860252921068449972e+00
1.027317039036214373e+04,3.860252744914967948e+00
1.027317047664160600e+04,3.860252568918517646e+00
1.027317056292106645e+04,3.860252393079127931e+00
1.027317064920052871e+04,3.860252217396816565e+00
1.027317073547998916e+04,3.860252041871611528e+00
1.027317082175945143e+04,3.860251866503527918e+00
1.027317090803891188e+04,3.860251691292597265e+00
1.027317099431837232e+04,3.860251516238836889e+00
1.027317108059783459e+04,3.860251341342265885e+00
1.027317116687729504e+04,3.860251166602914896e+00
1.027317125315675730e+04,3.860250992020799465e+00
1.027317133943621775e+04,3.860250817595947570e+00
1.027317142571568002e+04,3.860250643328375197e+00
1.027317151199514046e+04,3.860250469218112990e+00
1.027317159827460273e+04,3.860250295265174714e+00
1.027317168455406318e+04,3.860250121469591456e+00
1.027317177083352544e+04,3.860249947831376538e+00
1.027317185711298589e+04,3.860249774350561047e+00
1.027317194339244634e+04,3.860249601027164079e+00
1.027317202967190860e+04,3.860249427861202509e+00
1.027317211595136905e+04,3.860249254852706979e+00
1.027317220223083132e+04,3.860249082001692145e+00
1.027317228851029176e+04,3.860248909308187759e+00
1.027317237478975403e+04,3.860248736772209366e+00
1.027317246106921448e+04,3.860248564393784498e+00
1.027317254734867674e+04,3.860248392172930920e+00
1.027317263362813719e+04,3.860248220109676165e+00
1.027317271990759946e+04,3.860248048204035332e+00
1.027317280618705990e+04,3.860247876456037730e+00
1.027317289246652035e+04,3.860247704865702900e+00
1.027317297874598262e+04,3.860247533433048162e+00
1.027317306502544307e+04,3.860247362158102824e+00
1.027317315130490533e+04,3.860247191040882431e+00
1.027317323758436578e+04,3.860247020081415403e+00
1.027317332386382805e+04,3.860246849279717285e+00
1.027317341014328849e+04,3.860246678635817386e+00
1.027317349642275076e+04,3.860246508149729916e+00
1.027317358270221121e+04,3.860246337821484186e+00
1.027317366898167347e+04,3.860246167651095295e+00
1.027317375526113392e+04,3.860245997638591220e+00
1.027317384154059619e+04,3.860245827783987949e+00
1.027317392782005663e+04,3.860245658087313458e+00
1.027317401409951708e+04,3.860245488548587289e+00
1.027317410037897935e+04,3.860245319167826317e+00
1.027317418665843979e+04,3.860245149945060295e+00
1.027317427293790206e+04,3.860244980880303878e+00
1.027317435921736251e+04,3.860244811973585488e+00
1.027317444549682477e+04,3.860244643224920669e+00
1.027317453177628522e+04,3.860244474634337397e+00
1.027317461805574749e+04,3.860244306201850328e+00
1.027317470433520793e+04,3.860244137927487884e+00
1.027317479061467020e+04,3.860243969811266052e+00
1.027317487689413065e+04,3.860243801853212808e+00
1.027317496317359110e+04,3.860243634053345474e+00
1.027317504945305336e+04,3.860243466411682700e+00
1.027317513573251381e+04,3.860243298928253797e+00
1.027317522201197608e+04,3.860243131603072531e+00
1.027317530829143652e+04,3.860242964436167323e+00
1.027317539457089879e+04,3.860242797427552830e+00
1.027317548085035924e+04,3.860242630577257916e+00
1.027317556712982150e+04,3.860242463885297237e+00
1.027317565340928195e+04,3.860242297351698326e+00
1.027317573968874422e+04,3.860242130976476282e+00
1.027317582596820466e+04,3.860241964759659528e+00
1.027317591224766693e+04,3.860241798701262272e+00
1.027317599852712738e+04,3.860241632801313383e+00
1.027317608480658782e+04,3.860241467059829734e+00
1.027317617108605009e+04,3.860241301476830422e+00
1.027317625736551054e+04,3.860241136052342092e+00
1.027317634364497280e+04,3.860240970786380288e+00
1.027317642992443325e+04,3.860240805678973430e+00
1.027317651620389552e+04,3.860240640730134842e+00
1.027317660248335596e+04,3.860240475939893390e+00
1.027317668876281823e+04,3.860240311308264172e+00
1.027317677504227868e+04,3.860240146835272501e+00
1.027317686132174094e+04,3.860239982520935698e+00
1.027317694760120139e+04,3.860239818365280851e+00
1.027317703388066184e+04,3.860239654368324391e+00
1.027317712016012410e+04,3.860239490530086304e+00
1.027317720643958455e+04,3.860239326850592345e+00
1.027317729271904682e+04,3.860239163329857170e+00
1.027317737899850727e+04,3.860238999967910090e+00
1.027317746527796953e+04,3.860238836764763981e+00
1.027317755155742998e+04,3.860238673720446823e+00
1.027317763783689225e+04,3.860238510834973269e+00
1.027317772411635269e+04,3.860238348108370854e+00
1.027317781039581496e+04,3.860238185540653344e+00
1.027317789667527541e+04,3.860238023131849605e+00
1.027317798295473585e+04,3.860237860881975180e+00
1.027317806923419812e+04,3.860237698791050054e+00
1.027317815551365857e+04,3.860237536859099983e+00
1.027317824179312083e+04,3.860237375086139622e+00
1.027317832807258128e+04,3.860237213472196505e+00
1.027317841435204355e+04,3.860237052017284398e+00
1.027317850063150399e+04,3.860236890721432168e+00
1.027317858691096626e+04,3.860236729584651805e+00
1.027317867319042671e+04,3.860236568606972618e+00
1.027317875946988897e+04,3.860236407788407487e+00
1.027317884574934942e+04,3.860236247128983944e+00
1.027317893202881169e+04,3.860236086628716645e+00
1.027317901830827213e+04,3.860235926287632680e+00
1.027317910458773258e+04,3.860235766105748478e+00
1.027317919086719485e+04,3.860235606083082249e+00
1.027317927714665529e+04,3.860235446219661970e+00
1.027317936342611756e+04,3.860235286515499187e+00
1.027317944970557801e+04,3.860235126970623210e+00
1.027317953598504027e+04,3.860234967585047805e+00
1.027317962226450072e+04,3.860234808358798730e+00
1.027317970854396299e+04,3.860234649291891085e+00
1.027317979482342344e+04,3.860234490384351513e+00
1.027317988110288570e+04,3.860234331636193339e+00
1.027317996738234615e+04,3.860234173047445427e+00
1.027318005366180660e+04,3.860234014618123322e+00
1.027318013994126886e+04,3.860233856348243453e+00
1.027318022622072931e+04,3.860233698237835132e+00
1.027318031250019158e+04,3.860233540286910792e+00
1.027318039877965202e+04,3.860233382495496635e+00
1.027318048505911429e+04,3.860233224863606871e+00
1.027318057133857474e+04,3.860233067391269479e+00
1.027318065761803700e+04,3.860232910078496893e+00
1.027318074389749745e+04,3.860232752925316202e+00
1.027318083017695972e+04,3.860232595931741617e+00
1.027318091645642016e+04,3.860232439097798895e+00
1.027318100273588243e+04,3.860232282423502692e+00
1.027318108901534288e+04,3.860232125908880096e+00
1.027318117529480332e+04,3.860231969553946207e+00
1.027318126157426559e+04,3.860231813358718789e+00
1.027318134785372604e+04,3.860231657323224930e+00
1.027318143413318830e+04,3.860231501447477509e+00
1.027318152041264875e+04,3.860231345731504504e+00
1.027318160669211102e+04,3.860231190175317018e+00
1.027318169297157147e+04,3.860231034778943471e+00
1.027318177925103373e+04,3.860230879542397631e+00
1.027318186553049418e+04,3.860230724465704366e+00
1.027318195180995644e+04,3.860230569548878332e+00
1.027318203808941689e+04,3.860230414791945730e+00
1.027318212436887734e+04,3.860230260194922103e+00
1.027318221064833961e+04,3.860230105757826546e+00
1.027318229692780005e+04,3.860229951480683042e+00
1.027318238320726232e+04,3.860229797363506687e+00
1.027318246948672277e+04,3.860229643406322797e+00
1.027318255576618503e+04,3.860229489609144693e+00
1.027318264204564548e+04,3.860229335971999021e+00
1.027318272832510775e+04,3.860229182494898659e+00
1.027318281460456819e+04,3.860229029177871585e+00
1.027318290088403046e+04,3.860228876020928013e+00
1.027318298716349091e+04,3.860228723024096364e+00
1.027318307344295135e+04,3.860228570187393071e+00
1.027318315972241362e+04,3.860228417510833232e+00
1.027318324600187407e+04,3.860228264994443936e+00
1.027318333228133633e+04,3.860228112638238063e+00
1.027318341856079678e+04,3.860227960442242257e+00
1.027318350484025905e+04,3.860227808406468952e+00
1.027318359111971949e+04,3.860227656530944351e+00
1.027318367739918176e+04,3.860227504815681776e+00
1.027318376367864221e+04,3.860227353260707428e+00
1.027318384995810447e+04,3.860227201866032853e+00
1.027318393623756492e+04,3.860227050631686474e+00
1.027318402251702719e+04,3.860226899557678504e+00
1.027318410879648764e+04,3.860226748644037809e+00
1.027318419507594808e+04,3.860226597890777711e+00
1.027318428135541035e+04,3.860226447297916863e+00
1.027318436763487080e+04,3.860226296865479689e+00
1.027318445391433306e+04,3.860226146593479957e+00
1.027318454019379351e+04,3.860225996481941646e+00
1.027318462647325578e+04,3.860225846530880300e+00
1.027318471275271622e+04,3.860225696740319457e+00
1.027318479903217849e+04,3.860225547110272437e+00
1.027318488531163894e+04,3.860225397640766332e+00
1.027318497159110120e+04,3.860225248331812242e+00
1.027318505787056165e+04,3.860225099183436814e+00
1.027318514415002210e+04,3.860224950195655147e+00
1.027318523042948436e+04,3.860224801368484560e+00
1.027318531670894481e+04,3.860224652701949033e+00
1.027318540298840708e+04,3.860224504196062778e+00
1.027318548926786752e+04,3.860224355850850664e+00
1.027318557554732979e+04,3.860224207666325125e+00
1.027318566182679024e+04,3.860224059642511474e+00
1.027318574810625250e+04,3.860223911779423478e+00
1.027318583438571295e+04,3.860223764077086006e+00
1.027318592066517522e+04,3.860223616535511049e+00
1.027318600694463566e+04,3.860223469154724363e+00
1.027318609322409793e+04,3.860223321934738383e+00
1.027318617950355838e+04,3.860223174875579755e+00
1.027318626578301883e+04,3.860223027977262245e+00
1.027318635206248109e+04,3.860222881239803172e+00
1.027318643834194154e+04,3.860222734663227406e+00
1.027318652462140381e+04,3.860222588247546494e+00
1.027318661090086425e+04,3.860222441992786635e+00
1.027318669718032652e+04,3.860222295898959821e+00
1.027318678345978697e+04,3.860222149966091365e+00
1.027318686973924923e+04,3.860222004194194589e+00
1.027318695601870968e+04,3.860221858583292587e+00
1.027318704229817195e+04,3.860221713133399568e+00
1.027318712857763239e+04,3.860221567844539958e+00
1.027318721485709284e+04,3.860221422716729300e+00
1.027318730113655511e+04,3.860221277749982693e+00
1.027318738741601555e+04,3.860221132944325895e+00
1.027318747369547782e+04,3.860220988299770450e+00
1.027318755997493827e+04,3.860220843816342562e+00
1.027318764625440053e+04,3.860220699494053331e+00
1.027318773253386098e+04,3.860220555332928072e+00
1.027318781881332325e+04,3.860220411332978330e+00
1.027318790509278369e+04,3.860220267494229862e+00
1.027318799137224596e+04,3.860220123816695104e+00
1.027318807765170641e+04,3.860219980300398479e+00
1.027318816393116686e+04,3.860219836945354199e+00
1.027318825021062912e+04,3.860219693751579140e+00
1.027318833649008957e+04,3.860219550719097725e+00
1.027318842276955183e+04,3.860219407847921502e+00
1.027318850904901228e+04,3.860219265138075340e+00
1.027318859532847455e+04,3.860219122589571228e+00
1.027318868160793500e+04,3.860218980202434480e+00
1.027318876788739726e+04,3.860218837976676642e+00
1.027318885416685771e+04,3.860218695912322140e+00
1.027318894044631998e+04,3.860218554009383407e+00
1.027318902672578042e+04,3.860218412267884425e+00
1.027318911300524269e+04,3.860218270687838071e+00
1.027318919928470314e+04,3.860218129269267884e+00
1.027318928556416358e+04,3.860217988012188961e+00
1.027318937184362585e+04,3.860217846916617734e+00
1.027318945812308630e+04,3.860217705982576408e+00
1.027318954440254856e+04,3.860217565210079638e+00
1.027318963068200901e+04,3.860217424599148295e+00
1.027318971696147128e+04,3.860217284149797923e+00
1.027318980324093172e+04,3.860217143862050282e+00
1.027318988952039399e+04,3.860217003735917807e+00
1.027318997579985444e+04,3.860216863771425366e+00
1.027319006207931670e+04,3.860216723968584507e+00
1.027319014835877715e+04,3.860216584327418321e+00
1.027319023463823760e+04,3.860216444847943240e+00
1.027319032091769986e+04,3.860216305530173919e+00
1.027319040719716031e+04,3.860216166374133895e+00
1.027319049347662258e+04,3.860216027379835602e+00
1.027319057975608303e+04,3.860215888547302132e+00
1.027319066603554529e+04,3.860215749876545477e+00
1.027319075231500574e+04,3.860215611367590505e+00
1.027319083859446800e+04,3.860215473020447430e+00
1.027319092487392845e+04,3.860215334835141565e+00
1.027319101115339072e+04,3.860215196811684013e+00
1.027319109743285117e+04,3.860215058950098310e+00
1.027319118371231161e+04,3.860214921250399556e+00
1.027319126999177388e+04,3.860214783712603293e+00
1.027319135627123433e+04,3.860214646336730837e+00
1.027319144255069659e+04,3.860214509122796400e+00
1.027319152883015704e+04,3.860214372070822630e+00
1.027319161510961931e+04,3.860214235180821518e+00
1.027319170138907975e+04,3.860214098452815712e+00
1.027319178766854202e+04,3.860213961886818090e+00
1.027319187394800247e+04,3.860213825482850414e+00
1.027319196022746473e+04,3.860213689240926893e+00
1.027319204650692518e+04,3.860213553161068400e+00
1.027319213278638745e+04,3.860213417243288259e+00
1.027319221906584789e+04,3.860213281487609560e+00
1.027319230534530834e+04,3.860213145894046516e+00
1.027319239162477061e+04,3.860213010462613337e+00
1.027319247790423105e+04,3.860212875193333559e+00
1.027319256418369332e+04,3.860212740086219174e+00
1.027319265046315377e+04,3.860212605141293274e+00
1.027319273674261603e+04,3.860212470358567405e+00
1.027319282302207648e+04,3.860212335738064215e+00
1.027319290930153875e+04,3.860212201279796140e+00
1.027319299558099920e+04,3.860212066983784940e+00
1.027319308186046146e+04,3.860211932850043492e+00
1.027319316813992191e+04,3.860211798878594447e+00
1.027319325441938236e+04,3.860211665069451570e+00
1.027319334069884462e+04,3.860211531422629960e+00
1.027319342697830507e+04,3.860211397938151823e+00
1.027319351325776734e+04,3.860211264616030036e+00
1.027319359953722778e+04,3.860211131456285916e+00
1.027319368581669005e+04,3.860210998458931009e+00
1.027319377209615050e+04,3.860210865623989296e+00
1.027319385837561276e+04,3.860210732951471435e+00
1.027319394465507321e+04,3.860210600441399631e+00
1.027319403093453548e+04,3.860210468093785874e+00
1.027319411721399592e+04,3.860210335908653256e+00
1.027319420349345819e+04,3.860210203886012881e+00
1.027319428977291864e+04,3.860210072025887396e+00
1.027319437605237908e+04,3.860209940328291012e+00
1.027319446233184135e+04,3.860209808793236164e+00
1.027319454861130180e+04,3.860209677420749053e+00
1.027319463489076406e+04,3.860209546210836784e+00
1.027319472117022451e+04,3.860209415163525559e+00
1.027319480744968678e+04,3.860209284278823816e+00
1.027319489372914722e+04,3.860209153556756423e+00
1.027319498000860949e+04,3.860209022997332706e+00
1.027319506628806994e+04,3.860208892600575759e+00
1.027319515256753220e+04,3.860208762366497126e+00
1.027319523884699265e+04,3.860208632295118569e+00
1.027319532512645310e+04,3.860208502386454299e+00
1.027319541140591537e+04,3.860208372640518526e+00
1.027319549768537581e+04,3.860208243057332567e+00
1.027319558396483808e+04,3.860208113636908855e+00
1.027319567024429853e+04,3.860207984379268709e+00
1.027319575652376079e+04,3.860207855284422784e+00
1.027319584280322124e+04,3.860207726352395063e+00
1.027319592908268351e+04,3.860207597583194872e+00
1.027319601536214395e+04,3.860207468976844414e+00
1.027319610164160622e+04,3.860207340533356124e+00
1.027319618792106667e+04,3.860207212252750875e+00
1.027319627420052711e+04,3.860207084135042876e+00
1.027319636047998938e+04,3.860206956180245452e+00
1.027319644675944983e+04,3.860206828388381251e+00
1.027319653303891209e+04,3.860206700759460041e+00
1.027319661931837254e+04,3.860206573293505805e+00
1.027319670559783481e+04,3.860206445990526980e+00
1.027319679187729525e+04,3.860206318850546214e+00
1.027319687815675752e+04,3.860206191873575943e+00
1.027319696443621797e+04,3.860206065059636593e+00
1.027319705071568023e+04,3.860205938408739712e+00
1.027319713699514068e+04,3.860205811920906172e+00
1.027319722327460295e+04,3.860205685596147074e+00
1.027319730955406339e+04,3.860205559434484623e+00
1.027319739583352384e+04,3.860205433435931699e+00
1.027319748211298611e+04,3.860205307600502067e+00
1.027319756839244656e+04,3.860205181928217488e+00
1.027319765467190882e+04,3.860205056419089509e+00
1.027319774095136927e+04,3.860204931073137669e+00
1.027319782723083154e+04,3.860204805890374846e+00
1.027319791351029198e+04,3.860204680870820582e+00
1.027319799978975425e+04,3.860204556014487753e+00
1.027319808606921470e+04,3.860204431321395901e+00
1.027319817234867696e+04,3.860204306791557460e+00
1.027319825862813741e+04,3.860204182424991970e+00
1.027319834490759786e+04,3.860204058221713197e+00
1.027319843118706012e+04,3.860203934181735796e+00
1.027319851746652057e+04,3.860203810305079308e+00
1.027319860374598284e+04,3.860203686591756167e+00
1.027319869002544328e+04,3.860203563041785912e+00
1.027319877630490555e+04,3.860203439655180091e+00
1.027319886258436600e+04,3.860203316431959575e+00
1.027319894886382826e+04,3.860203193372135022e+00
1.027319903514328871e+04,3.860203070475728193e+00
1.027319912142275098e+04,3.860202947742748414e+00
1.027319920770221142e+04,3.860202825173217889e+00
1.027319929398167369e+04,3.860202702767146388e+00
1.027319938026113414e+04,3.860202580524555227e+00
1.027319946654059459e+04,3.860202458445456397e+00
1.027319955282005685e+04,3.860202336529864997e+00
1.027319963909951730e+04,3.860202214777801455e+00
1.027319972537897956e+04,3.860202093189275541e+00
1.027319981165844001e+04,3.860201971764307682e+00
1.027319989793790228e+04,3.860201850502909426e+00
1.027319998421736273e+04,3.860201729405100313e+00
1.027320007049682499e+04,3.860201608470892332e+00
1.027320015677628544e+04,3.860201487700305467e+00
1.027320024305574771e+04,3.860201367093350378e+00
1.027320032933520815e+04,3.860201246650047047e+00
1.027320041561466860e+04,3.860201126370408797e+00
1.027320050189413087e+04,3.860201006254448508e+00
1.027320058817359131e+04,3.860200886302187051e+00
1.027320067445305358e+04,3.860200766513634640e+00
1.027320076073251403e+04,3.860200646888810816e+00
1.027320084701197629e+04,3.860200527427727568e+00
1.027320093329143674e+04,3.860200408130404437e+00
1.027320101957089901e+04,3.860200288996851636e+00
1.027320110585035945e+04,3.860200170027089595e+00
1.027320119212982172e+04,3.860200051221129414e+00
1.027320127840928217e+04,3.860199932578989745e+00
1.027320136468874261e+04,3.860199814100684801e+00
1.027320145096820488e+04,3.860199695786227903e+00
1.027320153724766533e+04,3.860199577635637258e+00
1.027320162352712759e+04,3.860199459648923970e+00
1.027320170980658804e+04,3.860199341826108022e+00
1.027320179608605031e+04,3.860199224167200516e+00
1.027320188236551076e+04,3.860199106672221436e+00
1.027320196864497302e+04,3.860198989341179665e+00
1.027320205492443347e+04,3.860198872174096074e+00
1.027320214120389574e+04,3.860198755170980878e+00
1.027320222748335618e+04,3.860198638331854060e+00
1.027320231376281845e+04,3.860198521656726278e+00
1.027320240004227890e+04,3.860198405145615741e+00
1.027320248632173934e+04,3.860198288798536659e+00
1.027320257260120161e+04,3.860198172615501022e+00
1.027320265888066206e+04,3.860198056596528815e+00
1.027320274516012432e+04,3.860197940741629807e+00
1.027320283143958477e+04,3.860197825050823983e+00
1.027320291771904704e+04,3.860197709524121557e+00
1.027320300399850748e+04,3.860197594161541623e+00
1.027320309027796975e+04,3.860197478963094841e+00
1.027320317655743020e+04,3.860197363928800307e+00
1.027320326283689246e+04,3.860197249058668234e+00
1.027320334911635291e+04,3.860197134352718606e+00
1.027320343539581336e+04,3.860197019810964303e+00
1.027320352167527562e+04,3.860196905433415537e+00
1.027320360795473607e+04,3.860196791220093626e+00
1.027320369423419834e+04,3.860196677171008339e+00
1.027320378051365878e+04,3.860196563286178328e+00
1.027320386679312105e+04,3.860196449565613364e+00
1.027320395307258150e+04,3.860196336009334317e+00
1.027320403935204376e+04,3.860196222617350070e+00
1.027320412563150421e+04,3.860196109389680608e+00
1.027320421191096648e+04,3.860195996326334367e+00
1.027320429819042693e+04,3.860195883427331776e+00
1.027320438446988919e+04,3.860195770692682604e+00
1.027320447074934964e+04,3.860195658122405948e+00
1.027320455702881009e+04,3.860195545716513799e+00
1.027320464330827235e+04,3.860195433475018145e+00
1.027320472958773280e+04,3.860195321397938084e+00
1.027320481586719507e+04,3.860195209485283385e+00
1.027320490214665551e+04,3.860195097737074477e+00
1.027320498842611778e+04,3.860194986153319352e+00
1.027320507470557823e+04,3.860194874734037107e+00
1.027320516098504049e+04,3.860194763479237956e+00
1.027320524726450094e+04,3.860194652388941883e+00
1.027320533354396321e+04,3.860194541463156881e+00
1.027320541982342365e+04,3.860194430701902490e+00
1.027320550610288410e+04,3.860194320105190258e+00
1.027320559238234637e+04,3.860194209673033505e+00
1.027320567866180681e+04,3.860194099405449109e+00
1.027320576494126908e+04,3.860193989302449058e+00
1.027320585122072953e+04,3.860193879364049341e+00
1.027320593750019179e+04,3.860193769590261503e+00
1.027320602377965224e+04,3.860193659981102865e+00
1.027320611005911451e+04,3.860193550536584528e+00
1.027320619633857496e+04,3.860193441256724256e+00
1.027320628261803722e+04,3.860193332141531375e+00
1.027320636889749767e+04,3.860193223191025425e+00
1.027320645517695812e+04,3.860193114405217063e+00
1.027320654145642038e+04,3.860193005784118281e+00
1.027320662773588083e+04,3.860192897327747730e+00
1.027320671401534310e+04,3.860192789036115180e+00
1.027320680029480354e+04,3.860192680909238838e+00
1.027320688657426581e+04,3.860192572947127587e+00
1.027320697285372626e+04,3.860192465149801411e+00
1.027320705913318852e+04,3.860192357517267858e+00
1.027320714541264897e+04,3.860192250049546470e+00
1.027320723169211124e+04,3.860192142746645239e+00
1.027320731797157168e+04,3.860192035608584149e+00
1.027320740425103395e+04,3.860191928635371639e+00
1.027320749053049440e+04,3.860191821827025915e+00
1.027320757680995484e+04,3.860191715183558969e+00
1.027320766308941711e+04,3.860191608704981014e+00
1.027320774936887756e+04,3.860191502391312923e+00
1.027320783564833982e+04,3.860191396242560913e+00
1.027320792192780027e+04,3.860191290258744079e+00
1.027320800820726254e+04,3.860191184439872192e+00
1.027320809448672298e+04,3.860191078785963459e+00
1.027320818076618525e+04,3.860190973297026318e+00
1.027320826704564570e+04,3.860190867973079420e+00
1.027320835332510796e+04,3.860190762814130760e+00
1.027320843960456841e+04,3.860190657820199434e+00
1.027320852588402886e+04,3.860190552991296986e+00
1.027320861216349113e+04,3.860190448327433188e+00
1.027320869844295157e+04,3.860190343828628023e+00
1.027320878472241384e+04,3.860190239494888154e+00
1.027320887100187429e+04,3.860190135326233118e+00
1.027320895728133655e+04,3.860190031322671356e+00
1.027320904356079700e+04,3.860189927484221073e+00
1.027320912984025927e+04,3.860189823810890708e+00
1.027320921611971971e+04,3.860189720302698468e+00
1.027320930239918198e+04,3.860189616959652792e+00
1.027320938867864243e+04,3.860189513781771442e+00
1.027320947495810287e+04,3.860189410769065965e+00
1.027320956123756514e+04,3.860189307921547464e+00
1.027320964751702559e+04,3.860189205239231924e+00
1.027320973379648785e+04,3.860189102722130450e+00
1.027320982007594830e+04,3.860189000370259915e+00
1.027320990635541057e+04,3.860188898183628314e+00
1.027320999263487101e+04,3.860188796162253855e+00
1.027321007891433328e+04,3.860188694306145862e+00
1.027321016519379373e+04,3.860188592615320324e+00
1.027321025147325599e+04,3.860188491089787011e+00
1.027321033775271644e+04,3.860188389729563241e+00
1.027321042403217871e+04,3.860188288534657453e+00
1.027321051031163915e+04,3.860188187505086521e+00
1.027321059659109960e+04,3.860188086640863325e+00
1.027321068287056187e+04,3.860187985941995858e+00
1.027321076915002232e+04,3.860187885408503661e+00
1.027321085542948458e+04,3.860187785040393837e+00
1.027321094170894503e+04,3.860187684837685040e+00
1.027321102798840730e+04,3.860187584800385263e+00
1.027321111426786774e+04,3.860187484928510493e+00
1.027321120054733001e+04,3.860187385222071388e+00
1.027321128682679046e+04,3.860187285681083491e+00
1.027321137310625272e+04,3.860187186305556573e+00
1.027321145938571317e+04,3.860187087095506175e+00
1.027321154566517362e+04,3.860186988050944290e+00
1.027321163194463588e+04,3.860186889171880686e+00
1.027321171822409633e+04,3.860186790458332240e+00
1.027321180450355860e+04,3.860186691910309165e+00
1.027321189078301904e+04,3.860186593527825671e+00
1.027321197706248131e+04,3.860186495310892862e+00
1.027321206334194176e+04,3.860186397259525393e+00
1.027321214962140402e+04,3.860186299373733032e+00
1.027321223590086447e+04,3.860186201653532212e+00
1.027321232218032674e+04,3.860186104098931370e+00
1.027321240845978718e+04,3.860186006709946493e+00
1.027321249473924945e+04,3.860185909486586908e+00
1.027321258101870990e+04,3.860185812428869490e+00
1.027321266729817035e+04,3.860185715536803563e+00
1.027321275357763261e+04,3.860185618810401120e+00
1.027321283985709306e+04,3.860185522249675927e+00
1.027321292613655532e+04,3.860185425854639973e+00
1.027321301241601577e+04,3.860185329625307027e+00
1.027321309869547804e+04,3.860185233561686857e+00
1.027321318497493849e+04,3.860185137663794563e+00
1.027321327125440075e+04,3.860185041931639471e+00
1.027321335753386120e+04,3.860184946365237568e+00
1.027321344381332347e+04,3.860184850964597736e+00
1.027321353009278391e+04,3.860184755729735517e+00
1.027321361637224436e+04,3.860184660660661127e+00
1.027321370265170663e+04,3.860184565757385666e+00
1.027321378893116707e+04,3.860184471019924679e+00
1.027321387521062934e+04,3.860184376448286159e+00
1.027321396149008979e+04,3.860184282042486981e+00
1.027321404776955205e+04,3.860184187802534250e+00
1.027321413404901250e+04,3.860184093728444843e+00
1.027321422032847477e+04,3.860183999820227196e+00
1.027321430660793521e+04,3.860183906077896854e+00
1.027321439288739748e+04,3.860183812501462697e+00
1.027321447916685793e+04,3.860183719090938936e+00
1.027321456544631837e+04,3.860183625846337119e+00
1.027321465172578064e+04,3.860183532767667902e+00
1.027321473800524109e+04,3.860183439854944609e+00
1.027321482428470335e+04,3.860183347108177898e+00
1.027321491056416380e+04,3.860183254527382868e+00
1.027321499684362607e+04,3.860183162112566624e+00
1.027321508312308652e+04,3.860183069863746042e+00
1.027321516940254878e+04,3.860182977780929114e+00
1.027321525568200923e+04,3.860182885864129609e+00
1.027321534196147149e+04,3.860182794113358185e+00
1.027321542824093194e+04,3.860182702528629495e+00
1.027321551452039421e+04,3.860182611109950646e+00
1.027321560079985466e+04,3.860182519857338068e+00
1.027321568707931510e+04,3.860182428770801977e+00
1.027321577335877737e+04,3.860182337850351253e+00
1.027321585963823782e+04,3.860182247096002328e+00
1.027321594591770008e+04,3.860182156507761864e+00
1.027321603219716053e+04,3.860182066085646735e+00
1.027321611847662280e+04,3.860181975829663159e+00
1.027321620475608324e+04,3.860181885739828456e+00
1.027321629103554551e+04,3.860181795816149286e+00
1.027321637731500596e+04,3.860181706058640749e+00
1.027321646359446822e+04,3.860181616467311283e+00
1.027321654987392867e+04,3.860181527042175542e+00
1.027321663615338912e+04,3.860181437783244629e+00
1.027321672243285138e+04,3.860181348690526537e+00
1.027321680871231183e+04,3.860181259764036810e+00
1.027321689499177410e+04,3.860181171003783884e+00
1.027321698127123454e+04,3.860181082409781972e+00
1.027321706755069681e+04,3.860180993982039954e+00
1.027321715383015726e+04,3.860180905720571598e+00
1.027321724010961952e+04,3.860180817625385341e+00
1.027321732638907997e+04,3.860180729696496282e+00
1.027321741266854224e+04,3.860180641933911083e+00
1.027321749894800269e+04,3.860180554337646619e+00
1.027321758522746495e+04,3.860180466907708219e+00
1.027321767150692540e+04,3.860180379644112758e+00
1.027321775778638585e+04,3.860180292546868230e+00
1.027321784406584811e+04,3.860180205615984850e+00
1.027321793034530856e+04,3.860180118851477271e+00
1.027321801662477083e+04,3.860180032253352600e+00
1.027321810290423127e+04,3.860179945821626379e+00
1.027321818918369354e+04,3.860179859556305271e+00
1.027321827546315399e+04,3.860179773457405261e+00
1.027321836174261625e+04,3.860179687524932568e+00
1.027321844802207670e+04,3.860179601758901846e+00
1.027321853430153897e+04,3.860179516159321089e+00
1.027321862058099941e+04,3.860179430726205396e+00
1.027321870686045986e+04,3.860179345459562761e+00
1.027321879313992213e+04,3.860179260359402509e+00
1.027321887941938257e+04,3.860179175425741072e+00
1.027321896569884484e+04,3.860179090658583334e+00
1.027321905197830529e+04,3.860179006057944839e+00
1.027321913825776755e+04,3.860178921623833137e+00
1.027321922453722800e+04,3.860178837356263326e+00
1.027321931081669027e+04,3.860178753255240736e+00
1.027321939709615071e+04,3.860178669320780465e+00
1.027321948337561298e+04,3.860178585552890951e+00
1.027321956965507343e+04,3.860178501951585517e+00
1.027321965593453388e+04,3.860178418516873045e+00
1.027321974221399614e+04,3.860178335248763304e+00
1.027321982849345659e+04,3.860178252147269173e+00
1.027321991477291886e+04,3.860178169212399091e+00
1.027322000105237930e+04,3.860178086444167267e+00
1.027322008733184157e+04,3.860178003842580363e+00
1.027322017361130202e+04,3.860177921407651702e+00
1.027322025989076428e+04,3.860177839139390166e+00
1.027322034617022473e+04,3.860177757037809076e+00
1.027322043244968700e+04,3.860177675102914652e+00
1.027322051872914744e+04,3.860177593334721546e+00
1.027322060500860971e+04,3.860177511733237310e+00
1.027322069128807016e+04,3.860177430298476153e+00
1.027322077756753060e+04,3.860177349030445182e+00
1.027322086384699287e+04,3.860177267929154166e+00
1.027322095012645332e+04,3.860177186994617760e+00
1.027322103640591558e+04,3.860177106226842181e+00
1.027322112268537603e+04,3.860177025625840308e+00
1.027322120896483830e+04,3.860176945191620579e+00
1.027322129524429874e+04,3.860176864924196316e+00
1.027322138152376101e+04,3.860176784823574625e+00
1.027322146780322146e+04,3.860176704889767940e+00
1.027322155408268372e+04,3.860176625122784255e+00
1.027322164036214417e+04,3.860176545522638225e+00
1.027322172664160462e+04,3.860176466089336511e+00
1.027322181292106688e+04,3.860176386822888439e+00
1.027322189920052733e+04,3.860176307723307776e+00
1.027322198547998960e+04,3.860176228790601183e+00
1.027322207175945005e+04,3.860176150024782427e+00
1.027322215803891231e+04,3.860176071425857725e+00
1.027322224431837276e+04,3.860175992993839955e+00
1.027322233059783503e+04,3.860175914728738000e+00
1.027322241687729547e+04,3.860175836630563850e+00
1.027322250315675774e+04,3.860175758699323723e+00
1.027322258943621819e+04,3.860175680935032272e+00
1.027322267571567863e+04,3.860175603337697048e+00
1.027322276199514090e+04,3.860175525907327376e+00
1.027322284827460135e+04,3.860175448643933915e+00
1.027322293455406361e+04,3.860175371547526435e+00
1.027322302083352406e+04,3.860175294618116482e+00
1.027322310711298633e+04,3.860175217855711605e+00
1.027322319339244677e+04,3.860175141260324239e+00
1.027322327967190904e+04,3.860175064831960601e+00
1.027322336595136949e+04,3.860174988570634014e+00
1.027322345223083175e+04,3.860174912476352027e+00
1.027322353851029220e+04,3.860174836549127075e+00
1.027322362478975447e+04,3.860174760788965376e+00
1.027322371106921491e+04,3.860174685195880695e+00
1.027322379734867536e+04,3.860174609769879250e+00
1.027322388362813763e+04,3.860174534510971700e+00
1.027322396990759808e+04,3.860174459419169590e+00
1.027322405618706034e+04,3.860174384494479582e+00
1.027322414246652079e+04,3.860174309736914111e+00
1.027322422874598305e+04,3.860174235146479838e+00
1.027322431502544350e+04,3.860174160723190973e+00
1.027322440130490577e+04,3.860174086467051513e+00
1.027322448758436622e+04,3.860174012378075226e+00
1.027322457386382848e+04,3.860173938456268772e+00
1.027322466014328893e+04,3.860173864701645030e+00
1.027322474642274938e+04,3.860173791114210662e+00
1.027322483270221164e+04,3.860173717693975437e+00
1.027322491898167209e+04,3.860173644440951346e+00
1.027322500526113436e+04,3.860173571355142830e+00
1.027322509154059480e+04,3.860173498436564543e+00
1.027322517782005707e+04,3.860173425685221815e+00
1.027322526409951752e+04,3.860173353101127969e+00
1.027322535037897978e+04,3.860173280684288333e+00
1.027322543665844023e+04,3.860173208434715786e+00
1.027322552293790250e+04,3.860173136352416545e+00
1.027322560921736294e+04,3.860173064437402157e+00
1.027322569549682521e+04,3.860172992689679727e+00
1.027322578177628566e+04,3.860172921109262134e+00
1.027322586805574610e+04,3.860172849696155595e+00
1.027322595433520837e+04,3.860172778450368991e+00
1.027322604061466882e+04,3.860172707371912981e+00
1.027322612689413108e+04,3.860172636460795115e+00
1.027322621317359153e+04,3.860172565717027826e+00
1.027322629945305380e+04,3.860172495140615112e+00
1.027322638573251425e+04,3.860172424731571628e+00
1.027322647201197651e+04,3.860172354489902258e+00
1.027322655829143696e+04,3.860172284415618105e+00
1.027322664457089923e+04,3.860172214508726718e+00
1.027322673085035967e+04,3.860172144769240088e+00
1.027322681712982012e+04,3.860172075197164432e+00
1.027322690340928239e+04,3.860172005792507743e+00
1.027322698968874283e+04,3.860171936555282901e+00
1.027322707596820510e+04,3.860171867485494346e+00
1.027322716224766555e+04,3.860171798583154068e+00
1.027322724852712781e+04,3.860171729848269173e+00
1.027322733480658826e+04,3.860171661280851652e+00
1.027322742108605053e+04,3.860171592880905500e+00
1.027322750736551097e+04,3.860171524648443597e+00
1.027322759364497324e+04,3.860171456583472160e+00
1.027322767992443369e+04,3.860171388686002292e+00
1.027322776620389413e+04,3.860171320956041541e+00
1.027322785248335640e+04,3.860171253393597013e+00
1.027322793876281685e+04,3.860171185998679366e+00
1.027322802504227911e+04,3.860171118771297039e+00
1.027322811132173956e+04,3.860171051711458912e+00
1.027322819760120183e+04,3.860170984819171203e+00
1.027322828388066227e+04,3.860170918094446790e+00
1.027322837016012454e+04,3.860170851537290559e+00
1.027322845643958499e+04,3.860170785147714057e+00
1.027322854271904725e+04,3.860170718925722166e+00
1.027322862899850770e+04,3.860170652871326880e+00
1.027322871527796997e+04,3.860170586984535301e+00
1.027322880155743042e+04,3.860170521265355426e+00
1.027322888783689086e+04,3.860170455713797022e+00
1.027322897411635313e+04,3.860170390329866308e+00
1.027322906039581358e+04,3.860170325113575274e+00
1.027322914667527584e+04,3.860170260064927916e+00
1.027322923295473629e+04,3.860170195183936226e+00
1.027322931923419856e+04,3.860170130470605532e+00
1.027322940551365900e+04,3.860170065924947824e+00
1.027322949179312127e+04,3.860170001546968432e+00
1.027322957807258172e+04,3.860169937336677126e+00
1.027322966435204398e+04,3.860169873294081011e+00
1.027322975063150443e+04,3.860169809419189413e+00
1.027322983691096488e+04,3.860169745712010325e+00
1.027322992319042714e+04,3.860169682172550853e+00
1.027323000946988759e+04,3.860169618800821212e+00
1.027323009574934986e+04,3.860169555596827173e+00
1.027323018202881030e+04,3.860169492560579840e+00
1.027323026830827257e+04,3.860169429692083654e+00
1.027323035458773302e+04,3.860169366991350159e+00
1.027323044086719528e+04,3.860169304458385131e+00
1.027323052714665573e+04,3.860169242093197894e+00
1.027323061342611800e+04,3.860169179895795111e+00
1.027323069970557844e+04,3.860169117866187438e+00
1.027323078598504071e+04,3.860169056004379318e+00
1.027323087226450116e+04,3.860168994310380963e+00
1.027323095854396161e+04,3.860168932784200813e+00
1.027323104482342387e+04,3.860168871425844195e+00
1.027323113110288432e+04,3.860168810235322656e+00
1.027323121738234659e+04,3.860168749212640193e+00
1.027323130366180703e+04,3.860168688357808353e+00
1.027323138994126930e+04,3.860168627670831132e+00
1.027323147622072975e+04,3.860168567151719188e+00
1.027323156250019201e+04,3.860168506800479626e+00
1.027323164877965246e+04,3.860168446617119997e+00
1.027323173505911473e+04,3.860168386601647850e+00
1.027323182133857517e+04,3.860168326754072510e+00
1.027323190761803562e+04,3.860168267074399751e+00
1.027323199389749789e+04,3.860168207562637122e+00
1.027323208017695833e+04,3.860168148218794393e+00
1.027323216645642060e+04,3.860168089042875561e+00
1.027323225273588105e+04,3.860168030034892173e+00
1.027323233901534331e+04,3.860167971194849112e+00
1.027323242529480376e+04,3.860167912522756595e+00
1.027323251157426603e+04,3.860167854018619060e+00
1.027323259785372647e+04,3.860167795682446723e+00
1.027323268413318874e+04,3.860167737514244912e+00
1.027323277041264919e+04,3.860167679514023398e+00
1.027323285669210964e+04,3.860167621681787953e+00
1.027323294297157190e+04,3.860167564017546127e+00
1.027323302925103235e+04,3.860167506521305913e+00
1.027323311553049462e+04,3.860167449193073530e+00
1.027323320180995506e+04,3.860167392032859190e+00
1.027323328808941733e+04,3.860167335040666448e+00
1.027323337436887778e+04,3.860167278216505959e+00
1.027323346064834004e+04,3.860167221560382611e+00
1.027323354692780049e+04,3.860167165072306172e+00
1.027323363320726276e+04,3.860167108752280196e+00
1.027323371948672320e+04,3.860167052600316673e+00
1.027323380576618547e+04,3.860166996616418711e+00
1.027323389204564592e+04,3.860166940800596080e+00
1.027323397832510636e+04,3.860166885152854999e+00
1.027323406460456863e+04,3.860166829673202127e+00
1.027323415088402908e+04,3.860166774361645903e+00
1.027323423716349134e+04,3.860166719218191655e+00
1.027323432344295179e+04,3.860166664242848711e+00
1.027323440972241406e+04,3.860166609435621510e+00
1.027323449600187450e+04,3.860166554796520710e+00
1.027323458228133677e+04,3.860166500325548977e+00
1.027323466856079722e+04,3.860166446022717412e+00
1.027323475484025948e+04,3.860166391888030013e+00
1.027323484111971993e+04,3.860166337921495661e+00
1.027323492739918038e+04,3.860166284123120128e+00
1.027323501367864264e+04,3.860166230492910522e+00
1.027323509995810309e+04,3.860166177030874834e+00
1.027323518623756536e+04,3.860166123737017507e+00
1.027323527251702581e+04,3.860166070611348754e+00
1.027323535879648807e+04,3.860166017653872572e+00
1.027323544507594852e+04,3.860165964864597399e+00
1.027323553135541079e+04,3.860165912243529007e+00
1.027323561763487123e+04,3.860165859790674947e+00
1.027323570391433350e+04,3.860165807506040991e+00
1.027323579019379395e+04,3.860165755389635578e+00
1.027323587647325621e+04,3.860165703441463148e+00
1.027323596275271666e+04,3.860165651661533026e+00
1.027323604903217711e+04,3.860165600049850543e+00
1.027323613531163937e+04,3.860165548606421471e+00
1.027323622159109982e+04,3.860165497331253803e+00
1.027323630787056209e+04,3.860165446224352870e+00
1.027323639415002253e+04,3.860165395285726664e+00
1.027323648042948480e+04,3.860165344515380070e+00
1.027323656670894525e+04,3.860165293913321971e+00
1.027323665298840751e+04,3.860165243479555475e+00
1.027323673926786796e+04,3.860165193214091239e+00
1.027323682554733023e+04,3.860165143116932374e+00
1.027323691182679067e+04,3.860165093188087759e+00
1.027323699810625112e+04,3.860165043427561837e+00
1.027323708438571339e+04,3.860164993835360825e+00
1.027323717066517384e+04,3.860164944411493604e+00
1.027323725694463610e+04,3.860164895155964171e+00
1.027323734322409655e+04,3.860164846068780520e+00
1.027323742950355881e+04,3.860164797149947091e+00
1.027323751578301926e+04,3.860164748399472323e+00
1.027323760206248153e+04,3.860164699817359324e+00
1.027323768834194198e+04,3.860164651403619196e+00
1.027323777462140424e+04,3.860164603158253716e+00
1.027323786090086469e+04,3.860164555081271764e+00
1.027323794718032514e+04,3.860164507172678228e+00
1.027323803345978740e+04,3.860164459432478434e+00
1.027323811973924785e+04,3.860164411860681266e+00
1.027323820601871012e+04,3.860164364457290720e+00
1.027323829229817056e+04,3.860164317222313457e+00
1.027323837857763283e+04,3.860164270155755251e+00
1.027323846485709328e+04,3.860164223257624094e+00
1.027323855113655554e+04,3.860164176527922653e+00
1.027323863741601599e+04,3.860164129966659363e+00
1.027323872369547826e+04,3.860164083573838667e+00
1.027323880997493870e+04,3.860164037349468558e+00
1.027323889625440097e+04,3.860163991293553476e+00
1.027323898253386142e+04,3.860163945406100083e+00
1.027323906881332186e+04,3.860163899687113709e+00
1.027323915509278413e+04,3.860163854136599682e+00
1.027323924137224458e+04,3.860163808754566439e+00
1.027323932765170684e+04,3.860163763541015758e+00
1.027323941393116729e+04,3.860163718495957408e+00
1.027323950021062956e+04,3.860163673619394054e+00
1.027323958649009001e+04,3.860163628911334133e+00
1.027323967276955227e+04,3.860163584371782086e+00
1.027323975904901272e+04,3.860163540000743687e+00
1.027323984532847498e+04,3.860163495798224709e+00
1.027323993160793543e+04,3.860163451764230924e+00
1.027324001788739588e+04,3.860163407898768106e+00
1.027324010416685815e+04,3.860163364201840697e+00
1.027324019044631859e+04,3.860163320673456244e+00
1.027324027672578086e+04,3.860163277313619190e+00
1.027324036300524131e+04,3.860163234122335751e+00
1.027324044928470357e+04,3.860163191099609925e+00
1.027324053556416402e+04,3.860163148245450149e+00
1.027324062184362629e+04,3.860163105559859087e+00
1.027324070812308673e+04,3.860163063042844733e+00
1.027324079440254900e+04,3.860163020694409752e+00
1.027324088068200945e+04,3.860162978514561249e+00
1.027324096696146989e+04,3.860162936503305442e+00
1.027324105324093216e+04,3.860162894660644994e+00
1.027324113952039261e+04,3.860162852986589233e+00
1.027324122579985487e+04,3.860162811481139933e+00
1.027324131207931532e+04,3.860162770144304201e+00
1.027324139835877759e+04,3.860162728976086477e+00
1.027324148463823803e+04,3.860162687976493867e+00
1.027324157091770030e+04,3.860162647145528592e+00
1.027324165719716075e+04,3.860162606483199532e+00
1.027324174347662301e+04,3.860162565989508909e+00
1.027324182975608346e+04,3.860162525664464273e+00
1.027324191603554573e+04,3.860162485508068286e+00
1.027324200231500618e+04,3.860162445520328056e+00
1.027324208859446662e+04,3.860162405701248911e+00
1.027324217487392889e+04,3.860162366050833516e+00
1.027324226115338934e+04,3.860162326569090752e+00
1.027324234743285160e+04,3.860162287256021507e+00
1.027324243371231205e+04,3.860162248111635108e+00
1.027324251999177432e+04,3.860162209135932443e+00
1.027324260627123476e+04,3.860162170328922393e+00
1.027324269255069703e+04,3.860162131690606291e+00
1.027324277883015748e+04,3.860162093220992574e+00
1.027324286510961974e+04,3.860162054920083907e+00
1.027324295138908019e+04,3.860162016787885619e+00
1.027324303766854064e+04,3.860161978824403040e+00
1.027324312394800290e+04,3.860161941029640609e+00
1.027324321022746335e+04,3.860161903403604544e+00
1.027324329650692562e+04,3.860161865946297510e+00
1.027324338278638606e+04,3.860161828657726169e+00
1.027324346906584833e+04,3.860161791537893183e+00
1.027324355534530878e+04,3.860161754586806104e+00
1.027324364162477104e+04,3.860161717804467596e+00
1.027324372790423149e+04,3.860161681190883876e+00
1.027324381418369376e+04,3.860161644746057608e+00
1.027324390046315420e+04,3.860161608469995898e+00
1.027324398674261647e+04,3.860161572362701854e+00
1.027324407302207692e+04,3.860161536424181250e+00
1.027324415930153737e+04,3.860161500654437639e+00
1.027324424558099963e+04,3.860161465053475016e+00
1.027324433186046008e+04,3.860161429621300488e+00
1.027324441813992235e+04,3.860161394357915832e+00
1.027324450441938279e+04,3.860161359263327707e+00
1.027324459069884506e+04,3.860161324337539224e+00
1.027324467697830551e+04,3.860161289580555266e+00
1.027324476325776777e+04,3.860161254992380275e+00
1.027324484953722822e+04,3.860161220573020024e+00
1.027324493581669049e+04,3.860161186322476734e+00
1.027324502209615093e+04,3.860161152240757065e+00
1.027324510837561138e+04,3.860161118327863683e+00
1.027324519465507365e+04,3.860161084583801472e+00
1.027324528093453409e+04,3.860161051008573985e+00
1.027324536721399636e+04,3.860161017602186995e+00
1.027324545349345681e+04,3.860160984364644943e+00
1.027324553977291907e+04,3.860160951295950049e+00
1.027324562605237952e+04,3.860160918396108976e+00
1.027324571233184179e+04,3.860160885665123942e+00
1.027324579861130223e+04,3.860160853103000278e+00
1.027324588489076450e+04,3.860160820709741980e+00
1.027324597117022495e+04,3.860160788485353489e+00
1.027324605744968540e+04,3.860160756429838358e+00
1.027324614372914766e+04,3.860160724543201471e+00
1.027324623000860811e+04,3.860160692825445938e+00
1.027324631628807037e+04,3.860160661276576199e+00
1.027324640256753082e+04,3.860160629896597584e+00
1.027324648884699309e+04,3.860160598685511424e+00
1.027324657512645354e+04,3.860160567643324825e+00
1.027324666140591580e+04,3.860160536770039563e+00
1.027324674768537625e+04,3.860160506065661412e+00
1.027324683396483852e+04,3.860160475530191704e+00
1.027324692024429896e+04,3.860160445163636656e+00
1.027324700652376123e+04,3.860160414965999820e+00
1.027324709280322168e+04,3.860160384937284750e+00
1.027324717908268212e+04,3.860160355077494554e+00
1.027324726536214439e+04,3.860160325386634117e+00
1.027324735164160484e+04,3.860160295864707436e+00
1.027324743792106710e+04,3.860160266511717175e+00
1.027324752420052755e+04,3.860160237327668220e+00
1.027324761047998982e+04,3.860160208312563679e+00
1.027324769675945026e+04,3.860160179466407993e+00
1.027324778303891253e+04,3.860160150789203382e+00
1.027324786931837298e+04,3.860160122280955619e+00
1.027324795559783524e+04,3.860160093941666481e+00
1.027324804187729569e+04,3.860160065771340854e+00
1.027324812815675614e+04,3.860160037769981844e+00
1.027324821443621840e+04,3.860160009937592562e+00
1.027324830071567885e+04,3.860159982274178336e+00
1.027324838699514112e+04,3.860159954779740499e+00
1.027324847327460157e+04,3.860159927454284379e+00
1.027324855955406383e+04,3.860159900297812197e+00
1.027324864583352428e+04,3.860159873310328393e+00
1.027324873211298654e+04,3.860159846491835633e+00
1.027324881839244699e+04,3.860159819842338358e+00
1.027324890467190926e+04,3.860159793361839231e+00
1.027324899095136971e+04,3.860159767050341806e+00
1.027324907723083197e+04,3.860159740907850079e+00
1.027324916351029242e+04,3.860159714934366271e+00
1.027324924978975287e+04,3.860159689129894822e+00
1.027324933606921513e+04,3.860159663494437954e+00
1.027324942234867558e+04,3.860159638028000106e+00
1.027324950862813785e+04,3.860159612730583500e+00
1.027324959490759829e+04,3.860159587602192133e+00
1.027324968118706056e+04,3.860159562642829112e+00
1.027324976746652101e+04,3.860159537852497547e+00
1.027324985374598327e+04,3.860159513231200545e+00
1.027324994002544372e+04,3.860159488778941217e+00
1.027325002630490599e+04,3.860159464495723558e+00
1.027325011258436643e+04,3.860159440381549789e+00
1.027325019886382688e+04,3.860159416436423463e+00
1.027325028514328915e+04,3.860159392660346800e+00
1.027325037142274959e+04,3.860159369053323797e+00
1.027325045770221186e+04,3.860159345615357118e+00
1.027325054398167231e+04,3.860159322346449873e+00
1.027325063026113457e+04,3.860159299246604725e+00
1.027325071654059502e+04,3.860159276315825672e+00
1.027325080282005729e+04,3.860159253554114489e+00
1.027325088909951774e+04,3.860159230961473842e+00
1.027325097537898000e+04,3.860159208537908615e+00
1.027325106165844045e+04,3.860159186283420585e+00
1.027325114793790090e+04,3.860159164198011528e+00
1.027325123421736316e+04,3.860159142281685885e+00
1.027325132049682361e+04,3.860159120534445432e+00
1.027325140677628588e+04,3.860159098956292834e+00
1.027325149305574632e+04,3.860159077547232975e+00
1.027325157933520859e+04,3.860159056307266301e+00
1.027325166561466904e+04,3.860159035236395919e+00
1.027325175189413130e+04,3.860159014334624938e+00
1.027325183817359175e+04,3.860158993601956468e+00
1.027325192445305402e+04,3.860158973038392283e+00
1.027325201073251446e+04,3.860158952643935937e+00
1.027325209701197673e+04,3.860158932418589206e+00
1.027325218329143718e+04,3.860158912362355643e+00
1.027325226957089762e+04,3.860158892475237025e+00
1.027325235585035989e+04,3.860158872757236015e+00
1.027325244212982034e+04,3.860158853208355278e+00
1.027325252840928260e+04,3.860158833828597036e+00
1.027325261468874305e+04,3.860158814617964396e+00
1.027325270096820532e+04,3.860158795576459578e+00
1.027325278724766576e+04,3.860158776704085248e+00
1.027325287352712803e+04,3.860158758000843182e+00
1.027325295980658848e+04,3.860158739466736044e+00
1.027325304608605074e+04,3.860158721101766499e+00
1.027325313236551119e+04,3.860158702905937655e+00
1.027325321864497164e+04,3.860158684879249513e+00
1.027325330492443391e+04,3.860158667021706513e+00
1.027325339120389435e+04,3.860158649333310432e+00
1.027325347748335662e+04,3.860158631814063490e+00
1.027325356376281707e+04,3.860158614463967908e+00
1.027325365004227933e+04,3.860158597283025461e+00
1.027325373632173978e+04,3.860158580271239703e+00
1.027325382260120205e+04,3.860158563428610634e+00
1.027325390888066249e+04,3.860158546755142250e+00
1.027325399516012476e+04,3.860158530250835440e+00
1.027325408143958521e+04,3.860158513915694201e+00
1.027325416771904747e+04,3.860158497749718975e+00
1.027325425399850792e+04,3.860158481752912429e+00
1.027325434027796837e+04,3.860158465925276339e+00
1.027325442655743063e+04,3.860158450266812924e+00
1.027325451283689108e+04,3.860158434777523961e+00
1.027325459911635335e+04,3.860158419457411672e+00
1.027325468539581379e+04,3.860158404306478275e+00
1.027325477167527606e+04,3.860158389324725103e+00
1.027325485795473651e+04,3.860158374512155710e+00
1.027325494423419877e+04,3.860158359868769207e+00
1.027325503051365922e+04,3.860158345394570034e+00
1.027325511679312149e+04,3.860158331089558637e+00
1.027325520307258193e+04,3.860158316953737234e+00
1.027325528935204238e+04,3.860158302987108048e+00
1.027325537563150465e+04,3.860158289189671965e+00
1.027325546191096510e+04,3.860158275561431651e+00
1.027325554819042736e+04,3.860158262102388438e+00
1.027325563446988781e+04,3.860158248812544546e+00
1.027325572074935008e+04,3.860158235691900419e+00
1.027325580702881052e+04,3.860158222740459166e+00
1.027325589330827279e+04,3.860158209958221232e+00
1.027325597958773324e+04,3.860158197345190167e+00
1.027325606586719550e+04,3.860158184901365086e+00
1.027325615214665595e+04,3.860158172626749984e+00
1.027325623842611640e+04,3.860158160521344417e+00
1.027325632470557866e+04,3.860158148585151494e+00
1.027325641098503911e+04,3.860158136818171659e+00
1.027325649726450138e+04,3.860158125220406689e+00
1.027325658354396182e+04,3.860158113791859247e+00
1.027325666982342409e+04,3.860158102532528002e+00
1.027325675610288454e+04,3.860158091442418282e+00
1.027325684238234680e+04,3.860158080521528312e+00
1.027325692866180725e+04,3.860158069769860312e+00
1.027325701494126952e+04,3.860158059187416502e+00
1.027325710122072996e+04,3.860158048774197770e+00
1.027325718750019223e+04,3.860158038530205005e+00
1.027325727377965268e+04,3.860158028455440427e+00
1.027325736005911313e+04,3.860158018549904924e+00
1.027325744633857539e+04,3.860158008813598940e+00
1.027325753261803584e+04,3.860157999246525140e+00
1.027325761889749811e+04,3.860157989848683524e+00
1.027325770517695855e+04,3.860157980620076312e+00
1.027325779145642082e+04,3.860157971560703949e+00
1.027325787773588127e+04,3.860157962670568654e+00
1.027325796401534353e+04,3.860157953949669540e+00
1.027325805029480398e+04,3.860157945398010604e+00
1.027325813657426625e+04,3.860157937015590068e+00
1.027325822285372669e+04,3.860157928802410598e+00
1.027325830913318714e+04,3.860157920758473082e+00
1.027325839541264941e+04,3.860157912883777964e+00
1.027325848169210985e+04,3.860157905178327908e+00
1.027325856797157212e+04,3.860157897642122027e+00
1.027325865425103257e+04,3.860157890275161652e+00
1.027325874053049483e+04,3.860157883077448115e+00
1.027325882680995528e+04,3.860157876048982750e+00
1.027325891308941755e+04,3.860157869189766000e+00
1.027325899936887799e+04,3.860157862499797865e+00
1.027325908564834026e+04,3.860157855979080122e+00
1.027325917192780071e+04,3.860157849627614546e+00
1.027325925820726115e+04,3.860157843445401138e+00
1.027325934448672342e+04,3.860157837432439454e+00
1.027325943076618387e+04,3.860157831588732158e+00
1.027325951704564613e+04,3.860157825914278362e+00
1.027325960332510658e+04,3.860157820409080731e+00
1.027325968960456885e+04,3.860157815073137932e+00
1.027325977588402930e+04,3.860157809906451742e+00
1.027325986216349156e+04,3.860157804909023049e+00
1.027325994844295201e+04,3.860157800080851853e+00
1.027326003472241428e+04,3.860157795421939042e+00
1.027326012100187472e+04,3.860157790932285060e+00
1.027326020728133699e+04,3.860157786611890796e+00
1.027326029356079744e+04,3.860157782460757137e+00
1.027326037984025788e+04,3.860157778478883639e+00
1.027326046611972015e+04,3.860157774666272079e+00
1.027326055239918060e+04,3.860157771022920681e+00
1.027326063867864286e+04,3.860157767548832553e+00
1.027326072495810331e+04,3.860157764244007250e+00
1.027326081123756558e+04,3.860157761108443886e+00
1.027326089751702602e+04,3.860157758142144679e+00
1.027326098379648829e+04,3.860157755345108743e+00
1.027326107007594874e+04,3.860157752717337409e+00
1.027326115635541100e+04,3.860157750258830234e+00
1.027326124263487145e+04,3.860157747969588105e+00
1.027326132891433190e+04,3.860157745849611022e+00
1.027326141519379416e+04,3.860157743898899430e+00
1.027326150147325461e+04,3.860157742117452884e+00
1.027326158775271688e+04,3.860157740505273161e+00
1.027326167403217732e+04,3.860157739062358484e+00
1.027326176031163959e+04,3.860157737788711074e+00
1.027326184659110004e+04,3.860157736684329155e+00
1.027326193287056230e+04,3.860157735749214503e+00
1.027326201915002275e+04,3.860157734983366229e+00
1.027326210542948502e+04,3.860157734386784334e+00
1.027326219170894547e+04,3.860157733959469706e+00
1.027326227798840773e+04,3.860157733701421900e+00
1.027326236426786818e+04,3.860157733612640918e+00
1.027326245054732863e+04,3.860157733693126758e+00
1.027326253682679089e+04,3.860157733942879865e+00
1.027326262310625134e+04,3.860157734361900239e+00
1.027326270938571361e+04,3.860157734950186992e+00
1.027326279566517405e+04,3.860157735707740123e+00
1.027326288194463632e+04,3.860157736634560077e+00
1.027326296822409677e+04,3.860157737730647742e+00
1.027326305450355903e+04,3.860157738996000454e+00
1.027326314078301948e+04,3.860157740430619544e+00
1.027326322706248175e+04,3.860157742034505457e+00
1.027326331334194219e+04,3.860157743807657305e+00
1.027326339962140264e+04,3.860157745750073754e+00
1.027326348590086491e+04,3.860157747861756583e+00
1.027326357218032535e+04,3.860157750142704014e+00
1.027326365845978762e+04,3.860157752592916047e+00
1.027326374473924807e+04,3.860157755212392683e+00
1.027326383101871033e+04,3.860157758001134365e+00
1.027326391729817078e+04,3.860157760959138429e+00
1.027326400357763305e+04,3.860157764086407095e+00
1.027326408985709350e+04,3.860157767382938143e+00
1.027326417613655576e+04,3.860157770848732017e+00
1.027326426241601621e+04,3.860157774483787829e+00
1.027326434869547666e+04,3.860157778288106023e+00
1.027326443497493892e+04,3.860157782261684822e+00
1.027326452125439937e+04,3.860157786404524227e+00
1.027326460753386164e+04,3.860157790716624238e+00
1.027326469381332208e+04,3.860157795197983521e+00
1.027326478009278435e+04,3.860157799848601634e+00
1.027326486637224480e+04,3.860157804668478132e+00
1.027326495265170706e+04,3.860157809657613015e+00
1.027326503893116751e+04,3.860157814816004063e+00
1.027326512521062978e+04,3.860157820143652163e+00
1.027326521149009022e+04,3.860157825640556428e+00
1.027326529776955249e+04,3.860157831306715970e+00
1.027326538404901294e+04,3.860157837142129456e+00
1.027326547032847338e+04,3.860157843146795997e+00
1.027326555660793565e+04,3.860157849320716483e+00
1.027326564288739610e+04,3.860157855663888249e+00
1.027326572916685836e+04,3.860157862176311294e+00
1.027326581544631881e+04,3.860157868857984731e+00
1.027326590172578108e+04,3.860157875708908115e+00
1.027326598800524152e+04,3.860157882729080114e+00
1.027326607428470379e+04,3.860157889918498952e+00
1.027326616056416424e+04,3.860157897277165961e+00
1.027326624684362650e+04,3.860157904805078477e+00
1.027326633312308695e+04,3.860157912502234723e+00
1.027326641940254740e+04,3.860157920368636475e+00
1.027326650568200967e+04,3.860157928404280181e+00
1.027326659196147011e+04,3.860157936609166285e+00
1.027326667824093238e+04,3.860157944983293010e+00
1.027326676452039283e+04,3.860157953526658581e+00
1.027326685079985509e+04,3.860157962239263885e+00
1.027326693707931554e+04,3.860157971121106701e+00
1.027326702335877781e+04,3.860157980172185699e+00
1.027326710963823825e+04,3.860157989392499989e+00
1.027326719591770052e+04,3.860157998782048239e+00
1.027326728219716097e+04,3.860158008340828228e+00
1.027326736847662323e+04,3.860158018068841290e+00
1.027326745475608368e+04,3.860158027966084315e+00
1.027326754103554413e+04,3.860158038032555528e+00
1.027326762731500639e+04,3.860158048268255371e+00
1.027326771359446684e+04,3.860158058673181181e+00
1.027326779987392911e+04,3.860158069247332957e+00
1.027326788615338955e+04,3.860158079990707591e+00
1.027326797243285182e+04,3.860158090903305084e+00
1.027326805871231227e+04,3.860158101985123213e+00
1.027326814499177453e+04,3.860158113236161093e+00
1.027326823127123498e+04,3.860158124656416945e+00
1.027326831755069725e+04,3.860158136245888993e+00
1.027326840383015769e+04,3.860158148004576351e+00
1.027326849010961814e+04,3.860158159932477684e+00
1.027326857638908041e+04,3.860158172029591217e+00
1.027326866266854086e+04,3.860158184295914729e+00
1.027326874894800312e+04,3.860158196731447777e+00
1.027326883522746357e+04,3.860158209336187252e+00
1.027326892150692584e+04,3.860158222110132709e+00
1.027326900778638628e+04,3.860158235053282372e+00
1.027326909406584855e+04,3.860158248165634909e+00
1.027326918034530900e+04,3.860158261447187655e+00
1.027326926662477126e+04,3.860158274897939279e+00
1.027326935290423171e+04,3.860158288517888447e+00
1.027326943918369216e+04,3.860158302307032496e+00
1.027326952546315442e+04,3.860158316265371425e+00
1.027326961174261487e+04,3.860158330392900794e+00
1.027326969802207714e+04,3.860158344689621490e+00
1.027326978430153758e+04,3.860158359155530405e+00
1.027326987058099985e+04,3.860158373790624875e+00
1.027326995686046030e+04,3.860158388594904455e+00
1.027327004313992256e+04,3.860158403568367369e+00
1.027327012941938301e+04,3.860158418711010064e+00
1.027327021569884528e+04,3.860158434022831209e+00
1.027327030197830572e+04,3.860158449503829914e+00
1.027327038825776799e+04,3.860158465154003071e+00
1.027327047453722844e+04,3.860158480973349349e+00
1.027327056081668889e+04,3.860158496961865637e+00
1.027327064709615115e+04,3.860158513119551049e+00
1.027327073337561160e+04,3.860158529446402920e+00
1.027327081965507386e+04,3.860158545942419472e+00
1.027327090593453431e+04,3.860158562607598487e+00
1.027327099221399658e+04,3.860158579441937299e+00
1.027327107849345703e+04,3.860158596445434576e+00
1.027327116477291929e+04,3.860158613618087653e+00
1.027327125105237974e+04,3.860158630959894310e+00
1.027327133733184201e+04,3.860158648470851883e+00
1.027327142361130245e+04,3.860158666150959483e+00
1.027327150989076290e+04,3.860158684000213558e+00
1.027327159617022517e+04,3.860158702018611887e+00
1.027327168244968561e+04,3.860158720206152694e+00
1.027327176872914788e+04,3.860158738562833758e+00
1.027327185500860833e+04,3.860158757088652415e+00
1.027327194128807059e+04,3.860158775783606000e+00
1.027327202756753104e+04,3.860158794647691849e+00
1.027327211384699331e+04,3.860158813680909518e+00
1.027327220012645375e+04,3.860158832883253233e+00
1.027327228640591602e+04,3.860158852254723882e+00
1.027327237268537647e+04,3.860158871795317026e+00
1.027327245896483873e+04,3.860158891505030887e+00
1.027327254524429918e+04,3.860158911383861469e+00
1.027327263152375963e+04,3.860158931431807883e+00
1.027327271780322189e+04,3.860158951648867909e+00
1.027327280408268234e+04,3.860158972035036662e+00
1.027327289036214461e+04,3.860158992590314142e+00
1.027327297664160506e+04,3.860159013314695908e+00
1.027327306292106732e+04,3.860159034208180184e+00
1.027327314920052777e+04,3.860159055270763417e+00
1.027327323547999003e+04,3.860159076502444719e+00
1.027327332175945048e+04,3.860159097903218761e+00
1.027327340803891275e+04,3.860159119473084655e+00
1.027327349431837320e+04,3.860159141212038847e+00
1.027327358059783364e+04,3.860159163120078230e+00
1.027327366687729591e+04,3.860159185197201914e+00
1.027327375315675636e+04,3.860159207443404572e+00
1.027327383943621862e+04,3.860159229858684871e+00
1.027327392571567907e+04,3.860159252443039257e+00
1.027327401199514134e+04,3.860159275196465511e+00
1.027327409827460178e+04,3.860159298118959637e+00
1.027327418455406405e+04,3.860159321210519856e+00
1.027327427083352450e+04,3.860159344471142617e+00
1.027327435711298676e+04,3.860159367900824368e+00
1.027327444339244721e+04,3.860159391499563331e+00
1.027327452967190766e+04,3.860159415267355065e+00
1.027327461595136992e+04,3.860159439204198240e+00
1.027327470223083037e+04,3.860159463310087968e+00
1.027327478851029264e+04,3.860159487585022031e+00
1.027327487478975308e+04,3.860159512028997320e+00
1.027327496106921535e+04,3.860159536642010725e+00
1.027327504734867580e+04,3.860159561424059138e+00
1.027327513362813806e+04,3.860159586375139451e+00
1.027327521990759851e+04,3.860159611495247223e+00
1.027327530618706078e+04,3.860159636784380677e+00
1.027327539246652123e+04,3.860159662242536260e+00
1.027327547874598349e+04,3.860159687869710421e+00
1.027327556502544394e+04,3.860159713665899606e+00
1.027327565130490439e+04,3.860159739631100706e+00
1.027327573758436665e+04,3.860159765765311057e+00
1.027327582386382710e+04,3.860159792068526219e+00
1.027327591014328937e+04,3.860159818540743526e+00
1.027327599642274981e+04,3.860159845181959426e+00
1.027327608270221208e+04,3.860159871992171254e+00
1.027327616898167253e+04,3.860159898971373682e+00
1.027327625526113479e+04,3.860159926119564489e+00
1.027327634154059524e+04,3.860159953436739677e+00
1.027327642782005751e+04,3.860159980922896583e+00
1.027327651409951795e+04,3.860160008578031210e+00
1.027327660037897840e+04,3.860160036402138672e+00
1.027327668665844067e+04,3.860160064395218082e+00
1.027327677293790111e+04,3.860160092557263667e+00
1.027327685921736338e+04,3.860160120888272761e+00
1.027327694549682383e+04,3.860160149388241813e+00
1.027327703177628609e+04,3.860160178057166380e+00
1.027327711805574654e+04,3.860160206895042911e+00
1.027327720433520881e+04,3.860160235901868742e+00
1.027327729061466925e+04,3.860160265077638986e+00
1.027327737689413152e+04,3.860160294422350091e+00
1.027327746317359197e+04,3.860160323935998061e+00
1.027327754945305242e+04,3.860160353618580231e+00
1.027327763573251468e+04,3.860160383470092160e+00
1.027327772201197513e+04,3.860160413490528963e+00
1.027327780829143740e+04,3.860160443679888420e+00
1.027327789457089784e+04,3.860160474038165646e+00
1.027327798085036011e+04,3.860160504565357975e+00
1.027327806712982056e+04,3.860160535261458747e+00
1.027327815340928282e+04,3.860160566126467518e+00
1.027327823968874327e+04,3.860160597160377183e+00
1.027327832596820554e+04,3.860160628363186852e+00
1.027327841224766598e+04,3.860160659734888977e+00
1.027327849852712825e+04,3.860160691275482225e+00
1.027327858480658870e+04,3.860160722984961268e+00
1.027327867108604914e+04,3.860160754863322552e+00
1.027327875736551141e+04,3.860160786910562081e+00
1.027327884364497186e+04,3.860160819126675413e+00
1.027327892992443412e+04,3.860160851511658997e+00
1.027327901620389457e+04,3.860160884065506615e+00
1.027327910248335684e+04,3.860160916788217378e+00
1.027327918876281728e+04,3.860160949679783293e+00
1.027327927504227955e+04,3.860160982740203917e+00
1.027327936132174000e+04,3.860161015969472142e+00
1.027327944760120226e+04,3.860161049367586195e+00
1.027327953388066271e+04,3.860161082934538523e+00
1.027327962016012316e+04,3.860161116670326908e+00
1.027327970643958542e+04,3.860161150574947353e+00
1.027327979271904587e+04,3.860161184648394528e+00
1.027327987899850814e+04,3.860161218890664436e+00
1.027327996527796859e+04,3.860161253301752637e+00
1.027328005155743085e+04,3.860161287881654690e+00
1.027328013783689130e+04,3.860161322630366154e+00
1.027328022411635357e+04,3.860161357547883032e+00
1.027328031039581401e+04,3.860161392634198663e+00
1.027328039667527628e+04,3.860161427889312158e+00
1.027328048295473673e+04,3.860161463313215524e+00
1.027328056923419899e+04,3.860161498905906541e+00
1.027328065551365944e+04,3.860161534667378991e+00
1.027328074179311989e+04,3.860161570597629321e+00
1.027328082807258215e+04,3.860161606696653092e+00
1.027328091435204260e+04,3.860161642964444972e+00
1.027328100063150487e+04,3.860161679401000079e+00
1.027328108691096531e+04,3.860161716006314414e+00
1.027328117319042758e+04,3.860161752780383981e+00
1.027328125946988803e+04,3.860161789723201231e+00
1.027328134574935029e+04,3.860161826834764831e+00
1.027328143202881074e+04,3.860161864115067232e+00
1.027328151830827301e+04,3.860161901564105769e+00
1.027328160458773345e+04,3.860161939181874224e+00
1.027328169086719390e+04,3.860161976968367714e+00
1.027328177714665617e+04,3.860162014923582685e+00
1.027328186342611662e+04,3.860162053047512920e+00
1.027328194970557888e+04,3.860162091340154866e+00
1.027328203598503933e+04,3.860162129801501418e+00
1.027328212226450160e+04,3.860162168431550800e+00
1.027328220854396204e+04,3.860162207230294573e+00
1.027328229482342431e+04,3.860162246197729630e+00
1.027328238110288476e+04,3.860162285333850640e+00
1.027328246738234702e+04,3.860162324638653164e+00
1.027328255366180747e+04,3.860162364112130984e+00
1.027328263994126792e+04,3.860162403754279214e+00
1.027328272622073018e+04,3.860162443565095192e+00
1.027328281250019063e+04,3.860162483544569145e+00
1.027328289877965290e+04,3.860162523692700187e+00
1.027328298505911334e+04,3.860162564009481656e+00
1.027328307133857561e+04,3.860162604494907779e+00
1.027328315761803606e+04,3.860162645148973670e+00
1.027328324389749832e+04,3.860162685971674001e+00
1.027328333017695877e+04,3.860162726963004332e+00
1.027328341645642104e+04,3.860162768122958443e+00
1.027328350273588148e+04,3.860162809451530119e+00
1.027328358901534375e+04,3.860162850948717139e+00
1.027328367529480420e+04,3.860162892614511954e+00
1.027328376157426464e+04,3.860162934448907901e+00
1.027328384785372691e+04,3.860162976451903649e+00
1.027328393413318736e+04,3.860163018623489872e+00
1.027328402041264962e+04,3.860163060963663018e+00
1.027328410669211007e+04,3.860163103472416868e+00
1.027328419297157234e+04,3.860163146149747870e+00
1.027328427925103279e+04,3.860163188995647143e+00
1.027328436553049505e+04,3.860163232010112022e+00
1.027328445180995550e+04,3.860163275193135846e+00
1.027328453808941777e+04,3.860163318544713285e+00
1.027328462436887821e+04,3.860163362064838566e+00
1.027328471064833866e+04,3.860163405753505916e+00
1.027328479692780093e+04,3.860163449610710007e+00
1.027328488320726137e+04,3.860163493636445065e+00
1.027328496948672364e+04,3.860163537830706204e+00
1.027328505576618409e+04,3.860163582193486764e+00
1.027328514204564635e+04,3.860163626724781416e+00
1.027328522832510680e+04,3.860163671424583498e+00
1.027328531460456907e+04,3.860163716292889458e+00
1.027328540088402951e+04,3.860163761329690857e+00
1.027328548716349178e+04,3.860163806534984587e+00
1.027328557344295223e+04,3.860163851908762656e+00
1.027328565972241449e+04,3.860163897451019732e+00
1.027328574600187494e+04,3.860163943161750044e+00
1.027328583228133539e+04,3.860163989040948262e+00
1.027328591856079765e+04,3.860164035088609058e+00
1.027328600484025810e+04,3.860164081304723993e+00
1.027328609111972037e+04,3.860164127689289515e+00
1.027328617739918081e+04,3.860164174242298518e+00
1.027328626367864308e+04,3.860164220963745674e+00
1.027328634995810353e+04,3.860164267853623876e+00
1.027328643623756579e+04,3.860164314911929129e+00
1.027328652251702624e+04,3.860164362138652994e+00
1.027328660879648851e+04,3.860164409533791030e+00
1.027328669507594896e+04,3.860164457097334800e+00
1.027328678135540940e+04,3.860164504829281196e+00
1.027328686763487167e+04,3.860164552729623999e+00
1.027328695391433212e+04,3.860164600798354329e+00
1.027328704019379438e+04,3.860164649035468187e+00
1.027328712647325483e+04,3.860164697440958026e+00
1.027328721275271710e+04,3.860164746014819404e+00
1.027328729903217754e+04,3.860164794757044326e+00
1.027328738531163981e+04,3.860164843667627022e+00
1.027328747159110026e+04,3.860164892746561716e+00
1.027328755787056252e+04,3.860164941993841747e+00
1.027328764415002297e+04,3.860164991409459567e+00
1.027328773042948342e+04,3.860165040993410734e+00
1.027328781670894568e+04,3.860165090745688143e+00
1.027328790298840613e+04,3.860165140666285577e+00
1.027328798926786840e+04,3.860165190755196374e+00
1.027328807554732884e+04,3.860165241012413428e+00
1.027328816182679111e+04,3.860165291437931412e+00
1.027328824810625156e+04,3.860165342031743219e+00
1.027328833438571382e+04,3.860165392793843520e+00
1.027328842066517427e+04,3.860165443724223433e+00
1.027328850694463654e+04,3.860165494822878518e+00
1.027328859322409699e+04,3.860165546089799893e+00
1.027328867950355925e+04,3.860165597524984005e+00
1.027328876578301970e+04,3.860165649128421528e+00
1.027328885206248015e+04,3.860165700900107577e+00
1.027328893834194241e+04,3.860165752840035047e+00
1.027328902462140286e+04,3.860165804948195944e+00
1.027328911090086513e+04,3.860165857224587160e+00
1.027328919718032557e+04,3.860165909669197148e+00
1.027328928345978784e+04,3.860165962282022356e+00
1.027328936973924829e+04,3.860166015063054790e+00
1.027328945601871055e+04,3.860166068012289120e+00
1.027328954229817100e+04,3.860166121129716466e+00
1.027328962857763327e+04,3.860166174415330609e+00
1.027328971485709371e+04,3.860166227869125777e+00
1.027328980113655416e+04,3.860166281491093088e+00
1.027328988741601643e+04,3.860166335281229433e+00
1.027328997369547687e+04,3.860166389239522378e+00
1.027329005997493914e+04,3.860166443365970146e+00
1.027329014625439959e+04,3.860166497660562079e+00
1.027329023253386185e+04,3.860166552123294625e+00
1.027329031881332230e+04,3.860166606754156238e+00
1.027329040509278457e+04,3.860166661553144696e+00
1.027329049137224501e+04,3.860166716520250230e+00
1.027329057765170728e+04,3.860166771655466178e+00
1.027329066393116773e+04,3.860166826958784991e+00
1.027329075021062999e+04,3.860166882430200452e+00
1.027329083649009044e+04,3.860166938069704123e+00
1.027329092276955089e+04,3.860166993877290231e+00
1.027329100904901316e+04,3.860167049852952559e+00
1.027329109532847360e+04,3.860167105996680892e+00
1.027329118160793587e+04,3.860167162308470346e+00
1.027329126788739632e+04,3.860167218788311594e+00
1.027329135416685858e+04,3.860167275436200640e+00
1.027329144044631903e+04,3.860167332252126382e+00
1.027329152672578130e+04,3.860167389236084823e+00
1.027329161300524174e+04,3.860167446388066192e+00
1.027329169928470401e+04,3.860167503708064718e+00
1.027329178556416446e+04,3.860167561196071961e+00
1.027329187184362490e+04,3.860167618852080373e+00
1.027329195812308717e+04,3.860167676676084625e+00
1.027329204440254762e+04,3.860167734668074058e+00
1.027329213068200988e+04,3.860167792828044231e+00
1.027329221696147033e+04,3.860167851155985819e+00
1.027329230324093260e+04,3.860167909651892160e+00
1.027329238952039304e+04,3.860167968315755260e+00
1.027329247579985531e+04,3.860168027147568459e+00
1.027329256207931576e+04,3.860168086147321542e+00
1.027329264835877802e+04,3.860168145315010069e+00
1.027329273463823847e+04,3.860168204650624713e+00
1.027329282091769892e+04,3.860168264154157924e+00
1.027329290719716118e+04,3.860168323825603043e+00
1.027329299347662163e+04,3.860168383664951186e+00
1.027329307975608390e+04,3.860168443672196581e+00
1.027329316603554435e+04,3.860168503847328569e+00
1.027329325231500661e+04,3.860168564190341378e+00
1.027329333859446706e+04,3.860168624701226125e+00
1.027329342487392933e+04,3.860168685379977926e+00
1.027329351115338977e+04,3.860168746226584791e+00
1.027329359743285204e+04,3.860168807241041389e+00
1.027329368371231249e+04,3.860168868423338839e+00
1.027329376999177475e+04,3.860168929773471369e+00
1.027329385627123520e+04,3.860168991291427432e+00
1.027329394255069565e+04,3.860169052977201254e+00
1.027329402883015791e+04,3.860169114830786175e+00
1.027329411510961836e+04,3.860169176852171979e+00
1.027329420138908063e+04,3.860169239041352007e+00
1.027329428766854107e+04,3.860169301398317376e+00
1.027329437394800334e+04,3.860169363923060981e+00
1.027329446022746379e+04,3.860169426615573052e+00
1.027329454650692605e+04,3.860169489475847815e+00
1.027329463278638650e+04,3.860169552503875057e+00
1.027329471906584877e+04,3.860169615699649448e+00
1.027329480534530921e+04,3.860169679063159887e+00
1.027329489162476966e+04,3.860169742594398823e+00
1.027329497790423193e+04,3.860169806293360040e+00
1.027329506418369238e+04,3.860169870160032435e+00
1.027329515046315464e+04,3.860169934194411123e+00
1.027329523674261509e+04,3.860169998396484115e+00
1.027329532302207735e+04,3.860170062766247412e+00
1.027329540930153780e+04,3.860170127303688581e+00
1.027329549558100007e+04,3.860170192008801848e+00
1.027329558186046052e+04,3.860170256881577888e+00
1.027329566813992278e+04,3.860170321922009151e+00
1.027329575441938323e+04,3.860170387130085423e+00
1.027329584069884368e+04,3.860170452505800487e+00
1.027329592697830594e+04,3.860170518049145905e+00
1.027329601325776639e+04,3.860170583760111018e+00
1.027329609953722866e+04,3.860170649638689611e+00
1.027329618581668910e+04,3.860170715684871912e+00
1.027329627209615137e+04,3.860170781898650816e+00
1.027329635837561182e+04,3.860170848280015221e+00
1.027329644465507408e+04,3.860170914828960242e+00
1.027329653093453453e+04,3.860170981545473445e+00
1.027329661721399680e+04,3.860171048429549057e+00
1.027329670349345724e+04,3.860171115481176862e+00
1.027329678977291951e+04,3.860171182700349313e+00
1.027329687605237996e+04,3.860171250087056638e+00
1.027329696233184040e+04,3.860171317641290845e+00
1.027329704861130267e+04,3.860171385363044383e+00
1.027329713489076312e+04,3.860171453252305707e+00
1.027329722117022538e+04,3.860171521309069043e+00
1.027329730744968583e+04,3.860171589533323289e+00
1.027329739372914810e+04,3.860171657925062227e+00
1.027329748000860855e+04,3.860171726484273869e+00
1.027329756628807081e+04,3.860171795210951551e+00
1.027329765256753126e+04,3.860171864105085504e+00
1.027329773884699352e+04,3.860171933166669067e+00
1.027329782512645397e+04,3.860172002395689361e+00
1.027329791140591442e+04,3.860172071792139281e+00
1.027329799768537669e+04,3.860172141356012609e+00
1.027329808396483713e+04,3.860172211087296024e+00
1.027329817024429940e+04,3.860172280985984195e+00
1.027329825652375985e+04,3.860172351052064688e+00
1.027329834280322211e+04,3.860172421285532618e+00
1.027329842908268256e+04,3.860172491686374663e+00
1.027329851536214483e+04,3.860172562254584161e+00
1.027329860164160527e+04,3.860172632990151342e+00
1.027329868792106754e+04,3.860172703893068658e+00
1.027329877420052799e+04,3.860172774963324116e+00
1.027329886047999025e+04,3.860172846200911501e+00
1.027329894675945070e+04,3.860172917605818821e+00
1.027329903303891115e+04,3.860172989178038083e+00
1.027329911931837341e+04,3.860173060917562182e+00
1.027329920559783386e+04,3.860173132824378239e+00
1.027329929187729613e+04,3.860173204898479593e+00
1.027329937815675657e+04,3.860173277139855585e+00
1.027329946443621884e+04,3.860173349548499111e+00
1.027329955071567929e+04,3.860173422124397291e+00
1.027329963699514155e+04,3.860173494867544353e+00
1.027329972327460200e+04,3.860173567777926973e+00
1.027329980955406427e+04,3.860173640855540267e+00
1.027329989583352472e+04,3.860173714100371356e+00
1.027329998211298516e+04,3.860173787512411359e+00
1.027330006839244743e+04,3.860173861091653169e+00
1.027330015467190788e+04,3.860173934838084797e+00
1.027330024095137014e+04,3.860174008751698693e+00
1.027330032723083059e+04,3.860174082832482423e+00
1.027330041351029286e+04,3.860174157080430213e+00
1.027330049978975330e+04,3.860174231495529629e+00
1.027330058606921557e+04,3.860174306077772233e+00
1.027330067234867602e+04,3.860174380827147811e+00
1.027330075862813828e+04,3.860174455743648814e+00
1.027330084490759873e+04,3.860174530827261918e+00
1.027330093118705918e+04,3.860174606077979576e+00
1.027330101746652144e+04,3.860174681495793791e+00
1.027330110374598189e+04,3.860174757080690799e+00
1.027330119002544416e+04,3.860174832832665270e+00
1.027330127630490460e+04,3.860174908751704326e+00
1.027330136258436687e+04,3.860174984837799528e+00
1.027330144886382732e+04,3.860175061090940662e+00
1.027330153514328958e+04,3.860175137511118404e+00
1.027330162142275003e+04,3.860175214098321206e+00
1.027330170770221230e+04,3.860175290852542407e+00
1.027330179398167274e+04,3.860175367773768684e+00
1.027330188026113501e+04,3.860175444861993377e+00
1.027330196654059546e+04,3.860175522117202274e+00
1.027330205282005591e+04,3.860175599539388713e+00
1.027330213909951817e+04,3.860175677128544258e+00
1.027330222537897862e+04,3.860175754884654253e+00
1.027330231165844089e+04,3.860175832807712926e+00
1.027330239793790133e+04,3.860175910897706508e+00
1.027330248421736360e+04,3.860175989154629228e+00
1.027330257049682405e+04,3.860176067578467318e+00
1.027330265677628631e+04,3.860176146169212785e+00
1.027330274305574676e+04,3.860176224926853639e+00
1.027330282933520903e+04,3.860176303851382329e+00
1.027330291561466947e+04,3.860176382942785978e+00
1.027330300189412992e+04,3.860176462201055259e+00
1.027330308817359219e+04,3.860176541626182178e+00
1.027330317445305263e+04,3.860176621218152526e+00
1.027330326073251490e+04,3.860176700976960973e+00
1.027330334701197535e+04,3.860176780902591975e+00
1.027330343329143761e+04,3.860176860995039760e+00
1.027330351957089806e+04,3.860176941254290561e+00
1.027330360585036033e+04,3.860177021680336384e+00
1.027330369212982077e+04,3.860177102273165239e+00
1.027330377840928304e+04,3.860177183032769133e+00
1.027330386468874349e+04,3.860177263959133853e+00
1.027330395096820575e+04,3.860177345052252740e+00
1.027330403724766620e+04,3.860177426312112914e+00
1.027330412352712665e+04,3.860177507738704161e+00
1.027330420980658891e+04,3.860177589332018933e+00
1.027330429608604936e+04,3.860177671092042129e+00
1.027330438236551163e+04,3.860177753018767532e+00
1.027330446864497208e+04,3.860177835112180489e+00
1.027330455492443434e+04,3.860177917372274781e+00
1.027330464120389479e+04,3.860177999799036197e+00
1.027330472748335706e+04,3.860178082392456744e+00
1.027330481376281750e+04,3.860178165152522656e+00
1.027330490004227977e+04,3.860178248079226826e+00
1.027330498632174022e+04,3.860178331172555932e+00
1.027330507260120066e+04,3.860178414432499316e+00
1.027330515888066293e+04,3.860178497859048985e+00
1.027330524516012338e+04,3.860178581452191171e+00
1.027330533143958564e+04,3.860178665211918325e+00
1.027330541771904609e+04,3.860178749138215348e+00
1.027330550399850836e+04,3.860178833231075579e+00
1.027330559027796880e+04,3.860178917490484807e+00
1.027330567655743107e+04,3.860179001916435482e+00
1.027330576283689152e+04,3.860179086508913393e+00
1.027330584911635378e+04,3.860179171267911435e+00
1.027330593539581423e+04,3.860179256193414066e+00
1.027330602167527468e+04,3.860179341285413290e+00
1.027330610795473694e+04,3.860179426543899783e+00
1.027330619423419739e+04,3.860179511968858002e+00
1.027330628051365966e+04,3.860179597560281284e+00
1.027330636679312011e+04,3.860179683318154975e+00
1.027330645307258237e+04,3.860179769242471970e+00
1.027330653935204282e+04,3.860179855333216725e+00
1.027330662563150509e+04,3.860179941590383024e+00
1.027330671191096553e+04,3.860180028013955322e+00
1.027330679819042780e+04,3.860180114603925183e+00
1.027330688446988825e+04,3.860180201360279728e+00
1.027330697074935051e+04,3.860180288283010075e+00
1.027330705702881096e+04,3.860180375372102457e+00
1.027330714330827141e+04,3.860180462627546660e+00
1.027330722958773367e+04,3.860180550049333803e+00
1.027330731586719412e+04,3.860180637637447898e+00
1.027330740214665639e+04,3.860180725391882284e+00
1.027330748842611683e+04,3.860180813312622750e+00
1.027330757470557910e+04,3.860180901399659525e+00
1.027330766098503955e+04,3.860180989652980177e+00
1.027330774726450181e+04,3.860181078072574490e+00
1.027330783354396226e+04,3.860181166658428253e+00
1.027330791982342453e+04,3.860181255410535250e+00
1.027330800610288497e+04,3.860181344328878161e+00
1.027330809238234542e+04,3.860181433413448993e+00
1.027330817866180769e+04,3.860181522664237530e+00
1.027330826494126813e+04,3.860181612081227787e+00
1.027330835122073040e+04,3.860181701664413545e+00
1.027330843750019085e+04,3.860181791413779262e+00
1.027330852377965311e+04,3.860181881329315168e+00
1.027330861005911356e+04,3.860181971411008828e+00
1.027330869633857583e+04,3.860182061658849584e+00
1.027330878261803628e+04,3.860182152072824557e+00
1.027330886889749854e+04,3.860182242652923978e+00
1.027330895517695899e+04,3.860182333399133636e+00
1.027330904145642126e+04,3.860182424311445093e+00
1.027330912773588170e+04,3.860182515389841917e+00
1.027330921401534215e+04,3.860182606634317004e+00
1.027330930029480442e+04,3.860182698044857474e+00
1.027330938657426486e+04,3.860182789621449562e+00
1.027330947285372713e+04,3.860182881364084828e+00
1.027330955913318758e+04,3.860182973272747731e+00
1.027330964541264984e+04,3.860183065347429832e+00
1.027330973169211029e+04,3.860183157588116032e+00
1.027330981797157256e+04,3.860183249994797894e+00
1.027330990425103300e+04,3.860183342567459874e+00
1.027330999053049527e+04,3.860183435306093536e+00
1.027331007680995572e+04,3.860183528210684223e+00
1.027331016308941616e+04,3.860183621281220390e+00
1.027331024936887843e+04,3.860183714517692266e+00
1.027331033564833888e+04,3.860183807920085197e+00
1.027331042192780114e+04,3.860183901488389413e+00
1.027331050820726159e+04,3.860183995222590703e+00
1.027331059448672386e+04,3.860184089122679740e+00
1.027331068076618430e+04,3.860184183188640539e+00
1.027331076704564657e+04,3.860184277420465104e+00
1.027331085332510702e+04,3.860184371818137894e+00
1.027331093960456928e+04,3.860184466381649138e+00
1.027331102588402973e+04,3.860184561110984625e+00
1.027331111216349018e+04,3.860184656006133253e+00
1.027331119844295245e+04,3.860184751067085251e+00
1.027331128472241289e+04,3.860184846293823746e+00
1.027331137100187516e+04,3.860184941686339855e+00
1.027331145728133561e+04,3.860185037244618478e+00
1.027331154356079787e+04,3.860185132968651622e+00
1.027331162984025832e+04,3.860185228858421524e+00
1.027331171611972059e+04,3.860185324913921523e+00
1.027331180239918103e+04,3.860185421135133854e+00
1.027331188867864330e+04,3.860185517522050525e+00
1.027331197495810375e+04,3.860185614074655991e+00
1.027331206123756601e+04,3.860185710792940483e+00
1.027331214751702646e+04,3.860185807676888015e+00
1.027331223379648691e+04,3.860185904726487927e+00
1.027331232007594917e+04,3.860186001941730893e+00
1.027331240635540962e+04,3.860186099322599595e+00
1.027331249263487189e+04,3.860186196869084707e+00
1.027331257891433233e+04,3.860186294581170685e+00
1.027331266519379460e+04,3.860186392458849092e+00
1.027331275147325505e+04,3.860186490502102608e+00
1.027331283775271731e+04,3.860186588710922795e+00
1.027331292403217776e+04,3.860186687085293666e+00
1.027331301031164003e+04,3.860186785625205452e+00
1.027331309659110048e+04,3.860186884330641721e+00
1.027331318287056092e+04,3.860186983201592703e+00
1.027331326915002319e+04,3.860187082238047296e+00
1.027331335542948364e+04,3.860187181439988180e+00
1.027331344170894590e+04,3.860187280807406918e+00
1.027331352798840635e+04,3.860187380340286190e+00
1.027331361426786862e+04,3.860187480038618002e+00
1.027331370054732906e+04,3.860187579902385036e+00
1.027331378682679133e+04,3.860187679931579741e+00
1.027331387310625178e+04,3.860187780126183021e+00
1.027331395938571404e+04,3.860187880486187328e+00
1.027331404566517449e+04,3.860187981011575786e+00
1.027331413194463494e+04,3.860188081702337293e+00
1.027331421822409720e+04,3.860188182558459857e+00
1.027331430450355765e+04,3.860188283579927493e+00
1.027331439078301992e+04,3.860188384766731318e+00
1.027331447706248036e+04,3.860188486118854900e+00
1.027331456334194263e+04,3.860188587636288027e+00
1.027331464962140308e+04,3.860188689319012934e+00
1.027331473590086534e+04,3.860188791167022071e+00
1.027331482218032579e+04,3.860188893180298120e+00
1.027331490845978806e+04,3.860188995358831754e+00
1.027331499473924850e+04,3.860189097702605210e+00
1.027331508101871077e+04,3.860189200211610050e+00
1.027331516729817122e+04,3.860189302885828955e+00
1.027331525357763167e+04,3.860189405725250822e+00
1.027331533985709393e+04,3.860189508729863661e+00
1.027331542613655438e+04,3.860189611899651485e+00
1.027331551241601665e+04,3.860189715234603192e+00
1.027331559869547709e+04,3.860189818734703238e+00
1.027331568497493936e+04,3.860189922399941409e+00
1.027331577125439981e+04,3.860190026230300386e+00
1.027331585753386207e+04,3.860190130225771732e+00
1.027331594381332252e+04,3.860190234386336350e+00
1.027331603009278479e+04,3.860190338711986691e+00
1.027331611637224523e+04,3.860190443202703214e+00
1.027331620265170568e+04,3.860190547858476595e+00
1.027331628893116795e+04,3.860190652679294399e+00
1.027331637521062839e+04,3.860190757665137973e+00
1.027331646149009066e+04,3.860190862816000212e+00
1.027331654776955111e+04,3.860190968131862022e+00
1.027331663404901337e+04,3.860191073612714963e+00
1.027331672032847382e+04,3.860191179258539940e+00
1.027331680660793609e+04,3.860191285069327183e+00
1.027331689288739653e+04,3.860191391045061593e+00
1.027331697916685880e+04,3.860191497185730736e+00
1.027331706544631925e+04,3.860191603491319068e+00
1.027331715172578151e+04,3.860191709961815043e+00
1.027331723800524196e+04,3.860191816597202674e+00
1.027331732428470241e+04,3.860191923397468194e+00
1.027331741056416467e+04,3.860192030362602278e+00
1.027331749684362512e+04,3.860192137492585829e+00
1.027331758312308739e+04,3.860192244787409077e+00
1.027331766940254784e+04,3.860192352247054259e+00
1.027331775568201010e+04,3.860192459871511605e+00
1.027331784196147055e+04,3.860192567660763352e+00
1.027331792824093282e+04,3.860192675614799285e+00
1.027331801452039326e+04,3.860192783733601196e+00
1.027331810079985553e+04,3.860192892017160649e+00
1.027331818707931598e+04,3.860193000465458102e+00
1.027331827335877642e+04,3.860193109078482454e+00
1.027331835963823869e+04,3.860193217856221715e+00
1.027331844591769914e+04,3.860193326798658120e+00
1.027331853219716140e+04,3.860193435905780568e+00
1.027331861847662185e+04,3.860193545177571295e+00
1.027331870475608412e+04,3.860193654614021419e+00
1.027331879103554456e+04,3.860193764215112289e+00
1.027331887731500683e+04,3.860193873980832802e+00
1.027331896359446728e+04,3.860193983911166082e+00
1.027331904987392954e+04,3.860194094006100585e+00
1.027331913615338999e+04,3.860194204265620321e+00
1.027331922243285044e+04,3.860194314689710637e+00
1.027331930871231270e+04,3.860194425278360875e+00
1.027331939499177315e+04,3.860194536031552381e+00
1.027331948127123542e+04,3.860194646949274944e+00
1.027331956755069587e+04,3.860194758031509910e+00
1.027331965383015813e+04,3.860194869278247953e+00
1.027331974010961858e+04,3.860194980689469535e+00
1.027331982638908084e+04,3.860195092265164885e+00
1.027331991266854129e+04,3.860195204005316238e+00
1.027331999894800356e+04,3.860195315909912939e+00
1.027332008522746401e+04,3.860195427978935001e+00
1.027332017150692627e+04,3.860195540212373988e+00
1.027332025778638672e+04,3.860195652610210360e+00
1.027332034406584717e+04,3.860195765172432125e+00
1.027332043034530943e+04,3.860195877899026851e+00
1.027332051662476988e+04,3.860195990789975884e+00
1.027332060290423215e+04,3.860196103845268567e+00
1.027332068918369259e+04,3.860196217064886248e+00
1.027332077546315486e+04,3.860196330448818269e+00
1.027332086174261531e+04,3.860196443997046867e+00
1.027332094802207757e+04,3.860196557709561382e+00
1.027332103430153802e+04,3.860196671586340944e+00
1.027332112058100029e+04,3.860196785627378002e+00
1.027332120686046073e+04,3.860196899832652573e+00
1.027332129313992118e+04,3.860197014202150889e+00
1.027332137941938345e+04,3.860197128735861849e+00
1.027332146569884389e+04,3.860197243433765024e+00
1.027332155197830616e+04,3.860197358295851977e+00
1.027332163825776661e+04,3.860197473322101835e+00
1.027332172453722887e+04,3.860197588512505273e+00
1.027332181081668932e+04,3.860197703867041419e+00
1.027332189709615159e+04,3.860197819385702278e+00
1.027332198337561204e+04,3.860197935068466979e+00
1.027332206965507430e+04,3.860198050915325307e+00
1.027332215593453475e+04,3.860198166926257279e+00
1.027332224221399701e+04,3.860198283101253125e+00
1.027332232849345746e+04,3.860198399440294192e+00
1.027332241477291791e+04,3.860198515943365827e+00
1.027332250105238018e+04,3.860198632610456926e+00
1.027332258733184062e+04,3.860198749441547506e+00
1.027332267361130289e+04,3.860198866436627352e+00
1.027332275989076334e+04,3.860198983595675148e+00
1.027332284617022560e+04,3.860199100918682902e+00
1.027332293244968605e+04,3.860199218405629296e+00
1.027332301872914832e+04,3.860199336056503672e+00
1.027332310500860876e+04,3.860199453871287378e+00
1.027332319128807103e+04,3.860199571849969313e+00
1.027332327756753148e+04,3.860199689992529493e+00
1.027332336384699192e+04,3.860199808298955482e+00
1.027332345012645419e+04,3.860199926769233070e+00
1.027332353640591464e+04,3.860200045403344937e+00
1.027332362268537690e+04,3.860200164201277317e+00
1.027332370896483735e+04,3.860200283163013335e+00
1.027332379524429962e+04,3.860200402288539667e+00
1.027332388152376006e+04,3.860200521577837662e+00
1.027332396780322233e+04,3.860200641030896662e+00
1.027332405408268278e+04,3.860200760647696239e+00
1.027332414036214504e+04,3.860200880428225734e+00
1.027332422664160549e+04,3.860201000372465607e+00
1.027332431292106594e+04,3.860201120480401205e+00
1.027332439920052821e+04,3.860201240752021867e+00
1.027332448547998865e+04,3.860201361187304947e+00
1.027332457175945092e+04,3.860201481786241118e+00
1.027332465803891137e+04,3.860201602548810396e+00
1.027332474431837363e+04,3.860201723474999902e+00
1.027332483059783408e+04,3.860201844564792317e+00
1.027332491687729635e+04,3.860201965818173875e+00
1.027332500315675679e+04,3.860202087235126367e+00
1.027332508943621906e+04,3.860202208815637803e+00
1.027332517571567951e+04,3.860202330559687756e+00
1.027332526199514177e+04,3.860202452467266898e+00
1.027332534827460222e+04,3.860202574538352138e+00
1.027332543455406267e+04,3.860202696772931930e+00
1.027332552083352493e+04,3.860202819170992505e+00
1.027332560711298538e+04,3.860202941732514326e+00
1.027332569339244765e+04,3.860203064457484068e+00
1.027332577967190809e+04,3.860203187345883080e+00
1.027332586595137036e+04,3.860203310397699372e+00
1.027332595223083081e+04,3.860203433612913404e+00
1.027332603851029307e+04,3.860203556991512741e+00
1.027332612478975352e+04,3.860203680533477399e+00
1.027332621106921579e+04,3.860203804238796721e+00
1.027332629734867623e+04,3.860203928107449389e+00
1.027332638362813668e+04,3.860204052139421194e+00
1.027332646990759895e+04,3.860204176334700144e+00
1.027332655618705940e+04,3.860204300693263590e+00
1.027332664246652166e+04,3.860204425215102653e+00
1.027332672874598211e+04,3.860204549900193793e+00
1.027332681502544438e+04,3.860204674748528131e+00
1.027332690130490482e+04,3.860204799760083461e+00
1.027332698758436709e+04,3.860204924934849569e+00
1.027332707386382754e+04,3.860205050272804250e+00
1.027332716014328980e+04,3.860205175773936848e+00
1.027332724642275025e+04,3.860205301438226488e+00
1.027332733270221252e+04,3.860205427265661626e+00
1.027332741898167296e+04,3.860205553256220945e+00
1.027332750526113341e+04,3.860205679409890678e+00
1.027332759154059568e+04,3.860205805726657946e+00
1.027332767782005612e+04,3.860205932206500101e+00
1.027332776409951839e+04,3.860206058849406929e+00
1.027332785037897884e+04,3.860206185655357558e+00
1.027332793665844110e+04,3.860206312624339109e+00
1.027332802293790155e+04,3.860206439756331598e+00
1.027332810921736382e+04,3.860206567051322590e+00
1.027332819549682426e+04,3.860206694509291214e+00
1.027332828177628653e+04,3.860206822130226367e+00
1.027332836805574698e+04,3.860206949914106733e+00
1.027332845433520743e+04,3.860207077860917213e+00
1.027332854061466969e+04,3.860207205970644484e+00
1.027332862689413014e+04,3.860207334243268118e+00
1.027332871317359240e+04,3.860207462678774792e+00
1.027332879945305285e+04,3.860207591277144523e+00
1.027332888573251512e+04,3.860207720038364876e+00
1.027332897201197557e+04,3.860207848962413646e+00
1.027332905829143783e+04,3.860207978049280619e+00
1.027332914457089828e+04,3.860208107298943592e+00
1.027332923085036055e+04,3.860208236711391017e+00
1.027332931712982099e+04,3.860208366286601134e+00
1.027332940340928144e+04,3.860208496024558844e+00
1.027332948968874371e+04,3.860208625925251713e+00
1.027332957596820415e+04,3.860208755988657536e+00
1.027332966224766642e+04,3.860208886214763879e+00
1.027332974852712687e+04,3.860209016603548982e+00
1.027332983480658913e+04,3.860209147155001741e+00
1.027332992108604958e+04,3.860209277869099953e+00
1.027333000736551185e+04,3.860209408745832071e+00
1.027333009364497229e+04,3.860209539785175448e+00
1.027333017992443456e+04,3.860209670987118535e+00
1.027333026620389501e+04,3.860209802351640018e+00
1.027333035248335727e+04,3.860209933878728350e+00
1.027333043876281772e+04,3.860210065568359994e+00
1.027333052504227817e+04,3.860210197420521183e+00
1.027333061132174043e+04,3.860210329435198595e+00
1.027333069760120088e+04,3.860210461612369137e+00
1.027333078388066315e+04,3.860210593952019931e+00
1.027333087016012360e+04,3.860210726454130992e+00
1.027333095643958586e+04,3.860210859118688553e+00
1.027333104271904631e+04,3.860210991945672188e+00
1.027333112899850858e+04,3.860211124935067684e+00
1.027333121527796902e+04,3.860211258086854169e+00
1.027333130155743129e+04,3.860211391401020098e+00
1.027333138783689174e+04,3.860211524877542377e+00
1.027333147411635218e+04,3.860211658516406352e+00
1.027333156039581445e+04,3.860211792317597812e+00
1.027333164667527490e+04,3.860211926281093664e+00
1.027333173295473716e+04,3.860212060406882806e+00
1.027333181923419761e+04,3.860212194694941257e+00
1.027333190551365988e+04,3.860212329145259691e+00
1.027333199179312032e+04,3.860212463757812351e+00
1.027333207807258259e+04,3.860212598532589912e+00
1.027333216435204304e+04,3.860212733469567503e+00
1.027333225063150530e+04,3.860212868568734468e+00
1.027333233691096575e+04,3.860213003830067269e+00
1.027333242319042620e+04,3.860213139253551251e+00
1.027333250946988846e+04,3.860213274839172648e+00
1.027333259574934891e+04,3.860213410586907923e+00
1.027333268202881118e+04,3.860213546496745085e+00
1.027333276830827162e+04,3.860213682568660154e+00
1.027333285458773389e+04,3.860213818802643804e+00
1.027333294086719434e+04,3.860213955198669833e+00
1.027333302714665660e+04,3.860214091756728028e+00
1.027333311342611705e+04,3.860214228476795295e+00
1.027333319970557932e+04,3.860214365358858757e+00
1.027333328598503977e+04,3.860214502402895764e+00
1.027333337226450203e+04,3.860214639608894327e+00
1.027333345854396248e+04,3.860214776976830464e+00
1.027333354482342293e+04,3.860214914506689965e+00
1.027333363110288519e+04,3.860215052198457730e+00
1.027333371738234564e+04,3.860215190052110668e+00
1.027333380366180791e+04,3.860215328067636342e+00
1.027333388994126835e+04,3.860215466245011218e+00
1.027333397622073062e+04,3.860215604584224192e+00
1.027333406250019107e+04,3.860215743085249951e+00
1.027333414877965333e+04,3.860215881748078282e+00
1.027333423505911378e+04,3.860216020572684315e+00
1.027333432133857605e+04,3.860216159559055615e+00
1.027333440761803649e+04,3.860216298707170424e+00
1.027333449389749694e+04,3.860216438017011420e+00
1.027333458017695921e+04,3.860216577488566170e+00
1.027333466645641965e+04,3.860216717121808028e+00
1.027333475273588192e+04,3.860216856916727224e+00
1.027333483901534237e+04,3.860216996873298445e+00
1.027333492529480463e+04,3.860217136991509701e+00
1.027333501157426508e+04,3.860217277271338343e+00
1.027333509785372735e+04,3.860217417712770605e+00
1.027333518413318779e+04,3.860217558315782949e+00
1.027333527041265006e+04,3.860217699080364273e+00
1.027333535669211051e+04,3.860217840006488377e+00
1.027333544297157277e+04,3.860217981094144601e+00
1.027333552925103322e+04,3.860218122343309854e+00
1.027333561553049367e+04,3.860218263753966372e+00
1.027333570180995594e+04,3.860218405326100388e+00
1.027333578808941638e+04,3.860218547059687921e+00
1.027333587436887865e+04,3.860218688954716093e+00
1.027333596064833910e+04,3.860218831011160479e+00
1.027333604692780136e+04,3.860218973229009531e+00
1.027333613320726181e+04,3.860219115608238383e+00
1.027333621948672408e+04,3.860219258148835486e+00
1.027333630576618452e+04,3.860219400850775529e+00
1.027333639204564679e+04,3.860219543714046520e+00
1.027333647832510724e+04,3.860219686738623590e+00
1.027333656460456768e+04,3.860219829924492529e+00
1.027333665088402995e+04,3.860219973271636462e+00
1.027333673716349040e+04,3.860220116780031852e+00
1.027333682344295266e+04,3.860220260449665819e+00
1.027333690972241311e+04,3.860220404280514384e+00
1.027333699600187538e+04,3.860220548272564667e+00
1.027333708228133582e+04,3.860220692425792244e+00
1.027333716856079809e+04,3.860220836740183792e+00
1.027333725484025854e+04,3.860220981215716218e+00
1.027333734111972080e+04,3.860221125852375756e+00
1.027333742739918125e+04,3.860221270650138425e+00
1.027333751367864170e+04,3.860221415608988238e+00
1.027333759995810397e+04,3.860221560728910095e+00
1.027333768623756441e+04,3.860221706009877796e+00
1.027333777251702668e+04,3.860221851451880237e+00
1.027333785879648713e+04,3.860221997054891663e+00
1.027333794507594939e+04,3.860222142818900526e+00
1.027333803135540984e+04,3.860222288743880181e+00
1.027333811763487211e+04,3.860222434829819971e+00
1.027333820391433255e+04,3.860222581076694137e+00
1.027333829019379482e+04,3.860222727484489358e+00
1.027333837647325527e+04,3.860222874053181652e+00
1.027333846275271753e+04,3.860223020782757697e+00
1.027333854903217798e+04,3.860223167673192179e+00
1.027333863531163843e+04,3.860223314724469557e+00
1.027333872159110069e+04,3.860223461936574285e+00
1.027333880787056114e+04,3.860223609309481496e+00
1.027333889415002341e+04,3.860223756843177423e+00
1.027333898042948385e+04,3.860223904537637196e+00
1.027333906670894612e+04,3.860224052392848826e+00
1.027333915298840657e+04,3.860224200408786555e+00
1.027333923926786883e+04,3.860224348585437060e+00
1.027333932554732928e+04,3.860224496922774584e+00
1.027333941182679155e+04,3.860224645420788914e+00
1.027333949810625199e+04,3.860224794079451627e+00
1.027333958438571244e+04,3.860224942898747624e+00
1.027333967066517471e+04,3.860225091878661807e+00
1.027333975694463516e+04,3.860225241019168418e+00
1.027333984322409742e+04,3.860225390320253691e+00
1.027333992950355787e+04,3.860225539781893200e+00
1.027334001578302014e+04,3.860225689404073179e+00
1.027334010206248058e+04,3.860225839186768315e+00
1.027334018834194285e+04,3.860225989129965729e+00
1.027334027462140330e+04,3.860226139233639664e+00
1.027334036090086556e+04,3.860226289497777241e+00
1.027334044718032601e+04,3.860226439922352704e+00
1.027334053345978828e+04,3.860226590507353173e+00
1.027334061973924872e+04,3.860226741252752003e+00
1.027334070601870917e+04,3.860226892158534984e+00
1.027334079229817144e+04,3.860227043224683907e+00
1.027334087857763188e+04,3.860227194451173904e+00
1.027334096485709415e+04,3.860227345837992097e+00
1.027334105113655460e+04,3.860227497385110951e+00
1.027334113741601686e+04,3.860227649092519364e+00
1.027334122369547731e+04,3.860227800960191136e+00
1.027334130997493958e+04,3.860227952988112055e+00
1.027334139625440002e+04,3.860228105176256808e+00
1.027334148253386229e+04,3.860228257524612072e+00
1.027334156881332274e+04,3.860228410033151647e+00
1.027334165509278318e+04,3.860228562701860433e+00
1.027334174137224545e+04,3.860228715530719334e+00
1.027334182765170590e+04,3.860228868519704815e+00
1.027334191393116816e+04,3.860229021668801774e+00
1.027334200021062861e+04,3.860229174977984901e+00
1.027334208649009088e+04,3.860229328447241759e+00
1.027334217276955133e+04,3.860229482076544372e+00
1.027334225904901359e+04,3.860229635865880748e+00
1.027334234532847404e+04,3.860229789815224688e+00
1.027334243160793631e+04,3.860229943924561535e+00
1.027334251788739675e+04,3.860230098193865977e+00
1.027334260416685720e+04,3.860230252623121583e+00
1.027334269044631947e+04,3.860230407212309700e+00
1.027334277672577991e+04,3.860230561961407680e+00
1.027334286300524218e+04,3.860230716870398648e+00
1.027334294928470263e+04,3.860230871939257735e+00
1.027334303556416489e+04,3.860231027167971174e+00
1.027334312184362534e+04,3.860231182556513208e+00
1.027334320812308761e+04,3.860231338104869181e+00
1.027334329440254805e+04,3.860231493813012893e+00
1.027334338068201032e+04,3.860231649680930577e+00
1.027334346696147077e+04,3.860231805708596475e+00
1.027334355324093303e+04,3.860231961895997266e+00
1.027334363952039348e+04,3.860232118243104527e+00
1.027334372579985393e+04,3.860232274749902714e+00
1.027334381207931619e+04,3.860232431416374954e+00
1.027334389835877664e+04,3.860232588242494156e+00
1.027334398463823891e+04,3.860232745228246998e+00
1.027334407091769936e+04,3.860232902373606390e+00
1.027334415719716162e+04,3.860233059678559009e+00
1.027334424347662207e+04,3.860233217143077322e+00
1.027334432975608433e+04,3.860233374767149339e+00
1.027334441603554478e+04,3.860233532550745306e+00
1.027334450231500705e+04,3.860233690493854564e+00
1.027334458859446750e+04,3.860233848596448691e+00
1.027334467487392794e+04,3.860234006858510369e+00
1.027334476115339021e+04,3.860234165280022722e+00
1.027334484743285066e+04,3.860234323860958661e+00
1.027334493371231292e+04,3.860234482601305750e+00
1.027334501999177337e+04,3.860234641501035124e+00
1.027334510627123564e+04,3.860234800560133461e+00
1.027334519255069608e+04,3.860234959778574115e+00
1.027334527883015835e+04,3.860235119156342876e+00
1.027334536510961880e+04,3.860235278693413097e+00
1.027334545138908106e+04,3.860235438389769680e+00
1.027334553766854151e+04,3.860235598245386868e+00
1.027334562394800378e+04,3.860235758260250449e+00
1.027334571022746422e+04,3.860235918434332447e+00
1.027334579650692467e+04,3.860236078767615542e+00
1.027334588278638694e+04,3.860236239260082414e+00
1.027334596906584738e+04,3.860236399911706862e+00
1.027334605534530965e+04,3.860236560722473786e+00
1.027334614162477010e+04,3.860236721692356543e+00
1.027334622790423236e+04,3.860236882821340476e+00
1.027334631418369281e+04,3.860237044109398052e+00
1.027334640046315508e+04,3.860237205556516393e+00
1.027334648674261553e+04,3.860237367162666633e+00
1.027334657302207779e+04,3.860237528927834560e+00
1.027334665930153824e+04,3.860237690851994419e+00
1.027334674558099869e+04,3.860237852935126668e+00
1.027334683186046095e+04,3.860238015177214876e+00
1.027334691813992140e+04,3.860238177578231511e+00
1.027334700441938367e+04,3.860238340138161917e+00
1.027334709069884411e+04,3.860238502856978116e+00
1.027334717697830638e+04,3.860238665734667229e+00
1.027334726325776683e+04,3.860238828771200836e+00
1.027334734953722909e+04,3.860238991966564281e+00
1.027334743581668954e+04,3.860239155320729587e+00
1.027334752209615181e+04,3.860239318833683875e+00
1.027334760837561225e+04,3.860239482505398279e+00
1.027334769465507270e+04,3.860239646335855479e+00
1.027334778093453497e+04,3.860239810325036824e+00
1.027334786721399541e+04,3.860239974472915669e+00
1.027334795349345768e+04,3.860240138779477803e+00
1.027334803977291813e+04,3.860240303244694360e+00
1.027334812605238039e+04,3.860240467868550240e+00
1.027334821233184084e+04,3.860240632651019244e+00
1.027334829861130311e+04,3.860240797592087159e+00
1.027334838489076355e+04,3.860240962691723343e+00
1.027334847117022582e+04,3.860241127949915807e+00
1.027334855744968627e+04,3.860241293366636128e+00
1.027334864372914853e+04,3.860241458941868320e+00
1.027334873000860898e+04,3.860241624675585737e+00
1.027334881628806943e+04,3.860241790567770614e+00
1.027334890256753170e+04,3.860241956618403858e+00
1.027334898884699214e+04,3.860242122827457489e+00
1.027334907512645441e+04,3.860242289194917742e+00
1.027334916140591486e+04,3.860242455720755306e+00
1.027334924768537712e+04,3.860242622404956414e+00
1.027334933396483757e+04,3.860242789247492201e+00
1.027334942024429984e+04,3.860242956248348900e+00
1.027334950652376028e+04,3.860243123407498089e+00
1.027334959280322255e+04,3.860243290724923337e+00
1.027334967908268300e+04,3.860243458200598443e+00
1.027334976536214344e+04,3.860243625834503867e+00
1.027334985164160571e+04,3.860243793626622288e+00
1.027334993792106616e+04,3.860243961576924843e+00
1.027335002420052842e+04,3.860244129685396430e+00
1.027335011047998887e+04,3.860244297952008630e+00
1.027335019675945114e+04,3.860244466376748118e+00
1.027335028303891158e+04,3.860244634959583809e+00
1.027335036931837385e+04,3.860244803700503713e+00
1.027335045559783430e+04,3.860244972599476299e+00
1.027335054187729656e+04,3.860245141656489132e+00
1.027335062815675701e+04,3.860245310871512014e+00
1.027335071443621746e+04,3.860245480244528071e+00
1.027335080071567972e+04,3.860245649775517318e+00
1.027335088699514017e+04,3.860245819464451333e+00
1.027335097327460244e+04,3.860245989311316794e+00
1.027335105955406289e+04,3.860246159316082615e+00
1.027335114583352515e+04,3.860246329478735916e+00
1.027335123211298560e+04,3.860246499799246944e+00
1.027335131839244787e+04,3.860246670277599712e+00
1.027335140467190831e+04,3.860246840913766686e+00
1.027335149095137058e+04,3.860247011707732767e+00
1.027335157723083103e+04,3.860247182659468201e+00
1.027335166351029329e+04,3.860247353768959222e+00
1.027335174978975374e+04,3.860247525036174743e+00
1.027335183606921419e+04,3.860247696461098776e+00
1.027335192234867645e+04,3.860247868043710451e+00
1.027335200862813690e+04,3.860248039783982676e+00
1.027335209490759917e+04,3.860248211681899466e+00
1.027335218118705961e+04,3.860248383737430178e+00
1.027335226746652188e+04,3.860248555950562377e+00
1.027335235374598233e+04,3.860248728321264977e+00
1.027335244002544459e+04,3.860248900849523324e+00
1.027335252630490504e+04,3.860249073535308550e+00
1.027335261258436731e+04,3.860249246378604671e+00
1.027335269886382775e+04,3.860249419379383706e+00
1.027335278514328820e+04,3.860249592537626118e+00
1.027335287142275047e+04,3.860249765853312365e+00
1.027335295770221092e+04,3.860249939326414470e+00
1.027335304398167318e+04,3.860250112956916002e+00
1.027335313026113363e+04,3.860250286744788539e+00
1.027335321654059589e+04,3.860250460690016094e+00
1.027335330282005634e+04,3.860250634792569358e+00
1.027335338909951861e+04,3.860250809052433674e+00
1.027335347537897906e+04,3.860250983469577957e+00
1.027335356165844132e+04,3.860251158043988440e+00
1.027335364793790177e+04,3.860251332775634481e+00
1.027335373421736404e+04,3.860251507664501425e+00
1.027335382049682448e+04,3.860251682710558629e+00
1.027335390677628493e+04,3.860251857913788331e+00
1.027335399305574720e+04,3.860252033274171435e+00
1.027335407933520764e+04,3.860252208791676853e+00
1.027335416561466991e+04,3.860252384466290376e+00
1.027335425189413036e+04,3.860252560297983138e+00
1.027335433817359262e+04,3.860252736286736930e+00
1.027335442445305307e+04,3.860252912432524663e+00
1.027335451073251534e+04,3.860253088735328575e+00
1.027335459701197578e+04,3.860253265195120242e+00
1.027335468329143805e+04,3.860253441811883679e+00
1.027335476957089850e+04,3.860253618585590019e+00
1.027335485585035894e+04,3.860253795516217945e+00
1.027335494212982121e+04,3.860253972603750139e+00
1.027335502840928166e+04,3.860254149848155070e+00
1.027335511468874392e+04,3.860254327249418971e+00
1.027335520096820437e+04,3.860254504807510312e+00
1.027335528724766664e+04,3.860254682522413994e+00
1.027335537352712709e+04,3.860254860394099374e+00
1.027335545980658935e+04,3.860255038422552243e+00
1.027335554608604980e+04,3.860255216607740181e+00
1.027335563236551207e+04,3.860255394949649865e+00
1.027335571864497251e+04,3.860255573448249766e+00
1.027335580492443296e+04,3.860255752103520344e+00
1.027335589120389523e+04,3.860255930915442502e+00
1.027335597748335567e+04,3.860256109883986486e+00
1.027335606376281794e+04,3.860256289009136310e+00
1.027335615004227839e+04,3.860256468290860887e+00
1.027335623632174065e+04,3.860256647729145563e+00
1.027335632260120110e+04,3.860256827323958806e+00
1.027335640888066337e+04,3.860257007075286406e+00
1.027335649516012381e+04,3.860257186983095945e+00
1.027335658143958608e+04,3.860257367047372767e+00
1.027335666771904653e+04,3.860257547268085787e+00
1.027335675399850879e+04,3.860257727645219905e+00
1.027335684027796924e+04,3.860257908178743591e+00
1.027335692655742969e+04,3.860258088868638193e+00
1.027335701283689195e+04,3.860258269714883728e+00
1.027335709911635240e+04,3.860258450717449552e+00
1.027335718539581467e+04,3.860258631876319679e+00
1.027335727167527511e+04,3.860258813191463911e+00
1.027335735795473738e+04,3.860258994662865373e+00
1.027335744423419783e+04,3.860259176290492977e+00
1.027335753051366009e+04,3.860259358074332958e+00
1.027335761679312054e+04,3.860259540014352009e+00
1.027335770307258281e+04,3.860259722110535918e+00
1.027335778935204326e+04,3.860259904362852268e+00
1.027335787563150370e+04,3.860260086771282850e+00
1.027335796191096597e+04,3.860260269335807237e+00
1.027335804819042642e+04,3.860260452056394342e+00
1.027335813446988868e+04,3.860260634933027735e+00
1.027335822074934913e+04,3.860260817965677216e+00
1.027335830702881140e+04,3.860261001154326355e+00
1.027335839330827184e+04,3.860261184498944509e+00
1.027335847958773411e+04,3.860261367999515247e+00
1.027335856586719456e+04,3.860261551656006596e+00
1.027335865214665682e+04,3.860261735468402566e+00
1.027335873842611727e+04,3.860261919436673406e+00
1.027335882470557954e+04,3.860262103560802238e+00
1.027335891098503998e+04,3.860262287840757978e+00
1.027335899726450043e+04,3.860262472276519308e+00
1.027335908354396270e+04,3.860262656868068021e+00
1.027335916982342314e+04,3.860262841615372142e+00
1.027335925610288541e+04,3.860263026518415685e+00
1.027335934238234586e+04,3.860263211577166231e+00
1.027335942866180812e+04,3.860263396791609125e+00
1.027335951494126857e+04,3.860263582161711948e+00
1.027335960122073084e+04,3.860263767687458270e+00
1.027335968750019128e+04,3.860263953368817447e+00
1.027335977377965355e+04,3.860264139205772160e+00
1.027335986005911400e+04,3.860264325198291768e+00
1.027335994633857445e+04,3.860264511346355842e+00
1.027336003261803671e+04,3.860264697649943511e+00
1.027336011889749716e+04,3.860264884109024131e+00
1.027336020517695943e+04,3.860265070723581271e+00
1.027336029145641987e+04,3.860265257493582958e+00
1.027336037773588214e+04,3.860265444419012759e+00
1.027336046401534259e+04,3.860265631499839145e+00
1.027336055029480485e+04,3.860265818736045240e+00
1.027336063657426530e+04,3.860266006127599514e+00
1.027336072285372757e+04,3.860266193674485979e+00
1.027336080913318801e+04,3.860266381376672662e+00
1.027336089541264846e+04,3.860266569234138245e+00
1.027336098169211073e+04,3.860266757246863634e+00
1.027336106797157117e+04,3.860266945414816853e+00
1.027336115425103344e+04,3.860267133737980139e+00
1.027336124053049389e+04,3.860267322216323294e+00
1.027336132680995615e+04,3.860267510849828110e+00
1.027336141308941660e+04,3.860267699638463945e+00
1.027336149936887887e+04,3.860267888582213036e+00
1.027336158564833931e+04,3.860268077681043852e+00
1.027336167192780158e+04,3.860268266934940407e+00
1.027336175820726203e+04,3.860268456343869836e+00
1.027336184448672429e+04,3.860268645907815710e+00
1.027336193076618474e+04,3.860268835626745609e+00
1.027336201704564519e+04,3.860269025500639550e+00
1.027336210332510746e+04,3.860269215529476661e+00
1.027336218960456790e+04,3.860269405713224078e+00
1.027336227588403017e+04,3.860269596051866259e+00
1.027336236216349062e+04,3.860269786545369897e+00
1.027336244844295288e+04,3.860269977193719004e+00
1.027336253472241333e+04,3.860270167996881163e+00
1.027336262100187560e+04,3.860270358954839054e+00
1.027336270728133604e+04,3.860270550067561590e+00
1.027336279356079831e+04,3.860270741335029676e+00
1.027336287984025876e+04,3.860270932757212670e+00
1.027336296611971920e+04,3.860271124334090143e+00
1.027336305239918147e+04,3.860271316065640335e+00
1.027336313867864192e+04,3.860271507951829939e+00
1.027336322495810418e+04,3.860271699992644745e+00
1.027336331123756463e+04,3.860271892188049225e+00
1.027336339751702690e+04,3.860272084538028725e+00
1.027336348379648734e+04,3.860272277042549049e+00
1.027336357007594961e+04,3.860272469701594655e+00
1.027336365635541006e+04,3.860272662515131792e+00
1.027336374263487232e+04,3.860272855483144028e+00
1.027336382891433277e+04,3.860273048605598056e+00
1.027336391519379504e+04,3.860273241882478334e+00
1.027336400147325548e+04,3.860273435313750667e+00
1.027336408775271593e+04,3.860273628899393739e+00
1.027336417403217820e+04,3.860273822639388452e+00
1.027336426031163865e+04,3.860274016533700170e+00
1.027336434659110091e+04,3.860274210582312904e+00
1.027336443287056136e+04,3.860274404785194236e+00
1.027336451915002363e+04,3.860274599142325513e+00
1.027336460542948407e+04,3.860274793653674763e+00
1.027336469170894634e+04,3.860274988319224665e+00
1.027336477798840679e+04,3.860275183138941468e+00
1.027336486426786905e+04,3.860275378112809630e+00
1.027336495054732950e+04,3.860275573240794955e+00
1.027336503682678995e+04,3.860275768522876128e+00
1.027336512310625221e+04,3.860275963959033163e+00
1.027336520938571266e+04,3.860276159549231867e+00
1.027336529566517493e+04,3.860276355293455808e+00
1.027336538194463537e+04,3.860276551191671235e+00
1.027336546822409764e+04,3.860276747243860829e+00
1.027336555450355809e+04,3.860276943449992171e+00
1.027336564078302035e+04,3.860277139810047053e+00
1.027336572706248080e+04,3.860277336323992614e+00
1.027336581334194307e+04,3.860277532991811089e+00
1.027336589962140351e+04,3.860277729813469616e+00
1.027336598590086396e+04,3.860277926788947322e+00
1.027336607218032623e+04,3.860278123918222448e+00
1.027336615845978667e+04,3.860278321201261242e+00
1.027336624473924894e+04,3.860278518638046830e+00
1.027336633101870939e+04,3.860278716228544571e+00
1.027336641729817165e+04,3.860278913972739367e+00
1.027336650357763210e+04,3.860279111870595692e+00
1.027336658985709437e+04,3.860279309922097113e+00
1.027336667613655482e+04,3.860279508127209436e+00
1.027336676241601708e+04,3.860279706485915341e+00
1.027336684869547753e+04,3.860279904998181522e+00
1.027336693497493980e+04,3.860280103663991103e+00
1.027336702125440024e+04,3.860280302483309001e+00
1.027336710753386069e+04,3.860280501456114788e+00
1.027336719381332296e+04,3.860280700582385816e+00
1.027336728009278340e+04,3.860280899862089665e+00
1.027336736637224567e+04,3.860281099295208129e+00
1.027336745265170612e+04,3.860281298881707013e+00
1.027336753893116838e+04,3.860281498621569884e+00
1.027336762521062883e+04,3.860281698514761661e+00
1.027336771149009110e+04,3.860281898561265024e+00
1.027336779776955154e+04,3.860282098761046665e+00
1.027336788404901381e+04,3.860282299114088822e+00
1.027336797032847426e+04,3.860282499620357299e+00
1.027336805660793470e+04,3.860282700279829449e+00
1.027336814288739697e+04,3.860282901092485286e+00
1.027336822916685742e+04,3.860283102058290172e+00
1.027336831544631968e+04,3.860283303177225456e+00
1.027336840172578013e+04,3.860283504449258718e+00
1.027336848800524240e+04,3.860283705874370863e+00
1.027336857428470285e+04,3.860283907452528140e+00
1.027336866056416511e+04,3.860284109183713230e+00
1.027336874684362556e+04,3.860284311067891494e+00
1.027336883312308782e+04,3.860284513105044724e+00
1.027336891940254827e+04,3.860284715295140057e+00
1.027336900568200872e+04,3.860284917638153956e+00
1.027336909196147099e+04,3.860285120134065551e+00
1.027336917824093143e+04,3.860285322782840645e+00
1.027336926452039370e+04,3.860285525584461030e+00
1.027336935079985415e+04,3.860285728538892069e+00
1.027336943707931641e+04,3.860285931646116442e+00
1.027336952335877686e+04,3.860286134906099509e+00
1.027336960963823913e+04,3.860286338318823507e+00
1.027336969591769957e+04,3.860286541884253353e+00
1.027336978219716184e+04,3.860286745602371727e+00
1.027336986847662229e+04,3.860286949473143547e+00
1.027336995475608455e+04,3.860287153496551937e+00
1.027337004103554500e+04,3.860287357672560482e+00
1.027337012731500545e+04,3.860287562001148753e+00
1.027337021359446771e+04,3.860287766482294547e+00
1.027337029987392816e+04,3.860287971115963224e+00
1.027337038615339043e+04,3.860288175902135688e+00
1.027337047243285087e+04,3.860288380840777300e+00
1.027337055871231314e+04,3.860288585931871630e+00
1.027337064499177359e+04,3.860288791175381373e+00
1.027337073127123585e+04,3.860288996571290987e+00
1.027337081755069630e+04,3.860289202119564944e+00
1.027337090383015857e+04,3.860289407820184149e+00
1.027337099010961902e+04,3.860289613673114850e+00
1.027337107638907946e+04,3.860289819678333068e+00
1.027337116266854173e+04,3.860290025835819261e+00
1.027337124894800218e+04,3.860290232145536571e+00
1.027337133522746444e+04,3.860290438607467234e+00
1.027337142150692489e+04,3.860290645221576167e+00
1.027337150778638716e+04,3.860290851987845162e+00
1.027337159406584760e+04,3.860291058906239137e+00
1.027337168034530987e+04,3.860291265976739883e+00
1.027337176662477032e+04,3.860291473199312762e+00
1.027337185290423258e+04,3.860291680573939566e+00
1.027337193918369303e+04,3.860291888100584323e+00
1.027337202546315530e+04,3.860292095779229271e+00
1.027337211174261574e+04,3.860292303609839770e+00
1.027337219802207619e+04,3.860292511592392284e+00
1.027337228430153846e+04,3.860292719726864608e+00
1.027337237058099890e+04,3.860292928013221658e+00
1.027337245686046117e+04,3.860293136451445228e+00
1.027337254313992162e+04,3.860293345041499347e+00
1.027337262941938388e+04,3.860293553783366693e+00
1.027337271569884433e+04,3.860293762677010854e+00
1.027337280197830660e+04,3.860293971722414064e+00
1.027337288825776704e+04,3.860294180919540796e+00
1.027337297453722931e+04,3.860294390268372844e+00
1.027337306081668976e+04,3.860294599768873347e+00
1.027337314709615021e+04,3.860294809421021434e+00
1.027337323337561247e+04,3.860295019224794455e+00
1.027337331965507292e+04,3.860295229180154664e+00
1.027337340593453519e+04,3.860295439287086072e+00
1.027337349221399563e+04,3.860295649545550933e+00
1.027337357849345790e+04,3.860295859955532372e+00
1.027337366477291835e+04,3.860296070516994860e+00
1.027337375105238061e+04,3.860296281229917970e+00
1.027337383733184106e+04,3.860296492094267951e+00
1.027337392361130333e+04,3.860296703110024374e+00
1.027337400989076377e+04,3.860296914277153491e+00
1.027337409617022422e+04,3.860297125595631318e+00
1.027337418244968649e+04,3.860297337065435208e+00
1.027337426872914693e+04,3.860297548686529190e+00
1.027337435500860920e+04,3.860297760458894611e+00
1.027337444128806965e+04,3.860297972382495946e+00
1.027337452756753191e+04,3.860298184457313653e+00
1.027337461384699236e+04,3.860298396683312649e+00
1.027337470012645463e+04,3.860298609060473840e+00
1.027337478640591507e+04,3.860298821588761697e+00
1.027337487268537734e+04,3.860299034268157126e+00
1.027337495896483779e+04,3.860299247098624598e+00
1.027337504524430005e+04,3.860299460080144129e+00
1.027337513152376050e+04,3.860299673212681526e+00
1.027337521780322095e+04,3.860299886496211474e+00
1.027337530408268321e+04,3.860300099930712658e+00
1.027337539036214366e+04,3.860300313516148218e+00
1.027337547664160593e+04,3.860300527252499503e+00
1.027337556292106638e+04,3.860300741139730096e+00
1.027337564920052864e+04,3.860300955177821347e+00
1.027337573547998909e+04,3.860301169366736840e+00
1.027337582175945136e+04,3.860301383706457479e+00
1.027337590803891180e+04,3.860301598196947293e+00
1.027337599431837407e+04,3.860301812838187629e+00
1.027337608059783452e+04,3.860302027630141630e+00
1.027337616687729496e+04,3.860302242572786646e+00
1.027337625315675723e+04,3.860302457666098697e+00
1.027337633943621768e+04,3.860302672910040922e+00
1.027337642571567994e+04,3.860302888304595559e+00
1.027337651199514039e+04,3.860303103849725748e+00
1.027337659827460266e+04,3.860303319545412393e+00
1.027337668455406310e+04,3.860303535391619079e+00
1.027337677083352537e+04,3.860303751388326265e+00
1.027337685711298582e+04,3.860303967535497982e+00
1.027337694339244808e+04,3.860304183833114244e+00
1.027337702967190853e+04,3.860304400281140413e+00
1.027337711595137080e+04,3.860304616879555173e+00
1.027337720223083124e+04,3.860304833628322996e+00
1.027337728851029169e+04,3.860305050527420345e+00
1.027337737478975396e+04,3.860305267576823240e+00
1.027337746106921441e+04,3.860305484776495710e+00
1.027337754734867667e+04,3.860305702126417327e+00
1.027337763362813712e+04,3.860305919626552118e+00
1.027337771990759938e+04,3.860306137276881433e+00
1.027337780618705983e+04,3.860306355077367524e+00
1.027337789246652210e+04,3.860306573027992183e+00
1.027337797874598255e+04,3.860306791128717219e+00
1.027337806502544481e+04,3.860307009379523979e+00
1.027337815130490526e+04,3.860307227780375161e+00
1.027337823758436571e+04,3.860307446331247672e+00
1.027337832386382797e+04,3.860307665032118418e+00
1.027337841014328842e+04,3.860307883882948765e+00
1.027337849642275069e+04,3.860308102883720505e+00
1.027337858270221113e+04,3.860308322034396333e+00
1.027337866898167340e+04,3.860308541334956711e+00
1.027337875526113385e+04,3.860308760785364779e+00
1.027337884154059611e+04,3.860308980385600996e+00
1.027337892782005656e+04,3.860309200135628949e+00
1.027337901409951883e+04,3.860309420035427763e+00
1.027337910037897927e+04,3.860309640084960581e+00
1.027337918665843972e+04,3.860309860284204753e+00
1.027337927293790199e+04,3.860310080633135410e+00
1.027337935921736243e+04,3.860310301131715693e+00
1.027337944549682470e+04,3.860310521779925175e+00
1.027337953177628515e+04,3.860310742577727883e+00
1.027337961805574741e+04,3.860310963525103833e+00
1.027337970433520786e+04,3.860311184622015279e+00
1.027337979061467013e+04,3.860311405868442680e+00
1.027337987689413058e+04,3.860311627264349177e+00
1.027337996317359284e+04,3.860311848809714785e+00
1.027338004945305329e+04,3.860312070504501758e+00
1.027338013573251555e+04,3.860312292348691887e+00
1.027338022201197600e+04,3.860312514342245649e+00
1.027338030829143645e+04,3.860312736485139506e+00
1.027338039457089872e+04,3.860312958777350811e+00
1.027338048085035916e+04,3.860313181218840484e+00
1.027338056712982143e+04,3.860313403809590316e+00
1.027338065340928188e+04,3.860313626549560340e+00
1.027338073968874414e+04,3.860313849438732792e+00
1.027338082596820459e+04,3.860314072477069924e+00
1.027338091224766686e+04,3.860314295664550865e+00
1.027338099852712730e+04,3.860314519001138311e+00
1.027338108480658957e+04,3.860314742486813611e+00
1.027338117108605002e+04,3.860314966121537239e+00
1.027338125736551046e+04,3.860315189905285216e+00
1.027338134364497273e+04,3.860315413838034893e+00
1.027338142992443318e+04,3.860315637919746745e+00
1.027338151620389544e+04,3.860315862150402122e+00
1.027338160248335589e+04,3.860316086529962387e+00
1.027338168876281816e+04,3.860316311058407557e+00
1.027338177504227860e+04,3.860316535735700327e+00
1.027338186132174087e+04,3.860316760561819827e+00
1.027338194760120132e+04,3.860316985536728751e+00
1.027338203388066358e+04,3.860317210660407561e+00
1.027338212016012403e+04,3.860317435932817620e+00
1.027338220643958630e+04,3.860317661353939389e+00
1.027338229271904675e+04,3.860317886923733788e+00
1.027338237899850719e+04,3.860318112642177724e+00
1.027338246527796946e+04,3.860318338509246328e+00
1.027338255155742991e+04,3.860318564524900520e+00
1.027338263783689217e+04,3.860318790689120760e+00
1.027338272411635262e+04,3.860319017001868858e+00
1.027338281039581489e+04,3.860319243463125716e+00
1.027338289667527533e+04,3.860319470072851367e+00
1.027338298295473760e+04,3.860319696831027159e+00
1.027338306923419805e+04,3.860319923737614456e+00
1.027338315551366031e+04,3.860320150792592830e+00
1.027338324179312076e+04,3.860320377995923646e+00
1.027338332807258121e+04,3.860320605347582923e+00
1.027338341435204347e+04,3.860320832847545791e+00
1.027338350063150392e+04,3.860321060495773615e+00
1.027338358691096619e+04,3.860321288292245523e+00
1.027338367319042663e+04,3.860321516236924655e+00
1.027338375946988890e+04,3.860321744329789695e+00
1.027338384574934935e+04,3.860321972570803339e+00
1.027338393202881161e+04,3.860322200959943828e+00
1.027338401830827206e+04,3.860322429497172969e+00
1.027338410458773433e+04,3.860322658182470779e+00
1.027338419086719477e+04,3.860322887015798621e+00
1.027338427714665522e+04,3.860323115997132071e+00
1.027338436342611749e+04,3.860323345126445371e+00
1.027338444970557794e+04,3.860323574403700331e+00
1.027338453598504020e+04,3.860323803828876965e+00
1.027338462226450065e+04,3.860324033401935750e+00
1.027338470854396292e+04,3.860324263122856259e+00
1.027338479482342336e+04,3.860324492991600742e+00
1.027338488110288563e+04,3.860324723008149217e+00
1.027338496738234608e+04,3.860324953172459939e+00
1.027338505366180834e+04,3.860325183484516032e+00
1.027338513994126879e+04,3.860325413944276196e+00
1.027338522622073106e+04,3.860325644551720892e+00
1.027338531250019150e+04,3.860325875306811039e+00
1.027338539877965195e+04,3.860326106209521768e+00
1.027338548505911422e+04,3.860326337259828211e+00
1.027338557133857466e+04,3.860326568457690399e+00
1.027338565761803693e+04,3.860326799803088349e+00
1.027338574389749738e+04,3.860327031295983424e+00
1.027338583017695964e+04,3.860327262936355197e+00
1.027338591645642009e+04,3.860327494724163699e+00
1.027338600273588236e+04,3.860327726659389391e+00
1.027338608901534280e+04,3.860327958741991417e+00
1.027338617529480507e+04,3.860328190971951567e+00
1.027338626157426552e+04,3.860328423349228544e+00
1.027338634785372597e+04,3.860328655873797921e+00
1.027338643413318823e+04,3.860328888545634385e+00
1.027338652041264868e+04,3.860329121364698857e+00
1.027338660669211095e+04,3.860329354330970908e+00
1.027338669297157139e+04,3.860329587444410571e+00
1.027338677925103366e+04,3.860329820704997417e+00
1.027338686553049411e+04,3.860330054112692366e+00
1.027338695180995637e+04,3.860330287667474547e+00
1.027338703808941682e+04,3.860330521369303991e+00
1.027338712436887909e+04,3.860330755218161158e+00
1.027338721064833953e+04,3.860330989214004749e+00
1.027338729692779998e+04,3.860331223356811670e+00
1.027338738320726225e+04,3.860331457646554387e+00
1.027338746948672269e+04,3.860331692083194710e+00
1.027338755576618496e+04,3.860331926666710434e+00
1.027338764204564541e+04,3.860332161397063810e+00
1.027338772832510767e+04,3.860332396274232192e+00
1.027338781460456812e+04,3.860332631298177830e+00
1.027338790088403039e+04,3.860332866468878521e+00
1.027338798716349083e+04,3.860333101786295185e+00
1.027338807344295310e+04,3.860333337250406061e+00
1.027338815972241355e+04,3.860333572861171625e+00
1.027338824600187581e+04,3.860333808618572782e+00
1.027338833228133626e+04,3.860334044522567343e+00
1.027338841856079671e+04,3.860334280573130883e+00
1.027338850484025897e+04,3.860334516770237201e+00
1.027338859111971942e+04,3.860334753113846773e+00
1.027338867739918169e+04,3.860334989603939171e+00
1.027338876367864214e+04,3.860335226240473094e+00
1.027338884995810440e+04,3.860335463023429448e+00
1.027338893623756485e+04,3.860335699952766042e+00
1.027338902251702712e+04,3.860335937028464226e+00
1.027338910879648756e+04,3.860336174250482255e+00
1.027338919507594983e+04,3.860336411618798813e+00
1.027338928135541028e+04,3.860336649133376152e+00
1.027338936763487072e+04,3.860336886794185851e+00
1.027338945391433299e+04,3.860337124601203485e+00
1.027338954019379344e+04,3.860337362554387752e+00
1.027338962647325570e+04,3.860337600653719115e+00
1.027338971275271615e+04,3.860337838899156715e+00
1.027338979903217842e+04,3.860338077290679237e+00
1.027338988531163886e+04,3.860338315828247158e+00
1.027338997159110113e+04,3.860338554511837827e+00
1.027339005787056158e+04,3.860338793341412611e+00
1.027339014415002384e+04,3.860339032316948860e+00
1.027339023042948429e+04,3.860339271438407049e+00
1.027339031670894656e+04,3.860339510705766752e+00
1.027339040298840700e+04,3.860339750118984892e+00
1.027339048926786745e+04,3.860339989678038375e+00
1.027339057554732972e+04,3.860340229382900112e+00
1.027339066182679016e+04,3.860340469233529248e+00
1.027339074810625243e+04,3.860340709229905354e+00
1.027339083438571288e+04,3.860340949371986685e+00
1.027339092066517514e+04,3.860341189659753702e+00
1.027339100694463559e+04,3.860341430093164217e+00
1.027339109322409786e+04,3.860341670672196912e+00
1.027339117950355831e+04,3.860341911396812264e+00
1.027339126578302057e+04,3.860342152266988514e+00
1.027339135206248102e+04,3.860342393282684803e+00
1.027339143834194147e+04,3.860342634443874488e+00
1.027339152462140373e+04,3.860342875750533143e+00
1.027339161090086418e+04,3.860343117202617691e+00
1.027339169718032645e+04,3.860343358800108149e+00
1.027339178345978689e+04,3.860343600542963216e+00
1.027339186973924916e+04,3.860343842431162020e+00
1.027339195601870961e+04,3.860344084464662817e+00
1.027339204229817187e+04,3.860344326643444735e+00
1.027339212857763232e+04,3.860344568967466916e+00
1.027339221485709459e+04,3.860344811436708046e+00
1.027339230113655503e+04,3.860345054051126823e+00
1.027339238741601548e+04,3.860345296810697491e+00
1.027339247369547775e+04,3.860345539715392515e+00
1.027339255997493819e+04,3.860345782765171929e+00
1.027339264625440046e+04,3.860346025960013083e+00
1.027339273253386091e+04,3.860346269299876010e+00
1.027339281881332317e+04,3.860346512784739392e+00
1.027339290509278362e+04,3.860346756414560598e+00
1.027339299137224589e+04,3.860347000189319644e+00
1.027339307765170634e+04,3.860347244108973896e+00
1.027339316393116860e+04,3.860347488173503816e+00
1.027339325021062905e+04,3.860347732382865438e+00
1.027339333649009131e+04,3.860347976737039222e+00
1.027339342276955176e+04,3.860348221235982979e+00
1.027339350904901221e+04,3.860348465879670066e+00
1.027339359532847448e+04,3.860348710668074723e+00
1.027339368160793492e+04,3.860348955601154319e+00
1.027339376788739719e+04,3.860349200678888870e+00
1.027339385416685764e+04,3.860349445901236187e+00
1.027339394044631990e+04,3.860349691268174066e+00
1.027339402672578035e+04,3.860349936779661206e+00
1.027339411300524262e+04,3.860350182435675404e+00
1.027339419928470306e+04,3.860350428236176690e+00
1.027339428556416533e+04,3.860350674181143305e+00
1.027339437184362578e+04,3.860350920270531283e+00
1.027339445812308622e+04,3.860351166504316200e+00
1.027339454440254849e+04,3.860351412882470523e+00
1.027339463068200894e+04,3.860351659404952063e+00
1.027339471696147120e+04,3.860351906071740391e+00
1.027339480324093165e+04,3.860352152882791987e+00
1.027339488952039392e+04,3.860352399838086424e+00
1.027339497579985436e+04,3.860352646937581955e+00
1.027339506207931663e+04,3.860352894181256378e+00
1.027339514835877708e+04,3.860353141569067947e+00
1.027339523463823934e+04,3.860353389100994015e+00
1.027339532091769979e+04,3.860353636776994168e+00
1.027339540719716206e+04,3.860353884597045315e+00
1.027339549347662251e+04,3.860354132561106155e+00
1.027339557975608295e+04,3.860354380669149599e+00
1.027339566603554522e+04,3.860354628921149445e+00
1.027339575231500567e+04,3.860354877317061728e+00
1.027339583859446793e+04,3.860355125856866465e+00
1.027339592487392838e+04,3.860355374540521023e+00
1.027339601115339065e+04,3.860355623368003641e+00
1.027339609743285109e+04,3.860355872339270800e+00
1.027339618371231336e+04,3.860356121454302514e+00
1.027339626999177381e+04,3.860356370713055707e+00
1.027339635627123607e+04,3.860356620115508619e+00
1.027339644255069652e+04,3.860356869661617729e+00
1.027339652883015697e+04,3.860357119351358612e+00
1.027339661510961923e+04,3.860357369184701071e+00
1.027339670138907968e+04,3.860357619161605136e+00
1.027339678766854195e+04,3.860357869282048604e+00
1.027339687394800239e+04,3.860358119545988398e+00
1.027339696022746466e+04,3.860358369953402313e+00
1.027339704650692511e+04,3.860358620504248162e+00
1.027339713278638737e+04,3.860358871198504183e+00
1.027339721906584782e+04,3.860359122036127300e+00
1.027339730534531009e+04,3.860359373017095752e+00
1.027339739162477053e+04,3.860359624141367352e+00
1.027339747790423098e+04,3.860359875408914565e+00
1.027339756418369325e+04,3.860360126819710747e+00
1.027339765046315370e+04,3.860360378373711487e+00
1.027339773674261596e+04,3.860360630070897248e+00
1.027339782302207641e+04,3.860360881911223174e+00
1.027339790930153868e+04,3.860361133894667951e+00
1.027339799558099912e+04,3.860361386021189389e+00
1.027339808186046139e+04,3.860361638290764397e+00
1.027339816813992184e+04,3.860361890703350785e+00
1.027339825441938410e+04,3.860362143258925904e+00
1.027339834069884455e+04,3.860362395957447124e+00
1.027339842697830682e+04,3.860362648798892238e+00
1.027339851325776726e+04,3.860362901783219058e+00
1.027339859953722771e+04,3.860363154910398720e+00
1.027339868581668998e+04,3.860363408180405909e+00
1.027339877209615042e+04,3.860363661593195328e+00
1.027339885837561269e+04,3.860363915148746550e+00
1.027339894465507314e+04,3.860364168847014721e+00
1.027339903093453540e+04,3.860364422687979413e+00
1.027339911721399585e+04,3.860364676671596218e+00
1.027339920349345812e+04,3.860364930797844263e+00
1.027339928977291856e+04,3.860365185066679139e+00
1.027339937605238083e+04,3.860365439478079086e+00
1.027339946233184128e+04,3.860365694032001027e+00
1.027339954861130173e+04,3.860365948728416097e+00
1.027339963489076399e+04,3.860366203567298538e+00
1.027339972117022444e+04,3.860366458548604829e+00
1.027339980744968670e+04,3.860366713672311434e+00
1.027339989372914715e+04,3.860366968938376164e+00
1.027339998000860942e+04,3.860367224346775927e+00
1.027340006628806987e+04,3.860367479897467202e+00
1.027340015256753213e+04,3.860367735590429117e+00
1.027340023884699258e+04,3.860367991425615930e+00
1.027340032512645485e+04,3.860368247403007658e+00
1.027340041140591529e+04,3.860368503522559003e+00
1.027340049768537756e+04,3.860368759784247761e+00
1.027340058396483801e+04,3.860369016188031299e+00
1.027340067024429845e+04,3.860369272733880752e+00
1.027340075652376072e+04,3.860369529421769919e+00
1.027340084280322117e+04,3.860369786251653501e+00
1.027340092908268343e+04,3.860370043223510184e+00
1.027340101536214388e+04,3.860370300337295557e+00
1.027340110164160615e+04,3.860370557592987417e+00
1.027340118792106659e+04,3.860370814990541799e+00
1.027340127420052886e+04,3.860371072529937386e+00
1.027340136047998931e+04,3.860371330211128882e+00
1.027340144675945157e+04,3.860371588034094081e+00
1.027340153303891202e+04,3.860371845998789908e+00
1.027340161931837247e+04,3.860372104105187052e+00
1.027340170559783473e+04,3.860372362353258868e+00
1.027340179187729518e+04,3.860372620742961391e+00
1.027340187815675745e+04,3.860372879274271529e+00
1.027340196443621790e+04,3.860373137947145761e+00
1.027340205071568016e+04,3.860373396761560993e+00
1.027340213699514061e+04,3.860373655717472818e+00
1.027340222327460287e+04,3.860373914814860807e+00
1.027340230955406332e+04,3.860374174053678331e+00
1.027340239583352559e+04,3.860374433433903629e+00
1.027340248211298604e+04,3.860374692955492293e+00
1.027340256839244648e+04,3.860374952618416788e+00
1.027340265467190875e+04,3.860375212422649138e+00
1.027340274095136920e+04,3.860375472368145822e+00
1.027340282723083146e+04,3.860375732454881970e+00
1.027340291351029191e+04,3.860375992682815394e+00
1.027340299978975418e+04,3.860376253051922113e+00
1.027340308606921462e+04,3.860376513562158163e+00
1.027340317234867689e+04,3.860376774213501339e+00
1.027340325862813734e+04,3.860377035005906343e+00
1.027340334490759960e+04,3.860377295939351416e+00
1.027340343118706005e+04,3.860377557013791705e+00
1.027340351746652232e+04,3.860377818229204117e+00
1.027340360374598276e+04,3.860378079585543798e+00
1.027340369002544321e+04,3.860378341082784104e+00
1.027340377630490548e+04,3.860378602720896168e+00
1.027340386258436592e+04,3.860378864499833806e+00
1.027340394886382819e+04,3.860379126419577034e+00
1.027340403514328864e+04,3.860379388480078333e+00
1.027340412142275090e+04,3.860379650681317720e+00
1.027340420770221135e+04,3.860379913023248122e+00
1.027340429398167362e+04,3.860380175505847777e+00
1.027340438026113407e+04,3.860380438129071390e+00
1.027340446654059633e+04,3.860380700892897199e+00
1.027340455282005678e+04,3.860380963797279907e+00
1.027340463909951723e+04,3.860381226842190205e+00
1.027340472537897949e+04,3.860381490027601448e+00
1.027340481165843994e+04,3.860381753353467005e+00
1.027340489793790221e+04,3.860382016819765116e+00
1.027340498421736265e+04,3.860382280426451374e+00
1.027340507049682492e+04,3.860382544173500463e+00
1.027340515677628537e+04,3.860382808060870197e+00
1.027340524305574763e+04,3.860383072088535705e+00
1.027340532933520808e+04,3.860383336256453468e+00
1.027340541561467035e+04,3.860383600564598616e+00
1.027340550189413079e+04,3.860383865012928073e+00
1.027340558817359124e+04,3.860384129601412084e+00
1.027340567445305351e+04,3.860384394330021784e+00
1.027340576073251395e+04,3.860384659198713653e+00
1.027340584701197622e+04,3.860384924207462820e+00
1.027340593329143667e+04,3.860385189356226210e+00
1.027340601957089893e+04,3.860385454644978065e+00
1.027340610585035938e+04,3.860385720073675753e+00
1.027340619212982165e+04,3.860385985642294404e+00
1.027340627840928209e+04,3.860386251350790054e+00
1.027340636468874436e+04,3.860386517199137835e+00
1.027340645096820481e+04,3.860386783187294668e+00
1.027340653724766707e+04,3.860387049315235686e+00
1.027340662352712752e+04,3.860387315582916035e+00
1.027340670980658797e+04,3.860387581990307293e+00
1.027340679608605024e+04,3.860387848537380151e+00
1.027340688236551068e+04,3.860388115224089312e+00
1.027340696864497295e+04,3.860388382050411682e+00
1.027340705492443340e+04,3.860388649016302853e+00
1.027340714120389566e+04,3.860388916121737513e+00
1.027340722748335611e+04,3.860389183366672139e+00
1.027340731376281838e+04,3.860389450751082308e+00
1.027340740004227882e+04,3.860389718274921833e+00
1.027340748632174109e+04,3.860389985938168955e+00
1.027340757260120154e+04,3.860390253740777045e+00
1.027340765888066198e+04,3.860390521682717679e+00
1.027340774516012425e+04,3.860390789763962438e+00
1.027340783143958470e+04,3.860391057984463803e+00
1.027340791771904696e+04,3.860391326344200458e+00
1.027340800399850741e+04,3.860391594843126217e+00
1.027340809027796968e+04,3.860391863481216657e+00
1.027340817655743012e+04,3.860392132258426479e+00
1.027340826283689239e+04,3.860392401174732591e+00
1.027340834911635284e+04,3.860392670230088807e+00
1.027340843539581510e+04,3.860392939424472925e+00
1.027340852167527555e+04,3.860393208757836536e+00
1.027340860795473782e+04,3.860393478230159658e+00
1.027340869423419826e+04,3.860393747841392997e+00
1.027340878051365871e+04,3.860394017591509019e+00
1.027340886679312098e+04,3.860394287480478859e+00
1.027340895307258143e+04,3.860394557508256330e+00
1.027340903935204369e+04,3.860394827674817897e+00
1.027340912563150414e+04,3.860395097980116486e+00
1.027340921191096641e+04,3.860395368424130336e+00
1.027340929819042685e+04,3.860395639006811930e+00
1.027340938446988912e+04,3.860395909728139063e+00
1.027340947074934957e+04,3.860396180588063331e+00
1.027340955702881183e+04,3.860396451586563860e+00
1.027340964330827228e+04,3.860396722723593133e+00
1.027340972958773273e+04,3.860396993999121396e+00
1.027340981586719499e+04,3.860397265413120227e+00
1.027340990214665544e+04,3.860397536965543441e+00
1.027340998842611771e+04,3.860397808656367058e+00
1.027341007470557815e+04,3.860398080485544448e+00
1.027341016098504042e+04,3.860398352453052073e+00
1.027341024726450087e+04,3.860398624558844638e+00
1.027341033354396313e+04,3.860398896802897273e+00
1.027341041982342358e+04,3.860399169185163792e+00
1.027341050610288585e+04,3.860399441705620216e+00
1.027341059238234629e+04,3.860399714364221246e+00
1.027341067866180674e+04,3.860399987160935797e+00
1.027341076494126901e+04,3.860400260095736336e+00
1.027341085122072946e+04,3.860400533168574455e+00
1.027341093750019172e+04,3.860400806379428396e+00
1.027341102377965217e+04,3.860401079728249751e+00
1.027341111005911443e+04,3.860401353215015874e+00
1.027341119633857488e+04,3.860401626839678801e+00
1.027341128261803715e+04,3.860401900602216330e+00
1.027341136889749760e+04,3.860402174502581829e+00
1.027341145517695986e+04,3.860402448540750431e+00
1.027341154145642031e+04,3.860402722716675505e+00
1.027341162773588258e+04,3.860402997030333072e+00
1.027341171401534302e+04,3.860403271481676946e+00
1.027341180029480347e+04,3.860403546070677372e+00
1.027341188657426574e+04,3.860403820797304597e+00
1.027341197285372618e+04,3.860404095661512436e+00
1.027341205913318845e+04,3.860404370663276019e+00
1.027341214541264890e+04,3.860404645802548274e+00
1.027341223169211116e+04,3.860404921079306551e+00
1.027341231797157161e+04,3.860405196493502888e+00
1.027341240425103388e+04,3.860405472045113751e+00
1.027341249053049432e+04,3.860405747734092508e+00
1.027341257680995659e+04,3.860406023560414290e+00
1.027341266308941704e+04,3.860406299524032470e+00
1.027341274936887748e+04,3.860406575624917735e+00
1.027341283564833975e+04,3.860406851863039446e+00
1.027341292192780020e+04,3.860407128238350971e+00
1.027341300820726246e+04,3.860407404750827887e+00
1.027341309448672291e+04,3.860407681400424451e+00
1.027341318076618518e+04,3.860407958187114463e+00
1.027341326704564563e+04,3.860408235110853070e+00
1.027341335332510789e+04,3.860408512171613626e+00
1.027341343960456834e+04,3.860408789369350835e+00
1.027341352588403061e+04,3.860409066704039827e+00
1.027341361216349105e+04,3.860409344175633084e+00
1.027341369844295332e+04,3.860409621784107514e+00
1.027341378472241377e+04,3.860409899529415156e+00
1.027341387100187421e+04,3.860410177411525812e+00
1.027341395728133648e+04,3.860410455430409726e+00
1.027341404356079693e+04,3.860410733586019383e+00
1.027341412984025919e+04,3.860411011878330800e+00
1.027341421611971964e+04,3.860411290307296461e+00
1.027341430239918191e+04,3.860411568872891941e+00
1.027341438867864235e+04,3.860411847575069721e+00
1.027341447495810462e+04,3.860412126413805378e+00
1.027341456123756507e+04,3.860412405389053170e+00
1.027341464751702733e+04,3.860412684500786007e+00
1.027341473379648778e+04,3.860412963748958592e+00
1.027341482007594823e+04,3.860413243133539396e+00
1.027341490635541049e+04,3.860413522654498220e+00
1.027341499263487094e+04,3.860413802311788434e+00
1.027341507891433321e+04,3.860414082105386058e+00
1.027341516519379365e+04,3.860414362035241798e+00
1.027341525147325592e+04,3.860414642101332117e+00
1.027341533775271637e+04,3.860414922303609497e+00
1.027341542403217863e+04,3.860415202642049515e+00
1.027341551031163908e+04,3.860415483116603763e+00
1.027341559659110135e+04,3.860415763727248262e+00
1.027341568287056180e+04,3.860416044473935049e+00
1.027341576915002224e+04,3.860416325356633926e+00
1.027341585542948451e+04,3.860416606375314696e+00
1.027341594170894496e+04,3.860416887529929841e+00
1.027341602798840722e+04,3.860417168820453604e+00
1.027341611426786767e+04,3.860417450246839799e+00
1.027341620054732994e+04,3.860417731809061781e+00
1.027341628682679038e+04,3.860418013507074253e+00
1.027341637310625265e+04,3.860418295340850570e+00
1.027341645938571310e+04,3.860418577310342769e+00
1.027341654566517536e+04,3.860418859415527315e+00
1.027341663194463581e+04,3.860419141656355801e+00
1.027341671822409808e+04,3.860419424032803359e+00
1.027341680450355852e+04,3.860419706544822471e+00
1.027341689078301897e+04,3.860419989192382051e+00
1.027341697706248124e+04,3.860420271975451456e+00
1.027341706334194168e+04,3.860420554893983169e+00
1.027341714962140395e+04,3.860420837947951878e+00
1.027341723590086440e+04,3.860421121137310063e+00
1.027341732218032666e+04,3.860421404462032413e+00
1.027341740845978711e+04,3.860421687922071410e+00
1.027341749473924938e+04,3.860421971517401740e+00
1.027341758101870983e+04,3.860422255247974554e+00
1.027341766729817209e+04,3.860422539113766316e+00
1.027341775357763254e+04,3.860422823114728619e+00
1.027341783985709299e+04,3.860423107250829045e+00
1.027341792613655525e+04,3.860423391522039172e+00
1.027341801241601570e+04,3.860423675928309706e+00
1.027341809869547797e+04,3.860423960469615334e+00
1.027341818497493841e+04,3.860424245145908095e+00
1.027341827125440068e+04,3.860424529957164452e+00
1.027341835753386113e+04,3.860424814903333335e+00
1.027341844381332339e+04,3.860425099984390762e+00
1.027341853009278384e+04,3.860425385200289661e+00
1.027341861637224611e+04,3.860425670551002941e+00
1.027341870265170655e+04,3.860425956036483974e+00
1.027341878893116882e+04,3.860426241656707003e+00
1.027341887521062927e+04,3.860426527411623177e+00
1.027341896149008971e+04,3.860426813301201854e+00
1.027341904776955198e+04,3.860427099325412392e+00
1.027341913404901243e+04,3.860427385484205054e+00
1.027341922032847469e+04,3.860427671777556746e+00
1.027341930660793514e+04,3.860427958205417287e+00
1.027341939288739741e+04,3.860428244767763140e+00
1.027341947916685785e+04,3.860428531464542790e+00
1.027341956544632012e+04,3.860428818295734033e+00
1.027341965172578057e+04,3.860429105261287130e+00
1.027341973800524283e+04,3.860429392361176326e+00
1.027341982428470328e+04,3.860429679595352770e+00
1.027341991056416373e+04,3.860429966963786264e+00
1.027341999684362600e+04,3.860430254466445721e+00
1.027342008312308644e+04,3.860430542103282736e+00
1.027342016940254871e+04,3.860430829874270220e+00
1.027342025568200916e+04,3.860431117779360211e+00
1.027342034196147142e+04,3.860431405818528283e+00
1.027342042824093187e+04,3.860431693991725144e+00
1.027342051452039414e+04,3.860431982298925480e+00
1.027342060079985458e+04,3.860432270740079552e+00
1.027342068707931685e+04,3.860432559315162937e+00
1.027342077335877730e+04,3.860432848024125896e+00
1.027342085963823774e+04,3.860433136866938231e+00
1.027342094591770001e+04,3.860433425843568411e+00
1.027342103219716046e+04,3.860433714953966255e+00
1.027342111847662272e+04,3.860434004198107782e+00
1.027342120475608317e+04,3.860434293575944142e+00
1.027342129103554544e+04,3.860434583087448246e+00
1.027342137731500588e+04,3.860434872732571687e+00
1.027342146359446815e+04,3.860435162511289597e+00
1.027342154987392860e+04,3.860435452423552238e+00
1.027342163615339086e+04,3.860435742469333853e+00
1.027342172243285131e+04,3.860436032648586480e+00
1.027342180871231358e+04,3.860436322961283917e+00
1.027342189499177402e+04,3.860436613407376427e+00
1.027342198127123447e+04,3.860436903986833812e+00
1.027342206755069674e+04,3.860437194699623209e+00
1.027342215383015719e+04,3.860437485545695768e+00
1.027342224010961945e+04,3.860437776525026177e+00
1.027342232638907990e+04,3.860438067637565140e+00
1.027342241266854217e+04,3.860438358883287346e+00
1.027342249894800261e+04,3.860438650262141724e+00
1.027342258522746488e+04,3.860438941774104737e+00
1.027342267150692533e+04,3.860439233419126204e+00
1.027342275778638759e+04,3.860439525197179922e+00
1.027342284406584804e+04,3.860439817108217486e+00
1.027342293034530849e+04,3.860440109152206478e+00
1.027342301662477075e+04,3.860440401329114923e+00
1.027342310290423120e+04,3.860440693638893972e+00
1.027342318918369347e+04,3.860440986081518755e+00
1.027342327546315391e+04,3.860441278656937314e+00
1.027342336174261618e+04,3.860441571365126556e+00
1.027342344802207663e+04,3.860441864206034523e+00
1.027342353430153889e+04,3.860442157179637679e+00
1.027342362058099934e+04,3.860442450285884508e+00
1.027342370686046161e+04,3.860442743524750142e+00
1.027342379313992205e+04,3.860443036896184399e+00
1.027342387941938250e+04,3.860443330400155748e+00
1.027342396569884477e+04,3.860443624036632659e+00
1.027342405197830522e+04,3.860443917805565395e+00
1.027342413825776748e+04,3.860444211706927309e+00
1.027342422453722793e+04,3.860444505740669108e+00
1.027342431081669019e+04,3.860444799906765923e+00
1.027342439709615064e+04,3.860445094205165795e+00
1.027342448337561291e+04,3.860445388635843855e+00
1.027342456965507336e+04,3.860445683198751254e+00
1.027342465593453562e+04,3.860445977893860015e+00
1.027342474221399607e+04,3.860446272721122174e+00
1.027342482849345834e+04,3.860446567680509755e+00
1.027342491477291878e+04,3.860446862771974796e+00
1.027342500105237923e+04,3.860447157995484435e+00
1.027342508733184150e+04,3.860447453351006253e+00
1.027342517361130194e+04,3.860447748838490512e+00
1.027342525989076421e+04,3.860448044457912342e+00
1.027342534617022466e+04,3.860448340209219342e+00
1.027342543244968692e+04,3.860448636092387087e+00
1.027342551872914737e+04,3.860448932107365394e+00
1.027342560500860964e+04,3.860449228254127618e+00
1.027342569128807008e+04,3.860449524532624022e+00
1.027342577756753235e+04,3.860449820942827959e+00
1.027342586384699280e+04,3.860450117484689692e+00
1.027342595012645324e+04,3.860450414158177690e+00
1.027342603640591551e+04,3.860450710963258203e+00
1.027342612268537596e+04,3.860451007899882381e+00
1.027342620896483822e+04,3.860451304968023134e+00
1.027342629524429867e+04,3.860451602167631169e+00
1.027342638152376094e+04,3.860451899498679396e+00
1.027342646780322139e+04,3.860452196961117632e+00
1.027342655408268365e+04,3.860452494554919678e+00
1.027342664036214410e+04,3.860452792280034906e+00
1.027342672664160636e+04,3.860453090136438004e+00
1.027342681292106681e+04,3.860453388124077012e+00
1.027342689920052908e+04,3.860453686242927507e+00
1.027342698547998953e+04,3.860453984492937529e+00
1.027342707175944997e+04,3.860454282874075549e+00
1.027342715803891224e+04,3.860454581386309592e+00
1.027342724431837269e+04,3.860454880029587699e+00
1.027342733059783495e+04,3.860455178803884113e+00
1.027342741687729540e+04,3.860455477709149097e+00
1.027342750315675767e+04,3.860455776745355116e+00
1.027342758943621811e+04,3.860456075912452434e+00
1.027342767571568038e+04,3.860456375210413960e+00
1.027342776199514083e+04,3.860456674639189067e+00
1.027342784827460309e+04,3.860456974198752889e+00
1.027342793455406354e+04,3.860457273889052132e+00
1.027342802083352399e+04,3.860457573710055712e+00
1.027342810711298625e+04,3.860457873661732098e+00
1.027342819339244670e+04,3.860458173744028887e+00
1.027342827967190897e+04,3.860458473956919878e+00
1.027342836595136941e+04,3.860458774300354445e+00
1.027342845223083168e+04,3.860459074774306387e+00
1.027342853851029213e+04,3.860459375378725078e+00
1.027342862478975439e+04,3.860459676113583427e+00
1.027342871106921484e+04,3.860459976978830365e+00
1.027342879734867711e+04,3.860460277974440135e+00
1.027342888362813756e+04,3.860460579100360778e+00
1.027342896990759800e+04,3.860460880356559432e+00
1.027342905618706027e+04,3.860461181743005898e+00
1.027342914246652072e+04,3.860461483259645998e+00
1.027342922874598298e+04,3.860461784906455751e+00
1.027342931502544343e+04,3.860462086683381866e+00
1.027342940130490570e+04,3.860462388590399030e+00
1.027342948758436614e+04,3.860462690627456173e+00
1.027342957386382841e+04,3.860462992794525761e+00
1.027342966014328886e+04,3.860463295091558500e+00
1.027342974642275112e+04,3.860463597518525081e+00
1.027342983270221157e+04,3.860463900075376209e+00
1.027342991898167384e+04,3.860464202762085240e+00
1.027343000526113428e+04,3.860464505578598882e+00
1.027343009154059473e+04,3.860464808524886493e+00
1.027343017782005700e+04,3.860465111600914767e+00
1.027343026409951744e+04,3.860465414806632189e+00
1.027343035037897971e+04,3.860465718142011671e+00
1.027343043665844016e+04,3.860466021607002585e+00
1.027343052293790242e+04,3.860466325201576954e+00
1.027343060921736287e+04,3.860466628925684152e+00
1.027343069549682514e+04,3.860466932779298421e+00
1.027343078177628558e+04,3.860467236762366916e+00
1.027343086805574785e+04,3.860467540874862546e+00
1.027343095433520830e+04,3.860467845116735131e+00
1.027343104061466875e+04,3.860468149487950473e+00
1.027343112689413101e+04,3.860468453988476600e+00
1.027343121317359146e+04,3.860468758618261553e+00
1.027343129945305373e+04,3.860469063377277799e+00
1.027343138573251417e+04,3.860469368265475154e+00
1.027343147201197644e+04,3.860469673282825198e+00
1.027343155829143689e+04,3.860469978429277749e+00
1.027343164457089915e+04,3.860470283704803940e+00
1.027343173085035960e+04,3.860470589109354478e+00
1.027343181712982187e+04,3.860470894642900941e+00
1.027343190340928231e+04,3.860471200305391815e+00
1.027343198968874458e+04,3.860471506096800454e+00
1.027343207596820503e+04,3.860471812017074011e+00
1.027343216224766547e+04,3.860472118066180958e+00
1.027343224852712774e+04,3.860472424244087097e+00
1.027343233480658819e+04,3.860472730550741804e+00
1.027343242108605045e+04,3.860473036986116213e+00
1.027343250736551090e+04,3.860473343550159253e+00
1.027343259364497317e+04,3.860473650242844279e+00
1.027343267992443361e+04,3.860473957064118888e+00
1.027343276620389588e+04,3.860474264013955992e+00
1.027343285248335633e+04,3.860474571092304519e+00
1.027343293876281859e+04,3.860474878299136048e+00
1.027343302504227904e+04,3.860475185634399065e+00
1.027343311132173949e+04,3.860475493098060706e+00
1.027343319760120175e+04,3.860475800690087222e+00
1.027343328388066220e+04,3.860476108410426654e+00
1.027343337016012447e+04,3.860476416259051913e+00
1.027343345643958492e+04,3.860476724235910595e+00
1.027343354271904718e+04,3.860477032340976056e+00
1.027343362899850763e+04,3.860477340574195448e+00
1.027343371527796990e+04,3.860477648935542572e+00
1.027343380155743034e+04,3.860477957424964135e+00
1.027343388783689261e+04,3.860478266042433493e+00
1.027343397411635306e+04,3.860478574787897799e+00
1.027343406039581350e+04,3.860478883661325078e+00
1.027343414667527577e+04,3.860479192662680692e+00
1.027343423295473622e+04,3.860479501791911794e+00
1.027343431923419848e+04,3.860479811048992627e+00
1.027343440551365893e+04,3.860480120433868567e+00
1.027343449179312120e+04,3.860480429946514747e+00
1.027343457807258164e+04,3.860480739586878318e+00
1.027343466435204391e+04,3.860481049354931304e+00
1.027343475063150436e+04,3.860481359250620859e+00
1.027343483691096662e+04,3.860481669273920780e+00
1.027343492319042707e+04,3.860481979424776888e+00
1.027343500946988934e+04,3.860482289703164316e+00
1.027343509574934978e+04,3.860482600109027995e+00
1.027343518202881023e+04,3.860482910642336396e+00
1.027343526830827250e+04,3.860483221303053991e+00
1.027343535458773295e+04,3.860483532091129710e+00
1.027343544086719521e+04,3.860483843006535576e+00
1.027343552714665566e+04,3.860484154049218297e+00
1.027343561342611792e+04,3.860484465219151673e+00
1.027343569970557837e+04,3.860484776516281968e+00
1.027343578598504064e+04,3.860485087940582538e+00
1.027343587226450109e+04,3.860485399492000091e+00
1.027343595854396335e+04,3.860485711170507539e+00
1.027343604482342380e+04,3.860486022976051590e+00
1.027343613110288425e+04,3.860486334908599382e+00
1.027343621738234651e+04,3.860486646968115831e+00
1.027343630366180696e+04,3.860486959154548092e+00
1.027343638994126923e+04,3.860487271467870407e+00
1.027343647622072967e+04,3.860487583908027709e+00
1.027343656250019194e+04,3.860487896474994685e+00
1.027343664877965239e+04,3.860488209168716711e+00
1.027343673505911465e+04,3.860488521989167143e+00
1.027343682133857510e+04,3.860488834936291802e+00
1.027343690761803737e+04,3.860489148010064486e+00
1.027343699389749781e+04,3.860489461210431017e+00
1.027343708017696008e+04,3.860489774537364749e+00
1.027343716645642053e+04,3.860490087990812391e+00
1.027343725273588097e+04,3.860490401570739305e+00
1.027343733901534324e+04,3.860490715277112628e+00
1.027343742529480369e+04,3.860491029109877736e+00
1.027343751157426595e+04,3.860491343069008874e+00
1.027343759785372640e+04,3.860491657154451861e+00
1.027343768413318867e+04,3.860491971366177832e+00
1.027343777041264912e+04,3.860492285704135718e+00
1.027343785669211138e+04,3.860492600168296207e+00
1.027343794297157183e+04,3.860492914758606897e+00
1.027343802925103410e+04,3.860493229475040700e+00
1.027343811553049454e+04,3.860493544317542103e+00
1.027343820180995499e+04,3.860493859286079132e+00
1.027343828808941726e+04,3.860494174380617149e+00
1.027343837436887770e+04,3.860494489601101531e+00
1.027343846064833997e+04,3.860494804947505187e+00
1.027343854692780042e+04,3.860495120419775716e+00
1.027343863320726268e+04,3.860495436017884696e+00
1.027343871948672313e+04,3.860495751741777948e+00
1.027343880576618540e+04,3.860496067591428826e+00
1.027343889204564584e+04,3.860496383566783152e+00
1.027343897832510811e+04,3.860496699667813392e+00
1.027343906460456856e+04,3.860497015894464479e+00
1.027343915088402900e+04,3.860497332246704882e+00
1.027343923716349127e+04,3.860497648724498632e+00
1.027343932344295172e+04,3.860497965327791547e+00
1.027343940972241398e+04,3.860498282056557429e+00
1.027343949600187443e+04,3.860498598910741652e+00
1.027343958228133670e+04,3.860498915890315796e+00
1.027343966856079714e+04,3.860499232995227015e+00
1.027343975484025941e+04,3.860499550225447329e+00
1.027343984111971986e+04,3.860499867580923006e+00
1.027343992739918212e+04,3.860500185061625178e+00
1.027344001367864257e+04,3.860500502667501443e+00
1.027344009995810484e+04,3.860500820398523381e+00
1.027344018623756529e+04,3.860501138254636366e+00
1.027344027251702573e+04,3.860501456235806206e+00
1.027344035879648800e+04,3.860501774341999592e+00
1.027344044507594845e+04,3.860502092573161459e+00
1.027344053135541071e+04,3.860502410929263828e+00
1.027344061763487116e+04,3.860502729410252964e+00
1.027344070391433343e+04,3.860503048016101779e+00
1.027344079019379387e+04,3.860503366746754317e+00
1.027344087647325614e+04,3.860503685602184820e+00
1.027344096275271659e+04,3.860504004582337778e+00
1.027344104903217885e+04,3.860504323687184325e+00
1.027344113531163930e+04,3.860504642916672058e+00
1.027344122159109975e+04,3.860504962270766338e+00
1.027344130787056201e+04,3.860505281749431195e+00
1.027344139415002246e+04,3.860505601352613336e+00
1.027344148042948473e+04,3.860505921080284786e+00
1.027344156670894517e+04,3.860506240932391364e+00
1.027344165298840744e+04,3.860506560908904650e+00
1.027344173926786789e+04,3.860506881009770463e+00
1.027344182554733015e+04,3.860507201234960384e+00
1.027344191182679060e+04,3.860507521584421120e+00
1.027344199810625287e+04,3.860507842058122918e+00
1.027344208438571331e+04,3.860508162656012487e+00
1.027344217066517376e+04,3.860508483378055189e+00
1.027344225694463603e+04,3.860508804224215940e+00
1.027344234322409648e+04,3.860509125194439672e+00
1.027344242950355874e+04,3.860509446288700186e+00
1.027344251578301919e+04,3.860509767506940637e+00
1.027344260206248146e+04,3.860510088849134380e+00
1.027344268834194190e+04,3.860510410315227237e+00
1.027344277462140417e+04,3.860510731905189008e+00
1.027344286090086462e+04,3.860511053618966404e+00
1.027344294718032688e+04,3.860511375456531002e+00
1.027344303345978733e+04,3.860511697417828625e+00
1.027344311973924960e+04,3.860512019502830405e+00
1.027344320601871004e+04,3.860512341711482165e+00
1.027344329229817049e+04,3.860512664043748376e+00
1.027344337857763276e+04,3.860512986499594845e+00
1.027344346485709320e+04,3.860513309078966948e+00
1.027344355113655547e+04,3.860513631781834931e+00
1.027344363741601592e+04,3.860513954608145948e+00
1.027344372369547818e+04,3.860514277557870244e+00
1.027344380997493863e+04,3.860514600630953641e+00
1.027344389625440090e+04,3.860514923827368161e+00
1.027344398253386134e+04,3.860515247147058293e+00
1.027344406881332361e+04,3.860515570589995615e+00
1.027344415509278406e+04,3.860515894156125061e+00
1.027344424137224451e+04,3.860516217845412879e+00
1.027344432765170677e+04,3.860516541657822209e+00
1.027344441393116722e+04,3.860516865593300206e+00
1.027344450021062949e+04,3.860517189651815784e+00
1.027344458649008993e+04,3.860517513833316539e+00
1.027344467276955220e+04,3.860517838137772717e+00
1.027344475904901265e+04,3.860518162565129252e+00
1.027344484532847491e+04,3.860518487115358166e+00
1.027344493160793536e+04,3.860518811788403948e+00
1.027344501788739763e+04,3.860519136584238620e+00
1.027344510416685807e+04,3.860519461502806227e+00
1.027344519044632034e+04,3.860519786544078791e+00
1.027344527672578079e+04,3.860520111708001689e+00
1.027344536300524123e+04,3.860520436994538951e+00
1.027344544928470350e+04,3.860520762403655048e+00
1.027344553556416395e+04,3.860521087935295359e+00
1.027344562184362621e+04,3.860521413589431461e+00
1.027344570812308666e+04,3.860521739366006955e+00
1.027344579440254893e+04,3.860522065264995195e+00
1.027344588068200937e+04,3.860522391286339783e+00
1.027344596696147164e+04,3.860522717430011408e+00
1.027344605324093209e+04,3.860523043695956336e+00
1.027344613952039435e+04,3.860523370084144368e+00
1.027344622579985480e+04,3.860523696594520437e+00
1.027344631207931525e+04,3.860524023227049906e+00
1.027344639835877751e+04,3.860524349981697245e+00
1.027344648463823796e+04,3.860524676858406945e+00
1.027344657091770023e+04,3.860525003857150139e+00
1.027344665719716068e+04,3.860525330977870873e+00
1.027344674347662294e+04,3.860525658220540279e+00
1.027344682975608339e+04,3.860525985585104625e+00
1.027344691603554566e+04,3.860526313071534155e+00
1.027344700231500610e+04,3.860526640679772026e+00
1.027344708859446837e+04,3.860526968409792037e+00
1.027344717487392882e+04,3.860527296261536456e+00
1.027344726115338926e+04,3.860527624234970201e+00
1.027344734743285153e+04,3.860527952330057744e+00
1.027344743371231198e+04,3.860528280546744462e+00
1.027344751999177424e+04,3.860528608885000157e+00
1.027344760627123469e+04,3.860528937344770650e+00
1.027344769255069696e+04,3.860529265926024856e+00
1.027344777883015740e+04,3.860529594628709482e+00
1.027344786510961967e+04,3.860529923452794332e+00
1.027344795138908012e+04,3.860530252398223450e+00
1.027344803766854238e+04,3.860530581464968414e+00
1.027344812394800283e+04,3.860530910652973713e+00
1.027344821022746510e+04,3.860531239962209593e+00
1.027344829650692554e+04,3.860531569392620987e+00
1.027344838278638599e+04,3.860531898944171925e+00
1.027344846906584826e+04,3.860532228616825989e+00
1.027344855534530871e+04,3.860532558410528114e+00
1.027344864162477097e+04,3.860532888325249878e+00
1.027344872790423142e+04,3.860533218360934438e+00
1.027344881418369368e+04,3.860533548517551594e+00
1.027344890046315413e+04,3.860533878795048057e+00
1.027344898674261640e+04,3.860534209193393629e+00
1.027344907302207685e+04,3.860534539712531021e+00
1.027344915930153911e+04,3.860534870352433146e+00
1.027344924558099956e+04,3.860535201113042270e+00
1.027344933186046001e+04,3.860535531994322866e+00
1.027344941813992227e+04,3.860535862996241185e+00
1.027344950441938272e+04,3.860536194118738162e+00
1.027344959069884499e+04,3.860536525361786708e+00
1.027344967697830543e+04,3.860536856725329091e+00
1.027344976325776770e+04,3.860537188209338222e+00
1.027344984953722815e+04,3.860537519813755925e+00
1.027344993581669041e+04,3.860537851538554222e+00
1.027345002209615086e+04,3.860538183383675825e+00
1.027345010837561313e+04,3.860538515349092759e+00
1.027345019465507357e+04,3.860538847434748178e+00
1.027345028093453584e+04,3.860539179640612772e+00
1.027345036721399629e+04,3.860539511966630144e+00
1.027345045349345673e+04,3.860539844412764765e+00
1.027345053977291900e+04,3.860540176978980220e+00
1.027345062605237945e+04,3.860540509665220110e+00
1.027345071233184171e+04,3.860540842471455125e+00
1.027345079861130216e+04,3.860541175397629754e+00
1.027345088489076443e+04,3.860541508443712910e+00
1.027345097117022488e+04,3.860541841609649971e+00
1.027345105744968714e+04,3.860542174895410739e+00
1.027345114372914759e+04,3.860542508300938813e+00
1.027345123000860985e+04,3.860542841826203997e+00
1.027345131628807030e+04,3.860543175471152111e+00
1.027345140256753075e+04,3.860543509235744519e+00
1.027345148884699302e+04,3.860543843119946139e+00
1.027345157512645346e+04,3.860544177123701015e+00
1.027345166140591573e+04,3.860544511246978949e+00
1.027345174768537618e+04,3.860544845489723098e+00
1.027345183396483844e+04,3.860545179851904596e+00
1.027345192024429889e+04,3.860545514333466155e+00
1.027345200652376116e+04,3.860545848934378910e+00
1.027345209280322160e+04,3.860546183654586017e+00
1.027345217908268387e+04,3.860546518494058610e+00
1.027345226536214432e+04,3.860546853452738070e+00
1.027345235164160476e+04,3.860547188530590201e+00
1.027345243792106703e+04,3.860547523727578145e+00
1.027345252420052748e+04,3.860547859043643726e+00
1.027345261047998974e+04,3.860548194478758965e+00
1.027345269675945019e+04,3.860548530032866577e+00
1.027345278303891246e+04,3.860548865705937693e+00
1.027345286931837290e+04,3.860549201497913696e+00
1.027345295559783517e+04,3.860549537408766163e+00
1.027345304187729562e+04,3.860549873438439139e+00
1.027345312815675788e+04,3.860550209586901094e+00
1.027345321443621833e+04,3.860550545854095628e+00
1.027345330071568060e+04,3.860550882239993875e+00
1.027345338699514105e+04,3.860551218744538549e+00
1.027345347327460149e+04,3.860551555367692789e+00
1.027345355955406376e+04,3.860551892109420624e+00
1.027345364583352421e+04,3.860552228969665212e+00
1.027345373211298647e+04,3.860552565948395465e+00
1.027345381839244692e+04,3.860552903045555873e+00
1.027345390467190919e+04,3.860553240261116237e+00
1.027345399095136963e+04,3.860553577595018382e+00
1.027345407723083190e+04,3.860553915047234330e+00
1.027345416351029235e+04,3.860554252617705462e+00
1.027345424978975461e+04,3.860554590306403799e+00
1.027345433606921506e+04,3.860554928113270723e+00
1.027345442234867551e+04,3.860555266038269373e+00
1.027345450862813777e+04,3.860555604081363779e+00
1.027345459490759822e+04,3.860555942242496652e+00
1.027345468118706049e+04,3.860556280521638239e+00
1.027345476746652093e+04,3.860556618918731253e+00
1.027345485374598320e+04,3.860556957433745495e+00
1.027345494002544365e+04,3.860557296066624122e+00
1.027345502630490591e+04,3.860557634817337380e+00
1.027345511258436636e+04,3.860557973685826205e+00
1.027345519886382863e+04,3.860558312672063508e+00
1.027345528514328907e+04,3.860558651775989780e+00
1.027345537142275134e+04,3.860558990997576156e+00
1.027345545770221179e+04,3.860559330336764461e+00
1.027345554398167224e+04,3.860559669793518722e+00
1.027345563026113450e+04,3.860560009367801637e+00
1.027345571654059495e+04,3.860560349059556362e+00
1.027345580282005722e+04,3.860560688868751367e+00
1.027345588909951766e+04,3.860561028795330696e+00
1.027345597537897993e+04,3.860561368839264151e+00
1.027345606165844038e+04,3.860561709000493114e+00
1.027345614793790264e+04,3.860562049278988273e+00
1.027345623421736309e+04,3.860562389674692341e+00
1.027345632049682536e+04,3.860562730187575564e+00
1.027345640677628580e+04,3.860563070817578435e+00
1.027345649305574625e+04,3.860563411564665870e+00
1.027345657933520852e+04,3.860563752428801010e+00
1.027345666561466896e+04,3.860564093409924347e+00
1.027345675189413123e+04,3.860564434508007903e+00
1.027345683817359168e+04,3.860564775722992614e+00
1.027345692445305394e+04,3.860565117054849171e+00
1.027345701073251439e+04,3.860565458503518066e+00
1.027345709701197666e+04,3.860565800068971765e+00
1.027345718329143710e+04,3.860566141751150759e+00
1.027345726957089937e+04,3.860566483550025740e+00
1.027345735585035982e+04,3.860566825465538088e+00
1.027345744212982027e+04,3.860567167497650054e+00
1.027345752840928253e+04,3.860567509646327444e+00
1.027345761468874298e+04,3.860567851911508974e+00
1.027345770096820524e+04,3.860568194293167110e+00
1.027345778724766569e+04,3.860568536791241900e+00
1.027345787352712796e+04,3.860568879405704479e+00
1.027345795980658841e+04,3.860569222136495338e+00
1.027345804608605067e+04,3.860569564983586055e+00
1.027345813236551112e+04,3.860569907946917567e+00
1.027345821864497339e+04,3.860570251026459676e+00
1.027345830492443383e+04,3.860570594222154650e+00
1.027345839120389610e+04,3.860570937533971403e+00
1.027345847748335655e+04,3.860571280961852647e+00
1.027345856376281699e+04,3.860571624505761967e+00
1.027345865004227926e+04,3.860571968165660728e+00
1.027345873632173971e+04,3.860572311941489865e+00
1.027345882260120197e+04,3.860572655833221400e+00
1.027345890888066242e+04,3.860572999840795827e+00
1.027345899516012469e+04,3.860573343964182502e+00
1.027345908143958513e+04,3.860573688203323695e+00
1.027345916771904740e+04,3.860574032558189650e+00
1.027345925399850785e+04,3.860574377028720860e+00
1.027345934027797011e+04,3.860574721614887572e+00
1.027345942655743056e+04,3.860575066316631609e+00
1.027345951283689101e+04,3.860575411133915225e+00
1.027345959911635327e+04,3.860575756066701114e+00
1.027345968539581372e+04,3.860576101114930658e+00
1.027345977167527599e+04,3.860576446278573215e+00
1.027345985795473644e+04,3.860576791557571941e+00
1.027345994423419870e+04,3.860577136951894861e+00
1.027346003051365915e+04,3.860577482461483800e+00
1.027346011679312141e+04,3.860577828086308561e+00
1.027346020307258186e+04,3.860578173826310522e+00
1.027346028935204413e+04,3.860578519681459486e+00
1.027346037563150458e+04,3.860578865651695502e+00
1.027346046191096502e+04,3.860579211736982597e+00
1.027346054819042729e+04,3.860579557937282580e+00
1.027346063446988774e+04,3.860579904252536831e+00
1.027346072074935000e+04,3.860580250682716041e+00
1.027346080702881045e+04,3.860580597227758926e+00
1.027346089330827272e+04,3.860580943887637950e+00
1.027346097958773316e+04,3.860581290662292719e+00
1.027346106586719543e+04,3.860581637551692591e+00
1.027346115214665588e+04,3.860581984555778501e+00
1.027346123842611814e+04,3.860582331674521583e+00
1.027346132470557859e+04,3.860582678907861442e+00
1.027346141098504086e+04,3.860583026255767880e+00
1.027346149726450130e+04,3.860583373718181832e+00
1.027346158354396175e+04,3.860583721295067328e+00
1.027346166982342402e+04,3.860584068986383954e+00
1.027346175610288446e+04,3.860584416792074869e+00
1.027346184238234673e+04,3.860584764712109429e+00
1.027346192866180718e+04,3.860585112746427239e+00
1.027346201494126944e+04,3.860585460894998100e+00
1.027346210122072989e+04,3.860585809157764281e+00
1.027346218750019216e+04,3.860586157534693807e+00
1.027346227377965261e+04,3.860586506025727616e+00
1.027346236005911487e+04,3.860586854630836395e+00
1.027346244633857532e+04,3.860587203349959307e+00
1.027346253261803577e+04,3.860587552183060378e+00
1.027346261889749803e+04,3.860587901130100086e+00
1.027346270517695848e+04,3.860588250191019810e+00
1.027346279145642075e+04,3.860588599365789797e+00
1.027346287773588119e+04,3.860588948654349650e+00
1.027346296401534346e+04,3.860589298056669616e+00
1.027346305029480391e+04,3.860589647572689298e+00
1.027346313657426617e+04,3.860589997202378942e+00
1.027346322285372662e+04,3.860590346945678597e+00
1.027346330913318889e+04,3.860590696802558508e+00
1.027346339541264933e+04,3.860591046772958279e+00
1.027346348169211160e+04,3.860591396856848156e+00
1.027346356797157205e+04,3.860591747054167744e+00
1.027346365425103249e+04,3.860592097364878850e+00
1.027346374053049476e+04,3.860592447788945059e+00
1.027346382680995521e+04,3.860592798326305530e+00
1.027346391308941747e+04,3.860593148976931399e+00
1.027346399936887792e+04,3.860593499740760493e+00
1.027346408564834019e+04,3.860593850617764389e+00
1.027346417192780063e+04,3.860594201607881804e+00
1.027346425820726290e+04,3.860594552711082539e+00
1.027346434448672335e+04,3.860594903927307975e+00
1.027346443076618561e+04,3.860595255256525249e+00
1.027346451704564606e+04,3.860595606698677074e+00
1.027346460332510651e+04,3.860595958253723481e+00
1.027346468960456878e+04,3.860596309921627167e+00
1.027346477588402922e+04,3.860596661702328625e+00
1.027346486216349149e+04,3.860597013595797655e+00
1.027346494844295194e+04,3.860597365601972530e+00
1.027346503472241420e+04,3.860597717720823496e+00
1.027346512100187465e+04,3.860598069952291489e+00
1.027346520728133692e+04,3.860598422296344534e+00
1.027346529356079736e+04,3.860598774752923124e+00
1.027346537984025963e+04,3.860599127321996615e+00
1.027346546611972008e+04,3.860599480003504613e+00
1.027346555239918052e+04,3.860599832797410258e+00
1.027346563867864279e+04,3.860600185703673581e+00
1.027346572495810324e+04,3.860600538722235520e+00
1.027346581123756550e+04,3.860600891853065875e+00
1.027346589751702595e+04,3.860601245096102474e+00
1.027346598379648822e+04,3.860601598451316896e+00
1.027346607007594866e+04,3.860601951918648744e+00
1.027346615635541093e+04,3.860602305498065157e+00
1.027346624263487138e+04,3.860602659189507069e+00
1.027346632891433364e+04,3.860603012992943839e+00
1.027346641519379409e+04,3.860603366908315515e+00
1.027346650147325636e+04,3.860603720935590566e+00
1.027346658775271680e+04,3.860604075074709485e+00
1.027346667403217725e+04,3.860604429325632747e+00
1.027346676031163952e+04,3.860604783688323494e+00
1.027346684659109997e+04,3.860605138162720440e+00
1.027346693287056223e+04,3.860605492748793388e+00
1.027346701915002268e+04,3.860605847446481498e+00
1.027346710542948495e+04,3.860606202255753683e+00
1.027346719170894539e+04,3.860606557176549103e+00
1.027346727798840766e+04,3.860606912208838448e+00
1.027346736426786811e+04,3.860607267352559990e+00
1.027346745054733037e+04,3.860607622607683087e+00
1.027346753682679082e+04,3.860607977974147342e+00
1.027346762310625127e+04,3.860608333451914564e+00
1.027346770938571353e+04,3.860608689040945229e+00
1.027346779566517398e+04,3.860609044741180718e+00
1.027346788194463625e+04,3.860609400552588166e+00
1.027346796822409669e+04,3.860609756475108068e+00
1.027346805450355896e+04,3.860610112508708447e+00
1.027346814078301941e+04,3.860610468653330241e+00
1.027346822706248167e+04,3.860610824908940142e+00
1.027346831334194212e+04,3.860611181275479975e+00
1.027346839962140439e+04,3.860611537752916878e+00
1.027346848590086483e+04,3.860611894341190897e+00
1.027346857218032710e+04,3.860612251040270948e+00
1.027346865845978755e+04,3.860612607850096190e+00
1.027346874473924800e+04,3.860612964770627986e+00
1.027346883101871026e+04,3.860613321801828590e+00
1.027346891729817071e+04,3.860613678943635385e+00
1.027346900357763298e+04,3.860614036196019061e+00
1.027346908985709342e+04,3.860614393558917445e+00
1.027346917613655569e+04,3.860614751032299896e+00
1.027346926241601614e+04,3.860615108616106461e+00
1.027346934869547840e+04,3.860615466310304278e+00
1.027346943497493885e+04,3.860615824114833394e+00
1.027346952125440112e+04,3.860616182029663168e+00
1.027346960753386156e+04,3.860616540054730983e+00
1.027346969381332201e+04,3.860616898189999535e+00
1.027346978009278428e+04,3.860617256435430633e+00
1.027346986637224472e+04,3.860617614790961216e+00
1.027346995265170699e+04,3.860617973256562419e+00
1.027347003893116744e+04,3.860618331832171624e+00
1.027347012521062970e+04,3.860618690517757745e+00
1.027347021149009015e+04,3.860619049313260387e+00
1.027347029776955242e+04,3.860619408218647575e+00
1.027347038404901286e+04,3.860619767233858468e+00
1.027347047032847513e+04,3.860620126358861093e+00
1.027347055660793558e+04,3.860620485593595941e+00
1.027347064288739602e+04,3.860620844938022600e+00
1.027347072916685829e+04,3.860621204392102879e+00
1.027347081544631874e+04,3.860621563955775937e+00
1.027347090172578100e+04,3.860621923629010244e+00
1.027347098800524145e+04,3.860622283411744071e+00
1.027347107428470372e+04,3.860622643303945889e+00
1.027347116056416417e+04,3.860623003305556189e+00
1.027347124684362643e+04,3.860623363416541221e+00
1.027347133312308688e+04,3.860623723636841476e+00
1.027347141940254915e+04,3.860624083966424092e+00
1.027347150568200959e+04,3.860624444405228228e+00
1.027347159196147186e+04,3.860624804953223244e+00
1.027347167824093231e+04,3.860625165610346965e+00
1.027347176452039275e+04,3.860625526376560757e+00
1.027347185079985502e+04,3.860625887251825983e+00
1.027347193707931547e+04,3.860626248236080027e+00
1.027347202335877773e+04,3.860626609329291803e+00
1.027347210963823818e+04,3.860626970531400914e+00
1.027347219591770045e+04,3.860627331842374943e+00
1.027347228219716089e+04,3.860627693262152160e+00
1.027347236847662316e+04,3.860628054790701924e+00
1.027347245475608361e+04,3.860628416427961618e+00
1.027347254103554587e+04,3.860628778173901043e+00
1.027347262731500632e+04,3.860629140028457140e+00
1.027347271359446677e+04,3.860629501991591273e+00
1.027347279987392903e+04,3.860629864063264804e+00
1.027347288615338948e+04,3.860630226243416008e+00
1.027347297243285175e+04,3.860630588532013796e+00
1.027347305871231219e+04,3.860630950928995109e+00
1.027347314499177446e+04,3.860631313434329304e+00
1.027347323127123491e+04,3.860631676047953764e+00
1.027347331755069717e+04,3.860632038769838736e+00
1.027347340383015762e+04,3.860632401599920271e+00
1.027347349010961989e+04,3.860632764538168171e+00
1.027347357638908034e+04,3.860633127584520263e+00
1.027347366266854260e+04,3.860633490738944573e+00
1.027347374894800305e+04,3.860633854001380261e+00
1.027347383522746350e+04,3.860634217371786470e+00
1.027347392150692576e+04,3.860634580850124564e+00
1.027347400778638621e+04,3.860634944436333704e+00
1.027347409406584848e+04,3.860635308130381027e+00
1.027347418034530892e+04,3.860635671932205693e+00
1.027347426662477119e+04,3.860636035841774838e+00
1.027347435290423164e+04,3.860636399859026735e+00
1.027347443918369390e+04,3.860636763983929409e+00
1.027347452546315435e+04,3.860637128216422020e+00
1.027347461174261662e+04,3.860637492556472150e+00
1.027347469802207706e+04,3.860637857004017182e+00
1.027347478430153751e+04,3.860638221559018479e+00
1.027347487058099978e+04,3.860638586221436963e+00
1.027347495686046022e+04,3.860638950991209573e+00
1.027347504313992249e+04,3.860639315868304333e+00
1.027347512941938294e+04,3.860639680852660405e+00
1.027347521569884520e+04,3.860640045944244925e+00
1.027347530197830565e+04,3.860640411142997053e+00
1.027347538825776792e+04,3.860640776448883482e+00
1.027347547453722837e+04,3.860641141861842041e+00
1.027347556081669063e+04,3.860641507381841642e+00
1.027347564709615108e+04,3.860641873008820113e+00
1.027347573337561153e+04,3.860642238742737486e+00
1.027347581965507379e+04,3.860642604583553794e+00
1.027347590593453424e+04,3.860642970531208640e+00
1.027347599221399651e+04,3.860643336585667384e+00
1.027347607849345695e+04,3.860643702746870520e+00
1.027347616477291922e+04,3.860644069014783852e+00
1.027347625105237967e+04,3.860644435389346096e+00
1.027347633733184193e+04,3.860644801870524834e+00
1.027347642361130238e+04,3.860645168458258336e+00
1.027347650989076465e+04,3.860645535152513741e+00
1.027347659617022509e+04,3.860645901953229764e+00
1.027347668244968736e+04,3.860646268860373098e+00
1.027347676872914781e+04,3.860646635873882460e+00
1.027347685500860825e+04,3.860647002993716992e+00
1.027347694128807052e+04,3.860647370219838947e+00
1.027347702756753097e+04,3.860647737552183489e+00
1.027347711384699323e+04,3.860648104990719975e+00
1.027347720012645368e+04,3.860648472535386233e+00
1.027347728640591595e+04,3.860648840186148512e+00
1.027347737268537639e+04,3.860649207942945971e+00
1.027347745896483866e+04,3.860649575805746192e+00
1.027347754524429911e+04,3.860649943774485227e+00
1.027347763152376137e+04,3.860650311849131988e+00
1.027347771780322182e+04,3.860650680029623860e+00
1.027347780408268227e+04,3.860651048315920875e+00
1.027347789036214454e+04,3.860651416707983508e+00
1.027347797664160498e+04,3.860651785205749142e+00
1.027347806292106725e+04,3.860652153809185361e+00
1.027347814920052770e+04,3.860652522518228658e+00
1.027347823547998996e+04,3.860652891332847947e+00
1.027347832175945041e+04,3.860653260252980612e+00
1.027347840803891268e+04,3.860653629278593346e+00
1.027347849431837312e+04,3.860653998409624865e+00
1.027347858059783539e+04,3.860654367646041418e+00
1.027347866687729584e+04,3.860654736987780833e+00
1.027347875315675628e+04,3.860655106434803141e+00
1.027347883943621855e+04,3.860655475987068819e+00
1.027347892571567900e+04,3.860655845644513917e+00
1.027347901199514126e+04,3.860656215407107350e+00
1.027347909827460171e+04,3.860656585274785613e+00
1.027347918455406398e+04,3.860656955247516287e+00
1.027347927083352442e+04,3.860657325325236755e+00
1.027347935711298669e+04,3.860657695507915044e+00
1.027347944339244714e+04,3.860658065795487648e+00
1.027347952967190940e+04,3.860658436187922149e+00
1.027347961595136985e+04,3.860658806685155930e+00
1.027347970223083212e+04,3.860659177287156130e+00
1.027347978851029256e+04,3.860659547993859686e+00
1.027347987478975301e+04,3.860659918805227075e+00
1.027347996106921528e+04,3.860660289721217886e+00
1.027348004734867573e+04,3.860660660741768613e+00
1.027348013362813799e+04,3.860661031866848170e+00
1.027348021990759844e+04,3.860661403096392608e+00
1.027348030618706071e+04,3.860661774430369064e+00
1.027348039246652115e+04,3.860662145868714479e+00
1.027348047874598342e+04,3.860662517411396877e+00
1.027348056502544387e+04,3.860662889058353198e+00
1.027348065130490613e+04,3.860663260809550579e+00
1.027348073758436658e+04,3.860663632664925071e+00
1.027348082386382703e+04,3.860664004624438483e+00
1.027348091014328929e+04,3.860664376688049071e+00
1.027348099642274974e+04,3.860664748855693329e+00
1.027348108270221201e+04,3.860665121127339727e+00
1.027348116898167245e+04,3.860665493502924761e+00
1.027348125526113472e+04,3.860665865982415124e+00
1.027348134154059517e+04,3.860666238565747754e+00
1.027348142782005743e+04,3.860666611252891123e+00
1.027348151409951788e+04,3.860666984043780836e+00
1.027348160037898015e+04,3.860667356938383588e+00
1.027348168665844059e+04,3.860667729936637205e+00
1.027348177293790286e+04,3.860668103038510157e+00
1.027348185921736331e+04,3.860668476243935832e+00
1.027348194549682376e+04,3.860668849552876480e+00
1.027348203177628602e+04,3.860669222965290803e+00
1.027348211805574647e+04,3.860669596481115295e+00
1.027348220433520873e+04,3.860669970100317538e+00
1.027348229061466918e+04,3.860670343822834027e+00
1.027348237689413145e+04,3.860670717648632344e+00
1.027348246317359190e+04,3.860671091577648095e+00
1.027348254945305416e+04,3.860671465609848418e+00
1.027348263573251461e+04,3.860671839745171141e+00
1.027348272201197688e+04,3.860672213983582512e+00
1.027348280829143732e+04,3.860672588325018584e+00
1.027348289457089777e+04,3.860672962769439831e+00
1.027348298085036004e+04,3.860673337316804954e+00
1.027348306712982048e+04,3.860673711967051336e+00
1.027348315340928275e+04,3.860674086720145226e+00
1.027348323968874320e+04,3.860674461576023564e+00
1.027348332596820546e+04,3.860674836534653043e+00
1.027348341224766591e+04,3.860675211595969714e+00
1.027348349852712818e+04,3.860675586759942046e+00
1.027348358480658862e+04,3.860675962026504315e+00
1.027348367108605089e+04,3.860676337395625879e+00
1.027348375736551134e+04,3.860676712867240568e+00
1.027348384364497178e+04,3.860677088441309746e+00
1.027348392992443405e+04,3.860677464117792113e+00
1.027348401620389450e+04,3.860677839896623720e+00
1.027348410248335676e+04,3.860678215777771705e+00
1.027348418876281721e+04,3.860678591761172118e+00
1.027348427504227948e+04,3.860678967846792098e+00
1.027348436132173993e+04,3.860679344034567695e+00
1.027348444760120219e+04,3.860679720324466935e+00
1.027348453388066264e+04,3.860680096716424092e+00
1.027348462016012490e+04,3.860680473210407637e+00
1.027348470643958535e+04,3.860680849806352288e+00
1.027348479271904762e+04,3.860681226504226515e+00
1.027348487899850807e+04,3.860681603303965481e+00
1.027348496527796851e+04,3.860681980205529218e+00
1.027348505155743078e+04,3.860682357208875093e+00
1.027348513783689123e+04,3.860682734313941822e+00
1.027348522411635349e+04,3.860683111520694322e+00
1.027348531039581394e+04,3.860683488829068644e+00
1.027348539667527621e+04,3.860683866239032369e+00
1.027348548295473665e+04,3.860684243750520661e+00
1.027348556923419892e+04,3.860684621363501989e+00
1.027348565551365937e+04,3.860684999077911073e+00
1.027348574179312163e+04,3.860685376893714160e+00
1.027348582807258208e+04,3.860685754810848636e+00
1.027348591435204253e+04,3.860686132829272310e+00
1.027348600063150479e+04,3.860686510948945216e+00
1.027348608691096524e+04,3.860686889169801628e+00
1.027348617319042751e+04,3.860687267491810459e+00
1.027348625946988795e+04,3.860687645914905985e+00
1.027348634574935022e+04,3.860688024439056232e+00
1.027348643202881067e+04,3.860688403064195473e+00
1.027348651830827293e+04,3.860688781790291735e+00
1.027348660458773338e+04,3.860689160617280624e+00
1.027348669086719565e+04,3.860689539545127946e+00
1.027348677714665610e+04,3.860689918573769752e+00
1.027348686342611836e+04,3.860690297703173179e+00
1.027348694970557881e+04,3.860690676933273835e+00
1.027348703598503926e+04,3.860691056264030419e+00
1.027348712226450152e+04,3.860691435695402518e+00
1.027348720854396197e+04,3.860691815227324408e+00
1.027348729482342424e+04,3.860692194859764115e+00
1.027348738110288468e+04,3.860692574592656356e+00
1.027348746738234695e+04,3.860692954425968271e+00
1.027348755366180740e+04,3.860693334359634576e+00
1.027348763994126966e+04,3.860693714393623743e+00
1.027348772622073011e+04,3.860694094527869602e+00
1.027348781250019238e+04,3.860694474762338846e+00
1.027348789877965282e+04,3.860694855096967970e+00
1.027348798505911327e+04,3.860695235531715674e+00
1.027348807133857554e+04,3.860695616066539770e+00
1.027348815761803598e+04,3.860695996701375865e+00
1.027348824389749825e+04,3.860696377436191540e+00
1.027348833017695870e+04,3.860696758270921070e+00
1.027348841645642096e+04,3.860697139205532036e+00
1.027348850273588141e+04,3.860697520239958713e+00
1.027348858901534368e+04,3.860697901374169128e+00
1.027348867529480412e+04,3.860698282608096665e+00
1.027348876157426639e+04,3.860698663941709352e+00
1.027348884785372684e+04,3.860699045374941463e+00
1.027348893413318729e+04,3.860699426907753029e+00
1.027348902041264955e+04,3.860699808540101863e+00
1.027348910669211000e+04,3.860700190271923571e+00
1.027348919297157227e+04,3.860700572103184403e+00
1.027348927925103271e+04,3.860700954033818633e+00
1.027348936553049498e+04,3.860701336063794731e+00
1.027348945180995543e+04,3.860701718193045640e+00
1.027348953808941769e+04,3.860702100421539384e+00
1.027348962436887814e+04,3.860702482749211129e+00
1.027348971064834041e+04,3.860702865176027121e+00
1.027348979692780085e+04,3.860703247701921637e+00
1.027348988320726312e+04,3.860703630326861369e+00
1.027348996948672357e+04,3.860704013050781924e+00
1.027349005576618401e+04,3.860704395873642003e+00
1.027349014204564628e+04,3.860704778795398973e+00
1.027349022832510673e+04,3.860705161815989772e+00
1.027349031460456899e+04,3.860705544935378430e+00
1.027349040088402944e+04,3.860705928153502775e+00
1.027349048716349171e+04,3.860706311470326835e+00
1.027349057344295215e+04,3.860706694885785772e+00
1.027349065972241442e+04,3.860707078399846726e+00
1.027349074600187487e+04,3.860707462012444857e+00
1.027349083228133713e+04,3.860707845723545528e+00
1.027349091856079758e+04,3.860708229533083902e+00
1.027349100484025803e+04,3.860708613441019121e+00
1.027349109111972029e+04,3.860708997447308555e+00
1.027349117739918074e+04,3.860709381551886921e+00
1.027349126367864301e+04,3.860709765754722689e+00
1.027349134995810346e+04,3.860710150055748358e+00
1.027349143623756572e+04,3.860710534454931064e+00
1.027349152251702617e+04,3.860710918952205972e+00
1.027349160879648844e+04,3.860711303547537998e+00
1.027349169507594888e+04,3.860711688240863193e+00
1.027349178135541115e+04,3.860712073032147362e+00
1.027349186763487160e+04,3.860712457921324781e+00
1.027349195391433386e+04,3.860712842908362585e+00
1.027349204019379431e+04,3.860713227993194607e+00
1.027349212647325476e+04,3.860713613175779990e+00
1.027349221275271702e+04,3.860713998456075657e+00
1.027349229903217747e+04,3.860714383834017216e+00
1.027349238531163974e+04,3.860714769309570915e+00
1.027349247159110018e+04,3.860715154882671030e+00
1.027349255787056245e+04,3.860715540553283809e+00
1.027349264415002290e+04,3.860715926321343971e+00
1.027349273042948516e+04,3.860716312186817767e+00
1.027349281670894561e+04,3.860716698149638137e+00
1.027349290298840788e+04,3.860717084209773997e+00
1.027349298926786832e+04,3.860717470367156956e+00
1.027349307554732877e+04,3.860717856621747490e+00
1.027349316182679104e+04,3.860718242973502967e+00
1.027349324810625149e+04,3.860718629422357218e+00
1.027349333438571375e+04,3.860719015968276935e+00
1.027349342066517420e+04,3.860719402611196838e+00
1.027349350694463647e+04,3.860719789351082731e+00
1.027349359322409691e+04,3.860720176187867558e+00
1.027349367950355918e+04,3.860720563121519788e+00
1.027349376578301963e+04,3.860720950151971476e+00
1.027349385206248189e+04,3.860721337279191534e+00
1.027349393834194234e+04,3.860721724503110686e+00
1.027349402462140279e+04,3.860722111823689850e+00
1.027349411090086505e+04,3.860722499240886396e+00
1.027349419718032550e+04,3.860722886754632821e+00
1.027349428345978777e+04,3.860723274364897595e+00
1.027349436973924821e+04,3.860723662071613660e+00
1.027349445601871048e+04,3.860724049874747710e+00
1.027349454229817093e+04,3.860724437774232243e+00
1.027349462857763319e+04,3.860724825770035729e+00
1.027349471485709364e+04,3.860725213862090222e+00
1.027349480113655591e+04,3.860725602050362415e+00
1.027349488741601635e+04,3.860725990334786140e+00
1.027349497369547862e+04,3.860726378715328089e+00
1.027349505997493907e+04,3.860726767191922537e+00
1.027349514625439951e+04,3.860727155764525520e+00
1.027349523253386178e+04,3.860727544433097513e+00
1.027349531881332223e+04,3.860727933197570128e+00
1.027349540509278449e+04,3.860728322057911388e+00
1.027349549137224494e+04,3.860728711014052905e+00
1.027349557765170721e+04,3.860729100065963149e+00
1.027349566393116766e+04,3.860729489213575061e+00
1.027349575021062992e+04,3.860729878456853115e+00
1.027349583649009037e+04,3.860730267795732917e+00
1.027349592276955264e+04,3.860730657230180718e+00
1.027349600904901308e+04,3.860731046760128571e+00
1.027349609532847353e+04,3.860731436385535620e+00
1.027349618160793580e+04,3.860731826106359232e+00
1.027349626788739624e+04,3.860732215922533239e+00
1.027349635416685851e+04,3.860732605834023889e+00
1.027349644044631896e+04,3.860732995840764126e+00
1.027349652672578122e+04,3.860733385942721085e+00
1.027349661300524167e+04,3.860733776139826823e+00
1.027349669928470394e+04,3.860734166432048919e+00
1.027349678556416438e+04,3.860734556819319430e+00
1.027349687184362665e+04,3.860734947301605491e+00
1.027349695812308710e+04,3.860735337878840046e+00
1.027349704440254754e+04,3.860735728550980461e+00
1.027349713068200981e+04,3.860736119317985882e+00
1.027349721696147026e+04,3.860736510179788361e+00
1.027349730324093252e+04,3.860736901136355481e+00
1.027349738952039297e+04,3.860737292187618408e+00
1.027349747579985524e+04,3.860737683333545167e+00
1.027349756207931568e+04,3.860738074574067813e+00
1.027349764835877795e+04,3.860738465909152151e+00
1.027349773463823840e+04,3.860738857338732455e+00
1.027349782091770066e+04,3.860739248862774531e+00
1.027349790719716111e+04,3.860739640481211765e+00
1.027349799347662338e+04,3.860740032194008631e+00
1.027349807975608383e+04,3.860740424001099402e+00
1.027349816603554427e+04,3.860740815902442336e+00
1.027349825231500654e+04,3.860741207897994798e+00
1.027349833859446699e+04,3.860741599987689732e+00
1.027349842487392925e+04,3.860741992171492942e+00
1.027349851115338970e+04,3.860742384449337372e+00
1.027349859743285197e+04,3.860742776821189270e+00
1.027349868371231241e+04,3.860743169286982024e+00
1.027349876999177468e+04,3.860743561846680993e+00
1.027349885627123513e+04,3.860743954500219122e+00
1.027349894255069739e+04,3.860744347247562658e+00
1.027349902883015784e+04,3.860744740088644544e+00
1.027349911510961829e+04,3.860745133023423037e+00
1.027349920138908055e+04,3.860745526051855059e+00
1.027349928766854100e+04,3.860745919173873109e+00
1.027349937394800327e+04,3.860746312389442991e+00
1.027349946022746371e+04,3.860746705698498982e+00
1.027349954650692598e+04,3.860747099101005997e+00
1.027349963278638643e+04,3.860747492596896979e+00
1.027349971906584869e+04,3.860747886186138622e+00
1.027349980534530914e+04,3.860748279868662092e+00
1.027349989162477141e+04,3.860748673644434081e+00
1.027349997790423186e+04,3.860749067513387089e+00
1.027350006418369412e+04,3.860749461475488253e+00
1.027350015046315457e+04,3.860749855530668739e+00
1.027350023674261502e+04,3.860750249678886359e+00
1.027350032302207728e+04,3.860750643920099368e+00
1.027350040930153773e+04,3.860751038254239820e+00
1.027350049558100000e+04,3.860751432681273521e+00
1.027350058186046044e+04,3.860751827201133413e+00
1.027350066813992271e+04,3.860752221813785301e+00
1.027350075441938316e+04,3.860752616519161684e+00
1.027350084069884542e+04,3.860753011317227923e+00
1.027350092697830587e+04,3.860753406207917404e+00
1.027350101325776814e+04,3.860753801191195045e+00
1.027350109953722858e+04,3.860754196266994231e+00
1.027350118581668903e+04,3.860754591435272332e+00
1.027350127209615130e+04,3.860754986695985380e+00
1.027350135837561174e+04,3.860755382049068096e+00
1.027350144465507401e+04,3.860755777494484509e+00
1.027350153093453446e+04,3.860756173032167116e+00
1.027350161721399672e+04,3.860756568662083055e+00
1.027350170349345717e+04,3.860756964384163936e+00
1.027350178977291944e+04,3.860757360198374677e+00
1.027350187605237988e+04,3.860757756104648664e+00
1.027350196233184215e+04,3.860758152102950813e+00
1.027350204861130260e+04,3.860758548193214068e+00
1.027350213489076305e+04,3.860758944375396684e+00
1.027350222117022531e+04,3.860759340649453364e+00
1.027350230744968576e+04,3.860759737015319271e+00
1.027350239372914803e+04,3.860760133472958433e+00
1.027350248000860847e+04,3.860760530022303350e+00
1.027350256628807074e+04,3.860760926663319381e+00
1.027350265256753119e+04,3.860761323395939471e+00
1.027350273884699345e+04,3.860761720220128979e+00
1.027350282512645390e+04,3.860762117135820404e+00
1.027350291140591617e+04,3.860762514142978219e+00
1.027350299768537661e+04,3.860762911241537143e+00
1.027350308396483888e+04,3.860763308431459429e+00
1.027350317024429933e+04,3.860763705712679350e+00
1.027350325652375977e+04,3.860764103085153387e+00
1.027350334280322204e+04,3.860764500548839795e+00
1.027350342908268249e+04,3.860764898103668408e+00
1.027350351536214475e+04,3.860765295749607251e+00
1.027350360164160520e+04,3.860765693486587491e+00
1.027350368792106747e+04,3.860766091314574044e+00
1.027350377420052791e+04,3.860766489233499410e+00
1.027350386047999018e+04,3.860766887243328949e+00
1.027350394675945063e+04,3.860767285343995159e+00
1.027350403303891289e+04,3.860767683535463846e+00
1.027350411931837334e+04,3.860768081817665287e+00
1.027350420559783379e+04,3.860768480190558627e+00
1.027350429187729605e+04,3.860768878654099900e+00
1.027350437815675650e+04,3.860769277208220718e+00
1.027350446443621877e+04,3.860769675852887772e+00
1.027350455071567922e+04,3.860770074588031342e+00
1.027350463699514148e+04,3.860770473413618120e+00
1.027350472327460193e+04,3.860770872329579273e+00
1.027350480955406420e+04,3.860771271335881050e+00
1.027350489583352464e+04,3.860771670432454616e+00
1.027350498211298691e+04,3.860772069619264446e+00
1.027350506839244736e+04,3.860772468896244369e+00
1.027350515467190962e+04,3.860772868263358859e+00
1.027350524095137007e+04,3.860773267720540414e+00
1.027350532723083052e+04,3.860773667267744180e+00
1.027350541351029278e+04,3.860774066904928414e+00
1.027350549978975323e+04,3.860774466632025170e+00
1.027350558606921550e+04,3.860774866448999809e+00
1.027350567234867594e+04,3.860775266355782165e+00
1.027350575862813821e+04,3.860775666352339819e+00
1.027350584490759866e+04,3.860776066438603049e+00
1.027350593118706092e+04,3.860776466614538993e+00
1.027350601746652137e+04,3.860776866880077041e+00
1.027350610374598364e+04,3.860777267235182997e+00
1.027350619002544408e+04,3.860777667679789804e+00
1.027350627630490453e+04,3.860778068213853054e+00
1.027350636258436680e+04,3.860778468837330113e+00
1.027350644886382725e+04,3.860778869550153036e+00
1.027350653514328951e+04,3.860779270352285408e+00
1.027350662142274996e+04,3.860779671243661060e+00
1.027350670770221222e+04,3.860780072224243575e+00
1.027350679398167267e+04,3.860780473293965009e+00
1.027350688026113494e+04,3.860780874452790279e+00
1.027350696654059539e+04,3.860781275700651882e+00
1.027350705282005765e+04,3.860781677037513848e+00
1.027350713909951810e+04,3.860782078463308231e+00
1.027350722537897855e+04,3.860782479977991066e+00
1.027350731165844081e+04,3.860782881581520165e+00
1.027350739793790126e+04,3.860783283273827138e+00
1.027350748421736353e+04,3.860783685054876013e+00
1.027350757049682397e+04,3.860784086924597958e+00
1.027350765677628624e+04,3.860784488882959664e+00
1.027350774305574669e+04,3.860784890929890967e+00
1.027350782933520895e+04,3.860785293065358115e+00
1.027350791561466940e+04,3.860785695289291386e+00
1.027350800189413167e+04,3.860786097601657918e+00
1.027350808817359211e+04,3.860786500002386656e+00
1.027350817445305438e+04,3.860786902491443850e+00
1.027350826073251483e+04,3.860787305068760222e+00
1.027350834701197527e+04,3.860787707734293139e+00
1.027350843329143754e+04,3.860788110487998637e+00
1.027350851957089799e+04,3.860788513329808325e+00
1.027350860585036025e+04,3.860788916259686676e+00
1.027350869212982070e+04,3.860789319277565745e+00
1.027350877840928297e+04,3.860789722383410005e+00
1.027350886468874342e+04,3.860790125577151066e+00
1.027350895096820568e+04,3.860790528858753401e+00
1.027350903724766613e+04,3.860790932228147732e+00
1.027350912352712839e+04,3.860791335685301195e+00
1.027350920980658884e+04,3.860791739230142738e+00
1.027350929608604929e+04,3.860792142862629284e+00
1.027350938236551156e+04,3.860792546582718199e+00
1.027350946864497200e+04,3.860792950390339762e+00
1.027350955492443427e+04,3.860793354285458889e+00
1.027350964120389472e+04,3.860793758268007192e+00
1.027350972748335698e+04,3.860794162337949142e+00
1.027350981376281743e+04,3.860794566495216795e+00
1.027350990004227970e+04,3.860794970739773291e+00
1.027350998632174014e+04,3.860795375071551128e+00
1.027351007260120241e+04,3.860795779490514334e+00
1.027351015888066286e+04,3.860796183996594966e+00
1.027351024516012330e+04,3.860796588589747724e+00
1.027351033143958557e+04,3.860796993269930422e+00
1.027351041771904602e+04,3.860797398037073336e+00
1.027351050399850828e+04,3.860797802891142272e+00
1.027351059027796873e+04,3.860798207832067064e+00
1.027351067655743100e+04,3.860798612859812184e+00
1.027351076283689144e+04,3.860799017974310132e+00
1.027351084911635371e+04,3.860799423175524492e+00
1.027351093539581416e+04,3.860799828463386429e+00
1.027351102167527642e+04,3.860800233837860418e+00
1.027351110795473687e+04,3.860800639298878512e+00
1.027351119423419914e+04,3.860801044846403851e+00
1.027351128051365959e+04,3.860801450480368047e+00
1.027351136679312003e+04,3.860801856200727578e+00
1.027351145307258230e+04,3.860802262007438923e+00
1.027351153935204275e+04,3.860802667900431917e+00
1.027351162563150501e+04,3.860803073879671921e+00
1.027351171191096546e+04,3.860803479945088768e+00
1.027351179819042773e+04,3.860803886096648707e+00
1.027351188446988817e+04,3.860804292334281573e+00
1.027351197074935044e+04,3.860804698657951839e+00
1.027351205702881089e+04,3.860805105067591114e+00
1.027351214330827315e+04,3.860805511563163428e+00
1.027351222958773360e+04,3.860805918144599502e+00
1.027351231586719405e+04,3.860806324811854928e+00
1.027351240214665631e+04,3.860806731564887073e+00
1.027351248842611676e+04,3.860807138403624883e+00
1.027351257470557903e+04,3.860807545328035051e+00
1.027351266098503947e+04,3.860807952338046523e+00
1.027351274726450174e+04,3.860808359433625103e+00
1.027351283354396219e+04,3.860808766614701071e+00
1.027351291982342445e+04,3.860809173881238010e+00
1.027351300610288490e+04,3.860809581233167531e+00
1.027351309238234717e+04,3.860809988670453663e+00
1.027351317866180761e+04,3.860810396193028016e+00
1.027351326494126988e+04,3.860810803800853286e+00
1.027351335122073033e+04,3.860811211493861084e+00
1.027351343750019078e+04,3.860811619272007889e+00
1.027351352377965304e+04,3.860812027135249291e+00
1.027351361005911349e+04,3.860812435083515126e+00
1.027351369633857576e+04,3.860812843116770754e+00
1.027351378261803620e+04,3.860813251234946009e+00
1.027351386889749847e+04,3.860813659438005363e+00
1.027351395517695892e+04,3.860814067725880427e+00
1.027351404145642118e+04,3.860814476098533898e+00
1.027351412773588163e+04,3.860814884555898274e+00
1.027351421401534390e+04,3.860815293097935363e+00
1.027351430029480434e+04,3.860815701724578108e+00
1.027351438657426479e+04,3.860816110435780324e+00
1.027351447285372706e+04,3.860816519231498933e+00
1.027351455913318750e+04,3.860816928111664215e+00
1.027351464541264977e+04,3.860817337076241085e+00
1.027351473169211022e+04,3.860817746125158489e+00
1.027351481797157248e+04,3.860818155258382234e+00
1.027351490425103293e+04,3.860818564475841708e+00
1.027351499053049520e+04,3.860818973777501828e+00
1.027351507680995564e+04,3.860819383163292429e+00
1.027351516308941791e+04,3.860819792633177538e+00
1.027351524936887836e+04,3.860820202187088768e+00
1.027351533564833881e+04,3.860820611824979931e+00
1.027351542192780107e+04,3.860821021546808396e+00
1.027351550820726152e+04,3.860821431352503996e+00
1.027351559448672378e+04,3.860821841242030761e+00
1.027351568076618423e+04,3.860822251215319412e+00
1.027351576704564650e+04,3.860822661272333089e+00
1.027351585332510695e+04,3.860823071413002960e+00
1.027351593960456921e+04,3.860823481637293497e+00
1.027351602588402966e+04,3.860823891945133646e+00
1.027351611216349193e+04,3.860824302336488767e+00
1.027351619844295237e+04,3.860824712811287807e+00
1.027351628472241464e+04,3.860825123369496570e+00
1.027351637100187509e+04,3.860825534011043558e+00
1.027351645728133553e+04,3.860825944735885695e+00
1.027351654356079780e+04,3.860826355543977684e+00
1.027351662984025825e+04,3.860826766435249802e+00
1.027351671611972051e+04,3.860827177409666522e+00
1.027351680239918096e+04,3.860827588467157678e+00
1.027351688867864323e+04,3.860827999607688188e+00
1.027351697495810367e+04,3.860828410831186108e+00
1.027351706123756594e+04,3.860828822137618133e+00
1.027351714751702639e+04,3.860829233526911874e+00
1.027351723379648865e+04,3.860829644999033139e+00
1.027351732007594910e+04,3.860830056553911316e+00
1.027351740635540955e+04,3.860830468191501108e+00
1.027351749263487181e+04,3.860830879911758995e+00
1.027351757891433226e+04,3.860831291714614810e+00
1.027351766519379453e+04,3.860831703600032583e+00
1.027351775147325498e+04,3.860832115567942147e+00
1.027351783775271724e+04,3.860832527618307530e+00
1.027351792403217769e+04,3.860832939751058568e+00
1.027351801031163996e+04,3.860833351966159288e+00
1.027351809659110040e+04,3.860833764263539969e+00
1.027351818287056267e+04,3.860834176643163751e+00
1.027351826915002312e+04,3.860834589104960912e+00
1.027351835542948538e+04,3.860835001648895926e+00
1.027351844170894583e+04,3.860835414274897293e+00
1.027351852798840628e+04,3.860835826982921493e+00
1.027351861426786854e+04,3.860836239772924117e+00
1.027351870054732899e+04,3.860836652644834555e+00
1.027351878682679126e+04,3.860837065598616835e+00
1.027351887310625170e+04,3.860837478634199904e+00
1.027351895938571397e+04,3.860837891751548678e+00
1.027351904566517442e+04,3.860838304950592992e+00
1.027351913194463668e+04,3.860838718231296429e+00
1.027351921822409713e+04,3.860839131593587936e+00
1.027351930450355940e+04,3.860839545037431986e+00
1.027351939078301984e+04,3.860839958562758856e+00
1.027351947706248029e+04,3.860840372169522805e+00
1.027351956334194256e+04,3.860840785857679869e+00
1.027351964962140300e+04,3.860841199627159437e+00
1.027351973590086527e+04,3.860841613477925094e+00
1.027351982218032572e+04,3.860842027409907562e+00
1.027351990845978798e+04,3.860842441423069094e+00
1.027351999473924843e+04,3.860842855517340411e+00
1.027352008101871070e+04,3.860843269692684210e+00
1.027352016729817115e+04,3.860843683949031657e+00
1.027352025357763341e+04,3.860844098286345005e+00
1.027352033985709386e+04,3.860844512704554976e+00
1.027352042613655431e+04,3.860844927203615828e+00
1.027352051241601657e+04,3.860845341783483153e+00
1.027352059869547702e+04,3.860845756444085897e+00
1.027352068497493929e+04,3.860846171185389419e+00
1.027352077125439973e+04,3.860846586007321335e+00
1.027352085753386200e+04,3.860847000909846560e+00
1.027352094381332245e+04,3.860847415892894929e+00
1.027352103009278471e+04,3.860847830956428250e+00
1.027352111637224516e+04,3.860848246100376802e+00
1.027352120265170743e+04,3.860848661324705500e+00
1.027352128893116787e+04,3.860849076629342402e+00
1.027352137521063014e+04,3.860849492014252426e+00
1.027352146149009059e+04,3.860849907479363186e+00
1.027352154776955103e+04,3.860850323024631159e+00
1.027352163404901330e+04,3.860850738650010161e+00
1.027352172032847375e+04,3.860851154355431358e+00
1.027352180660793601e+04,3.860851570140857003e+00
1.027352189288739646e+04,3.860851986006216485e+00
1.027352197916685873e+04,3.860852401951474722e+00
1.027352206544631917e+04,3.860852817976558882e+00
1.027352215172578144e+04,3.860853234081433882e+00
1.027352223800524189e+04,3.860853650266028669e+00
1.027352232428470415e+04,3.860854066530308160e+00
1.027352241056416460e+04,3.860854482874199078e+00
1.027352249684362505e+04,3.860854899297657905e+00
1.027352258312308732e+04,3.860855315800640231e+00
1.027352266940254776e+04,3.860855732383073224e+00
1.027352275568201003e+04,3.860856149044922248e+00
1.027352284196147048e+04,3.860856565786116690e+00
1.027352292824093274e+04,3.860856982606618359e+00
1.027352301452039319e+04,3.860857399506357091e+00
1.027352310079985546e+04,3.860857816485297800e+00
1.027352318707931590e+04,3.860858233543368101e+00
1.027352327335877817e+04,3.860858650680531134e+00
1.027352335963823862e+04,3.860859067896717622e+00
1.027352344591770088e+04,3.860859485191889373e+00
1.027352353219716133e+04,3.860859902565976221e+00
1.027352361847662178e+04,3.860860320018934200e+00
1.027352370475608404e+04,3.860860737550715793e+00
1.027352379103554449e+04,3.860861155161251723e+00
1.027352387731500676e+04,3.860861572850505574e+00
1.027352396359446720e+04,3.860861990618404516e+00
1.027352404987392947e+04,3.860862408464914797e+00
1.027352413615338992e+04,3.860862826389963143e+00
1.027352422243285218e+04,3.860863244393513583e+00
1.027352430871231263e+04,3.860863662475495062e+00
1.027352439499177490e+04,3.860864080635870721e+00
1.027352448127123535e+04,3.860864498874570838e+00
1.027352456755069579e+04,3.860864917191548784e+00
1.027352465383015806e+04,3.860865335586759706e+00
1.027352474010961851e+04,3.860865754060132549e+00
1.027352482638908077e+04,3.860866172611630898e+00
1.027352491266854122e+04,3.860866591241183254e+00
1.027352499894800349e+04,3.860867009948752759e+00
1.027352508522746393e+04,3.860867428734269247e+00
1.027352517150692620e+04,3.860867847597695857e+00
1.027352525778638665e+04,3.860868266538959759e+00
1.027352534406584891e+04,3.860868685558026314e+00
1.027352543034530936e+04,3.860869104654822692e+00
1.027352551662476981e+04,3.860869523829305372e+00
1.027352560290423207e+04,3.860869943081428168e+00
1.027352568918369252e+04,3.860870362411119139e+00
1.027352577546315479e+04,3.860870781818342312e+00
1.027352586174261523e+04,3.860871201303025746e+00
1.027352594802207750e+04,3.860871620865133913e+00
1.027352603430153795e+04,3.860872040504594871e+00
1.027352612058100021e+04,3.860872460221371316e+00
1.027352620686046066e+04,3.860872880015392195e+00
1.027352629313992293e+04,3.860873299886621979e+00
1.027352637941938337e+04,3.860873719834987394e+00
1.027352646569884564e+04,3.860874139860453358e+00
1.027352655197830609e+04,3.860874559962947039e+00
1.027352663825776654e+04,3.860874980142424029e+00
1.027352672453722880e+04,3.860875400398839474e+00
1.027352681081668925e+04,3.860875820732120101e+00
1.027352689709615152e+04,3.860876241142229937e+00
1.027352698337561196e+04,3.860876661629098372e+00
1.027352706965507423e+04,3.860877082192687659e+00
1.027352715593453468e+04,3.860877502832926744e+00
1.027352724221399694e+04,3.860877923549777879e+00
1.027352732849345739e+04,3.860878344343171342e+00
1.027352741477291966e+04,3.860878765213068498e+00
1.027352750105238010e+04,3.860879186159399179e+00
1.027352758733184055e+04,3.860879607182116757e+00
1.027352767361130282e+04,3.860880028281176379e+00
1.027352775989076326e+04,3.860880449456506547e+00
1.027352784617022553e+04,3.860880870708070400e+00
1.027352793244968598e+04,3.860881292035795997e+00
1.027352801872914824e+04,3.860881713439646923e+00
1.027352810500860869e+04,3.860882134919550346e+00
1.027352819128807096e+04,3.860882556475470295e+00
1.027352827756753140e+04,3.860882978107335717e+00
1.027352836384699367e+04,3.860883399815108863e+00
1.027352845012645412e+04,3.860883821598718235e+00
1.027352853640591456e+04,3.860884243458118981e+00
1.027352862268537683e+04,3.860884665393264026e+00
1.027352870896483728e+04,3.860885087404082316e+00
1.027352879524429954e+04,3.860885509490536993e+00
1.027352888152375999e+04,3.860885931652557002e+00
1.027352896780322226e+04,3.860886353890104150e+00
1.027352905408268271e+04,3.860886776203107829e+00
1.027352914036214497e+04,3.860887198591530289e+00
1.027352922664160542e+04,3.860887621055299146e+00
1.027352931292106769e+04,3.860888043594379315e+00
1.027352939920052813e+04,3.860888466208697523e+00
1.027352948547999040e+04,3.860888888898216464e+00
1.027352957175945085e+04,3.860889311662866419e+00
1.027352965803891129e+04,3.860889734502599424e+00
1.027352974431837356e+04,3.860890157417370627e+00
1.027352983059783401e+04,3.860890580407108086e+00
1.027352991687729627e+04,3.860891003471774496e+00
1.027353000315675672e+04,3.860891426611298805e+00
1.027353008943621899e+04,3.860891849825642819e+00
1.027353017571567943e+04,3.860892273114736373e+00
1.027353026199514170e+04,3.860892696478539943e+00
1.027353034827460215e+04,3.860893119916984251e+00
1.027353043455406441e+04,3.860893543430030217e+00
1.027353052083352486e+04,3.860893967017606343e+00
1.027353060711298531e+04,3.860894390679667332e+00
1.027353069339244757e+04,3.860894814416166998e+00
1.027353077967190802e+04,3.860895238227032955e+00
1.027353086595137029e+04,3.860895662112229232e+00
1.027353095223083074e+04,3.860896086071682554e+00
1.027353103851029300e+04,3.860896510105356949e+00
1.027353112478975345e+04,3.860896934213178699e+00
1.027353121106921571e+04,3.860897358395112278e+00
1.027353129734867616e+04,3.860897782651085297e+00
1.027353138362813843e+04,3.860898206981060898e+00
1.027353146990759888e+04,3.860898631384965807e+00
1.027353155618706114e+04,3.860899055862763163e+00
1.027353164246652159e+04,3.860899480414381468e+00
1.027353172874598204e+04,3.860899905039774538e+00
1.027353181502544430e+04,3.860900329738897074e+00
1.027353190130490475e+04,3.860900754511675803e+00
1.027353198758436702e+04,3.860901179358073865e+00
1.027353207386382746e+04,3.860901604278019761e+00
1.027353216014328973e+04,3.860902029271475300e+00
1.027353224642275018e+04,3.860902454338368539e+00
1.027353233270221244e+04,3.860902879478663063e+00
1.027353241898167289e+04,3.860903304692285154e+00
1.027353250526113516e+04,3.860903729979198840e+00
1.027353259154059560e+04,3.860904155339331734e+00
1.027353267782005605e+04,3.860904580772636763e+00
1.027353276409951832e+04,3.860905006279069074e+00
1.027353285037897876e+04,3.860905431858556280e+00
1.027353293665844103e+04,3.860905857511061079e+00
1.027353302293790148e+04,3.860906283236510195e+00
1.027353310921736374e+04,3.860906709034867212e+00
1.027353319549682419e+04,3.860907134906059746e+00
1.027353328177628646e+04,3.860907560850050491e+00
1.027353336805574691e+04,3.860907986866766617e+00
1.027353345433520917e+04,3.860908412956171265e+00
1.027353354061466962e+04,3.860908839118192049e+00
1.027353362689413007e+04,3.860909265352782338e+00
1.027353371317359233e+04,3.860909691659896836e+00
1.027353379945305278e+04,3.860910118039462713e+00
1.027353388573251505e+04,3.860910544491443552e+00
1.027353397201197549e+04,3.860910971015764304e+00
1.027353405829143776e+04,3.860911397612390328e+00
1.027353414457089821e+04,3.860911824281247462e+00
1.027353423085036047e+04,3.860912251022299735e+00
1.027353431712982092e+04,3.860912677835473428e+00
1.027353440340928319e+04,3.860913104720731681e+00
1.027353448968874363e+04,3.860913531678002109e+00
1.027353457596820590e+04,3.860913958707246962e+00
1.027353466224766635e+04,3.860914385808393856e+00
1.027353474852712679e+04,3.860914812981397048e+00
1.027353483480658906e+04,3.860915240226209466e+00
1.027353492108604951e+04,3.860915667542759167e+00
1.027353500736551177e+04,3.860916094931008402e+00
1.027353509364497222e+04,3.860916522390883898e+00
1.027353517992443449e+04,3.860916949922349684e+00
1.027353526620389493e+04,3.860917377525332483e+00
1.027353535248335720e+04,3.860917805199794550e+00
1.027353543876281765e+04,3.860918232945663942e+00
1.027353552504227991e+04,3.860918660762902466e+00
1.027353561132174036e+04,3.860919088651437292e+00
1.027353569760120081e+04,3.860919516611222235e+00
1.027353578388066308e+04,3.860919944642212442e+00
1.027353587016012352e+04,3.860920372744332862e+00
1.027353595643958579e+04,3.860920800917547524e+00
1.027353604271904624e+04,3.860921229161784041e+00
1.027353612899850850e+04,3.860921657477003333e+00
1.027353621527796895e+04,3.860922085863133901e+00
1.027353630155743122e+04,3.860922514320138443e+00
1.027353638783689166e+04,3.860922942847942796e+00
1.027353647411635393e+04,3.860923371446510100e+00
1.027353656039581438e+04,3.860923800115767968e+00
1.027353664667527664e+04,3.860924228855678209e+00
1.027353673295473709e+04,3.860924657666168880e+00
1.027353681923419754e+04,3.860925086547192464e+00
1.027353690551365980e+04,3.860925515498702776e+00
1.027353699179312025e+04,3.860925944520627873e+00
1.027353707807258252e+04,3.860926373612929119e+00
1.027353716435204296e+04,3.860926802775534572e+00
1.027353725063150523e+04,3.860927232008406484e+00
1.027353733691096568e+04,3.860927661311471137e+00
1.027353742319042794e+04,3.860928090684691227e+00
1.027353750946988839e+04,3.860928520127993924e+00
1.027353759574935066e+04,3.860928949641341479e+00
1.027353768202881110e+04,3.860929379224661950e+00
1.027353776830827155e+04,3.860929808877906488e+00
1.027353785458773382e+04,3.860930238601032016e+00
1.027353794086719427e+04,3.860930668393962595e+00
1.027353802714665653e+04,3.860931098256661809e+00
1.027353811342611698e+04,3.860931528189056827e+00
1.027353819970557925e+04,3.860931958191109459e+00
1.027353828598503969e+04,3.860932388262745985e+00
1.027353837226450196e+04,3.860932818403930877e+00
1.027353845854396241e+04,3.860933248614588642e+00
1.027353854482342467e+04,3.860933678894683752e+00
1.027353863110288512e+04,3.860934109244141155e+00
1.027353871738234557e+04,3.860934539662915554e+00
1.027353880366180783e+04,3.860934970150959877e+00
1.027353888994126828e+04,3.860935400708201293e+00
1.027353897622073055e+04,3.860935831334602497e+00
1.027353906250019099e+04,3.860936262030088884e+00
1.027353914877965326e+04,3.860936692794624925e+00
1.027353923505911371e+04,3.860937123628135126e+00
1.027353932133857597e+04,3.860937554530583071e+00
1.027353940761803642e+04,3.860937985501894598e+00
1.027353949389749869e+04,3.860938416542033735e+00
1.027353958017695913e+04,3.860938847650925432e+00
1.027353966645642140e+04,3.860939278828533272e+00
1.027353975273588185e+04,3.860939710074783093e+00
1.027353983901534230e+04,3.860940141389628266e+00
1.027353992529480456e+04,3.860940572773022605e+00
1.027354001157426501e+04,3.860941004224891948e+00
1.027354009785372727e+04,3.860941435745199879e+00
1.027354018413318772e+04,3.860941867333872235e+00
1.027354027041264999e+04,3.860942298990871713e+00
1.027354035669211044e+04,3.860942730716123705e+00
1.027354044297157270e+04,3.860943162509591797e+00
1.027354052925103315e+04,3.860943594371202714e+00
1.027354061553049542e+04,3.860944026300917820e+00
1.027354070180995586e+04,3.860944458298663395e+00
1.027354078808941631e+04,3.860944890364393700e+00
1.027354087436887858e+04,3.860945322498061660e+00
1.027354096064833902e+04,3.860945754699593557e+00
1.027354104692780129e+04,3.860946186968951643e+00
1.027354113320726174e+04,3.860946619306063088e+00
1.027354121948672400e+04,3.860947051710889255e+00
1.027354130576618445e+04,3.860947484183357314e+00
1.027354139204564672e+04,3.860947916723428630e+00
1.027354147832510716e+04,3.860948349331029483e+00
1.027354156460456943e+04,3.860948782006124347e+00
1.027354165088402988e+04,3.860949214748637282e+00
1.027354173716349214e+04,3.860949647558530540e+00
1.027354182344295259e+04,3.860950080435731291e+00
1.027354190972241304e+04,3.860950513380192906e+00
1.027354199600187530e+04,3.860950946391868310e+00
1.027354208228133575e+04,3.860951379470683786e+00
1.027354216856079802e+04,3.860951812616600698e+00
1.027354225484025847e+04,3.860952245829547103e+00
1.027354234111972073e+04,3.860952679109483920e+00
1.027354242739918118e+04,3.860953112456338321e+00
1.027354251367864345e+04,3.860953545870070780e+00
1.027354259995810389e+04,3.860953979350609355e+00
1.027354268623756616e+04,3.860954412897915855e+00
1.027354277251702661e+04,3.860954846511915228e+00
1.027354285879648705e+04,3.860955280192562622e+00
1.027354294507594932e+04,3.860955713939809186e+00
1.027354303135540977e+04,3.860956147753582091e+00
1.027354311763487203e+04,3.860956581633843587e+00
1.027354320391433248e+04,3.860957015580519958e+00
1.027354329019379475e+04,3.860957449593573010e+00
1.027354337647325519e+04,3.860957883672929025e+00
1.027354346275271746e+04,3.860958317818549812e+00
1.027354354903217791e+04,3.860958752030361207e+00
1.027354363531164017e+04,3.860959186308326352e+00
1.027354372159110062e+04,3.860959620652370194e+00
1.027354380787056107e+04,3.860960055062446550e+00
1.027354389415002333e+04,3.860960489538508345e+00
1.027354398042948378e+04,3.860960924080481860e+00
1.027354406670894605e+04,3.860961358688328904e+00
1.027354415298840649e+04,3.860961793361974870e+00
1.027354423926786876e+04,3.860962228101383342e+00
1.027354432554732921e+04,3.860962662906478382e+00
1.027354441182679147e+04,3.860963097777224462e+00
1.027354449810625192e+04,3.860963532713545643e+00
1.027354458438571419e+04,3.860963967715403733e+00
1.027354467066517464e+04,3.860964402782726790e+00
1.027354475694463690e+04,3.860964837915475290e+00
1.027354484322409735e+04,3.860965273113574181e+00
1.027354492950355780e+04,3.860965708376978611e+00
1.027354501578302006e+04,3.860966143705640619e+00
1.027354510206248051e+04,3.860966579099486040e+00
1.027354518834194278e+04,3.860967014558477572e+00
1.027354527462140322e+04,3.860967450082540608e+00
1.027354536090086549e+04,3.860967885671636068e+00
1.027354544718032594e+04,3.860968321325691122e+00
1.027354553345978820e+04,3.860968757044668020e+00
1.027354561973924865e+04,3.860969192828490826e+00
1.027354570601871092e+04,3.860969628677124010e+00
1.027354579229817136e+04,3.860970064590491191e+00
1.027354587857763181e+04,3.860970500568546182e+00
1.027354596485709408e+04,3.860970936611242355e+00
1.027354605113655452e+04,3.860971372718504657e+00
1.027354613741601679e+04,3.860971808890295343e+00
1.027354622369547724e+04,3.860972245126539804e+00
1.027354630997493950e+04,3.860972681427201181e+00
1.027354639625439995e+04,3.860973117792204423e+00
1.027354648253386222e+04,3.860973554221510895e+00
1.027354656881332266e+04,3.860973990715047321e+00
1.027354665509278493e+04,3.860974427272774623e+00
1.027354674137224538e+04,3.860974863894619524e+00
1.027354682765170583e+04,3.860975300580533620e+00
1.027354691393116809e+04,3.860975737330471169e+00
1.027354700021062854e+04,3.860976174144357120e+00
1.027354708649009081e+04,3.860976611022152838e+00
1.027354717276955125e+04,3.860977047963785047e+00
1.027354725904901352e+04,3.860977484969214668e+00
1.027354734532847397e+04,3.860977922038367538e+00
1.027354743160793623e+04,3.860978359171205909e+00
1.027354751788739668e+04,3.860978796367655175e+00
1.027354760416685895e+04,3.860979233627677587e+00
1.027354769044631939e+04,3.860979670951197651e+00
1.027354777672578166e+04,3.860980108338178507e+00
1.027354786300524211e+04,3.860980545788544660e+00
1.027354794928470255e+04,3.860980983302249037e+00
1.027354803556416482e+04,3.860981420879244563e+00
1.027354812184362527e+04,3.860981858519457077e+00
1.027354820812308753e+04,3.860982296222847943e+00
1.027354829440254798e+04,3.860982733989343441e+00
1.027354838068201025e+04,3.860983171818904491e+00
1.027354846696147069e+04,3.860983609711455600e+00
1.027354855324093296e+04,3.860984047666961239e+00
1.027354863952039341e+04,3.860984485685345025e+00
1.027354872579985567e+04,3.860984923766568766e+00
1.027354881207931612e+04,3.860985361910558300e+00
1.027354889835877657e+04,3.860985800117266553e+00
1.027354898463823884e+04,3.860986238386646008e+00
1.027354907091769928e+04,3.860986676718621613e+00
1.027354915719716155e+04,3.860987115113155621e+00
1.027354924347662200e+04,3.860987553570172981e+00
1.027354932975608426e+04,3.860987992089635945e+00
1.027354941603554471e+04,3.860988430671469906e+00
1.027354950231500698e+04,3.860988869315636229e+00
1.027354958859446742e+04,3.860989308022059863e+00
1.027354967487392969e+04,3.860989746790703059e+00
1.027354976115339014e+04,3.860990185621490767e+00
1.027354984743285240e+04,3.860990624514385683e+00
1.027354993371231285e+04,3.860991063469311868e+00
1.027355001999177330e+04,3.860991502486222693e+00
1.027355010627123556e+04,3.860991941565070640e+00
1.027355019255069601e+04,3.860992380705780214e+00
1.027355027883015828e+04,3.860992819908314111e+00
1.027355036510961872e+04,3.860993259172597281e+00
1.027355045138908099e+04,3.860993698498591975e+00
1.027355053766854144e+04,3.860994137886221367e+00
1.027355062394800370e+04,3.860994577335449485e+00
1.027355071022746415e+04,3.860995016846199501e+00
1.027355079650692642e+04,3.860995456418435001e+00
1.027355088278638686e+04,3.860995896052079601e+00
1.027355096906584731e+04,3.860996335747087116e+00
1.027355105534530958e+04,3.860996775503408696e+00
1.027355114162477003e+04,3.860997215320970621e+00
1.027355122790423229e+04,3.860997655199734258e+00
1.027355131418369274e+04,3.860998095139624109e+00
1.027355140046315501e+04,3.860998535140602872e+00
1.027355148674261545e+04,3.860998975202593719e+00
1.027355157302207772e+04,3.860999415325560236e+00
1.027355165930153817e+04,3.860999855509426926e+00
1.027355174558100043e+04,3.861000295754155598e+00
1.027355183186046088e+04,3.861000736059670757e+00
1.027355191813992133e+04,3.861001176425924886e+00
1.027355200441938359e+04,3.861001616852870022e+00
1.027355209069884404e+04,3.861002057340432891e+00
1.027355217697830631e+04,3.861002497888573526e+00
1.027355226325776675e+04,3.861002938497216874e+00
1.027355234953722902e+04,3.861003379166325633e+00
1.027355243581668947e+04,3.861003819895823863e+00
1.027355252209615173e+04,3.861004260685673373e+00
1.027355260837561218e+04,3.861004701535798667e+00
1.027355269465507445e+04,3.861005142446161997e+00
1.027355278093453489e+04,3.861005583416688758e+00
1.027355286721399716e+04,3.861006024447338980e+00
1.027355295349345761e+04,3.861006465538039389e+00
1.027355303977291805e+04,3.861006906688740248e+00
1.027355312605238032e+04,3.861007347899395370e+00
1.027355321233184077e+04,3.861007789169928817e+00
1.027355329861130303e+04,3.861008230500303284e+00
1.027355338489076348e+04,3.861008671890442834e+00
1.027355347117022575e+04,3.861009113340308385e+00
1.027355355744968620e+04,3.861009554849825776e+00
1.027355364372914846e+04,3.861009996418956813e+00
1.027355373000860891e+04,3.861010438047625115e+00
1.027355381628807118e+04,3.861010879735792933e+00
1.027355390256753162e+04,3.861011321483384329e+00
1.027355398884699207e+04,3.861011763290352228e+00
1.027355407512645434e+04,3.861012205156649113e+00
1.027355416140591478e+04,3.861012647082199045e+00
1.027355424768537705e+04,3.861013089066964277e+00
1.027355433396483750e+04,3.861013531110868868e+00
1.027355442024429976e+04,3.861013973213874184e+00
1.027355450652376021e+04,3.861014415375906506e+00
1.027355459280322248e+04,3.861014857596925420e+00
1.027355467908268292e+04,3.861015299876856322e+00
1.027355476536214519e+04,3.861015742215660573e+00
1.027355485164160564e+04,3.861016184613263125e+00
1.027355493792106790e+04,3.861016627069624896e+00
1.027355502420052835e+04,3.861017069584670836e+00
1.027355511047998880e+04,3.861017512158352982e+00
1.027355519675945106e+04,3.861017954790624263e+00
1.027355528303891151e+04,3.861018397481407849e+00
1.027355536931837378e+04,3.861018840230667326e+00
1.027355545559783423e+04,3.861019283038325423e+00
1.027355554187729649e+04,3.861019725904343503e+00
1.027355562815675694e+04,3.861020168828646959e+00
1.027355571443621920e+04,3.861020611811197600e+00
1.027355580071567965e+04,3.861021054851919931e+00
1.027355588699514192e+04,3.861021497950773984e+00
1.027355597327460237e+04,3.861021941107685151e+00
1.027355605955406281e+04,3.861022384322605472e+00
1.027355614583352508e+04,3.861022827595487428e+00
1.027355623211298553e+04,3.861023270926254192e+00
1.027355631839244779e+04,3.861023714314869792e+00
1.027355640467190824e+04,3.861024157761256514e+00
1.027355649095137051e+04,3.861024601265375722e+00
1.027355657723083095e+04,3.861025044827153252e+00
1.027355666351029322e+04,3.861025488446549581e+00
1.027355674978975367e+04,3.861025932123488769e+00
1.027355683606921593e+04,3.861026375857933068e+00
1.027355692234867638e+04,3.861026819649806097e+00
1.027355700862813683e+04,3.861027263499059892e+00
1.027355709490759909e+04,3.861027707405647380e+00
1.027355718118705954e+04,3.861028151369493067e+00
1.027355726746652181e+04,3.861028595390556983e+00
1.027355735374598225e+04,3.861029039468764079e+00
1.027355744002544452e+04,3.861029483604076162e+00
1.027355752630490497e+04,3.861029927796417294e+00
1.027355761258436723e+04,3.861030372045748393e+00
1.027355769886382768e+04,3.861030816351993966e+00
1.027355778514328995e+04,3.861031260715116264e+00
1.027355787142275040e+04,3.861031705135038017e+00
1.027355795770221266e+04,3.861032149611721032e+00
1.027355804398167311e+04,3.861032594145089814e+00
1.027355813026113356e+04,3.861033038735096845e+00
1.027355821654059582e+04,3.861033483381693721e+00
1.027355830282005627e+04,3.861033928084804057e+00
1.027355838909951854e+04,3.861034372844390106e+00
1.027355847537897898e+04,3.861034817660375040e+00
1.027355856165844125e+04,3.861035262532721557e+00
1.027355864793790170e+04,3.861035707461352828e+00
1.027355873421736396e+04,3.861036152446229774e+00
1.027355882049682441e+04,3.861036597487277788e+00
1.027355890677628668e+04,3.861037042584456902e+00
1.027355899305574712e+04,3.861037487737691620e+00
1.027355907933520757e+04,3.861037932946934426e+00
1.027355916561466984e+04,3.861038378212137356e+00
1.027355925189413028e+04,3.861038823533223141e+00
1.027355933817359255e+04,3.861039268910155364e+00
1.027355942445305300e+04,3.861039714342855422e+00
1.027355951073251526e+04,3.861040159831286900e+00
1.027355959701197571e+04,3.861040605375372525e+00
1.027355968329143798e+04,3.861041050975073663e+00
1.027355976957089842e+04,3.861041496630314818e+00
1.027355985585036069e+04,3.861041942341056465e+00
1.027355994212982114e+04,3.861042388107223111e+00
1.027356002840928340e+04,3.861042833928776119e+00
1.027356011468874385e+04,3.861043279805639550e+00
1.027356020096820430e+04,3.861043725737764554e+00
1.027356028724766657e+04,3.861044171725104057e+00
1.027356037352712701e+04,3.861044617767580789e+00
1.027356045980658928e+04,3.861045063865157001e+00
1.027356054608604973e+04,3.861045510017756310e+00
1.027356063236551199e+04,3.861045956225340081e+00
1.027356071864497244e+04,3.861046402487831930e+00
1.027356080492443471e+04,3.861046848805193665e+00
1.027356089120389515e+04,3.861047295177348015e+00
1.027356097748335742e+04,3.861047741604257233e+00
1.027356106376281787e+04,3.861048188085844490e+00
1.027356115004227831e+04,3.861048634622062714e+00
1.027356123632174058e+04,3.861049081212861722e+00
1.027356132260120103e+04,3.861049527858166908e+00
1.027356140888066329e+04,3.861049974557940079e+00
1.027356149516012374e+04,3.861050421312103520e+00
1.027356158143958601e+04,3.861050868120618595e+00
1.027356166771904645e+04,3.861051314983409810e+00
1.027356175399850872e+04,3.861051761900438084e+00
1.027356184027796917e+04,3.861052208871627922e+00
1.027356192655743143e+04,3.861052655896938912e+00
1.027356201283689188e+04,3.861053102976295115e+00
1.027356209911635233e+04,3.861053550109648569e+00
1.027356218539581459e+04,3.861053997296952645e+00
1.027356227167527504e+04,3.861054444538128738e+00
1.027356235795473731e+04,3.861054891833139102e+00
1.027356244423419776e+04,3.861055339181906465e+00
1.027356253051366002e+04,3.861055786584393967e+00
1.027356261679312047e+04,3.861056234040523893e+00
1.027356270307258274e+04,3.861056681550257164e+00
1.027356278935204318e+04,3.861057129113517838e+00
1.027356287563150545e+04,3.861057576730267282e+00
1.027356296191096590e+04,3.861058024400428224e+00
1.027356304819042816e+04,3.861058472123963803e+00
1.027356313446988861e+04,3.861058919900795416e+00
1.027356322074934906e+04,3.861059367730875103e+00
1.027356330702881132e+04,3.861059815614154900e+00
1.027356339330827177e+04,3.861060263550559757e+00
1.027356347958773404e+04,3.861060711540048818e+00
1.027356356586719448e+04,3.861061159582547031e+00
1.027356365214665675e+04,3.861061607678013985e+00
1.027356373842611720e+04,3.861062055826375072e+00
1.027356382470557946e+04,3.861062504027590325e+00
1.027356391098503991e+04,3.861062952281582916e+00
1.027356399726450218e+04,3.861063400588314209e+00
1.027356408354396262e+04,3.861063848947707822e+00
1.027356416982342307e+04,3.861064297359716235e+00
1.027356425610288534e+04,3.861064745824289712e+00
1.027356434238234579e+04,3.861065194341352314e+00
1.027356442866180805e+04,3.861065642910865403e+00
1.027356451494126850e+04,3.861066091532751710e+00
1.027356460122073076e+04,3.861066540206973041e+00
1.027356468750019121e+04,3.861066988933453015e+00
1.027356477377965348e+04,3.861067437712151218e+00
1.027356486005911393e+04,3.861067886542992156e+00
1.027356494633857619e+04,3.861068335425938081e+00
1.027356503261803664e+04,3.861068784360909500e+00
1.027356511889749709e+04,3.861069233347859786e+00
1.027356520517695935e+04,3.861069682386740975e+00
1.027356529145641980e+04,3.861070131477474909e+00
1.027356537773588207e+04,3.861070580620024728e+00
1.027356546401534251e+04,3.861071029814311384e+00
1.027356555029480478e+04,3.861071479060297573e+00
1.027356563657426523e+04,3.861071928357905136e+00
1.027356572285372749e+04,3.861072377707097214e+00
1.027356580913318794e+04,3.861072827107795646e+00
1.027356589541265021e+04,3.861073276559961354e+00
1.027356598169211065e+04,3.861073726063517952e+00
1.027356606797157292e+04,3.861074175618426363e+00
1.027356615425103337e+04,3.861074625224609758e+00
1.027356624053049381e+04,3.861075074882020619e+00
1.027356632680995608e+04,3.861075524590609653e+00
1.027356641308941653e+04,3.861075974350299589e+00
1.027356649936887879e+04,3.861076424161051790e+00
1.027356658564833924e+04,3.861076874022790761e+00
1.027356667192780151e+04,3.861077323935475203e+00
1.027356675820726196e+04,3.861077773899029175e+00
1.027356684448672422e+04,3.861078223913414487e+00
1.027356693076618467e+04,3.861078673978554754e+00
1.027356701704564694e+04,3.861079124094408677e+00
1.027356710332510738e+04,3.861079574260901204e+00
1.027356718960456783e+04,3.861080024477982597e+00
1.027356727588403010e+04,3.861080474745605340e+00
1.027356736216349054e+04,3.861080925063693048e+00
1.027356744844295281e+04,3.861081375432204865e+00
1.027356753472241326e+04,3.861081825851064853e+00
1.027356762100187552e+04,3.861082276320235263e+00
1.027356770728133597e+04,3.861082726839636159e+00
1.027356779356079824e+04,3.861083177409231570e+00
1.027356787984025868e+04,3.861083628028942449e+00
1.027356796611972095e+04,3.861084078698731048e+00
1.027356805239918140e+04,3.861084529418519207e+00
1.027356813867864366e+04,3.861084980188269178e+00
1.027356822495810411e+04,3.861085431007902358e+00
1.027356831123756456e+04,3.861085881877371673e+00
1.027356839751702682e+04,3.861086332796627829e+00
1.027356848379648727e+04,3.861086783765593999e+00
1.027356857007594954e+04,3.861087234784231104e+00
1.027356865635540998e+04,3.861087685852462315e+00
1.027356874263487225e+04,3.861088136970248108e+00
1.027356882891433270e+04,3.861088588137511213e+00
1.027356891519379496e+04,3.861089039354212993e+00
1.027356900147325541e+04,3.861089490620276621e+00
1.027356908775271768e+04,3.861089941935662573e+00
1.027356917403217813e+04,3.861090393300294021e+00
1.027356926031163857e+04,3.861090844714122117e+00
1.027356934659110084e+04,3.861091296177098009e+00
1.027356943287056129e+04,3.861091747689144871e+00
1.027356951915002355e+04,3.861092199250224066e+00
1.027356960542948400e+04,3.861092650860256992e+00
1.027356969170894627e+04,3.861093102519206344e+00
1.027356977798840671e+04,3.861093554226993518e+00
1.027356986426786898e+04,3.861094005983580768e+00
1.027356995054732943e+04,3.861094457788889933e+00
1.027357003682679169e+04,3.861094909642881934e+00
1.027357012310625214e+04,3.861095361545479498e+00
1.027357020938571259e+04,3.861095813496633777e+00
1.027357029566517485e+04,3.861096265496297253e+00
1.027357038194463530e+04,3.861096717544391765e+00
1.027357046822409757e+04,3.861097169640878679e+00
1.027357055450355801e+04,3.861097621785680278e+00
1.027357064078302028e+04,3.861098073978756595e+00
1.027357072706248073e+04,3.861098526220032134e+00
1.027357081334194299e+04,3.861098978509466484e+00
1.027357089962140344e+04,3.861099430846983260e+00
1.027357098590086571e+04,3.861099883232542496e+00
1.027357107218032615e+04,3.861100335666066474e+00
1.027357115845978842e+04,3.861100788147517449e+00
1.027357124473924887e+04,3.861101240676817703e+00
1.027357133101870932e+04,3.861101693253917500e+00
1.027357141729817158e+04,3.861102145878769321e+00
1.027357150357763203e+04,3.861102598551295451e+00
1.027357158985709430e+04,3.861103051271455477e+00
1.027357167613655474e+04,3.861103504039174350e+00
1.027357176241601701e+04,3.861103956854410324e+00
1.027357184869547746e+04,3.861104409717088792e+00
1.027357193497493972e+04,3.861104862627168455e+00
1.027357202125440017e+04,3.861105315584572040e+00
1.027357210753386244e+04,3.861105768589260911e+00
1.027357219381332288e+04,3.861106221641157354e+00
1.027357228009278333e+04,3.861106674740212963e+00
1.027357236637224560e+04,3.861107127886379331e+00
1.027357245265170604e+04,3.861107581079578299e+00
1.027357253893116831e+04,3.861108034319770344e+00
1.027357262521062876e+04,3.861108487606878192e+00
1.027357271149009102e+04,3.861108940940864098e+00
1.027357279776955147e+04,3.861109394321648125e+00
1.027357288404901374e+04,3.861109847749192969e+00
1.027357297032847418e+04,3.861110301223420027e+00
1.027357305660793645e+04,3.861110754744290663e+00
1.027357314288739690e+04,3.861111208311726717e+00
1.027357322916685916e+04,3.861111661925689997e+00
1.027357331544631961e+04,3.861112115586101456e+00
1.027357340172578006e+04,3.861112569292913577e+00
1.027357348800524233e+04,3.861113023046076620e+00
1.027357357428470277e+04,3.861113476845514203e+00
1.027357366056416504e+04,3.861113930691185914e+00
1.027357374684362549e+04,3.861114384583014036e+00
1.027357383312308775e+04,3.861114838520960824e+00
1.027357391940254820e+04,3.861115292504947671e+00
1.027357400568201047e+04,3.861115746534934168e+00
1.027357409196147091e+04,3.861116200610845262e+00
1.027357417824093318e+04,3.861116654732638764e+00
1.027357426452039363e+04,3.861117108900239181e+00
1.027357435079985407e+04,3.861117563113597217e+00
1.027357443707931634e+04,3.861118017372664024e+00
1.027357452335877679e+04,3.861118471677360997e+00
1.027357460963823905e+04,3.861118926027649501e+00
1.027357469591769950e+04,3.861119380423451819e+00
1.027357478219716177e+04,3.861119834864728873e+00
1.027357486847662221e+04,3.861120289351402501e+00
1.027357495475608448e+04,3.861120743883433182e+00
1.027357504103554493e+04,3.861121198460744530e+00
1.027357512731500719e+04,3.861121653083296135e+00
1.027357521359446764e+04,3.861122107751010279e+00
1.027357529987392809e+04,3.861122562463838559e+00
1.027357538615339035e+04,3.861123017221731235e+00
1.027357547243285080e+04,3.861123472024611036e+00
1.027357555871231307e+04,3.861123926872439771e+00
1.027357564499177352e+04,3.861124381765137059e+00
1.027357573127123578e+04,3.861124836702665597e+00
1.027357581755069623e+04,3.861125291684947225e+00
1.027357590383015850e+04,3.861125746711941531e+00
1.027357599010961894e+04,3.861126201783573020e+00
1.027357607638908121e+04,3.861126656899799503e+00
1.027357616266854166e+04,3.861127112060545485e+00
1.027357624894800392e+04,3.861127567265769223e+00
1.027357633522746437e+04,3.861128022515395664e+00
1.027357642150692482e+04,3.861128477809374626e+00
1.027357650778638708e+04,3.861128933147656372e+00
1.027357659406584753e+04,3.861129388530163187e+00
1.027357668034530980e+04,3.861129843956855989e+00
1.027357676662477024e+04,3.861130299427657953e+00
1.027357685290423251e+04,3.861130754942527776e+00
1.027357693918369296e+04,3.861131210501389521e+00
1.027357702546315522e+04,3.861131666104201887e+00
1.027357711174261567e+04,3.861132121750888491e+00
1.027357719802207794e+04,3.861132577441409364e+00
1.027357728430153838e+04,3.861133033175686347e+00
1.027357737058099883e+04,3.861133488953671034e+00
1.027357745686046110e+04,3.861133944775313243e+00
1.027357754313992154e+04,3.861134400640536146e+00
1.027357762941938381e+04,3.861134856549299776e+00
1.027357771569884426e+04,3.861135312501525974e+00
1.027357780197830652e+04,3.861135768497176546e+00
1.027357788825776697e+04,3.861136224536171557e+00
1.027357797453722924e+04,3.861136680618473260e+00
1.027357806081668969e+04,3.861137136744003051e+00
1.027357814709615195e+04,3.861137592912721406e+00
1.027357823337561240e+04,3.861138049124550164e+00
1.027357831965507467e+04,3.861138505379449803e+00
1.027357840593453511e+04,3.861138961677343051e+00
1.027357849221399556e+04,3.861139418018180614e+00
1.027357857849345783e+04,3.861139874401912309e+00
1.027357866477291827e+04,3.861140330828461753e+00
1.027357875105238054e+04,3.861140787297788091e+00
1.027357883733184099e+04,3.861141243809814050e+00
1.027357892361130325e+04,3.861141700364499663e+00
1.027357900989076370e+04,3.861142156961766769e+00
1.027357909617022597e+04,3.861142613601576290e+00
1.027357918244968641e+04,3.861143070283850953e+00
1.027357926872914868e+04,3.861143527008549459e+00
1.027357935500860913e+04,3.861143983775595423e+00
1.027357944128806957e+04,3.861144440584938220e+00
1.027357952756753184e+04,3.861144897436529444e+00
1.027357961384699229e+04,3.861145354330291379e+00
1.027357970012645455e+04,3.861145811266183614e+00
1.027357978640591500e+04,3.861146268244127988e+00
1.027357987268537727e+04,3.861146725264085866e+00
1.027357995896483772e+04,3.861147182325978200e+00
1.027358004524429998e+04,3.861147639429766354e+00
1.027358013152376043e+04,3.861148096575372168e+00
1.027358021780322269e+04,3.861148553762754787e+00
1.027358030408268314e+04,3.861149010991837827e+00
1.027358039036214359e+04,3.861149468262570217e+00
1.027358047664160586e+04,3.861149925574903996e+00
1.027358056292106630e+04,3.861150382928761005e+00
1.027358064920052857e+04,3.861150840324100830e+00
1.027358073547998902e+04,3.861151297760845758e+00
1.027358082175945128e+04,3.861151755238956707e+00
1.027358090803891173e+04,3.861152212758355518e+00
1.027358099431837400e+04,3.861152670319000890e+00
1.027358108059783444e+04,3.861153127920816885e+00
1.027358116687729671e+04,3.861153585563761759e+00
1.027358125315675716e+04,3.861154043247759127e+00
1.027358133943621942e+04,3.861154500972768133e+00
1.027358142571567987e+04,3.861154958738711063e+00
1.027358151199514032e+04,3.861155416545538621e+00
1.027358159827460258e+04,3.861155874393201959e+00
1.027358168455406303e+04,3.861156332281621140e+00
1.027358177083352530e+04,3.861156790210758416e+00
1.027358185711298574e+04,3.861157248180535628e+00
1.027358194339244801e+04,3.861157706190911476e+00
1.027358202967190846e+04,3.861158164241808688e+00
1.027358211595137072e+04,3.861158622333187296e+00
1.027358220223083117e+04,3.861159080464969140e+00
1.027358228851029344e+04,3.861159538637115141e+00
1.027358237478975389e+04,3.861159996849546694e+00
1.027358246106921433e+04,3.861160455102213174e+00
1.027358254734867660e+04,3.861160913395066618e+00
1.027358263362813705e+04,3.861161371728028868e+00
1.027358271990759931e+04,3.861161830101059511e+00
1.027358280618705976e+04,3.861162288514080387e+00
1.027358289246652203e+04,3.861162746967051973e+00
1.027358297874598247e+04,3.861163205459895220e+00
1.027358306502544474e+04,3.861163663992571493e+00
1.027358315130490519e+04,3.861164122565002632e+00
1.027358323758436745e+04,3.861164581177146893e+00
1.027358332386382790e+04,3.861165039828927892e+00
1.027358341014328835e+04,3.861165498520296335e+00
1.027358349642275061e+04,3.861165957251201597e+00
1.027358358270221106e+04,3.861166416021565517e+00
1.027358366898167333e+04,3.861166874831349016e+00
1.027358375526113377e+04,3.861167333680473490e+00
1.027358384154059604e+04,3.861167792568898971e+00
1.027358392782005649e+04,3.861168251496547299e+00
1.027358401409951875e+04,3.861168710463378506e+00
1.027358410037897920e+04,3.861169169469313545e+00
1.027358418665844147e+04,3.861169628514313779e+00
1.027358427293790191e+04,3.861170087598300604e+00
1.027358435921736418e+04,3.861170546721234498e+00
1.027358444549682463e+04,3.861171005883035523e+00
1.027358453177628508e+04,3.861171465083655718e+00
1.027358461805574734e+04,3.861171924323044902e+00
1.027358470433520779e+04,3.861172383601124469e+00
1.027358479061467006e+04,3.861172842917855785e+00
1.027358487689413050e+04,3.861173302273159802e+00
1.027358496317359277e+04,3.861173761666995663e+00
1.027358504945305322e+04,3.861174221099286541e+00
1.027358513573251548e+04,3.861174680569990691e+00
1.027358522201197593e+04,3.861175140079032175e+00
1.027358530829143820e+04,3.861175599626369248e+00
1.027358539457089864e+04,3.861176059211923306e+00
1.027358548085035909e+04,3.861176518835646831e+00
1.027358556712982136e+04,3.861176978497487866e+00
1.027358565340928180e+04,3.861177438197369582e+00
1.027358573968874407e+04,3.861177897935250680e+00
1.027358582596820452e+04,3.861178357711054332e+00
1.027358591224766678e+04,3.861178817524739681e+00
1.027358599852712723e+04,3.861179277376228125e+00
1.027358608480658950e+04,3.861179737265480139e+00
1.027358617108604994e+04,3.861180197192417118e+00
1.027358625736551221e+04,3.861180657156999096e+00
1.027358634364497266e+04,3.861181117159148357e+00
1.027358642992443492e+04,3.861181577198823600e+00
1.027358651620389537e+04,3.861182037275946222e+00
1.027358660248335582e+04,3.861182497390468260e+00
1.027358668876281808e+04,3.861182957542339533e+00
1.027358677504227853e+04,3.861183417731480105e+00
1.027358686132174080e+04,3.861183877957852228e+00
1.027358694760120125e+04,3.861184338221375523e+00
1.027358703388066351e+04,3.861184798522010464e+00
1.027358712016012396e+04,3.861185258859679337e+00
1.027358720643958623e+04,3.861185719234342173e+00
1.027358729271904667e+04,3.861186179645918592e+00
1.027358737899850894e+04,3.861186640094370404e+00
1.027358746527796939e+04,3.861187100579618559e+00
1.027358755155742983e+04,3.861187561101613763e+00
1.027358763783689210e+04,3.861188021660304948e+00
1.027358772411635255e+04,3.861188482255615284e+00
1.027358781039581481e+04,3.861188942887504361e+00
1.027358789667527526e+04,3.861189403555892685e+00
1.027358798295473753e+04,3.861189864260741178e+00
1.027358806923419797e+04,3.861190325001970347e+00
1.027358815551366024e+04,3.861190785779541113e+00
1.027358824179312069e+04,3.861191246593374427e+00
1.027358832807258295e+04,3.861191707443430321e+00
1.027358841435204340e+04,3.861192168329630192e+00
1.027358850063150385e+04,3.861192629251923858e+00
1.027358858691096611e+04,3.861193090210262913e+00
1.027358867319042656e+04,3.861193551204567420e+00
1.027358875946988883e+04,3.861194012234797857e+00
1.027358884574934928e+04,3.861194473300875174e+00
1.027358893202881154e+04,3.861194934402759404e+00
1.027358901830827199e+04,3.861195395540372388e+00
1.027358910458773425e+04,3.861195856713674601e+00
1.027358919086719470e+04,3.861196317922585663e+00
1.027358927714665697e+04,3.861196779167066051e+00
1.027358936342611742e+04,3.861197240447038492e+00
1.027358944970557968e+04,3.861197701762461687e+00
1.027358953598504013e+04,3.861198163113256587e+00
1.027358962226450058e+04,3.861198624499373899e+00
1.027358970854396284e+04,3.861199085920764773e+00
1.027358979482342329e+04,3.861199547377348829e+00
1.027358988110288556e+04,3.861200008869086542e+00
1.027358996738234600e+04,3.861200470395900641e+00
1.027359005366180827e+04,3.861200931957748494e+00
1.027359013994126872e+04,3.861201393554553718e+00
1.027359022622073098e+04,3.861201855186274567e+00
1.027359031250019143e+04,3.861202316852832883e+00
1.027359039877965370e+04,3.861202778554188697e+00
1.027359048505911414e+04,3.861203240290263405e+00
1.027359057133857459e+04,3.861203702061006826e+00
1.027359065761803686e+04,3.861204163866369221e+00
1.027359074389749730e+04,3.861204625706271987e+00
1.027359083017695957e+04,3.861205087580674711e+00
1.027359091645642002e+04,3.861205549489498789e+00
1.027359100273588228e+04,3.861206011432704255e+00
1.027359108901534273e+04,3.861206473410212059e+00
1.027359117529480500e+04,3.861206935421982234e+00
1.027359126157426545e+04,3.861207397467935731e+00
1.027359134785372771e+04,3.861207859548033028e+00
1.027359143413318816e+04,3.861208321662194187e+00
1.027359152041265042e+04,3.861208783810379686e+00
1.027359160669211087e+04,3.861209245992510919e+00
1.027359169297157132e+04,3.861209708208537705e+00
1.027359177925103359e+04,3.861210170458411195e+00
1.027359186553049403e+04,3.861210632742050120e+00
1.027359195180995630e+04,3.861211095059416287e+00
1.027359203808941675e+04,3.861211557410431094e+00
1.027359212436887901e+04,3.861212019795053241e+00
1.027359221064833946e+04,3.861212482213204122e+00
1.027359229692780173e+04,3.861212944664844660e+00
1.027359238320726217e+04,3.861213407149894028e+00
1.027359246948672444e+04,3.861213869668313148e+00
1.027359255576618489e+04,3.861214332220022971e+00
1.027359264204564533e+04,3.861214794804973316e+00
1.027359272832510760e+04,3.861215257423115776e+00
1.027359281460456805e+04,3.861215720074369084e+00
1.027359290088403031e+04,3.861216182758695492e+00
1.027359298716349076e+04,3.861216645476013731e+00
1.027359307344295303e+04,3.861217108226285610e+00
1.027359315972241347e+04,3.861217571009430305e+00
1.027359324600187574e+04,3.861218033825409623e+00
1.027359333228133619e+04,3.861218496674142742e+00
1.027359341856079845e+04,3.861218959555591024e+00
1.027359350484025890e+04,3.861219422469674090e+00
1.027359359111971935e+04,3.861219885416343089e+00
1.027359367739918162e+04,3.861220348395547841e+00
1.027359376367864206e+04,3.861220811407208409e+00
1.027359384995810433e+04,3.861221274451286600e+00
1.027359393623756478e+04,3.861221737527701592e+00
1.027359402251702704e+04,3.861222200636413859e+00
1.027359410879648749e+04,3.861222663777343911e+00
1.027359419507594976e+04,3.861223126950452222e+00
1.027359428135541020e+04,3.861223590155660190e+00
1.027359436763487247e+04,3.861224053392926070e+00
1.027359445391433292e+04,3.861224516662171702e+00
1.027359454019379518e+04,3.861224979963357118e+00
1.027359462647325563e+04,3.861225443296402826e+00
1.027359471275271608e+04,3.861225906661258200e+00
1.027359479903217834e+04,3.861226370057874391e+00
1.027359488531163879e+04,3.861226833486172350e+00
1.027359497159110106e+04,3.861227296946111665e+00
1.027359505787056150e+04,3.861227760437612844e+00
1.027359514415002377e+04,3.861228223960635475e+00
1.027359523042948422e+04,3.861228687515101399e+00
1.027359531670894648e+04,3.861229151100969315e+00
1.027359540298840693e+04,3.861229614718160619e+00
1.027359548926786920e+04,3.861230078366634899e+00
1.027359557554732964e+04,3.861230542046313996e+00
1.027359566182679009e+04,3.861231005757146395e+00
1.027359574810625236e+04,3.861231469499082802e+00
1.027359583438571281e+04,3.861231933272045058e+00
1.027359592066517507e+04,3.861232397075990974e+00
1.027359600694463552e+04,3.861232860910842835e+00
1.027359609322409779e+04,3.861233324776559783e+00
1.027359617950355823e+04,3.861233788673062772e+00
1.027359626578302050e+04,3.861234252600310946e+00
1.027359635206248095e+04,3.861234716558226587e+00
1.027359643834194321e+04,3.861235180546767953e+00
1.027359652462140366e+04,3.861235644565857328e+00
1.027359661090086593e+04,3.861236108615452967e+00
1.027359669718032637e+04,3.861236572695476266e+00
1.027359678345978682e+04,3.861237036805877043e+00
1.027359686973924909e+04,3.861237500946605117e+00
1.027359695601870953e+04,3.861237965117582771e+00
1.027359704229817180e+04,3.861238429318766929e+00
1.027359712857763225e+04,3.861238893550081208e+00
1.027359721485709451e+04,3.861239357811483863e+00
1.027359730113655496e+04,3.861239822102895403e+00
1.027359738741601723e+04,3.861240286424276746e+00
1.027359747369547767e+04,3.861240750775547514e+00
1.027359755997493994e+04,3.861241215156667739e+00
1.027359764625440039e+04,3.861241679567557483e+00
1.027359773253386084e+04,3.861242144008168786e+00
1.027359781881332310e+04,3.861242608478448801e+00
1.027359790509278355e+04,3.861243072978320701e+00
1.027359799137224582e+04,3.861243537507742740e+00
1.027359807765170626e+04,3.861244002066635428e+00
1.027359816393116853e+04,3.861244466654960572e+00
1.027359825021062898e+04,3.861244931272636016e+00
1.027359833649009124e+04,3.861245395919623125e+00
1.027359842276955169e+04,3.861245860595841961e+00
1.027359850904901396e+04,3.861246325301253002e+00
1.027359859532847440e+04,3.861246790035776311e+00
1.027359868160793485e+04,3.861247254799362150e+00
1.027359876788739712e+04,3.861247719591959005e+00
1.027359885416685756e+04,3.861248184413489604e+00
1.027359894044631983e+04,3.861248649263912647e+00
1.027359902672578028e+04,3.861249114143148642e+00
1.027359911300524254e+04,3.861249579051158065e+00
1.027359919928470299e+04,3.861250043987860536e+00
1.027359928556416526e+04,3.861250508953215643e+00
1.027359937184362570e+04,3.861250973947144338e+00
1.027359945812308797e+04,3.861251438969607541e+00
1.027359954440254842e+04,3.861251904020523540e+00
1.027359963068201068e+04,3.861252369099853698e+00
1.027359971696147113e+04,3.861252834207518969e+00
1.027359980324093158e+04,3.861253299343467393e+00
1.027359988952039384e+04,3.861253764507649677e+00
1.027359997579985429e+04,3.861254229699986773e+00
1.027360006207931656e+04,3.861254694920438713e+00
1.027360014835877701e+04,3.861255160168924228e+00
1.027360023463823927e+04,3.861255625445405570e+00
1.027360032091769972e+04,3.861256090749801029e+00
1.027360040719716199e+04,3.861256556082071079e+00
1.027360049347662243e+04,3.861257021442137116e+00
1.027360057975608470e+04,3.861257486829957397e+00
1.027360066603554515e+04,3.861257952245453762e+00
1.027360075231500559e+04,3.861258417688574252e+00
1.027360083859446786e+04,3.861258883159270461e+00
1.027360092487392831e+04,3.861259348657462009e+00
1.027360101115339057e+04,3.861259814183109373e+00
1.027360109743285102e+04,3.861260279736132617e+00
1.027360118371231329e+04,3.861260745316490439e+00
1.027360126999177373e+04,3.861261210924105125e+00
1.027360135627123600e+04,3.861261676558934042e+00
1.027360144255069645e+04,3.861262142220899918e+00
1.027360152883015871e+04,3.861262607909961009e+00
1.027360161510961916e+04,3.861263073626037823e+00
1.027360170138907961e+04,3.861263539369081066e+00
1.027360178766854187e+04,3.861264005139040556e+00
1.027360187394800232e+04,3.861264470935835025e+00
1.027360196022746459e+04,3.861264936759426725e+00
1.027360204650692503e+04,3.861265402609733055e+00
1.027360213278638730e+04,3.861265868486716268e+00
1.027360221906584775e+04,3.861266334390295984e+00
1.027360230534531001e+04,3.861266800320430903e+00
1.027360239162477046e+04,3.861267266277042864e+00
1.027360247790423273e+04,3.861267732260091012e+00
1.027360256418369318e+04,3.861268198269494967e+00
1.027360265046315544e+04,3.861268664305214315e+00
1.027360273674261589e+04,3.861269130367170455e+00
1.027360282302207634e+04,3.861269596455313646e+00
1.027360290930153860e+04,3.861270062569591932e+00
1.027360299558099905e+04,3.861270528709926708e+00
1.027360308186046132e+04,3.861270994876277118e+00
1.027360316813992176e+04,3.861271461068565003e+00
1.027360325441938403e+04,3.861271927286747729e+00
1.027360334069884448e+04,3.861272393530746694e+00
1.027360342697830674e+04,3.861272859800521928e+00
1.027360351325776719e+04,3.861273326095993497e+00
1.027360359953722946e+04,3.861273792417120987e+00
1.027360368581668990e+04,3.861274258763824463e+00
1.027360377209615035e+04,3.861274725136053743e+00
1.027360385837561262e+04,3.861275191533758644e+00
1.027360394465507306e+04,3.861275657956860119e+00
1.027360403093453533e+04,3.861276124405316423e+00
1.027360411721399578e+04,3.861276590879048953e+00
1.027360420349345804e+04,3.861277057378017741e+00
1.027360428977291849e+04,3.861277523902141962e+00
1.027360437605238076e+04,3.861277990451380759e+00
1.027360446233184121e+04,3.861278457025656419e+00
1.027360454861130347e+04,3.861278923624926751e+00
1.027360463489076392e+04,3.861279390249112708e+00
1.027360472117022618e+04,3.861279856898174767e+00
1.027360480744968663e+04,3.861280323572030326e+00
1.027360489372914708e+04,3.861280790270632313e+00
1.027360498000860935e+04,3.861281256993929212e+00
1.027360506628806979e+04,3.861281723741841532e+00
1.027360515256753206e+04,3.861282190514327972e+00
1.027360523884699251e+04,3.861282657311309041e+00
1.027360532512645477e+04,3.861283124132746103e+00
1.027360541140591522e+04,3.861283590978557001e+00
1.027360549768537749e+04,3.861284057848701767e+00
1.027360558396483793e+04,3.861284524743101354e+00
1.027360567024430020e+04,3.861284991661715793e+00
1.027360575652376065e+04,3.861285458604463816e+00
1.027360584280322109e+04,3.861285925571296573e+00
1.027360592908268336e+04,3.861286392562162550e+00
1.027360601536214381e+04,3.861286859576982700e+00
1.027360610164160607e+04,3.861287326615717053e+00
1.027360618792106652e+04,3.861287793678284341e+00
1.027360627420052879e+04,3.861288260764645486e+00
1.027360636047998923e+04,3.861288727874719662e+00
1.027360644675945150e+04,3.861289195008467345e+00
1.027360653303891195e+04,3.861289662165807712e+00
1.027360661931837421e+04,3.861290129346701683e+00
1.027360670559783466e+04,3.861290596551067544e+00
1.027360679187729511e+04,3.861291063778856447e+00
1.027360687815675738e+04,3.861291531030017321e+00
1.027360696443621782e+04,3.861291998304472006e+00
1.027360705071568009e+04,3.861292465602177426e+00
1.027360713699514054e+04,3.861292932923055421e+00
1.027360722327460280e+04,3.861293400267064690e+00
1.027360730955406325e+04,3.861293867634126187e+00
1.027360739583352552e+04,3.861294335024199498e+00
1.027360748211298596e+04,3.861294802437202911e+00
1.027360756839244823e+04,3.861295269873099123e+00
1.027360765467190868e+04,3.861295737331804645e+00
1.027360774095137094e+04,3.861296204813281729e+00
1.027360782723083139e+04,3.861296672317449552e+00
1.027360791351029184e+04,3.861297139844258375e+00
1.027360799978975410e+04,3.861297607393656683e+00
1.027360808606921455e+04,3.861298074965564986e+00
1.027360817234867682e+04,3.861298542559943758e+00
1.027360825862813726e+04,3.861299010176711732e+00
1.027360834490759953e+04,3.861299477815828940e+00
1.027360843118705998e+04,3.861299945477215889e+00
1.027360851746652224e+04,3.861300413160832168e+00
1.027360860374598269e+04,3.861300880866596064e+00
1.027360869002544496e+04,3.861301348594469829e+00
1.027360877630490540e+04,3.861301816344370863e+00
1.027360886258436585e+04,3.861302284116251204e+00
1.027360894886382812e+04,3.861302751910058451e+00
1.027360903514328857e+04,3.861303219725714886e+00
1.027360912142275083e+04,3.861303687563177434e+00
1.027360920770221128e+04,3.861304155422368378e+00
1.027360929398167355e+04,3.861304623303245087e+00
1.027360938026113399e+04,3.861305091205730289e+00
1.027360946654059626e+04,3.861305559129780463e+00
1.027360955282005671e+04,3.861306027075318337e+00
1.027360963909951897e+04,3.861306495042301279e+00
1.027360972537897942e+04,3.861306963030650241e+00
1.027360981165844169e+04,3.861307431040324811e+00
1.027360989793790213e+04,3.861307899071245497e+00
1.027360998421736258e+04,3.861308367123360785e+00
1.027361007049682485e+04,3.861308835196620937e+00
1.027361015677628529e+04,3.861309303290945572e+00
1.027361024305574756e+04,3.861309771406294722e+00
1.027361032933520801e+04,3.861310239542588008e+00
1.027361041561467027e+04,3.861310707699784572e+00
1.027361050189413072e+04,3.861311175877805368e+00
1.027361058817359299e+04,3.861311644076608651e+00
1.027361067445305343e+04,3.861312112296114929e+00
1.027361076073251570e+04,3.861312580536284234e+00
1.027361084701197615e+04,3.861313048797036629e+00
1.027361093329143660e+04,3.861313517078320157e+00
1.027361101957089886e+04,3.861313985380085967e+00
1.027361110585035931e+04,3.861314453702253235e+00
1.027361119212982157e+04,3.861314922044781550e+00
1.027361127840928202e+04,3.861315390407591863e+00
1.027361136468874429e+04,3.861315858790641542e+00
1.027361145096820474e+04,3.861316327193851983e+00
1.027361153724766700e+04,3.861316795617183217e+00
1.027361162352712745e+04,3.861317264060553089e+00
1.027361170980658972e+04,3.861317732523923407e+00
1.027361179608605016e+04,3.861318201007212458e+00
1.027361188236551061e+04,3.861318669510369617e+00
1.027361196864497288e+04,3.861319138033346476e+00
1.027361205492443332e+04,3.861319606576060881e+00
1.027361214120389559e+04,3.861320075138473751e+00
1.027361222748335604e+04,3.861320543720503817e+00
1.027361231376281830e+04,3.861321012322111113e+00
1.027361240004227875e+04,3.861321480943214812e+00
1.027361248632174102e+04,3.861321949583775837e+00
1.027361257260120146e+04,3.861322418243712473e+00
1.027361265888066373e+04,3.861322886922985642e+00
1.027361274516012418e+04,3.861323355621514519e+00
1.027361283143958644e+04,3.861323824339257804e+00
1.027361291771904689e+04,3.861324293076136449e+00
1.027361300399850734e+04,3.861324761832100272e+00
1.027361309027796960e+04,3.861325230607096870e+00
1.027361317655743005e+04,3.861325699401048528e+00
1.027361326283689232e+04,3.861326168213913057e+00
1.027361334911635277e+04,3.861326637045611410e+00
1.027361343539581503e+04,3.861327105896101397e+00
1.027361352167527548e+04,3.861327574765305304e+00
1.027361360795473774e+04,3.861328043653180497e+00
1.027361369423419819e+04,3.861328512559647042e+00
1.027361378051366046e+04,3.861328981484665412e+00
1.027361386679312091e+04,3.861329450428154342e+00
1.027361395307258135e+04,3.861329919390064092e+00
1.027361403935204362e+04,3.861330388370344480e+00
1.027361412563150407e+04,3.861330857368913794e+00
1.027361421191096633e+04,3.861331326385733842e+00
1.027361429819042678e+04,3.861331795420722024e+00
1.027361438446988905e+04,3.861332264473838816e+00
1.027361447074934949e+04,3.861332733545003837e+00
1.027361455702881176e+04,3.861333202634177120e+00
1.027361464330827221e+04,3.861333671741278284e+00
1.027361472958773447e+04,3.861334140866266029e+00
1.027361481586719492e+04,3.861334610009061308e+00
1.027361490214665719e+04,3.861335079169622375e+00
1.027361498842611763e+04,3.861335548347869295e+00
1.027361507470557808e+04,3.861336017543752330e+00
1.027361516098504035e+04,3.861336486757219522e+00
1.027361524726450079e+04,3.861336955988191821e+00
1.027361533354396306e+04,3.861337425236628818e+00
1.027361541982342351e+04,3.861337894502449242e+00
1.027361550610288577e+04,3.861338363785613570e+00
1.027361559238234622e+04,3.861338833086041422e+00
1.027361567866180849e+04,3.861339302403690610e+00
1.027361576494126894e+04,3.861339771738483417e+00
1.027361585122073120e+04,3.861340241090377212e+00
1.027361593750019165e+04,3.861340710459292946e+00
1.027361602377965210e+04,3.861341179845179106e+00
1.027361611005911436e+04,3.861341649247986396e+00
1.027361619633857481e+04,3.861342118667633994e+00
1.027361628261803708e+04,3.861342588104080153e+00
1.027361636889749752e+04,3.861343057557246272e+00
1.027361645517695979e+04,3.861343527027091049e+00
1.027361654145642024e+04,3.861343996513534549e+00
1.027361662773588250e+04,3.861344466016535915e+00
1.027361671401534295e+04,3.861344935536014322e+00
1.027361680029480522e+04,3.861345405071930248e+00
1.027361688657426566e+04,3.861345874624202867e+00
1.027361697285372611e+04,3.861346344192781110e+00
1.027361705913318838e+04,3.861346813777614795e+00
1.027361714541264882e+04,3.861347283378624429e+00
1.027361723169211109e+04,3.861347752995769156e+00
1.027361731797157154e+04,3.861348222628967264e+00
1.027361740425103380e+04,3.861348692278179673e+00
1.027361749053049425e+04,3.861349161943325559e+00
1.027361757680995652e+04,3.861349631624364065e+00
1.027361766308941696e+04,3.861350101321216144e+00
1.027361774936887923e+04,3.861350571033838719e+00
1.027361783564833968e+04,3.861351040762154074e+00
1.027361792192780194e+04,3.861351510506119578e+00
1.027361800820726239e+04,3.861351980265656181e+00
1.027361809448672284e+04,3.861352450040712370e+00
1.027361818076618511e+04,3.861352919831238850e+00
1.027361826704564555e+04,3.861353389637153910e+00
1.027361835332510782e+04,3.861353859458417581e+00
1.027361843960456827e+04,3.861354329294950372e+00
1.027361852588403053e+04,3.861354799146709649e+00
1.027361861216349098e+04,3.861355269013617253e+00
1.027361869844295325e+04,3.861355738895630552e+00
1.027361878472241369e+04,3.861356208792671385e+00
1.027361887100187596e+04,3.861356678704696233e+00
1.027361895728133641e+04,3.861357148631627378e+00
1.027361904356079685e+04,3.861357618573413752e+00
1.027361912984025912e+04,3.861358088530002952e+00
1.027361921611971957e+04,3.861358558501317262e+00
1.027361930239918183e+04,3.861359028487314049e+00
1.027361938867864228e+04,3.861359498487913822e+00
1.027361947495810455e+04,3.861359968503075724e+00
1.027361956123756499e+04,3.861360438532719375e+00
1.027361964751702726e+04,3.861360908576803475e+00
1.027361973379648771e+04,3.861361378635248975e+00
1.027361982007594997e+04,3.861361848708015021e+00
1.027361990635541042e+04,3.861362318795019899e+00
1.027361999263487087e+04,3.861362788896214759e+00
1.027362007891433313e+04,3.861363259011547644e+00
1.027362016519379358e+04,3.861363729140939061e+00
1.027362025147325585e+04,3.861364199284347265e+00
1.027362033775271630e+04,3.861364669441693209e+00
1.027362042403217856e+04,3.861365139612935593e+00
1.027362051031163901e+04,3.861365609797993592e+00
1.027362059659110128e+04,3.861366079996826794e+00
1.027362068287056172e+04,3.861366550209355264e+00
1.027362076915002399e+04,3.861367020435539033e+00
1.027362085542948444e+04,3.861367490675295944e+00
1.027362094170894670e+04,3.861367960928586029e+00
1.027362102798840715e+04,3.861368431195328910e+00
1.027362111426786760e+04,3.861368901475473514e+00
1.027362120054732986e+04,3.861369371768970549e+00
1.027362128682679031e+04,3.861369842075738745e+00
1.027362137310625258e+04,3.861370312395736359e+00
1.027362145938571302e+04,3.861370782728885231e+00
1.027362154566517529e+04,3.861371253075143617e+00
1.027362163194463574e+04,3.861371723434430248e+00
1.027362171822409800e+04,3.861372193806706044e+00
1.027362180450355845e+04,3.861372664191889292e+00
1.027362189078302072e+04,3.861373134589939582e+00
1.027362197706248116e+04,3.861373605000776532e+00
1.027362206334194161e+04,3.861374075424349517e+00
1.027362214962140388e+04,3.861374545860608798e+00
1.027362223590086433e+04,3.861375016309472219e+00
1.027362232218032659e+04,3.861375486770901144e+00
1.027362240845978704e+04,3.861375957244813417e+00
1.027362249473924930e+04,3.861376427731169514e+00
1.027362258101870975e+04,3.861376898229887722e+00
1.027362266729817202e+04,3.861377368740927629e+00
1.027362275357763247e+04,3.861377839264210632e+00
1.027362283985709473e+04,3.861378309799693653e+00
1.027362292613655518e+04,3.861378780347297202e+00
1.027362301241601745e+04,3.861379250906980420e+00
1.027362309869547789e+04,3.861379721478662930e+00
1.027362318497493834e+04,3.861380192062294547e+00
1.027362327125440061e+04,3.861380662657824203e+00
1.027362335753386105e+04,3.861381133265171517e+00
1.027362344381332332e+04,3.861381603884296077e+00
1.027362353009278377e+04,3.861382074515116614e+00
1.027362361637224603e+04,3.861382545157593160e+00
1.027362370265170648e+04,3.861383015811644004e+00
1.027362378893116875e+04,3.861383486477230509e+00
1.027362387521062919e+04,3.861383957154270519e+00
1.027362396149009146e+04,3.861384427842724065e+00
1.027362404776955191e+04,3.861384898542510768e+00
1.027362413404901235e+04,3.861385369253579558e+00
1.027362422032847462e+04,3.861385839975879364e+00
1.027362430660793507e+04,3.861386310709330694e+00
1.027362439288739733e+04,3.861386781453892691e+00
1.027362447916685778e+04,3.861387252209484089e+00
1.027362456544632005e+04,3.861387722976064918e+00
1.027362465172578050e+04,3.861388193753554354e+00
1.027362473800524276e+04,3.861388664541911542e+00
1.027362482428470321e+04,3.861389135341056100e+00
1.027362491056416548e+04,3.861389606150947618e+00
1.027362499684362592e+04,3.861390076971505714e+00
1.027362508312308637e+04,3.861390547802678874e+00
1.027362516940254864e+04,3.861391018644416917e+00
1.027362525568200908e+04,3.861391489496639018e+00
1.027362534196147135e+04,3.861391960359305653e+00
1.027362542824093180e+04,3.861392431232334665e+00
1.027362551452039406e+04,3.861392902115686976e+00
1.027362560079985451e+04,3.861393373009280428e+00
1.027362568707931678e+04,3.861393843913075052e+00
1.027362577335877722e+04,3.861394314826990914e+00
1.027362585963823949e+04,3.861394785750986713e+00
1.027362594591769994e+04,3.861395256684980737e+00
1.027362603219716220e+04,3.861395727628934349e+00
1.027362611847662265e+04,3.861396198582765837e+00
1.027362620475608310e+04,3.861396669546425020e+00
1.027362629103554536e+04,3.861397140519861271e+00
1.027362637731500581e+04,3.861397611502993321e+00
1.027362646359446808e+04,3.861398082495780315e+00
1.027362654987392852e+04,3.861398553498143205e+00
1.027362663615339079e+04,3.861399024510040690e+00
1.027362672243285124e+04,3.861399495531390613e+00
1.027362680871231350e+04,3.861399966562153896e+00
1.027362689499177395e+04,3.861400437602250157e+00
1.027362698127123622e+04,3.861400908651637653e+00
1.027362706755069667e+04,3.861401379710236448e+00
1.027362715383015711e+04,3.861401850777995914e+00
1.027362724010961938e+04,3.861402321854864539e+00
1.027362732638907983e+04,3.861402792940762829e+00
1.027362741266854209e+04,3.861403264035649041e+00
1.027362749894800254e+04,3.861403735139444571e+00
1.027362758522746481e+04,3.861404206252105897e+00
1.027362767150692525e+04,3.861404677373554417e+00
1.027362775778638752e+04,3.861405148503747942e+00
1.027362784406584797e+04,3.861405619642607423e+00
1.027362793034531023e+04,3.861406090790091117e+00
1.027362801662477068e+04,3.861406561946119975e+00
1.027362810290423295e+04,3.861407033110650922e+00
1.027362818918369339e+04,3.861407504283605352e+00
1.027362827546315384e+04,3.861407975464930864e+00
1.027362836174261611e+04,3.861408446654577720e+00
1.027362844802207655e+04,3.861408917852465539e+00
1.027362853430153882e+04,3.861409389058553021e+00
1.027362862058099927e+04,3.861409860272760675e+00
1.027362870686046153e+04,3.861410331495045867e+00
1.027362879313992198e+04,3.861410802725329994e+00
1.027362887941938425e+04,3.861411273963571755e+00
1.027362896569884469e+04,3.861411745209689439e+00
1.027362905197830696e+04,3.861412216463643077e+00
1.027362913825776741e+04,3.861412687725351844e+00
1.027362922453722786e+04,3.861413158994765560e+00
1.027362931081669012e+04,3.861413630271833153e+00
1.027362939709615057e+04,3.861414101556474243e+00
1.027362948337561284e+04,3.861414572848647975e+00
1.027362956965507328e+04,3.861415044148273967e+00
1.027362965593453555e+04,3.861415515455310921e+00
1.027362974221399600e+04,3.861415986769678454e+00
1.027362982849345826e+04,3.861416458091336157e+00
1.027362991477291871e+04,3.861416929420202759e+00
1.027363000105238098e+04,3.861417400756238294e+00
1.027363008733184142e+04,3.861417872099361492e+00
1.027363017361130187e+04,3.861418343449522173e+00
1.027363025989076414e+04,3.861418814806668820e+00
1.027363034617022458e+04,3.861419286170722387e+00
1.027363043244968685e+04,3.861419757541640241e+00
1.027363051872914730e+04,3.861420228919342446e+00
1.027363060500860956e+04,3.861420700303788589e+00
1.027363069128807001e+04,3.861421171694898735e+00
1.027363077756753228e+04,3.861421643092630251e+00
1.027363086384699272e+04,3.861422114496904090e+00
1.027363095012645499e+04,3.861422585907678506e+00
1.027363103640591544e+04,3.861423057324873565e+00
1.027363112268537770e+04,3.861423528748448408e+00
1.027363120896483815e+04,3.861424000178322213e+00
1.027363129524429860e+04,3.861424471614444354e+00
1.027363138152376087e+04,3.861424943056763759e+00
1.027363146780322131e+04,3.861425414505200493e+00
1.027363155408268358e+04,3.861425885959713256e+00
1.027363164036214403e+04,3.861426357420221667e+00
1.027363172664160629e+04,3.861426828886684426e+00
1.027363181292106674e+04,3.861427300359022041e+00
1.027363189920052901e+04,3.861427771837192324e+00
1.027363198547998945e+04,3.861428243321116671e+00
1.027363207175945172e+04,3.861428714810751561e+00
1.027363215803891217e+04,3.861429186306018391e+00
1.027363224431837261e+04,3.861429657806865645e+00
1.027363233059783488e+04,3.861430129313243143e+00
1.027363241687729533e+04,3.861430600825069615e+00
1.027363250315675759e+04,3.861431072342305093e+00
1.027363258943621804e+04,3.861431543864867866e+00
1.027363267571568031e+04,3.861432015392717965e+00
1.027363276199514075e+04,3.861432486925774565e+00
1.027363284827460302e+04,3.861432958463996812e+00
1.027363293455406347e+04,3.861433430007303880e+00
1.027363302083352573e+04,3.861433901555655801e+00
1.027363310711298618e+04,3.861434373108970419e+00
1.027363319339244845e+04,3.861434844667208655e+00
1.027363327967190889e+04,3.861435316230288350e+00
1.027363336595136934e+04,3.861435787798160657e+00
1.027363345223083161e+04,3.861436259370772728e+00
1.027363353851029206e+04,3.861436730948045515e+00
1.027363362478975432e+04,3.861437202529936830e+00
1.027363371106921477e+04,3.861437674116367624e+00
1.027363379734867704e+04,3.861438145707295710e+00
1.027363388362813748e+04,3.861438617302641152e+00
1.027363396990759975e+04,3.861439088902363093e+00
1.027363405618706020e+04,3.861439560506381152e+00
1.027363414246652246e+04,3.861440032114654031e+00
1.027363422874598291e+04,3.861440503727102236e+00
1.027363431502544336e+04,3.861440975343672921e+00
1.027363440130490562e+04,3.861441446964316349e+00
1.027363448758436607e+04,3.861441918588952582e+00
1.027363457386382834e+04,3.861442390217540321e+00
1.027363466014328878e+04,3.861442861849998742e+00
1.027363474642275105e+04,3.861443333486286544e+00
1.027363483270221150e+04,3.861443805126324680e+00
1.027363491898167376e+04,3.861444276770070516e+00
1.027363500526113421e+04,3.861444748417444561e+00
1.027363509154059648e+04,3.861445220068405959e+00
1.027363517782005692e+04,3.861445691722873441e+00
1.027363526409951737e+04,3.861446163380797270e+00
1.027363535037897964e+04,3.861446635042125930e+00
1.027363543665844009e+04,3.861447106706779042e+00
1.027363552293790235e+04,3.861447578374715750e+00
1.027363560921736280e+04,3.861448050045854341e+00
1.027363569549682506e+04,3.861448521720156180e+00
1.027363578177628551e+04,3.861448993397539109e+00
1.027363586805574778e+04,3.861449465077962273e+00
1.027363595433520823e+04,3.861449936761345736e+00
1.027363604061467049e+04,3.861450408447648197e+00
1.027363612689413094e+04,3.861450880136789277e+00
1.027363621317359321e+04,3.861451351828729006e+00
1.027363629945305365e+04,3.861451823523384785e+00
1.027363638573251410e+04,3.861452295220706876e+00
1.027363647201197637e+04,3.861452766920644208e+00
1.027363655829143681e+04,3.861453238623117290e+00
1.027363664457089908e+04,3.861453710328084377e+00
1.027363673085035953e+04,3.861454182035465088e+00
1.027363681712982179e+04,3.861454653745218124e+00
1.027363690340928224e+04,3.861455125457263549e+00
1.027363698968874451e+04,3.861455597171559617e+00
1.027363707596820495e+04,3.861456068888026394e+00
1.027363716224766722e+04,3.861456540606622578e+00
1.027363724852712767e+04,3.861457012327268234e+00
1.027363733480658811e+04,3.861457484049911848e+00
1.027363742108605038e+04,3.861457955774503681e+00
1.027363750736551083e+04,3.861458427500962465e+00
1.027363759364497309e+04,3.861458899229246899e+00
1.027363767992443354e+04,3.861459370959277049e+00
1.027363776620389581e+04,3.861459842691011612e+00
1.027363785248335626e+04,3.861460314424369766e+00
1.027363793876281852e+04,3.861460786159311542e+00
1.027363802504227897e+04,3.861461257895756560e+00
1.027363811132174123e+04,3.861461729633662188e+00
1.027363819760120168e+04,3.861462201372949377e+00
1.027363828388066213e+04,3.861462673113567057e+00
1.027363837016012440e+04,3.861463144855463270e+00
1.027363845643958484e+04,3.861463616598559856e+00
1.027363854271904711e+04,3.861464088342813294e+00
1.027363862899850756e+04,3.861464560088144093e+00
1.027363871527796982e+04,3.861465031834512285e+00
1.027363880155743027e+04,3.861465503581835712e+00
1.027363888783689254e+04,3.861465975330074851e+00
1.027363897411635298e+04,3.861466447079147990e+00
1.027363906039581525e+04,3.861466918829014716e+00
1.027363914667527570e+04,3.861467390579594650e+00
1.027363923295473796e+04,3.861467862330847378e+00
1.027363931923419841e+04,3.861468334082690745e+00
1.027363940551365886e+04,3.861468805835075901e+00
1.027363949179312112e+04,3.861469277587950444e+00
1.027363957807258157e+04,3.861469749341233548e+00
1.027363966435204384e+04,3.861470221094886579e+00
1.027363975063150428e+04,3.861470692848826491e+00
1.027363983691096655e+04,3.861471164603013762e+00
1.027363992319042700e+04,3.861471636357367565e+00
1.027364000946988926e+04,3.861472108111846602e+00
1.027364009574934971e+04,3.861472579866371380e+00
1.027364018202881198e+04,3.861473051620899266e+00
1.027364026830827243e+04,3.861473523375351657e+00
1.027364035458773287e+04,3.861473995129675263e+00
1.027364044086719514e+04,3.861474466883821677e+00
1.027364052714665559e+04,3.861474938637710075e+00
1.027364061342611785e+04,3.861475410391297824e+00
1.027364069970557830e+04,3.861475882144505878e+00
1.027364078598504057e+04,3.861476353897292935e+00
1.027364087226450101e+04,3.861476825649578171e+00
1.027364095854396328e+04,3.861477297401321618e+00
1.027364104482342373e+04,3.861477769152441120e+00
1.027364113110288599e+04,3.861478240902897152e+00
1.027364121738234644e+04,3.861478712652607559e+00
1.027364130366180871e+04,3.861479184401533260e+00
1.027364138994126915e+04,3.861479656149593431e+00
1.027364147622072960e+04,3.861480127896736114e+00
1.027364156250019187e+04,3.861480599642911571e+00
1.027364164877965231e+04,3.861481071388038533e+00
1.027364173505911458e+04,3.861481543132076588e+00
1.027364182133857503e+04,3.861482014874944912e+00
1.027364190761803729e+04,3.861482486616602205e+00
1.027364199389749774e+04,3.861482958356969419e+00
1.027364208017696001e+04,3.861483430096003922e+00
1.027364216645642045e+04,3.861483901833625776e+00
1.027364225273588272e+04,3.861484373569794126e+00
1.027364233901534317e+04,3.861484845304428148e+00
1.027364242529480362e+04,3.861485317037478104e+00
1.027364251157426588e+04,3.861485788768891592e+00
1.027364259785372633e+04,3.861486260498589562e+00
1.027364268413318860e+04,3.861486732226528940e+00
1.027364277041264904e+04,3.861487203952632008e+00
1.027364285669211131e+04,3.861487675676856135e+00
1.027364294297157176e+04,3.861488147399120940e+00
1.027364302925103402e+04,3.861488619119386012e+00
1.027364311553049447e+04,3.861489090837570082e+00
1.027364320180995674e+04,3.861489562553632737e+00
1.027364328808941718e+04,3.861490034267493154e+00
1.027364337436887763e+04,3.861490505979100263e+00
1.027364346064833990e+04,3.861490977688404325e+00
1.027364354692780034e+04,3.861491449395324072e+00
1.027364363320726261e+04,3.861491921099817759e+00
1.027364371948672306e+04,3.861492392801806339e+00
1.027364380576618532e+04,3.861492864501249400e+00
1.027364389204564577e+04,3.861493336198063453e+00
1.027364397832510804e+04,3.861493807892210750e+00
1.027364406460456848e+04,3.861494279583608691e+00
1.027364415088403075e+04,3.861494751272217751e+00
1.027364423716349120e+04,3.861495222957955775e+00
1.027364432344295346e+04,3.861495694640783238e+00
1.027364440972241391e+04,3.861496166320619317e+00
1.027364449600187436e+04,3.861496637997413384e+00
1.027364458228133662e+04,3.861497109671113481e+00
1.027364466856079707e+04,3.861497581341640117e+00
1.027364475484025934e+04,3.861498053008952880e+00
1.027364484111971979e+04,3.861498524672969612e+00
1.027364492739918205e+04,3.861498996333650791e+00
1.027364501367864250e+04,3.861499467990915146e+00
1.027364509995810477e+04,3.861499939644722268e+00
1.027364518623756521e+04,3.861500411294990887e+00
1.027364527251702748e+04,3.861500882941681034e+00
1.027364535879648793e+04,3.861501354584711887e+00
1.027364544507594837e+04,3.861501826224031486e+00
1.027364553135541064e+04,3.861502297859590982e+00
1.027364561763487109e+04,3.861502769491308662e+00
1.027364570391433335e+04,3.861503241119143226e+00
1.027364579019379380e+04,3.861503712743015626e+00
1.027364587647325607e+04,3.861504184362883674e+00
1.027364596275271651e+04,3.861504655978666545e+00
1.027364604903217878e+04,3.861505127590325159e+00
1.027364613531163923e+04,3.861505599197776917e+00
1.027364622159110149e+04,3.861506070800982293e+00
1.027364630787056194e+04,3.861506542399860020e+00
1.027364639415002421e+04,3.861507013994370130e+00
1.027364648042948465e+04,3.861507485584431354e+00
1.027364656670894510e+04,3.861507957169993066e+00
1.027364665298840737e+04,3.861508428751003308e+00
1.027364673926786782e+04,3.861508900327383920e+00
1.027364682554733008e+04,3.861509371899091825e+00
1.027364691182679053e+04,3.861509843466047531e+00
1.027364699810625279e+04,3.861510315028210183e+00
1.027364708438571324e+04,3.861510786585499400e+00
1.027364717066517551e+04,3.861511258137873881e+00
1.027364725694463596e+04,3.861511729685252803e+00
1.027364734322409822e+04,3.861512201227596641e+00
1.027364742950355867e+04,3.861512672764822796e+00
1.027364751578301912e+04,3.861513144296881528e+00
1.027364760206248138e+04,3.861513615823723100e+00
1.027364768834194183e+04,3.861514087345264912e+00
1.027364777462140410e+04,3.861514558861467883e+00
1.027364786090086454e+04,3.861515030372249857e+00
1.027364794718032681e+04,3.861515501877571754e+00
1.027364803345978726e+04,3.861515973377351862e+00
1.027364811973924952e+04,3.861516444871549769e+00
1.027364820601870997e+04,3.861516916360084206e+00
1.027364829229817224e+04,3.861517387842915650e+00
1.027364837857763268e+04,3.861517859319962387e+00
1.027364846485709313e+04,3.861518330791173792e+00
1.027364855113655540e+04,3.861518802256500127e+00
1.027364863741601584e+04,3.861519273715858791e+00
1.027364872369547811e+04,3.861519745169211149e+00
1.027364880997493856e+04,3.861520216616475043e+00
1.027364889625440082e+04,3.861520688057610506e+00
1.027364898253386127e+04,3.861521159492537159e+00
1.027364906881332354e+04,3.861521630921213699e+00
1.027364915509278399e+04,3.861522102343559304e+00
1.027364924137224625e+04,3.861522573759534005e+00
1.027364932765170670e+04,3.861523045169056978e+00
1.027364941393116897e+04,3.861523516572086479e+00
1.027364950021062941e+04,3.861523987968542571e+00
1.027364958649008986e+04,3.861524459358374628e+00
1.027364967276955213e+04,3.861524930741532469e+00
1.027364975904901257e+04,3.861525402117934380e+00
1.027364984532847484e+04,3.861525873487539950e+00
1.027364993160793529e+04,3.861526344850269243e+00
1.027365001788739755e+04,3.861526816206080515e+00
1.027365010416685800e+04,3.861527287554893828e+00
1.027365019044632027e+04,3.861527758896668772e+00
1.027365027672578071e+04,3.861528230231323189e+00
1.027365036300524298e+04,3.861528701558817556e+00
1.027365044928470343e+04,3.861529172879071492e+00
1.027365053556416387e+04,3.861529644192033484e+00
1.027365062184362614e+04,3.861530115497653792e+00
1.027365070812308659e+04,3.861530586795850262e+00
1.027365079440254885e+04,3.861531058086583368e+00
1.027365088068200930e+04,3.861531529369772731e+00
1.027365096696147157e+04,3.861532000645376606e+00
1.027365105324093201e+04,3.861532471913315057e+00
1.027365113952039428e+04,3.861532943173546784e+00
1.027365122579985473e+04,3.861533414425991850e+00
1.027365131207931699e+04,3.861533885670609845e+00
1.027365139835877744e+04,3.861534356907318610e+00
1.027365148463823971e+04,3.861534828136078623e+00
1.027365157091770016e+04,3.861535299356809059e+00
1.027365165719716060e+04,3.861535770569459736e+00
1.027365174347662287e+04,3.861536241773978251e+00
1.027365182975608332e+04,3.861536712970286001e+00
1.027365191603554558e+04,3.861537184158340796e+00
1.027365200231500603e+04,3.861537655338063590e+00
1.027365208859446830e+04,3.861538126509411750e+00
1.027365217487392874e+04,3.861538597672306672e+00
1.027365226115339101e+04,3.861539068826705723e+00
1.027365234743285146e+04,3.861539539972529411e+00
1.027365243371231372e+04,3.861540011109736881e+00
1.027365251999177417e+04,3.861540482238247307e+00
1.027365260627123462e+04,3.861540953358010952e+00
1.027365269255069688e+04,3.861541424468975858e+00
1.027365277883015733e+04,3.861541895571062089e+00
1.027365286510961960e+04,3.861542366664227899e+00
1.027365295138908004e+04,3.861542837748395129e+00
1.027365303766854231e+04,3.861543308823520260e+00
1.027365312394800276e+04,3.861543779889524686e+00
1.027365321022746502e+04,3.861544250946366219e+00
1.027365329650692547e+04,3.861544721993965812e+00
1.027365338278638774e+04,3.861545193032281276e+00
1.027365346906584818e+04,3.861545664061233119e+00
1.027365355534530863e+04,3.861546135080771158e+00
1.027365364162477090e+04,3.861546606090842548e+00
1.027365372790423135e+04,3.861547077091368685e+00
1.027365381418369361e+04,3.861547548082307380e+00
1.027365390046315406e+04,3.861548019063580028e+00
1.027365398674261633e+04,3.861548490035144443e+00
1.027365407302207677e+04,3.861548960996920243e+00
1.027365415930153904e+04,3.861549431948867017e+00
1.027365424558099949e+04,3.861549902890903940e+00
1.027365433186046175e+04,3.861550373822990156e+00
1.027365441813992220e+04,3.861550844745046174e+00
1.027365450441938447e+04,3.861551315657029804e+00
1.027365459069884491e+04,3.861551786558861998e+00
1.027365467697830536e+04,3.861552257450490799e+00
1.027365476325776763e+04,3.861552728331866469e+00
1.027365484953722807e+04,3.861553199202907738e+00
1.027365493581669034e+04,3.861553670063573751e+00
1.027365502209615079e+04,3.861554140913785460e+00
1.027365510837561305e+04,3.861554611753500676e+00
1.027365519465507350e+04,3.861555082582638576e+00
1.027365528093453577e+04,3.861555553401160523e+00
1.027365536721399621e+04,3.861556024208984361e+00
1.027365545349345848e+04,3.861556495006069678e+00
1.027365553977291893e+04,3.861556965792335205e+00
1.027365562605237938e+04,3.861557436567732093e+00
1.027365571233184164e+04,3.861557907332207940e+00
1.027365579861130209e+04,3.861558378085683252e+00
1.027365588489076436e+04,3.861558848828118062e+00
1.027365597117022480e+04,3.861559319559429770e+00
1.027365605744968707e+04,3.861559790279578852e+00
1.027365614372914752e+04,3.861560260988484483e+00
1.027365623000860978e+04,3.861560731686106696e+00
1.027365631628807023e+04,3.861561202372364221e+00
1.027365640256753250e+04,3.861561673047217091e+00
1.027365648884699294e+04,3.861562143710583594e+00
1.027365657512645339e+04,3.861562614362414436e+00
1.027365666140591566e+04,3.861563085002658102e+00
1.027365674768537610e+04,3.861563555631234657e+00
1.027365683396483837e+04,3.861564026248102799e+00
1.027365692024429882e+04,3.861564496853182593e+00
1.027365700652376108e+04,3.861564967446433627e+00
1.027365709280322153e+04,3.861565438027774633e+00
1.027365717908268380e+04,3.861565908597164754e+00
1.027365726536214424e+04,3.861566379154524054e+00
1.027365735164160651e+04,3.861566849699811677e+00
1.027365743792106696e+04,3.861567320232948131e+00
1.027365752420052922e+04,3.861567790753891671e+00
1.027365761047998967e+04,3.861568261262561030e+00
1.027365769675945012e+04,3.861568731758907358e+00
1.027365778303891238e+04,3.861569202242878696e+00
1.027365786931837283e+04,3.861569672714395995e+00
1.027365795559783510e+04,3.861570143173417513e+00
1.027365804187729555e+04,3.861570613619861980e+00
1.027365812815675781e+04,3.861571084053690761e+00
1.027365821443621826e+04,3.861571554474822587e+00
1.027365830071568053e+04,3.861572024883215715e+00
1.027365838699514097e+04,3.861572495278790651e+00
1.027365847327460324e+04,3.861572965661506984e+00
1.027365855955406369e+04,3.861573436031284334e+00
1.027365864583352413e+04,3.861573906388070743e+00
1.027365873211298640e+04,3.861574376731816916e+00
1.027365881839244685e+04,3.861574847062442473e+00
1.027365890467190911e+04,3.861575317379905670e+00
1.027365899095136956e+04,3.861575787684127015e+00
1.027365907723083183e+04,3.861576257975064763e+00
1.027365916351029227e+04,3.861576728252640756e+00
1.027365924978975454e+04,3.861577198516811471e+00
1.027365933606921499e+04,3.861577668767498306e+00
1.027365942234867725e+04,3.861578139004660848e+00
1.027365950862813770e+04,3.861578609228217385e+00
1.027365959490759997e+04,3.861579079438127060e+00
1.027365968118706041e+04,3.861579549634311270e+00
1.027365976746652086e+04,3.861580019816718057e+00
1.027365985374598313e+04,3.861580489985297238e+00
1.027365994002544357e+04,3.861580960139968877e+00
1.027366002630490584e+04,3.861581430280690785e+00
1.027366011258436629e+04,3.861581900407384360e+00
1.027366019886382855e+04,3.861582370520007856e+00
1.027366028514328900e+04,3.861582840618480894e+00
1.027366037142275127e+04,3.861583310702763505e+00
1.027366045770221172e+04,3.861583780772774421e+00
1.027366054398167398e+04,3.861584250828474119e+00
1.027366063026113443e+04,3.861584720869781329e+00
1.027366071654059488e+04,3.861585190896645869e+00
1.027366080282005714e+04,3.861585660909016671e+00
1.027366088909951759e+04,3.861586130906813352e+00
1.027366097537897986e+04,3.861586600889996390e+00
1.027366106165844030e+04,3.861587070858484516e+00
1.027366114793790257e+04,3.861587540812236874e+00
1.027366123421736302e+04,3.861588010751173972e+00
1.027366132049682528e+04,3.861588480675254509e+00
1.027366140677628573e+04,3.861588950584397661e+00
1.027366149305574800e+04,3.861589420478563461e+00
1.027366157933520844e+04,3.861589890357671973e+00
1.027366166561466889e+04,3.861590360221672125e+00
1.027366175189413116e+04,3.861590830070513292e+00
1.027366183817359160e+04,3.861591299904115093e+00
1.027366192445305387e+04,3.861591769722436673e+00
1.027366201073251432e+04,3.861592239525398984e+00
1.027366209701197658e+04,3.861592709312959393e+00
1.027366218329143703e+04,3.861593179085039740e+00
1.027366226957089930e+04,3.861593648841596949e+00
1.027366235585035975e+04,3.861594118582553303e+00
1.027366244212982201e+04,3.861594588307865727e+00
1.027366252840928246e+04,3.861595058017456061e+00
1.027366261468874472e+04,3.861595527711282116e+00
1.027366270096820517e+04,3.861595997389264401e+00
1.027366278724766562e+04,3.861596467051352732e+00
1.027366287352712789e+04,3.861596936697495153e+00
1.027366295980658833e+04,3.861597406327611726e+00
1.027366304608605060e+04,3.861597875941663371e+00
1.027366313236551105e+04,3.861598345539568378e+00
1.027366321864497331e+04,3.861598815121286332e+00
1.027366330492443376e+04,3.861599284686737299e+00
1.027366339120389603e+04,3.861599754235879089e+00
1.027366347748335647e+04,3.861600223768633988e+00
1.027366356376281874e+04,3.861600693284960251e+00
1.027366365004227919e+04,3.861601162784777053e+00
1.027366373632173963e+04,3.861601632268034656e+00
1.027366382260120190e+04,3.861602101734682435e+00
1.027366390888066235e+04,3.861602571184638677e+00
1.027366399516012461e+04,3.861603040617864746e+00
1.027366408143958506e+04,3.861603510034279818e+00
1.027366416771904733e+04,3.861603979433843037e+00
1.027366425399850777e+04,3.861604448816473578e+00
1.027366434027797004e+04,3.861604918182132362e+00
1.027366442655743049e+04,3.861605387530737676e+00
1.027366451283689275e+04,3.861605856862249109e+00
1.027366459911635320e+04,3.861606326176587167e+00
1.027366468539581547e+04,3.861606795473710996e+00
1.027366477167527592e+04,3.861607264753540214e+00
1.027366485795473636e+04,3.861607734016023752e+00
1.027366494423419863e+04,3.861608203261112315e+00
1.027366503051365908e+04,3.861608672488725524e+00
1.027366511679312134e+04,3.861609141698821190e+00
1.027366520307258179e+04,3.861609610891320710e+00
1.027366528935204406e+04,3.861610080066182782e+00
1.027366537563150450e+04,3.861610549223327027e+00
1.027366546191096677e+04,3.861611018362713477e+00
1.027366554819042722e+04,3.861611487484262639e+00
1.027366563446988948e+04,3.861611956587931438e+00
1.027366572074934993e+04,3.861612425673642157e+00
1.027366580702881038e+04,3.861612894741343727e+00
1.027366589330827264e+04,3.861613363790983744e+00
1.027366597958773309e+04,3.861613832822485382e+00
1.027366606586719536e+04,3.861614301835804675e+00
1.027366615214665580e+04,3.861614770830863907e+00
1.027366623842611807e+04,3.861615239807621780e+00
1.027366632470557852e+04,3.861615708765997468e+00
1.027366641098504078e+04,3.861616177705951003e+00
1.027366649726450123e+04,3.861616646627402005e+00
1.027366658354396350e+04,3.861617115530309619e+00
1.027366666982342394e+04,3.861617584414594351e+00
1.027366675610288439e+04,3.861618053280206020e+00
1.027366684238234666e+04,3.861618522127092668e+00
1.027366692866180711e+04,3.861618990955175690e+00
1.027366701494126937e+04,3.861619459764412898e+00
1.027366710122072982e+04,3.861619928554725689e+00
1.027366718750019209e+04,3.861620397326074094e+00
1.027366727377965253e+04,3.861620866078375069e+00
1.027366736005911480e+04,3.861621334811590422e+00
1.027366744633857525e+04,3.861621803525639329e+00
1.027366753261803751e+04,3.861622272220481822e+00
1.027366761889749796e+04,3.861622740896036632e+00
1.027366770517696023e+04,3.861623209552263791e+00
1.027366779145642067e+04,3.861623678189084252e+00
1.027366787773588112e+04,3.861624146806445168e+00
1.027366796401534339e+04,3.861624615404298577e+00
1.027366805029480383e+04,3.861625083982562323e+00
1.027366813657426610e+04,3.861625552541197326e+00
1.027366822285372655e+04,3.861626021080123206e+00
1.027366830913318881e+04,3.861626489599298662e+00
1.027366839541264926e+04,3.861626958098644202e+00
1.027366848169211153e+04,3.861627426578118971e+00
1.027366856797157197e+04,3.861627895037644365e+00
1.027366865425103424e+04,3.861628363477176862e+00
1.027366874053049469e+04,3.861628831896639191e+00
1.027366882680995514e+04,3.861629300295979395e+00
1.027366891308941740e+04,3.861629768675148178e+00
1.027366899936887785e+04,3.861630237034064717e+00
1.027366908564834011e+04,3.861630705372687711e+00
1.027366917192780056e+04,3.861631173690938557e+00
1.027366925820726283e+04,3.861631641988776398e+00
1.027366934448672328e+04,3.861632110266120854e+00
1.027366943076618554e+04,3.861632578522931070e+00
1.027366951704564599e+04,3.861633046759127552e+00
1.027366960332510826e+04,3.861633514974669890e+00
1.027366968960456870e+04,3.861633983169477258e+00
1.027366977588403097e+04,3.861634451343510577e+00
1.027366986216349142e+04,3.861634919496688134e+00
1.027366994844295186e+04,3.861635387628960192e+00
1.027367003472241413e+04,3.861635855740276568e+00
1.027367012100187458e+04,3.861636323830557771e+00
1.027367020728133684e+04,3.861636791899762500e+00
1.027367029356079729e+04,3.861637259947810819e+00
1.027367037984025956e+04,3.861637727974662759e+00
1.027367046611972000e+04,3.861638195980237054e+00
1.027367055239918227e+04,3.861638663964494622e+00
1.027367063867864272e+04,3.861639131927353752e+00
1.027367072495810498e+04,3.861639599868776696e+00
1.027367081123756543e+04,3.861640067788681296e+00
1.027367089751702588e+04,3.861640535687016929e+00
1.027367098379648814e+04,3.861641003563734742e+00
1.027367107007594859e+04,3.861641471418753913e+00
1.027367115635541086e+04,3.861641939252034472e+00
1.027367124263487131e+04,3.861642407063495597e+00
1.027367132891433357e+04,3.861642874853097762e+00
1.027367141519379402e+04,3.861643342620760144e+00
1.027367150147325628e+04,3.861643810366442331e+00
1.027367158775271673e+04,3.861644278090065718e+00
1.027367167403217900e+04,3.861644745791587674e+00
1.027367176031163945e+04,3.861645213470929150e+00
1.027367184659109989e+04,3.861645681128040852e+00
1.027367193287056216e+04,3.861646148762871711e+00
1.027367201915002261e+04,3.861646616375341345e+00
1.027367210542948487e+04,3.861647083965409344e+00
1.027367219170894532e+04,3.861647551532996658e+00
1.027367227798840759e+04,3.861648019078061544e+00
1.027367236426786803e+04,3.861648486600525843e+00
1.027367245054733030e+04,3.861648954100346920e+00
1.027367253682679075e+04,3.861649421577445729e+00
1.027367262310625301e+04,3.861649889031782745e+00
1.027367270938571346e+04,3.861650356463277145e+00
1.027367279566517573e+04,3.861650823871888960e+00
1.027367288194463617e+04,3.861651291257537810e+00
1.027367296822409662e+04,3.861651758620173958e+00
1.027367305450355889e+04,3.861652225959745888e+00
1.027367314078301933e+04,3.861652693276175441e+00
1.027367322706248160e+04,3.861653160569420429e+00
1.027367331334194205e+04,3.861653627839402247e+00
1.027367339962140431e+04,3.861654095086080485e+00
1.027367348590086476e+04,3.861654562309374761e+00
1.027367357218032703e+04,3.861655029509244219e+00
1.027367365845978748e+04,3.861655496685609812e+00
1.027367374473924974e+04,3.861655963838429795e+00
1.027367383101871019e+04,3.861656430967626896e+00
1.027367391729817064e+04,3.861656898073148270e+00
1.027367400357763290e+04,3.861657365154945065e+00
1.027367408985709335e+04,3.861657832212936459e+00
1.027367417613655562e+04,3.861658299247082926e+00
1.027367426241601606e+04,3.861658766257304531e+00
1.027367434869547833e+04,3.861659233243559974e+00
1.027367443497493878e+04,3.861659700205770651e+00
1.027367452125440104e+04,3.861660167143895261e+00
1.027367460753386149e+04,3.861660634057854757e+00
1.027367469381332376e+04,3.861661100947606950e+00
1.027367478009278420e+04,3.861661567813074569e+00
1.027367486637224465e+04,3.861662034654205655e+00
1.027367495265170692e+04,3.861662501470950470e+00
1.027367503893116736e+04,3.861662968263229523e+00
1.027367512521062963e+04,3.861663435031001512e+00
1.027367521149009008e+04,3.861663901774186947e+00
1.027367529776955234e+04,3.861664368492746302e+00
1.027367538404901279e+04,3.861664835186598754e+00
1.027367547032847506e+04,3.861665301855705223e+00
1.027367555660793550e+04,3.861665768499984441e+00
1.027367564288739777e+04,3.861666235119396440e+00
1.027367572916685822e+04,3.861666701713861727e+00
1.027367581544632048e+04,3.861667168283339890e+00
1.027367590172578093e+04,3.861667634827751439e+00
1.027367598800524138e+04,3.861668101347045745e+00
1.027367607428470365e+04,3.861668567841172184e+00
1.027367616056416409e+04,3.861669034310052151e+00
1.027367624684362636e+04,3.861669500753645234e+00
1.027367633312308681e+04,3.861669967171870166e+00
1.027367641940254907e+04,3.861670433564687865e+00
1.027367650568200952e+04,3.861670899932017953e+00
1.027367659196147179e+04,3.861671366273820905e+00
1.027367667824093223e+04,3.861671832590015452e+00
1.027367676452039450e+04,3.861672298880563403e+00
1.027367685079985495e+04,3.861672765145383490e+00
1.027367693707931539e+04,3.861673231384426419e+00
1.027367702335877766e+04,3.861673697597641564e+00
1.027367710963823811e+04,3.861674163784948099e+00
1.027367719591770037e+04,3.861674629946307835e+00
1.027367728219716082e+04,3.861675096081639946e+00
1.027367736847662309e+04,3.861675562190903577e+00
1.027367745475608353e+04,3.861676028274020567e+00
1.027367754103554580e+04,3.861676494330949616e+00
1.027367762731500625e+04,3.861676960361610345e+00
1.027367771359446851e+04,3.861677426365964116e+00
1.027367779987392896e+04,3.861677892343929663e+00
1.027367788615339123e+04,3.861678358295467905e+00
1.027367797243285167e+04,3.861678824220498019e+00
1.027367805871231212e+04,3.861679290118970709e+00
1.027367814499177439e+04,3.861679755990835794e+00
1.027367823127123484e+04,3.861680221836013338e+00
1.027367831755069710e+04,3.861680687654462929e+00
1.027367840383015755e+04,3.861681153446105519e+00
1.027367849010961982e+04,3.861681619210900696e+00
1.027367857638908026e+04,3.861682084948767635e+00
1.027367866266854253e+04,3.861682550659667701e+00
1.027367874894800298e+04,3.861683016343520070e+00
1.027367883522746524e+04,3.861683482000285661e+00
1.027367892150692569e+04,3.861683947629883651e+00
1.027367900778638614e+04,3.861684413232264301e+00
1.027367909406584840e+04,3.861684878807377430e+00
1.027367918034530885e+04,3.861685344355143990e+00
1.027367926662477112e+04,3.861685809875523123e+00
1.027367935290423156e+04,3.861686275368436227e+00
1.027367943918369383e+04,3.861686740833841114e+00
1.027367952546315428e+04,3.861687206271659623e+00
1.027367961174261654e+04,3.861687671681851786e+00
1.027367969802207699e+04,3.861688137064336779e+00
1.027367978430153926e+04,3.861688602419075522e+00
1.027367987058099970e+04,3.861689067745987636e+00
1.027367995686046015e+04,3.861689533045023381e+00
1.027368004313992242e+04,3.861689998316133021e+00
1.027368012941938287e+04,3.861690463559236175e+00
1.027368021569884513e+04,3.861690928774293319e+00
1.027368030197830558e+04,3.861691393961224517e+00
1.027368038825776785e+04,3.861691859119989800e+00
1.027368047453722829e+04,3.861692324250509234e+00
1.027368056081669056e+04,3.861692789352743294e+00
1.027368064709615101e+04,3.861693254426612043e+00
1.027368073337561327e+04,3.861693719472074182e+00
1.027368081965507372e+04,3.861694184489052439e+00
1.027368090593453599e+04,3.861694649477505070e+00
1.027368099221399643e+04,3.861695114437352583e+00
1.027368107849345688e+04,3.861695579368545239e+00
1.027368116477291915e+04,3.861696044271033745e+00
1.027368125105237959e+04,3.861696509144737277e+00
1.027368133733184186e+04,3.861696973989616311e+00
1.027368142361130231e+04,3.861697438805590910e+00
1.027368150989076457e+04,3.861697903592621550e+00
1.027368159617022502e+04,3.861698368350628296e+00
1.027368168244968729e+04,3.861698833079571624e+00
1.027368176872914773e+04,3.861699297779371154e+00
1.027368185500861000e+04,3.861699762449987805e+00
1.027368194128807045e+04,3.861700227091340309e+00
1.027368202756753089e+04,3.861700691703380262e+00
1.027368211384699316e+04,3.861701156286057479e+00
1.027368220012645361e+04,3.861701620839291582e+00
1.027368228640591587e+04,3.861702085363043491e+00
1.027368237268537632e+04,3.861702549857233713e+00
1.027368245896483859e+04,3.861703014321820948e+00
1.027368254524429904e+04,3.861703478756725705e+00
1.027368263152376130e+04,3.861703943161909791e+00
1.027368271780322175e+04,3.861704407537292827e+00
1.027368280408268402e+04,3.861704871882833512e+00
1.027368289036214446e+04,3.861705336198453686e+00
1.027368297664160673e+04,3.861705800484113382e+00
1.027368306292106718e+04,3.861706264739733108e+00
1.027368314920052762e+04,3.861706728965261792e+00
1.027368323547998989e+04,3.861707193160649254e+00
1.027368332175945034e+04,3.861707657325818221e+00
1.027368340803891260e+04,3.861708121460727838e+00
1.027368349431837305e+04,3.861708585565296836e+00
1.027368358059783532e+04,3.861709049639487468e+00
1.027368366687729576e+04,3.861709513683219352e+00
1.027368375315675803e+04,3.861709977696452079e+00
1.027368383943621848e+04,3.861710441679106598e+00
1.027368392571568074e+04,3.861710905631143831e+00
1.027368401199514119e+04,3.861711369552482509e+00
1.027368409827460164e+04,3.861711833443073782e+00
1.027368418455406390e+04,3.861712297302867913e+00
1.027368427083352435e+04,3.861712761131785854e+00
1.027368435711298662e+04,3.861713224929786303e+00
1.027368444339244706e+04,3.861713688696790214e+00
1.027368452967190933e+04,3.861714152432757619e+00
1.027368461595136978e+04,3.861714616137610356e+00
1.027368470223083204e+04,3.861715079811306683e+00
1.027368478851029249e+04,3.861715543453768440e+00
1.027368487478975476e+04,3.861716007064954770e+00
1.027368496106921521e+04,3.861716470644787069e+00
1.027368504734867565e+04,3.861716934193215156e+00
1.027368513362813792e+04,3.861717397710189292e+00
1.027368521990759837e+04,3.861717861195629542e+00
1.027368530618706063e+04,3.861718324649496825e+00
1.027368539246652108e+04,3.861718788071711206e+00
1.027368547874598335e+04,3.861719251462232272e+00
1.027368556502544379e+04,3.861719714820982308e+00
1.027368565130490606e+04,3.861720178147919569e+00
1.027368573758436651e+04,3.861720641442965896e+00
1.027368582386382877e+04,3.861721104706080432e+00
1.027368591014328922e+04,3.861721567937184574e+00
1.027368599642275149e+04,3.861722031136238353e+00
1.027368608270221193e+04,3.861722494303161390e+00
1.027368616898167238e+04,3.861722957437904835e+00
1.027368625526113465e+04,3.861723420540419394e+00
1.027368634154059509e+04,3.861723883610625130e+00
1.027368642782005736e+04,3.861724346648481632e+00
1.027368651409951781e+04,3.861724809653910739e+00
1.027368660037898007e+04,3.861725272626871597e+00
1.027368668665844052e+04,3.861725735567285156e+00
1.027368677293790279e+04,3.861726198475111005e+00
1.027368685921736324e+04,3.861726661350270540e+00
1.027368694549682550e+04,3.861727124192724236e+00
1.027368703177628595e+04,3.861727587002392603e+00
1.027368711805574640e+04,3.861728049779225458e+00
1.027368720433520866e+04,3.861728512523172618e+00
1.027368729061466911e+04,3.861728975234155925e+00
1.027368737689413138e+04,3.861729437912134966e+00
1.027368746317359182e+04,3.861729900557030248e+00
1.027368754945305409e+04,3.861730363168802693e+00
1.027368763573251454e+04,3.861730825747372364e+00
1.027368772201197680e+04,3.861731288292699293e+00
1.027368780829143725e+04,3.861731750804704433e+00
1.027368789457089952e+04,3.861732213283348703e+00
1.027368798085035996e+04,3.861732675728552167e+00
1.027368806712982223e+04,3.861733138140274413e+00
1.027368815340928268e+04,3.861733600518436837e+00
1.027368823968874312e+04,3.861734062862990147e+00
1.027368832596820539e+04,3.861734525173883270e+00
1.027368841224766584e+04,3.861734987451039380e+00
1.027368849852712810e+04,3.861735449694416733e+00
1.027368858480658855e+04,3.861735911903936724e+00
1.027368867108605082e+04,3.861736374079558942e+00
1.027368875736551126e+04,3.861736836221204339e+00
1.027368884364497353e+04,3.861737298328834278e+00
1.027368892992443398e+04,3.861737760402369268e+00
1.027368901620389624e+04,3.861738222441768453e+00
1.027368910248335669e+04,3.861738684446952785e+00
1.027368918876281714e+04,3.861739146417874302e+00
1.027368927504227941e+04,3.861739608354481490e+00
1.027368936132173985e+04,3.861740070256695301e+00
1.027368944760120212e+04,3.861740532124477099e+00
1.027368953388066257e+04,3.861740993957746504e+00
1.027368962016012483e+04,3.861741455756464880e+00
1.027368970643958528e+04,3.861741917520553180e+00
1.027368979271904755e+04,3.861742379249970547e+00
1.027368987899850799e+04,3.861742840944637933e+00
1.027368996527797026e+04,3.861743302604516703e+00
1.027369005155743071e+04,3.861743764229527365e+00
1.027369013783689115e+04,3.861744225819619292e+00
1.027369022411635342e+04,3.861744687374743190e+00
1.027369031039581387e+04,3.861745148894821789e+00
1.027369039667527613e+04,3.861745610379812899e+00
1.027369048295473658e+04,3.861746071829638804e+00
1.027369056923419885e+04,3.861746533244259982e+00
1.027369065551365929e+04,3.861746994623595608e+00
1.027369074179312156e+04,3.861747455967607934e+00
1.027369082807258201e+04,3.861747917276217024e+00
1.027369091435204427e+04,3.861748378549383798e+00
1.027369100063150472e+04,3.861748839787027876e+00
1.027369108691096699e+04,3.861749300989111511e+00
1.027369117319042743e+04,3.861749762155553878e+00
1.027369125946988788e+04,3.861750223286305239e+00
1.027369134574935015e+04,3.861750684381318077e+00
1.027369143202881060e+04,3.861751145440512012e+00
1.027369151830827286e+04,3.861751606463846631e+00
1.027369160458773331e+04,3.861752067451244663e+00
1.027369169086719558e+04,3.861752528402665696e+00
1.027369177714665602e+04,3.861752989318029794e+00
1.027369186342611829e+04,3.861753450197298321e+00
1.027369194970557874e+04,3.861753911040393117e+00
1.027369203598504100e+04,3.861754371847272438e+00
1.027369212226450145e+04,3.861754832617858124e+00
1.027369220854396190e+04,3.861755293352101326e+00
1.027369229482342416e+04,3.861755754049952305e+00
1.027369238110288461e+04,3.861756214711331570e+00
1.027369246738234688e+04,3.861756675336200040e+00
1.027369255366180732e+04,3.861757135924477335e+00
1.027369263994126959e+04,3.861757596476126597e+00
1.027369272622073004e+04,3.861758056991066557e+00
1.027369281250019230e+04,3.861758517469258134e+00
1.027369289877965275e+04,3.861758977910623170e+00
1.027369298505911502e+04,3.861759438315120807e+00
1.027369307133857546e+04,3.861759898682672443e+00
1.027369315761803591e+04,3.861760359013230115e+00
1.027369324389749818e+04,3.861760819306742309e+00
1.027369333017695863e+04,3.861761279563131755e+00
1.027369341645642089e+04,3.861761739782356706e+00
1.027369350273588134e+04,3.861762199964340780e+00
1.027369358901534360e+04,3.861762660109043122e+00
1.027369367529480405e+04,3.861763120216385570e+00
1.027369376157426632e+04,3.861763580286326825e+00
1.027369384785372677e+04,3.861764040318789615e+00
1.027369393413318903e+04,3.861764500313733972e+00
1.027369402041264948e+04,3.861764960271080849e+00
1.027369410669211175e+04,3.861765420190790721e+00
1.027369419297157219e+04,3.861765880072785428e+00
1.027369427925103264e+04,3.861766339917014790e+00
1.027369436553049491e+04,3.861766799723428623e+00
1.027369445180995535e+04,3.861767259491949655e+00
1.027369453808941762e+04,3.861767719222537920e+00
1.027369462436887807e+04,3.861768178915113925e+00
1.027369471064834033e+04,3.861768638569639034e+00
1.027369479692780078e+04,3.861769098186034643e+00
1.027369488320726305e+04,3.861769557764259453e+00
1.027369496948672349e+04,3.861770017304236191e+00
1.027369505576618576e+04,3.861770476805924446e+00
1.027369514204564621e+04,3.861770936269246501e+00
1.027369522832510665e+04,3.861771395694153064e+00
1.027369531460456892e+04,3.861771855080593507e+00
1.027369540088402937e+04,3.861772314428489672e+00
1.027369548716349163e+04,3.861772773737801145e+00
1.027369557344295208e+04,3.861773233008451545e+00
1.027369565972241435e+04,3.861773692240400013e+00
1.027369574600187480e+04,3.861774151433566615e+00
1.027369583228133706e+04,3.861774610587914047e+00
1.027369591856079751e+04,3.861775069703361485e+00
1.027369600484025977e+04,3.861775528779871625e+00
1.027369609111972022e+04,3.861775987817363642e+00
1.027369617739918249e+04,3.861776446815799790e+00
1.027369626367864294e+04,3.861776905775100133e+00
1.027369634995810338e+04,3.861777364695216264e+00
1.027369643623756565e+04,3.861777823576098001e+00
1.027369652251702610e+04,3.861778282417666741e+00
1.027369660879648836e+04,3.861778741219884292e+00
1.027369669507594881e+04,3.861779199982671162e+00
1.027369678135541108e+04,3.861779658705987384e+00
1.027369686763487152e+04,3.861780117389754796e+00
1.027369695391433379e+04,3.861780576033934320e+00
1.027369704019379424e+04,3.861781034638446464e+00
1.027369712647325650e+04,3.861781493203252591e+00
1.027369721275271695e+04,3.861781951728273210e+00
1.027369729903217740e+04,3.861782410213459915e+00
1.027369738531163966e+04,3.861782868658763412e+00
1.027369747159110011e+04,3.861783327064104210e+00
1.027369755787056238e+04,3.861783785429443672e+00
1.027369764415002282e+04,3.861784243754703194e+00
1.027369773042948509e+04,3.861784702039843253e+00
1.027369781670894554e+04,3.861785160284785690e+00
1.027369790298840780e+04,3.861785618489489202e+00
1.027369798926786825e+04,3.861786076653877853e+00
1.027369807554733052e+04,3.861786534777910340e+00
1.027369816182679097e+04,3.861786992861508949e+00
1.027369824810625141e+04,3.861787450904624386e+00
1.027369833438571368e+04,3.861787908907208244e+00
1.027369842066517413e+04,3.861788366869180145e+00
1.027369850694463639e+04,3.861788824790501451e+00
1.027369859322409684e+04,3.861789282671094448e+00
1.027369867950355911e+04,3.861789740510919167e+00
1.027369876578301955e+04,3.861790198309897448e+00
1.027369885206248182e+04,3.861790656067988881e+00
1.027369893834194227e+04,3.861791113785115748e+00
1.027369902462140453e+04,3.861791571461239414e+00
1.027369911090086498e+04,3.861792029096279943e+00
1.027369919718032725e+04,3.861792486690198256e+00
1.027369928345978769e+04,3.861792944242917081e+00
1.027369936973924814e+04,3.861793401754386679e+00
1.027369945601871041e+04,3.861793859224556869e+00
1.027369954229817085e+04,3.861794316653350378e+00
1.027369962857763312e+04,3.861794774040727685e+00
1.027369971485709357e+04,3.861795231386610627e+00
1.027369980113655583e+04,3.861795688690959683e+00
1.027369988741601628e+04,3.861796145953694914e+00
1.027369997369547855e+04,3.861796603174779019e+00
1.027370005997493899e+04,3.861797060354133393e+00
1.027370014625440126e+04,3.861797517491718068e+00
1.027370023253386171e+04,3.861797974587453997e+00
1.027370031881332216e+04,3.861798431641294105e+00
1.027370040509278442e+04,3.861798888653186879e+00
1.027370049137224487e+04,3.861799345623055491e+00
1.027370057765170714e+04,3.861799802550860861e+00
1.027370066393116758e+04,3.861800259436523941e+00
1.027370075021062985e+04,3.861800716280005208e+00
1.027370083649009030e+04,3.861801173081226946e+00
1.027370092276955256e+04,3.861801629840150074e+00
1.027370100904901301e+04,3.861802086556695990e+00
1.027370109532847528e+04,3.861802543230823836e+00
1.027370118160793572e+04,3.861802999862458563e+00
1.027370126788739799e+04,3.861803456451557981e+00
1.027370135416685844e+04,3.861803912998044375e+00
1.027370144044631888e+04,3.861804369501870227e+00
1.027370152672578115e+04,3.861804825962985799e+00
1.027370161300524160e+04,3.861805282381312043e+00
1.027370169928470386e+04,3.861805738756809436e+00
1.027370178556416431e+04,3.861806195089401594e+00
1.027370187184362658e+04,3.861806651379048549e+00
1.027370195812308702e+04,3.861807107625670810e+00
1.027370204440254929e+04,3.861807563829230183e+00
1.027370213068200974e+04,3.861808019989647622e+00
1.027370221696147200e+04,3.861808476106885823e+00
1.027370230324093245e+04,3.861808932180864851e+00
1.027370238952039290e+04,3.861809388211535410e+00
1.027370247579985516e+04,3.861809844198850428e+00
1.027370256207931561e+04,3.861810300142729968e+00
1.027370264835877788e+04,3.861810756043135395e+00
1.027370273463823833e+04,3.861811211899988550e+00
1.027370282091770059e+04,3.861811667713250795e+00
1.027370290719716104e+04,3.861812123482843528e+00
1.027370299347662331e+04,3.861812579208726781e+00
1.027370307975608375e+04,3.861813034890823726e+00
1.027370316603554602e+04,3.861813490529093951e+00
1.027370325231500647e+04,3.861813946123459296e+00
1.027370333859446691e+04,3.861814401673872243e+00
1.027370342487392918e+04,3.861814857180283944e+00
1.027370351115338963e+04,3.861815312642614462e+00
1.027370359743285189e+04,3.861815768060825604e+00
1.027370368371231234e+04,3.861816223434839657e+00
1.027370376999177461e+04,3.861816678764616650e+00
1.027370385627123505e+04,3.861817134050078870e+00
1.027370394255069732e+04,3.861817589291187236e+00
1.027370402883015777e+04,3.861818044487864032e+00
1.027370411510962003e+04,3.861818499640069291e+00
1.027370420138908048e+04,3.861818954747725741e+00
1.027370428766854275e+04,3.861819409810794301e+00
1.027370437394800319e+04,3.861819864829195925e+00
1.027370446022746364e+04,3.861820319802882651e+00
1.027370454650692591e+04,3.861820774731805628e+00
1.027370463278638636e+04,3.861821229615886253e+00
1.027370471906584862e+04,3.861821684455085890e+00
1.027370480534530907e+04,3.861822139249325936e+00
1.027370489162477134e+04,3.861822593998568198e+00
1.027370497790423178e+04,3.861823048702733630e+00
1.027370506418369405e+04,3.861823503361784038e+00
1.027370515046315450e+04,3.861823957975641708e+00
1.027370523674261676e+04,3.861824412544265783e+00
1.027370532302207721e+04,3.861824867067580769e+00
1.027370540930153766e+04,3.861825321545536482e+00
1.027370549558099992e+04,3.861825775978083630e+00
1.027370558186046037e+04,3.861826230365145385e+00
1.027370566813992264e+04,3.861826684706681334e+00
1.027370575441938308e+04,3.861827139002615095e+00
1.027370584069884535e+04,3.861827593252907587e+00
1.027370592697830580e+04,3.861828047457479318e+00
1.027370601325776806e+04,3.861828501616292098e+00
1.027370609953722851e+04,3.861828955729268653e+00
1.027370618581669078e+04,3.861829409796369017e+00
1.027370627209615122e+04,3.861829863817516362e+00
1.027370635837561349e+04,3.861830317792670275e+00
1.027370644465507394e+04,3.861830771721753486e+00
1.027370653093453438e+04,3.861831225604718032e+00
1.027370661721399665e+04,3.861831679441514176e+00
1.027370670349345710e+04,3.861832133232064201e+00
1.027370678977291936e+04,3.861832586976329473e+00
1.027370687605237981e+04,3.861833040674232720e+00
1.027370696233184208e+04,3.861833494325733529e+00
1.027370704861130253e+04,3.861833947930755073e+00
1.027370713489076479e+04,3.861834401489258273e+00
1.027370722117022524e+04,3.861834855001164968e+00
1.027370730744968751e+04,3.861835308466436079e+00
1.027370739372914795e+04,3.861835761884994778e+00
1.027370748000860840e+04,3.861836215256791771e+00
1.027370756628807067e+04,3.861836668581777765e+00
1.027370765256753111e+04,3.861837121859875488e+00
1.027370773884699338e+04,3.861837575091046304e+00
1.027370782512645383e+04,3.861838028275212054e+00
1.027370791140591609e+04,3.861838481412334545e+00
1.027370799768537654e+04,3.861838934502334730e+00
1.027370808396483881e+04,3.861839387545175306e+00
1.027370817024429925e+04,3.861839840540777224e+00
1.027370825652376152e+04,3.861840293489102294e+00
1.027370834280322197e+04,3.861840746390071466e+00
1.027370842908268241e+04,3.861841199243638556e+00
1.027370851536214468e+04,3.861841652049752938e+00
1.027370860164160513e+04,3.861842104808338227e+00
1.027370868792106739e+04,3.861842557519353569e+00
1.027370877420052784e+04,3.861843010182723912e+00
1.027370886047999011e+04,3.861843462798407955e+00
1.027370894675945055e+04,3.861843915366330648e+00
1.027370903303891282e+04,3.861844367886450247e+00
1.027370911931837327e+04,3.861844820358691255e+00
1.027370920559783553e+04,3.861845272783013261e+00
1.027370929187729598e+04,3.861845725159340326e+00
1.027370937815675825e+04,3.861846177487632037e+00
1.027370946443621870e+04,3.861846629767811567e+00
1.027370955071567914e+04,3.861847081999830067e+00
1.027370963699514141e+04,3.861847534183639574e+00
1.027370972327460186e+04,3.861847986319161929e+00
1.027370980955406412e+04,3.861848438406358497e+00
1.027370989583352457e+04,3.861848890445151117e+00
1.027370998211298684e+04,3.861849342435502042e+00
1.027371006839244728e+04,3.861849794377333112e+00
1.027371015467190955e+04,3.861850246270605691e+00
1.027371024095137000e+04,3.861850698115242064e+00
1.027371032723083226e+04,3.861851149911203152e+00
1.027371041351029271e+04,3.861851601658412569e+00
1.027371049978975316e+04,3.861852053356820136e+00
1.027371058606921542e+04,3.861852505006378777e+00
1.027371067234867587e+04,3.861852956607010778e+00
1.027371075862813814e+04,3.861853408158676171e+00
1.027371084490759858e+04,3.861853859661299015e+00
1.027371093118706085e+04,3.861854311114839788e+00
1.027371101746652130e+04,3.861854762519221218e+00
1.027371110374598356e+04,3.861855213874404669e+00
1.027371119002544401e+04,3.861855665180311536e+00
1.027371127630490628e+04,3.861856116436904962e+00
1.027371136258436673e+04,3.861856567644105898e+00
1.027371144886382717e+04,3.861857018801867270e+00
1.027371153514328944e+04,3.861857469910139784e+00
1.027371162142274989e+04,3.861857920968845281e+00
1.027371170770221215e+04,3.861858371977946458e+00
1.027371179398167260e+04,3.861858822937366043e+00
1.027371188026113487e+04,3.861859273847064511e+00
1.027371196654059531e+04,3.861859724706964592e+00
1.027371205282005758e+04,3.861860175517027205e+00
1.027371213909951803e+04,3.861860626277175523e+00
1.027371222537898029e+04,3.861861076987370911e+00
1.027371231165844074e+04,3.861861527647535208e+00
1.027371239793790301e+04,3.861861978257631112e+00
1.027371248421736345e+04,3.861862428817580462e+00
1.027371257049682390e+04,3.861862879327334408e+00
1.027371265677628617e+04,3.861863329786845878e+00
1.027371274305574661e+04,3.861863780196036711e+00
1.027371282933520888e+04,3.861864230554867827e+00
1.027371291561466933e+04,3.861864680863263288e+00
1.027371300189413159e+04,3.861865131121183126e+00
1.027371308817359204e+04,3.861865581328550956e+00
1.027371317445305431e+04,3.861866031485328143e+00
1.027371326073251475e+04,3.861866481591436084e+00
1.027371334701197702e+04,3.861866931646837475e+00
1.027371343329143747e+04,3.861867381651455045e+00
1.027371351957089792e+04,3.861867831605239942e+00
1.027371360585036018e+04,3.861868281508143763e+00
1.027371369212982063e+04,3.861868731360089679e+00
1.027371377840928290e+04,3.861869181161039055e+00
1.027371386468874334e+04,3.861869630910915063e+00
1.027371395096820561e+04,3.861870080609677736e+00
1.027371403724766606e+04,3.861870530257252021e+00
1.027371412352712832e+04,3.861870979853597508e+00
1.027371420980658877e+04,3.861871429398638256e+00
1.027371429608605104e+04,3.861871878892333854e+00
1.027371438236551148e+04,3.861872328334609250e+00
1.027371446864497375e+04,3.861872777725424921e+00
1.027371455492443420e+04,3.861873227064704484e+00
1.027371464120389464e+04,3.861873676352398199e+00
1.027371472748335691e+04,3.861874125588458107e+00
1.027371481376281736e+04,3.861874574772809154e+00
1.027371490004227962e+04,3.861875023905410487e+00
1.027371498632174007e+04,3.861875472986186164e+00
1.027371507260120234e+04,3.861875922015097107e+00
1.027371515888066278e+04,3.861876370992066043e+00
1.027371524516012505e+04,3.861876819917055670e+00
1.027371533143958550e+04,3.861877268789988271e+00
1.027371541771904776e+04,3.861877717610824323e+00
1.027371550399850821e+04,3.861878166379488331e+00
1.027371559027796866e+04,3.861878615095931888e+00
1.027371567655743092e+04,3.861879063760105257e+00
1.027371576283689137e+04,3.861879512371932943e+00
1.027371584911635364e+04,3.861879960931376754e+00
1.027371593539581409e+04,3.861880409438358086e+00
1.027371602167527635e+04,3.861880857892839636e+00
1.027371610795473680e+04,3.861881306294745020e+00
1.027371619423419907e+04,3.861881754644033826e+00
1.027371628051365951e+04,3.861882202940630560e+00
1.027371636679312178e+04,3.861882651184496140e+00
1.027371645307258223e+04,3.861883099375554185e+00
1.027371653935204267e+04,3.861883547513756731e+00
1.027371662563150494e+04,3.861883995599054931e+00
1.027371671191096539e+04,3.861884443631371955e+00
1.027371679819042765e+04,3.861884891610669168e+00
1.027371688446988810e+04,3.861885339536870632e+00
1.027371697074935037e+04,3.861885787409937709e+00
1.027371705702881081e+04,3.861886235229792685e+00
1.027371714330827308e+04,3.861886682996397369e+00
1.027371722958773353e+04,3.861887130709675375e+00
1.027371731586719579e+04,3.861887578369588070e+00
1.027371740214665624e+04,3.861888025976058625e+00
1.027371748842611851e+04,3.861888473529048849e+00
1.027371757470557895e+04,3.861888921028481469e+00
1.027371766098503940e+04,3.861889368474308526e+00
1.027371774726450167e+04,3.861889815866482056e+00
1.027371783354396212e+04,3.861890263204925677e+00
1.027371791982342438e+04,3.861890710489600309e+00
1.027371800610288483e+04,3.861891157720429568e+00
1.027371809238234709e+04,3.861891604897375263e+00
1.027371817866180754e+04,3.861892052020361010e+00
1.027371826494126981e+04,3.861892499089346842e+00
1.027371835122073026e+04,3.861892946104257707e+00
1.027371843750019252e+04,3.861893393065053637e+00
1.027371852377965297e+04,3.861893839971659137e+00
1.027371861005911342e+04,3.861894286824027134e+00
1.027371869633857568e+04,3.861894733622107445e+00
1.027371878261803613e+04,3.861895180365824132e+00
1.027371886889749840e+04,3.861895627055139446e+00
1.027371895517695884e+04,3.861896073689977005e+00
1.027371904145642111e+04,3.861896520270297284e+00
1.027371912773588156e+04,3.861896966796024344e+00
1.027371921401534382e+04,3.861897413267119550e+00
1.027371930029480427e+04,3.861897859683506518e+00
1.027371938657426654e+04,3.861898306045147500e+00
1.027371947285372698e+04,3.861898752351964781e+00
1.027371955913318925e+04,3.861899198603921057e+00
1.027371964541264970e+04,3.861899644800938614e+00
1.027371973169211014e+04,3.861900090942969488e+00
1.027371981797157241e+04,3.861900537029967495e+00
1.027371990425103286e+04,3.861900983061854919e+00
1.027371999053049512e+04,3.861901429038593569e+00
1.027372007680995557e+04,3.861901874960107506e+00
1.027372016308941784e+04,3.861902320826357204e+00
1.027372024936887829e+04,3.861902766637266282e+00
1.027372033564834055e+04,3.861903212392798324e+00
1.027372042192780100e+04,3.861903658092873837e+00
1.027372050820726326e+04,3.861904103737457739e+00
1.027372059448672371e+04,3.861904549326471425e+00
1.027372068076618416e+04,3.861904994859868268e+00
1.027372076704564643e+04,3.861905440337599416e+00
1.027372085332510687e+04,3.861905885759588930e+00
1.027372093960456914e+04,3.861906331125798175e+00
1.027372102588402959e+04,3.861906776436151212e+00
1.027372111216349185e+04,3.861907221690610292e+00
1.027372119844295230e+04,3.861907666889097701e+00
1.027372128472241457e+04,3.861908112031576135e+00
1.027372137100187501e+04,3.861908557117969654e+00
1.027372145728133728e+04,3.861909002148238290e+00
1.027372154356079773e+04,3.861909447122306549e+00
1.027372162984025817e+04,3.861909892040127801e+00
1.027372171611972044e+04,3.861910336901653196e+00
1.027372180239918089e+04,3.861910781706806794e+00
1.027372188867864315e+04,3.861911226455549517e+00
1.027372197495810360e+04,3.861911671147805425e+00
1.027372206123756587e+04,3.861912115783536770e+00
1.027372214751702631e+04,3.861912560362667612e+00
1.027372223379648858e+04,3.861913004885158873e+00
1.027372232007594903e+04,3.861913449350935501e+00
1.027372240635541129e+04,3.861913893759957528e+00
1.027372249263487174e+04,3.861914338112149458e+00
1.027372257891433401e+04,3.861914782407473545e+00
1.027372266519379446e+04,3.861915226645853405e+00
1.027372275147325490e+04,3.861915670827241076e+00
1.027372283775271717e+04,3.861916114951589929e+00
1.027372292403217762e+04,3.861916559018822248e+00
1.027372301031163988e+04,3.861917003028900286e+00
1.027372309659110033e+04,3.861917446981748103e+00
1.027372318287056260e+04,3.861917890877327508e+00
1.027372326915002304e+04,3.861918334715563006e+00
1.027372335542948531e+04,3.861918778496415960e+00
1.027372344170894576e+04,3.861919222219809988e+00
1.027372352798840802e+04,3.861919665885706010e+00
1.027372361426786847e+04,3.861920109494030751e+00
1.027372370054732892e+04,3.861920553044734028e+00
1.027372378682679118e+04,3.861920996537769213e+00
1.027372387310625163e+04,3.861921439973059478e+00
1.027372395938571390e+04,3.861921883350568407e+00
1.027372404566517434e+04,3.861922326670217842e+00
1.027372413194463661e+04,3.861922769931971366e+00
1.027372421822409706e+04,3.861923213135751709e+00
1.027372430450355932e+04,3.861923656281521566e+00
1.027372439078301977e+04,3.861924099369205887e+00
1.027372447706248204e+04,3.861924542398763815e+00
1.027372456334194248e+04,3.861924985370122076e+00
1.027372464962140475e+04,3.861925428283240258e+00
1.027372473590086520e+04,3.861925871138044641e+00
1.027372482218032565e+04,3.861926313934486377e+00
1.027372490845978791e+04,3.861926756672518390e+00
1.027372499473924836e+04,3.861927199352064299e+00
1.027372508101871063e+04,3.861927641973086356e+00
1.027372516729817107e+04,3.861928084535508177e+00
1.027372525357763334e+04,3.861928527039292458e+00
1.027372533985709379e+04,3.861928969484363261e+00
1.027372542613655605e+04,3.861929411870681950e+00
1.027372551241601650e+04,3.861929854198173029e+00
1.027372559869547877e+04,3.861930296466798307e+00
1.027372568497493921e+04,3.861930738676482289e+00
1.027372577125439966e+04,3.861931180827177457e+00
1.027372585753386193e+04,3.861931622918835849e+00
1.027372594381332237e+04,3.861932064951381971e+00
1.027372603009278464e+04,3.861932506924777631e+00
1.027372611637224509e+04,3.861932948838947333e+00
1.027372620265170735e+04,3.861933390693852886e+00
1.027372628893116780e+04,3.861933832489418794e+00
1.027372637521063007e+04,3.861934274225605979e+00
1.027372646149009051e+04,3.861934715902340720e+00
1.027372654776955278e+04,3.861935157519583495e+00
1.027372663404901323e+04,3.861935599077258807e+00
1.027372672032847368e+04,3.861936040575319140e+00
1.027372680660793594e+04,3.861936482013717420e+00
1.027372689288739639e+04,3.861936923392378151e+00
1.027372697916685865e+04,3.861937364711262699e+00
1.027372706544631910e+04,3.861937805970296012e+00
1.027372715172578137e+04,3.861938247169440341e+00
1.027372723800524182e+04,3.861938688308618861e+00
1.027372732428470408e+04,3.861939129387794267e+00
1.027372741056416453e+04,3.861939570406891953e+00
1.027372749684362680e+04,3.861940011365872394e+00
1.027372758312308724e+04,3.861940452264660095e+00
1.027372766940254951e+04,3.861940893103218198e+00
1.027372775568200996e+04,3.861941333881470761e+00
1.027372784196147040e+04,3.861941774599370714e+00
1.027372792824093267e+04,3.861942215256869648e+00
1.027372801452039312e+04,3.861942655853892958e+00
1.027372810079985538e+04,3.861943096390402008e+00
1.027372818707931583e+04,3.861943536866321747e+00
1.027372827335877810e+04,3.861943977281614426e+00
1.027372835963823854e+04,3.861944417636204552e+00
1.027372844591770081e+04,3.861944857930054376e+00
1.027372853219716126e+04,3.861945298163087514e+00
1.027372861847662352e+04,3.861945738335266221e+00
1.027372870475608397e+04,3.861946178446516331e+00
1.027372879103554442e+04,3.861946618496789441e+00
1.027372887731500668e+04,3.861947058486038475e+00
1.027372896359446713e+04,3.861947498414187940e+00
1.027372904987392940e+04,3.861947938281200088e+00
1.027372913615338985e+04,3.861948378086999867e+00
1.027372922243285211e+04,3.861948817831549530e+00
1.027372930871231256e+04,3.861949257514772249e+00
1.027372939499177483e+04,3.861949697136632054e+00
1.027372948127123527e+04,3.861950136697052560e+00
1.027372956755069754e+04,3.861950576195996465e+00
1.027372965383015799e+04,3.861951015633387385e+00
1.027372974010961843e+04,3.861951455009179579e+00
1.027372982638908070e+04,3.861951894323324197e+00
1.027372991266854115e+04,3.861952333575747076e+00
1.027372999894800341e+04,3.861952772766410913e+00
1.027373008522746386e+04,3.861953211895239768e+00
1.027373017150692613e+04,3.861953650962195006e+00
1.027373025778638657e+04,3.861954089967202020e+00
1.027373034406584884e+04,3.861954528910223505e+00
1.027373043034530929e+04,3.861954967791183968e+00
1.027373051662477155e+04,3.861955406610045660e+00
1.027373060290423200e+04,3.861955845366733087e+00
1.027373068918369427e+04,3.861956284061208056e+00
1.027373077546315471e+04,3.861956722693396848e+00
1.027373086174261516e+04,3.861957161263251059e+00
1.027373094802207743e+04,3.861957599770724059e+00
1.027373103430153787e+04,3.861958038215741240e+00
1.027373112058100014e+04,3.861958476598263079e+00
1.027373120686046059e+04,3.861958914918215857e+00
1.027373129313992285e+04,3.861959353175562271e+00
1.027373137941938330e+04,3.861959791370225936e+00
1.027373146569884557e+04,3.861960229502169550e+00
1.027373155197830602e+04,3.861960667571318062e+00
1.027373163825776828e+04,3.861961105577634168e+00
1.027373172453722873e+04,3.861961543521042373e+00
1.027373181081668918e+04,3.861961981401496047e+00
1.027373189709615144e+04,3.861962419218947673e+00
1.027373198337561189e+04,3.861962856973322200e+00
1.027373206965507416e+04,3.861963294664582325e+00
1.027373215593453460e+04,3.861963732292653440e+00
1.027373224221399687e+04,3.861964169857496909e+00
1.027373232849345732e+04,3.861964607359037682e+00
1.027373241477291958e+04,3.861965044797238900e+00
1.027373250105238003e+04,3.861965482172025510e+00
1.027373258733184230e+04,3.861965919483358878e+00
1.027373267361130274e+04,3.861966356731165284e+00
1.027373275989076501e+04,3.861966793915406537e+00
1.027373284617022546e+04,3.861967231036007586e+00
1.027373293244968590e+04,3.861967668092921357e+00
1.027373301872914817e+04,3.861968105086101222e+00
1.027373310500860862e+04,3.861968542015472128e+00
1.027373319128807088e+04,3.861968978880996328e+00
1.027373327756753133e+04,3.861969415682599660e+00
1.027373336384699360e+04,3.861969852420244376e+00
1.027373345012645404e+04,3.861970289093855424e+00
1.027373353640591631e+04,3.861970725703394169e+00
1.027373362268537676e+04,3.861971162248786893e+00
1.027373370896483902e+04,3.861971598729995847e+00
1.027373379524429947e+04,3.861972035146945981e+00
1.027373388152375992e+04,3.861972471499591109e+00
1.027373396780322219e+04,3.861972907787883269e+00
1.027373405408268263e+04,3.861973344011748743e+00
1.027373414036214490e+04,3.861973780171149340e+00
1.027373422664160535e+04,3.861974216266010895e+00
1.027373431292106761e+04,3.861974652296294774e+00
1.027373439920052806e+04,3.861975088261927258e+00
1.027373448547999033e+04,3.861975524162870599e+00
1.027373457175945077e+04,3.861975959999049746e+00
1.027373465803891304e+04,3.861976395770426951e+00
1.027373474431837349e+04,3.861976831476928496e+00
1.027373483059783393e+04,3.861977267118507751e+00
1.027373491687729620e+04,3.861977702695115866e+00
1.027373500315675665e+04,3.861978138206680455e+00
1.027373508943621891e+04,3.861978573653162883e+00
1.027373517571567936e+04,3.861979009034488541e+00
1.027373526199514163e+04,3.861979444350620572e+00
1.027373534827460207e+04,3.861979879601483923e+00
1.027373543455406434e+04,3.861980314787040403e+00
1.027373552083352479e+04,3.861980749907217181e+00
1.027373560711298705e+04,3.861981184961974733e+00
1.027373569339244750e+04,3.861981619951240674e+00
1.027373577967190977e+04,3.861982054874975923e+00
1.027373586595137022e+04,3.861982489733106760e+00
1.027373595223083066e+04,3.861982924525586114e+00
1.027373603851029293e+04,3.861983359252366466e+00
1.027373612478975338e+04,3.861983793913374985e+00
1.027373621106921564e+04,3.861984228508573480e+00
1.027373629734867609e+04,3.861984663037886900e+00
1.027373638362813836e+04,3.861985097501278830e+00
1.027373646990759880e+04,3.861985531898674662e+00
1.027373655618706107e+04,3.861985966230035761e+00
1.027373664246652152e+04,3.861986400495288851e+00
1.027373672874598378e+04,3.861986834694396631e+00
1.027373681502544423e+04,3.861987268827284936e+00
1.027373690130490468e+04,3.861987702893905805e+00
1.027373698758436694e+04,3.861988136894213497e+00
1.027373707386382739e+04,3.861988570828132961e+00
1.027373716014328966e+04,3.861989004695627781e+00
1.027373724642275010e+04,3.861989438496623350e+00
1.027373733270221237e+04,3.861989872231082366e+00
1.027373741898167282e+04,3.861990305898930220e+00
1.027373750526113508e+04,3.861990739500129166e+00
1.027373759154059553e+04,3.861991173034605485e+00
1.027373767782005780e+04,3.861991606502322316e+00
1.027373776409951824e+04,3.861992039903204166e+00
1.027373785037898051e+04,3.861992473237214174e+00
1.027373793665844096e+04,3.861992906504278622e+00
1.027373802293790141e+04,3.861993339704350880e+00
1.027373810921736367e+04,3.861993772837383876e+00
1.027373819549682412e+04,3.861994205903303445e+00
1.027373828177628639e+04,3.861994638902072730e+00
1.027373836805574683e+04,3.861995071833617121e+00
1.027373845433520910e+04,3.861995504697899317e+00
1.027373854061466955e+04,3.861995937494845599e+00
1.027373862689413181e+04,3.861996370224418662e+00
1.027373871317359226e+04,3.861996802886543900e+00
1.027373879945305453e+04,3.861997235481184454e+00
1.027373888573251497e+04,3.861997668008265272e+00
1.027373897201197542e+04,3.861998100467741502e+00
1.027373905829143769e+04,3.861998532859565181e+00
1.027373914457089813e+04,3.861998965183663035e+00
1.027373923085036040e+04,3.861999397439997761e+00
1.027373931712982085e+04,3.861999829628495196e+00
1.027373940340928311e+04,3.862000261749117591e+00
1.027373948968874356e+04,3.862000693801792117e+00
1.027373957596820583e+04,3.862001125786480138e+00
1.027373966224766627e+04,3.862001557703108379e+00
1.027373974852712854e+04,3.862001989551639980e+00
1.027373983480658899e+04,3.862002421332000779e+00
1.027373992108604943e+04,3.862002853044144146e+00
1.027374000736551170e+04,3.862003284688023008e+00
1.027374009364497215e+04,3.862003716263564979e+00
1.027374017992443441e+04,3.862004147770730977e+00
1.027374026620389486e+04,3.862004579209449062e+00
1.027374035248335713e+04,3.862005010579680597e+00
1.027374043876281758e+04,3.862005441881352308e+00
1.027374052504227984e+04,3.862005873114426446e+00
1.027374061132174029e+04,3.862006304278830626e+00
1.027374069760120256e+04,3.862006735374526212e+00
1.027374078388066300e+04,3.862007166401439928e+00
1.027374087016012527e+04,3.862007597359534028e+00
1.027374095643958572e+04,3.862008028248735236e+00
1.027374104271904616e+04,3.862008459068998256e+00
1.027374112899850843e+04,3.862008889820274238e+00
1.027374121527796888e+04,3.862009320502491683e+00
1.027374130155743114e+04,3.862009751115612399e+00
1.027374138783689159e+04,3.862010181659564001e+00
1.027374147411635386e+04,3.862010612134306964e+00
1.027374156039581430e+04,3.862011042539769790e+00
1.027374164667527657e+04,3.862011472875913398e+00
1.027374173295473702e+04,3.862011903142665847e+00
1.027374181923419928e+04,3.862012333339988945e+00
1.027374190551365973e+04,3.862012763467810750e+00
1.027374199179312018e+04,3.862013193526081967e+00
1.027374207807258244e+04,3.862013623514759075e+00
1.027374216435204289e+04,3.862014053433767469e+00
1.027374225063150516e+04,3.862014483283069843e+00
1.027374233691096561e+04,3.862014913062592480e+00
1.027374242319042787e+04,3.862015342772299409e+00
1.027374250946988832e+04,3.862015772412115577e+00
1.027374259574935058e+04,3.862016201982005459e+00
1.027374268202881103e+04,3.862016631481893558e+00
1.027374276830827330e+04,3.862017060911744348e+00
1.027374285458773375e+04,3.862017490271484998e+00
1.027374294086719601e+04,3.862017919561076429e+00
1.027374302714665646e+04,3.862018348780445809e+00
1.027374311342611691e+04,3.862018777929547841e+00
1.027374319970557917e+04,3.862019207008335453e+00
1.027374328598503962e+04,3.862019636016736257e+00
1.027374337226450189e+04,3.862020064954711618e+00
1.027374345854396233e+04,3.862020493822190037e+00
1.027374354482342460e+04,3.862020922619132879e+00
1.027374363110288505e+04,3.862021351345467313e+00
1.027374371738234731e+04,3.862021780001156479e+00
1.027374380366180776e+04,3.862022208586126659e+00
1.027374388994127003e+04,3.862022637100340994e+00
1.027374397622073047e+04,3.862023065543726652e+00
1.027374406250019092e+04,3.862023493916237449e+00
1.027374414877965319e+04,3.862023922217826755e+00
1.027374423505911363e+04,3.862024350448422183e+00
1.027374432133857590e+04,3.862024778607985542e+00
1.027374440761803635e+04,3.862025206696444446e+00
1.027374449389749861e+04,3.862025634713760702e+00
1.027374458017695906e+04,3.862026062659862369e+00
1.027374466645642133e+04,3.862026490534712142e+00
1.027374475273588178e+04,3.862026918338237635e+00
1.027374483901534404e+04,3.862027346070399769e+00
1.027374492529480449e+04,3.862027773731127045e+00
1.027374501157426494e+04,3.862028201320373721e+00
1.027374509785372720e+04,3.862028628838092725e+00
1.027374518413318765e+04,3.862029056284211670e+00
1.027374527041264992e+04,3.862029483658692808e+00
1.027374535669211036e+04,3.862029910961463308e+00
1.027374544297157263e+04,3.862030338192486312e+00
1.027374552925103308e+04,3.862030765351689876e+00
1.027374561553049534e+04,3.862031192439034921e+00
1.027374570180995579e+04,3.862031619454450393e+00
1.027374578808941806e+04,3.862032046397898544e+00
1.027374587436887850e+04,3.862032473269306099e+00
1.027374596064834077e+04,3.862032900068635755e+00
1.027374604692780122e+04,3.862033326795815569e+00
1.027374613320726166e+04,3.862033753450799356e+00
1.027374621948672393e+04,3.862034180033540931e+00
1.027374630576618438e+04,3.862034606543967463e+00
1.027374639204564664e+04,3.862035032982042537e+00
1.027374647832510709e+04,3.862035459347692434e+00
1.027374656460456936e+04,3.862035885640880295e+00
1.027374665088402980e+04,3.862036311861534621e+00
1.027374673716349207e+04,3.862036738009616776e+00
1.027374682344295252e+04,3.862037164085053931e+00
1.027374690972241478e+04,3.862037590087811001e+00
1.027374699600187523e+04,3.862038016017813380e+00
1.027374708228133568e+04,3.862038441875015771e+00
1.027374716856079795e+04,3.862038867659373320e+00
1.027374725484025839e+04,3.862039293370811865e+00
1.027374734111972066e+04,3.862039719009294991e+00
1.027374742739918111e+04,3.862040144574750311e+00
1.027374751367864337e+04,3.862040570067140077e+00
1.027374759995810382e+04,3.862040995486393680e+00
1.027374768623756609e+04,3.862041420832471150e+00
1.027374777251702653e+04,3.862041846105302323e+00
1.027374785879648880e+04,3.862042271304849450e+00
1.027374794507594925e+04,3.862042696431039701e+00
1.027374803135540969e+04,3.862043121483827335e+00
1.027374811763487196e+04,3.862043546463167942e+00
1.027374820391433241e+04,3.862043971368986472e+00
1.027374829019379467e+04,3.862044396201247842e+00
1.027374837647325512e+04,3.862044820959878777e+00
1.027374846275271739e+04,3.862045245644843305e+00
1.027374854903217783e+04,3.862045670256068153e+00
1.027374863531164010e+04,3.862046094793516460e+00
1.027374872159110055e+04,3.862046519257115840e+00
1.027374880787056281e+04,3.862046943646829877e+00
1.027374889415002326e+04,3.862047367962585742e+00
1.027374898042948553e+04,3.862047792204346575e+00
1.027374906670894597e+04,3.862048216372039988e+00
1.027374915298840642e+04,3.862048640465620686e+00
1.027374923926786869e+04,3.862049064485042926e+00
1.027374932554732914e+04,3.862049488430232547e+00
1.027374941182679140e+04,3.862049912301155796e+00
1.027374949810625185e+04,3.862050336097737624e+00
1.027374958438571412e+04,3.862050759819943391e+00
1.027374967066517456e+04,3.862051183467699822e+00
1.027374975694463683e+04,3.862051607040969170e+00
1.027374984322409728e+04,3.862052030539680825e+00
1.027374992950355954e+04,3.862052453963797038e+00
1.027375001578301999e+04,3.862052877313245869e+00
1.027375010206248044e+04,3.862053300587981131e+00
1.027375018834194270e+04,3.862053723787958415e+00
1.027375027462140315e+04,3.862054146913104447e+00
1.027375036090086542e+04,3.862054569963382367e+00
1.027375044718032586e+04,3.862054992938720677e+00
1.027375053345978813e+04,3.862055415839082961e+00
1.027375061973924858e+04,3.862055838664395502e+00
1.027375070601871084e+04,3.862056261414623215e+00
1.027375079229817129e+04,3.862056684089693714e+00
1.027375087857763356e+04,3.862057106689569252e+00
1.027375096485709400e+04,3.862057529214177887e+00
1.027375105113655627e+04,3.862057951663484534e+00
1.027375113741601672e+04,3.862058374037415476e+00
1.027375122369547717e+04,3.862058796335924971e+00
1.027375130997493943e+04,3.862059218558969498e+00
1.027375139625439988e+04,3.862059640706474895e+00
1.027375148253386214e+04,3.862060062778405634e+00
1.027375156881332259e+04,3.862060484774688440e+00
1.027375165509278486e+04,3.862060906695289120e+00
1.027375174137224531e+04,3.862061328540133509e+00
1.027375182765170757e+04,3.862061750309185193e+00
1.027375191393116802e+04,3.862062172002373561e+00
1.027375200021063029e+04,3.862062593619659978e+00
1.027375208649009073e+04,3.862063015160973833e+00
1.027375217276955118e+04,3.862063436626270274e+00
1.027375225904901345e+04,3.862063858015502671e+00
1.027375234532847389e+04,3.862064279328599525e+00
1.027375243160793616e+04,3.862064700565523534e+00
1.027375251788739661e+04,3.862065121726204531e+00
1.027375260416685887e+04,3.862065542810603880e+00
1.027375269044631932e+04,3.862065963818651859e+00
1.027375277672578159e+04,3.862066384750310277e+00
1.027375286300524203e+04,3.862066805605507636e+00
1.027375294928470430e+04,3.862067226384208407e+00
1.027375303556416475e+04,3.862067647086338873e+00
1.027375312184362519e+04,3.862068067711855512e+00
1.027375320812308746e+04,3.862068488260711252e+00
1.027375329440254791e+04,3.862068908732836370e+00
1.027375338068201017e+04,3.862069329128193562e+00
1.027375346696147062e+04,3.862069749446710443e+00
1.027375355324093289e+04,3.862070169688350152e+00
1.027375363952039334e+04,3.862070589853042524e+00
1.027375372579985560e+04,3.862071009940750255e+00
1.027375381207931605e+04,3.862071429951401402e+00
1.027375389835877832e+04,3.862071849884960884e+00
1.027375398463823876e+04,3.862072269741354980e+00
1.027375407091770103e+04,3.862072689520548163e+00
1.027375415719716148e+04,3.862073109222468936e+00
1.027375424347662192e+04,3.862073528847071557e+00
1.027375432975608419e+04,3.862073948394312062e+00
1.027375441603554464e+04,3.862074367864117619e+00
1.027375450231500690e+04,3.862074787256452257e+00
1.027375458859446735e+04,3.862075206571244035e+00
1.027375467487392962e+04,3.862075625808456980e+00
1.027375476115339006e+04,3.862076044968020039e+00
1.027375484743285233e+04,3.862076464049895019e+00
1.027375493371231278e+04,3.862076883054012200e+00
1.027375501999177504e+04,3.862077301980335164e+00
1.027375510627123549e+04,3.862077720828791083e+00
1.027375519255069594e+04,3.862078139599335991e+00
1.027375527883015820e+04,3.862078558291924590e+00
1.027375536510961865e+04,3.862078976906484051e+00
1.027375545138908092e+04,3.862079395442979290e+00
1.027375553766854136e+04,3.862079813901339698e+00
1.027375562394800363e+04,3.862080232281527525e+00
1.027375571022746408e+04,3.862080650583471719e+00
1.027375579650692634e+04,3.862081068807135864e+00
1.027375588278638679e+04,3.862081486952449350e+00
1.027375596906584906e+04,3.862081905019375316e+00
1.027375605534530951e+04,3.862082323007841378e+00
1.027375614162477177e+04,3.862082740917813339e+00
1.027375622790423222e+04,3.862083158749218370e+00
1.027375631418369267e+04,3.862083576502012505e+00
1.027375640046315493e+04,3.862083994176149115e+00
1.027375648674261538e+04,3.862084411771558479e+00
1.027375657302207765e+04,3.862084829288203291e+00
1.027375665930153809e+04,3.862085246726012944e+00
1.027375674558100036e+04,3.862085664084951908e+00
1.027375683186046081e+04,3.862086081364947354e+00
1.027375691813992307e+04,3.862086498565963755e+00
1.027375700441938352e+04,3.862086915687930055e+00
1.027375709069884579e+04,3.862087332730809841e+00
1.027375717697830623e+04,3.862087749694531613e+00
1.027375726325776668e+04,3.862088166579051407e+00
1.027375734953722895e+04,3.862088583384323481e+00
1.027375743581668939e+04,3.862089000110277226e+00
1.027375752209615166e+04,3.862089416756875782e+00
1.027375760837561211e+04,3.862089833324048982e+00
1.027375769465507437e+04,3.862090249811759080e+00
1.027375778093453482e+04,3.862090666219937241e+00
1.027375786721399709e+04,3.862091082548545717e+00
1.027375795349345753e+04,3.862091498797513012e+00
1.027375803977291980e+04,3.862091914966804929e+00
1.027375812605238025e+04,3.862092331056349082e+00
1.027375821233184070e+04,3.862092747066100173e+00
1.027375829861130296e+04,3.862093162996015128e+00
1.027375838489076341e+04,3.862093578846020669e+00
1.027375847117022568e+04,3.862093994616083048e+00
1.027375855744968612e+04,3.862094410306129877e+00
1.027375864372914839e+04,3.862094825916125629e+00
1.027375873000860884e+04,3.862095241445998361e+00
1.027375881628807110e+04,3.862095656895713880e+00
1.027375890256753155e+04,3.862096072265199354e+00
1.027375898884699382e+04,3.862096487554419255e+00
1.027375907512645426e+04,3.862096902763303419e+00
1.027375916140591653e+04,3.862097317891815429e+00
1.027375924768537698e+04,3.862097732939884231e+00
1.027375933396483742e+04,3.862098147907465862e+00
1.027375942024429969e+04,3.862098562794513690e+00
1.027375950652376014e+04,3.862098977600959326e+00
1.027375959280322240e+04,3.862099392326765912e+00
1.027375967908268285e+04,3.862099806971861504e+00
1.027375976536214512e+04,3.862100221536210576e+00
1.027375985164160556e+04,3.862100636019743849e+00
1.027375993792106783e+04,3.862101050422424464e+00
1.027376002420052828e+04,3.862101464744180035e+00
1.027376011047999054e+04,3.862101878984977255e+00
1.027376019675945099e+04,3.862102293144743737e+00
1.027376028303891144e+04,3.862102707223435960e+00
1.027376036931837371e+04,3.862103121221008184e+00
1.027376045559783415e+04,3.862103535137390686e+00
1.027376054187729642e+04,3.862103948972546608e+00
1.027376062815675687e+04,3.862104362726405782e+00
1.027376071443621913e+04,3.862104776398932682e+00
1.027376080071567958e+04,3.862105189990056253e+00
1.027376088699514185e+04,3.862105603499740081e+00
1.027376097327460229e+04,3.862106016927914887e+00
1.027376105955406456e+04,3.862106430274543811e+00
1.027376114583352501e+04,3.862106843539556689e+00
1.027376123211298727e+04,3.862107256722917992e+00
1.027376131839244772e+04,3.862107669824556222e+00
1.027376140467190817e+04,3.862108082844427415e+00
1.027376149095137043e+04,3.862108495782487605e+00
1.027376157723083088e+04,3.862108908638664406e+00
1.027376166351029315e+04,3.862109321412924956e+00
1.027376174978975359e+04,3.862109734105195979e+00
1.027376183606921586e+04,3.862110146715443726e+00
1.027376192234867631e+04,3.862110559243596253e+00
1.027376200862813857e+04,3.862110971689618033e+00
1.027376209490759902e+04,3.862111384053439789e+00
1.027376218118706129e+04,3.862111796335024660e+00
1.027376226746652173e+04,3.862112208534302482e+00
1.027376235374598218e+04,3.862112620651229733e+00
1.027376244002544445e+04,3.862113032685760228e+00
1.027376252630490490e+04,3.862113444637824688e+00
1.027376261258436716e+04,3.862113856507387588e+00
1.027376269886382761e+04,3.862114268294377872e+00
1.027376278514328988e+04,3.862114679998761346e+00
1.027376287142275032e+04,3.862115091620465623e+00
1.027376295770221259e+04,3.862115503159456065e+00
1.027376304398167304e+04,3.862115914615662060e+00
1.027376313026113530e+04,3.862116325989049415e+00
1.027376321654059575e+04,3.862116737279545742e+00
1.027376330282005620e+04,3.862117148487107965e+00
1.027376338909951846e+04,3.862117559611691675e+00
1.027376347537897891e+04,3.862117970653225818e+00
1.027376356165844118e+04,3.862118381611675755e+00
1.027376364793790162e+04,3.862118792486971319e+00
1.027376373421736389e+04,3.862119203279076096e+00
1.027376382049682434e+04,3.862119613987920363e+00
1.027376390677628660e+04,3.862120024613469482e+00
1.027376399305574705e+04,3.862120435155650622e+00
1.027376407933520932e+04,3.862120845614430920e+00
1.027376416561466976e+04,3.862121255989739765e+00
1.027376425189413203e+04,3.862121666281540300e+00
1.027376433817359248e+04,3.862122076489763689e+00
1.027376442445305292e+04,3.862122486614365080e+00
1.027376451073251519e+04,3.862122896655300064e+00
1.027376459701197564e+04,3.862123306612499807e+00
1.027376468329143790e+04,3.862123716485928338e+00
1.027376476957089835e+04,3.862124126275514158e+00
1.027376485585036062e+04,3.862124535981223961e+00
1.027376494212982107e+04,3.862124945602985804e+00
1.027376502840928333e+04,3.862125355140765937e+00
1.027376511468874378e+04,3.862125764594493305e+00
1.027376520096820605e+04,3.862126173964133269e+00
1.027376528724766649e+04,3.862126583249614331e+00
1.027376537352712694e+04,3.862126992450894303e+00
1.027376545980658921e+04,3.862127401567927887e+00
1.027376554608604965e+04,3.862127810600645361e+00
1.027376563236551192e+04,3.862128219549011643e+00
1.027376571864497237e+04,3.862128628412956566e+00
1.027376580492443463e+04,3.862129037192445491e+00
1.027376589120389508e+04,3.862129445887406920e+00
1.027376597748335735e+04,3.862129854497807102e+00
1.027376606376281779e+04,3.862130263023574983e+00
1.027376615004228006e+04,3.862130671464675924e+00
1.027376623632174051e+04,3.862131079821040647e+00
1.027376632260120095e+04,3.862131488092624299e+00
1.027376640888066322e+04,3.862131896279383358e+00
1.027376649516012367e+04,3.862132304381246772e+00
1.027376658143958593e+04,3.862132712398180789e+00
1.027376666771904638e+04,3.862133120330115688e+00
1.027376675399850865e+04,3.862133528177015052e+00
1.027376684027796910e+04,3.862133935938810048e+00
1.027376692655743136e+04,3.862134343615465149e+00
1.027376701283689181e+04,3.862134751206910632e+00
1.027376709911635407e+04,3.862135158713111416e+00
1.027376718539581452e+04,3.862135566133996889e+00
1.027376727167527679e+04,3.862135973469532413e+00
1.027376735795473724e+04,3.862136380719649154e+00
1.027376744423419768e+04,3.862136787884302702e+00
1.027376753051365995e+04,3.862137194963448650e+00
1.027376761679312040e+04,3.862137601957018607e+00
1.027376770307258266e+04,3.862138008864976157e+00
1.027376778935204311e+04,3.862138415687252024e+00
1.027376787563150538e+04,3.862138822423811568e+00
1.027376796191096582e+04,3.862139229074584623e+00
1.027376804819042809e+04,3.862139635639536550e+00
1.027376813446988854e+04,3.862140042118597183e+00
1.027376822074935080e+04,3.862140448511732327e+00
1.027376830702881125e+04,3.862140854818871372e+00
1.027376839330827170e+04,3.862141261039970797e+00
1.027376847958773396e+04,3.862141667174988413e+00
1.027376856586719441e+04,3.862142073223852723e+00
1.027376865214665668e+04,3.862142479186529087e+00
1.027376873842611712e+04,3.862142885062949560e+00
1.027376882470557939e+04,3.862143290853077282e+00
1.027376891098503984e+04,3.862143696556843864e+00
1.027376899726450210e+04,3.862144102174213778e+00
1.027376908354396255e+04,3.862144507705117746e+00
1.027376916982342482e+04,3.862144913149520686e+00
1.027376925610288527e+04,3.862145318507353320e+00
1.027376934238234753e+04,3.862145723778580120e+00
1.027376942866180798e+04,3.862146128963132696e+00
1.027376951494126843e+04,3.862146534060967085e+00
1.027376960122073069e+04,3.862146939072039764e+00
1.027376968750019114e+04,3.862147343996281013e+00
1.027376977377965341e+04,3.862147748833656191e+00
1.027376986005911385e+04,3.862148153584096022e+00
1.027376994633857612e+04,3.862148558247565866e+00
1.027377003261803657e+04,3.862148962823995113e+00
1.027377011889749883e+04,3.862149367313350456e+00
1.027377020517695928e+04,3.862149771715562174e+00
1.027377029145642155e+04,3.862150176030595183e+00
1.027377037773588199e+04,3.862150580258380206e+00
1.027377046401534244e+04,3.862150984398873721e+00
1.027377055029480471e+04,3.862151388452033096e+00
1.027377063657426515e+04,3.862151792417787721e+00
1.027377072285372742e+04,3.862152196296103845e+00
1.027377080913318787e+04,3.862152600086912191e+00
1.027377089541265013e+04,3.862153003790177230e+00
1.027377098169211058e+04,3.862153407405831462e+00
1.027377106797157285e+04,3.862153810933837583e+00
1.027377115425103329e+04,3.862154214374128536e+00
1.027377124053049556e+04,3.862154617726669237e+00
1.027377132680995601e+04,3.862155020991389520e+00
1.027377141308941646e+04,3.862155424168247642e+00
1.027377149936887872e+04,3.862155827257198748e+00
1.027377158564833917e+04,3.862156230258174450e+00
1.027377167192780144e+04,3.862156633171140108e+00
1.027377175820726188e+04,3.862157035996026888e+00
1.027377184448672415e+04,3.862157438732799708e+00
1.027377193076618460e+04,3.862157841381388845e+00
1.027377201704564686e+04,3.862158243941761882e+00
1.027377210332510731e+04,3.862158646413846874e+00
1.027377218960456958e+04,3.862159048797612293e+00
1.027377227588403002e+04,3.862159451092986195e+00
1.027377236216349229e+04,3.862159853299936163e+00
1.027377244844295274e+04,3.862160255418392030e+00
1.027377253472241318e+04,3.862160657448311163e+00
1.027377262100187545e+04,3.862161059389649598e+00
1.027377270728133590e+04,3.862161461242339389e+00
1.027377279356079816e+04,3.862161863006345897e+00
1.027377287984025861e+04,3.862162264681600288e+00
1.027377296611972088e+04,3.862162666268066591e+00
1.027377305239918132e+04,3.862163067765677749e+00
1.027377313867864359e+04,3.862163469174398234e+00
1.027377322495810404e+04,3.862163870494160101e+00
1.027377331123756630e+04,3.862164271724927822e+00
1.027377339751702675e+04,3.862164672866632564e+00
1.027377348379648720e+04,3.862165073919232139e+00
1.027377357007594946e+04,3.862165474882683469e+00
1.027377365635540991e+04,3.862165875756916389e+00
1.027377374263487218e+04,3.862166276541898480e+00
1.027377382891433263e+04,3.862166677237559576e+00
1.027377391519379489e+04,3.862167077843864593e+00
1.027377400147325534e+04,3.862167478360746919e+00
1.027377408775271761e+04,3.862167878788170583e+00
1.027377417403217805e+04,3.862168279126068082e+00
1.027377426031164032e+04,3.862168679374403002e+00
1.027377434659110077e+04,3.862169079533108729e+00
1.027377443287056303e+04,3.862169479602150624e+00
1.027377451915002348e+04,3.862169879581458520e+00
1.027377460542948393e+04,3.862170279470991563e+00
1.027377469170894619e+04,3.862170679270704898e+00
1.027377477798840664e+04,3.862171078980530581e+00
1.027377486426786891e+04,3.862171478600434860e+00
1.027377495054732935e+04,3.862171878130348901e+00
1.027377503682679162e+04,3.862172277570237622e+00
1.027377512310625207e+04,3.862172676920033965e+00
1.027377520938571433e+04,3.862173076179702402e+00
1.027377529566517478e+04,3.862173475349175433e+00
1.027377538194463705e+04,3.862173874428417975e+00
1.027377546822409749e+04,3.862174273417362080e+00
1.027377555450355794e+04,3.862174672315963786e+00
1.027377564078302021e+04,3.862175071124180903e+00
1.027377572706248066e+04,3.862175469841946374e+00
1.027377581334194292e+04,3.862175868469223783e+00
1.027377589962140337e+04,3.862176267005945629e+00
1.027377598590086563e+04,3.862176665452078606e+00
1.027377607218032608e+04,3.862177063807553434e+00
1.027377615845978835e+04,3.862177462072335477e+00
1.027377624473924880e+04,3.862177860246357231e+00
1.027377633101871106e+04,3.862178258329583613e+00
1.027377641729817151e+04,3.862178656321947567e+00
1.027377650357763196e+04,3.862179054223405572e+00
1.027377658985709422e+04,3.862179452033914551e+00
1.027377667613655467e+04,3.862179849753407002e+00
1.027377676241601694e+04,3.862180247381848286e+00
1.027377684869547738e+04,3.862180644919170902e+00
1.027377693497493965e+04,3.862181042365340211e+00
1.027377702125440010e+04,3.862181439720287823e+00
1.027377710753386236e+04,3.862181836983979544e+00
1.027377719381332281e+04,3.862182234156347871e+00
1.027377728009278508e+04,3.862182631237357722e+00
1.027377736637224552e+04,3.862183028226942039e+00
1.027377745265170779e+04,3.862183425125065295e+00
1.027377753893116824e+04,3.862183821931660876e+00
1.027377762521062868e+04,3.862184218646685707e+00
1.027377771149009095e+04,3.862184615270096710e+00
1.027377779776955140e+04,3.862185011801826828e+00
1.027377788404901366e+04,3.862185408241841866e+00
1.027377797032847411e+04,3.862185804590072102e+00
1.027377805660793638e+04,3.862186200846485118e+00
1.027377814288739683e+04,3.862186597011012523e+00
1.027377822916685909e+04,3.862186993083620568e+00
1.027377831544631954e+04,3.862187389064240861e+00
1.027377840172578180e+04,3.862187784952839209e+00
1.027377848800524225e+04,3.862188180749348554e+00
1.027377857428470270e+04,3.862188576453725819e+00
1.027377866056416497e+04,3.862188972065928816e+00
1.027377874684362541e+04,3.862189367585888711e+00
1.027377883312308768e+04,3.862189763013573085e+00
1.027377891940254813e+04,3.862190158348912661e+00
1.027377900568201039e+04,3.862190553591874131e+00
1.027377909196147084e+04,3.862190948742389995e+00
1.027377917824093311e+04,3.862191343800426058e+00
1.027377926452039355e+04,3.862191738765913929e+00
1.027377935079985582e+04,3.862192133638820746e+00
1.027377943707931627e+04,3.862192528419078119e+00
1.027377952335877853e+04,3.862192923106651854e+00
1.027377960963823898e+04,3.862193317701475337e+00
1.027377969591769943e+04,3.862193712203505047e+00
1.027377978219716169e+04,3.862194106612698352e+00
1.027377986847662214e+04,3.862194500928989527e+00
1.027377995475608441e+04,3.862194895152343044e+00
1.027378004103554485e+04,3.862195289282691402e+00
1.027378012731500712e+04,3.862195683320001294e+00
1.027378021359446757e+04,3.862196077264205218e+00
1.027378029987392983e+04,3.862196471115268093e+00
1.027378038615339028e+04,3.862196864873123747e+00
1.027378047243285255e+04,3.862197258537737543e+00
1.027378055871231300e+04,3.862197652109042867e+00
1.027378064499177344e+04,3.862198045586996642e+00
1.027378073127123571e+04,3.862198438971556236e+00
1.027378081755069616e+04,3.862198832262655479e+00
1.027378090383015842e+04,3.862199225460259289e+00
1.027378099010961887e+04,3.862199618564301495e+00
1.027378107638908114e+04,3.862200011574746572e+00
1.027378116266854158e+04,3.862200404491528793e+00
1.027378124894800385e+04,3.862200797314613521e+00
1.027378133522746430e+04,3.862201190043934584e+00
1.027378142150692656e+04,3.862201582679455569e+00
1.027378150778638701e+04,3.862201975221112082e+00
1.027378159406584746e+04,3.862202367668860603e+00
1.027378168034530972e+04,3.862202760022658943e+00
1.027378176662477017e+04,3.862203152282439600e+00
1.027378185290423244e+04,3.862203544448169268e+00
1.027378193918369288e+04,3.862203936519780445e+00
1.027378202546315515e+04,3.862204328497239825e+00
1.027378211174261560e+04,3.862204720380480349e+00
1.027378219802207786e+04,3.862205112169467380e+00
1.027378228430153831e+04,3.862205503864134748e+00
1.027378237058100058e+04,3.862205895464447813e+00
1.027378245686046102e+04,3.862206286970340408e+00
1.027378254313992329e+04,3.862206678381777891e+00
1.027378262941938374e+04,3.862207069698694539e+00
1.027378271569884419e+04,3.862207460921046831e+00
1.027378280197830645e+04,3.862207852048793022e+00
1.027378288825776690e+04,3.862208243081866943e+00
1.027378297453722917e+04,3.862208634020233511e+00
1.027378306081668961e+04,3.862209024863827445e+00
1.027378314709615188e+04,3.862209415612613661e+00
1.027378323337561233e+04,3.862209806266526435e+00
1.027378331965507459e+04,3.862210196825531128e+00
1.027378340593453504e+04,3.862210587289561570e+00
1.027378349221399731e+04,3.862210977658583122e+00
1.027378357849345775e+04,3.862211367932529615e+00
1.027378366477291820e+04,3.862211758111359750e+00
1.027378375105238047e+04,3.862212148195029560e+00
1.027378383733184091e+04,3.862212538183473765e+00
1.027378392361130318e+04,3.862212928076659502e+00
1.027378400989076363e+04,3.862213317874517937e+00
1.027378409617022589e+04,3.862213707577016653e+00
1.027378418244968634e+04,3.862214097184089923e+00
1.027378426872914861e+04,3.862214486695701332e+00
1.027378435500860905e+04,3.862214876111786932e+00
1.027378444128807132e+04,3.862215265432312084e+00
1.027378452756753177e+04,3.862215654657209285e+00
1.027378461384699222e+04,3.862216043786438124e+00
1.027378470012645448e+04,3.862216432819955969e+00
1.027378478640591493e+04,3.862216821757696206e+00
1.027378487268537720e+04,3.862217210599625528e+00
1.027378495896483764e+04,3.862217599345677321e+00
1.027378504524429991e+04,3.862217987995818724e+00
1.027378513152376036e+04,3.862218376549981347e+00
1.027378521780322262e+04,3.862218765008133659e+00
1.027378530408268307e+04,3.862219153370208158e+00
1.027378539036214534e+04,3.862219541636171094e+00
1.027378547664160578e+04,3.862219929805956742e+00
1.027378556292106805e+04,3.862220317879530906e+00
1.027378564920052850e+04,3.862220705856827863e+00
1.027378573547998894e+04,3.862221093737805422e+00
1.027378582175945121e+04,3.862221481522422284e+00
1.027378590803891166e+04,3.862221869210611391e+00
1.027378599431837392e+04,3.862222256802339881e+00
1.027378608059783437e+04,3.862222644297540697e+00
1.027378616687729664e+04,3.862223031696182307e+00
1.027378625315675708e+04,3.862223418998195879e+00
1.027378633943621935e+04,3.862223806203548992e+00
1.027378642571567980e+04,3.862224193312175924e+00
1.027378651199514206e+04,3.862224580324042922e+00
1.027378659827460251e+04,3.862224967239083373e+00
1.027378668455406296e+04,3.862225354057255533e+00
1.027378677083352522e+04,3.862225740778518546e+00
1.027378685711298567e+04,3.862226127402806242e+00
1.027378694339244794e+04,3.862226513930084426e+00
1.027378702967190839e+04,3.862226900360288262e+00
1.027378711595137065e+04,3.862227286693382222e+00
1.027378720223083110e+04,3.862227672929302358e+00
1.027378728851029337e+04,3.862228059068014474e+00
1.027378737478975381e+04,3.862228445109451958e+00
1.027378746106921608e+04,3.862228831053582834e+00
1.027378754734867653e+04,3.862229216900339157e+00
1.027378763362813879e+04,3.862229602649689397e+00
1.027378771990759924e+04,3.862229988301567385e+00
1.027378780618705969e+04,3.862230373855929599e+00
1.027378789246652195e+04,3.862230759312736961e+00
1.027378797874598240e+04,3.862231144671922856e+00
1.027378806502544467e+04,3.862231529933452645e+00
1.027378815130490511e+04,3.862231915097262380e+00
1.027378823758436738e+04,3.862232300163317866e+00
1.027378832386382783e+04,3.862232685131553378e+00
1.027378841014329009e+04,3.862233070001935165e+00
1.027378849642275054e+04,3.862233454774398389e+00
1.027378858270221281e+04,3.862233839448908412e+00
1.027378866898167325e+04,3.862234224025400842e+00
