Time (BJD_TBD - 2450000), F_star + F_c (mJy)
9.882460428240709007e+03,3.861773040959889158e+00
9.882460446256400246e+03,3.861773056365745305e+00
9.882460464272089666e+03,3.861773071769909471e+00
9.882460482287780906e+03,3.861773087172382990e+00
9.882460500303470326e+03,3.861773102573164973e+00
9.882460518319161565e+03,3.861773117972256308e+00
9.882460536334850985e+03,3.861773133369656108e+00
9.882460554350542225e+03,3.861773148765365260e+00
9.882460572366233464e+03,3.861773164159383320e+00
9.882460590381922884e+03,3.861773179551708957e+00
9.882460608397614124e+03,3.861773194942344833e+00
9.882460626413303544e+03,3.861773210331287842e+00
9.882460644428994783e+03,3.861773225718541092e+00
9.882460662444684203e+03,3.861773241104101029e+00
9.882460680460375443e+03,3.861773256487971651e+00
9.882460698476066682e+03,3.861773271870150293e+00
9.882460716491756102e+03,3.861773287250636510e+00
9.882460734507447341e+03,3.861773302629432081e+00
9.882460752523136762e+03,3.861773318006534783e+00
9.882460770538828001e+03,3.861773333381947282e+00
9.882460788554517421e+03,3.861773348755666024e+00
9.882460806570208661e+03,3.861773364127695451e+00
9.882460824585899900e+03,3.861773379498032899e+00
9.882460842601589320e+03,3.861773394866677922e+00
9.882460860617280559e+03,3.861773410233632298e+00
9.882460878632969980e+03,3.861773425598892917e+00
9.882460896648661219e+03,3.861773440962463333e+00
9.882460914664350639e+03,3.861773456324339993e+00
9.882460932680041878e+03,3.861773471684527781e+00
9.882460950695733118e+03,3.861773487043022257e+00
9.882460968711422538e+03,3.861773502399822977e+00
9.882460986727113777e+03,3.861773517754934382e+00
9.882461004742803198e+03,3.861773533108351586e+00
9.882461022758494437e+03,3.861773548460078143e+00
9.882461040774183857e+03,3.861773563810111387e+00
9.882461058789875096e+03,3.861773579158453984e+00
9.882461076805566336e+03,3.861773594505104601e+00
9.882461094821255756e+03,3.861773609850061018e+00
9.882461112836946995e+03,3.861773625193326787e+00
9.882461130852636416e+03,3.861773640534899243e+00
9.882461148868327655e+03,3.861773655874780609e+00
9.882461166884017075e+03,3.861773671212967773e+00
9.882461184899708314e+03,3.861773686549465179e+00
9.882461202915399554e+03,3.861773701884268828e+00
9.882461220931088974e+03,3.861773717217379609e+00
9.882461238946780213e+03,3.861773732548799298e+00
9.882461256962469633e+03,3.861773747878524343e+00
9.882461274978160873e+03,3.861773763206558296e+00
9.882461292993850293e+03,3.861773778532898493e+00
9.882461311009541532e+03,3.861773793857547599e+00
9.882461329025232772e+03,3.861773809180505168e+00
9.882461347040922192e+03,3.861773824501766761e+00
9.882461365056613431e+03,3.861773839821338150e+00
9.882461383072302851e+03,3.861773855139215339e+00
9.882461401087994091e+03,3.861773870455400548e+00
9.882461419103683511e+03,3.861773885769892001e+00
9.882461437119374750e+03,3.861773901082691918e+00
9.882461455135065989e+03,3.861773916393799411e+00
9.882461473150755410e+03,3.861773931703212259e+00
9.882461491166446649e+03,3.861773947010933128e+00
9.882461509182136069e+03,3.861773962316960684e+00
9.882461527197827309e+03,3.861773977621295817e+00
9.882461545213516729e+03,3.861773992923936749e+00
9.882461563229207968e+03,3.861774008224886146e+00
9.882461581244899207e+03,3.861774023524142230e+00
9.882461599260588628e+03,3.861774038821703670e+00
9.882461617276279867e+03,3.861774054117574018e+00
9.882461635291969287e+03,3.861774069411748833e+00
9.882461653307660526e+03,3.861774084704231669e+00
9.882461671323349947e+03,3.861774099995020748e+00
9.882461689339041186e+03,3.861774115284117403e+00
9.882461707354732425e+03,3.861774130571520747e+00
9.882461725370421846e+03,3.861774145857229890e+00
9.882461743386113085e+03,3.861774161141246164e+00
9.882461761401802505e+03,3.861774176423568683e+00
9.882461779417493744e+03,3.861774191704198333e+00
9.882461797433183165e+03,3.861774206983132451e+00
9.882461815448874404e+03,3.861774222260375922e+00
9.882461833464563824e+03,3.861774237535923859e+00
9.882461851480255064e+03,3.861774252809779373e+00
9.882461869495946303e+03,3.861774268081940686e+00
9.882461887511635723e+03,3.861774283352407355e+00
9.882461905527326962e+03,3.861774298621182488e+00
9.882461923543016383e+03,3.861774313888261645e+00
9.882461941558707622e+03,3.861774329153649266e+00
9.882461959574397042e+03,3.861774344417340910e+00
9.882461977590088281e+03,3.861774359679340130e+00
9.882461995605779521e+03,3.861774374939645593e+00
9.882462013621468941e+03,3.861774390198255968e+00
9.882462031637160180e+03,3.861774405455173920e+00
9.882462049652849601e+03,3.861774420710395894e+00
9.882462067668540840e+03,3.861774435963925889e+00
9.882462085684230260e+03,3.861774451215760351e+00
9.882462103699921499e+03,3.861774466465901945e+00
9.882462121715612739e+03,3.861774481714349339e+00
9.882462139731302159e+03,3.861774496961101644e+00
9.882462157746993398e+03,3.861774512206160637e+00
9.882462175762682818e+03,3.861774527449524097e+00
9.882462193778374058e+03,3.861774542691195133e+00
9.882462211794063478e+03,3.861774557931170193e+00
9.882462229809754717e+03,3.861774573169452829e+00
9.882462247825445957e+03,3.861774588406040820e+00
9.882462265841135377e+03,3.861774603640932391e+00
9.882462283856826616e+03,3.861774618874131093e+00
9.882462301872516036e+03,3.861774634105634707e+00
9.882462319888207276e+03,3.861774649335445453e+00
9.882462337903896696e+03,3.861774664563558890e+00
9.882462355919587935e+03,3.861774679789980347e+00
9.882462373935279174e+03,3.861774695014707603e+00
9.882462391950968595e+03,3.861774710237737551e+00
9.882462409966659834e+03,3.861774725459075075e+00
9.882462427982349254e+03,3.861774740678716178e+00
9.882462445998040494e+03,3.861774755896663969e+00
9.882462464013729914e+03,3.861774771112915783e+00
9.882462482029421153e+03,3.861774786327474729e+00
9.882462500045112392e+03,3.861774801540338142e+00
9.882462518060801813e+03,3.861774816751505579e+00
9.882462536076493052e+03,3.861774831960980148e+00
9.882462554092182472e+03,3.861774847168757407e+00
9.882462572107873712e+03,3.861774862374841799e+00
9.882462590123563132e+03,3.861774877579229326e+00
9.882462608139254371e+03,3.861774892781923540e+00
9.882462626154945610e+03,3.861774907982922667e+00
9.882462644170635031e+03,3.861774923182225816e+00
9.882462662186326270e+03,3.861774938379834321e+00
9.882462680202015690e+03,3.861774953575747293e+00
9.882462698217706929e+03,3.861774968769965621e+00
9.882462716233396350e+03,3.861774983962487529e+00
9.882462734249087589e+03,3.861774999153316124e+00
9.882462752264778828e+03,3.861775014342448298e+00
9.882462770280468249e+03,3.861775029529885384e+00
9.882462788296159488e+03,3.861775044715627381e+00
9.882462806311848908e+03,3.861775059899672957e+00
9.882462824327540147e+03,3.861775075082024333e+00
9.882462842343229568e+03,3.861775090262679733e+00
9.882462860358920807e+03,3.861775105441640044e+00
9.882462878374612046e+03,3.861775120618905710e+00
9.882462896390301466e+03,3.861775135794473623e+00
9.882462914405992706e+03,3.861775150968347337e+00
9.882462932421682126e+03,3.861775166140524629e+00
9.882462950437373365e+03,3.861775181311007721e+00
9.882462968453062786e+03,3.861775196479793504e+00
9.882462986468754025e+03,3.861775211646884642e+00
9.882463004484445264e+03,3.861775226812280248e+00
9.882463022500134684e+03,3.861775241975978989e+00
9.882463040515825924e+03,3.861775257137983086e+00
9.882463058531515344e+03,3.861775272298290318e+00
9.882463076547206583e+03,3.861775287456902905e+00
9.882463094562896003e+03,3.861775302613817296e+00
9.882463112578587243e+03,3.861775317769038374e+00
9.882463130594278482e+03,3.861775332922563031e+00
9.882463148609967902e+03,3.861775348074390379e+00
9.882463166625659142e+03,3.861775363224523083e+00
9.882463184641348562e+03,3.861775378372958034e+00
9.882463202657039801e+03,3.861775393519698785e+00
9.882463220672729221e+03,3.861775408664742226e+00
9.882463238688420461e+03,3.861775423808090135e+00
9.882463256704111700e+03,3.861775438949742512e+00
9.882463274719801120e+03,3.861775454089696247e+00
9.882463292735492359e+03,3.861775469227956226e+00
9.882463310751181780e+03,3.861775484364518451e+00
9.882463328766873019e+03,3.861775499499384701e+00
9.882463346782562439e+03,3.861775514632554529e+00
9.882463364798253679e+03,3.861775529764028381e+00
9.882463382813944918e+03,3.861775544893806700e+00
9.882463400829634338e+03,3.861775560021885489e+00
9.882463418845325577e+03,3.861775575148270967e+00
9.882463436861014998e+03,3.861775590272957359e+00
9.882463454876706237e+03,3.861775605395949551e+00
9.882463472892395657e+03,3.861775620517242658e+00
9.882463490908086897e+03,3.861775635636841120e+00
9.882463508923778136e+03,3.861775650754743605e+00
9.882463526939467556e+03,3.861775665870947449e+00
9.882463544955158795e+03,3.861775680985455317e+00
9.882463562970848216e+03,3.861775696098265875e+00
9.882463580986539455e+03,3.861775711209380457e+00
9.882463599002228875e+03,3.861775726318797286e+00
9.882463617017920114e+03,3.861775741426518582e+00
9.882463635033611354e+03,3.861775756532543014e+00
9.882463653049300774e+03,3.861775771636868360e+00
9.882463671064992013e+03,3.861775786739499505e+00
9.882463689080681434e+03,3.861775801840431566e+00
9.882463707096372673e+03,3.861775816939667649e+00
9.882463725112062093e+03,3.861775832037205536e+00
9.882463743127753332e+03,3.861775847133047890e+00
9.882463761143444572e+03,3.861775862227193379e+00
9.882463779159133992e+03,3.861775877319639783e+00
9.882463797174825231e+03,3.861775892410391098e+00
9.882463815190514651e+03,3.861775907499442440e+00
9.882463833206205891e+03,3.861775922586799581e+00
9.882463851221895311e+03,3.861775937672456749e+00
9.882463869237586550e+03,3.861775952756418828e+00
9.882463887253277790e+03,3.861775967838683599e+00
9.882463905268967210e+03,3.861775982919248396e+00
9.882463923284658449e+03,3.861775997998118104e+00
9.882463941300347869e+03,3.861776013075289171e+00
9.882463959316039109e+03,3.861776028150763818e+00
9.882463977331728529e+03,3.861776043224539379e+00
9.882463995347419768e+03,3.861776058296619851e+00
9.882464013363111007e+03,3.861776073367001239e+00
9.882464031378800428e+03,3.861776088435683985e+00
9.882464049394491667e+03,3.861776103502671198e+00
9.882464067410181087e+03,3.861776118567958882e+00
9.882464085425872327e+03,3.861776133631550589e+00
9.882464103441561747e+03,3.861776148693442323e+00
9.882464121457252986e+03,3.861776163753638524e+00
9.882464139472944225e+03,3.861776178812136529e+00
9.882464157488633646e+03,3.861776193868935447e+00
9.882464175504324885e+03,3.861776208924037945e+00
9.882464193520014305e+03,3.861776223977440470e+00
9.882464211535705545e+03,3.861776239029147018e+00
9.882464229551394965e+03,3.861776254079154480e+00
9.882464247567086204e+03,3.861776269127465078e+00
9.882464265582777443e+03,3.861776284174077478e+00
9.882464283598466864e+03,3.861776299218990349e+00
9.882464301614158103e+03,3.861776314262206355e+00
9.882464319629847523e+03,3.861776329303723276e+00
9.882464337645538762e+03,3.861776344343542888e+00
9.882464355661228183e+03,3.861776359381663415e+00
9.882464373676919422e+03,3.861776374418087077e+00
9.882464391692610661e+03,3.861776389452812097e+00
9.882464409708300082e+03,3.861776404485837588e+00
9.882464427723991321e+03,3.861776419517166659e+00
9.882464445739680741e+03,3.861776434546795311e+00
9.882464463755371980e+03,3.861776449574727543e+00
9.882464481771061401e+03,3.861776464600959358e+00
9.882464499786752640e+03,3.861776479625493863e+00
9.882464517802442060e+03,3.861776494648328839e+00
9.882464535818133299e+03,3.861776509669466950e+00
9.882464553833824539e+03,3.861776524688906864e+00
9.882464571849513959e+03,3.861776539706645472e+00
9.882464589865205198e+03,3.861776554722687660e+00
9.882464607880894619e+03,3.861776569737029874e+00
9.882464625896585858e+03,3.861776584749674779e+00
9.882464643912275278e+03,3.861776599760618822e+00
9.882464661927966517e+03,3.861776614769866445e+00
9.882464679943657757e+03,3.861776629777414538e+00
9.882464697959347177e+03,3.861776644783263102e+00
9.882464715975038416e+03,3.861776659787413468e+00
9.882464733990727836e+03,3.861776674789864305e+00
9.882464752006419076e+03,3.861776689790617390e+00
9.882464770022108496e+03,3.861776704789669612e+00
9.882464788037799735e+03,3.861776719787024525e+00
9.882464806053490975e+03,3.861776734782680798e+00
9.882464824069180395e+03,3.861776749776635764e+00
9.882464842084871634e+03,3.861776764768893866e+00
9.882464860100561054e+03,3.861776779759451106e+00
9.882464878116252294e+03,3.861776794748310149e+00
9.882464896131941714e+03,3.861776809735470106e+00
9.882464914147632953e+03,3.861776824720930978e+00
9.882464932163324193e+03,3.861776839704692765e+00
9.882464950179013613e+03,3.861776854686753246e+00
9.882464968194704852e+03,3.861776869667116863e+00
9.882464986210394272e+03,3.861776884645779617e+00
9.882465004226085512e+03,3.861776899622743731e+00
9.882465022241774932e+03,3.861776914598007426e+00
9.882465040257466171e+03,3.861776929571572925e+00
9.882465058273157410e+03,3.861776944543439782e+00
9.882465076288846831e+03,3.861776959513604446e+00
9.882465094304538070e+03,3.861776974482071800e+00
9.882465112320227490e+03,3.861776989448837849e+00
9.882465130335918730e+03,3.861777004413905701e+00
9.882465148351608150e+03,3.861777019377272691e+00
9.882465166367299389e+03,3.861777034338941039e+00
9.882465184382990628e+03,3.861777049298910303e+00
9.882465202398680049e+03,3.861777064257177816e+00
9.882465220414371288e+03,3.861777079213747577e+00
9.882465238430060708e+03,3.861777094168614699e+00
9.882465256445751947e+03,3.861777109121784957e+00
9.882465274461441368e+03,3.861777124073253020e+00
9.882465292477132607e+03,3.861777139023022887e+00
9.882465310492823846e+03,3.861777153971093224e+00
9.882465328508513267e+03,3.861777168917461367e+00
9.882465346524204506e+03,3.861777183862131757e+00
9.882465364539893926e+03,3.861777198805100397e+00
9.882465382555585165e+03,3.861777213746370396e+00
9.882465400571274586e+03,3.861777228685937757e+00
9.882465418586965825e+03,3.861777243623807809e+00
9.882465436602657064e+03,3.861777258559977444e+00
9.882465454618346484e+03,3.861777273494445328e+00
9.882465472634037724e+03,3.861777288427214128e+00
9.882465490649727144e+03,3.861777303358281621e+00
9.882465508665418383e+03,3.861777318287649585e+00
9.882465526681107804e+03,3.861777333215316244e+00
9.882465544696799043e+03,3.861777348141284705e+00
9.882465562712490282e+03,3.861777363065551416e+00
9.882465580728179702e+03,3.861777377988117266e+00
9.882465598743870942e+03,3.861777392908983142e+00
9.882465616759560362e+03,3.861777407828147712e+00
9.882465634775251601e+03,3.861777422745613642e+00
9.882465652790941022e+03,3.861777437661377377e+00
9.882465670806632261e+03,3.861777452575441139e+00
9.882465688822323500e+03,3.861777467487805371e+00
9.882465706838012920e+03,3.861777482398466077e+00
9.882465724853704160e+03,3.861777497307428586e+00
9.882465742869393580e+03,3.861777512214688457e+00
9.882465760885084819e+03,3.861777527120249687e+00
9.882465778900774239e+03,3.861777542024108278e+00
9.882465796916465479e+03,3.861777556926267341e+00
9.882465814932156718e+03,3.861777571826725541e+00
9.882465832947846138e+03,3.861777586725481548e+00
9.882465850963537378e+03,3.861777601622538469e+00
9.882465868979226798e+03,3.861777616517891865e+00
9.882465886994918037e+03,3.861777631411546619e+00
9.882465905010607457e+03,3.861777646303499179e+00
9.882465923026298697e+03,3.861777661193751321e+00
9.882465941041989936e+03,3.861777676082302602e+00
9.882465959057679356e+03,3.861777690969152133e+00
9.882465977073370595e+03,3.861777705854301246e+00
9.882465995089060016e+03,3.861777720737747721e+00
9.882466013104751255e+03,3.861777735619494667e+00
9.882466031120440675e+03,3.861777750499538975e+00
9.882466049136131915e+03,3.861777765377882865e+00
9.882466067151823154e+03,3.861777780254526338e+00
9.882466085167512574e+03,3.861777795129465840e+00
9.882466103183203813e+03,3.861777810002706257e+00
9.882466121198893234e+03,3.861777824874243592e+00
9.882466139214584473e+03,3.861777839744080509e+00
9.882466157230273893e+03,3.861777854612215233e+00
9.882466175245965132e+03,3.861777869478650427e+00
9.882466193261656372e+03,3.861777884343382983e+00
9.882466211277345792e+03,3.861777899206412901e+00
9.882466229293037031e+03,3.861777914067742401e+00
9.882466247308726452e+03,3.861777928927369263e+00
9.882466265324417691e+03,3.861777943785295708e+00
9.882466283340107111e+03,3.861777958641519071e+00
9.882466301355798350e+03,3.861777973496041572e+00
9.882466319371489590e+03,3.861777988348862767e+00
9.882466337387179010e+03,3.861778003199980880e+00
9.882466355402870249e+03,3.861778018049398575e+00
9.882466373418559670e+03,3.861778032897112745e+00
9.882466391434250909e+03,3.861778047743126940e+00
9.882466409449940329e+03,3.861778062587436722e+00
9.882466427465631568e+03,3.861778077430046974e+00
9.882466445481322808e+03,3.861778092270955032e+00
9.882466463497012228e+03,3.861778107110159119e+00
9.882466481512703467e+03,3.861778121947663678e+00
9.882466499528392887e+03,3.861778136783462934e+00
9.882466517544084127e+03,3.861778151617563104e+00
9.882466535559773547e+03,3.861778166449958860e+00
9.882466553575464786e+03,3.861778181280654199e+00
9.882466571591156026e+03,3.861778196109647343e+00
9.882466589606845446e+03,3.861778210936937406e+00
9.882466607622536685e+03,3.861778225762525718e+00
9.882466625638226105e+03,3.861778240586410504e+00
9.882466643653917345e+03,3.861778255408594429e+00
9.882466661669606765e+03,3.861778270229074828e+00
9.882466679685298004e+03,3.861778285047853476e+00
9.882466697700989243e+03,3.861778299864929931e+00
9.882466715716678664e+03,3.861778314680303303e+00
9.882466733732369903e+03,3.861778329493974482e+00
9.882466751748059323e+03,3.861778344305942134e+00
9.882466769763750563e+03,3.861778359116208925e+00
9.882466787779439983e+03,3.861778373924771746e+00
9.882466805795131222e+03,3.861778388731632816e+00
9.882466823810822461e+03,3.861778403536790805e+00
9.882466841826511882e+03,3.861778418340245711e+00
9.882466859842203121e+03,3.861778433141998423e+00
9.882466877857892541e+03,3.861778447942048054e+00
9.882466895873583780e+03,3.861778462740395490e+00
9.882466913889273201e+03,3.861778477537038956e+00
9.882466931904964440e+03,3.861778492331981116e+00
9.882466949920655679e+03,3.861778507125219750e+00
9.882466967936345100e+03,3.861778521916754858e+00
9.882466985952036339e+03,3.861778536706587328e+00
9.882467003967725759e+03,3.861778551494716272e+00
9.882467021983416998e+03,3.861778566281143465e+00
9.882467039999106419e+03,3.861778581065865801e+00
9.882467058014797658e+03,3.861778595848887274e+00
9.882467076030487078e+03,3.861778610630203445e+00
9.882467094046178318e+03,3.861778625409818311e+00
9.882467112061869557e+03,3.861778640187729206e+00
9.882467130077558977e+03,3.861778654963936130e+00
9.882467148093250216e+03,3.861778669738441749e+00
9.882467166108939637e+03,3.861778684511241178e+00
9.882467184124630876e+03,3.861778699282339744e+00
9.882467202140320296e+03,3.861778714051733452e+00
9.882467220156011535e+03,3.861778728819425854e+00
9.882467238171702775e+03,3.861778743585413842e+00
9.882467256187392195e+03,3.861778758349696528e+00
9.882467274203083434e+03,3.861778773112278351e+00
9.882467292218772855e+03,3.861778787873154872e+00
9.882467310234464094e+03,3.861778802632328755e+00
9.882467328250153514e+03,3.861778817389798224e+00
9.882467346265844753e+03,3.861778832145565055e+00
9.882467364281535993e+03,3.861778846899629247e+00
9.882467382297225413e+03,3.861778861651987249e+00
9.882467400312916652e+03,3.861778876402643501e+00
9.882467418328606072e+03,3.861778891151593562e+00
9.882467436344297312e+03,3.861778905898842318e+00
9.882467454359986732e+03,3.861778920644385771e+00
9.882467472375677971e+03,3.861778935388226586e+00
9.882467490391369211e+03,3.861778950130363430e+00
9.882467508407058631e+03,3.861778964870795861e+00
9.882467526422749870e+03,3.861778979609524765e+00
9.882467544438439290e+03,3.861778994346548810e+00
9.882467562454130530e+03,3.861779009081870218e+00
9.882467580469819950e+03,3.861779023815485434e+00
9.882467598485511189e+03,3.861779038547398457e+00
9.882467616501202428e+03,3.861779053277607954e+00
9.882467634516891849e+03,3.861779068006111260e+00
9.882467652532583088e+03,3.861779082732912372e+00
9.882467670548272508e+03,3.861779097458007293e+00
9.882467688563963748e+03,3.861779112181399576e+00
9.882467706579653168e+03,3.861779126903086556e+00
9.882467724595344407e+03,3.861779141623070011e+00
9.882467742611035646e+03,3.861779156341349939e+00
9.882467760626725067e+03,3.861779171057923676e+00
9.882467778642416306e+03,3.861779185772794776e+00
9.882467796658105726e+03,3.861779200485960128e+00
9.882467814673796966e+03,3.861779215197421067e+00
9.882467832689486386e+03,3.861779229907177591e+00
9.882467850705177625e+03,3.861779244615231033e+00
9.882467868720868864e+03,3.861779259321579616e+00
9.882467886736558285e+03,3.861779274026221564e+00
9.882467904752249524e+03,3.861779288729160875e+00
9.882467922767938944e+03,3.861779303430394439e+00
9.882467940783630183e+03,3.861779318129924476e+00
9.882467958799319604e+03,3.861779332827747879e+00
9.882467976815010843e+03,3.861779347523868200e+00
9.882467994830702082e+03,3.861779362218283662e+00
9.882468012846391503e+03,3.861779376910993378e+00
9.882468030862082742e+03,3.861779391601999567e+00
9.882468048877772162e+03,3.861779406291299566e+00
9.882468066893463401e+03,3.861779420978896038e+00
9.882468084909152822e+03,3.861779435664785876e+00
9.882468102924844061e+03,3.861779450348972187e+00
9.882468120940535300e+03,3.861779465031454084e+00
9.882468138956224720e+03,3.861779479712228458e+00
9.882468156971915960e+03,3.861779494391299750e+00
9.882468174987605380e+03,3.861779509068665295e+00
9.882468193003296619e+03,3.861779523744325981e+00
9.882468211018986040e+03,3.861779538418280922e+00
9.882468229034677279e+03,3.861779553090531447e+00
9.882468247050368518e+03,3.861779567761077558e+00
9.882468265066057938e+03,3.861779582429916591e+00
9.882468283081749178e+03,3.861779597097051653e+00
9.882468301097438598e+03,3.861779611762479636e+00
9.882468319113129837e+03,3.861779626426204093e+00
9.882468337128819257e+03,3.861779641088221915e+00
9.882468355144510497e+03,3.861779655748535323e+00
9.882468373160201736e+03,3.861779670407143428e+00
9.882468391175891156e+03,3.861779685064044898e+00
9.882468409191582396e+03,3.861779699719242842e+00
9.882468427207271816e+03,3.861779714372732375e+00
9.882468445222963055e+03,3.861779729024518382e+00
9.882468463238652475e+03,3.861779743674597309e+00
9.882468481254343715e+03,3.861779758322972267e+00
9.882468499270034954e+03,3.861779772969641478e+00
9.882468517285724374e+03,3.861779787614604498e+00
9.882468535301415614e+03,3.861779802257862215e+00
9.882468553317105034e+03,3.861779816899412854e+00
9.882468571332796273e+03,3.861779831539258634e+00
9.882468589348485693e+03,3.861779846177397779e+00
9.882468607364176933e+03,3.861779860813832954e+00
9.882468625379868172e+03,3.861779875448561494e+00
9.882468643395557592e+03,3.861779890081582955e+00
9.882468661411248831e+03,3.861779904712899114e+00
9.882468679426938252e+03,3.861779919342509082e+00
9.882468697442629491e+03,3.861779933970413303e+00
9.882468715458318911e+03,3.861779948596610890e+00
9.882468733474010151e+03,3.861779963221104062e+00
9.882468751489701390e+03,3.861779977843890155e+00
9.882468769505390810e+03,3.861779992464969169e+00
9.882468787521082049e+03,3.861780007084343769e+00
9.882468805536771470e+03,3.861780021702010846e+00
9.882468823552462709e+03,3.861780036317972620e+00
9.882468841568152129e+03,3.861780050932225983e+00
9.882468859583843368e+03,3.861780065544775820e+00
9.882468877599534608e+03,3.861780080155618577e+00
9.882468895615224028e+03,3.861780094764753812e+00
9.882468913630915267e+03,3.861780109372183745e+00
9.882468931646604688e+03,3.861780123977906154e+00
9.882468949662295927e+03,3.861780138581923261e+00
9.882468967677985347e+03,3.861780153184232844e+00
9.882468985693676586e+03,3.861780167784836681e+00
9.882469003709367826e+03,3.861780182383734772e+00
9.882469021725057246e+03,3.861780196980924451e+00
9.882469039740748485e+03,3.861780211576408828e+00
9.882469057756437905e+03,3.861780226170184793e+00
9.882469075772129145e+03,3.861780240762255900e+00
9.882469093787818565e+03,3.861780255352618596e+00
9.882469111803509804e+03,3.861780269941276877e+00
9.882469129819201044e+03,3.861780284528227636e+00
9.882469147834890464e+03,3.861780299113470871e+00
9.882469165850581703e+03,3.861780313697007472e+00
9.882469183866271123e+03,3.861780328278836993e+00
9.882469201881962363e+03,3.861780342858959436e+00
9.882469219897651783e+03,3.861780357437375244e+00
9.882469237913343022e+03,3.861780372014084861e+00
9.882469255929034261e+03,3.861780386589086955e+00
9.882469273944723682e+03,3.861780401162381082e+00
9.882469291960414921e+03,3.861780415733969463e+00
9.882469309976104341e+03,3.861780430303849432e+00
9.882469327991795581e+03,3.861780444872023210e+00
9.882469346007485001e+03,3.861780459438489466e+00
9.882469364023176240e+03,3.861780474003249086e+00
9.882469382038867479e+03,3.861780488566301184e+00
9.882469400054556900e+03,3.861780503127645314e+00
9.882469418070248139e+03,3.861780517687283698e+00
9.882469436085937559e+03,3.861780532245212783e+00
9.882469454101628799e+03,3.861780546801436120e+00
9.882469472117318219e+03,3.861780561355950603e+00
9.882469490133009458e+03,3.861780575908759339e+00
9.882469508148700697e+03,3.861780590459860552e+00
9.882469526164390118e+03,3.861780605009252909e+00
9.882469544180081357e+03,3.861780619556938632e+00
9.882469562195770777e+03,3.861780634102915943e+00
9.882469580211462016e+03,3.861780648647187064e+00
9.882469598227151437e+03,3.861780663189748442e+00
9.882469616242842676e+03,3.861780677730604516e+00
9.882469634258533915e+03,3.861780692269752624e+00
9.882469652274223336e+03,3.861780706807191432e+00
9.882469670289914575e+03,3.861780721342924050e+00
9.882469688305603995e+03,3.861780735876947368e+00
9.882469706321295234e+03,3.861780750409264495e+00
9.882469724336984655e+03,3.861780764939872324e+00
9.882469742352675894e+03,3.861780779468773961e+00
9.882469760368365314e+03,3.861780793995965411e+00
9.882469778384056553e+03,3.861780808521451558e+00
9.882469796399747793e+03,3.861780823045228406e+00
9.882469814415437213e+03,3.861780837567297286e+00
9.882469832431128452e+03,3.861780852087658644e+00
9.882469850446817873e+03,3.861780866606310703e+00
9.882469868462509112e+03,3.861780881123256570e+00
9.882469886478198532e+03,3.861780895638492250e+00
9.882469904493889771e+03,3.861780910152021296e+00
9.882469922509581011e+03,3.861780924663842374e+00
9.882469940525270431e+03,3.861780939173953264e+00
9.882469958540961670e+03,3.861780953682358408e+00
9.882469976556651091e+03,3.861780968189052921e+00
9.882469994572342330e+03,3.861780982694040798e+00
9.882470012588031750e+03,3.861780997197318488e+00
9.882470030603722989e+03,3.861781011698889987e+00
9.882470048619414229e+03,3.861781026198753075e+00
9.882470066635103649e+03,3.861781040696906420e+00
9.882470084650794888e+03,3.861781055193351797e+00
9.882470102666484308e+03,3.861781069688087875e+00
9.882470120682175548e+03,3.861781084181116874e+00
9.882470138697864968e+03,3.861781098672435242e+00
9.882470156713556207e+03,3.861781113162047419e+00
9.882470174729247447e+03,3.861781127649950740e+00
9.882470192744936867e+03,3.861781142136143874e+00
9.882470210760628106e+03,3.861781156620629929e+00
9.882470228776317526e+03,3.861781171103405352e+00
9.882470246792008766e+03,3.861781185584473253e+00
9.882470264807698186e+03,3.861781200063831410e+00
9.882470282823389425e+03,3.861781214541482044e+00
9.882470300839080664e+03,3.861781229017424710e+00
9.882470318854770085e+03,3.861781243491655857e+00
9.882470336870461324e+03,3.861781257964179481e+00
9.882470354886150744e+03,3.861781272434993806e+00
9.882470372901841984e+03,3.861781286904099719e+00
9.882470390917531404e+03,3.861781301371495445e+00
9.882470408933222643e+03,3.861781315837183204e+00
9.882470426948913882e+03,3.861781330301162996e+00
9.882470444964603303e+03,3.861781344763431267e+00
9.882470462980294542e+03,3.861781359223992016e+00
9.882470480995983962e+03,3.861781373682842133e+00
9.882470499011675201e+03,3.861781388139984283e+00
9.882470517027364622e+03,3.861781402595416690e+00
9.882470535043055861e+03,3.861781417049140686e+00
9.882470553058747100e+03,3.861781431501155382e+00
9.882470571074436521e+03,3.861781445951459446e+00
9.882470589090127760e+03,3.861781460400055099e+00
9.882470607105817180e+03,3.861781474846941009e+00
9.882470625121508419e+03,3.861781489292117620e+00
9.882470643137197840e+03,3.861781503735584486e+00
9.882470661152889079e+03,3.861781518177342942e+00
9.882470679168580318e+03,3.861781532617391210e+00
9.882470697184269739e+03,3.861781547055728847e+00
9.882470715199960978e+03,3.861781561492359405e+00
9.882470733215650398e+03,3.861781575927277999e+00
9.882470751231341637e+03,3.861781590360488181e+00
9.882470769247031058e+03,3.861781604791987732e+00
9.882470787262722297e+03,3.861781619221778872e+00
9.882470805278413536e+03,3.861781633649860268e+00
9.882470823294102956e+03,3.861781648076229700e+00
9.882470841309794196e+03,3.861781662500892054e+00
9.882470859325483616e+03,3.861781676923842443e+00
9.882470877341174855e+03,3.861781691345084866e+00
9.882470895356864276e+03,3.861781705764615324e+00
9.882470913372555515e+03,3.861781720182437816e+00
9.882470931388246754e+03,3.861781734598550120e+00
9.882470949403936174e+03,3.861781749012951792e+00
9.882470967419627414e+03,3.861781763425644165e+00
9.882470985435316834e+03,3.861781777836625018e+00
9.882471003451008073e+03,3.861781792245897460e+00
9.882471021466697493e+03,3.861781806653457050e+00
9.882471039482388733e+03,3.861781821059309561e+00
9.882471057498079972e+03,3.861781835463451440e+00
9.882471075513769392e+03,3.861781849865881355e+00
9.882471093529460632e+03,3.861781864266603304e+00
9.882471111545150052e+03,3.861781878665612400e+00
9.882471129560841291e+03,3.861781893062913529e+00
9.882471147576530711e+03,3.861781907458502694e+00
9.882471165592221951e+03,3.861781921852383004e+00
9.882471183607913190e+03,3.861781936244552238e+00
9.882471201623602610e+03,3.861781950635010841e+00
9.882471219639293849e+03,3.861781965023759700e+00
9.882471237654983270e+03,3.861781979410796595e+00
9.882471255670674509e+03,3.861781993796124191e+00
9.882471273686363929e+03,3.861782008179740266e+00
9.882471291702055169e+03,3.861782022561647043e+00
9.882471309717746408e+03,3.861782036941843188e+00
9.882471327733435828e+03,3.861782051320327813e+00
9.882471345749127067e+03,3.861782065697102251e+00
9.882471363764816488e+03,3.861782080072165169e+00
9.882471381780507727e+03,3.861782094445517899e+00
9.882471399796197147e+03,3.861782108817159109e+00
9.882471417811888386e+03,3.861782123187091464e+00
9.882471435827579626e+03,3.861782137555312300e+00
9.882471453843269046e+03,3.861782151921821171e+00
9.882471471858960285e+03,3.861782166286620743e+00
9.882471489874649706e+03,3.861782180649707019e+00
9.882471507890340945e+03,3.861782195011084884e+00
9.882471525906030365e+03,3.861782209370749452e+00
9.882471543921721604e+03,3.861782223728704722e+00
9.882471561937412844e+03,3.861782238084949359e+00
9.882471579953102264e+03,3.861782252439481589e+00
9.882471597968793503e+03,3.861782266792303631e+00
9.882471615984482924e+03,3.861782281143413265e+00
9.882471634000174163e+03,3.861782295492812711e+00
9.882471652015863583e+03,3.861782309840499749e+00
9.882471670031554822e+03,3.861782324186477489e+00
9.882471688047246062e+03,3.861782338530742820e+00
9.882471706062935482e+03,3.861782352873296631e+00
9.882471724078626721e+03,3.861782367214140255e+00
9.882471742094316141e+03,3.861782381553270582e+00
9.882471760110007381e+03,3.861782395890691166e+00
9.882471778125696801e+03,3.861782410226398898e+00
9.882471796141388040e+03,3.861782424560396887e+00
9.882471814157079280e+03,3.861782438892683800e+00
9.882471832172768700e+03,3.861782453223256528e+00
9.882471850188459939e+03,3.861782467552120401e+00
9.882471868204149359e+03,3.861782481879270534e+00
9.882471886219840599e+03,3.861782496204710036e+00
9.882471904235530019e+03,3.861782510528437573e+00
9.882471922251221258e+03,3.861782524850454035e+00
9.882471940266912497e+03,3.861782539170758977e+00
9.882471958282601918e+03,3.861782553489351066e+00
9.882471976298293157e+03,3.861782567806232969e+00
9.882471994313982577e+03,3.861782582121400687e+00
9.882472012329673817e+03,3.861782596434859105e+00
9.882472030345363237e+03,3.861782610746603339e+00
9.882472048361054476e+03,3.861782625056637386e+00
9.882472066376745715e+03,3.861782639364959469e+00
9.882472084392435136e+03,3.861782653671568699e+00
9.882472102408126375e+03,3.861782667976466854e+00
9.882472120423815795e+03,3.861782682279651269e+00
9.882472138439507034e+03,3.861782696581125052e+00
9.882472156455196455e+03,3.861782710880885983e+00
9.882472174470887694e+03,3.861782725178935838e+00
9.882472192486578933e+03,3.861782739475274173e+00
9.882472210502268354e+03,3.861782753769898324e+00
9.882472228517959593e+03,3.861782768062811400e+00
9.882472246533649013e+03,3.861782782354011179e+00
9.882472264549340252e+03,3.861782796643499882e+00
9.882472282565029673e+03,3.861782810931275733e+00
9.882472300580720912e+03,3.861782825217340509e+00
9.882472318596412151e+03,3.861782839501691544e+00
9.882472336612101572e+03,3.861782853784329728e+00
9.882472354627792811e+03,3.861782868065256835e+00
9.882472372643482231e+03,3.861782882344470647e+00
9.882472390659173470e+03,3.861782896621972494e+00
9.882472408674862891e+03,3.861782910897761045e+00
9.882472426690554130e+03,3.861782925171838077e+00
9.882472444706243550e+03,3.861782939444200924e+00
9.882472462721934789e+03,3.861782953714852695e+00
9.882472480737626029e+03,3.861782967983792059e+00
9.882472498753315449e+03,3.861782982251017238e+00
9.882472516769006688e+03,3.861782996516531341e+00
9.882472534784696109e+03,3.861783010780330372e+00
9.882472552800387348e+03,3.861783025042418771e+00
9.882472570816076768e+03,3.861783039302793874e+00
9.882472588831768007e+03,3.861783053561456125e+00
9.882472606847459247e+03,3.861783067818405968e+00
9.882472624863148667e+03,3.861783082073641626e+00
9.882472642878839906e+03,3.861783096327165321e+00
9.882472660894529326e+03,3.861783110578974831e+00
9.882472678910220566e+03,3.861783124829072822e+00
9.882472696925909986e+03,3.861783139077456628e+00
9.882472714941601225e+03,3.861783153324128914e+00
9.882472732957292465e+03,3.861783167569088349e+00
9.882472750972981885e+03,3.861783181812332710e+00
9.882472768988673124e+03,3.861783196053865108e+00
9.882472787004362544e+03,3.861783210293682878e+00
9.882472805020053784e+03,3.861783224531789571e+00
9.882472823035743204e+03,3.861783238768181192e+00
9.882472841051434443e+03,3.861783253002861294e+00
9.882472859067125682e+03,3.861783267235827655e+00
9.882472877082815103e+03,3.861783281467079387e+00
9.882472895098506342e+03,3.861783295696619156e+00
9.882472913114195762e+03,3.861783309924443852e+00
9.882472931129887002e+03,3.861783324150556584e+00
9.882472949145576422e+03,3.861783338374955132e+00
9.882472967161267661e+03,3.861783352597641716e+00
9.882472985176958900e+03,3.861783366818613228e+00
9.882473003192648321e+03,3.861783381037870999e+00
9.882473021208339560e+03,3.861783395255417251e+00
9.882473039224028980e+03,3.861783409471247097e+00
9.882473057239720220e+03,3.861783423685365424e+00
9.882473075255409640e+03,3.861783437897768678e+00
9.882473093271100879e+03,3.861783452108459525e+00
9.882473111286792118e+03,3.861783466317436631e+00
9.882473129302481539e+03,3.861783480524697776e+00
9.882473147318172778e+03,3.861783494730247401e+00
9.882473165333862198e+03,3.861783508934081954e+00
9.882473183349553437e+03,3.861783523136204099e+00
9.882473201365242858e+03,3.861783537336610284e+00
9.882473219380934097e+03,3.861783551535304504e+00
9.882473237396625336e+03,3.861783565732284540e+00
9.882473255412314757e+03,3.861783579927548615e+00
9.882473273428005996e+03,3.861783594121101171e+00
9.882473291443695416e+03,3.861783608312937321e+00
9.882473309459386655e+03,3.861783622503061508e+00
9.882473327475076076e+03,3.861783636691470178e+00
9.882473345490767315e+03,3.861783650878165552e+00
9.882473363506458554e+03,3.861783665063147630e+00
9.882473381522147974e+03,3.861783679246412859e+00
9.882473399537839214e+03,3.861783693427966124e+00
9.882473417553528634e+03,3.861783707607803873e+00
9.882473435569219873e+03,3.861783721785927881e+00
9.882473453584909294e+03,3.861783735962336817e+00
9.882473471600600533e+03,3.861783750137032456e+00
9.882473489616291772e+03,3.861783764310013911e+00
9.882473507631981192e+03,3.861783778481280294e+00
9.882473525647672432e+03,3.861783792650832048e+00
9.882473543663361852e+03,3.861783806818669174e+00
9.882473561679053091e+03,3.861783820984792559e+00
9.882473579694742511e+03,3.861783835149200872e+00
9.882473597710433751e+03,3.861783849311895001e+00
9.882473615726124990e+03,3.861783863472874945e+00
9.882473633741814410e+03,3.861783877632138928e+00
9.882473651757505650e+03,3.861783891789689172e+00
9.882473669773195070e+03,3.861783905945523898e+00
9.882473687788886309e+03,3.861783920099644885e+00
9.882473705804575729e+03,3.861783934252050354e+00
9.882473723820266969e+03,3.861783948402742084e+00
9.882473741835958208e+03,3.861783962551718741e+00
9.882473759851647628e+03,3.861783976698979437e+00
9.882473777867338868e+03,3.861783990844526837e+00
9.882473795883028288e+03,3.861784004988356944e+00
9.882473813898719527e+03,3.861784019130475087e+00
9.882473831914408947e+03,3.861784033270875494e+00
9.882473849930100187e+03,3.861784047409563048e+00
9.882473867945791426e+03,3.861784061546534641e+00
9.882473885961480846e+03,3.861784075681790718e+00
9.882473903977172085e+03,3.861784089815333054e+00
9.882473921992861506e+03,3.861784103947158542e+00
9.882473940008552745e+03,3.861784118077270733e+00
9.882473958024242165e+03,3.861784132205665188e+00
9.882473976039933405e+03,3.861784146332347234e+00
9.882473994055624644e+03,3.861784160457312876e+00
9.882474012071314064e+03,3.861784174580562112e+00
9.882474030087005303e+03,3.861784188702098053e+00
9.882474048102694724e+03,3.861784202821916701e+00
9.882474066118385963e+03,3.861784216940021608e+00
9.882474084134075383e+03,3.861784231056410110e+00
9.882474102149766622e+03,3.861784245171083541e+00
9.882474120165457862e+03,3.861784259284042342e+00
9.882474138181147282e+03,3.861784273395283851e+00
9.882474156196838521e+03,3.861784287504811175e+00
9.882474174212527942e+03,3.861784301612621650e+00
9.882474192228219181e+03,3.861784315718717941e+00
9.882474210243908601e+03,3.861784329823097384e+00
9.882474228259599840e+03,3.861784343925762641e+00
9.882474246275291080e+03,3.861784358026711939e+00
9.882474264290980500e+03,3.861784372125944387e+00
9.882474282306671739e+03,3.861784386223462651e+00
9.882474300322361159e+03,3.861784400319263177e+00
9.882474318338052399e+03,3.861784414413349520e+00
9.882474336353741819e+03,3.861784428505719013e+00
9.882474354369433058e+03,3.861784442596372990e+00
9.882474372385124298e+03,3.861784456685312339e+00
9.882474390400813718e+03,3.861784470772533950e+00
9.882474408416504957e+03,3.861784484858040045e+00
9.882474426432194377e+03,3.861784498941829735e+00
9.882474444447885617e+03,3.861784513023905241e+00
9.882474462463575037e+03,3.861784527104261677e+00
9.882474480479266276e+03,3.861784541182905262e+00
9.882474498494957516e+03,3.861784555259831997e+00
9.882474516510646936e+03,3.861784569335040551e+00
9.882474534526338175e+03,3.861784583408534477e+00
9.882474552542027595e+03,3.861784597480311554e+00
9.882474570557718835e+03,3.861784611550373114e+00
9.882474588573408255e+03,3.861784625618717381e+00
9.882474606589099494e+03,3.861784639685347020e+00
9.882474624604790733e+03,3.861784653750260254e+00
9.882474642620480154e+03,3.861784667813454863e+00
9.882474660636171393e+03,3.861784681874934844e+00
9.882474678651860813e+03,3.861784695934697531e+00
9.882474696667552053e+03,3.861784709992745146e+00
9.882474714683241473e+03,3.861784724049075024e+00
9.882474732698932712e+03,3.861784738103688497e+00
9.882474750714623951e+03,3.861784752156586453e+00
9.882474768730313372e+03,3.861784766207766673e+00
9.882474786746004611e+03,3.861784780257230931e+00
9.882474804761694031e+03,3.861784794304977453e+00
9.882474822777385270e+03,3.861784808351008902e+00
9.882474840793074691e+03,3.861784822395322614e+00
9.882474858808765930e+03,3.861784836437920365e+00
9.882474876824457169e+03,3.861784850478801268e+00
9.882474894840146590e+03,3.861784864517964433e+00
9.882474912855837829e+03,3.861784878555411638e+00
9.882474930871527249e+03,3.861784892591141549e+00
9.882474948887218488e+03,3.861784906625155056e+00
9.882474966902907909e+03,3.861784920657449938e+00
9.882474984918599148e+03,3.861784934688030191e+00
9.882475002934288568e+03,3.861784948716891375e+00
9.882475020949979807e+03,3.861784962744037930e+00
9.882475038965671047e+03,3.861784976769466304e+00
9.882475056981360467e+03,3.861784990793177386e+00
9.882475074997051706e+03,3.861785004815172506e+00
9.882475093012741127e+03,3.861785018835448113e+00
9.882475111028432366e+03,3.861785032854008204e+00
9.882475129044121786e+03,3.861785046870850113e+00
9.882475147059813025e+03,3.861785060885976950e+00
9.882475165075504265e+03,3.861785074899385606e+00
9.882475183091193685e+03,3.861785088911076080e+00
9.882475201106884924e+03,3.861785102921049706e+00
9.882475219122574345e+03,3.861785116929306039e+00
9.882475237138265584e+03,3.861785130935845078e+00
9.882475255153955004e+03,3.861785144940665937e+00
9.882475273169646243e+03,3.861785158943770835e+00
9.882475291185337483e+03,3.861785172945157552e+00
9.882475309201026903e+03,3.861785186944826087e+00
9.882475327216718142e+03,3.861785200942777774e+00
9.882475345232407562e+03,3.861785214939012167e+00
9.882475363248098802e+03,3.861785228933528380e+00
9.882475381263788222e+03,3.861785242926326855e+00
9.882475399279479461e+03,3.861785256917408926e+00
9.882475417295170701e+03,3.861785270906772816e+00
9.882475435310860121e+03,3.861785284894417636e+00
9.882475453326551360e+03,3.861785298880346495e+00
9.882475471342240780e+03,3.861785312864555841e+00
9.882475489357932020e+03,3.861785326847049227e+00
9.882475507373621440e+03,3.861785340827823543e+00
9.882475525389312679e+03,3.861785354806880566e+00
9.882475543405003918e+03,3.861785368784220296e+00
9.882475561420693339e+03,3.861785382759840068e+00
9.882475579436384578e+03,3.861785396733744324e+00
9.882475597452073998e+03,3.861785410705928179e+00
9.882475615467765238e+03,3.861785424676396072e+00
9.882475633483454658e+03,3.861785438645144897e+00
9.882475651499145897e+03,3.861785452612175540e+00
9.882475669514837136e+03,3.861785466577489778e+00
9.882475687530526557e+03,3.861785480541083171e+00
9.882475705546217796e+03,3.861785494502960159e+00
9.882475723561907216e+03,3.861785508463117633e+00
9.882475741577598455e+03,3.861785522421558703e+00
9.882475759593287876e+03,3.861785536378279815e+00
9.882475777608979115e+03,3.861785550333284522e+00
9.882475795624670354e+03,3.861785564286570160e+00
9.882475813640359775e+03,3.861785578238135841e+00
9.882475831656051014e+03,3.861785592187985561e+00
9.882475849671740434e+03,3.861785606136114435e+00
9.882475867687431673e+03,3.861785620082526904e+00
9.882475885703121094e+03,3.861785634027219416e+00
9.882475903718812333e+03,3.861785647970195079e+00
9.882475921734503572e+03,3.861785661911451228e+00
9.882475939750192993e+03,3.861785675850988753e+00
9.882475957765884232e+03,3.861785689788808096e+00
9.882475975781573652e+03,3.861785703724907481e+00
9.882475993797264891e+03,3.861785717659290462e+00
9.882476011812954312e+03,3.861785731591952153e+00
9.882476029828645551e+03,3.861785745522896995e+00
9.882476047844336790e+03,3.861785759452123656e+00
9.882476065860026210e+03,3.861785773379629916e+00
9.882476083875717450e+03,3.861785787305417994e+00
9.882476101891406870e+03,3.861785801229486559e+00
9.882476119907098109e+03,3.861785815151837831e+00
9.882476137922787530e+03,3.861785829072467813e+00
9.882476155938478769e+03,3.861785842991381390e+00
9.882476173954170008e+03,3.861785856908575454e+00
9.882476191969859428e+03,3.861785870824049116e+00
9.882476209985550668e+03,3.861785884737805485e+00
9.882476228001240088e+03,3.861785898649841009e+00
9.882476246016931327e+03,3.861785912560159240e+00
9.882476264032620747e+03,3.861785926468757513e+00
9.882476282048311987e+03,3.861785940375636716e+00
9.882476300064003226e+03,3.861785954280797739e+00
9.882476318079692646e+03,3.861785968184237028e+00
9.882476336095383886e+03,3.861785982085959468e+00
9.882476354111073306e+03,3.861785995985961062e+00
9.882476372126764545e+03,3.861786009884245363e+00
9.882476390142453965e+03,3.861786023780808375e+00
9.882476408158145205e+03,3.861786037675652761e+00
9.882476426173836444e+03,3.861786051568778522e+00
9.882476444189525864e+03,3.861786065460183437e+00
9.882476462205217103e+03,3.861786079349869727e+00
9.882476480220906524e+03,3.861786093237835615e+00
9.882476498236597763e+03,3.861786107124082879e+00
9.882476516252287183e+03,3.861786121008610184e+00
9.882476534267978423e+03,3.861786134891418865e+00
9.882476552283669662e+03,3.861786148772508032e+00
9.882476570299359082e+03,3.861786162651876353e+00
9.882476588315050321e+03,3.861786176529526049e+00
9.882476606330739742e+03,3.861786190405454455e+00
9.882476624346430981e+03,3.861786204279664680e+00
9.882476642362120401e+03,3.861786218152154060e+00
9.882476660377811641e+03,3.861786232022925258e+00
9.882476678393502880e+03,3.861786245891976499e+00
9.882476696409192300e+03,3.861786259759306006e+00
9.882476714424883539e+03,3.861786273624917332e+00
9.882476732440572960e+03,3.861786287488807368e+00
9.882476750456264199e+03,3.861786301350979222e+00
9.882476768471953619e+03,3.861786315211428899e+00
9.882476786487644858e+03,3.861786329070160839e+00
9.882476804503336098e+03,3.861786342927171489e+00
9.882476822519025518e+03,3.861786356782462182e+00
9.882476840534716757e+03,3.861786370636033361e+00
9.882476858550406178e+03,3.861786384487883694e+00
9.882476876566097417e+03,3.861786398338014070e+00
9.882476894581786837e+03,3.861786412186423600e+00
9.882476912597478076e+03,3.861786426033114950e+00
9.882476930613169316e+03,3.861786439878085453e+00
9.882476948628858736e+03,3.861786453721334667e+00
9.882476966644549975e+03,3.861786467562864811e+00
9.882476984660239395e+03,3.861786481402673221e+00
9.882477002675930635e+03,3.861786495240762118e+00
9.882477020691620055e+03,3.861786509077129725e+00
9.882477038707311294e+03,3.861786522911778263e+00
9.882477056723002534e+03,3.861786536744706400e+00
9.882477074738691954e+03,3.861786550575912358e+00
9.882477092754383193e+03,3.861786564405400135e+00
9.882477110770072613e+03,3.861786578233164846e+00
9.882477128785763853e+03,3.861786592059211376e+00
9.882477146801453273e+03,3.861786605883534840e+00
9.882477164817144512e+03,3.861786619706139678e+00
9.882477182832835751e+03,3.861786633527024115e+00
9.882477200848525172e+03,3.861786647346185930e+00
9.882477218864216411e+03,3.861786661163628676e+00
9.882477236879905831e+03,3.861786674979349687e+00
9.882477254895597071e+03,3.861786688793350741e+00
9.882477272911286491e+03,3.861786702605630062e+00
9.882477290926977730e+03,3.861786716416189869e+00
9.882477308942668969e+03,3.861786730225028386e+00
9.882477326958358390e+03,3.861786744032145169e+00
9.882477344974049629e+03,3.861786757837541550e+00
9.882477362989739049e+03,3.861786771641215754e+00
9.882477381005430288e+03,3.861786785443170888e+00
9.882477399021119709e+03,3.861786799243403845e+00
9.882477417036810948e+03,3.861786813041916400e+00
9.882477435052502187e+03,3.861786826838708109e+00
9.882477453068191608e+03,3.861786840633778084e+00
9.882477471083882847e+03,3.861786854427127214e+00
9.882477489099572267e+03,3.861786868218754165e+00
9.882477507115263506e+03,3.861786882008661159e+00
9.882477525130952927e+03,3.861786895796846419e+00
9.882477543146644166e+03,3.861786909583310834e+00
9.882477561162335405e+03,3.861786923368054403e+00
9.882477579178024826e+03,3.861786937151074905e+00
9.882477597193716065e+03,3.861786950932375451e+00
9.882477615209405485e+03,3.861786964711953374e+00
9.882477633225096724e+03,3.861786978489812228e+00
9.882477651240786145e+03,3.861786992265947127e+00
9.882477669256477384e+03,3.861787006040362513e+00
9.882477687272166804e+03,3.861787019813054389e+00
9.882477705287858043e+03,3.861787033584026751e+00
9.882477723303549283e+03,3.861787047353277380e+00
9.882477741319238703e+03,3.861787061120804943e+00
9.882477759334929942e+03,3.861787074886612103e+00
9.882477777350619363e+03,3.861787088650695754e+00
9.882477795366310602e+03,3.861787102413060335e+00
9.882477813382000022e+03,3.861787116173700962e+00
9.882477831397691261e+03,3.861787129932621188e+00
9.882477849413382501e+03,3.861787143689820567e+00
9.882477867429071921e+03,3.861787157445295993e+00
9.882477885444763160e+03,3.861787171199051460e+00
9.882477903460452580e+03,3.861787184951082974e+00
9.882477921476143820e+03,3.861787198701394530e+00
9.882477939491833240e+03,3.861787212449982132e+00
9.882477957507524479e+03,3.861787226196849332e+00
9.882477975523215719e+03,3.861787239941995686e+00
9.882477993538905139e+03,3.861787253685417642e+00
9.882478011554596378e+03,3.861787267427119197e+00
9.882478029570285798e+03,3.861787281167097241e+00
9.882478047585977038e+03,3.861787294905354440e+00
9.882478065601666458e+03,3.861787308641888572e+00
9.882478083617357697e+03,3.861787322376701415e+00
9.882478101633048936e+03,3.861787336109792079e+00
9.882478119648738357e+03,3.861787349841159234e+00
9.882478137664429596e+03,3.861787363570805542e+00
9.882478155680119016e+03,3.861787377298728785e+00
9.882478173695810256e+03,3.861787391024930738e+00
9.882478191711499676e+03,3.861787404749408292e+00
9.882478209727190915e+03,3.861787418472165445e+00
9.882478227742882154e+03,3.861787432193199976e+00
9.882478245758571575e+03,3.861787445912510996e+00
9.882478263774262814e+03,3.861787459630100727e+00
9.882478281789952234e+03,3.861787473345966504e+00
9.882478299805643474e+03,3.861787487060111435e+00
9.882478317821332894e+03,3.861787500772532855e+00
9.882478335837024133e+03,3.861787514483232098e+00
9.882478353852715372e+03,3.861787528192209162e+00
9.882478371868404793e+03,3.861787541899461829e+00
9.882478389884096032e+03,3.861787555604993649e+00
9.882478407899785452e+03,3.861787569308801515e+00
9.882478425915476691e+03,3.861787583010888092e+00
9.882478443931166112e+03,3.861787596711249826e+00
9.882478461946857351e+03,3.861787610409890714e+00
9.882478479962548590e+03,3.861787624106808536e+00
9.882478497978238011e+03,3.861787637802002404e+00
9.882478515993929250e+03,3.861787651495474982e+00
9.882478534009618670e+03,3.861787665187223162e+00
9.882478552025309909e+03,3.861787678877249164e+00
9.882478570040999330e+03,3.861787692565550767e+00
9.882478588056690569e+03,3.861787706252131525e+00
9.882478606072381808e+03,3.861787719936989216e+00
9.882478624088071228e+03,3.861787733620121621e+00
9.882478642103762468e+03,3.861787747301532736e+00
9.882478660119451888e+03,3.861787760981219453e+00
9.882478678135143127e+03,3.861787774659184880e+00
9.882478696150832548e+03,3.861787788335425020e+00
9.882478714166523787e+03,3.861787802009944315e+00
9.882478732182215026e+03,3.861787815682739655e+00
9.882478750197904446e+03,3.861787829353809265e+00
9.882478768213595686e+03,3.861787843023158473e+00
9.882478786229285106e+03,3.861787856690782839e+00
9.882478804244976345e+03,3.861787870356685026e+00
9.882478822260665765e+03,3.861787884020861927e+00
9.882478840276357005e+03,3.861787897683317983e+00
9.882478858292048244e+03,3.861787911344049196e+00
9.882478876307737664e+03,3.861787925003056898e+00
9.882478894323428904e+03,3.861787938660341535e+00
9.882478912339118324e+03,3.861787952315900885e+00
9.882478930354809563e+03,3.861787965969738945e+00
9.882478948370498983e+03,3.861787979621852163e+00
9.882478966386190223e+03,3.861787993272242314e+00
9.882478984401881462e+03,3.861788006920909400e+00
9.882479002417570882e+03,3.861788020567851198e+00
9.882479020433262122e+03,3.861788034213070375e+00
9.882479038448951542e+03,3.861788047856564710e+00
9.882479056464642781e+03,3.861788061498337310e+00
9.882479074480332201e+03,3.861788075138383292e+00
9.882479092496023441e+03,3.861788088776707539e+00
9.882479110511714680e+03,3.861788102413308277e+00
9.882479128527404100e+03,3.861788116048183284e+00
9.882479146543095339e+03,3.861788129681336557e+00
9.882479164558784760e+03,3.861788143312763655e+00
9.882479182574475999e+03,3.861788156942468575e+00
9.882479200590165419e+03,3.861788170570447321e+00
9.882479218605856659e+03,3.861788184196704332e+00
9.882479236621547898e+03,3.861788197821237389e+00
9.882479254637237318e+03,3.861788211444044272e+00
9.882479272652928557e+03,3.861788225065128088e+00
9.882479290668617978e+03,3.861788238684487506e+00
9.882479308684309217e+03,3.861788252302123414e+00
9.882479326699998637e+03,3.861788265918034035e+00
9.882479344715689876e+03,3.861788279532221591e+00
9.882479362731381116e+03,3.861788293144684303e+00
9.882479380747070536e+03,3.861788306755422173e+00
9.882479398762761775e+03,3.861788320364436977e+00
9.882479416778451196e+03,3.861788333971725606e+00
9.882479434794142435e+03,3.861788347577291169e+00
9.882479452809831855e+03,3.861788361181131446e+00
9.882479470825523094e+03,3.861788374783248212e+00
9.882479488841214334e+03,3.861788388383641024e+00
9.882479506856903754e+03,3.861788401982308105e+00
9.882479524872594993e+03,3.861788415579250788e+00
9.882479542888284413e+03,3.861788429174468629e+00
9.882479560903975653e+03,3.861788442767962515e+00
9.882479578919665073e+03,3.861788456359731114e+00
9.882479596935356312e+03,3.861788469949776204e+00
9.882479614951047552e+03,3.861788483538096450e+00
9.882479632966736972e+03,3.861788497124690522e+00
9.882479650982428211e+03,3.861788510709560640e+00
9.882479668998117631e+03,3.861788524292705915e+00
9.882479687013808871e+03,3.861788537874127236e+00
9.882479705029498291e+03,3.861788551453821494e+00
9.882479723045189530e+03,3.861788565031792686e+00
9.882479741060880770e+03,3.861788578608039479e+00
9.882479759076570190e+03,3.861788592182560098e+00
9.882479777092261429e+03,3.861788605755356318e+00
9.882479795107950849e+03,3.861788619326426808e+00
9.882479813123642089e+03,3.861788632895772899e+00
9.882479831139331509e+03,3.861788646463393704e+00
9.882479849155022748e+03,3.861788660029289666e+00
9.882479867170713987e+03,3.861788673593461674e+00
9.882479885186403408e+03,3.861788687155906175e+00
9.882479903202094647e+03,3.861788700716626721e+00
9.882479921217784067e+03,3.861788714275621537e+00
9.882479939233475307e+03,3.861788727832892398e+00
9.882479957249164727e+03,3.861788741388436197e+00
9.882479975264855966e+03,3.861788754942256485e+00
9.882479993280547205e+03,3.861788768494351043e+00
9.882480011296236626e+03,3.861788782044719426e+00
9.882480029311927865e+03,3.861788795593363410e+00
9.882480047327617285e+03,3.861788809140280332e+00
9.882480065343308524e+03,3.861788822685473299e+00
9.882480083358997945e+03,3.861788836228940092e+00
9.882480101374689184e+03,3.861788849770682486e+00
9.882480119390380423e+03,3.861788863310698705e+00
9.882480137406069844e+03,3.861788876848988306e+00
9.882480155421761083e+03,3.861788890385554396e+00
9.882480173437450503e+03,3.861788903920392535e+00
9.882480191453141742e+03,3.861788917453507164e+00
9.882480209468831163e+03,3.861788930984894730e+00
9.882480227484522402e+03,3.861788944514557453e+00
9.882480245500213641e+03,3.861788958042494002e+00
9.882480263515903061e+03,3.861788971568704376e+00
9.882480281531594301e+03,3.861788985093189908e+00
9.882480299547283721e+03,3.861788998615948820e+00
9.882480317562974960e+03,3.861789012136982002e+00
9.882480335578664381e+03,3.861789025656289009e+00
9.882480353594355620e+03,3.861789039173871618e+00
9.882480371610045040e+03,3.861789052689726276e+00
9.882480389625736279e+03,3.861789066203856091e+00
9.882480407641427519e+03,3.861789079716260620e+00
9.882480425657116939e+03,3.861789093226937197e+00
9.882480443672808178e+03,3.861789106735889376e+00
9.882480461688497599e+03,3.861789120243114493e+00
9.882480479704188838e+03,3.861789133748614766e+00
9.882480497719878258e+03,3.861789147252387089e+00
9.882480515735569497e+03,3.861789160754434125e+00
9.882480533751260737e+03,3.861789174254755874e+00
9.882480551766950157e+03,3.861789187753349673e+00
9.882480569782641396e+03,3.861789201250218628e+00
9.882480587798330816e+03,3.861789214745360077e+00
9.882480605814022056e+03,3.861789228238776683e+00
9.882480623829711476e+03,3.861789241730465339e+00
9.882480641845402715e+03,3.861789255220428263e+00
9.882480659861093955e+03,3.861789268708665457e+00
9.882480677876783375e+03,3.861789282195175588e+00
9.882480695892474614e+03,3.861789295679959100e+00
9.882480713908164034e+03,3.861789309163015549e+00
9.882480731923855274e+03,3.861789322644346711e+00
9.882480749939544694e+03,3.861789336123949923e+00
9.882480767955235933e+03,3.861789349601828736e+00
9.882480785970927172e+03,3.861789363077980042e+00
9.882480803986616593e+03,3.861789376552402953e+00
9.882480822002307832e+03,3.861789390025101021e+00
9.882480840017997252e+03,3.861789403496071138e+00
9.882480858033688492e+03,3.861789416965315969e+00
9.882480876049377912e+03,3.861789430432832848e+00
9.882480894065069151e+03,3.861789443898624441e+00
9.882480912080760390e+03,3.861789457362687639e+00
9.882480930096449811e+03,3.861789470825024218e+00
9.882480948112141050e+03,3.861789484285635066e+00
9.882480966127830470e+03,3.861789497744517075e+00
9.882480984143521709e+03,3.861789511201673797e+00
9.882481002159211130e+03,3.861789524657102568e+00
9.882481020174902369e+03,3.861789538110805164e+00
9.882481038190593608e+03,3.861789551562780698e+00
9.882481056206283029e+03,3.861789565013027836e+00
9.882481074221974268e+03,3.861789578461549244e+00
9.882481092237663688e+03,3.861789591908342256e+00
9.882481110253354927e+03,3.861789605353409982e+00
9.882481128269044348e+03,3.861789618796749313e+00
9.882481146284735587e+03,3.861789632238362024e+00
9.882481164300426826e+03,3.861789645678247673e+00
9.882481182316116247e+03,3.861789659116404483e+00
9.882481200331807486e+03,3.861789672552835562e+00
9.882481218347496906e+03,3.861789685987538245e+00
9.882481236363188145e+03,3.861789699420514754e+00
9.882481254378877566e+03,3.861789712851761980e+00
9.882481272394568805e+03,3.861789726281284363e+00
9.882481290410260044e+03,3.861789739709078351e+00
9.882481308425949464e+03,3.861789753135143499e+00
9.882481326441640704e+03,3.861789766559482473e+00
9.882481344457330124e+03,3.861789779982093052e+00
9.882481362473021363e+03,3.861789793402977011e+00
9.882481380488710784e+03,3.861789806822133020e+00
9.882481398504402023e+03,3.861789820239561521e+00
9.882481416520093262e+03,3.861789833655262516e+00
9.882481434535782682e+03,3.861789847069234671e+00
9.882481452551473922e+03,3.861789860481480652e+00
9.882481470567163342e+03,3.861789873891997349e+00
9.882481488582854581e+03,3.861789887300788315e+00
9.882481506598544001e+03,3.861789900707849554e+00
9.882481524614235241e+03,3.861789914113184174e+00
9.882481542629926480e+03,3.861789927516791288e+00
9.882481560645615900e+03,3.861789940918669117e+00
9.882481578661307140e+03,3.861789954318819884e+00
9.882481596676996560e+03,3.861789967717242256e+00
9.882481614692687799e+03,3.861789981113937120e+00
9.882481632708377219e+03,3.861789994508903145e+00
9.882481650724068459e+03,3.861790007902142108e+00
9.882481668739759698e+03,3.861790021293653563e+00
9.882481686755449118e+03,3.861790034683435735e+00
9.882481704771140357e+03,3.861790048071490844e+00
9.882481722786829778e+03,3.861790061457816225e+00
9.882481740802521017e+03,3.861790074842414544e+00
9.882481758818210437e+03,3.861790088225284023e+00
9.882481776833901677e+03,3.861790101606425551e+00
9.882481794849592916e+03,3.861790114985840017e+00
9.882481812865282336e+03,3.861790128363523866e+00
9.882481830880973575e+03,3.861790141739481541e+00
9.882481848896662996e+03,3.861790155113709488e+00
9.882481866912354235e+03,3.861790168486209485e+00
9.882481884928043655e+03,3.861790181856980642e+00
9.882481902943734895e+03,3.861790195226024736e+00
9.882481920959426134e+03,3.861790208593339990e+00
9.882481938975115554e+03,3.861790221958925517e+00
9.882481956990806793e+03,3.861790235322783982e+00
9.882481975006496214e+03,3.861790248684911830e+00
9.882481993022187453e+03,3.861790262045313504e+00
9.882482011037876873e+03,3.861790275403984563e+00
9.882482029053568112e+03,3.861790288760928558e+00
9.882482047069259352e+03,3.861790302116143714e+00
9.882482065084948772e+03,3.861790315469629142e+00
9.882482083100640011e+03,3.861790328821386620e+00
9.882482101116329432e+03,3.861790342171414814e+00
9.882482119132020671e+03,3.861790355519714613e+00
9.882482137147710091e+03,3.861790368866284684e+00
9.882482155163401330e+03,3.861790382211127692e+00
9.882482173179092570e+03,3.861790395554240973e+00
9.882482191194781990e+03,3.861790408895624971e+00
9.882482209210473229e+03,3.861790422235280573e+00
9.882482227226162649e+03,3.861790435573206448e+00
9.882482245241853889e+03,3.861790448909404816e+00
9.882482263257543309e+03,3.861790462243872124e+00
9.882482281273234548e+03,3.861790475576611925e+00
9.882482299288925788e+03,3.861790488907622443e+00
9.882482317304615208e+03,3.861790502236902789e+00
9.882482335320306447e+03,3.861790515564456072e+00
9.882482353335995867e+03,3.861790528890277407e+00
9.882482371351687107e+03,3.861790542214372124e+00
9.882482389367376527e+03,3.861790555536735337e+00
9.882482407383067766e+03,3.861790568857371486e+00
9.882482425398759005e+03,3.861790582176277908e+00
9.882482443414448426e+03,3.861790595493453715e+00
9.882482461430139665e+03,3.861790608808901570e+00
9.882482479445829085e+03,3.861790622122617922e+00
9.882482497461520325e+03,3.861790635434607655e+00
9.882482515477209745e+03,3.861790648744865440e+00
9.882482533492900984e+03,3.861790662053395717e+00
9.882482551508592223e+03,3.861790675360196712e+00
9.882482569524281644e+03,3.861790688665266646e+00
9.882482587539972883e+03,3.861790701968608186e+00
9.882482605555662303e+03,3.861790715270218666e+00
9.882482623571353543e+03,3.861790728570101194e+00
9.882482641587042963e+03,3.861790741868252219e+00
9.882482659602734202e+03,3.861790755164675293e+00
9.882482677618425441e+03,3.861790768459368639e+00
9.882482695634114862e+03,3.861790781752331814e+00
9.882482713649806101e+03,3.861790795043565705e+00
9.882482731665495521e+03,3.861790808333068536e+00
9.882482749681186760e+03,3.861790821620842973e+00
9.882482767696876181e+03,3.861790834906886349e+00
9.882482785712567420e+03,3.861790848191200887e+00
9.882482803728258659e+03,3.861790861473785696e+00
9.882482821743948080e+03,3.861790874754639002e+00
9.882482839759639319e+03,3.861790888033764357e+00
9.882482857775328739e+03,3.861790901311157320e+00
9.882482875791019978e+03,3.861790914586822776e+00
9.882482893806709399e+03,3.861790927860756728e+00
9.882482911822400638e+03,3.861790941132961397e+00
9.882482929838091877e+03,3.861790954403435894e+00
9.882482947853781297e+03,3.861790967672178887e+00
9.882482965869472537e+03,3.861790980939193929e+00
9.882482983885161957e+03,3.861790994204477023e+00
9.882483001900853196e+03,3.861791007468030834e+00
9.882483019916542617e+03,3.861791020729853585e+00
9.882483037932233856e+03,3.861791033989947053e+00
9.882483055947923276e+03,3.861791047248308573e+00
9.882483073963614515e+03,3.861791060504942141e+00
9.882483091979305755e+03,3.861791073759844206e+00
9.882483109994995175e+03,3.861791087013015211e+00
9.882483128010686414e+03,3.861791100264456933e+00
9.882483146026375834e+03,3.861791113514167595e+00
9.882483164042067074e+03,3.861791126762148529e+00
9.882483182057756494e+03,3.861791140008397072e+00
9.882483200073447733e+03,3.861791153252916775e+00
9.882483218089138973e+03,3.861791166495706751e+00
9.882483236104828393e+03,3.861791179736763890e+00
9.882483254120519632e+03,3.861791192976091747e+00
9.882483272136209052e+03,3.861791206213687655e+00
9.882483290151900292e+03,3.861791219449554724e+00
9.882483308167589712e+03,3.861791232683689845e+00
9.882483326183280951e+03,3.861791245916094795e+00
9.882483344198972190e+03,3.861791259146769129e+00
9.882483362214661611e+03,3.861791272375711515e+00
9.882483380230352850e+03,3.861791285602925061e+00
9.882483398246042270e+03,3.861791298828405772e+00
9.882483416261733510e+03,3.861791312052157199e+00
9.882483434277422930e+03,3.861791325274175790e+00
9.882483452293114169e+03,3.861791338494465098e+00
9.882483470308805408e+03,3.861791351713023346e+00
9.882483488324494829e+03,3.861791364929850090e+00
9.882483506340186068e+03,3.861791378144946663e+00
9.882483524355875488e+03,3.861791391358310843e+00
9.882483542371566728e+03,3.861791404569944852e+00
9.882483560387256148e+03,3.861791417779846913e+00
9.882483578402947387e+03,3.861791430988018803e+00
9.882483596418638626e+03,3.861791444194459633e+00
9.882483614434328047e+03,3.861791457399168515e+00
9.882483632450019286e+03,3.861791470602146781e+00
9.882483650465708706e+03,3.861791483803392655e+00
9.882483668481399945e+03,3.861791497002907914e+00
9.882483686497089366e+03,3.861791510200691224e+00
9.882483704512780605e+03,3.861791523396744807e+00
9.882483722528471844e+03,3.861791536591066887e+00
9.882483740544161265e+03,3.861791549783656130e+00
9.882483758559852504e+03,3.861791562974515202e+00
9.882483776575541924e+03,3.861791576163641437e+00
9.882483794591233163e+03,3.861791589351037945e+00
9.882483812606922584e+03,3.861791602536701173e+00
9.882483830622613823e+03,3.861791615720634230e+00
9.882483848638305062e+03,3.861791628902835782e+00
9.882483866653994482e+03,3.861791642083304943e+00
9.882483884669685722e+03,3.861791655262042600e+00
9.882483902685375142e+03,3.861791668439048308e+00
9.882483920701066381e+03,3.861791681614323402e+00
9.882483938716755802e+03,3.861791694787865215e+00
9.882483956732447041e+03,3.861791707959676412e+00
9.882483974748138280e+03,3.861791721129756549e+00
9.882483992763827700e+03,3.861791734298103407e+00
9.882484010779518940e+03,3.861791747464718760e+00
9.882484028795208360e+03,3.861791760629602166e+00
9.882484046810899599e+03,3.861791773792754956e+00
9.882484064826589020e+03,3.861791786954173578e+00
9.882484082842280259e+03,3.861791800113862472e+00
9.882484100857971498e+03,3.861791813271819418e+00
9.882484118873660918e+03,3.861791826428042196e+00
9.882484136889352158e+03,3.861791839582535246e+00
9.882484154905041578e+03,3.861791852735294572e+00
9.882484172920732817e+03,3.861791865886321951e+00
9.882484190936422237e+03,3.861791879035617825e+00
9.882484208952113477e+03,3.861791892183181751e+00
9.882484226967804716e+03,3.861791905329013730e+00
9.882484244983494136e+03,3.861791918473112428e+00
9.882484262999185376e+03,3.861791931615479623e+00
9.882484281014874796e+03,3.861791944756113093e+00
9.882484299030566035e+03,3.861791957895016836e+00
9.882484317046255455e+03,3.861791971032185522e+00
9.882484335061946695e+03,3.861791984167624037e+00
9.882484353077637934e+03,3.861791997301330159e+00
9.882484371093327354e+03,3.861792010433302114e+00
9.882484389109018593e+03,3.861792023563543452e+00
9.882484407124708014e+03,3.861792036692050178e+00
9.882484425140399253e+03,3.861792049818826733e+00
9.882484443156088673e+03,3.861792062943869563e+00
9.882484461171779913e+03,3.861792076067180446e+00
9.882484479187471152e+03,3.861792089188758936e+00
9.882484497203160572e+03,3.861792102308603702e+00
9.882484515218851811e+03,3.861792115426716965e+00
9.882484533234541232e+03,3.861792128543096059e+00
9.882484551250232471e+03,3.861792141657744093e+00
9.882484569265921891e+03,3.861792154770657959e+00
9.882484587281613130e+03,3.861792167881840321e+00
9.882484605297304370e+03,3.861792180991290735e+00
9.882484623312993790e+03,3.861792194099006093e+00
9.882484641328685029e+03,3.861792207204989946e+00
9.882484659344374450e+03,3.861792220309240076e+00
9.882484677360065689e+03,3.861792233411758701e+00
9.882484695375755109e+03,3.861792246512542270e+00
9.882484713391446348e+03,3.861792259611594780e+00
9.882484731407137588e+03,3.861792272708914009e+00
9.882484749422827008e+03,3.861792285804499514e+00
9.882484767438518247e+03,3.861792298898352627e+00
9.882484785454207667e+03,3.861792311990471571e+00
9.882484803469898907e+03,3.861792325080859456e+00
9.882484821485588327e+03,3.861792338169512284e+00
9.882484839501279566e+03,3.861792351256433165e+00
9.882484857516970806e+03,3.861792364341621209e+00
9.882484875532660226e+03,3.861792377425074196e+00
9.882484893548351465e+03,3.861792390506796124e+00
9.882484911564040885e+03,3.861792403586782552e+00
9.882484929579732125e+03,3.861792416665037919e+00
9.882484947595421545e+03,3.861792429741558230e+00
9.882484965611112784e+03,3.861792442816346149e+00
9.882484983626804024e+03,3.861792455889400788e+00
9.882485001642493444e+03,3.861792468960720814e+00
9.882485019658184683e+03,3.861792482030308893e+00
9.882485037673874103e+03,3.861792495098161915e+00
9.882485055689565343e+03,3.861792508164283433e+00
9.882485073705254763e+03,3.861792521228669450e+00
9.882485091720946002e+03,3.861792534291323964e+00
9.882485109736637241e+03,3.861792547352243421e+00
9.882485127752326662e+03,3.861792560411429154e+00
9.882485145768017901e+03,3.861792573468882495e+00
9.882485163783707321e+03,3.861792586524600335e+00
9.882485181799398561e+03,3.861792599578586671e+00
9.882485199815087981e+03,3.861792612630837507e+00
9.882485217830779220e+03,3.861792625681355950e+00
9.882485235846470459e+03,3.861792638730140670e+00
9.882485253862159880e+03,3.861792651777189445e+00
9.882485271877851119e+03,3.861792664822506715e+00
9.882485289893540539e+03,3.861792677866088486e+00
9.882485307909231778e+03,3.861792690907937864e+00
9.882485325924921199e+03,3.861792703948051741e+00
9.882485343940612438e+03,3.861792716986433227e+00
9.882485361956303677e+03,3.861792730023079656e+00
9.882485379971993098e+03,3.861792743057992361e+00
9.882485397987684337e+03,3.861792756091171341e+00
9.882485416003373757e+03,3.861792769122615265e+00
9.882485434019064996e+03,3.861792782152326797e+00
9.882485452034754417e+03,3.861792795180301940e+00
9.882485470050445656e+03,3.861792808206545136e+00
9.882485488066136895e+03,3.861792821231053718e+00
9.882485506081826315e+03,3.861792834253827245e+00
9.882485524097517555e+03,3.861792847274867491e+00
9.882485542113206975e+03,3.861792860294172680e+00
9.882485560128898214e+03,3.861792873311743701e+00
9.882485578144587635e+03,3.861792886327580554e+00
9.882485596160278874e+03,3.861792899341682794e+00
9.882485614175968294e+03,3.861792912354050866e+00
9.882485632191659533e+03,3.861792925364685214e+00
9.882485650207350773e+03,3.861792938373584949e+00
9.882485668223040193e+03,3.861792951380749184e+00
9.882485686238731432e+03,3.861792964386180138e+00
9.882485704254420853e+03,3.861792977389874704e+00
9.882485722270112092e+03,3.861792990391836877e+00
9.882485740285801512e+03,3.861793003392063106e+00
9.882485758301492751e+03,3.861793016390555611e+00
9.882485776317183991e+03,3.861793029387313503e+00
9.882485794332873411e+03,3.861793042382335450e+00
9.882485812348564650e+03,3.861793055375624562e+00
9.882485830364254070e+03,3.861793068367176840e+00
9.882485848379945310e+03,3.861793081356996282e+00
9.882485866395634730e+03,3.861793094345079780e+00
9.882485884411325969e+03,3.861793107331429553e+00
9.882485902427017209e+03,3.861793120316044270e+00
9.882485920442706629e+03,3.861793133298923042e+00
9.882485938458397868e+03,3.861793146280068534e+00
9.882485956474087288e+03,3.861793159259477193e+00
9.882485974489778528e+03,3.861793172237152572e+00
9.882485992505467948e+03,3.861793185213091562e+00
9.882486010521159187e+03,3.861793198187296383e+00
9.882486028536850426e+03,3.861793211159767480e+00
9.882486046552539847e+03,3.861793224130500857e+00
9.882486064568231086e+03,3.861793237099501397e+00
9.882486082583920506e+03,3.861793250066764660e+00
9.882486100599611746e+03,3.861793263032294643e+00
9.882486118615301166e+03,3.861793275996088237e+00
9.882486136630992405e+03,3.861793288958147663e+00
9.882486154646683644e+03,3.861793301918472476e+00
9.882486172662373065e+03,3.861793314877059569e+00
9.882486190678064304e+03,3.861793327833913825e+00
9.882486208693753724e+03,3.861793340789030360e+00
9.882486226709444963e+03,3.861793353742414059e+00
9.882486244725134384e+03,3.861793366694060481e+00
9.882486262740825623e+03,3.861793379643972735e+00
9.882486280756516862e+03,3.861793392592149932e+00
9.882486298772206283e+03,3.861793405538590296e+00
9.882486316787897522e+03,3.861793418483296492e+00
9.882486334803586942e+03,3.861793431426264966e+00
9.882486352819278181e+03,3.861793444367500605e+00
9.882486370834967602e+03,3.861793457306998967e+00
9.882486388850658841e+03,3.861793470244762272e+00
9.882486406866350080e+03,3.861793483180790520e+00
9.882486424882039501e+03,3.861793496115081936e+00
9.882486442897730740e+03,3.861793509047639184e+00
9.882486460913420160e+03,3.861793521978458710e+00
9.882486478929111399e+03,3.861793534907543624e+00
9.882486496944800820e+03,3.861793547834892149e+00
9.882486514960492059e+03,3.861793560760506505e+00
9.882486532976183298e+03,3.861793573684384473e+00
9.882486550991872718e+03,3.861793586606525164e+00
9.882486569007563958e+03,3.861793599526931686e+00
9.882486587023253378e+03,3.861793612445600488e+00
9.882486605038944617e+03,3.861793625362535121e+00
9.882486623054634038e+03,3.861793638277732921e+00
9.882486641070325277e+03,3.861793651191194776e+00
9.882486659086016516e+03,3.861793664102922019e+00
9.882486677101705936e+03,3.861793677012911097e+00
9.882486695117397176e+03,3.861793689921165118e+00
9.882486713133086596e+03,3.861793702827682306e+00
9.882486731148777835e+03,3.861793715732464882e+00
9.882486749164467255e+03,3.861793728635509293e+00
9.882486767180158495e+03,3.861793741536819091e+00
9.882486785195849734e+03,3.861793754436393389e+00
9.882486803211539154e+03,3.861793767334229077e+00
9.882486821227230394e+03,3.861793780230330153e+00
9.882486839242919814e+03,3.861793793124693508e+00
9.882486857258611053e+03,3.861793806017322250e+00
9.882486875274300473e+03,3.861793818908212828e+00
9.882486893289991713e+03,3.861793831797368792e+00
9.882486911305682952e+03,3.861793844684788812e+00
9.882486929321372372e+03,3.861793857570470223e+00
9.882486947337063611e+03,3.861793870454416577e+00
9.882486965352753032e+03,3.861793883336625210e+00
9.882486983368444271e+03,3.861793896217098787e+00
9.882487001384133691e+03,3.861793909095834643e+00
9.882487019399824931e+03,3.861793921972834553e+00
9.882487037415516170e+03,3.861793934848098520e+00
9.882487055431205590e+03,3.861793947721624765e+00
9.882487073446896829e+03,3.861793960593415065e+00
9.882487091462586250e+03,3.861793973463466756e+00
9.882487109478277489e+03,3.861793986331784279e+00
9.882487127493966909e+03,3.861793999198363192e+00
9.882487145509658149e+03,3.861794012063206161e+00
9.882487163525349388e+03,3.861794024926313185e+00
9.882487181541038808e+03,3.861794037787681599e+00
9.882487199556730047e+03,3.861794050647314958e+00
9.882487217572419468e+03,3.861794063505209706e+00
9.882487235588110707e+03,3.861794076361368511e+00
9.882487253603800127e+03,3.861794089215790038e+00
9.882487271619491366e+03,3.861794102068474732e+00
9.882487289635182606e+03,3.861794114919423482e+00
9.882487307650872026e+03,3.861794127768633622e+00
9.882487325666563265e+03,3.861794140616106930e+00
9.882487343682252686e+03,3.861794153461843404e+00
9.882487361697943925e+03,3.861794166305843046e+00
9.882487379713633345e+03,3.861794179148104966e+00
9.882487397729324584e+03,3.861794191988630942e+00
9.882487415745015824e+03,3.861794204827419197e+00
9.882487433760705244e+03,3.861794217664469286e+00
9.882487451776396483e+03,3.861794230499782543e+00
9.882487469792085903e+03,3.861794243333358079e+00
9.882487487807777143e+03,3.861794256165197670e+00
9.882487505823466563e+03,3.861794268995299095e+00
9.882487523839157802e+03,3.861794281823663688e+00
9.882487541854849042e+03,3.861794294650290116e+00
9.882487559870538462e+03,3.861794307475179266e+00
9.882487577886229701e+03,3.861794320298332028e+00
9.882487595901919121e+03,3.861794333119745293e+00
9.882487613917610361e+03,3.861794345939422612e+00
9.882487631933299781e+03,3.861794358757360879e+00
9.882487649948991020e+03,3.861794371573564089e+00
9.882487667964682259e+03,3.861794384388028689e+00
9.882487685980371680e+03,3.861794397200754680e+00
9.882487703996062919e+03,3.861794410011743839e+00
9.882487722011752339e+03,3.861794422820994388e+00
9.882487740027443579e+03,3.861794435628508992e+00
9.882487758043132999e+03,3.861794448434284099e+00
9.882487776058824238e+03,3.861794461238322818e+00
9.882487794074515477e+03,3.861794474040622926e+00
9.882487812090204898e+03,3.861794486841185314e+00
9.882487830105896137e+03,3.861794499640009981e+00
9.882487848121585557e+03,3.861794512437096483e+00
9.882487866137276797e+03,3.861794525232445707e+00
9.882487884152966217e+03,3.861794538026056323e+00
9.882487902168657456e+03,3.861794550817930105e+00
9.882487920184348695e+03,3.861794563608065278e+00
9.882487938200038116e+03,3.861794576396461398e+00
9.882487956215729355e+03,3.861794589183120685e+00
9.882487974231418775e+03,3.861794601968041363e+00
9.882487992247110014e+03,3.861794614751225208e+00
9.882488010262799435e+03,3.861794627532669111e+00
9.882488028278490674e+03,3.861794640312375737e+00
9.882488046294181913e+03,3.861794653090344642e+00
9.882488064309871334e+03,3.861794665866574050e+00
9.882488082325562573e+03,3.861794678641066625e+00
9.882488100341251993e+03,3.861794691413820146e+00
9.882488118356943232e+03,3.861794704184835503e+00
9.882488136372632653e+03,3.861794716954112250e+00
9.882488154388323892e+03,3.861794729721651276e+00
9.882488172404015131e+03,3.861794742487452581e+00
9.882488190419704551e+03,3.861794755251513944e+00
9.882488208435395791e+03,3.861794768013838031e+00
9.882488226451085211e+03,3.861794780774421731e+00
9.882488244466776450e+03,3.861794793533269488e+00
9.882488262482465871e+03,3.861794806290375970e+00
9.882488280498157110e+03,3.861794819045746063e+00
9.882488298513846530e+03,3.861794831799377103e+00
9.882488316529537769e+03,3.861794844551269978e+00
9.882488334545229009e+03,3.861794857301424244e+00
9.882488352560918429e+03,3.861794870049838124e+00
9.882488370576609668e+03,3.861794882796515171e+00
9.882488388592299088e+03,3.861794895541452277e+00
9.882488406607990328e+03,3.861794908284652106e+00
9.882488424623679748e+03,3.861794921026111105e+00
9.882488442639370987e+03,3.861794933765833715e+00
9.882488460655062227e+03,3.861794946503816828e+00
9.882488478670751647e+03,3.861794959240059999e+00
9.882488496686442886e+03,3.861794971974565449e+00
9.882488514702132306e+03,3.861794984707330514e+00
9.882488532717823546e+03,3.861794997438357857e+00
9.882488550733512966e+03,3.861795010167645703e+00
9.882488568749204205e+03,3.861795022895195384e+00
9.882488586764895445e+03,3.861795035621005567e+00
9.882488604780584865e+03,3.861795048345076253e+00
9.882488622796276104e+03,3.861795061067409218e+00
9.882488640811965524e+03,3.861795073788001353e+00
9.882488658827656764e+03,3.861795086506855323e+00
9.882488676843346184e+03,3.861795099223969352e+00
9.882488694859037423e+03,3.861795111939345659e+00
9.882488712874728662e+03,3.861795124652982469e+00
9.882488730890418083e+03,3.861795137364878006e+00
9.882488748906109322e+03,3.861795150075036709e+00
9.882488766921798742e+03,3.861795162783455027e+00
9.882488784937489982e+03,3.861795175490134291e+00
9.882488802953179402e+03,3.861795188195073614e+00
9.882488820968870641e+03,3.861795200898274771e+00
9.882488838984561880e+03,3.861795213599735543e+00
9.882488857000251301e+03,3.861795226299456818e+00
9.882488875015942540e+03,3.861795238997439927e+00
9.882488893031631960e+03,3.861795251693681763e+00
9.882488911047323199e+03,3.861795264388185434e+00
9.882488929063012620e+03,3.861795277080947830e+00
9.882488947078703859e+03,3.861795289771972506e+00
9.882488965094395098e+03,3.861795302461258128e+00
9.882488983110084519e+03,3.861795315148802032e+00
9.882489001125775758e+03,3.861795327834607772e+00
9.882489019141465178e+03,3.861795340518672681e+00
9.882489037157156417e+03,3.861795353200998537e+00
9.882489055172845838e+03,3.861795365881584008e+00
9.882489073188537077e+03,3.861795378560430869e+00
9.882489091204228316e+03,3.861795391237538233e+00
9.882489109219917736e+03,3.861795403912904323e+00
9.882489127235608976e+03,3.861795416586531804e+00
9.882489145251298396e+03,3.861795429258417567e+00
9.882489163266989635e+03,3.861795441928565609e+00
9.882489181282679056e+03,3.861795454596971489e+00
9.882489199298370295e+03,3.861795467263639203e+00
9.882489217314061534e+03,3.861795479928566976e+00
9.882489235329750954e+03,3.861795492591753920e+00
9.882489253345442194e+03,3.861795505253201810e+00
9.882489271361131614e+03,3.861795517912907982e+00
9.882489289376822853e+03,3.861795530570875101e+00
9.882489307392512274e+03,3.861795543227100946e+00
9.882489325408203513e+03,3.861795555881589070e+00
9.882489343423894752e+03,3.861795568534336365e+00
9.882489361439584172e+03,3.861795581185341941e+00
9.882489379455275412e+03,3.861795593834608020e+00
9.882489397470964832e+03,3.861795606482133714e+00
9.882489415486656071e+03,3.861795619127919021e+00
9.882489433502345491e+03,3.861795631771963944e+00
9.882489451518036731e+03,3.861795644414269368e+00
9.882489469533727970e+03,3.861795657054834408e+00
9.882489487549417390e+03,3.861795669693658173e+00
9.882489505565108630e+03,3.861795682330742441e+00
9.882489523580798050e+03,3.861795694966084547e+00
9.882489541596489289e+03,3.861795707599687599e+00
9.882489559612178709e+03,3.861795720231550266e+00
9.882489577627869949e+03,3.861795732861671659e+00
9.882489595643561188e+03,3.861795745490053999e+00
9.882489613659250608e+03,3.861795758116694177e+00
9.882489631674941847e+03,3.861795770741593969e+00
9.882489649690631268e+03,3.861795783364752932e+00
9.882489667706322507e+03,3.861795795986172397e+00
9.882489685722011927e+03,3.861795808605848812e+00
9.882489703737703167e+03,3.861795821223787062e+00
9.882489721753394406e+03,3.861795833839984038e+00
9.882489739769083826e+03,3.861795846454438852e+00
9.882489757784775065e+03,3.861795859067154613e+00
9.882489775800464486e+03,3.861795871678128211e+00
9.882489793816155725e+03,3.861795884287361424e+00
9.882489811831845145e+03,3.861795896894852920e+00
9.882489829847536384e+03,3.861795909500604917e+00
9.882489847863227624e+03,3.861795922104615642e+00
9.882489865878917044e+03,3.861795934706885092e+00
9.882489883894608283e+03,3.861795947307413268e+00
9.882489901910297704e+03,3.861795959906200171e+00
9.882489919925988943e+03,3.861795972503246688e+00
9.882489937941678363e+03,3.861795985098551931e+00
9.882489955957369602e+03,3.861795997692115900e+00
9.882489973973060842e+03,3.861796010283939484e+00
9.882489991988750262e+03,3.861796022874021350e+00
9.882490010004441501e+03,3.861796035462361942e+00
9.882490028020130922e+03,3.861796048048960373e+00
9.882490046035822161e+03,3.861796060633819749e+00
9.882490064051511581e+03,3.861796073216935632e+00
9.882490082067202820e+03,3.861796085798311129e+00
9.882490100082894060e+03,3.861796098377946240e+00
9.882490118098583480e+03,3.861796110955838746e+00
9.882490136114274719e+03,3.861796123531990421e+00
9.882490154129964139e+03,3.861796136106399491e+00
9.882490172145655379e+03,3.861796148679069063e+00
9.882490190161344799e+03,3.861796161249995585e+00
9.882490208177036038e+03,3.861796173819181277e+00
9.882490226192727278e+03,3.861796186386626140e+00
9.882490244208416698e+03,3.861796198952327952e+00
9.882490262224107937e+03,3.861796211516289379e+00
9.882490280239797357e+03,3.861796224078508644e+00
9.882490298255488597e+03,3.861796236638987079e+00
9.882490316271178017e+03,3.861796249197721576e+00
9.882490334286869256e+03,3.861796261754716575e+00
9.882490352302560495e+03,3.861796274309969856e+00
9.882490370318249916e+03,3.861796286863480532e+00
9.882490388333941155e+03,3.861796299415250378e+00
9.882490406349630575e+03,3.861796311965276729e+00
9.882490424365321815e+03,3.861796324513562251e+00
9.882490442381011235e+03,3.861796337060105611e+00
9.882490460396702474e+03,3.861796349604907697e+00
9.882490478412393713e+03,3.861796362147968509e+00
9.882490496428083134e+03,3.861796374689285383e+00
9.882490514443774373e+03,3.861796387228861871e+00
9.882490532459463793e+03,3.861796399766695753e+00
9.882490550475155032e+03,3.861796412302787918e+00
9.882490568490844453e+03,3.861796424837137476e+00
9.882490586506535692e+03,3.861796437369745316e+00
9.882490604522226931e+03,3.861796449900611439e+00
9.882490622537916352e+03,3.861796462429734511e+00
9.882490640553607591e+03,3.861796474957116310e+00
9.882490658569297011e+03,3.861796487482755058e+00
9.882490676584988250e+03,3.861796500006652533e+00
9.882490694600677671e+03,3.861796512528806957e+00
9.882490712616368910e+03,3.861796525049219664e+00
9.882490730632060149e+03,3.861796537567890653e+00
9.882490748647749569e+03,3.861796550084817703e+00
9.882490766663440809e+03,3.861796562600003480e+00
9.882490784679130229e+03,3.861796575113446206e+00
9.882490802694821468e+03,3.861796587625147659e+00
9.882490820710510889e+03,3.861796600135105173e+00
9.882490838726202128e+03,3.861796612643321858e+00
9.882490856741893367e+03,3.861796625149795936e+00
9.882490874757582787e+03,3.861796637654526076e+00
9.882490892773274027e+03,3.861796650157514943e+00
9.882490910788963447e+03,3.861796662658759871e+00
9.882490928804654686e+03,3.861796675158263525e+00
9.882490946820344107e+03,3.861796687656023241e+00
9.882490964836035346e+03,3.861796700152042128e+00
9.882490982851724766e+03,3.861796712646316632e+00
9.882491000867416005e+03,3.861796725138849862e+00
9.882491018883107245e+03,3.861796737629640042e+00
9.882491036898796665e+03,3.861796750118686283e+00
9.882491054914487904e+03,3.861796762605991695e+00
9.882491072930177324e+03,3.861796775091551837e+00
9.882491090945868564e+03,3.861796787575371148e+00
9.882491108961557984e+03,3.861796800057446077e+00
9.882491126977249223e+03,3.861796812537779733e+00
9.882491144992940463e+03,3.861796825016369450e+00
9.882491163008629883e+03,3.861796837493216117e+00
9.882491181024321122e+03,3.861796849968320622e+00
9.882491199040010542e+03,3.861796862441681188e+00
9.882491217055701782e+03,3.861796874913299149e+00
9.882491235071391202e+03,3.861796887383174059e+00
9.882491253087082441e+03,3.861796899851306364e+00
9.882491271102773680e+03,3.861796912317695174e+00
9.882491289118463101e+03,3.861796924782340490e+00
9.882491307134154340e+03,3.861796937245243644e+00
9.882491325149843760e+03,3.861796949706401971e+00
9.882491343165535000e+03,3.861796962165818137e+00
9.882491361181224420e+03,3.861796974623489920e+00
9.882491379196915659e+03,3.861796987079419985e+00
9.882491397212606898e+03,3.861796999533607000e+00
9.882491415228296319e+03,3.861797011986049633e+00
9.882491433243987558e+03,3.861797024436749659e+00
9.882491451259676978e+03,3.861797036885704415e+00
9.882491469275368217e+03,3.861797049332917453e+00
9.882491487291057638e+03,3.861797061778386553e+00
9.882491505306748877e+03,3.861797074222112602e+00
9.882491523322440116e+03,3.861797086664095602e+00
9.882491541338129537e+03,3.861797099104333775e+00
9.882491559353820776e+03,3.861797111542828898e+00
9.882491577369510196e+03,3.861797123979580082e+00
9.882491595385201435e+03,3.861797136414588660e+00
9.882491613400890856e+03,3.861797148847851968e+00
9.882491631416582095e+03,3.861797161279374002e+00
9.882491649432273334e+03,3.861797173709151210e+00
9.882491667447962755e+03,3.861797186137183591e+00
9.882491685463653994e+03,3.861797198563474254e+00
9.882491703479343414e+03,3.861797210988019202e+00
9.882491721495034653e+03,3.861797223410822433e+00
9.882491739510724074e+03,3.861797235831879505e+00
9.882491757526415313e+03,3.861797248251193970e+00
9.882491775542106552e+03,3.861797260668764942e+00
9.882491793557795972e+03,3.861797273084591087e+00
9.882491811573487212e+03,3.861797285498674626e+00
9.882491829589176632e+03,3.861797297911012006e+00
9.882491847604867871e+03,3.861797310321608112e+00
9.882491865620557292e+03,3.861797322730458060e+00
9.882491883636248531e+03,3.861797335137565401e+00
9.882491901651939770e+03,3.861797347542928360e+00
9.882491919667629190e+03,3.861797359946546049e+00
9.882491937683320430e+03,3.861797372348420687e+00
9.882491955699009850e+03,3.861797384748550499e+00
9.882491973714701089e+03,3.861797397146937261e+00
9.882491991730390509e+03,3.861797409543578308e+00
9.882492009746081749e+03,3.861797421938476749e+00
9.882492027761772988e+03,3.861797434331630807e+00
9.882492045777462408e+03,3.861797446723039151e+00
9.882492063793153648e+03,3.861797459112704889e+00
9.882492081808843068e+03,3.861797471500624468e+00
9.882492099824534307e+03,3.861797483886800553e+00
9.882492117840223727e+03,3.861797496271231811e+00
9.882492135855914967e+03,3.861797508653919575e+00
9.882492153871606206e+03,3.861797521034862957e+00
9.882492171887295626e+03,3.861797533414060624e+00
9.882492189902986865e+03,3.861797545791515684e+00
9.882492207918676286e+03,3.861797558167224143e+00
9.882492225934367525e+03,3.861797570541189550e+00
9.882492243950056945e+03,3.861797582913409244e+00
9.882492261965748185e+03,3.861797595283885443e+00
9.882492279981439424e+03,3.861797607652616815e+00
9.882492297997128844e+03,3.861797620019602917e+00
9.882492316012820083e+03,3.861797632384844636e+00
9.882492334028509504e+03,3.861797644748341529e+00
9.882492352044200743e+03,3.861797657110094040e+00
9.882492370059890163e+03,3.861797669470101280e+00
9.882492388075581403e+03,3.861797681828364137e+00
9.882492406091272642e+03,3.861797694184882168e+00
9.882492424106962062e+03,3.861797706539654484e+00
9.882492442122653301e+03,3.861797718892683751e+00
9.882492460138342722e+03,3.861797731243965526e+00
9.882492478154033961e+03,3.861797743593504695e+00
9.882492496169723381e+03,3.861797755941297261e+00
9.882492514185414620e+03,3.861797768287346333e+00
9.882492532201105860e+03,3.861797780631650134e+00
9.882492550216795280e+03,3.861797792974208221e+00
9.882492568232486519e+03,3.861797805315021925e+00
9.882492586248175940e+03,3.861797817654088583e+00
9.882492604263867179e+03,3.861797829991413078e+00
9.882492622279556599e+03,3.861797842326989638e+00
9.882492640295247838e+03,3.861797854660823148e+00
9.882492658310939078e+03,3.861797866992910944e+00
9.882492676326628498e+03,3.861797879323252580e+00
9.882492694342319737e+03,3.861797891651850279e+00
9.882492712358009157e+03,3.861797903978701374e+00
9.882492730373700397e+03,3.861797916303808087e+00
9.882492748389389817e+03,3.861797928627169085e+00
9.882492766405081056e+03,3.861797940948784813e+00
9.882492784420772296e+03,3.861797953268656602e+00
9.882492802436461716e+03,3.861797965586780457e+00
9.882492820452152955e+03,3.861797977903160817e+00
9.882492838467842375e+03,3.861797990217794130e+00
9.882492856483533615e+03,3.861798002530682616e+00
9.882492874499223035e+03,3.861798014841825388e+00
9.882492892514914274e+03,3.861798027151223778e+00
9.882492910530605513e+03,3.861798039458876008e+00
9.882492928546294934e+03,3.861798051764781192e+00
9.882492946561986173e+03,3.861798064068942438e+00
9.882492964577675593e+03,3.861798076371357080e+00
9.882492982593366833e+03,3.861798088672027340e+00
9.882493000609056253e+03,3.861798100970949665e+00
9.882493018624747492e+03,3.861798113268128496e+00
9.882493036640438731e+03,3.861798125563560724e+00
9.882493054656128152e+03,3.861798137857246349e+00
9.882493072671819391e+03,3.861798150149187592e+00
9.882493090687508811e+03,3.861798162439381787e+00
9.882493108703200051e+03,3.861798174727831157e+00
9.882493126718889471e+03,3.861798187014533479e+00
9.882493144734580710e+03,3.861798199299490530e+00
9.882493162750271949e+03,3.861798211582701867e+00
9.882493180765961370e+03,3.861798223864166602e+00
9.882493198781652609e+03,3.861798236143886065e+00
9.882493216797342029e+03,3.861798248421858482e+00
9.882493234813033268e+03,3.861798260698086072e+00
9.882493252828722689e+03,3.861798272972566615e+00
9.882493270844413928e+03,3.861798285245301887e+00
9.882493288860105167e+03,3.861798297516290557e+00
9.882493306875794588e+03,3.861798309785532624e+00
9.882493324891485827e+03,3.861798322053029420e+00
9.882493342907175247e+03,3.861798334318778281e+00
9.882493360922866486e+03,3.861798346582783203e+00
9.882493378938555907e+03,3.861798358845039747e+00
9.882493396954247146e+03,3.861798371105551464e+00
9.882493414969938385e+03,3.861798383364316578e+00
9.882493432985627805e+03,3.861798395621335089e+00
9.882493451001319045e+03,3.861798407876607442e+00
9.882493469017008465e+03,3.861798420130133191e+00
9.882493487032699704e+03,3.861798432381912782e+00
9.882493505048389125e+03,3.861798444631944438e+00
9.882493523064080364e+03,3.861798456880231267e+00
9.882493541079771603e+03,3.861798469126772382e+00
9.882493559095461023e+03,3.861798481371564673e+00
9.882493577111152263e+03,3.861798493614611694e+00
9.882493595126841683e+03,3.861798505855911223e+00
9.882493613142532922e+03,3.861798518095465926e+00
9.882493631158222342e+03,3.861798530333271806e+00
9.882493649173913582e+03,3.861798542569332415e+00
9.882493667189603002e+03,3.861798554803645533e+00
9.882493685205294241e+03,3.861798567036212493e+00
9.882493703220985481e+03,3.861798579267032849e+00
9.882493721236674901e+03,3.861798591496105271e+00
9.882493739252366140e+03,3.861798603723432866e+00
9.882493757268055560e+03,3.861798615949011637e+00
9.882493775283746800e+03,3.861798628172844694e+00
9.882493793299436220e+03,3.861798640394930260e+00
9.882493811315127459e+03,3.861798652615269223e+00
9.882493829330818699e+03,3.861798664833862027e+00
9.882493847346508119e+03,3.861798677050706896e+00
9.882493865362199358e+03,3.861798689265804718e+00
9.882493883377888778e+03,3.861798701479155049e+00
9.882493901393580018e+03,3.861798713690759222e+00
9.882493919409269438e+03,3.861798725900615903e+00
9.882493937424960677e+03,3.861798738108725981e+00
9.882493955440651916e+03,3.861798750315089901e+00
9.882493973456341337e+03,3.861798762519704109e+00
9.882493991472032576e+03,3.861798774722573491e+00
9.882494009487721996e+03,3.861798786923693605e+00
9.882494027503413236e+03,3.861798799123068449e+00
9.882494045519102656e+03,3.861798811320694025e+00
9.882494063534793895e+03,3.861798823516573442e+00
9.882494081550485134e+03,3.861798835710705813e+00
9.882494099566174555e+03,3.861798847903090248e+00
9.882494117581865794e+03,3.861798860093728525e+00
9.882494135597555214e+03,3.861798872282617090e+00
9.882494153613246453e+03,3.861798884469760829e+00
9.882494171628935874e+03,3.861798896655154856e+00
9.882494189644627113e+03,3.861798908838802280e+00
9.882494207660318352e+03,3.861798921020703101e+00
9.882494225676007773e+03,3.861798933200855100e+00
9.882494243691699012e+03,3.861798945379260495e+00
9.882494261707388432e+03,3.861798957555917067e+00
9.882494279723079671e+03,3.861798969730827924e+00
9.882494297738769092e+03,3.861798981903989070e+00
9.882494315754460331e+03,3.861798994075404501e+00
9.882494333770151570e+03,3.861799006245071109e+00
9.882494351785840990e+03,3.861799018412989337e+00
9.882494369801532230e+03,3.861799030579161851e+00
9.882494387817221650e+03,3.861799042743584653e+00
9.882494405832912889e+03,3.861799054906260853e+00
9.882494423848602310e+03,3.861799067067188229e+00
9.882494441864293549e+03,3.861799079226369003e+00
9.882494459879984788e+03,3.861799091383801397e+00
9.882494477895674208e+03,3.861799103539484967e+00
9.882494495911365448e+03,3.861799115693422824e+00
9.882494513927054868e+03,3.861799127845610080e+00
9.882494531942746107e+03,3.861799139996050734e+00
9.882494549958435528e+03,3.861799152144742564e+00
9.882494567974126767e+03,3.861799164291687791e+00
9.882494585989818006e+03,3.861799176436884640e+00
9.882494604005507426e+03,3.861799188580331776e+00
9.882494622021198666e+03,3.861799200722033198e+00
9.882494640036888086e+03,3.861799212861984465e+00
9.882494658052579325e+03,3.861799225000188684e+00
9.882494676068268745e+03,3.861799237136643637e+00
9.882494694083959985e+03,3.861799249271351542e+00
9.882494712099651224e+03,3.861799261404311068e+00
9.882494730115340644e+03,3.861799273535522214e+00
9.882494748131031884e+03,3.861799285664985426e+00
9.882494766146721304e+03,3.861799297792698482e+00
9.882494784162412543e+03,3.861799309918665379e+00
9.882494802178101963e+03,3.861799322042882121e+00
9.882494820193793203e+03,3.861799334165351372e+00
9.882494838209484442e+03,3.861799346286072687e+00
9.882494856225173862e+03,3.861799358405044735e+00
9.882494874240865101e+03,3.861799370522269292e+00
9.882494892256554522e+03,3.861799382637743250e+00
9.882494910272245761e+03,3.861799394751470604e+00
9.882494928287935181e+03,3.861799406863448247e+00
9.882494946303626421e+03,3.861799418973678399e+00
9.882494964319317660e+03,3.861799431082160172e+00
9.882494982335007080e+03,3.861799443188891789e+00
9.882495000350698319e+03,3.861799455293876360e+00
9.882495018366387740e+03,3.861799467397110330e+00
9.882495036382078979e+03,3.861799479498597254e+00
9.882495054397768399e+03,3.861799491598333578e+00
9.882495072413459638e+03,3.861799503696323299e+00
9.882495090429150878e+03,3.861799515792563309e+00
9.882495108444840298e+03,3.861799527887054051e+00
9.882495126460531537e+03,3.861799539979797302e+00
9.882495144476220958e+03,3.861799552070789066e+00
9.882495162491912197e+03,3.861799564160034226e+00
9.882495180507601617e+03,3.861799576247529231e+00
9.882495198523292856e+03,3.861799588333276301e+00
9.882495216538984096e+03,3.861799600417274103e+00
9.882495234554673516e+03,3.861799612499522638e+00
9.882495252570364755e+03,3.861799624580022350e+00
9.882495270586054176e+03,3.861799636658771906e+00
9.882495288601745415e+03,3.861799648735773971e+00
9.882495306617434835e+03,3.861799660811025880e+00
9.882495324633126074e+03,3.861799672884529855e+00
9.882495342648817314e+03,3.861799684956283674e+00
9.882495360664506734e+03,3.861799697026287781e+00
9.882495378680197973e+03,3.861799709094543509e+00
9.882495396695887393e+03,3.861799721161049082e+00
9.882495414711578633e+03,3.861799733225807163e+00
9.882495432727268053e+03,3.861799745288813757e+00
9.882495450742959292e+03,3.861799757350072859e+00
9.882495468758650532e+03,3.861799769409582694e+00
9.882495486774339952e+03,3.861799781467341042e+00
9.882495504790031191e+03,3.861799793523352342e+00
9.882495522805720611e+03,3.861799805577612155e+00
9.882495540821411851e+03,3.861799817630124032e+00
9.882495558837101271e+03,3.861799829680884866e+00
9.882495576852792510e+03,3.861799841729898208e+00
9.882495594868483749e+03,3.861799853777161395e+00
9.882495612884173170e+03,3.861799865822674427e+00
9.882495630899864409e+03,3.861799877866438635e+00
9.882495648915553829e+03,3.861799889908451799e+00
9.882495666931245069e+03,3.861799901948716141e+00
9.882495684946934489e+03,3.861799913987230770e+00
9.882495702962625728e+03,3.861799926023995688e+00
9.882495720978316967e+03,3.861799938059012227e+00
9.882495738994006388e+03,3.861799950092276390e+00
9.882495757009697627e+03,3.861799962123793062e+00
9.882495775025387047e+03,3.861799974153558246e+00
9.882495793041078286e+03,3.861799986181574162e+00
9.882495811056767707e+03,3.861799998207840368e+00
9.882495829072458946e+03,3.861800010232356861e+00
9.882495847088150185e+03,3.861800022255124087e+00
9.882495865103839606e+03,3.861800034276140270e+00
9.882495883119530845e+03,3.861800046295407185e+00
9.882495901135220265e+03,3.861800058312923500e+00
9.882495919150911504e+03,3.861800070328690548e+00
9.882495937166600925e+03,3.861800082342705664e+00
9.882495955182292164e+03,3.861800094354972845e+00
9.882495973197983403e+03,3.861800106365490315e+00
9.882495991213672824e+03,3.861800118374255408e+00
9.882496009229364063e+03,3.861800130381272123e+00
9.882496027245053483e+03,3.861800142386537793e+00
9.882496045260744722e+03,3.861800154390053752e+00
9.882496063276434143e+03,3.861800166391818667e+00
9.882496081292125382e+03,3.861800178391834315e+00
9.882496099307816621e+03,3.861800190390099807e+00
9.882496117323506041e+03,3.861800202386614256e+00
9.882496135339197281e+03,3.861800214381378993e+00
9.882496153354886701e+03,3.861800226374391798e+00
9.882496171370577940e+03,3.861800238365656224e+00
9.882496189386267361e+03,3.861800250355168718e+00
9.882496207401958600e+03,3.861800262342932388e+00
9.882496225417648020e+03,3.861800274328943683e+00
9.882496243433339259e+03,3.861800286313206154e+00
9.882496261449030499e+03,3.861800298295718470e+00
9.882496279464719919e+03,3.861800310276478410e+00
9.882496297480411158e+03,3.861800322255488638e+00
9.882496315496100578e+03,3.861800334232747378e+00
9.882496333511791818e+03,3.861800346208257739e+00
9.882496351527481238e+03,3.861800358182015280e+00
9.882496369543172477e+03,3.861800370154023554e+00
9.882496387558863717e+03,3.861800382124280784e+00
9.882496405574553137e+03,3.861800394092786526e+00
9.882496423590244376e+03,3.861800406059543000e+00
9.882496441605933796e+03,3.861800418024546655e+00
9.882496459621625036e+03,3.861800429987801042e+00
9.882496477637314456e+03,3.861800441949303497e+00
9.882496495653005695e+03,3.861800453909056241e+00
9.882496513668696934e+03,3.861800465867058829e+00
9.882496531684386355e+03,3.861800477823309041e+00
9.882496549700077594e+03,3.861800489777808654e+00
9.882496567715767014e+03,3.861800501730557222e+00
9.882496585731458254e+03,3.861800513681554303e+00
9.882496603747147674e+03,3.861800525630800784e+00
9.882496621762838913e+03,3.861800537578296666e+00
9.882496639778530152e+03,3.861800549524041504e+00
9.882496657794219573e+03,3.861800561468034410e+00
9.882496675809910812e+03,3.861800573410278048e+00
9.882496693825600232e+03,3.861800585350767978e+00
9.882496711841291472e+03,3.861800597289508641e+00
9.882496729856980892e+03,3.861800609226496928e+00
9.882496747872672131e+03,3.861800621161735059e+00
9.882496765888363370e+03,3.861800633095222146e+00
9.882496783904052791e+03,3.861800645026956857e+00
9.882496801919744030e+03,3.861800656956940525e+00
9.882496819935433450e+03,3.861800668885172705e+00
9.882496837951124689e+03,3.861800680811654729e+00
9.882496855966814110e+03,3.861800692736383489e+00
9.882496873982505349e+03,3.861800704659362538e+00
9.882496891998196588e+03,3.861800716580590098e+00
9.882496910013886009e+03,3.861800728500064839e+00
9.882496928029577248e+03,3.861800740417789424e+00
9.882496946045266668e+03,3.861800752333761189e+00
9.882496964060957907e+03,3.861800764247982798e+00
9.882496982076647328e+03,3.861800776160452031e+00
9.882497000092338567e+03,3.861800788071170665e+00
9.882497018108029806e+03,3.861800799980136922e+00
9.882497036123719226e+03,3.861800811887350804e+00
9.882497054139410466e+03,3.861800823792814974e+00
9.882497072155099886e+03,3.861800835696525436e+00
9.882497090170791125e+03,3.861800847598484854e+00
9.882497108186480546e+03,3.861800859498692340e+00
9.882497126202171785e+03,3.861800871397148782e+00
9.882497144217863024e+03,3.861800883293853737e+00
9.882497162233552444e+03,3.861800895188805427e+00
9.882497180249243684e+03,3.861800907082006962e+00
9.882497198264933104e+03,3.861800918973455232e+00
9.882497216280624343e+03,3.861800930863152459e+00
9.882497234296313763e+03,3.861800942751096422e+00
9.882497252312005003e+03,3.861800954637290673e+00
9.882497270327696242e+03,3.861800966521732104e+00
9.882497288343385662e+03,3.861800978404419826e+00
9.882497306359076902e+03,3.861800990285357393e+00
9.882497324374766322e+03,3.861801002164542140e+00
9.882497342390457561e+03,3.861801014041975844e+00
9.882497360406146981e+03,3.861801025917655394e+00
9.882497378421838221e+03,3.861801037791584346e+00
9.882497396437529460e+03,3.861801049663762253e+00
9.882497414453218880e+03,3.861801061534185120e+00
9.882497432468910119e+03,3.861801073402858275e+00
9.882497450484599540e+03,3.861801085269777278e+00
9.882497468500290779e+03,3.861801097134945238e+00
9.882497486515980199e+03,3.861801108998360821e+00
9.882497504531671439e+03,3.861801120860024028e+00
9.882497522547362678e+03,3.861801132719935303e+00
9.882497540563052098e+03,3.861801144578092870e+00
9.882497558578743337e+03,3.861801156434499394e+00
9.882497576594432758e+03,3.861801168289152209e+00
9.882497594610123997e+03,3.861801180142053980e+00
9.882497612625813417e+03,3.861801191993202043e+00
9.882497630641504657e+03,3.861801203842598174e+00
9.882497648657195896e+03,3.861801215690242373e+00
9.882497666672885316e+03,3.861801227536132863e+00
9.882497684688576555e+03,3.861801239380272310e+00
9.882497702704265976e+03,3.861801251222658049e+00
9.882497720719957215e+03,3.861801263063291412e+00
9.882497738735646635e+03,3.861801274902171510e+00
9.882497756751337874e+03,3.861801286739299677e+00
9.882497774767029114e+03,3.861801298574675911e+00
9.882497792782718534e+03,3.861801310408297994e+00
9.882497810798409773e+03,3.861801322240168588e+00
9.882497828814099194e+03,3.861801334070284586e+00
9.882497846829790433e+03,3.861801345898649096e+00
9.882497864845479853e+03,3.861801357725260342e+00
9.882497882861171092e+03,3.861801369550119656e+00
9.882497900876862332e+03,3.861801381373225706e+00
9.882497918892551752e+03,3.861801393194577603e+00
9.882497936908242991e+03,3.861801405014178012e+00
9.882497954923932411e+03,3.861801416832024270e+00
9.882497972939623651e+03,3.861801428648119039e+00
9.882497990955313071e+03,3.861801440462458768e+00
9.882498008971004310e+03,3.861801452275047453e+00
9.882498026986695550e+03,3.861801464085882873e+00
9.882498045002384970e+03,3.861801475894964142e+00
9.882498063018076209e+03,3.861801487702293478e+00
9.882498081033765629e+03,3.861801499507867774e+00
9.882498099049456869e+03,3.861801511311691470e+00
9.882498117065146289e+03,3.861801523113759682e+00
9.882498135080837528e+03,3.861801534914075518e+00
9.882498153096528767e+03,3.861801546712638977e+00
9.882498171112218188e+03,3.861801558509447840e+00
9.882498189127909427e+03,3.861801570304504772e+00
9.882498207143598847e+03,3.861801582097806662e+00
9.882498225159290087e+03,3.861801593889357065e+00
9.882498243174979507e+03,3.861801605679151983e+00
9.882498261190670746e+03,3.861801617467195857e+00
9.882498279206361985e+03,3.861801629253486023e+00
9.882498297222051406e+03,3.861801641038020705e+00
9.882498315237742645e+03,3.861801652820803454e+00
9.882498333253432065e+03,3.861801664601831607e+00
9.882498351269123305e+03,3.861801676381107828e+00
9.882498369284812725e+03,3.861801688158628565e+00
9.882498387300503964e+03,3.861801699934397814e+00
9.882498405316195203e+03,3.861801711708412910e+00
9.882498423331884624e+03,3.861801723480673409e+00
9.882498441347575863e+03,3.861801735251181089e+00
9.882498459363265283e+03,3.861801747019934616e+00
9.882498477378956522e+03,3.861801758786934879e+00
9.882498495394645943e+03,3.861801770552180990e+00
9.882498513410337182e+03,3.861801782315674281e+00
9.882498531426028421e+03,3.861801794077412531e+00
9.882498549441717842e+03,3.861801805837397517e+00
9.882498567457409081e+03,3.861801817595628794e+00
9.882498585473098501e+03,3.861801829352105475e+00
9.882498603488789740e+03,3.861801841106829336e+00
9.882498621504479161e+03,3.861801852859798601e+00
9.882498639520170400e+03,3.861801864611014157e+00
9.882498657535861639e+03,3.861801876360476893e+00
9.882498675551551059e+03,3.861801888108183256e+00
9.882498693567242299e+03,3.861801899854137243e+00
9.882498711582931719e+03,3.861801911598336190e+00
9.882498729598622958e+03,3.861801923340782761e+00
9.882498747614312379e+03,3.861801935081473403e+00
9.882498765630003618e+03,3.861801946820410780e+00
9.882498783645694857e+03,3.861801958557594450e+00
9.882498801661384277e+03,3.861801970293022634e+00
9.882498819677075517e+03,3.861801982026697999e+00
9.882498837692764937e+03,3.861801993758617879e+00
9.882498855708456176e+03,3.861802005488784939e+00
9.882498873724145596e+03,3.861802017217196958e+00
9.882498891739836836e+03,3.861802028943854825e+00
9.882498909755526256e+03,3.861802040668757652e+00
9.882498927771217495e+03,3.861802052391907214e+00
9.882498945786908735e+03,3.861802064113302624e+00
9.882498963802598155e+03,3.861802075832942549e+00
9.882498981818289394e+03,3.861802087550828766e+00
9.882498999833978814e+03,3.861802099266959498e+00
9.882499017849670054e+03,3.861802110981336966e+00
9.882499035865359474e+03,3.861802122693958506e+00
9.882499053881050713e+03,3.861802134404827225e+00
9.882499071896741953e+03,3.861802146113941792e+00
9.882499089912431373e+03,3.861802157821299986e+00
9.882499107928122612e+03,3.861802169526904471e+00
9.882499125943812032e+03,3.861802181230753472e+00
9.882499143959503272e+03,3.861802192932848765e+00
9.882499161975192692e+03,3.861802204633188573e+00
9.882499179990883931e+03,3.861802216331775117e+00
9.882499198006575170e+03,3.861802228028605732e+00
9.882499216022264591e+03,3.861802239723681307e+00
9.882499234037955830e+03,3.861802251417003173e+00
9.882499252053645250e+03,3.861802263108569555e+00
9.882499270069336490e+03,3.861802274798381340e+00
9.882499288085025910e+03,3.861802286486438085e+00
9.882499306100717149e+03,3.861802298172739789e+00
9.882499324116408388e+03,3.861802309857288229e+00
9.882499342132097809e+03,3.861802321540079408e+00
9.882499360147789048e+03,3.861802333221116879e+00
9.882499378163478468e+03,3.861802344900398865e+00
9.882499396179169707e+03,3.861802356577926254e+00
9.882499414194859128e+03,3.861802368253697715e+00
9.882499432210550367e+03,3.861802379927715467e+00
9.882499450226241606e+03,3.861802391599978179e+00
9.882499468241931027e+03,3.861802403270484518e+00
9.882499486257622266e+03,3.861802414939236705e+00
9.882499504273311686e+03,3.861802426606232519e+00
9.882499522289002925e+03,3.861802438271475069e+00
9.882499540304692346e+03,3.861802449934959913e+00
9.882499558320383585e+03,3.861802461596691494e+00
9.882499576336074824e+03,3.861802473256667589e+00
9.882499594351764244e+03,3.861802484914887756e+00
9.882499612367455484e+03,3.861802496571352883e+00
9.882499630383144904e+03,3.861802508226062081e+00
9.882499648398836143e+03,3.861802519879017570e+00
9.882499666414525564e+03,3.861802531530215798e+00
9.882499684430216803e+03,3.861802543179659430e+00
9.882499702445908042e+03,3.861802554827348910e+00
9.882499720461597462e+03,3.861802566473280685e+00
9.882499738477288702e+03,3.861802578117458307e+00
9.882499756492978122e+03,3.861802589759878668e+00
9.882499774508669361e+03,3.861802601400545765e+00
9.882499792524358782e+03,3.861802613039456045e+00
9.882499810540050021e+03,3.861802624676611284e+00
9.882499828555741260e+03,3.861802636312011039e+00
9.882499846571430680e+03,3.861802647945654421e+00
9.882499864587121920e+03,3.861802659577542762e+00
9.882499882602811340e+03,3.861802671207674287e+00
9.882499900618502579e+03,3.861802682836051659e+00
9.882499918634191999e+03,3.861802694462671770e+00
9.882499936649883239e+03,3.861802706087537285e+00
9.882499954665574478e+03,3.861802717710646871e+00
9.882499972681263898e+03,3.861802729332000084e+00
9.882499990696955138e+03,3.861802740951598700e+00
9.882500008712644558e+03,3.861802752569439168e+00
9.882500026728335797e+03,3.861802764185525483e+00
9.882500044744025217e+03,3.861802775799854981e+00
9.882500062759716457e+03,3.861802787412429439e+00
9.882500080775407696e+03,3.861802799023247523e+00
9.882500098791097116e+03,3.861802810632309679e+00
9.882500116806788355e+03,3.861802822239616351e+00
9.882500134822477776e+03,3.861802833845164873e+00
9.882500152838169015e+03,3.861802845448959687e+00
9.882500170853858435e+03,3.861802857050996352e+00
9.882500188869549675e+03,3.861802868651278864e+00
9.882500206885240914e+03,3.861802880249805003e+00
9.882500224900930334e+03,3.861802891846572994e+00
9.882500242916621573e+03,3.861802903441586832e+00
9.882500260932310994e+03,3.861802915034843409e+00
9.882500278948002233e+03,3.861802926626344501e+00
9.882500296963691653e+03,3.861802938216088332e+00
9.882500314979382892e+03,3.861802949804077123e+00
9.882500332995074132e+03,3.861802961390308209e+00
9.882500351010763552e+03,3.861802972974783810e+00
9.882500369026454791e+03,3.861802984557502594e+00
9.882500387042144212e+03,3.861802996138464561e+00
9.882500405057835451e+03,3.861803007717671932e+00
9.882500423073524871e+03,3.861803019295120265e+00
9.882500441089216110e+03,3.861803030870814446e+00
9.882500459104907350e+03,3.861803042444750922e+00
9.882500477120596770e+03,3.861803054016931025e+00
9.882500495136288009e+03,3.861803065587355199e+00
9.882500513151977430e+03,3.861803077156021669e+00
9.882500531167668669e+03,3.861803088722932653e+00
9.882500549183358089e+03,3.861803100288085489e+00
9.882500567199049328e+03,3.861803111851483283e+00
9.882500585214740568e+03,3.861803123413123817e+00
9.882500603230429988e+03,3.861803134973007090e+00
9.882500621246121227e+03,3.861803146531133990e+00
9.882500639261810647e+03,3.861803158087504073e+00
9.882500657277501887e+03,3.861803169642118228e+00
9.882500675293191307e+03,3.861803181194973789e+00
9.882500693308882546e+03,3.861803192746074309e+00
9.882500711324573786e+03,3.861803204295417569e+00
9.882500729340263206e+03,3.861803215843002679e+00
9.882500747355954445e+03,3.861803227388832749e+00
9.882500765371643865e+03,3.861803238932903781e+00
9.882500783387335105e+03,3.861803250475219773e+00
9.882500801403024525e+03,3.861803262015777172e+00
9.882500819418715764e+03,3.861803273554579530e+00
9.882500837434407003e+03,3.861803285091624183e+00
9.882500855450096424e+03,3.861803296626910686e+00
9.882500873465787663e+03,3.861803308160440817e+00
9.882500891481477083e+03,3.861803319692213687e+00
9.882500909497168323e+03,3.861803331222229740e+00
9.882500927512857743e+03,3.861803342750487644e+00
9.882500945528548982e+03,3.861803354276989175e+00
9.882500963544240221e+03,3.861803365801733889e+00
9.882500981559929642e+03,3.861803377324720454e+00
9.882500999575620881e+03,3.861803388845951091e+00
9.882501017591310301e+03,3.861803400365422689e+00
9.882501035607001540e+03,3.861803411883138804e+00
9.882501053622690961e+03,3.861803423399094992e+00
9.882501071638382200e+03,3.861803434913296140e+00
9.882501089654073439e+03,3.861803446425740027e+00
9.882501107669762860e+03,3.861803457936424433e+00
9.882501125685454099e+03,3.861803469445353354e+00
9.882501143701143519e+03,3.861803480952523682e+00
9.882501161716834758e+03,3.861803492457937192e+00
9.882501179732524179e+03,3.861803503961592110e+00
9.882501197748215418e+03,3.861803515463491099e+00
9.882501215763906657e+03,3.861803526963631938e+00
9.882501233779596078e+03,3.861803538462014629e+00
9.882501251795287317e+03,3.861803549958640502e+00
9.882501269810976737e+03,3.861803561453507339e+00
9.882501287826667976e+03,3.861803572946617802e+00
9.882501305842357397e+03,3.861803584437969672e+00
9.882501323858048636e+03,3.861803595927565169e+00
9.882501341873739875e+03,3.861803607415402517e+00
9.882501359889429295e+03,3.861803618901481272e+00
9.882501377905120535e+03,3.861803630385803210e+00
9.882501395920809955e+03,3.861803641868365666e+00
9.882501413936501194e+03,3.861803653349172194e+00
9.882501431952190615e+03,3.861803664828219240e+00
9.882501449967881854e+03,3.861803676305509914e+00
9.882501467983573093e+03,3.861803687781042438e+00
9.882501485999262513e+03,3.861803699254815481e+00
9.882501504014953753e+03,3.861803710726832151e+00
9.882501522030643173e+03,3.861803722197090227e+00
9.882501540046334412e+03,3.861803733665591043e+00
9.882501558062023832e+03,3.861803745132331933e+00
9.882501576077715072e+03,3.861803756597316895e+00
9.882501594093404492e+03,3.861803768060541930e+00
9.882501612109095731e+03,3.861803779522010149e+00
9.882501630124786971e+03,3.861803790981720219e+00
9.882501648140476391e+03,3.861803802439671252e+00
9.882501666156167630e+03,3.861803813895864579e+00
9.882501684171857050e+03,3.861803825350298869e+00
9.882501702187548290e+03,3.861803836802976342e+00
9.882501720203237710e+03,3.861803848253893889e+00
9.882501738218928949e+03,3.861803859703055508e+00
9.882501756234620188e+03,3.861803871150458090e+00
9.882501774250309609e+03,3.861803882596101190e+00
9.882501792266000848e+03,3.861803894039986584e+00
9.882501810281690268e+03,3.861803905482112942e+00
9.882501828297381508e+03,3.861803916922482038e+00
9.882501846313070928e+03,3.861803928361091209e+00
9.882501864328762167e+03,3.861803939797942675e+00
9.882501882344453406e+03,3.861803951233036880e+00
9.882501900360142827e+03,3.861803962666370715e+00
9.882501918375834066e+03,3.861803974097947290e+00
9.882501936391523486e+03,3.861803985527763938e+00
9.882501954407214726e+03,3.861803996955822882e+00
9.882501972422904146e+03,3.861804008382122344e+00
9.882501990438595385e+03,3.861804019806664545e+00
9.882502008454286624e+03,3.861804031229447709e+00
9.882502026469976045e+03,3.861804042650471391e+00
9.882502044485667284e+03,3.861804054069737813e+00
9.882502062501356704e+03,3.861804065487243864e+00
9.882502080517047943e+03,3.861804076902991767e+00
9.882502098532737364e+03,3.861804088316980188e+00
9.882502116548428603e+03,3.861804099729211348e+00
9.882502134564119842e+03,3.861804111139683027e+00
9.882502152579809263e+03,3.861804122548395668e+00
9.882502170595500502e+03,3.861804133955349716e+00
9.882502188611189922e+03,3.861804145360543838e+00
9.882502206626881161e+03,3.861804156763980256e+00
9.882502224642570582e+03,3.861804168165656748e+00
9.882502242658261821e+03,3.861804179565575090e+00
9.882502260673953060e+03,3.861804190963734396e+00
9.882502278689642480e+03,3.861804202360133331e+00
9.882502296705333720e+03,3.861804213754774562e+00
9.882502314721023140e+03,3.861804225147656311e+00
9.882502332736714379e+03,3.861804236538779023e+00
9.882502350752403800e+03,3.861804247928142253e+00
9.882502368768095039e+03,3.861804259315746446e+00
9.882502386783786278e+03,3.861804270701592490e+00
9.882502404799475698e+03,3.861804282085677720e+00
9.882502422815166938e+03,3.861804293468004357e+00
9.882502440830856358e+03,3.861804304848571956e+00
9.882502458846547597e+03,3.861804316227380074e+00
9.882502476862237017e+03,3.861804327604427822e+00
9.882502494877928257e+03,3.861804338979717865e+00
9.882502512893619496e+03,3.861804350353248871e+00
9.882502530909308916e+03,3.861804361725018619e+00
9.882502548925000156e+03,3.861804373095030218e+00
9.882502566940689576e+03,3.861804384463281448e+00
9.882502584956380815e+03,3.861804395829774972e+00
9.882502602972070235e+03,3.861804407194506794e+00
9.882502620987761475e+03,3.861804418557480467e+00
9.882502639003452714e+03,3.861804429918695547e+00
9.882502657019142134e+03,3.861804441278148925e+00
9.882502675034833374e+03,3.861804452635843710e+00
9.882502693050522794e+03,3.861804463991778125e+00
9.882502711066214033e+03,3.861804475345954391e+00
9.882502729081903453e+03,3.861804486698369399e+00
9.882502747097594693e+03,3.861804498049026257e+00
9.882502765113285932e+03,3.861804509397922747e+00
9.882502783128975352e+03,3.861804520745058422e+00
9.882502801144666591e+03,3.861804532090436393e+00
9.882502819160356012e+03,3.861804543434053105e+00
9.882502837176047251e+03,3.861804554775910781e+00
9.882502855191736671e+03,3.861804566116006754e+00
9.882502873207427911e+03,3.861804577454345022e+00
9.882502891223119150e+03,3.861804588790923809e+00
9.882502909238808570e+03,3.861804600125740006e+00
9.882502927254499809e+03,3.861804611458798497e+00
9.882502945270189230e+03,3.861804622790096175e+00
9.882502963285880469e+03,3.861804634119634372e+00
9.882502981301569889e+03,3.861804645447411310e+00
9.882502999317261128e+03,3.861804656773430100e+00
9.882503017332952368e+03,3.861804668097688520e+00
9.882503035348641788e+03,3.861804679420185238e+00
9.882503053364333027e+03,3.861804690740923363e+00
9.882503071380022448e+03,3.861804702059899785e+00
9.882503089395713687e+03,3.861804713377117615e+00
9.882503107411403107e+03,3.861804724692574187e+00
9.882503125427094346e+03,3.861804736006271721e+00
9.882503143442785586e+03,3.861804747318208886e+00
9.882503161458475006e+03,3.861804758628384349e+00
9.882503179474166245e+03,3.861804769936801218e+00
9.882503197489855665e+03,3.861804781243456830e+00
9.882503215505546905e+03,3.861804792548352516e+00
9.882503233521236325e+03,3.861804803851486945e+00
9.882503251536927564e+03,3.861804815152862336e+00
9.882503269552618804e+03,3.861804826452477357e+00
9.882503287568308224e+03,3.861804837750330233e+00
9.882503305583999463e+03,3.861804849046424959e+00
9.882503323599688883e+03,3.861804860340756651e+00
9.882503341615380123e+03,3.861804871633329750e+00
9.882503359631069543e+03,3.861804882924141147e+00
9.882503377646760782e+03,3.861804894213192618e+00
9.882503395662452021e+03,3.861804905500485052e+00
9.882503413678141442e+03,3.861804916786014008e+00
9.882503431693832681e+03,3.861804928069783927e+00
9.882503449709522101e+03,3.861804939351792587e+00
9.882503467725213341e+03,3.861804950632040878e+00
9.882503485740902761e+03,3.861804961910528800e+00
9.882503503756594000e+03,3.861804973187255907e+00
9.882503521772285239e+03,3.861804984462222201e+00
9.882503539787974660e+03,3.861804995735426793e+00
9.882503557803665899e+03,3.861805007006872348e+00
9.882503575819355319e+03,3.861805018276554868e+00
9.882503593835046559e+03,3.861805029544478352e+00
9.882503611850735979e+03,3.861805040810639689e+00
9.882503629866427218e+03,3.861805052075041100e+00
9.882503647882118457e+03,3.861805063337681254e+00
9.882503665897807878e+03,3.861805074598560150e+00
9.882503683913499117e+03,3.861805085857679565e+00
9.882503701929188537e+03,3.861805097115035501e+00
9.882503719944879776e+03,3.861805108370632844e+00
9.882503737960569197e+03,3.861805119624466709e+00
9.882503755976260436e+03,3.861805130876541536e+00
9.882503773991951675e+03,3.861805142126855106e+00
9.882503792007641096e+03,3.861805153375406086e+00
9.882503810023332335e+03,3.861805164622198028e+00
9.882503828039021755e+03,3.861805175867226936e+00
9.882503846054712994e+03,3.861805187110495030e+00
9.882503864070402415e+03,3.861805198352002311e+00
9.882503882086093654e+03,3.861805209591748334e+00
9.882503900101784893e+03,3.861805220829733543e+00
9.882503918117474313e+03,3.861805232065956162e+00
9.882503936133165553e+03,3.861805243300418411e+00
9.882503954148854973e+03,3.861805254533119403e+00
9.882503972164546212e+03,3.861805265764058692e+00
9.882503990180235633e+03,3.861805276993235836e+00
9.882504008195926872e+03,3.861805288220653054e+00
9.882504026211618111e+03,3.861805299446308570e+00
9.882504044227307531e+03,3.861805310670201496e+00
9.882504062242998771e+03,3.861805321892334497e+00
9.882504080258688191e+03,3.861805333112704020e+00
9.882504098274379430e+03,3.861805344331313616e+00
9.882504116290068851e+03,3.861805355548161067e+00
9.882504134305760090e+03,3.861805366763246816e+00
9.882504152321449510e+03,3.861805377976570863e+00
9.882504170337140749e+03,3.861805389188134097e+00
9.882504188352831989e+03,3.861805400397935628e+00
9.882504206368521409e+03,3.861805411605974125e+00
9.882504224384212648e+03,3.861805422812252697e+00
9.882504242399902068e+03,3.861805434016767347e+00
9.882504260415593308e+03,3.861805445219522959e+00
9.882504278431282728e+03,3.861805456420514204e+00
9.882504296446973967e+03,3.861805467619745080e+00
9.882504314462665207e+03,3.861805478817214698e+00
9.882504332478354627e+03,3.861805490012920838e+00
9.882504350494045866e+03,3.861805501206866609e+00
9.882504368509735286e+03,3.861805512399048457e+00
9.882504386525426526e+03,3.861805523589470379e+00
9.882504404541115946e+03,3.861805534778128823e+00
9.882504422556807185e+03,3.861805545965026454e+00
9.882504440572498424e+03,3.861805557150162826e+00
9.882504458588187845e+03,3.861805568333534833e+00
9.882504476603879084e+03,3.861805579515146469e+00
9.882504494619568504e+03,3.861805590694995072e+00
9.882504512635259744e+03,3.861805601873082416e+00
9.882504530650949164e+03,3.861805613049406727e+00
9.882504548666640403e+03,3.861805624223970224e+00
9.882504566682331642e+03,3.861805635396771574e+00
9.882504584698021063e+03,3.861805646567809003e+00
9.882504602713712302e+03,3.861805657737085617e+00
9.882504620729401722e+03,3.861805668904598310e+00
9.882504638745092961e+03,3.861805680070350633e+00
9.882504656760782382e+03,3.861805691234339921e+00
9.882504674776473621e+03,3.861805702396567064e+00
9.882504692792164860e+03,3.861805713557032504e+00
9.882504710807854281e+03,3.861805724715734023e+00
9.882504728823545520e+03,3.861805735872674283e+00
9.882504746839234940e+03,3.861805747027851510e+00
9.882504764854926179e+03,3.861805758181267034e+00
9.882504782870615600e+03,3.861805769332918636e+00
9.882504800886306839e+03,3.861805780482808981e+00
9.882504818901998078e+03,3.861805791630937179e+00
9.882504836917687498e+03,3.861805802777301899e+00
9.882504854933378738e+03,3.861805813921904917e+00
9.882504872949068158e+03,3.861805825064744457e+00
9.882504890964759397e+03,3.861805836205821851e+00
9.882504908980448818e+03,3.861805847345135767e+00
9.882504926996140057e+03,3.861805858482687981e+00
9.882504945011831296e+03,3.861805869618478493e+00
9.882504963027520716e+03,3.861805880752504194e+00
9.882504981043211956e+03,3.861805891884768638e+00
9.882504999058901376e+03,3.861805903015268715e+00
9.882505017074592615e+03,3.861805914144007978e+00
9.882505035090282036e+03,3.861805925270981987e+00
9.882505053105973275e+03,3.861805936396195627e+00
9.882505071121664514e+03,3.861805947519646232e+00
9.882505089137353934e+03,3.861805958641332026e+00
9.882505107153045174e+03,3.861805969761257007e+00
9.882505125168734594e+03,3.861805980879417177e+00
9.882505143184425833e+03,3.861805991995816090e+00
9.882505161200115253e+03,3.861806003110450192e+00
9.882505179215806493e+03,3.861806014223323036e+00
9.882505197231497732e+03,3.861806025334432402e+00
9.882505215247187152e+03,3.861806036443778289e+00
9.882505233262878392e+03,3.861806047551361587e+00
9.882505251278567812e+03,3.861806058657180962e+00
9.882505269294259051e+03,3.861806069761238192e+00
9.882505287309948471e+03,3.861806080863531498e+00
9.882505305325639711e+03,3.861806091964062215e+00
9.882505323341330950e+03,3.861806103062829898e+00
9.882505341357020370e+03,3.861806114159834102e+00
9.882505359372711609e+03,3.861806125255074829e+00
9.882505377388401030e+03,3.861806136348552076e+00
9.882505395404092269e+03,3.861806147440266734e+00
9.882505413419781689e+03,3.861806158530217470e+00
9.882505431435472929e+03,3.861806169618404727e+00
9.882505449451164168e+03,3.861806180704829838e+00
9.882505467466853588e+03,3.861806191789490139e+00
9.882505485482544827e+03,3.861806202872388294e+00
9.882505503498234248e+03,3.861806213953521638e+00
9.882505521513925487e+03,3.861806225032892836e+00
9.882505539529614907e+03,3.861806236110498780e+00
9.882505557545306146e+03,3.861806247186343022e+00
9.882505575560997386e+03,3.861806258260423785e+00
9.882505593576686806e+03,3.861806269332739738e+00
9.882505611592378045e+03,3.861806280403292657e+00
9.882505629608067466e+03,3.861806291472081654e+00
9.882505647623758705e+03,3.861806302539107172e+00
9.882505665639448125e+03,3.861806313604369212e+00
9.882505683655139364e+03,3.861806324667867774e+00
9.882505701670830604e+03,3.861806335729602857e+00
9.882505719686520024e+03,3.861806346789573574e+00
9.882505737702211263e+03,3.861806357847780369e+00
9.882505755717900684e+03,3.861806368904223241e+00
9.882505773733591923e+03,3.861806379958903968e+00
9.882505791749281343e+03,3.861806391011818995e+00
9.882505809764972582e+03,3.861806402062970545e+00
9.882505827780663822e+03,3.861806413112359504e+00
9.882505845796353242e+03,3.861806424159983209e+00
9.882505863812044481e+03,3.861806435205843879e+00
9.882505881827733901e+03,3.861806446249939295e+00
9.882505899843425141e+03,3.861806457292272121e+00
9.882505917859114561e+03,3.861806468332840137e+00
9.882505935874805800e+03,3.861806479371645118e+00
9.882505953890497040e+03,3.861806490408684844e+00
9.882505971906186460e+03,3.861806501443961093e+00
9.882505989921877699e+03,3.861806512477473419e+00
9.882506007937567119e+03,3.861806523509220490e+00
9.882506025953258359e+03,3.861806534539204971e+00
9.882506043968947779e+03,3.861806545567424198e+00
9.882506061984639018e+03,3.861806556593880391e+00
9.882506080000330257e+03,3.861806567618571773e+00
9.882506098016019678e+03,3.861806578641498788e+00
9.882506116031710917e+03,3.861806589662662326e+00
9.882506134047400337e+03,3.861806600682060164e+00
9.882506152063091577e+03,3.861806611699694525e+00
9.882506170078780997e+03,3.861806622715563631e+00
9.882506188094472236e+03,3.861806633729669702e+00
9.882506206110163475e+03,3.861806644742010963e+00
9.882506224125852896e+03,3.861806655752586970e+00
9.882506242141544135e+03,3.861806666761400386e+00
9.882506260157233555e+03,3.861806677768447660e+00
9.882506278172924794e+03,3.861806688773731455e+00
9.882506296188614215e+03,3.861806699777249108e+00
9.882506314204305454e+03,3.861806710779004614e+00
9.882506332219996693e+03,3.861806721778994422e+00
9.882506350235686114e+03,3.861806732777219864e+00
9.882506368251377353e+03,3.861806743773680939e+00
9.882506386267066773e+03,3.861806754768376315e+00
9.882506404282758012e+03,3.861806765761307769e+00
9.882506422298447433e+03,3.861806776752473525e+00
9.882506440314138672e+03,3.861806787741876246e+00
9.882506458329829911e+03,3.861806798729514156e+00
9.882506476345519332e+03,3.861806809715386368e+00
9.882506494361210571e+03,3.861806820699494214e+00
9.882506512376899991e+03,3.861806831681836805e+00
9.882506530392591230e+03,3.861806842662415473e+00
9.882506548408280651e+03,3.861806853641228443e+00
9.882506566423971890e+03,3.861806864618277046e+00
9.882506584439663129e+03,3.861806875593561283e+00
9.882506602455352549e+03,3.861806886567079822e+00
9.882506620471043789e+03,3.861806897538833994e+00
9.882506638486733209e+03,3.861806908508822023e+00
9.882506656502424448e+03,3.861806919477046574e+00
9.882506674518113869e+03,3.861806930443504982e+00
9.882506692533805108e+03,3.861806941408199023e+00
9.882506710549496347e+03,3.861806952371128698e+00
9.882506728565185767e+03,3.861806963332291343e+00
9.882506746580877007e+03,3.861806974291690508e+00
9.882506764596566427e+03,3.861806985249323532e+00
9.882506782612257666e+03,3.861806996205192188e+00
9.882506800627947086e+03,3.861807007159294702e+00
9.882506818643638326e+03,3.861807018111633738e+00
9.882506836659327746e+03,3.861807029062204855e+00
9.882506854675018985e+03,3.861807040011013381e+00
9.882506872690710225e+03,3.861807050958055765e+00
9.882506890706399645e+03,3.861807061903332894e+00
9.882506908722090884e+03,3.861807072846844768e+00
9.882506926737780304e+03,3.861807083788590500e+00
9.882506944753471544e+03,3.861807094728571865e+00
9.882506962769160964e+03,3.861807105666787088e+00
9.882506980784852203e+03,3.861807116603237056e+00
9.882506998800543442e+03,3.861807127537922657e+00
9.882507016816232863e+03,3.861807138470841672e+00
9.882507034831924102e+03,3.861807149401995432e+00
9.882507052847613522e+03,3.861807160331383049e+00
9.882507070863304762e+03,3.861807171259006299e+00
9.882507088878994182e+03,3.861807182184863407e+00
9.882507106894685421e+03,3.861807193108955705e+00
9.882507124910376660e+03,3.861807204031282303e+00
9.882507142926066081e+03,3.861807214951840983e+00
9.882507160941757320e+03,3.861807225870637073e+00
9.882507178957446740e+03,3.861807236787665687e+00
9.882507196973137980e+03,3.861807247702929491e+00
9.882507214988827400e+03,3.861807258616426708e+00
9.882507233004518639e+03,3.861807269528159114e+00
9.882507251020209878e+03,3.861807280438125822e+00
9.882507269035899299e+03,3.861807291346325055e+00
9.882507287051590538e+03,3.861807302252760365e+00
9.882507305067279958e+03,3.861807313157428201e+00
9.882507323082971197e+03,3.861807324060331226e+00
9.882507341098660618e+03,3.861807334961468108e+00
9.882507359114351857e+03,3.861807345860839735e+00
9.882507377130043096e+03,3.861807356758444776e+00
9.882507395145732517e+03,3.861807367654283674e+00
9.882507413161423756e+03,3.861807378548357317e+00
9.882507431177113176e+03,3.861807389440663929e+00
9.882507449192804415e+03,3.861807400331205287e+00
9.882507467208493836e+03,3.861807411219979613e+00
9.882507485224185075e+03,3.861807422106989129e+00
9.882507503239876314e+03,3.861807432992232947e+00
9.882507521255565734e+03,3.861807443875709289e+00
9.882507539271256974e+03,3.861807454757420821e+00
9.882507557286946394e+03,3.861807465637363990e+00
9.882507575302637633e+03,3.861807476515543236e+00
9.882507593318327054e+03,3.861807487391954119e+00
9.882507611334018293e+03,3.861807498266600192e+00
9.882507629349709532e+03,3.861807509139481009e+00
9.882507647365398952e+03,3.861807520010593020e+00
9.882507665381090192e+03,3.861807530879940664e+00
9.882507683396779612e+03,3.861807541747520833e+00
9.882507701412470851e+03,3.861807552613335748e+00
9.882507719428160271e+03,3.861807563477382743e+00
9.882507737443851511e+03,3.861807574339664928e+00
9.882507755459542750e+03,3.861807585200180526e+00
9.882507773475232170e+03,3.861807596058927761e+00
9.882507791490923410e+03,3.861807606915910185e+00
9.882507809506612830e+03,3.861807617771125578e+00
9.882507827522304069e+03,3.861807628624574829e+00
9.882507845537993489e+03,3.861807639476257048e+00
9.882507863553684729e+03,3.861807650326173569e+00
9.882507881569375968e+03,3.861807661174323059e+00
9.882507899585065388e+03,3.861807672020705517e+00
9.882507917600756628e+03,3.861807682865321389e+00
9.882507935616446048e+03,3.861807693708170675e+00
9.882507953632137287e+03,3.861807704549253817e+00
9.882507971647826707e+03,3.861807715388569040e+00
9.882507989663517947e+03,3.861807726226119009e+00
9.882508007679209186e+03,3.861807737061901946e+00
9.882508025694898606e+03,3.861807747895916965e+00
9.882508043710589845e+03,3.861807758728166284e+00
9.882508061726279266e+03,3.861807769558648129e+00
9.882508079741970505e+03,3.861807780387363387e+00
9.882508097757659925e+03,3.861807791214311170e+00
9.882508115773351165e+03,3.861807802039492810e+00
9.882508133789042404e+03,3.861807812862907419e+00
9.882508151804731824e+03,3.861807823684554997e+00
9.882508169820423063e+03,3.861807834504435988e+00
9.882508187836112484e+03,3.861807845322548616e+00
9.882508205851803723e+03,3.861807856138895545e+00
9.882508223867493143e+03,3.861807866953474111e+00
9.882508241883184382e+03,3.861807877766287422e+00
9.882508259898875622e+03,3.861807888577332815e+00
9.882508277914565042e+03,3.861807899386610288e+00
9.882508295930256281e+03,3.861807910194122062e+00
9.882508313945945702e+03,3.861807920999865473e+00
9.882508331961636941e+03,3.861807931803842298e+00
9.882508349977326361e+03,3.861807942606051203e+00
9.882508367993017600e+03,3.861807953406493965e+00
9.882508386008708840e+03,3.861807964205169696e+00
9.882508404024398260e+03,3.861807975002076176e+00
9.882508422040089499e+03,3.861807985797216958e+00
9.882508440055778919e+03,3.861807996590589376e+00
9.882508458071470159e+03,3.861808007382195207e+00
9.882508476087159579e+03,3.861808018172033119e+00
9.882508494102850818e+03,3.861808028960105332e+00
9.882508512118542058e+03,3.861808039746409182e+00
9.882508530134231478e+03,3.861808050530944669e+00
9.882508548149922717e+03,3.861808061313713569e+00
9.882508566165612137e+03,3.861808072094713662e+00
9.882508584181303377e+03,3.861808082873947612e+00
9.882508602196992797e+03,3.861808093651412754e+00
9.882508620212684036e+03,3.861808104427111310e+00
9.882508638228375276e+03,3.861808115201043279e+00
9.882508656244064696e+03,3.861808125973205552e+00
9.882508674259755935e+03,3.861808136743602127e+00
9.882508692275445355e+03,3.861808147512229006e+00
9.882508710291136595e+03,3.861808158279089742e+00
9.882508728306826015e+03,3.861808169044181671e+00
9.882508746322517254e+03,3.861808179807506569e+00
9.882508764338208493e+03,3.861808190569064436e+00
9.882508782353897914e+03,3.861808201328853052e+00
9.882508800369589153e+03,3.861808212086875081e+00
9.882508818385278573e+03,3.861808222843127858e+00
9.882508836400969813e+03,3.861808233597614493e+00
9.882508854416659233e+03,3.861808244350331432e+00
9.882508872432350472e+03,3.861808255101281340e+00
9.882508890448041711e+03,3.861808265850464661e+00
9.882508908463731132e+03,3.861808276597878287e+00
9.882508926479422371e+03,3.861808287343523993e+00
9.882508944495111791e+03,3.861808298087401781e+00
9.882508962510803030e+03,3.861808308829512981e+00
9.882508980526492451e+03,3.861808319569854486e+00
9.882508998542183690e+03,3.861808330308428960e+00
9.882509016557874929e+03,3.861808341045235515e+00
9.882509034573564350e+03,3.861808351780272819e+00
9.882509052589255589e+03,3.861808362513542647e+00
9.882509070604945009e+03,3.861808373245043668e+00
9.882509088620636248e+03,3.861808383974777659e+00
9.882509106636325669e+03,3.861808394702741953e+00
9.882509124652016908e+03,3.861808405428939661e+00
9.882509142667708147e+03,3.861808416153368562e+00
9.882509160683397567e+03,3.861808426876028655e+00
9.882509178699088807e+03,3.861808437596920829e+00
9.882509196714778227e+03,3.861808448316044196e+00
9.882509214730469466e+03,3.861808459033400531e+00
9.882509232746158887e+03,3.861808469748987171e+00
9.882509250761850126e+03,3.861808480462806337e+00
9.882509268777541365e+03,3.861808491174857139e+00
9.882509286793230785e+03,3.861808501885137801e+00
9.882509304808922025e+03,3.861808512593652321e+00
9.882509322824611445e+03,3.861808523300395812e+00
9.882509340840302684e+03,3.861808534005372717e+00
9.882509358855992105e+03,3.861808544708580815e+00
9.882509376871683344e+03,3.861808555410020549e+00
9.882509394887374583e+03,3.861808566109691920e+00
9.882509412903064003e+03,3.861808576807593152e+00
9.882509430918755243e+03,3.861808587503727352e+00
9.882509448934444663e+03,3.861808598198091413e+00
9.882509466950135902e+03,3.861808608890687999e+00
9.882509484965825322e+03,3.861808619581514890e+00
9.882509502981516562e+03,3.861808630270573861e+00
9.882509520997205982e+03,3.861808640957864025e+00
9.882509539012897221e+03,3.861808651643385382e+00
9.882509557028588461e+03,3.861808662327138819e+00
9.882509575044277881e+03,3.861808673009121673e+00
9.882509593059969120e+03,3.861808683689337496e+00
9.882509611075658540e+03,3.861808694367782735e+00
9.882509629091349780e+03,3.861808705044460055e+00
9.882509647107039200e+03,3.861808715719368124e+00
9.882509665122730439e+03,3.861808726392508273e+00
9.882509683138421678e+03,3.861808737063878727e+00
9.882509701154111099e+03,3.861808747733479485e+00
9.882509719169802338e+03,3.861808758401312325e+00
9.882509737185491758e+03,3.861808769067374580e+00
9.882509755201182998e+03,3.861808779731669805e+00
9.882509773216872418e+03,3.861808790394194446e+00
9.882509791232563657e+03,3.861808801054951168e+00
9.882509809248254896e+03,3.861808811713939082e+00
9.882509827263944317e+03,3.861808822371155969e+00
9.882509845279635556e+03,3.861808833026604937e+00
9.882509863295324976e+03,3.861808843680284653e+00
9.882509881311016215e+03,3.861808854332195118e+00
9.882509899326705636e+03,3.861808864982335887e+00
9.882509917342396875e+03,3.861808875630707849e+00
9.882509935358088114e+03,3.861808886277311448e+00
9.882509953373777535e+03,3.861808896922143575e+00
9.882509971389468774e+03,3.861808907565208671e+00
9.882509989405158194e+03,3.861808918206502739e+00
9.882510007420849433e+03,3.861808928846028000e+00
9.882510025436538854e+03,3.861808939483784009e+00
9.882510043452230093e+03,3.861808950119770767e+00
9.882510061467921332e+03,3.861808960753988273e+00
9.882510079483610753e+03,3.861808971386435196e+00
9.882510097499301992e+03,3.861808982017113756e+00
9.882510115514991412e+03,3.861808992646021732e+00
9.882510133530682651e+03,3.861809003273161345e+00
9.882510151546372072e+03,3.861809013898529930e+00
9.882510169562063311e+03,3.861809024522130596e+00
9.882510187577754550e+03,3.861809035143961122e+00
9.882510205593443970e+03,3.861809045764020620e+00
9.882510223609135210e+03,3.861809056382313088e+00
9.882510241624824630e+03,3.861809066998833639e+00
9.882510259640515869e+03,3.861809077613586272e+00
9.882510277656205290e+03,3.861809088226566988e+00
9.882510295671896529e+03,3.861809098837780230e+00
9.882510313687587768e+03,3.861809109447222443e+00
9.882510331703277188e+03,3.861809120054894962e+00
9.882510349718968428e+03,3.861809130660798672e+00
9.882510367734657848e+03,3.861809141264930023e+00
9.882510385750349087e+03,3.861809151867294343e+00
9.882510403766038507e+03,3.861809162467887191e+00
9.882510421781729747e+03,3.861809173066710787e+00
9.882510439797420986e+03,3.861809183663765133e+00
9.882510457813110406e+03,3.861809194259048006e+00
9.882510475828801646e+03,3.861809204852561628e+00
9.882510493844491066e+03,3.861809215444304222e+00
9.882510511860182305e+03,3.861809226034278897e+00
9.882510529875871725e+03,3.861809236622481656e+00
9.882510547891562965e+03,3.861809247208915163e+00
9.882510565907254204e+03,3.861809257793578976e+00
9.882510583922943624e+03,3.861809268376472204e+00
9.882510601938634863e+03,3.861809278957595293e+00
9.882510619954324284e+03,3.861809289536948242e+00
9.882510637970015523e+03,3.861809300114531052e+00
9.882510655985704943e+03,3.861809310690343278e+00
9.882510674001396183e+03,3.861809321264385808e+00
9.882510692017087422e+03,3.861809331836657755e+00
9.882510710032776842e+03,3.861809342407159562e+00
9.882510728048468081e+03,3.861809352975891674e+00
9.882510746064157502e+03,3.861809363542852314e+00
9.882510764079848741e+03,3.861809374108043258e+00
9.882510782095538161e+03,3.861809384671463174e+00
9.882510800111229400e+03,3.861809395233113840e+00
9.882510818126920640e+03,3.861809405792993921e+00
9.882510836142610060e+03,3.861809416351102975e+00
9.882510854158301299e+03,3.861809426907441889e+00
9.882510872173990720e+03,3.861809437462009331e+00
9.882510890189681959e+03,3.861809448014807966e+00
9.882510908205371379e+03,3.861809458565834685e+00
9.882510926221062618e+03,3.861809469115092153e+00
9.882510944236753858e+03,3.861809479662579037e+00
9.882510962252443278e+03,3.861809490208294005e+00
9.882510980268134517e+03,3.861809500752238833e+00
9.882510998283823938e+03,3.861809511294412189e+00
9.882511016299515177e+03,3.861809521834816739e+00
9.882511034315204597e+03,3.861809532373449372e+00
9.882511052330895836e+03,3.861809542910311865e+00
9.882511070346587076e+03,3.861809553445403775e+00
9.882511088362276496e+03,3.861809563978723769e+00
9.882511106377967735e+03,3.861809574510274068e+00
9.882511124393657155e+03,3.861809585040052450e+00
9.882511142409348395e+03,3.861809595568062026e+00
9.882511160425037815e+03,3.861809606094298797e+00
9.882511178440729054e+03,3.861809616618765872e+00
9.882511196456420294e+03,3.861809627141461920e+00
9.882511214472109714e+03,3.861809637662386052e+00
9.882511232487800953e+03,3.861809648181540489e+00
9.882511250503490373e+03,3.861809658698922565e+00
9.882511268519181613e+03,3.861809669214535390e+00
9.882511286534871033e+03,3.861809679728375411e+00
9.882511304550562272e+03,3.861809690240445736e+00
9.882511322566253511e+03,3.861809700750745034e+00
9.882511340581942932e+03,3.861809711259271971e+00
9.882511358597634171e+03,3.861809721766029657e+00
9.882511376613323591e+03,3.861809732271014095e+00
9.882511394629014831e+03,3.861809742774229282e+00
9.882511412644704251e+03,3.861809753275672108e+00
9.882511430660395490e+03,3.861809763775343907e+00
9.882511448676086729e+03,3.861809774273245122e+00
9.882511466691776150e+03,3.861809784769374421e+00
9.882511484707467389e+03,3.861809795263733136e+00
9.882511502723156809e+03,3.861809805756319935e+00
9.882511520738848048e+03,3.861809816247136151e+00
9.882511538754537469e+03,3.861809826736179563e+00
9.882511556770228708e+03,3.861809837223453279e+00
9.882511574785919947e+03,3.861809847708955079e+00
9.882511592801609368e+03,3.861809858192684963e+00
9.882511610817300607e+03,3.861809868674643820e+00
9.882511628832990027e+03,3.861809879154830316e+00
9.882511646848681266e+03,3.861809889633247561e+00
9.882511664864370687e+03,3.861809900109890670e+00
9.882511682880061926e+03,3.861809910584764527e+00
9.882511700895753165e+03,3.861809921057866024e+00
9.882511718911442586e+03,3.861809931529195605e+00
9.882511736927133825e+03,3.861809941998753715e+00
9.882511754942823245e+03,3.861809952466539908e+00
9.882511772958514484e+03,3.861809962932555962e+00
9.882511790974203905e+03,3.861809973396798323e+00
9.882511808989895144e+03,3.861809983859270101e+00
9.882511827005586383e+03,3.861809994319970851e+00
9.882511845021275803e+03,3.861810004778898353e+00
9.882511863036967043e+03,3.861810015236055271e+00
9.882511881052656463e+03,3.861810025691439385e+00
9.882511899068347702e+03,3.861810036145052472e+00
9.882511917084037123e+03,3.861810046596893198e+00
9.882511935099728362e+03,3.861810057046963340e+00
9.882511953115419601e+03,3.861810067495260679e+00
9.882511971131109021e+03,3.861810077941786545e+00
9.882511989146800261e+03,3.861810088386540496e+00
9.882512007162489681e+03,3.861810098829521198e+00
9.882512025178180920e+03,3.861810109270731761e+00
9.882512043193870340e+03,3.861810119710169076e+00
9.882512061209561580e+03,3.861810130147834919e+00
9.882512079225252819e+03,3.861810140583729289e+00
9.882512097240942239e+03,3.861810151017850856e+00
9.882512115256633479e+03,3.861810161450200507e+00
9.882512133272322899e+03,3.861810171880777798e+00
9.882512151288014138e+03,3.861810182309583173e+00
9.882512169303703558e+03,3.861810192736616187e+00
9.882512187319394798e+03,3.861810203161878174e+00
9.882512205335084218e+03,3.861810213585366025e+00
9.882512223350775457e+03,3.861810224007084180e+00
9.882512241366466696e+03,3.861810234427028643e+00
9.882512259382156117e+03,3.861810244845200746e+00
9.882512277397847356e+03,3.861810255261601821e+00
9.882512295413536776e+03,3.861810265676228759e+00
9.882512313429228016e+03,3.861810276089084670e+00
9.882512331444917436e+03,3.861810286500167333e+00
9.882512349460608675e+03,3.861810296909478080e+00
9.882512367476299914e+03,3.861810307317017799e+00
9.882512385491989335e+03,3.861810317722782493e+00
9.882512403507680574e+03,3.861810328126777048e+00
9.882512421523369994e+03,3.861810338528997466e+00
9.882512439539061234e+03,3.861810348929446857e+00
9.882512457554750654e+03,3.861810359328121667e+00
9.882512475570441893e+03,3.861810369725025893e+00
9.882512493586133132e+03,3.861810380120158204e+00
9.882512511601822553e+03,3.861810390513515490e+00
9.882512529617513792e+03,3.861810400905101748e+00
9.882512547633203212e+03,3.861810411294914758e+00
9.882512565648894451e+03,3.861810421682956296e+00
9.882512583664583872e+03,3.861810432069223253e+00
9.882512601680275111e+03,3.861810442453719627e+00
9.882512619695966350e+03,3.861810452836442753e+00
9.882512637711655771e+03,3.861810463217392186e+00
9.882512655727347010e+03,3.861810473596570148e+00
9.882512673743036430e+03,3.861810483973973529e+00
9.882512691758727669e+03,3.861810494349606326e+00
9.882512709774417090e+03,3.861810504723464099e+00
9.882512727790108329e+03,3.861810515095550844e+00
9.882512745805799568e+03,3.861810525465863897e+00
9.882512763821488988e+03,3.861810535834404146e+00
9.882512781837180228e+03,3.861810546201171590e+00
9.882512799852869648e+03,3.861810556566165786e+00
9.882512817868560887e+03,3.861810566929388067e+00
9.882512835884250308e+03,3.861810577290835322e+00
9.882512853899941547e+03,3.861810587650511994e+00
9.882512871915632786e+03,3.861810598008414974e+00
9.882512889931322206e+03,3.861810608364543818e+00
9.882512907947013446e+03,3.861810618718900745e+00
9.882512925962702866e+03,3.861810629071483536e+00
9.882512943978394105e+03,3.861810639422293967e+00
9.882512961994083525e+03,3.861810649771331150e+00
9.882512980009774765e+03,3.861810660118595528e+00
9.882512998025466004e+03,3.861810670464086215e+00
9.882513016041155424e+03,3.861810680807803209e+00
9.882513034056846664e+03,3.861810691149748287e+00
9.882513052072536084e+03,3.861810701489919229e+00
9.882513070088227323e+03,3.861810711828317366e+00
9.882513088103916743e+03,3.861810722164941367e+00
9.882513106119607983e+03,3.861810732499793009e+00
9.882513124135299222e+03,3.861810742832870957e+00
9.882513142150988642e+03,3.861810753164175658e+00
9.882513160166679882e+03,3.861810763493706666e+00
9.882513178182369302e+03,3.861810773821463982e+00
9.882513196198060541e+03,3.861810784147449382e+00
9.882513214213749961e+03,3.861810794471659314e+00
9.882513232229441201e+03,3.861810804794097329e+00
9.882513250245132440e+03,3.861810815114761652e+00
9.882513268260821860e+03,3.861810825433651839e+00
9.882513286276513099e+03,3.861810835750769222e+00
9.882513304292202520e+03,3.861810846066111580e+00
9.882513322307893759e+03,3.861810856379682466e+00
9.882513340323583179e+03,3.861810866691477884e+00
9.882513358339274419e+03,3.861810877001500941e+00
9.882513376354965658e+03,3.861810887309749862e+00
9.882513394370655078e+03,3.861810897616224203e+00
9.882513412386346317e+03,3.861810907920926628e+00
9.882513430402035738e+03,3.861810918223854028e+00
9.882513448417726977e+03,3.861810928525008624e+00
9.882513466433416397e+03,3.861810938824387751e+00
9.882513484449107636e+03,3.861810949121995407e+00
9.882513502464798876e+03,3.861810959417828926e+00
9.882513520480488296e+03,3.861810969711886976e+00
9.882513538496179535e+03,3.861810980004171778e+00
9.882513556511868956e+03,3.861810990294683332e+00
9.882513574527560195e+03,3.861811000583420306e+00
9.882513592543249615e+03,3.861811010870383587e+00
9.882513610558940854e+03,3.861811021155573176e+00
9.882513628574632094e+03,3.861811031438989072e+00
9.882513646590321514e+03,3.861811041720629945e+00
9.882513664606012753e+03,3.861811052000497568e+00
9.882513682621702173e+03,3.861811062278591056e+00
9.882513700637393413e+03,3.861811072554911295e+00
9.882513718653082833e+03,3.861811082829456065e+00
9.882513736668774072e+03,3.861811093102227588e+00
9.882513754684465312e+03,3.861811103373224530e+00
9.882513772700154732e+03,3.861811113642446891e+00
9.882513790715845971e+03,3.861811123909896448e+00
9.882513808731535391e+03,3.861811134175570981e+00
9.882513826747226631e+03,3.861811144439470933e+00
9.882513844762916051e+03,3.861811154701597193e+00
9.882513862778607290e+03,3.861811164961949761e+00
9.882513880794298530e+03,3.861811175220526859e+00
9.882513898809987950e+03,3.861811185477330266e+00
9.882513916825679189e+03,3.861811195732359980e+00
9.882513934841368609e+03,3.861811205985613782e+00
9.882513952857059849e+03,3.861811216237094335e+00
9.882513970872749269e+03,3.861811226486799864e+00
9.882513988888440508e+03,3.861811236734731700e+00
9.882514006904131747e+03,3.861811246980889401e+00
9.882514024919821168e+03,3.861811257225271188e+00
9.882514042935512407e+03,3.861811267467880171e+00
9.882514060951201827e+03,3.861811277708713241e+00
9.882514078966893067e+03,3.861811287947772175e+00
9.882514096982582487e+03,3.861811298185056085e+00
9.882514114998273726e+03,3.861811308420566746e+00
9.882514133013964965e+03,3.861811318654302827e+00
9.882514151029654386e+03,3.861811328886262995e+00
9.882514169045345625e+03,3.861811339116449915e+00
9.882514187061035045e+03,3.861811349344860478e+00
9.882514205076726284e+03,3.861811359571498237e+00
9.882514223092415705e+03,3.861811369796359639e+00
9.882514241108106944e+03,3.861811380019446904e+00
9.882514259123798183e+03,3.861811390240760034e+00
9.882514277139487604e+03,3.861811400460297694e+00
9.882514295155178843e+03,3.861811410678061218e+00
9.882514313170868263e+03,3.861811420894048830e+00
9.882514331186559502e+03,3.861811431108262305e+00
9.882514349202248923e+03,3.861811441320700755e+00
9.882514367217940162e+03,3.861811451531364625e+00
9.882514385233631401e+03,3.861811461740253471e+00
9.882514403249320821e+03,3.861811471947367291e+00
9.882514421265012061e+03,3.861811482152706976e+00
9.882514439280701481e+03,3.861811492356269859e+00
9.882514457296392720e+03,3.861811502558059050e+00
9.882514475312082141e+03,3.861811512758072329e+00
9.882514493327773380e+03,3.861811522956312359e+00
9.882514511343464619e+03,3.861811533152776477e+00
9.882514529359154039e+03,3.861811543347464681e+00
9.882514547374845279e+03,3.861811553540378306e+00
9.882514565390534699e+03,3.861811563731516017e+00
9.882514583406225938e+03,3.861811573920880480e+00
9.882514601421915359e+03,3.861811584108468143e+00
9.882514619437606598e+03,3.861811594294281669e+00
9.882514637453297837e+03,3.861811604478319726e+00
9.882514655468987257e+03,3.861811614660582315e+00
9.882514673484678497e+03,3.861811624841069435e+00
9.882514691500367917e+03,3.861811635019781530e+00
9.882514709516059156e+03,3.861811645196718157e+00
9.882514727531748576e+03,3.861811655371879315e+00
9.882514745547439816e+03,3.861811665545265004e+00
9.882514763563129236e+03,3.861811675716875669e+00
9.882514781578820475e+03,3.861811685886711309e+00
9.882514799594511715e+03,3.861811696054771037e+00
9.882514817610201135e+03,3.861811706221055740e+00
9.882514835625892374e+03,3.861811716385564530e+00
9.882514853641581794e+03,3.861811726548297852e+00
9.882514871657273034e+03,3.861811736709256149e+00
9.882514889672962454e+03,3.861811746868437645e+00
9.882514907688653693e+03,3.861811757025845004e+00
9.882514925704344932e+03,3.861811767181477340e+00
9.882514943720034353e+03,3.861811777335332430e+00
9.882514961735725592e+03,3.861811787487412939e+00
9.882514979751415012e+03,3.861811797637716204e+00
9.882514997767106252e+03,3.861811807786246220e+00
9.882515015782795672e+03,3.861811817932998547e+00
9.882515033798486911e+03,3.861811828077976738e+00
9.882515051814178150e+03,3.861811838221179016e+00
9.882515069829867571e+03,3.861811848362604049e+00
9.882515087845558810e+03,3.861811858502254502e+00
9.882515105861248230e+03,3.861811868640128598e+00
9.882515123876939469e+03,3.861811878776227669e+00
9.882515141892628890e+03,3.861811888910549051e+00
9.882515159908320129e+03,3.861811899043097185e+00
9.882515177924011368e+03,3.861811909173868518e+00
9.882515195939700789e+03,3.861811919302862606e+00
9.882515213955392028e+03,3.861811929430082113e+00
9.882515231971081448e+03,3.861811939555525264e+00
9.882515249986772687e+03,3.861811949679192946e+00
9.882515268002462108e+03,3.861811959801083383e+00
9.882515286018153347e+03,3.861811969921199683e+00
9.882515304033844586e+03,3.861811980039539183e+00
9.882515322049534007e+03,3.861811990156101437e+00
9.882515340065225246e+03,3.861812000270889111e+00
9.882515358080914666e+03,3.861812010383899985e+00
9.882515376096605905e+03,3.861812020495134501e+00
9.882515394112295326e+03,3.861812030604593104e+00
9.882515412127986565e+03,3.861812040712275795e+00
9.882515430143677804e+03,3.861812050818183017e+00
9.882515448159367224e+03,3.861812060922312106e+00
9.882515466175058464e+03,3.861812071024666615e+00
9.882515484190747884e+03,3.861812081125242990e+00
9.882515502206439123e+03,3.861812091224045229e+00
9.882515520222128544e+03,3.861812101321069779e+00
9.882515538237819783e+03,3.861812111416318860e+00
9.882515556253511022e+03,3.861812121509792473e+00
9.882515574269200442e+03,3.861812131601487064e+00
9.882515592284891682e+03,3.861812141691407518e+00
9.882515610300581102e+03,3.861812151779550284e+00
9.882515628316272341e+03,3.861812161865917137e+00
9.882515646331961761e+03,3.861812171950507189e+00
9.882515664347653001e+03,3.861812182033321328e+00
9.882515682363344240e+03,3.861812192114359554e+00
9.882515700379033660e+03,3.861812202193619203e+00
9.882515718394724900e+03,3.861812212271104716e+00
9.882515736410414320e+03,3.861812222346811208e+00
9.882515754426105559e+03,3.861812232420743118e+00
9.882515772441794979e+03,3.861812242492896896e+00
9.882515790457486219e+03,3.861812252563275205e+00
9.882515808473177458e+03,3.861812262631877157e+00
9.882515826488866878e+03,3.861812272698700532e+00
9.882515844504558117e+03,3.861812282763748883e+00
9.882515862520247538e+03,3.861812292827019544e+00
9.882515880535938777e+03,3.861812302888514292e+00
9.882515898551628197e+03,3.861812312948231796e+00
9.882515916567319437e+03,3.861812323006172498e+00
9.882515934583010676e+03,3.861812333062337732e+00
9.882515952598700096e+03,3.861812343116724389e+00
9.882515970614391335e+03,3.861812353169335132e+00
9.882515988630080756e+03,3.861812363220168187e+00
9.882516006645771995e+03,3.861812373269224885e+00
9.882516024661461415e+03,3.861812383316504338e+00
9.882516042677152655e+03,3.861812393362007878e+00
9.882516060692843894e+03,3.861812403405733285e+00
9.882516078708533314e+03,3.861812413447681447e+00
9.882516096724224553e+03,3.861812423487854140e+00
9.882516114739913974e+03,3.861812433526248700e+00
9.882516132755605213e+03,3.861812443562866015e+00
9.882516150771294633e+03,3.861812453597706529e+00
9.882516168786985872e+03,3.861812463630770687e+00
9.882516186802677112e+03,3.861812473662057599e+00
9.882516204818366532e+03,3.861812483691565934e+00
9.882516222834057771e+03,3.861812493719298800e+00
9.882516240849747192e+03,3.861812503745253533e+00
9.882516258865438431e+03,3.861812513769431465e+00
9.882516276881127851e+03,3.861812523791830820e+00
9.882516294896819090e+03,3.861812533812455150e+00
9.882516312912510330e+03,3.861812543831301348e+00
9.882516330928199750e+03,3.861812553848369411e+00
9.882516348943890989e+03,3.861812563863661563e+00
9.882516366959580409e+03,3.861812573877175137e+00
9.882516384975271649e+03,3.861812583888911909e+00
9.882516402990961069e+03,3.861812593898870993e+00
9.882516421006652308e+03,3.861812603907053276e+00
9.882516439022343548e+03,3.861812613913457870e+00
9.882516457038032968e+03,3.861812623918084775e+00
9.882516475053724207e+03,3.861812633920935323e+00
9.882516493069413627e+03,3.861812643922006849e+00
9.882516511085104867e+03,3.861812653921301575e+00
9.882516529100794287e+03,3.861812663918818611e+00
9.882516547116485526e+03,3.861812673914557958e+00
9.882516565132176765e+03,3.861812683908520505e+00
9.882516583147866186e+03,3.861812693900704474e+00
9.882516601163557425e+03,3.861812703891111642e+00
9.882516619179246845e+03,3.861812713879740233e+00
9.882516637194938085e+03,3.861812723866592467e+00
9.882516655210627505e+03,3.861812733851665680e+00
9.882516673226318744e+03,3.861812743834962092e+00
9.882516691242009983e+03,3.861812753816480814e+00
9.882516709257699404e+03,3.861812763796220960e+00
9.882516727273390643e+03,3.861812773774183860e+00
9.882516745289080063e+03,3.861812783750368627e+00
9.882516763304771303e+03,3.861812793724775705e+00
9.882516781320460723e+03,3.861812803697405094e+00
9.882516799336151962e+03,3.861812813668257238e+00
9.882516817351843201e+03,3.861812823637331249e+00
9.882516835367532622e+03,3.861812833604626238e+00
9.882516853383223861e+03,3.861812843570144871e+00
9.882516871398913281e+03,3.861812853533883594e+00
9.882516889414604520e+03,3.861812863495845960e+00
9.882516907430293941e+03,3.861812873456029305e+00
9.882516925445985180e+03,3.861812883414435404e+00
9.882516943461676419e+03,3.861812893371064259e+00
9.882516961477365840e+03,3.861812903325913648e+00
9.882516979493057079e+03,3.861812913278985793e+00
9.882516997508746499e+03,3.861812923230278916e+00
9.882517015524437738e+03,3.861812933179794349e+00
9.882517033540127159e+03,3.861812943127531206e+00
9.882517051555818398e+03,3.861812953073491261e+00
9.882517069571509637e+03,3.861812963017672740e+00
9.882517087587199057e+03,3.861812972960074752e+00
9.882517105602890297e+03,3.861812982900699964e+00
9.882517123618579717e+03,3.861812992839546155e+00
9.882517141634270956e+03,3.861813002776614212e+00
9.882517159649960377e+03,3.861813012711903692e+00
9.882517177665651616e+03,3.861813022645415927e+00
9.882517195681342855e+03,3.861813032577149141e+00
9.882517213697032275e+03,3.861813042507103333e+00
9.882517231712723515e+03,3.861813052435280280e+00
9.882517249728412935e+03,3.861813062361678206e+00
9.882517267744104174e+03,3.861813072286298443e+00
9.882517285759793594e+03,3.861813082209138326e+00
9.882517303775484834e+03,3.861813092130202296e+00
9.882517321791176073e+03,3.861813102049486801e+00
9.882517339806865493e+03,3.861813111966991841e+00
9.882517357822556733e+03,3.861813121882719191e+00
9.882517375838246153e+03,3.861813131796667076e+00
9.882517393853937392e+03,3.861813141708837716e+00
9.882517411869626812e+03,3.861813151619228446e+00
9.882517429885318052e+03,3.861813161527841931e+00
9.882517447901007472e+03,3.861813171434675507e+00
9.882517465916698711e+03,3.861813181339730949e+00
9.882517483932389950e+03,3.861813191243008703e+00
9.882517501948079371e+03,3.861813201144506102e+00
9.882517519963770610e+03,3.861813211044225813e+00
9.882517537979460030e+03,3.861813220942166058e+00
9.882517555995151270e+03,3.861813230838328614e+00
9.882517574010840690e+03,3.861813240732711261e+00
9.882517592026531929e+03,3.861813250625315774e+00
9.882517610042223168e+03,3.861813260516142154e+00
9.882517628057912589e+03,3.861813270405187737e+00
9.882517646073603828e+03,3.861813280292456074e+00
9.882517664089293248e+03,3.861813290177944058e+00
9.882517682104984488e+03,3.861813300061654353e+00
9.882517700120673908e+03,3.861813309943584294e+00
9.882517718136365147e+03,3.861813319823737878e+00
9.882517736152056386e+03,3.861813329702110664e+00
9.882517754167745807e+03,3.861813339578704429e+00
9.882517772183437046e+03,3.861813349453519173e+00
9.882517790199126466e+03,3.861813359326554895e+00
9.882517808214817705e+03,3.861813369197812040e+00
9.882517826230507126e+03,3.861813379067289720e+00
9.882517844246198365e+03,3.861813388934988822e+00
9.882517862261889604e+03,3.861813398800908459e+00
9.882517880277579025e+03,3.861813408665048186e+00
9.882517898293270264e+03,3.861813418527409780e+00
9.882517916308959684e+03,3.861813428387991465e+00
9.882517934324650923e+03,3.861813438246794572e+00
9.882517952340340344e+03,3.861813448103817326e+00
9.882517970356031583e+03,3.861813457959062390e+00
9.882517988371722822e+03,3.861813467812527545e+00
9.882518006387412242e+03,3.861813477664212790e+00
9.882518024403103482e+03,3.861813487514119902e+00
9.882518042418792902e+03,3.861813497362245329e+00
9.882518060434484141e+03,3.861813507208593510e+00
9.882518078450173562e+03,3.861813517053161338e+00
9.882518096465864801e+03,3.861813526895951032e+00
9.882518114481556040e+03,3.861813536736960817e+00
9.882518132497245460e+03,3.861813546576189804e+00
9.882518150512936700e+03,3.861813556413640658e+00
9.882518168528626120e+03,3.861813566249310714e+00
9.882518186544317359e+03,3.861813576083203081e+00
9.882518204560006780e+03,3.861813585915314206e+00
9.882518222575698019e+03,3.861813595745647198e+00
9.882518240591389258e+03,3.861813605574199393e+00
9.882518258607078678e+03,3.861813615400972566e+00
9.882518276622769918e+03,3.861813625225966273e+00
9.882518294638459338e+03,3.861813635049179627e+00
9.882518312654150577e+03,3.861813644870614404e+00
9.882518330669839997e+03,3.861813654690268383e+00
9.882518348685531237e+03,3.861813664508143340e+00
9.882518366701222476e+03,3.861813674324238388e+00
9.882518384716911896e+03,3.861813684138553082e+00
9.882518402732603136e+03,3.861813693951089199e+00
9.882518420748292556e+03,3.861813703761844518e+00
9.882518438763983795e+03,3.861813713570819928e+00
9.882518456779673215e+03,3.861813723378015428e+00
9.882518474795364455e+03,3.861813733183432351e+00
9.882518492811055694e+03,3.861813742987068920e+00
9.882518510826745114e+03,3.861813752788924692e+00
9.882518528842436353e+03,3.861813762589001442e+00
9.882518546858125774e+03,3.861813772387297394e+00
9.882518564873817013e+03,3.861813782183813881e+00
9.882518582889506433e+03,3.861813791978550015e+00
9.882518600905197673e+03,3.861813801771506682e+00
9.882518618920888912e+03,3.861813811562683441e+00
9.882518636936578332e+03,3.861813821352079845e+00
9.882518654952269571e+03,3.861813831139696784e+00
9.882518672967958992e+03,3.861813840925531593e+00
9.882518690983650231e+03,3.861813850709587825e+00
9.882518708999339651e+03,3.861813860491863259e+00
9.882518727015030890e+03,3.861813870272360116e+00
9.882518745030722130e+03,3.861813880051075731e+00
9.882518763046411550e+03,3.861813889828010105e+00
9.882518781062102789e+03,3.861813899603166345e+00
9.882518799077792210e+03,3.861813909376540010e+00
9.882518817093483449e+03,3.861813919148134655e+00
9.882518835109172869e+03,3.861813928917949390e+00
9.882518853124864108e+03,3.861813938685983327e+00
9.882518871140555348e+03,3.861813948452237355e+00
9.882518889156244768e+03,3.861813958216710141e+00
9.882518907171936007e+03,3.861813967979403461e+00
9.882518925187625427e+03,3.861813977740314652e+00
9.882518943203316667e+03,3.861813987499447709e+00
9.882518961219006087e+03,3.861813997256798636e+00
9.882518979234697326e+03,3.861814007012370098e+00
9.882518997250388566e+03,3.861814016766161206e+00
9.882519015266077986e+03,3.861814026518170628e+00
9.882519033281769225e+03,3.861814036268401029e+00
9.882519051297458645e+03,3.861814046016849300e+00
9.882519069313149885e+03,3.861814055763518549e+00
9.882519087328839305e+03,3.861814065508406113e+00
9.882519105344530544e+03,3.861814075251512879e+00
9.882519123360221784e+03,3.861814084992840623e+00
9.882519141375911204e+03,3.861814094732385794e+00
9.882519159391602443e+03,3.861814104470151499e+00
9.882519177407291863e+03,3.861814114206135518e+00
9.882519195422983103e+03,3.861814123940340071e+00
9.882519213438672523e+03,3.861814133672762939e+00
9.882519231454363762e+03,3.861814143403405897e+00
9.882519249470055001e+03,3.861814153132267613e+00
9.882519267485744422e+03,3.861814162859348087e+00
9.882519285501435661e+03,3.861814172584648208e+00
9.882519303517125081e+03,3.861814182308166643e+00
9.882519321532816321e+03,3.861814192029905612e+00
9.882519339548505741e+03,3.861814201749862008e+00
9.882519357564196980e+03,3.861814211468039382e+00
9.882519375579888219e+03,3.861814221184435070e+00
9.882519393595577640e+03,3.861814230899048628e+00
9.882519411611268879e+03,3.861814240611883164e+00
9.882519429626958299e+03,3.861814250322935571e+00
9.882519447642649538e+03,3.861814260032207624e+00
9.882519465658338959e+03,3.861814269739697547e+00
9.882519483674030198e+03,3.861814279445407561e+00
9.882519501689721437e+03,3.861814289149335888e+00
9.882519519705410858e+03,3.861814298851482974e+00
9.882519537721102097e+03,3.861814308551849262e+00
9.882519555736791517e+03,3.861814318250433864e+00
9.882519573752482756e+03,3.861814327947238112e+00
9.882519591768172177e+03,3.861814337642259787e+00
9.882519609783863416e+03,3.861814347335501552e+00
9.882519627799554655e+03,3.861814357026962519e+00
9.882519645815244075e+03,3.861814366716640912e+00
9.882519663830935315e+03,3.861814376404539395e+00
9.882519681846624735e+03,3.861814386090654416e+00
9.882519699862315974e+03,3.861814395774990416e+00
9.882519717878005395e+03,3.861814405457543842e+00
9.882519735893696634e+03,3.861814415138316470e+00
9.882519753909387873e+03,3.861814424817307856e+00
9.882519771925077293e+03,3.861814434494517556e+00
9.882519789940768533e+03,3.861814444169946015e+00
9.882519807956457953e+03,3.861814453843592343e+00
9.882519825972149192e+03,3.861814463515457430e+00
9.882519843987838613e+03,3.861814473185540830e+00
9.882519862003529852e+03,3.861814482853843877e+00
9.882519880019221091e+03,3.861814492520365238e+00
9.882519898034910511e+03,3.861814502185103581e+00
9.882519916050601751e+03,3.861814511848061571e+00
9.882519934066291171e+03,3.861814521509237430e+00
9.882519952081982410e+03,3.861814531168632492e+00
9.882519970097671830e+03,3.861814540826244535e+00
9.882519988113363070e+03,3.861814550482075781e+00
9.882520006129054309e+03,3.861814560136125785e+00
9.882520024144743729e+03,3.861814569788393658e+00
9.882520042160434969e+03,3.861814579438879402e+00
9.882520060176124389e+03,3.861814589087583460e+00
9.882520078191815628e+03,3.861814598734506720e+00
9.882520096207505048e+03,3.861814608379646518e+00
9.882520114223196288e+03,3.861814618023006407e+00
9.882520132238885708e+03,3.861814627664583277e+00
9.882520150254576947e+03,3.861814637304378461e+00
9.882520168270268186e+03,3.861814646942392404e+00
9.882520186285957607e+03,3.861814656578623328e+00
9.882520204301648846e+03,3.861814666213074343e+00
9.882520222317338266e+03,3.861814675845741451e+00
9.882520240333029506e+03,3.861814685476627762e+00
9.882520258348718926e+03,3.861814695105730610e+00
9.882520276364410165e+03,3.861814704733053105e+00
9.882520294380101404e+03,3.861814714358593026e+00
9.882520312395790825e+03,3.861814723982350372e+00
9.882520330411482064e+03,3.861814733604326477e+00
9.882520348427171484e+03,3.861814743224520008e+00
9.882520366442862723e+03,3.861814752842932297e+00
9.882520384458552144e+03,3.861814762459561123e+00
9.882520402474243383e+03,3.861814772074408264e+00
9.882520420489934622e+03,3.861814781687475051e+00
9.882520438505624043e+03,3.861814791298756600e+00
9.882520456521315282e+03,3.861814800908258238e+00
9.882520474537004702e+03,3.861814810515976415e+00
9.882520492552695941e+03,3.861814820121912906e+00
9.882520510568385362e+03,3.861814829726066822e+00
9.882520528584076601e+03,3.861814839328439053e+00
9.882520546599767840e+03,3.861814848929029154e+00
9.882520564615457261e+03,3.861814858527835348e+00
9.882520582631148500e+03,3.861814868124860745e+00
9.882520600646837920e+03,3.861814877720102235e+00
9.882520618662529159e+03,3.861814887313562483e+00
9.882520636678218580e+03,3.861814896905240158e+00
9.882520654693909819e+03,3.861814906495136146e+00
9.882520672709601058e+03,3.861814916083248672e+00
9.882520690725290478e+03,3.861814925669578624e+00
9.882520708740981718e+03,3.861814935254126890e+00
9.882520726756671138e+03,3.861814944836892138e+00
9.882520744772362377e+03,3.861814954417875256e+00
9.882520762788051798e+03,3.861814963997074912e+00
9.882520780803743037e+03,3.861814973574492438e+00
9.882520798819434276e+03,3.861814983150128278e+00
9.882520816835123696e+03,3.861814992723980211e+00
9.882520834850814936e+03,3.861815002296050015e+00
9.882520852866504356e+03,3.861815011866337244e+00
9.882520870882195595e+03,3.861815021434841455e+00
9.882520888897885015e+03,3.861815031001563092e+00
9.882520906913576255e+03,3.861815040566502599e+00
9.882520924929267494e+03,3.861815050129659532e+00
9.882520942944956914e+03,3.861815059691032559e+00
9.882520960960648154e+03,3.861815069250623456e+00
9.882520978976337574e+03,3.861815078808430890e+00
9.882520996992028813e+03,3.861815088364456194e+00
9.882521015007718233e+03,3.861815097918698036e+00
9.882521033023409473e+03,3.861815107471157749e+00
9.882521051039100712e+03,3.861815117021834887e+00
9.882521069054790132e+03,3.861815126570727230e+00
9.882521087070481371e+03,3.861815136117838776e+00
9.882521105086170792e+03,3.861815145663165527e+00
9.882521123101862031e+03,3.861815155206711037e+00
9.882521141117551451e+03,3.861815164748472196e+00
9.882521159133242691e+03,3.861815174288451225e+00
9.882521177148933930e+03,3.861815183826647679e+00
9.882521195164623350e+03,3.861815193363059340e+00
9.882521213180314589e+03,3.861815202897689314e+00
9.882521231196004010e+03,3.861815212430535382e+00
9.882521249211695249e+03,3.861815221961598432e+00
9.882521267227384669e+03,3.861815231490878464e+00
9.882521285243075909e+03,3.861815241018375922e+00
9.882521303258767148e+03,3.861815250544089917e+00
9.882521321274456568e+03,3.861815260068020006e+00
9.882521339290147807e+03,3.861815269590167521e+00
9.882521357305837228e+03,3.861815279110531574e+00
9.882521375321528467e+03,3.861815288629113496e+00
9.882521393337217887e+03,3.861815298145909736e+00
9.882521411352909126e+03,3.861815307660925178e+00
9.882521429368600366e+03,3.861815317174155826e+00
9.882521447384289786e+03,3.861815326685603011e+00
9.882521465399981025e+03,3.861815336195268067e+00
9.882521483415670446e+03,3.861815345703147884e+00
9.882521501431361685e+03,3.861815355209246459e+00
9.882521519447051105e+03,3.861815364713559795e+00
9.882521537462742344e+03,3.861815374216090113e+00
9.882521555478433584e+03,3.861815383716837857e+00
9.882521573494123004e+03,3.861815393215800807e+00
9.882521591509814243e+03,3.861815402712981626e+00
9.882521609525503663e+03,3.861815412208377651e+00
9.882521627541194903e+03,3.861815421701991102e+00
9.882521645556884323e+03,3.861815431193819315e+00
9.882521663572575562e+03,3.861815440683865841e+00
9.882521681588266802e+03,3.861815450172128461e+00
9.882521699603956222e+03,3.861815459658606731e+00
9.882521717619647461e+03,3.861815469143301982e+00
9.882521735635336881e+03,3.861815478626212883e+00
9.882521753651028121e+03,3.861815488107340766e+00
9.882521771666717541e+03,3.861815497586683854e+00
9.882521789682408780e+03,3.861815507064244812e+00
9.882521807698100019e+03,3.861815516540020532e+00
9.882521825713789440e+03,3.861815526014012789e+00
9.882521843729480679e+03,3.861815535486221584e+00
9.882521861745170099e+03,3.861815544956646473e+00
9.882521879760861339e+03,3.861815554425287900e+00
9.882521897776550759e+03,3.861815563892144532e+00
9.882521915792241998e+03,3.861815573357217701e+00
9.882521933807933237e+03,3.861815582820508297e+00
9.882521951823622658e+03,3.861815592282012766e+00
9.882521969839313897e+03,3.861815601741735104e+00
9.882521987855003317e+03,3.861815611199671761e+00
9.882522005870694557e+03,3.861815620655825398e+00
9.882522023886383977e+03,3.861815630110194686e+00
9.882522041902075216e+03,3.861815639562780511e+00
9.882522059917766455e+03,3.861815649013582430e+00
9.882522077933455876e+03,3.861815658462598666e+00
9.882522095949147115e+03,3.861815667909832328e+00
9.882522113964836535e+03,3.861815677355281640e+00
9.882522131980527774e+03,3.861815686798947045e+00
9.882522149996217195e+03,3.861815696240827211e+00
9.882522168011908434e+03,3.861815705680924360e+00
9.882522186027599673e+03,3.861815715119237158e+00
9.882522204043289094e+03,3.861815724555764717e+00
9.882522222058980333e+03,3.861815733990509258e+00
9.882522240074669753e+03,3.861815743423468117e+00
9.882522258090360992e+03,3.861815752854644401e+00
9.882522276106050413e+03,3.861815762284035447e+00
9.882522294121741652e+03,3.861815771711642586e+00
9.882522312137432891e+03,3.861815781137465375e+00
9.882522330153122311e+03,3.861815790561502482e+00
9.882522348168813551e+03,3.861815799983757014e+00
9.882522366184502971e+03,3.861815809404225863e+00
9.882522384200194210e+03,3.861815818822911250e+00
9.882522402215883631e+03,3.861815828239811399e+00
9.882522420231574870e+03,3.861815837654927641e+00
9.882522438247266109e+03,3.861815847068259533e+00
9.882522456262955529e+03,3.861815856479805742e+00
9.882522474278646769e+03,3.861815865889569377e+00
9.882522492294336189e+03,3.861815875297546441e+00
9.882522510310027428e+03,3.861815884703740043e+00
9.882522528325716848e+03,3.861815894108148406e+00
9.882522546341408088e+03,3.861815903510772863e+00
9.882522564357099327e+03,3.861815912911612969e+00
9.882522582372788747e+03,3.861815922310667393e+00
9.882522600388479987e+03,3.861815931707938354e+00
9.882522618404169407e+03,3.861815941103422745e+00
9.882522636419860646e+03,3.861815950497124561e+00
9.882522654435550066e+03,3.861815959889040251e+00
9.882522672451241306e+03,3.861815969279171146e+00
9.882522690466930726e+03,3.861815978667517690e+00
9.882522708482621965e+03,3.861815988054079885e+00
9.882522726498313205e+03,3.861815997438857284e+00
9.882522744514002625e+03,3.861816006821849001e+00
9.882522762529693864e+03,3.861816016203056812e+00
9.882522780545383284e+03,3.861816025582478940e+00
9.882522798561074524e+03,3.861816034960116273e+00
9.882522816576763944e+03,3.861816044335968368e+00
9.882522834592455183e+03,3.861816053710037000e+00
9.882522852608146422e+03,3.861816063082319950e+00
9.882522870623835843e+03,3.861816072452816773e+00
9.882522888639527082e+03,3.861816081821530133e+00
9.882522906655216502e+03,3.861816091188456923e+00
9.882522924670907742e+03,3.861816100553599806e+00
9.882522942686597162e+03,3.861816109916957007e+00
9.882522960702288401e+03,3.861816119278530302e+00
9.882522978717979640e+03,3.861816128638317913e+00
9.882522996733669061e+03,3.861816137996319842e+00
9.882523014749360300e+03,3.861816147352537421e+00
9.882523032765049720e+03,3.861816156706969316e+00
9.882523050780740959e+03,3.861816166059616418e+00
9.882523068796430380e+03,3.861816175410477392e+00
9.882523086812121619e+03,3.861816184759553572e+00
9.882523104827812858e+03,3.861816194106845401e+00
9.882523122843502279e+03,3.861816203452351104e+00
9.882523140859193518e+03,3.861816212796072012e+00
9.882523158874882938e+03,3.861816222138006793e+00
9.882523176890574177e+03,3.861816231478157224e+00
9.882523194906263598e+03,3.861816240816521084e+00
9.882523212921954837e+03,3.861816250153100594e+00
9.882523230937646076e+03,3.861816259487895309e+00
9.882523248953335496e+03,3.861816268820903009e+00
9.882523266969026736e+03,3.861816278152126358e+00
9.882523284984716156e+03,3.861816287481563581e+00
9.882523303000407395e+03,3.861816296809216009e+00
9.882523321016096816e+03,3.861816306135082311e+00
9.882523339031788055e+03,3.861816315459163818e+00
9.882523357047479294e+03,3.861816324781460086e+00
9.882523375063168714e+03,3.861816334101969339e+00
9.882523393078859954e+03,3.861816343420693798e+00
9.882523411094549374e+03,3.861816352737632130e+00
9.882523429110240613e+03,3.861816362052786111e+00
9.882523447125930034e+03,3.861816371366152634e+00
9.882523465141621273e+03,3.861816380677735694e+00
9.882523483157312512e+03,3.861816389987532627e+00
9.882523501173001932e+03,3.861816399295542102e+00
9.882523519188693172e+03,3.861816408601767225e+00
9.882523537204382592e+03,3.861816417906206222e+00
9.882523555220073831e+03,3.861816427208859537e+00
9.882523573235763251e+03,3.861816436509727168e+00
9.882523591251454491e+03,3.861816445808809561e+00
9.882523609267145730e+03,3.861816455106106272e+00
9.882523627282835150e+03,3.861816464401615523e+00
9.882523645298526390e+03,3.861816473695340424e+00
9.882523663314215810e+03,3.861816482987277865e+00
9.882523681329907049e+03,3.861816492277430957e+00
9.882523699345596469e+03,3.861816501565797033e+00
9.882523717361287709e+03,3.861816510852378759e+00
9.882523735376978948e+03,3.861816520137173914e+00
9.882523753392668368e+03,3.861816529420182054e+00
9.882523771408359607e+03,3.861816538701405399e+00
9.882523789424049028e+03,3.861816547980841285e+00
9.882523807439740267e+03,3.861816557258492377e+00
9.882523825455429687e+03,3.861816566534356898e+00
9.882523843471120927e+03,3.861816575808435736e+00
9.882523861486812166e+03,3.861816585080728892e+00
9.882523879502501586e+03,3.861816594351234144e+00
9.882523897518192825e+03,3.861816603619954602e+00
9.882523915533882246e+03,3.861816612886888489e+00
9.882523933549573485e+03,3.861816622152037137e+00
9.882523951565262905e+03,3.861816631415398327e+00
9.882523969580954144e+03,3.861816640676973833e+00
9.882523987596645384e+03,3.861816649936763657e+00
9.882524005612334804e+03,3.861816659194765577e+00
9.882524023628026043e+03,3.861816668450983592e+00
9.882524041643715464e+03,3.861816677705413259e+00
9.882524059659406703e+03,3.861816686958057687e+00
9.882524077675096123e+03,3.861816696208915101e+00
9.882524095690787362e+03,3.861816705457986831e+00
9.882524113706478602e+03,3.861816714705271547e+00
9.882524131722168022e+03,3.861816723950770136e+00
9.882524149737859261e+03,3.861816733194482598e+00
9.882524167753548682e+03,3.861816742436407601e+00
9.882524185769239921e+03,3.861816751676547366e+00
9.882524203784929341e+03,3.861816760914900115e+00
9.882524221800620580e+03,3.861816770151466294e+00
9.882524239816311820e+03,3.861816779386246790e+00
9.882524257832001240e+03,3.861816788619239826e+00
9.882524275847692479e+03,3.861816797850446292e+00
9.882524293863381899e+03,3.861816807079866187e+00
9.882524311879073139e+03,3.861816816307499511e+00
9.882524329894762559e+03,3.861816825533345821e+00
9.882524347910453798e+03,3.861816834757406891e+00
9.882524365926145038e+03,3.861816843979680502e+00
9.882524383941834458e+03,3.861816853200167099e+00
9.882524401957525697e+03,3.861816862418867569e+00
9.882524419973215117e+03,3.861816871635780135e+00
9.882524437988906357e+03,3.861816880850907463e+00
9.882524456004595777e+03,3.861816890064247332e+00
9.882524474020287016e+03,3.861816899275800186e+00
9.882524492035978255e+03,3.861816908485567801e+00
9.882524510051667676e+03,3.861816917693546181e+00
9.882524528067358915e+03,3.861816926899739322e+00
9.882524546083048335e+03,3.861816936104145004e+00
9.882524564098739575e+03,3.861816945306763671e+00
9.882524582114428995e+03,3.861816954507594879e+00
9.882524600130120234e+03,3.861816963706640404e+00
9.882524618145811473e+03,3.861816972903898915e+00
9.882524636161500894e+03,3.861816982099369522e+00
9.882524654177192133e+03,3.861816991293054890e+00
9.882524672192881553e+03,3.861817000484951024e+00
9.882524690208572792e+03,3.861817009675061474e+00
9.882524708224262213e+03,3.861817018863384465e+00
9.882524726239953452e+03,3.861817028049920886e+00
9.882524744255644691e+03,3.861817037234669847e+00
9.882524762271334112e+03,3.861817046417631349e+00
9.882524780287025351e+03,3.861817055598806281e+00
9.882524798302714771e+03,3.861817064778193753e+00
9.882524816318406010e+03,3.861817073955793767e+00
9.882524834334095431e+03,3.861817083131607209e+00
9.882524852349786670e+03,3.861817092305633192e+00
9.882524870365477909e+03,3.861817101477872161e+00
9.882524888381167329e+03,3.861817110648323226e+00
9.882524906396858569e+03,3.861817119816988164e+00
9.882524924412547989e+03,3.861817128983864755e+00
9.882524942428239228e+03,3.861817138148954776e+00
9.882524960443928649e+03,3.861817147312256449e+00
9.882524978459619888e+03,3.861817156473771995e+00
9.882524996475311127e+03,3.861817165633500082e+00
9.882525014491000547e+03,3.861817174791439822e+00
9.882525032506691787e+03,3.861817183947592991e+00
9.882525050522381207e+03,3.861817193101957812e+00
9.882525068538072446e+03,3.861817202254535619e+00
9.882525086553761867e+03,3.861817211405325967e+00
9.882525104569453106e+03,3.861817220554329300e+00
9.882525122585144345e+03,3.861817229701545173e+00
9.882525140600833765e+03,3.861817238846972700e+00
9.882525158616525005e+03,3.861817247990613655e+00
9.882525176632214425e+03,3.861817257132466263e+00
9.882525194647905664e+03,3.861817266272531413e+00
9.882525212663595084e+03,3.861817275410808659e+00
9.882525230679286324e+03,3.861817284547299334e+00
9.882525248694977563e+03,3.861817293682002106e+00
9.882525266710666983e+03,3.861817302814916086e+00
9.882525284726358223e+03,3.861817311946043940e+00
9.882525302742047643e+03,3.861817321075383003e+00
9.882525320757738882e+03,3.861817330202934606e+00
9.882525338773428302e+03,3.861817339328697862e+00
9.882525356789119542e+03,3.861817348452674548e+00
9.882525374804808962e+03,3.861817357574862442e+00
9.882525392820500201e+03,3.861817366695263321e+00
9.882525410836191440e+03,3.861817375813875852e+00
9.882525428851880861e+03,3.861817384930700037e+00
9.882525446867572100e+03,3.861817394045737650e+00
9.882525464883261520e+03,3.861817403158986028e+00
9.882525482898952760e+03,3.861817412270447836e+00
9.882525500914642180e+03,3.861817421380120852e+00
9.882525518930333419e+03,3.861817430488006853e+00
9.882525536946024658e+03,3.861817439594103618e+00
9.882525554961714079e+03,3.861817448698412925e+00
9.882525572977405318e+03,3.861817457800934772e+00
9.882525590993094738e+03,3.861817466901667384e+00
9.882525609008785977e+03,3.861817476000613425e+00
9.882525627024475398e+03,3.861817485097769787e+00
9.882525645040166637e+03,3.861817494193138689e+00
9.882525663055857876e+03,3.861817503286721021e+00
9.882525681071547297e+03,3.861817512378512784e+00
9.882525699087238536e+03,3.861817521468517977e+00
9.882525717102927956e+03,3.861817530556734823e+00
9.882525735118619195e+03,3.861817539643163322e+00
9.882525753134308616e+03,3.861817548727803029e+00
9.882525771149999855e+03,3.861817557810654833e+00
9.882525789165691094e+03,3.861817566891719178e+00
9.882525807181380515e+03,3.861817575970994287e+00
9.882525825197071754e+03,3.861817585048481494e+00
9.882525843212761174e+03,3.861817594124180353e+00
9.882525861228452413e+03,3.861817603198090865e+00
9.882525879244141834e+03,3.861817612270213029e+00
9.882525897259833073e+03,3.861817621340547291e+00
9.882525915275524312e+03,3.861817630409092761e+00
9.882525933291213732e+03,3.861817639475849440e+00
9.882525951306904972e+03,3.861817648540818215e+00
9.882525969322594392e+03,3.861817657603997755e+00
9.882525987338285631e+03,3.861817666665389837e+00
9.882526005353975052e+03,3.861817675724993126e+00
9.882526023369666291e+03,3.861817684782808069e+00
9.882526041385357530e+03,3.861817693838835108e+00
9.882526059401046950e+03,3.861817702893071580e+00
9.882526077416738190e+03,3.861817711945521037e+00
9.882526095432427610e+03,3.861817720996181702e+00
9.882526113448118849e+03,3.861817730045053576e+00
9.882526131463808269e+03,3.861817739092136659e+00
9.882526149479499509e+03,3.861817748137431838e+00
9.882526167495190748e+03,3.861817757180937782e+00
9.882526185510880168e+03,3.861817766222655379e+00
9.882526203526571408e+03,3.861817775262583741e+00
9.882526221542260828e+03,3.861817784300723755e+00
9.882526239557952067e+03,3.861817793337074534e+00
9.882526257573641487e+03,3.861817802371636521e+00
9.882526275589332727e+03,3.861817811404411049e+00
9.882526293605023966e+03,3.861817820435396342e+00
9.882526311620713386e+03,3.861817829464591956e+00
9.882526329636404625e+03,3.861817838491999222e+00
9.882526347652094046e+03,3.861817847517617253e+00
9.882526365667785285e+03,3.861817856541447380e+00
9.882526383683474705e+03,3.861817865563486940e+00
9.882526401699165945e+03,3.861817874583739041e+00
9.882526419714857184e+03,3.861817883602201906e+00
9.882526437730546604e+03,3.861817892618875980e+00
9.882526455746237843e+03,3.861817901633760819e+00
9.882526473761927264e+03,3.861817910646855978e+00
9.882526491777618503e+03,3.861817919658163678e+00
9.882526509793307923e+03,3.861817928667680366e+00
9.882526527808999163e+03,3.861817937675409151e+00
9.882526545824690402e+03,3.861817946681349145e+00
9.882526563840379822e+03,3.861817955685499459e+00
9.882526581856071061e+03,3.861817964687860982e+00
9.882526599871760482e+03,3.861817973688433270e+00
9.882526617887451721e+03,3.861817982687216766e+00
9.882526635903141141e+03,3.861817991684210138e+00
9.882526653918832380e+03,3.861818000679414720e+00
9.882526671934523620e+03,3.861818009672831398e+00
9.882526689950213040e+03,3.861818018664456620e+00
9.882526707965904279e+03,3.861818027654294827e+00
9.882526725981593700e+03,3.861818036642342022e+00
9.882526743997284939e+03,3.861818045628600871e+00
9.882526762012974359e+03,3.861818054613069151e+00
9.882526780028665598e+03,3.861818063595749084e+00
9.882526798044356838e+03,3.861818072576640670e+00
9.882526816060046258e+03,3.861818081555741244e+00
9.882526834075737497e+03,3.861818090533053471e+00
9.882526852091426917e+03,3.861818099508574686e+00
9.882526870107118157e+03,3.861818108482308443e+00
9.882526888122807577e+03,3.861818117454251187e+00
9.882526906138498816e+03,3.861818126424406472e+00
9.882526924154190056e+03,3.861818135392770746e+00
9.882526942169879476e+03,3.861818144359345339e+00
9.882526960185570715e+03,3.861818153324131586e+00
9.882526978201260135e+03,3.861818162287126821e+00
9.882526996216951375e+03,3.861818171248333265e+00
9.882527014232640795e+03,3.861818180207749585e+00
9.882527032248332034e+03,3.861818189165377557e+00
9.882527050264023273e+03,3.861818198121214962e+00
9.882527068279712694e+03,3.861818207075263132e+00
9.882527086295403933e+03,3.861818216027521178e+00
9.882527104311093353e+03,3.861818224977989544e+00
9.882527122326784593e+03,3.861818233926668231e+00
9.882527140342474013e+03,3.861818242873557683e+00
9.882527158358165252e+03,3.861818251818657011e+00
9.882527176373856491e+03,3.861818260761967547e+00
9.882527194389545912e+03,3.861818269703486628e+00
9.882527212405237151e+03,3.861818278643217361e+00
9.882527230420926571e+03,3.861818287581157083e+00
9.882527248436617811e+03,3.861818296517308013e+00
9.882527266452307231e+03,3.861818305451667932e+00
9.882527284467998470e+03,3.861818314384238615e+00
9.882527302483689709e+03,3.861818323315020507e+00
9.882527320499379130e+03,3.861818332244010499e+00
9.882527338515070369e+03,3.861818341171212143e+00
9.882527356530759789e+03,3.861818350096622332e+00
9.882527374546451028e+03,3.861818359020244174e+00
9.882527392562140449e+03,3.861818367942074115e+00
9.882527410577831688e+03,3.861818376862115709e+00
9.882527428593522927e+03,3.861818385780367180e+00
9.882527446609212348e+03,3.861818394696827195e+00
9.882527464624903587e+03,3.861818403611498862e+00
9.882527482640593007e+03,3.861818412524379074e+00
9.882527500656284246e+03,3.861818421435470050e+00
9.882527518671973667e+03,3.861818430344770015e+00
9.882527536687664906e+03,3.861818439252280744e+00
9.882527554703356145e+03,3.861818448158001349e+00
9.882527572719045565e+03,3.861818457061931387e+00
9.882527590734736805e+03,3.861818465964071301e+00
9.882527608750426225e+03,3.861818474864420203e+00
9.882527626766117464e+03,3.861818483762980314e+00
9.882527644781806885e+03,3.861818492659748969e+00
9.882527662797498124e+03,3.861818501554727945e+00
9.882527680813189363e+03,3.861818510447916353e+00
9.882527698828878783e+03,3.861818519339314193e+00
9.882527716844570023e+03,3.861818528228922354e+00
9.882527734860259443e+03,3.861818537116739058e+00
9.882527752875950682e+03,3.861818546002766972e+00
9.882527770891640102e+03,3.861818554887002541e+00
9.882527788907331342e+03,3.861818563769449764e+00
9.882527806923022581e+03,3.861818572650105974e+00
9.882527824938712001e+03,3.861818581528970729e+00
9.882527842954403241e+03,3.861818590406046248e+00
9.882527860970092661e+03,3.861818599281329867e+00
9.882527878985783900e+03,3.861818608154824251e+00
9.882527897001473320e+03,3.861818617026527178e+00
9.882527915017164560e+03,3.861818625896439983e+00
9.882527933032855799e+03,3.861818634764562663e+00
9.882527951048545219e+03,3.861818643630893888e+00
9.882527969064236459e+03,3.861818652495434545e+00
9.882527987079925879e+03,3.861818661358184634e+00
9.882528005095617118e+03,3.861818670219145044e+00
9.882528023111306538e+03,3.861818679078313110e+00
9.882528041126997778e+03,3.861818687935691496e+00
9.882528059142687198e+03,3.861818696791278871e+00
9.882528077158378437e+03,3.861818705645076122e+00
9.882528095174069676e+03,3.861818714497082805e+00
9.882528113189759097e+03,3.861818723347297588e+00
9.882528131205450336e+03,3.861818732195722248e+00
9.882528149221139756e+03,3.861818741042355008e+00
9.882528167236830996e+03,3.861818749887198976e+00
9.882528185252520416e+03,3.861818758730250600e+00
9.882528203268211655e+03,3.861818767571511657e+00
9.882528221283902894e+03,3.861818776410983034e+00
9.882528239299592315e+03,3.861818785248661179e+00
9.882528257315283554e+03,3.861818794084550532e+00
9.882528275330972974e+03,3.861818802918647098e+00
9.882528293346664213e+03,3.861818811750954428e+00
9.882528311362353634e+03,3.861818820581468970e+00
9.882528329378044873e+03,3.861818829410194720e+00
9.882528347393736112e+03,3.861818838237127682e+00
9.882528365409425533e+03,3.861818847062270521e+00
9.882528383425116772e+03,3.861818855885621904e+00
9.882528401440806192e+03,3.861818864707181831e+00
9.882528419456497431e+03,3.861818873526951634e+00
9.882528437472186852e+03,3.861818882344929538e+00
9.882528455487878091e+03,3.861818891161116873e+00
9.882528473503569330e+03,3.861818899975513197e+00
9.882528491519258750e+03,3.861818908788117177e+00
9.882528509534949990e+03,3.861818917598931034e+00
9.882528527550639410e+03,3.861818926407952990e+00
9.882528545566330649e+03,3.861818935215184379e+00
9.882528563582020070e+03,3.861818944020623423e+00
9.882528581597711309e+03,3.861818952824272344e+00
9.882528599613402548e+03,3.861818961626130253e+00
9.882528617629091968e+03,3.861818970426195374e+00
9.882528635644783208e+03,3.861818979224470372e+00
9.882528653660472628e+03,3.861818988020952581e+00
9.882528671676163867e+03,3.861818996815645111e+00
9.882528689691853288e+03,3.861819005608545297e+00
9.882528707707544527e+03,3.861819014399654026e+00
9.882528725723235766e+03,3.861819023188972633e+00
9.882528743738925186e+03,3.861819031976498451e+00
9.882528761754616426e+03,3.861819040762233257e+00
9.882528779770305846e+03,3.861819049546176608e+00
9.882528797785997085e+03,3.861819058328328502e+00
9.882528815801686505e+03,3.861819067108688053e+00
9.882528833817377745e+03,3.861819075887257036e+00
9.882528851833068984e+03,3.861819084664034563e+00
9.882528869848758404e+03,3.861819093439020190e+00
9.882528887864449644e+03,3.861819102212213917e+00
9.882528905880139064e+03,3.861819110983615744e+00
9.882528923895830303e+03,3.861819119753227003e+00
9.882528941911519723e+03,3.861819128521045030e+00
9.882528959927210963e+03,3.861819137287073378e+00
9.882528977942902202e+03,3.861819146051308937e+00
9.882528995958591622e+03,3.861819154813752597e+00
9.882529013974282861e+03,3.861819163574405245e+00
9.882529031989972282e+03,3.861819172333265549e+00
9.882529050005663521e+03,3.861819181090334396e+00
9.882529068021352941e+03,3.861819189845610900e+00
9.882529086037044181e+03,3.861819198599096392e+00
9.882529104052735420e+03,3.861819207350789984e+00
9.882529122068424840e+03,3.861819216100690788e+00
9.882529140084116079e+03,3.861819224848801024e+00
9.882529158099805500e+03,3.861819233595118028e+00
9.882529176115496739e+03,3.861819242339644020e+00
9.882529194131186159e+03,3.861819251082377225e+00
9.882529212146877398e+03,3.861819259823319417e+00
9.882529230162568638e+03,3.861819268562470153e+00
9.882529248178258058e+03,3.861819277299827657e+00
9.882529266193949297e+03,3.861819286035393706e+00
9.882529284209638718e+03,3.861819294769167410e+00
9.882529302225329957e+03,3.861819303501149214e+00
9.882529320241019377e+03,3.861819312231338674e+00
9.882529338256710616e+03,3.861819320959736679e+00
9.882529356272401856e+03,3.861819329686343227e+00
9.882529374288091276e+03,3.861819338411155655e+00
9.882529392303782515e+03,3.861819347134177516e+00
9.882529410319471936e+03,3.861819355855406588e+00
9.882529428335163175e+03,3.861819364574844204e+00
9.882529446350852595e+03,3.861819373292488589e+00
9.882529464366543834e+03,3.861819382008341961e+00
9.882529482382235074e+03,3.861819390722402545e+00
9.882529500397924494e+03,3.861819399434670341e+00
9.882529518413615733e+03,3.861819408145146681e+00
9.882529536429305153e+03,3.861819416853829789e+00
9.882529554444996393e+03,3.861819425560721442e+00
9.882529572460685813e+03,3.861819434265819417e+00
9.882529590476377052e+03,3.861819442969126825e+00
9.882529608492068292e+03,3.861819451670641890e+00
9.882529626507757712e+03,3.861819460370362833e+00
9.882529644523448951e+03,3.861819469068292321e+00
9.882529662539138371e+03,3.861819477764429909e+00
9.882529680554829611e+03,3.861819486458774264e+00
9.882529698570519031e+03,3.861819495151326276e+00
9.882529716586210270e+03,3.861819503842085943e+00
9.882529734601901509e+03,3.861819512531054599e+00
9.882529752617590930e+03,3.861819521218228246e+00
9.882529770633282169e+03,3.861819529903611325e+00
9.882529788648971589e+03,3.861819538587200284e+00
9.882529806664662829e+03,3.861819547268997788e+00
9.882529824680352249e+03,3.861819555949001614e+00
9.882529842696043488e+03,3.861819564627213985e+00
9.882529860711734727e+03,3.861819573303633124e+00
9.882529878727424148e+03,3.861819581978259031e+00
9.882529896743115387e+03,3.861819590651093925e+00
9.882529914758804807e+03,3.861819599322134700e+00
9.882529932774496046e+03,3.861819607991383130e+00
9.882529950790185467e+03,3.861819616658838328e+00
9.882529968805876706e+03,3.861819625324502514e+00
9.882529986821567945e+03,3.861819633988373468e+00
9.882530004837257366e+03,3.861819642650450302e+00
9.882530022852948605e+03,3.861819651310734791e+00
9.882530040868638025e+03,3.861819659969226493e+00
9.882530058884329264e+03,3.861819668625926738e+00
9.882530076900018685e+03,3.861819677280831975e+00
9.882530094915709924e+03,3.861819685933945756e+00
9.882530112931401163e+03,3.861819694585266749e+00
9.882530130947090584e+03,3.861819703234793622e+00
9.882530148962781823e+03,3.861819711882529038e+00
9.882530166978471243e+03,3.861819720528469446e+00
9.882530184994162482e+03,3.861819729172618842e+00
9.882530203009851903e+03,3.861819737814974118e+00
9.882530221025543142e+03,3.861819746455537050e+00
9.882530239041234381e+03,3.861819755094307194e+00
9.882530257056923801e+03,3.861819763731283661e+00
9.882530275072615041e+03,3.861819772366467340e+00
9.882530293088304461e+03,3.861819780999857343e+00
9.882530311103995700e+03,3.861819789631455446e+00
9.882530329119685121e+03,3.861819798261258985e+00
9.882530347135376360e+03,3.861819806889270179e+00
9.882530365151067599e+03,3.861819815515489029e+00
9.882530383166757019e+03,3.861819824139913315e+00
9.882530401182448259e+03,3.861819832762545257e+00
9.882530419198137679e+03,3.861819841383383078e+00
9.882530437213828918e+03,3.861819850002429000e+00
9.882530455229518338e+03,3.861819858619679913e+00
9.882530473245209578e+03,3.861819867235139370e+00
9.882530491260900817e+03,3.861819875848804706e+00
9.882530509276590237e+03,3.861819884460676366e+00
9.882530527292281477e+03,3.861819893070755683e+00
9.882530545307970897e+03,3.861819901679040878e+00
9.882530563323662136e+03,3.861819910285533286e+00
9.882530581339351556e+03,3.861819918890231129e+00
9.882530599355042796e+03,3.861819927493136628e+00
9.882530617370734035e+03,3.861819936094248451e+00
9.882530635386423455e+03,3.861819944693566597e+00
9.882530653402114694e+03,3.861819953291092400e+00
9.882530671417804115e+03,3.861819961886823194e+00
9.882530689433495354e+03,3.861819970480761199e+00
9.882530707449184774e+03,3.861819979072905085e+00
9.882530725464876014e+03,3.861819987663256626e+00
9.882530743480565434e+03,3.861819996251813603e+00
9.882530761496256673e+03,3.861820004838577347e+00
9.882530779511947912e+03,3.861820013423547859e+00
9.882530797527637333e+03,3.861820022006724251e+00
9.882530815543328572e+03,3.861820030588106967e+00
9.882530833559017992e+03,3.861820039167696450e+00
9.882530851574709231e+03,3.861820047745492257e+00
9.882530869590398652e+03,3.861820056321493944e+00
9.882530887606089891e+03,3.861820064895702398e+00
9.882530905621781130e+03,3.861820073468116732e+00
9.882530923637470551e+03,3.861820082038737389e+00
9.882530941653161790e+03,3.861820090607564815e+00
9.882530959668851210e+03,3.861820099174597676e+00
9.882530977684542449e+03,3.861820107739837749e+00
9.882530995700231870e+03,3.861820116303282813e+00
9.882531013715923109e+03,3.861820124864935089e+00
9.882531031731614348e+03,3.861820133424793688e+00
9.882531049747303769e+03,3.861820141982856391e+00
9.882531067762995008e+03,3.861820150539126750e+00
9.882531085778684428e+03,3.861820159093603433e+00
9.882531103794375667e+03,3.861820167646285995e+00
9.882531121810065088e+03,3.861820176197173993e+00
9.882531139825756327e+03,3.861820184746268758e+00
9.882531157841447566e+03,3.861820193293569403e+00
9.882531175857136986e+03,3.861820201839075040e+00
9.882531193872828226e+03,3.861820210382787888e+00
9.882531211888517646e+03,3.861820218924705728e+00
9.882531229904208885e+03,3.861820227464830779e+00
9.882531247919898306e+03,3.861820236003160822e+00
9.882531265935589545e+03,3.861820244539697633e+00
9.882531283951280784e+03,3.861820253074439879e+00
9.882531301966970204e+03,3.861820261607387117e+00
9.882531319982661444e+03,3.861820270138541122e+00
9.882531337998350864e+03,3.861820278667900563e+00
9.882531356014042103e+03,3.861820287195465884e+00
9.882531374029731523e+03,3.861820295721237084e+00
9.882531392045422763e+03,3.861820304245214608e+00
9.882531410061114002e+03,3.861820312767397123e+00
9.882531428076803422e+03,3.861820321287785074e+00
9.882531446092494662e+03,3.861820329806379792e+00
9.882531464108184082e+03,3.861820338323179502e+00
9.882531482123875321e+03,3.861820346838185536e+00
9.882531500139564741e+03,3.861820355351396561e+00
9.882531518155255981e+03,3.861820363862813466e+00
9.882531536170947220e+03,3.861820372372436694e+00
9.882531554186636640e+03,3.861820380880264025e+00
9.882531572202327879e+03,3.861820389386298569e+00
9.882531590218017300e+03,3.861820397890537215e+00
9.882531608233708539e+03,3.861820406392981742e+00
9.882531626249397959e+03,3.861820414893631703e+00
9.882531644265089199e+03,3.861820423392488433e+00
9.882531662280780438e+03,3.861820431889550154e+00
9.882531680296469858e+03,3.861820440384816422e+00
9.882531698312161097e+03,3.861820448878288570e+00
9.882531716327850518e+03,3.861820457369966153e+00
9.882531734343541757e+03,3.861820465859849616e+00
9.882531752359231177e+03,3.861820474347938514e+00
9.882531770374922417e+03,3.861820482834231960e+00
9.882531788390613656e+03,3.861820491318732174e+00
9.882531806406303076e+03,3.861820499801436046e+00
9.882531824421994315e+03,3.861820508282346243e+00
9.882531842437683736e+03,3.861820516761461874e+00
9.882531860453374975e+03,3.861820525238782498e+00
9.882531878469064395e+03,3.861820533714308112e+00
9.882531896484755634e+03,3.861820542188039163e+00
9.882531914500446874e+03,3.861820550659976092e+00
9.882531932516136294e+03,3.861820559130117125e+00
9.882531950531827533e+03,3.861820567598464482e+00
9.882531968547516954e+03,3.861820576065015942e+00
9.882531986563208193e+03,3.861820584529773726e+00
9.882532004578897613e+03,3.861820592992734724e+00
9.882532022594588852e+03,3.861820601453902935e+00
9.882532040610280092e+03,3.861820609913276137e+00
9.882532058625969512e+03,3.861820618370852554e+00
9.882532076641660751e+03,3.861820626826636182e+00
9.882532094657350171e+03,3.861820635280623026e+00
9.882532112673041411e+03,3.861820643732816194e+00
9.882532130688730831e+03,3.861820652183213465e+00
9.882532148704422070e+03,3.861820660631817059e+00
9.882532166720113310e+03,3.861820669078624757e+00
9.882532184735802730e+03,3.861820677523637446e+00
9.882532202751493969e+03,3.861820685966855571e+00
9.882532220767183389e+03,3.861820694408276911e+00
9.882532238782874629e+03,3.861820702847905462e+00
9.882532256798564049e+03,3.861820711285737229e+00
9.882532274814255288e+03,3.861820719721774431e+00
9.882532292829946527e+03,3.861820728156017513e+00
9.882532310845635948e+03,3.861820736588462921e+00
9.882532328861327187e+03,3.861820745019115542e+00
9.882532346877016607e+03,3.861820753447971821e+00
9.882532364892707847e+03,3.861820761875032648e+00
9.882532382908397267e+03,3.861820770300298467e+00
9.882532400924088506e+03,3.861820778723769720e+00
9.882532418939779745e+03,3.861820787145445966e+00
9.882532436955469166e+03,3.861820795565324982e+00
9.882532454971160405e+03,3.861820803983410322e+00
9.882532472986849825e+03,3.861820812399700209e+00
9.882532491002541065e+03,3.861820820814194199e+00
9.882532509018230485e+03,3.861820829226892293e+00
9.882532527033921724e+03,3.861820837637796711e+00
9.882532545049612963e+03,3.861820846046904787e+00
9.882532563065302384e+03,3.861820854454216523e+00
9.882532581080993623e+03,3.861820862859735026e+00
9.882532599096683043e+03,3.861820871263455857e+00
9.882532617112374282e+03,3.861820879665382567e+00
9.882532635128063703e+03,3.861820888065512491e+00
9.882532653143754942e+03,3.861820896463848296e+00
9.882532671159446181e+03,3.861820904860387760e+00
9.882532689175135602e+03,3.861820913255131771e+00
9.882532707190826841e+03,3.861820921648080329e+00
9.882532725206516261e+03,3.861820930039232991e+00
9.882532743222207500e+03,3.861820938428591088e+00
9.882532761237896921e+03,3.861820946816151512e+00
9.882532779253588160e+03,3.861820955201917815e+00
9.882532797269279399e+03,3.861820963585888666e+00
9.882532815284968819e+03,3.861820971968063176e+00
9.882532833300660059e+03,3.861820980348442678e+00
9.882532851316349479e+03,3.861820988727025394e+00
9.882532869332040718e+03,3.861820997103812658e+00
9.882532887347730139e+03,3.861821005478804469e+00
9.882532905363421378e+03,3.861821013852001272e+00
9.882532923379112617e+03,3.861821022223401290e+00
9.882532941394802037e+03,3.861821030593004966e+00
9.882532959410493277e+03,3.861821038960813635e+00
9.882532977426182697e+03,3.861821047326825962e+00
9.882532995441873936e+03,3.861821055691043725e+00
9.882533013457563356e+03,3.861821064053463815e+00
9.882533031473254596e+03,3.861821072414088896e+00
9.882533049488945835e+03,3.861821080772918524e+00
9.882533067504635255e+03,3.861821089129951812e+00
9.882533085520326495e+03,3.861821097485188758e+00
9.882533103536015915e+03,3.861821105838629808e+00
9.882533121551707154e+03,3.861821114190275850e+00
9.882533139567396574e+03,3.861821122540124218e+00
9.882533157583087814e+03,3.861821130888178022e+00
9.882533175598779053e+03,3.861821139234435485e+00
9.882533193614468473e+03,3.861821147578896163e+00
9.882533211630159713e+03,3.861821155921560944e+00
9.882533229645849133e+03,3.861821164262429829e+00
9.882533247661540372e+03,3.861821172601503260e+00
9.882533265677229792e+03,3.861821180938778575e+00
9.882533283692921032e+03,3.861821189274260213e+00
9.882533301708610452e+03,3.861821197607943290e+00
9.882533319724301691e+03,3.861821205939832691e+00
9.882533337739992930e+03,3.861821214269924418e+00
9.882533355755682351e+03,3.861821222598219805e+00
9.882533373771373590e+03,3.861821230924719295e+00
9.882533391787063010e+03,3.861821239249422444e+00
9.882533409802754250e+03,3.861821247572328808e+00
9.882533427818443670e+03,3.861821255893439719e+00
9.882533445834134909e+03,3.861821264212753846e+00
9.882533463849826148e+03,3.861821272530271631e+00
9.882533481865515569e+03,3.861821280845993076e+00
9.882533499881206808e+03,3.861821289159918624e+00
9.882533517896896228e+03,3.861821297472046499e+00
9.882533535912587467e+03,3.861821305782379810e+00
9.882533553928276888e+03,3.861821314090915003e+00
9.882533571943968127e+03,3.861821322397654299e+00
9.882533589959659366e+03,3.861821330702598143e+00
9.882533607975348787e+03,3.861821339005744314e+00
9.882533625991040026e+03,3.861821347307094143e+00
9.882533644006729446e+03,3.861821355606647632e+00
9.882533662022420685e+03,3.861821363904405224e+00
9.882533680038110106e+03,3.861821372200364255e+00
9.882533698053801345e+03,3.861821380494528722e+00
9.882533716069492584e+03,3.861821388786896847e+00
9.882533734085182004e+03,3.861821397077466411e+00
9.882533752100873244e+03,3.861821405366240523e+00
9.882533770116562664e+03,3.861821413653217849e+00
9.882533788132253903e+03,3.861821421938398835e+00
9.882533806147943324e+03,3.861821430221782592e+00
9.882533824163634563e+03,3.861821438503369563e+00
9.882533842179325802e+03,3.861821446783160638e+00
9.882533860195015222e+03,3.861821455061154040e+00
9.882533878210706462e+03,3.861821463337351101e+00
9.882533896226395882e+03,3.861821471611751377e+00
9.882533914242087121e+03,3.861821479884354424e+00
9.882533932257776542e+03,3.861821488155161575e+00
9.882533950273467781e+03,3.861821496424171052e+00
9.882533968289159020e+03,3.861821504691385076e+00
9.882533986304848440e+03,3.861821512956800539e+00
9.882534004320539680e+03,3.861821521220419662e+00
9.882534022336229100e+03,3.861821529482241999e+00
9.882534040351920339e+03,3.861821537742267108e+00
9.882534058367609759e+03,3.861821546000495875e+00
9.882534076383300999e+03,3.861821554256927858e+00
9.882534094398992238e+03,3.861821562511562167e+00
9.882534112414681658e+03,3.861821570764399691e+00
9.882534130430372898e+03,3.861821579015440431e+00
9.882534148446062318e+03,3.861821587264683497e+00
9.882534166461753557e+03,3.861821595512130223e+00
9.882534184477442977e+03,3.861821603757778831e+00
9.882534202493134217e+03,3.861821612001631543e+00
9.882534220508825456e+03,3.861821620243687025e+00
9.882534238524514876e+03,3.861821628483944391e+00
9.882534256540206115e+03,3.861821636722405859e+00
9.882534274555895536e+03,3.861821644959069211e+00
9.882534292571586775e+03,3.861821653193936665e+00
9.882534310587276195e+03,3.861821661427005115e+00
9.882534328602967435e+03,3.861821669658277667e+00
9.882534346618658674e+03,3.861821677887752990e+00
9.882534364634348094e+03,3.861821686115430197e+00
9.882534382650039333e+03,3.861821694341311062e+00
9.882534400665728754e+03,3.861821702565394254e+00
9.882534418681419993e+03,3.861821710787679773e+00
9.882534436697109413e+03,3.861821719008168063e+00
9.882534454712800652e+03,3.861821727226860013e+00
9.882534472728491892e+03,3.861821735443754733e+00
9.882534490744181312e+03,3.861821743658850004e+00
9.882534508759872551e+03,3.861821751872149378e+00
9.882534526775561972e+03,3.861821760083651078e+00
9.882534544791253211e+03,3.861821768293355994e+00
9.882534562806942631e+03,3.861821776501261461e+00
9.882534580822633870e+03,3.861821784707371918e+00
9.882534598838325110e+03,3.861821792911684259e+00
9.882534616854014530e+03,3.861821801114198038e+00
9.882534634869705769e+03,3.861821809314915033e+00
9.882534652885395190e+03,3.861821817513833910e+00
9.882534670901086429e+03,3.861821825710956002e+00
9.882534688916775849e+03,3.861821833906279977e+00
9.882534706932467088e+03,3.861821842099807611e+00
9.882534724948158328e+03,3.861821850291536684e+00
9.882534742963847748e+03,3.861821858481467640e+00
9.882534760979538987e+03,3.861821866669602255e+00
9.882534778995228407e+03,3.861821874855937420e+00
9.882534797010919647e+03,3.861821883040476244e+00
9.882534815026609067e+03,3.861821891223216952e+00
9.882534833042300306e+03,3.861821899404159986e+00
9.882534851057991546e+03,3.861821907583305791e+00
9.882534869073680966e+03,3.861821915760653035e+00
9.882534887089372205e+03,3.861821923936203049e+00
9.882534905105061625e+03,3.861821932109954947e+00
9.882534923120752865e+03,3.861821940281909171e+00
9.882534941136442285e+03,3.861821948452065723e+00
9.882534959152133524e+03,3.861821956620424157e+00
9.882534977167824763e+03,3.861821964786985806e+00
9.882534995183514184e+03,3.861821972951748005e+00
9.882535013199205423e+03,3.861821981114712976e+00
9.882535031214894843e+03,3.861821989275879385e+00
9.882535049230586083e+03,3.861821997435249454e+00
9.882535067246275503e+03,3.861822005592819629e+00
9.882535085261966742e+03,3.861822013748593463e+00
9.882535103277657981e+03,3.861822021902569624e+00
9.882535121293347402e+03,3.861822030054745891e+00
9.882535139309038641e+03,3.861822038205125374e+00
9.882535157324728061e+03,3.861822046353705851e+00
9.882535175340419300e+03,3.861822054500489987e+00
9.882535193356108721e+03,3.861822062645474674e+00
9.882535211371799960e+03,3.861822070788661687e+00
9.882535229387491199e+03,3.861822078930051028e+00
9.882535247403180620e+03,3.861822087069641807e+00
9.882535265418871859e+03,3.861822095207434469e+00
9.882535283434561279e+03,3.861822103343428125e+00
9.882535301450252518e+03,3.861822111477625441e+00
9.882535319465941939e+03,3.861822119610022419e+00
9.882535337481633178e+03,3.861822127740623056e+00
9.882535355497324417e+03,3.861822135869425576e+00
9.882535373513013838e+03,3.861822143996427759e+00
9.882535391528705077e+03,3.861822152121633600e+00
9.882535409544394497e+03,3.861822160245040436e+00
9.882535427560085736e+03,3.861822168366649155e+00
9.882535445575775157e+03,3.861822176486459313e+00
9.882535463591466396e+03,3.861822184604471353e+00
9.882535481607157635e+03,3.861822192720685720e+00
9.882535499622847055e+03,3.861822200835100194e+00
9.882535517638538295e+03,3.861822208947717439e+00
9.882535535654227715e+03,3.861822217058535678e+00
9.882535553669918954e+03,3.861822225167555800e+00
9.882535571685608375e+03,3.861822233274777361e+00
9.882535589701299614e+03,3.861822241380200360e+00
9.882535607716990853e+03,3.861822249483825686e+00
9.882535625732680273e+03,3.861822257585650675e+00
9.882535643748371513e+03,3.861822265685679323e+00
9.882535661764060933e+03,3.861822273783908077e+00
9.882535679779752172e+03,3.861822281880338270e+00
9.882535697795441592e+03,3.861822289974970346e+00
9.882535715811132832e+03,3.861822298067803416e+00
9.882535733826824071e+03,3.861822306158839258e+00
9.882535751842513491e+03,3.861822314248074761e+00
9.882535769858204731e+03,3.861822322335513036e+00
9.882535787873894151e+03,3.861822330421151417e+00
9.882535805889585390e+03,3.861822338504992125e+00
9.882535823905274810e+03,3.861822346587033383e+00
9.882535841920966050e+03,3.861822354667275636e+00
9.882535859936657289e+03,3.861822362745720216e+00
9.882535877952346709e+03,3.861822370822365791e+00
9.882535895968037948e+03,3.861822378897212804e+00
9.882535913983727369e+03,3.861822386970259924e+00
9.882535931999418608e+03,3.861822395041509370e+00
9.882535950015108028e+03,3.861822403110959367e+00
9.882535968030799268e+03,3.861822411178610803e+00
9.882535986046488688e+03,3.861822419244462790e+00
9.882536004062179927e+03,3.861822427308517103e+00
9.882536022077871166e+03,3.861822435370771966e+00
9.882536040093560587e+03,3.861822443431227825e+00
9.882536058109251826e+03,3.861822451489884678e+00
9.882536076124941246e+03,3.861822459546742525e+00
9.882536094140632486e+03,3.861822467601801812e+00
9.882536112156321906e+03,3.861822475655062092e+00
9.882536130172013145e+03,3.861822483706523368e+00
9.882536148187704384e+03,3.861822491756186526e+00
9.882536166203393805e+03,3.861822499804048459e+00
9.882536184219085044e+03,3.861822507850113162e+00
9.882536202234774464e+03,3.861822515894377972e+00
9.882536220250465703e+03,3.861822523936843776e+00
9.882536238266155124e+03,3.861822531977510131e+00
9.882536256281846363e+03,3.861822540016378369e+00
9.882536274297537602e+03,3.861822548053447601e+00
9.882536292313227023e+03,3.861822556088716940e+00
9.882536310328918262e+03,3.861822564122186829e+00
9.882536328344607682e+03,3.861822572153857713e+00
9.882536346360298921e+03,3.861822580183729592e+00
9.882536364375988342e+03,3.861822588211802465e+00
9.882536382391679581e+03,3.861822596238076333e+00
9.882536400407370820e+03,3.861822604262550751e+00
9.882536418423060240e+03,3.861822612285225276e+00
9.882536436438751480e+03,3.861822620306101683e+00
9.882536454454440900e+03,3.861822628325177309e+00
9.882536472470132139e+03,3.861822636342454373e+00
9.882536490485821560e+03,3.861822644357931544e+00
9.882536508501512799e+03,3.861822652371610598e+00
9.882536526517204038e+03,3.861822660383489758e+00
9.882536544532893458e+03,3.861822668393569025e+00
9.882536562548584698e+03,3.861822676401849730e+00
9.882536580564274118e+03,3.861822684408329653e+00
9.882536598579965357e+03,3.861822692413011460e+00
9.882536616595654777e+03,3.861822700415893372e+00
9.882536634611346017e+03,3.861822708416975836e+00
9.882536652627037256e+03,3.861822716416258849e+00
9.882536670642726676e+03,3.861822724413742414e+00
9.882536688658417916e+03,3.861822732409426084e+00
9.882536706674107336e+03,3.861822740403309862e+00
9.882536724689798575e+03,3.861822748395395077e+00
9.882536742705487995e+03,3.861822756385679511e+00
9.882536760721179235e+03,3.861822764374166272e+00
9.882536778736870474e+03,3.861822772360851808e+00
9.882536796752559894e+03,3.861822780345737893e+00
9.882536814768251134e+03,3.861822788328824529e+00
9.882536832783940554e+03,3.861822796310110828e+00
9.882536850799631793e+03,3.861822804289599009e+00
9.882536868815321213e+03,3.861822812267285521e+00
9.882536886831012453e+03,3.861822820243173915e+00
9.882536904846703692e+03,3.861822828217262416e+00
9.882536922862393112e+03,3.861822836189550578e+00
9.882536940878084351e+03,3.861822844160039736e+00
9.882536958893773772e+03,3.861822852128727668e+00
9.882536976909465011e+03,3.861822860095617038e+00
9.882536994925154431e+03,3.861822868060706071e+00
9.882537012940845671e+03,3.861822876023995654e+00
9.882537030956536910e+03,3.861822883985484900e+00
9.882537048972226330e+03,3.861822891945174252e+00
9.882537066987917569e+03,3.861822899903064599e+00
9.882537085003606990e+03,3.861822907859153275e+00
9.882537103019298229e+03,3.861822915813443835e+00
9.882537121034987649e+03,3.861822923765933613e+00
9.882537139050678888e+03,3.861822931716623941e+00
9.882537157066370128e+03,3.861822939665513488e+00
9.882537175082059548e+03,3.861822947612603141e+00
9.882537193097750787e+03,3.861822955557893788e+00
9.882537211113440208e+03,3.861822963501382766e+00
9.882537229129131447e+03,3.861822971443073182e+00
9.882537247144820867e+03,3.861822979382962373e+00
9.882537265160512106e+03,3.861822987321052114e+00
9.882537283176203346e+03,3.861822995257341962e+00
9.882537301191892766e+03,3.861823003191831027e+00
9.882537319207584005e+03,3.861823011124521088e+00
9.882537337223273425e+03,3.861823019055409034e+00
9.882537355238964665e+03,3.861823026984499307e+00
9.882537373254654085e+03,3.861823034911786579e+00
9.882537391270345324e+03,3.861823042837275732e+00
9.882537409286036564e+03,3.861823050760964104e+00
9.882537427301725984e+03,3.861823058682851695e+00
9.882537445317417223e+03,3.861823066602940280e+00
9.882537463333106643e+03,3.861823074521227195e+00
9.882537481348797883e+03,3.861823082437714660e+00
9.882537499364487303e+03,3.861823090352401788e+00
9.882537517380178542e+03,3.861823098265288579e+00
9.882537535395869781e+03,3.861823106176375475e+00
9.882537553411559202e+03,3.861823114085660702e+00
9.882537571427250441e+03,3.861823121993146923e+00
9.882537589442939861e+03,3.861823129898831031e+00
9.882537607458631101e+03,3.861823137802715689e+00
9.882537625474320521e+03,3.861823145704800009e+00
9.882537643490011760e+03,3.861823153605083991e+00
9.882537661505702999e+03,3.861823161503567636e+00
9.882537679521392420e+03,3.861823169400250499e+00
9.882537697537083659e+03,3.861823177295132581e+00
9.882537715552773079e+03,3.861823185188213881e+00
9.882537733568464319e+03,3.861823193079495731e+00
9.882537751584153739e+03,3.861823200968976355e+00
9.882537769599844978e+03,3.861823208856656642e+00
9.882537787615536217e+03,3.861823216742536591e+00
9.882537805631225638e+03,3.861823224626615314e+00
9.882537823646916877e+03,3.861823232508893255e+00
9.882537841662606297e+03,3.861823240389370415e+00
9.882537859678297536e+03,3.861823248268048570e+00
9.882537877693986957e+03,3.861823256144924166e+00
9.882537895709678196e+03,3.861823264020000313e+00
9.882537913725369435e+03,3.861823271893275233e+00
9.882537931741058856e+03,3.861823279764748928e+00
9.882537949756750095e+03,3.861823287634423174e+00
9.882537967772439515e+03,3.861823295502295306e+00
9.882537985788130754e+03,3.861823303368367544e+00
9.882538003803820175e+03,3.861823311232638112e+00
9.882538021819511414e+03,3.861823319095108786e+00
9.882538039835202653e+03,3.861823326955778679e+00
9.882538057850892073e+03,3.861823334814646902e+00
9.882538075866583313e+03,3.861823342671714787e+00
9.882538093882272733e+03,3.861823350526981447e+00
9.882538111897963972e+03,3.861823358380448212e+00
9.882538129913653393e+03,3.861823366232112864e+00
9.882538147929344632e+03,3.861823374081976734e+00
9.882538165945035871e+03,3.861823381930041155e+00
9.882538183960725291e+03,3.861823389776302573e+00
9.882538201976416531e+03,3.861823397620764098e+00
9.882538219992105951e+03,3.861823405463423953e+00
9.882538238007797190e+03,3.861823413304283026e+00
9.882538256023486611e+03,3.861823421143341317e+00
9.882538274039177850e+03,3.861823428980598383e+00
9.882538292054869089e+03,3.861823436816055111e+00
9.882538310070558509e+03,3.861823444649709280e+00
9.882538328086249749e+03,3.861823452481564001e+00
9.882538346101939169e+03,3.861823460311616607e+00
9.882538364117630408e+03,3.861823468139867988e+00
9.882538382133319828e+03,3.861823475966318142e+00
9.882538400149011068e+03,3.861823483790967959e+00
9.882538418164702307e+03,3.861823491613816106e+00
9.882538436180391727e+03,3.861823499434862583e+00
9.882538454196082967e+03,3.861823507254108279e+00
9.882538472211772387e+03,3.861823515071552304e+00
9.882538490227463626e+03,3.861823522887196436e+00
9.882538508243153046e+03,3.861823530701037122e+00
9.882538526258844286e+03,3.861823538513078802e+00
9.882538544274535525e+03,3.861823546323317924e+00
9.882538562290224945e+03,3.861823554131755820e+00
9.882538580305916184e+03,3.861823561938392491e+00
9.882538598321605605e+03,3.861823569743227491e+00
9.882538616337296844e+03,3.861823577546261266e+00
9.882538634352986264e+03,3.861823585347493815e+00
9.882538652368677504e+03,3.861823593146925138e+00
9.882538670384366924e+03,3.861823600944554347e+00
9.882538688400058163e+03,3.861823608740383218e+00
9.882538706415749402e+03,3.861823616534409531e+00
9.882538724431438823e+03,3.861823624326634619e+00
9.882538742447130062e+03,3.861823632117058480e+00
9.882538760462819482e+03,3.861823639905680672e+00
9.882538778478510721e+03,3.861823647692501194e+00
9.882538796494200142e+03,3.861823655477520489e+00
9.882538814509891381e+03,3.861823663260738559e+00
9.882538832525582620e+03,3.861823671042154960e+00
9.882538850541272041e+03,3.861823678821768802e+00
9.882538868556963280e+03,3.861823686599581862e+00
9.882538886572652700e+03,3.861823694375592364e+00
9.882538904588343939e+03,3.861823702149802973e+00
9.882538922604033360e+03,3.861823709922210135e+00
9.882538940619724599e+03,3.861823717692816516e+00
9.882538958635415838e+03,3.861823725461620782e+00
9.882538976651105258e+03,3.861823733228623823e+00
9.882538994666796498e+03,3.861823740993825194e+00
9.882539012682485918e+03,3.861823748757224006e+00
9.882539030698177157e+03,3.861823756518822037e+00
9.882539048713866578e+03,3.861823764278616622e+00
9.882539066729557817e+03,3.861823772036610869e+00
9.882539084745249056e+03,3.861823779792803890e+00
9.882539102760938476e+03,3.861823787547193465e+00
9.882539120776629716e+03,3.861823795299781814e+00
9.882539138792319136e+03,3.861823803050568049e+00
9.882539156808010375e+03,3.861823810799553502e+00
9.882539174823699796e+03,3.861823818546735509e+00
9.882539192839391035e+03,3.861823826292116291e+00
9.882539210855082274e+03,3.861823834035695846e+00
9.882539228870771694e+03,3.861823841777472843e+00
9.882539246886462934e+03,3.861823849517447726e+00
9.882539264902152354e+03,3.861823857255619608e+00
9.882539282917843593e+03,3.861823864991991595e+00
9.882539300933533013e+03,3.861823872726559692e+00
9.882539318949224253e+03,3.861823880459327452e+00
9.882539336964915492e+03,3.861823888190292653e+00
9.882539354980604912e+03,3.861823895919453964e+00
9.882539372996296152e+03,3.861823903646815825e+00
9.882539391011985572e+03,3.861823911372373352e+00
9.882539409027676811e+03,3.861823919096130542e+00
9.882539427043366231e+03,3.861823926818083841e+00
9.882539445059057471e+03,3.861823934538236358e+00
9.882539463074748710e+03,3.861823942256587205e+00
9.882539481090438130e+03,3.861823949973134162e+00
9.882539499106129369e+03,3.861823957687879894e+00
9.882539517121818790e+03,3.861823965400823067e+00
9.882539535137510029e+03,3.861823973111964570e+00
9.882539553153199449e+03,3.861823980821302627e+00
9.882539571168890689e+03,3.861823988528839902e+00
9.882539589184581928e+03,3.861823996234574619e+00
9.882539607200271348e+03,3.861824003938505445e+00
9.882539625215962587e+03,3.861824011640635934e+00
9.882539643231652008e+03,3.861824019340962977e+00
9.882539661247343247e+03,3.861824027039487461e+00
9.882539679263032667e+03,3.861824034736210276e+00
9.882539697278723906e+03,3.861824042431130533e+00
9.882539715294415146e+03,3.861824050124248675e+00
9.882539733310104566e+03,3.861824057815563815e+00
9.882539751325795805e+03,3.861824065505077286e+00
9.882539769341485226e+03,3.861824073192786422e+00
9.882539787357176465e+03,3.861824080878694776e+00
9.882539805372865885e+03,3.861824088562800128e+00
9.882539823388557124e+03,3.861824096245103366e+00
9.882539841404248364e+03,3.861824103925604046e+00
9.882539859419937784e+03,3.861824111604301724e+00
9.882539877435629023e+03,3.861824119281197287e+00
9.882539895451318444e+03,3.861824126956289849e+00
9.882539913467009683e+03,3.861824134629579408e+00
9.882539931482699103e+03,3.861824142301066853e+00
9.882539949498390342e+03,3.861824149970752629e+00
9.882539967514081582e+03,3.861824157638634514e+00
9.882539985529771002e+03,3.861824165304713397e+00
9.882540003545462241e+03,3.861824172968991498e+00
9.882540021561151661e+03,3.861824180631465264e+00
9.882540039576842901e+03,3.861824188292136473e+00
9.882540057592532321e+03,3.861824195951005123e+00
9.882540075608223560e+03,3.861824203608071215e+00
9.882540093623914800e+03,3.861824211263334750e+00
9.882540111639604220e+03,3.861824218916794837e+00
9.882540129655295459e+03,3.861824226568452811e+00
9.882540147670984879e+03,3.861824234218307783e+00
9.882540165686676119e+03,3.861824241866359309e+00
9.882540183702365539e+03,3.861824249512608720e+00
9.882540201718056778e+03,3.861824257157055129e+00
9.882540219733748017e+03,3.861824264799699424e+00
9.882540237749437438e+03,3.861824272440539385e+00
9.882540255765128677e+03,3.861824280079577232e+00
9.882540273780818097e+03,3.861824287716811188e+00
9.882540291796509337e+03,3.861824295352243475e+00
9.882540309812198757e+03,3.861824302985871427e+00
9.882540327827889996e+03,3.861824310617697709e+00
9.882540345843581235e+03,3.861824318247720544e+00
9.882540363859270656e+03,3.861824325875939934e+00
9.882540381874961895e+03,3.861824333502357209e+00
9.882540399890651315e+03,3.861824341126970594e+00
9.882540417906342554e+03,3.861824348749781866e+00
9.882540435922031975e+03,3.861824356370788358e+00
9.882540453937723214e+03,3.861824363989993625e+00
9.882540471953414453e+03,3.861824371607395445e+00
9.882540489969103874e+03,3.861824379222993375e+00
9.882540507984795113e+03,3.861824386836788303e+00
9.882540526000484533e+03,3.861824394448779785e+00
9.882540544016175772e+03,3.861824402058969152e+00
9.882540562031865193e+03,3.861824409667354630e+00
9.882540580047556432e+03,3.861824417273936660e+00
9.882540598063247671e+03,3.861824424878716577e+00
9.882540616078937092e+03,3.861824432481691716e+00
9.882540634094628331e+03,3.861824440082864740e+00
9.882540652110317751e+03,3.861824447682233874e+00
9.882540670126008990e+03,3.861824455279800006e+00
9.882540688141698411e+03,3.861824462875561803e+00
9.882540706157389650e+03,3.861824470469521930e+00
9.882540724173080889e+03,3.861824478061678612e+00
9.882540742188770309e+03,3.861824485652030514e+00
9.882540760204461549e+03,3.861824493240580303e+00
9.882540778220150969e+03,3.861824500827326201e+00
9.882540796235842208e+03,3.861824508412268209e+00
9.882540814251531629e+03,3.861824515995407214e+00
9.882540832267222868e+03,3.861824523576743662e+00
9.882540850282914107e+03,3.861824531156275775e+00
9.882540868298603527e+03,3.861824538734003553e+00
9.882540886314294767e+03,3.861824546309929662e+00
9.882540904329984187e+03,3.861824553884050992e+00
9.882540922345675426e+03,3.861824561456369320e+00
9.882540940361364846e+03,3.861824569026883758e+00
9.882540958377056086e+03,3.861824576595594305e+00
9.882540976392747325e+03,3.861824584162502738e+00
9.882540994408436745e+03,3.861824591727605949e+00
9.882541012424127985e+03,3.861824599290906601e+00
9.882541030439817405e+03,3.861824606852403363e+00
9.882541048455508644e+03,3.861824614412096235e+00
9.882541066471198064e+03,3.861824621969985216e+00
9.882541084486889304e+03,3.861824629526071195e+00
9.882541102502580543e+03,3.861824637080353284e+00
9.882541120518269963e+03,3.861824644632831038e+00
9.882541138533961202e+03,3.861824652183506235e+00
9.882541156549650623e+03,3.861824659732376208e+00
9.882541174565341862e+03,3.861824667279444068e+00
9.882541192581031282e+03,3.861824674824706261e+00
9.882541210596722522e+03,3.861824682368166339e+00
9.882541228612411942e+03,3.861824689909822084e+00
9.882541246628103181e+03,3.861824697449673049e+00
9.882541264643794420e+03,3.861824704987722345e+00
9.882541282659483841e+03,3.861824712523965974e+00
9.882541300675175080e+03,3.861824720058406157e+00
9.882541318690864500e+03,3.861824727591042450e+00
9.882541336706555740e+03,3.861824735121874852e+00
9.882541354722245160e+03,3.861824742650902476e+00
9.882541372737936399e+03,3.861824750178127541e+00
9.882541390753627638e+03,3.861824757703548716e+00
9.882541408769317059e+03,3.861824765227165113e+00
9.882541426785008298e+03,3.861824772748978063e+00
9.882541444800697718e+03,3.861824780268986235e+00
9.882541462816388957e+03,3.861824787787190960e+00
9.882541480832078378e+03,3.861824795303591351e+00
9.882541498847769617e+03,3.861824802818188296e+00
9.882541516863460856e+03,3.861824810330980906e+00
9.882541534879150277e+03,3.861824817841968738e+00
9.882541552894841516e+03,3.861824825351154011e+00
9.882541570910530936e+03,3.861824832858533174e+00
9.882541588926222175e+03,3.861824840364109779e+00
9.882541606941911596e+03,3.861824847867881161e+00
9.882541624957602835e+03,3.861824855369849097e+00
9.882541642973294074e+03,3.861824862870013142e+00
9.882541660988983494e+03,3.861824870368371965e+00
9.882541679004674734e+03,3.861824877864926897e+00
9.882541697020364154e+03,3.861824885359677495e+00
9.882541715036055393e+03,3.861824892852625091e+00
9.882541733051744814e+03,3.861824900343766576e+00
9.882541751067436053e+03,3.861824907833105058e+00
9.882541769083127292e+03,3.861824915320639207e+00
9.882541787098816712e+03,3.861824922806368132e+00
9.882541805114507952e+03,3.861824930290293612e+00
9.882541823130197372e+03,3.861824937772413424e+00
9.882541841145888611e+03,3.861824945252730235e+00
9.882541859161578031e+03,3.861824952731242266e+00
9.882541877177269271e+03,3.861824960207949964e+00
9.882541895192960510e+03,3.861824967682853327e+00
9.882541913208649930e+03,3.861824975155951911e+00
9.882541931224341170e+03,3.861824982627246605e+00
9.882541949240030590e+03,3.861824990096735633e+00
9.882541967255721829e+03,3.861824997564421214e+00
9.882541985271411249e+03,3.861825005030301572e+00
9.882542003287102489e+03,3.861825012494378928e+00
9.882542021302793728e+03,3.861825019956650618e+00
9.882542039318483148e+03,3.861825027417117528e+00
9.882542057334174388e+03,3.861825034875780105e+00
9.882542075349863808e+03,3.861825042332638347e+00
9.882542093365555047e+03,3.861825049787691810e+00
9.882542111381244467e+03,3.861825057240940939e+00
9.882542129396935707e+03,3.861825064692385734e+00
9.882542147412626946e+03,3.861825072142025306e+00
9.882542165428316366e+03,3.861825079589859655e+00
9.882542183444007605e+03,3.861825087035890114e+00
9.882542201459697026e+03,3.861825094480115794e+00
9.882542219475388265e+03,3.861825101922536696e+00
9.882542237491077685e+03,3.861825109363152819e+00
9.882542255506768925e+03,3.861825116801964164e+00
9.882542273522460164e+03,3.861825124238971618e+00
9.882542291538149584e+03,3.861825131674172518e+00
9.882542309553840823e+03,3.861825139107569971e+00
9.882542327569530244e+03,3.861825146539161757e+00
9.882542345585221483e+03,3.861825153968949653e+00
9.882542363600910903e+03,3.861825161396931883e+00
9.882542381616602142e+03,3.861825168823110221e+00
9.882542399632293382e+03,3.861825176247483782e+00
9.882542417647982802e+03,3.861825183670050787e+00
9.882542435663674041e+03,3.861825191090814791e+00
9.882542453679363462e+03,3.861825198509772683e+00
9.882542471695054701e+03,3.861825205926926241e+00
9.882542489710744121e+03,3.861825213342274132e+00
9.882542507726435360e+03,3.861825220755817245e+00
9.882542525742126600e+03,3.861825228167556467e+00
9.882542543757816020e+03,3.861825235577488691e+00
9.882542561773507259e+03,3.861825242985617912e+00
9.882542579789196679e+03,3.861825250391941022e+00
9.882542597804887919e+03,3.861825257796459354e+00
9.882542615820577339e+03,3.861825265199172463e+00
9.882542633836268578e+03,3.861825272600080794e+00
9.882542651851959818e+03,3.861825279999184346e+00
9.882542669867649238e+03,3.861825287396481787e+00
9.882542687883340477e+03,3.861825294791974894e+00
9.882542705899029897e+03,3.861825302185661890e+00
9.882542723914721137e+03,3.861825309577544107e+00
9.882542741930410557e+03,3.861825316967621102e+00
9.882542759946101796e+03,3.861825324355893763e+00
9.882542777961793036e+03,3.861825331742360756e+00
9.882542795977482456e+03,3.861825339127022527e+00
9.882542813993173695e+03,3.861825346509879076e+00
9.882542832008863115e+03,3.861825353890929513e+00
9.882542850024554355e+03,3.861825361270176060e+00
9.882542868040243775e+03,3.861825368647616052e+00
9.882542886055935014e+03,3.861825376023251266e+00
9.882542904071626253e+03,3.861825383397081701e+00
9.882542922087315674e+03,3.861825390769105582e+00
9.882542940103006913e+03,3.861825398139325571e+00
9.882542958118696333e+03,3.861825405507739006e+00
9.882542976134387573e+03,3.861825412874347663e+00
9.882542994150076993e+03,3.861825420239150652e+00
9.882543012165768232e+03,3.861825427602148419e+00
9.882543030181459471e+03,3.861825434963340964e+00
9.882543048197148892e+03,3.861825442322727842e+00
9.882543066212840131e+03,3.861825449680309497e+00
9.882543084228529551e+03,3.861825457036085041e+00
9.882543102244220790e+03,3.861825464390055362e+00
9.882543120259910211e+03,3.861825471742220017e+00
9.882543138275601450e+03,3.861825479092579450e+00
9.882543156291292689e+03,3.861825486441132771e+00
9.882543174306982110e+03,3.861825493787881314e+00
9.882543192322673349e+03,3.861825501132823746e+00
9.882543210338362769e+03,3.861825508475960067e+00
9.882543228354054008e+03,3.861825515817292054e+00
9.882543246369743429e+03,3.861825523156817486e+00
9.882543264385434668e+03,3.861825530494537695e+00
9.882543282401125907e+03,3.861825537830453126e+00
9.882543300416815327e+03,3.861825545164561113e+00
9.882543318432506567e+03,3.861825552496864322e+00
9.882543336448195987e+03,3.861825559827360976e+00
9.882543354463887226e+03,3.861825567156052852e+00
9.882543372479576647e+03,3.861825574482938173e+00
9.882543390495267886e+03,3.861825581808019159e+00
9.882543408510959125e+03,3.861825589131293590e+00
9.882543426526648545e+03,3.861825596452761911e+00
9.882543444542339785e+03,3.861825603772425008e+00
9.882543462558029205e+03,3.861825611090281107e+00
9.882543480573720444e+03,3.861825618406333316e+00
9.882543498589409865e+03,3.861825625720577637e+00
9.882543516605101104e+03,3.861825633033017624e+00
9.882543534620792343e+03,3.861825640343651056e+00
9.882543552636481763e+03,3.861825647652478377e+00
9.882543570652173003e+03,3.861825654959500476e+00
9.882543588667862423e+03,3.861825662264716019e+00
9.882543606683553662e+03,3.861825669568125452e+00
9.882543624699243082e+03,3.861825676869728774e+00
9.882543642714934322e+03,3.861825684169527317e+00
9.882543660730625561e+03,3.861825691467519750e+00
9.882543678746314981e+03,3.861825698763705184e+00
9.882543696762006221e+03,3.861825706058084950e+00
9.882543714777695641e+03,3.861825713350658607e+00
9.882543732793386880e+03,3.861825720641426152e+00
9.882543750809076300e+03,3.861825727930388030e+00
9.882543768824767540e+03,3.861825735217543798e+00
9.882543786840458779e+03,3.861825742502893455e+00
9.882543804856148199e+03,3.861825749786436113e+00
9.882543822871839438e+03,3.861825757068173104e+00
9.882543840887528859e+03,3.861825764348104428e+00
9.882543858903220098e+03,3.861825771626229198e+00
9.882543876918909518e+03,3.861825778902547412e+00
9.882543894934600758e+03,3.861825786177060849e+00
9.882543912950290178e+03,3.861825793449765953e+00
9.882543930965981417e+03,3.861825800720666280e+00
9.882543948981672656e+03,3.861825807989760939e+00
9.882543966997362077e+03,3.861825815257047267e+00
9.882543985013053316e+03,3.861825822522528817e+00
9.882544003028742736e+03,3.861825829786203812e+00
9.882544021044433975e+03,3.861825837048072696e+00
9.882544039060123396e+03,3.861825844308134581e+00
9.882544057075814635e+03,3.861825851566390355e+00
9.882544075091505874e+03,3.861825858822840463e+00
9.882544093107195295e+03,3.861825866077482683e+00
9.882544111122886534e+03,3.861825873330320125e+00
9.882544129138575954e+03,3.861825880581349679e+00
9.882544147154267193e+03,3.861825887830574011e+00
9.882544165169956614e+03,3.861825895077991344e+00
9.882544183185647853e+03,3.861825902323602122e+00
9.882544201201339092e+03,3.861825909567407233e+00
9.882544219217028513e+03,3.861825916809404902e+00
9.882544237232719752e+03,3.861825924049596903e+00
9.882544255248409172e+03,3.861825931287981462e+00
9.882544273264100411e+03,3.861825938524559909e+00
9.882544291279789832e+03,3.861825945759331358e+00
9.882544309295481071e+03,3.861825952992297140e+00
9.882544327311172310e+03,3.861825960223456367e+00
9.882544345326861730e+03,3.861825967452808595e+00
9.882544363342552970e+03,3.861825974680354268e+00
9.882544381358242390e+03,3.861825981906092942e+00
9.882544399373933629e+03,3.861825989130025061e+00
9.882544417389623050e+03,3.861825996352150625e+00
9.882544435405314289e+03,3.861826003572469190e+00
9.882544453421005528e+03,3.861826010790982089e+00
9.882544471436694948e+03,3.861826018007687100e+00
9.882544489452386188e+03,3.861826025222586001e+00
9.882544507468075608e+03,3.861826032435678346e+00
9.882544525483766847e+03,3.861826039646963693e+00
9.882544543499456267e+03,3.861826046856441152e+00
9.882544561515147507e+03,3.861826054064113833e+00
9.882544579530838746e+03,3.861826061269979071e+00
9.882544597546528166e+03,3.861826068474036866e+00
9.882544615562219406e+03,3.861826075676288106e+00
9.882544633577908826e+03,3.861826082876732791e+00
9.882544651593600065e+03,3.861826090075370477e+00
9.882544669609289485e+03,3.861826097272200276e+00
9.882544687624980725e+03,3.861826104467224408e+00
9.882544705640671964e+03,3.861826111660441541e+00
9.882544723656361384e+03,3.861826118851850786e+00
9.882544741672052623e+03,3.861826126041454366e+00
9.882544759687742044e+03,3.861826133229250502e+00
9.882544777703433283e+03,3.861826140415239195e+00
9.882544795719122703e+03,3.861826147599421333e+00
9.882544813734813943e+03,3.861826154781796028e+00
9.882544831750505182e+03,3.861826161962364612e+00
9.882544849766194602e+03,3.861826169141125309e+00
9.882544867781885841e+03,3.861826176318079451e+00
9.882544885797575262e+03,3.861826183493225706e+00
9.882544903813266501e+03,3.861826190666566294e+00
9.882544921828955921e+03,3.861826197838098107e+00
9.882544939844647160e+03,3.861826205007823809e+00
9.882544957860338400e+03,3.861826212175742956e+00
9.882544975876027820e+03,3.861826219341853328e+00
9.882544993891719059e+03,3.861826226506158033e+00
9.882545011907408480e+03,3.861826233668654851e+00
9.882545029923099719e+03,3.861826240829344226e+00
9.882545047938789139e+03,3.861826247988226601e+00
9.882545065954480378e+03,3.861826255145301978e+00
9.882545083970171618e+03,3.861826262300570800e+00
9.882545101985861038e+03,3.861826269454030847e+00
9.882545120001552277e+03,3.861826276605684338e+00
9.882545138017241698e+03,3.861826283755529943e+00
9.882545156032932937e+03,3.861826290903569436e+00
9.882545174048622357e+03,3.861826298049800599e+00
9.882545192064313596e+03,3.861826305194225206e+00
9.882545210080004836e+03,3.861826312336842815e+00
9.882545228095694256e+03,3.861826319477651648e+00
9.882545246111385495e+03,3.861826326616653926e+00
9.882545264127074915e+03,3.861826333753848317e+00
9.882545282142766155e+03,3.861826340889235709e+00
9.882545300158455575e+03,3.861826348022815214e+00
9.882545318174146814e+03,3.861826355154588164e+00
9.882545336189838054e+03,3.861826362284552783e+00
9.882545354205527474e+03,3.861826369412710402e+00
9.882545372221218713e+03,3.861826376539060579e+00
9.882545390236908133e+03,3.861826383663601980e+00
9.882545408252599373e+03,3.861826390786337715e+00
9.882545426268288793e+03,3.861826397907264674e+00
9.882545444283980032e+03,3.861826405026385078e+00
9.882545462299671271e+03,3.861826412143697596e+00
9.882545480315360692e+03,3.861826419259201781e+00
9.882545498331051931e+03,3.861826426372898968e+00
9.882545516346741351e+03,3.861826433484788268e+00
9.882545534362432591e+03,3.861826440594870125e+00
9.882545552378122011e+03,3.861826447703144094e+00
9.882545570393813250e+03,3.861826454809610620e+00
9.882545588409504489e+03,3.861826461914270592e+00
9.882545606425193910e+03,3.861826469017120456e+00
9.882545624440885149e+03,3.861826476118164209e+00
9.882545642456574569e+03,3.861826483217399630e+00
9.882545660472265808e+03,3.861826490314828053e+00
9.882545678487955229e+03,3.861826497410447256e+00
9.882545696503646468e+03,3.861826504504259905e+00
9.882545714519337707e+03,3.861826511596265110e+00
9.882545732535027128e+03,3.861826518686461540e+00
9.882545750550718367e+03,3.861826525774851415e+00
9.882545768566407787e+03,3.861826532861431627e+00
9.882545786582099026e+03,3.861826539946205727e+00
9.882545804597788447e+03,3.861826547029170609e+00
9.882545822613479686e+03,3.861826554110328491e+00
9.882545840629170925e+03,3.861826561189678042e+00
9.882545858644860346e+03,3.861826568267220150e+00
9.882545876660551585e+03,3.861826575342954371e+00
9.882545894676241005e+03,3.861826582416878928e+00
9.882545912691932244e+03,3.861826589488997818e+00
9.882545930707621665e+03,3.861826596559307045e+00
9.882545948723312904e+03,3.861826603627808829e+00
9.882545966739004143e+03,3.861826610694504058e+00
9.882545984754693563e+03,3.861826617759389180e+00
9.882546002770384803e+03,3.861826624822467302e+00
9.882546020786074223e+03,3.861826631883736649e+00
9.882546038801765462e+03,3.861826638943198997e+00
9.882546056817454883e+03,3.861826646000852126e+00
9.882546074833146122e+03,3.861826653056698255e+00
9.882546092848837361e+03,3.861826660110736054e+00
9.882546110864526781e+03,3.861826667162964188e+00
9.882546128880218021e+03,3.861826674213385768e+00
9.882546146895907441e+03,3.861826681261998573e+00
9.882546164911598680e+03,3.861826688308803934e+00
9.882546182927288100e+03,3.861826695353800076e+00
9.882546200942979340e+03,3.861826702396988775e+00
9.882546218958670579e+03,3.861826709438369587e+00
9.882546236974359999e+03,3.861826716477941179e+00
9.882546254990051239e+03,3.861826723515704884e+00
9.882546273005740659e+03,3.861826730551660702e+00
9.882546291021431898e+03,3.861826737585807745e+00
9.882546309037121318e+03,3.861826744618146456e+00
9.882546327052812558e+03,3.861826751648677281e+00
9.882546345068503797e+03,3.861826758677399773e+00
9.882546363084193217e+03,3.861826765704313047e+00
9.882546381099884456e+03,3.861826772729419321e+00
9.882546399115573877e+03,3.861826779752715932e+00
9.882546417131265116e+03,3.861826786774205100e+00
9.882546435146954536e+03,3.861826793793885049e+00
9.882546453162645776e+03,3.861826800811757110e+00
9.882546471178337015e+03,3.861826807827821284e+00
9.882546489194026435e+03,3.861826814842075795e+00
9.882546507209717674e+03,3.861826821854522862e+00
9.882546525225407095e+03,3.861826828865160710e+00
9.882546543241098334e+03,3.861826835873990227e+00
9.882546561256787754e+03,3.861826842881010968e+00
9.882546579272478994e+03,3.861826849886224267e+00
9.882546597288168414e+03,3.861826856889627013e+00
9.882546615303859653e+03,3.861826863891223205e+00
9.882546633319550892e+03,3.861826870891010621e+00
9.882546651335240313e+03,3.861826877888987930e+00
9.882546669350931552e+03,3.861826884885158684e+00
9.882546687366620972e+03,3.861826891879518886e+00
9.882546705382312211e+03,3.861826898872072089e+00
9.882546723398001632e+03,3.861826905862815185e+00
9.882546741413692871e+03,3.861826912851750837e+00
9.882546759429384110e+03,3.861826919838877714e+00
9.882546777445073531e+03,3.861826926824195372e+00
9.882546795460764770e+03,3.861826933807704254e+00
9.882546813476454190e+03,3.861826940789403917e+00
9.882546831492145429e+03,3.861826947769295693e+00
9.882546849507834850e+03,3.861826954747378249e+00
9.882546867523526089e+03,3.861826961723653362e+00
9.882546885539217328e+03,3.861826968698118812e+00
9.882546903554906748e+03,3.861826975670774598e+00
9.882546921570597988e+03,3.861826982641622052e+00
9.882546939586287408e+03,3.861826989610661176e+00
9.882546957601978647e+03,3.861826996577890636e+00
9.882546975617668068e+03,3.861827003543311765e+00
9.882546993633359307e+03,3.861827010506924118e+00
9.882547011649050546e+03,3.861827017468728140e+00
9.882547029664739966e+03,3.861827024428722055e+00
9.882547047680431206e+03,3.861827031386908082e+00
9.882547065696120626e+03,3.861827038343283558e+00
9.882547083711811865e+03,3.861827045297852035e+00
9.882547101727501285e+03,3.861827052250609515e+00
9.882547119743192525e+03,3.861827059201559997e+00
9.882547137758883764e+03,3.861827066150700816e+00
9.882547155774573184e+03,3.861827073098031970e+00
9.882547173790264424e+03,3.861827080043554794e+00
9.882547191805953844e+03,3.861827086987268398e+00
9.882547209821645083e+03,3.861827093929173227e+00
9.882547227837334503e+03,3.861827100869267948e+00
9.882547245853025743e+03,3.861827107807553894e+00
9.882547263868716982e+03,3.861827114744031508e+00
9.882547281884406402e+03,3.861827121678699459e+00
9.882547299900097642e+03,3.861827128611558635e+00
9.882547317915787062e+03,3.861827135542607703e+00
9.882547335931478301e+03,3.861827142471848440e+00
9.882547353947167721e+03,3.861827149399279957e+00
9.882547371962858961e+03,3.861827156324902255e+00
9.882547389978550200e+03,3.861827163248715777e+00
9.882547407994239620e+03,3.861827170170718748e+00
9.882547426009930859e+03,3.861827177090914720e+00
9.882547444025620280e+03,3.861827184009298808e+00
9.882547462041311519e+03,3.861827190925875009e+00
9.882547480057000939e+03,3.861827197840641546e+00
9.882547498072692179e+03,3.861827204753599307e+00
9.882547516088383418e+03,3.861827211664747850e+00
9.882547534104072838e+03,3.861827218574086285e+00
9.882547552119764077e+03,3.861827225481616388e+00
9.882547570135453498e+03,3.861827232387335940e+00
9.882547588151144737e+03,3.861827239291246716e+00
9.882547606166834157e+03,3.861827246193347385e+00
9.882547624182525396e+03,3.861827253093639722e+00
9.882547642198216636e+03,3.861827259992122396e+00
9.882547660213906056e+03,3.861827266888795407e+00
9.882547678229597295e+03,3.861827273783658310e+00
9.882547696245286716e+03,3.861827280676711993e+00
9.882547714260977955e+03,3.861827287567957345e+00
9.882547732276667375e+03,3.861827294457391702e+00
9.882547750292358614e+03,3.861827301345018171e+00
9.882547768308049854e+03,3.861827308230834088e+00
9.882547786323739274e+03,3.861827315114840342e+00
9.882547804339430513e+03,3.861827321997037821e+00
9.882547822355119933e+03,3.861827328877424748e+00
9.882547840370811173e+03,3.861827335756002455e+00
9.882547858386500593e+03,3.861827342632770055e+00
9.882547876402191832e+03,3.861827349507728879e+00
9.882547894417883072e+03,3.861827356380878484e+00
9.882547912433572492e+03,3.861827363252217094e+00
9.882547930449263731e+03,3.861827370121746927e+00
9.882547948464953151e+03,3.861827376989466654e+00
9.882547966480644391e+03,3.861827383855377160e+00
9.882547984496333811e+03,3.861827390719477116e+00
9.882548002512025050e+03,3.861827397581768295e+00
9.882548020527716290e+03,3.861827404442249811e+00
9.882548038543405710e+03,3.861827411300920776e+00
9.882548056559096949e+03,3.861827418157782521e+00
9.882548074574786369e+03,3.861827425012833714e+00
9.882548092590477609e+03,3.861827431866075688e+00
9.882548110606167029e+03,3.861827438717507111e+00
9.882548128621858268e+03,3.861827445567130646e+00
9.882548146637549507e+03,3.861827452414943185e+00
9.882548164653238928e+03,3.861827459260945172e+00
9.882548182668930167e+03,3.861827466105138384e+00
9.882548200684619587e+03,3.861827472947520601e+00
9.882548218700310827e+03,3.861827479788094042e+00
9.882548236716000247e+03,3.861827486626856487e+00
9.882548254731691486e+03,3.861827493463809713e+00
9.882548272747382725e+03,3.861827500298953275e+00
9.882548290763072146e+03,3.861827507132286286e+00
9.882548308778763385e+03,3.861827513963809189e+00
9.882548326794452805e+03,3.861827520793522428e+00
9.882548344810144044e+03,3.861827527621425560e+00
9.882548362825833465e+03,3.861827534447518140e+00
9.882548380841524704e+03,3.861827541271801945e+00
9.882548398857215943e+03,3.861827548094274754e+00
9.882548416872905364e+03,3.861827554914937455e+00
9.882548434888596603e+03,3.861827561733790493e+00
9.882548452904286023e+03,3.861827568550833423e+00
9.882548470919977262e+03,3.861827575366066245e+00
9.882548488935666683e+03,3.861827582179488516e+00
9.882548506951357922e+03,3.861827588991100679e+00
9.882548524967049161e+03,3.861827595800903179e+00
9.882548542982738581e+03,3.861827602608895127e+00
9.882548560998429821e+03,3.861827609415077411e+00
9.882548579014119241e+03,3.861827616219448256e+00
9.882548597029810480e+03,3.861827623022010325e+00
9.882548615045499901e+03,3.861827629822761399e+00
9.882548633061191140e+03,3.861827636621702808e+00
9.882548651076882379e+03,3.861827643418833667e+00
9.882548669092571799e+03,3.861827650214153529e+00
9.882548687108263039e+03,3.861827657007664172e+00
9.882548705123952459e+03,3.861827663799363375e+00
9.882548723139643698e+03,3.861827670589253358e+00
9.882548741155333119e+03,3.861827677377332346e+00
9.882548759171024358e+03,3.861827684163600782e+00
9.882548777186715597e+03,3.861827690948059999e+00
9.882548795202405017e+03,3.861827697730707332e+00
9.882548813218096257e+03,3.861827704511545001e+00
9.882548831233785677e+03,3.861827711290572562e+00
9.882548849249476916e+03,3.861827718067789128e+00
9.882548867265166336e+03,3.861827724843195586e+00
9.882548885280857576e+03,3.861827731616791493e+00
9.882548903296548815e+03,3.861827738388578179e+00
9.882548921312238235e+03,3.861827745158552538e+00
9.882548939327929475e+03,3.861827751926716790e+00
9.882548957343618895e+03,3.861827758693070045e+00
9.882548975359310134e+03,3.861827765457614081e+00
9.882548993374999554e+03,3.861827772220346677e+00
9.882549011390690794e+03,3.861827778981269166e+00
9.882549029406382033e+03,3.861827785740381547e+00
9.882549047422071453e+03,3.861827792497682488e+00
9.882549065437762692e+03,3.861827799253173321e+00
9.882549083453452113e+03,3.861827806006852271e+00
9.882549101469143352e+03,3.861827812758722001e+00
9.882549119484832772e+03,3.861827819508780291e+00
9.882549137500524012e+03,3.861827826257029361e+00
9.882549155516215251e+03,3.861827833003466548e+00
9.882549173531904671e+03,3.861827839748093183e+00
9.882549191547595910e+03,3.861827846490908822e+00
9.882549209563285331e+03,3.861827853231914354e+00
9.882549227578976570e+03,3.861827859971108445e+00
9.882549245594665990e+03,3.861827866708491985e+00
9.882549263610357229e+03,3.861827873444065418e+00
9.882549281626046650e+03,3.861827880177827410e+00
9.882549299641737889e+03,3.861827886909778851e+00
9.882549317657429128e+03,3.861827893639919740e+00
9.882549335673118549e+03,3.861827900368248745e+00
9.882549353688809788e+03,3.861827907094768086e+00
9.882549371704499208e+03,3.861827913819475988e+00
9.882549389720190447e+03,3.861827920542373782e+00
9.882549407735879868e+03,3.861827927263459692e+00
9.882549425751571107e+03,3.861827933982735050e+00
9.882549443767262346e+03,3.861827940700199413e+00
9.882549461782951767e+03,3.861827947415852780e+00
9.882549479798643006e+03,3.861827954129696039e+00
9.882549497814332426e+03,3.861827960841726970e+00
9.882549515830023665e+03,3.861827967551948682e+00
9.882549533845713086e+03,3.861827974260357621e+00
9.882549551861404325e+03,3.861827980966956897e+00
9.882549569877095564e+03,3.861827987671744733e+00
9.882549587892784984e+03,3.861827994374721129e+00
9.882549605908476224e+03,3.861828001075886974e+00
9.882549623924165644e+03,3.861828007775241378e+00
9.882549641939856883e+03,3.861828014472785231e+00
9.882549659955546304e+03,3.861828021168517200e+00
9.882549677971237543e+03,3.861828027862438173e+00
9.882549695986928782e+03,3.861828034554548594e+00
9.882549714002618202e+03,3.861828041244847132e+00
9.882549732018309442e+03,3.861828047933335561e+00
9.882549750033998862e+03,3.861828054620012107e+00
9.882549768049690101e+03,3.861828061304878101e+00
9.882549786065379521e+03,3.861828067987932656e+00
9.882549804081070761e+03,3.861828074669175770e+00
9.882549822096762000e+03,3.861828081348607444e+00
9.882549840112451420e+03,3.861828088026228567e+00
9.882549858128142660e+03,3.861828094702038250e+00
9.882549876143832080e+03,3.861828101376036049e+00
9.882549894159523319e+03,3.861828108048222852e+00
9.882549912175212739e+03,3.861828114718598215e+00
9.882549930190903979e+03,3.861828121387162582e+00
9.882549948206595218e+03,3.861828128053915954e+00
9.882549966222284638e+03,3.861828134718857441e+00
9.882549984237975877e+03,3.861828141381987489e+00
9.882550002253665298e+03,3.861828148043306985e+00
9.882550020269356537e+03,3.861828154702815041e+00
9.882550038285045957e+03,3.861828161360510325e+00
9.882550056300737197e+03,3.861828168016395058e+00
9.882550074316428436e+03,3.861828174670468794e+00
9.882550092332117856e+03,3.861828181322731091e+00
9.882550110347809095e+03,3.861828187973181503e+00
9.882550128363498516e+03,3.861828194621819588e+00
9.882550146379189755e+03,3.861828201268647565e+00
9.882550164394879175e+03,3.861828207913663213e+00
9.882550182410570415e+03,3.861828214556868755e+00
9.882550200426261654e+03,3.861828221198261524e+00
9.882550218441951074e+03,3.861828227837842853e+00
9.882550236457642313e+03,3.861828234475612298e+00
9.882550254473331734e+03,3.861828241111570748e+00
9.882550272489022973e+03,3.861828247745717313e+00
9.882550290504712393e+03,3.861828254378051994e+00
9.882550308520403632e+03,3.861828261008576124e+00
9.882550326536094872e+03,3.861828267637288814e+00
9.882550344551784292e+03,3.861828274264188288e+00
9.882550362567475531e+03,3.861828280889277654e+00
9.882550380583164952e+03,3.861828287512553803e+00
9.882550398598856191e+03,3.861828294134019401e+00
9.882550416614545611e+03,3.861828300753672671e+00
9.882550434630236850e+03,3.861828307371514946e+00
9.882550452645928090e+03,3.861828313987544892e+00
9.882550470661617510e+03,3.861828320601763398e+00
9.882550488677308749e+03,3.861828327214169576e+00
9.882550506692998169e+03,3.861828333824764314e+00
9.882550524708689409e+03,3.861828340433547169e+00
9.882550542724378829e+03,3.861828347040518583e+00
9.882550560740070068e+03,3.861828353645678114e+00
9.882550578755761308e+03,3.861828360249026204e+00
9.882550596771450728e+03,3.861828366850561522e+00
9.882550614787141967e+03,3.861828373450285845e+00
9.882550632802831387e+03,3.861828380048197396e+00
9.882550650818522627e+03,3.861828386644297950e+00
9.882550668834212047e+03,3.861828393238585289e+00
9.882550686849903286e+03,3.861828399831062519e+00
9.882550704865594525e+03,3.861828406421726978e+00
9.882550722881283946e+03,3.861828413010578664e+00
9.882550740896975185e+03,3.861828419597620243e+00
9.882550758912664605e+03,3.861828426182847718e+00
9.882550776928355845e+03,3.861828432766265085e+00
9.882550794944045265e+03,3.861828439347868791e+00
9.882550812959736504e+03,3.861828445927661502e+00
9.882550830975427743e+03,3.861828452505642328e+00
9.882550848991117164e+03,3.861828459081810827e+00
9.882550867006808403e+03,3.861828465656166998e+00
9.882550885022497823e+03,3.861828472228710840e+00
9.882550903038189062e+03,3.861828478799443687e+00
9.882550921053878483e+03,3.861828485368363761e+00
9.882550939069569722e+03,3.861828491935471508e+00
9.882550957085260961e+03,3.861828498500767815e+00
9.882550975100950382e+03,3.861828505064250905e+00
9.882550993116641621e+03,3.861828511625922999e+00
9.882551011132331041e+03,3.861828518185782322e+00
9.882551029148022280e+03,3.861828524743829760e+00
9.882551047163711701e+03,3.861828531300064427e+00
9.882551065179402940e+03,3.861828537854486765e+00
9.882551083195094179e+03,3.861828544407098107e+00
9.882551101210783600e+03,3.861828550957896233e+00
9.882551119226474839e+03,3.861828557506882476e+00
9.882551137242164259e+03,3.861828564054055501e+00
9.882551155257855498e+03,3.861828570599417532e+00
9.882551173273544919e+03,3.861828577142966346e+00
9.882551191289236158e+03,3.861828583684703720e+00
9.882551209304927397e+03,3.861828590224627877e+00
9.882551227320616817e+03,3.861828596762740151e+00
9.882551245336308057e+03,3.861828603299040541e+00
9.882551263351997477e+03,3.861828609833527270e+00
9.882551281367688716e+03,3.861828616366202560e+00
9.882551299383378137e+03,3.861828622897064189e+00
9.882551317399069376e+03,3.861828629426115267e+00
9.882551335414760615e+03,3.861828635953353128e+00
9.882551353430450035e+03,3.861828642478778217e+00
9.882551371446141275e+03,3.861828649002391423e+00
9.882551389461830695e+03,3.861828655524191412e+00
9.882551407477521934e+03,3.861828662044179961e+00
9.882551425493211354e+03,3.861828668562354405e+00
9.882551443508902594e+03,3.861828675078717854e+00
9.882551461524593833e+03,3.861828681593268531e+00
9.882551479540283253e+03,3.861828688106006435e+00
9.882551497555974493e+03,3.861828694616931568e+00
9.882551515571663913e+03,3.861828701126043928e+00
9.882551533587355152e+03,3.861828707633343960e+00
9.882551551603044572e+03,3.861828714138831664e+00
9.882551569618735812e+03,3.861828720642507040e+00
9.882551587634427051e+03,3.861828727144369644e+00
9.882551605650116471e+03,3.861828733644418588e+00
9.882551623665807710e+03,3.861828740142655647e+00
9.882551641681497131e+03,3.861828746639079935e+00
9.882551659697188370e+03,3.861828753133691006e+00
9.882551677712877790e+03,3.861828759626489749e+00
9.882551695728569030e+03,3.861828766117476164e+00
9.882551713744260269e+03,3.861828772606650251e+00
9.882551731759949689e+03,3.861828779094011121e+00
9.882551749775640928e+03,3.861828785579559220e+00
9.882551767791330349e+03,3.861828792063293658e+00
9.882551785807021588e+03,3.861828798545216657e+00
9.882551803822711008e+03,3.861828805025325551e+00
9.882551821838402248e+03,3.861828811503622116e+00
9.882551839854091668e+03,3.861828817980106354e+00
9.882551857869782907e+03,3.861828824454777376e+00
9.882551875885474146e+03,3.861828830927635625e+00
9.882551893901163567e+03,3.861828837398681102e+00
9.882551911916854806e+03,3.861828843867913807e+00
9.882551929932544226e+03,3.861828850335332852e+00
9.882551947948235465e+03,3.861828856800940013e+00
9.882551965963924886e+03,3.861828863264733513e+00
9.882551983979616125e+03,3.861828869726714686e+00
9.882552001995307364e+03,3.861828876186882198e+00
9.882552020010996785e+03,3.861828882645237382e+00
9.882552038026688024e+03,3.861828889101779350e+00
9.882552056042377444e+03,3.861828895556507657e+00
9.882552074058068683e+03,3.861828902009424080e+00
9.882552092073758104e+03,3.861828908460525955e+00
9.882552110089449343e+03,3.861828914909816834e+00
9.882552128105140582e+03,3.861828921357293609e+00
9.882552146120830002e+03,3.861828927802957168e+00
9.882552164136521242e+03,3.861828934246807510e+00
9.882552182152210662e+03,3.861828940688844636e+00
9.882552200167901901e+03,3.861828947129069434e+00
9.882552218183591322e+03,3.861828953567480127e+00
9.882552236199282561e+03,3.861828960004078493e+00
9.882552254214973800e+03,3.861828966438864086e+00
9.882552272230663220e+03,3.861828972871835131e+00
9.882552290246354460e+03,3.861828979302993847e+00
9.882552308262043880e+03,3.861828985732339348e+00
9.882552326277735119e+03,3.861828992159872076e+00
9.882552344293424540e+03,3.861828998585590256e+00
9.882552362309115779e+03,3.861829005009496107e+00
9.882552380324807018e+03,3.861829011431589187e+00
9.882552398340496438e+03,3.861829017851868162e+00
9.882552416356187678e+03,3.861829024270333921e+00
9.882552434371877098e+03,3.861829030686986020e+00
9.882552452387568337e+03,3.861829037101826234e+00
9.882552470403257757e+03,3.861829043514852344e+00
9.882552488418948997e+03,3.861829049926065238e+00
9.882552506434640236e+03,3.861829056335464028e+00
9.882552524450329656e+03,3.861829062743049601e+00
9.882552542466020896e+03,3.861829069148823290e+00
9.882552560481710316e+03,3.861829075552781543e+00
9.882552578497401555e+03,3.861829081954927467e+00
9.882552596513090975e+03,3.861829088355260176e+00
9.882552614528782215e+03,3.861829094753778779e+00
9.882552632544473454e+03,3.861829101150485055e+00
9.882552650560162874e+03,3.861829107545376338e+00
9.882552668575854113e+03,3.861829113938454849e+00
9.882552686591543534e+03,3.861829120329720144e+00
9.882552704607234773e+03,3.861829126719172223e+00
9.882552722622924193e+03,3.861829133106809753e+00
9.882552740638615433e+03,3.861829139492634511e+00
9.882552758654306672e+03,3.861829145876645608e+00
9.882552776669996092e+03,3.861829152258843045e+00
9.882552794685687331e+03,3.861829158639226822e+00
9.882552812701376752e+03,3.861829165017796939e+00
9.882552830717067991e+03,3.861829171394552951e+00
9.882552848732757411e+03,3.861829177769495747e+00
9.882552866748448650e+03,3.861829184142625770e+00
9.882552884764139890e+03,3.861829190513941690e+00
9.882552902779829310e+03,3.861829196883443505e+00
9.882552920795520549e+03,3.861829203251132547e+00
9.882552938811209970e+03,3.861829209617006597e+00
9.882552956826901209e+03,3.861829215981067875e+00
9.882552974842590629e+03,3.861829222343315049e+00
9.882552992858281868e+03,3.861829228703749006e+00
9.882553010873973108e+03,3.861829235062368415e+00
9.882553028889662528e+03,3.861829241419174608e+00
9.882553046905353767e+03,3.861829247774167584e+00
9.882553064921043187e+03,3.861829254127345123e+00
9.882553082936734427e+03,3.861829260478710779e+00
9.882553100952423847e+03,3.861829266828260998e+00
9.882553118968115086e+03,3.861829273175998445e+00
9.882553136983806326e+03,3.861829279521922231e+00
9.882553154999495746e+03,3.861829285866031025e+00
9.882553173015186985e+03,3.861829292208327047e+00
9.882553191030876405e+03,3.861829298548808076e+00
9.882553209046567645e+03,3.861829304887476333e+00
9.882553227062257065e+03,3.861829311224330041e+00
9.882553245077948304e+03,3.861829317559370089e+00
9.882553263093639544e+03,3.861829323892596477e+00
9.882553281109328964e+03,3.861829330224008316e+00
9.882553299125020203e+03,3.861829336553606051e+00
9.882553317140709623e+03,3.861829342881389682e+00
9.882553335156400863e+03,3.861829349207360540e+00
9.882553353172090283e+03,3.861829355531516850e+00
9.882553371187781522e+03,3.861829361853859055e+00
9.882553389203472761e+03,3.861829368174387156e+00
9.882553407219162182e+03,3.861829374493100708e+00
9.882553425234853421e+03,3.861829380810001044e+00
9.882553443250542841e+03,3.861829387125086388e+00
9.882553461266234081e+03,3.861829393438358959e+00
9.882553479281923501e+03,3.861829399749815650e+00
9.882553497297614740e+03,3.861829406059460013e+00
9.882553515313305979e+03,3.861829412367289383e+00
9.882553533328995400e+03,3.861829418673304648e+00
9.882553551344686639e+03,3.861829424977506253e+00
9.882553569360376059e+03,3.861829431279892866e+00
9.882553587376067298e+03,3.861829437580466262e+00
9.882553605391756719e+03,3.861829443879223778e+00
9.882553623407447958e+03,3.861829450176168965e+00
9.882553641423139197e+03,3.861829456471299160e+00
9.882553659438828618e+03,3.861829462764615251e+00
9.882553677454519857e+03,3.861829469056117237e+00
9.882553695470209277e+03,3.861829475345804230e+00
9.882553713485900516e+03,3.861829481633677119e+00
9.882553731501589937e+03,3.861829487919735904e+00
9.882553749517281176e+03,3.861829494203981028e+00
9.882553767532972415e+03,3.861829500486411160e+00
9.882553785548661835e+03,3.861829506767027187e+00
9.882553803564353075e+03,3.861829513045829110e+00
9.882553821580042495e+03,3.861829519322816040e+00
9.882553839595733734e+03,3.861829525597988866e+00
9.882553857611423155e+03,3.861829531871346699e+00
9.882553875627114394e+03,3.861829538142890872e+00
9.882553893642805633e+03,3.861829544412620940e+00
9.882553911658495053e+03,3.861829550680536016e+00
9.882553929674186293e+03,3.861829556946637432e+00
9.882553947689875713e+03,3.861829563210922966e+00
9.882553965705566952e+03,3.861829569473395285e+00
9.882553983721256373e+03,3.861829575734052167e+00
9.882554001736947612e+03,3.861829581992894944e+00
9.882554019752638851e+03,3.861829588249923617e+00
9.882554037768328271e+03,3.861829594505136853e+00
9.882554055784019511e+03,3.861829600758536429e+00
9.882554073799708931e+03,3.861829607010120569e+00
9.882554091815400170e+03,3.861829613259890603e+00
9.882554109831089590e+03,3.861829619507846534e+00
9.882554127846780830e+03,3.861829625753987916e+00
9.882554145862472069e+03,3.861829631998313861e+00
9.882554163878161489e+03,3.861829638240825258e+00
9.882554181893852729e+03,3.861829644481522994e+00
9.882554199909542149e+03,3.861829650720405294e+00
9.882554217925233388e+03,3.861829656957473045e+00
9.882554235940922808e+03,3.861829663192725359e+00
9.882554253956614048e+03,3.861829669426164013e+00
9.882554271972305287e+03,3.861829675657788119e+00
9.882554289987994707e+03,3.861829681887597232e+00
9.882554308003685946e+03,3.861829688115591352e+00
9.882554326019375367e+03,3.861829694341770924e+00
9.882554344035066606e+03,3.861829700566135060e+00
9.882554362050756026e+03,3.861829706788685090e+00
9.882554380066447266e+03,3.861829713009421017e+00
9.882554398082138505e+03,3.861829719228341951e+00
9.882554416097827925e+03,3.861829725445447004e+00
9.882554434113519164e+03,3.861829731660737952e+00
9.882554452129208585e+03,3.861829737874213020e+00
9.882554470144899824e+03,3.861829744085874871e+00
9.882554488160589244e+03,3.861829750295720398e+00
9.882554506176280483e+03,3.861829756503751820e+00
9.882554524191969904e+03,3.861829762709968250e+00
9.882554542207661143e+03,3.861829768914370131e+00
9.882554560223352382e+03,3.861829775116956576e+00
9.882554578239041803e+03,3.861829781317728472e+00
9.882554596254733042e+03,3.861829787516684931e+00
9.882554614270422462e+03,3.861829793713825953e+00
9.882554632286113701e+03,3.861829799909153316e+00
9.882554650301803122e+03,3.861829806102664353e+00
9.882554668317494361e+03,3.861829812294361730e+00
9.882554686333185600e+03,3.861829818484244115e+00
9.882554704348875021e+03,3.861829824672310618e+00
9.882554722364566260e+03,3.861829830858561685e+00
9.882554740380255680e+03,3.861829837042998648e+00
9.882554758395946919e+03,3.861829843225620174e+00
9.882554776411636340e+03,3.861829849406426707e+00
9.882554794427327579e+03,3.861829855585418247e+00
9.882554812443018818e+03,3.861829861762594351e+00
9.882554830458708238e+03,3.861829867937955463e+00
9.882554848474399478e+03,3.861829874111501582e+00
9.882554866490088898e+03,3.861829880283232264e+00
9.882554884505780137e+03,3.861829886453148397e+00
9.882554902521469558e+03,3.861829892621248650e+00
9.882554920537160797e+03,3.861829898787533910e+00
9.882554938552852036e+03,3.861829904952004622e+00
9.882554956568541456e+03,3.861829911114659009e+00
9.882554974584232696e+03,3.861829917275499291e+00
9.882554992599922116e+03,3.861829923434522804e+00
9.882555010615613355e+03,3.861829929591732213e+00
9.882555028631302775e+03,3.861829935747126186e+00
9.882555046646994015e+03,3.861829941900704277e+00
9.882555064662685254e+03,3.861829948052468264e+00
9.882555082678374674e+03,3.861829954202415927e+00
9.882555100694065914e+03,3.861829960350549040e+00
9.882555118709755334e+03,3.861829966496865829e+00
9.882555136725446573e+03,3.861829972641368514e+00
9.882555154741135993e+03,3.861829978784054429e+00
9.882555172756827233e+03,3.861829984924925796e+00
9.882555190772518472e+03,3.861829991063982170e+00
9.882555208788207892e+03,3.861829997201221776e+00
9.882555226803899131e+03,3.861830003336647277e+00
9.882555244819588552e+03,3.861830009470256453e+00
9.882555262835279791e+03,3.861830015602051080e+00
9.882555280850969211e+03,3.861830021732029383e+00
9.882555298866660451e+03,3.861830027860193137e+00
9.882555316882351690e+03,3.861830033986540567e+00
9.882555334898041110e+03,3.861830040111072559e+00
9.882555352913732349e+03,3.861830046233789560e+00
9.882555370929421770e+03,3.861830052354690679e+00
9.882555388945113009e+03,3.861830058473776806e+00
9.882555406960802429e+03,3.861830064591046163e+00
9.882555424976493669e+03,3.861830070706500528e+00
9.882555442992184908e+03,3.861830076820140345e+00
9.882555461007874328e+03,3.861830082931962949e+00
9.882555479023565567e+03,3.861830089041971004e+00
9.882555497039254988e+03,3.861830095150162734e+00
9.882555515054946227e+03,3.861830101256539471e+00
9.882555533070635647e+03,3.861830107361100328e+00
9.882555551086326886e+03,3.861830113463845304e+00
9.882555569102018126e+03,3.861830119564775288e+00
9.882555587117707546e+03,3.861830125663888502e+00
9.882555605133398785e+03,3.861830131761187168e+00
9.882555623149088206e+03,3.861830137856668621e+00
9.882555641164779445e+03,3.861830143950335525e+00
9.882555659180468865e+03,3.861830150042186549e+00
9.882555677196160104e+03,3.861830156132221692e+00
9.882555695211851344e+03,3.861830162220441842e+00
9.882555713227540764e+03,3.861830168306845223e+00
9.882555731243232003e+03,3.861830174391432724e+00
9.882555749258921423e+03,3.861830180474204788e+00
9.882555767274612663e+03,3.861830186555161415e+00
9.882555785290302083e+03,3.861830192634300829e+00
9.882555803305993322e+03,3.861830198711625695e+00
9.882555821321684562e+03,3.861830204787134679e+00
9.882555839337373982e+03,3.861830210860826895e+00
9.882555857353065221e+03,3.861830216932705007e+00
9.882555875368754641e+03,3.861830223002765017e+00
9.882555893384445881e+03,3.861830229071010478e+00
9.882555911400135301e+03,3.861830235137439615e+00
9.882555929415826540e+03,3.861830241202052427e+00
9.882555947431517779e+03,3.861830247264849802e+00
9.882555965447207200e+03,3.861830253325831297e+00
9.882555983462898439e+03,3.861830259384997355e+00
9.882556001478587859e+03,3.861830265442345755e+00
9.882556019494279099e+03,3.861830271497879163e+00
9.882556037509968519e+03,3.861830277551596247e+00
9.882556055525659758e+03,3.861830283603498337e+00
9.882556073541350997e+03,3.861830289653583659e+00
9.882556091557040418e+03,3.861830295701852211e+00
9.882556109572731657e+03,3.861830301748305772e+00
9.882556127588421077e+03,3.861830307792942563e+00
9.882556145604112317e+03,3.861830313835763917e+00
9.882556163619801737e+03,3.861830319876768058e+00
9.882556181635492976e+03,3.861830325915956763e+00
9.882556199651184215e+03,3.861830331953329587e+00
9.882556217666873636e+03,3.861830337988885642e+00
9.882556235682564875e+03,3.861830344022626704e+00
9.882556253698254295e+03,3.861830350054549665e+00
9.882556271713945534e+03,3.861830356084658078e+00
9.882556289729634955e+03,3.861830362112949278e+00
9.882556307745326194e+03,3.861830368139425484e+00
9.882556325761017433e+03,3.861830374164084922e+00
9.882556343776706854e+03,3.861830380186927592e+00
9.882556361792398093e+03,3.861830386207954824e+00
9.882556379808087513e+03,3.861830392227164843e+00
9.882556397823778752e+03,3.861830398244558538e+00
9.882556415839468173e+03,3.861830404260135907e+00
9.882556433855159412e+03,3.861830410273898284e+00
9.882556451870850651e+03,3.861830416285843892e+00
9.882556469886540071e+03,3.861830422295971843e+00
9.882556487902231311e+03,3.861830428304285245e+00
9.882556505917920731e+03,3.861830434310780547e+00
9.882556523933611970e+03,3.861830440315460855e+00
9.882556541949301391e+03,3.861830446318323506e+00
9.882556559964992630e+03,3.861830452319371165e+00
9.882556577980683869e+03,3.861830458318602499e+00
9.882556595996373289e+03,3.861830464316015732e+00
9.882556614012064529e+03,3.861830470311613528e+00
9.882556632027753949e+03,3.861830476305395443e+00
9.882556650043445188e+03,3.861830482297359701e+00
9.882556668059134608e+03,3.861830488287508079e+00
9.882556686074825848e+03,3.861830494275840131e+00
9.882556704090517087e+03,3.861830500262355859e+00
9.882556722106206507e+03,3.861830506247053485e+00
9.882556740121897747e+03,3.861830512229937007e+00
9.882556758137587167e+03,3.861830518211002428e+00
9.882556776153278406e+03,3.861830524190251523e+00
9.882556794168967826e+03,3.861830530167684294e+00
9.882556812184659066e+03,3.861830536143299852e+00
9.882556830200350305e+03,3.861830542117099974e+00
9.882556848216039725e+03,3.861830548089082438e+00
9.882556866231730965e+03,3.861830554059248577e+00
9.882556884247420385e+03,3.861830560027597503e+00
9.882556902263111624e+03,3.861830565994130993e+00
9.882556920278801044e+03,3.861830571958846825e+00
9.882556938294492284e+03,3.861830577921746777e+00
9.882556956310183523e+03,3.861830583882829959e+00
9.882556974325872943e+03,3.861830589842095929e+00
9.882556992341564182e+03,3.861830595799545573e+00
9.882557010357253603e+03,3.861830601755178449e+00
9.882557028372944842e+03,3.861830607708993668e+00
9.882557046388634262e+03,3.861830613660993006e+00
9.882557064404325502e+03,3.861830619611176019e+00
9.882557082420016741e+03,3.861830625559542263e+00
9.882557100435706161e+03,3.861830631506089961e+00
9.882557118451397400e+03,3.861830637450822667e+00
9.882557136467086821e+03,3.861830643393738161e+00
9.882557154482778060e+03,3.861830649334836441e+00
9.882557172498467480e+03,3.861830655274117508e+00
9.882557190514158719e+03,3.861830661211582694e+00
9.882557208529848140e+03,3.861830667147230223e+00
9.882557226545539379e+03,3.861830673081061871e+00
9.882557244561230618e+03,3.861830679013075418e+00
9.882557262576920039e+03,3.861830684943273084e+00
9.882557280592611278e+03,3.861830690871653093e+00
9.882557298608300698e+03,3.861830696798216334e+00
9.882557316623991937e+03,3.861830702722963249e+00
9.882557334639681358e+03,3.861830708645892063e+00
9.882557352655372597e+03,3.861830714567004996e+00
9.882557370671063836e+03,3.861830720486300716e+00
9.882557388686753256e+03,3.861830726403778780e+00
9.882557406702444496e+03,3.861830732319440518e+00
9.882557424718133916e+03,3.861830738233284599e+00
9.882557442733825155e+03,3.861830744145311911e+00
9.882557460749514576e+03,3.861830750055521566e+00
9.882557478765205815e+03,3.861830755963915340e+00
9.882557496780897054e+03,3.861830761870492346e+00
9.882557514796586474e+03,3.861830767775250806e+00
9.882557532812277714e+03,3.861830773678193385e+00
9.882557550827967134e+03,3.861830779579317863e+00
9.882557568843658373e+03,3.861830785478625128e+00
9.882557586859347794e+03,3.861830791376115624e+00
9.882557604875039033e+03,3.861830797271789351e+00
9.882557622890730272e+03,3.861830803165646309e+00
9.882557640906419692e+03,3.861830809057684277e+00
9.882557658922110932e+03,3.861830814947907253e+00
9.882557676937800352e+03,3.861830820836310796e+00
9.882557694953491591e+03,3.861830826722899346e+00
9.882557712969181011e+03,3.861830832607668906e+00
9.882557730984872251e+03,3.861830838490622586e+00
9.882557749000563490e+03,3.861830844371758609e+00
9.882557767016252910e+03,3.861830850251076086e+00
9.882557785031944150e+03,3.861830856128578127e+00
9.882557803047633570e+03,3.861830862004261622e+00
9.882557821063324809e+03,3.861830867878128348e+00
9.882557839079014229e+03,3.861830873750177417e+00
9.882557857094705469e+03,3.861830879620409274e+00
9.882557875110396708e+03,3.861830885488824361e+00
9.882557893126086128e+03,3.861830891355420903e+00
9.882557911141777367e+03,3.861830897220201564e+00
9.882557929157466788e+03,3.861830903083163236e+00
9.882557947173158027e+03,3.861830908944309027e+00
9.882557965188847447e+03,3.861830914803636272e+00
9.882557983204538687e+03,3.861830920661146749e+00
9.882558001220229926e+03,3.861830926516840012e+00
9.882558019235919346e+03,3.861830932370714731e+00
9.882558037251610585e+03,3.861830938222772680e+00
9.882558055267300006e+03,3.861830944073012972e+00
9.882558073282991245e+03,3.861830949921436051e+00
9.882558091298680665e+03,3.861830955768041473e+00
9.882558109314371904e+03,3.861830961612829682e+00
9.882558127330063144e+03,3.861830967455799790e+00
9.882558145345752564e+03,3.861830973296952685e+00
9.882558163361443803e+03,3.861830979136287478e+00
9.882558181377133224e+03,3.861830984973805503e+00
9.882558199392824463e+03,3.861830990809505426e+00
9.882558217408513883e+03,3.861830996643388580e+00
9.882558235424205122e+03,3.861831002475453190e+00
9.882558253439896362e+03,3.861831008305701030e+00
9.882558271455585782e+03,3.861831014134129880e+00
9.882558289471277021e+03,3.861831019960742850e+00
9.882558307486966442e+03,3.861831025785536831e+00
9.882558325502657681e+03,3.861831031608513598e+00
9.882558343518347101e+03,3.861831037429672264e+00
9.882558361534038340e+03,3.861831043249013717e+00
9.882558379549729580e+03,3.861831049066537513e+00
9.882558397565419000e+03,3.861831054882243208e+00
9.882558415581110239e+03,3.861831060696132134e+00
9.882558433596799659e+03,3.861831066508201626e+00
9.882558451612490899e+03,3.861831072318455238e+00
9.882558469628180319e+03,3.861831078126890304e+00
9.882558487643871558e+03,3.861831083933506825e+00
9.882558505659562798e+03,3.861831089738306577e+00
9.882558523675252218e+03,3.861831095541288228e+00
9.882558541690943457e+03,3.861831101342452222e+00
9.882558559706632877e+03,3.861831107141797670e+00
9.882558577722324117e+03,3.861831112939325461e+00
9.882558595738013537e+03,3.861831118735035595e+00
9.882558613753704776e+03,3.861831124528928072e+00
9.882558631769396015e+03,3.861831130321002892e+00
9.882558649785085436e+03,3.861831136111259610e+00
9.882558667800776675e+03,3.861831141899698672e+00
9.882558685816466095e+03,3.861831147686318744e+00
9.882558703832157335e+03,3.861831153471121603e+00
9.882558721847846755e+03,3.861831159254106360e+00
9.882558739863537994e+03,3.861831165035273461e+00
9.882558757879229233e+03,3.861831170814622460e+00
9.882558775894918654e+03,3.861831176592153358e+00
9.882558793910609893e+03,3.861831182367866599e+00
9.882558811926299313e+03,3.861831188141760851e+00
9.882558829941990552e+03,3.861831193913837890e+00
9.882558847957679973e+03,3.861831199684096827e+00
9.882558865973371212e+03,3.861831205452538107e+00
9.882558883989062451e+03,3.861831211219160398e+00
9.882558902004751872e+03,3.861831216983965032e+00
9.882558920020443111e+03,3.861831222746952008e+00
9.882558938036132531e+03,3.861831228508120883e+00
9.882558956051823770e+03,3.861831234267471213e+00
9.882558974067513191e+03,3.861831240025002998e+00
9.882558992083204430e+03,3.861831245780717570e+00
9.882559010098895669e+03,3.861831251534614040e+00
9.882559028114585089e+03,3.861831257286691077e+00
9.882559046130276329e+03,3.861831263036950901e+00
9.882559064145965749e+03,3.861831268785392623e+00
9.882559082161656988e+03,3.861831274532015801e+00
9.882559100177346409e+03,3.861831280276820877e+00
9.882559118193037648e+03,3.861831286019807852e+00
9.882559136208728887e+03,3.861831291760976725e+00
9.882559154224418307e+03,3.861831297500326166e+00
9.882559172240109547e+03,3.861831303237858837e+00
9.882559190255798967e+03,3.861831308973572074e+00
9.882559208271490206e+03,3.861831314707468543e+00
9.882559226287179627e+03,3.861831320439545134e+00
9.882559244302870866e+03,3.861831326169804068e+00
9.882559262318562105e+03,3.861831331898245789e+00
9.882559280334251525e+03,3.861831337624867633e+00
9.882559298349942765e+03,3.861831343349671375e+00
9.882559316365632185e+03,3.861831349072656572e+00
9.882559334381323424e+03,3.861831354793824111e+00
9.882559352397012844e+03,3.861831360513172218e+00
9.882559370412704084e+03,3.861831366230703555e+00
9.882559388428395323e+03,3.861831371946415015e+00
9.882559406444084743e+03,3.861831377660308817e+00
9.882559424459775983e+03,3.861831383372384519e+00
9.882559442475465403e+03,3.861831389082640342e+00
9.882559460491156642e+03,3.861831394791079397e+00
9.882559478506846062e+03,3.861831400497698574e+00
9.882559496522537302e+03,3.861831406202500538e+00
9.882559514538228541e+03,3.861831411905483069e+00
9.882559532553917961e+03,3.861831417606647499e+00
9.882559550569609200e+03,3.861831423305992939e+00
9.882559568585298621e+03,3.861831429003519833e+00
9.882559586600989860e+03,3.861831434699228627e+00
9.882559604616679280e+03,3.861831440393118431e+00
9.882559622632370520e+03,3.861831446085190578e+00
9.882559640648061759e+03,3.861831451775443735e+00
9.882559658663751179e+03,3.861831457463877904e+00
9.882559676679442418e+03,3.861831463150493526e+00
9.882559694695131839e+03,3.861831468835290160e+00
9.882559712710823078e+03,3.861831474518269136e+00
9.882559730726512498e+03,3.861831480199429123e+00
9.882559748742203737e+03,3.861831485878770120e+00
9.882559766757894977e+03,3.861831491556293017e+00
9.882559784773584397e+03,3.861831497231996480e+00
9.882559802789275636e+03,3.861831502905882285e+00
9.882559820804965057e+03,3.861831508577948213e+00
9.882559838820656296e+03,3.861831514248196040e+00
9.882559856836345716e+03,3.861831519916624877e+00
9.882559874852036955e+03,3.861831525583235170e+00
9.882559892867726376e+03,3.861831531248026472e+00
9.882559910883417615e+03,3.861831536910998786e+00
9.882559928899108854e+03,3.861831542572153442e+00
9.882559946914798275e+03,3.861831548231487776e+00
9.882559964930489514e+03,3.861831553889004454e+00
9.882559982946178934e+03,3.861831559544701697e+00
9.882560000961870173e+03,3.861831565198580396e+00
9.882560018977559594e+03,3.861831570850639661e+00
9.882560036993250833e+03,3.861831576500881269e+00
9.882560055008942072e+03,3.861831582149303443e+00
9.882560073024631492e+03,3.861831587795906628e+00
9.882560091040322732e+03,3.861831593440690824e+00
9.882560109056012152e+03,3.861831599083656474e+00
9.882560127071703391e+03,3.861831604724803135e+00
9.882560145087392812e+03,3.861831610364129919e+00
9.882560163103084051e+03,3.861831616001639045e+00
9.882560181118775290e+03,3.861831621637328293e+00
9.882560199134464710e+03,3.861831627271198997e+00
9.882560217150155950e+03,3.861831632903250711e+00
9.882560235165845370e+03,3.861831638533483435e+00
9.882560253181536609e+03,3.861831644161897614e+00
9.882560271197226029e+03,3.861831649788491916e+00
9.882560289212917269e+03,3.861831655413267228e+00
9.882560307228608508e+03,3.861831661036223995e+00
9.882560325244297928e+03,3.861831666657361772e+00
9.882560343259989168e+03,3.861831672276680116e+00
9.882560361275678588e+03,3.861831677894179471e+00
9.882560379291369827e+03,3.861831683509859836e+00
9.882560397307059247e+03,3.861831689123720768e+00
9.882560415322750487e+03,3.861831694735762710e+00
9.882560433338441726e+03,3.861831700345986107e+00
9.882560451354131146e+03,3.861831705954389626e+00
9.882560469369822385e+03,3.861831711560974600e+00
9.882560487385511806e+03,3.861831717165739253e+00
9.882560505401203045e+03,3.861831722768686692e+00
9.882560523416892465e+03,3.861831728369812922e+00
9.882560541432583705e+03,3.861831733969121494e+00
9.882560559448274944e+03,3.861831739566610633e+00
9.882560577463964364e+03,3.861831745162279894e+00
9.882560595479655603e+03,3.861831750756130166e+00
9.882560613495345024e+03,3.861831756348161004e+00
9.882560631511036263e+03,3.861831761938372853e+00
9.882560649526725683e+03,3.861831767526764825e+00
9.882560667542416923e+03,3.861831773113338251e+00
9.882560685558108162e+03,3.861831778698091799e+00
9.882560703573797582e+03,3.861831784281026803e+00
9.882560721589488821e+03,3.861831789862141928e+00
9.882560739605178242e+03,3.861831795441437620e+00
9.882560757620869481e+03,3.861831801018914323e+00
9.882560775636558901e+03,3.861831806594571148e+00
9.882560793652250140e+03,3.861831812168409428e+00
9.882560811667941380e+03,3.861831817740427830e+00
9.882560829683630800e+03,3.861831823310626799e+00
9.882560847699322039e+03,3.861831828879006778e+00
9.882560865715011460e+03,3.861831834445565992e+00
9.882560883730702699e+03,3.861831840010307548e+00
9.882560901746392119e+03,3.861831845573228339e+00
9.882560919762083358e+03,3.861831851134330584e+00
9.882560937777774598e+03,3.861831856693612952e+00
9.882560955793464018e+03,3.861831862251075886e+00
9.882560973809155257e+03,3.861831867806719831e+00
9.882560991824844677e+03,3.861831873360543010e+00
9.882561009840535917e+03,3.861831878912547644e+00
9.882561027856225337e+03,3.861831884462732845e+00
9.882561045871916576e+03,3.861831890011097723e+00
9.882561063887607816e+03,3.861831895557644057e+00
9.882561081903297236e+03,3.861831901102370068e+00
9.882561099918988475e+03,3.861831906645276202e+00
9.882561117934677895e+03,3.861831912186363791e+00
9.882561135950369135e+03,3.861831917725631502e+00
9.882561153966058555e+03,3.861831923263078448e+00
9.882561171981749794e+03,3.861831928798706848e+00
9.882561189997441033e+03,3.861831934332515370e+00
9.882561208013130454e+03,3.861831939864504459e+00
9.882561226028821693e+03,3.861831945394673671e+00
9.882561244044511113e+03,3.861831950923023005e+00
9.882561262060202353e+03,3.861831956449552905e+00
9.882561280075891773e+03,3.861831961974263372e+00
9.882561298091583012e+03,3.861831967497153961e+00
9.882561316107274251e+03,3.861831973018224673e+00
9.882561334122963672e+03,3.861831978537475063e+00
9.882561352138654911e+03,3.861831984054906464e+00
9.882561370154344331e+03,3.861831989570518431e+00
9.882561388170035571e+03,3.861831995084309632e+00
9.882561406185724991e+03,3.861832000596281844e+00
9.882561424201416230e+03,3.861832006106433735e+00
9.882561442217107469e+03,3.861832011614766191e+00
9.882561460232796890e+03,3.861832017121278771e+00
9.882561478248488129e+03,3.861832022625971472e+00
9.882561496264177549e+03,3.861832028128843852e+00
9.882561514279868788e+03,3.861832033629897243e+00
9.882561532295558209e+03,3.861832039129130312e+00
9.882561550311249448e+03,3.861832044626543503e+00
9.882561568326940687e+03,3.861832050122137261e+00
9.882561586342630108e+03,3.861832055615910253e+00
9.882561604358321347e+03,3.861832061107863812e+00
9.882561622374010767e+03,3.861832066597997493e+00
9.882561640389702006e+03,3.861832072086311296e+00
9.882561658405391427e+03,3.861832077572803890e+00
9.882561676421082666e+03,3.861832083057478826e+00
9.882561694436773905e+03,3.861832088540332109e+00
9.882561712452463325e+03,3.861832094021365513e+00
9.882561730468154565e+03,3.861832099500579485e+00
9.882561748483843985e+03,3.861832104977972691e+00
9.882561766499535224e+03,3.861832110453547351e+00
9.882561784515224645e+03,3.861832115927300357e+00
9.882561802530915884e+03,3.861832121399233930e+00
9.882561820546607123e+03,3.861832126869347626e+00
9.882561838562296543e+03,3.861832132337640999e+00
9.882561856577987783e+03,3.861832137804115384e+00
9.882561874593677203e+03,3.861832143268767670e+00
9.882561892609368442e+03,3.861832148731601855e+00
9.882561910625057862e+03,3.861832154192614386e+00
9.882561928640749102e+03,3.861832159651807928e+00
9.882561946656440341e+03,3.861832165109180259e+00
9.882561964672129761e+03,3.861832170564732269e+00
9.882561982687821001e+03,3.861832176018465734e+00
9.882562000703510421e+03,3.861832181470377545e+00
9.882562018719201660e+03,3.861832186920469479e+00
9.882562036734891080e+03,3.861832192368741090e+00
9.882562054750582320e+03,3.861832197815193268e+00
9.882562072766273559e+03,3.861832203259825569e+00
9.882562090781962979e+03,3.861832208702636215e+00
9.882562108797654219e+03,3.861832214143627429e+00
9.882562126813343639e+03,3.861832219582796988e+00
9.882562144829034878e+03,3.861832225020148002e+00
9.882562162844724298e+03,3.861832230455677806e+00
9.882562180860415538e+03,3.861832235889388620e+00
9.882562198876106777e+03,3.861832241321277781e+00
9.882562216891796197e+03,3.861832246751346620e+00
9.882562234907487436e+03,3.861832252179595582e+00
9.882562252923176857e+03,3.861832257606024221e+00
9.882562270938868096e+03,3.861832263030632095e+00
9.882562288954557516e+03,3.861832268453419648e+00
9.882562306970248756e+03,3.861832273874387766e+00
9.882562324985939995e+03,3.861832279293535120e+00
9.882562343001629415e+03,3.861832284710861707e+00
9.882562361017320654e+03,3.861832290126367973e+00
9.882562379033010075e+03,3.861832295540053472e+00
9.882562397048701314e+03,3.861832300951918651e+00
9.882562415064390734e+03,3.861832306361963507e+00
9.882562433080081973e+03,3.861832311770188042e+00
9.882562451095771394e+03,3.861832317176591811e+00
9.882562469111462633e+03,3.861832322581175703e+00
9.882562487127153872e+03,3.861832327983938828e+00
9.882562505142843293e+03,3.861832333384880744e+00
9.882562523158534532e+03,3.861832338784002783e+00
9.882562541174223952e+03,3.861832344181303611e+00
9.882562559189915191e+03,3.861832349576785006e+00
9.882562577205604612e+03,3.861832354970444747e+00
9.882562595221295851e+03,3.861832360362284611e+00
9.882562613236987090e+03,3.861832365752304153e+00
9.882562631252676510e+03,3.861832371140502485e+00
9.882562649268367750e+03,3.861832376526880939e+00
9.882562667284057170e+03,3.861832381911438183e+00
9.882562685299748409e+03,3.861832387294174662e+00
9.882562703315437830e+03,3.861832392675090375e+00
9.882562721331129069e+03,3.861832398054185767e+00
9.882562739346820308e+03,3.861832403431460836e+00
9.882562757362509728e+03,3.861832408806914252e+00
9.882562775378200968e+03,3.861832414180548234e+00
9.882562793393890388e+03,3.861832419552360562e+00
9.882562811409581627e+03,3.861832424922352569e+00
9.882562829425271048e+03,3.861832430290523810e+00
9.882562847440962287e+03,3.861832435656874729e+00
9.882562865456653526e+03,3.861832441021403994e+00
9.882562883472342946e+03,3.861832446384112938e+00
9.882562901488034186e+03,3.861832451745001560e+00
9.882562919503723606e+03,3.861832457104068528e+00
9.882562937519414845e+03,3.861832462461315618e+00
9.882562955535104265e+03,3.861832467816740611e+00
9.882562973550795505e+03,3.861832473170346169e+00
9.882562991566486744e+03,3.861832478522130963e+00
9.882563009582176164e+03,3.861832483872093214e+00
9.882563027597867404e+03,3.861832489220236031e+00
9.882563045613556824e+03,3.861832494566557639e+00
9.882563063629248063e+03,3.861832499911058481e+00
9.882563081644937483e+03,3.861832505253738113e+00
9.882563099660628723e+03,3.861832510594596979e+00
9.882563117676319962e+03,3.861832515933635523e+00
9.882563135692009382e+03,3.861832521270852858e+00
9.882563153707700621e+03,3.861832526606249427e+00
9.882563171723390042e+03,3.861832531939823454e+00
9.882563189739081281e+03,3.861832537271578047e+00
9.882563207754770701e+03,3.861832542601511431e+00
9.882563225770461941e+03,3.861832547929624049e+00
9.882563243786153180e+03,3.861832553255915457e+00
9.882563261801842600e+03,3.861832558580386099e+00
9.882563279817533839e+03,3.861832563903035531e+00
9.882563297833223260e+03,3.861832569223863310e+00
9.882563315848914499e+03,3.861832574542870766e+00
9.882563333864603919e+03,3.861832579860056569e+00
9.882563351880295158e+03,3.861832585175422050e+00
9.882563369895986398e+03,3.861832590488966321e+00
9.882563387911675818e+03,3.861832595800688939e+00
9.882563405927367057e+03,3.861832601110591234e+00
9.882563423943056478e+03,3.861832606418671876e+00
9.882563441958747717e+03,3.861832611724931308e+00
9.882563459974437137e+03,3.861832617029369974e+00
9.882563477990128376e+03,3.861832622331987430e+00
9.882563496005819616e+03,3.861832627632784121e+00
9.882563514021509036e+03,3.861832632931758713e+00
9.882563532037200275e+03,3.861832638228912984e+00
9.882563550052889696e+03,3.861832643524244713e+00
9.882563568068580935e+03,3.861832648817757008e+00
9.882563586084270355e+03,3.861832654109446761e+00
9.882563604099961594e+03,3.861832659399316192e+00
9.882563622115652834e+03,3.861832664687363970e+00
9.882563640131342254e+03,3.861832669973590537e+00
9.882563658147033493e+03,3.861832675257995895e+00
9.882563676162722913e+03,3.861832680540579599e+00
9.882563694178414153e+03,3.861832685821342981e+00
9.882563712194103573e+03,3.861832691100283821e+00
9.882563730209794812e+03,3.861832696377404339e+00
9.882563748225486052e+03,3.861832701652703648e+00
9.882563766241175472e+03,3.861832706926180414e+00
9.882563784256866711e+03,3.861832712197837303e+00
9.882563802272556131e+03,3.861832717467671205e+00
9.882563820288247371e+03,3.861832722735684786e+00
9.882563838303936791e+03,3.861832728001877157e+00
9.882563856319628030e+03,3.861832733266247430e+00
9.882563874335319269e+03,3.861832738528797826e+00
9.882563892351008690e+03,3.861832743789524791e+00
9.882563910366699929e+03,3.861832749048432323e+00
9.882563928382389349e+03,3.861832754305516424e+00
9.882563946398080589e+03,3.861832759560780204e+00
9.882563964413770009e+03,3.861832764814222330e+00
9.882563982429461248e+03,3.861832770065843246e+00
9.882564000445152487e+03,3.861832775315642952e+00
9.882564018460841908e+03,3.861832780563620116e+00
9.882564036476533147e+03,3.861832785809776958e+00
9.882564054492222567e+03,3.861832791054110370e+00
9.882564072507913806e+03,3.861832796296624348e+00
9.882564090523603227e+03,3.861832801537315341e+00
9.882564108539294466e+03,3.861832806776185567e+00
9.882564126554985705e+03,3.861832812013234584e+00
9.882564144570675126e+03,3.861832817248461058e+00
9.882564162586366365e+03,3.861832822481867211e+00
9.882564180602055785e+03,3.861832827713450378e+00
9.882564198617747024e+03,3.861832832943212779e+00
9.882564216633436445e+03,3.861832838171153082e+00
9.882564234649127684e+03,3.861832843397272619e+00
9.882564252664818923e+03,3.861832848621570058e+00
9.882564270680508344e+03,3.861832853844044955e+00
9.882564288696199583e+03,3.861832859064699974e+00
9.882564306711889003e+03,3.861832864283531119e+00
9.882564324727580242e+03,3.861832869500542387e+00
9.882564342743269663e+03,3.861832874715731112e+00
9.882564360758960902e+03,3.861832879929098183e+00
9.882564378774652141e+03,3.861832885140644489e+00
9.882564396790341561e+03,3.861832890350367808e+00
9.882564414806032801e+03,3.861832895558270362e+00
9.882564432821722221e+03,3.861832900764350374e+00
9.882564450837413460e+03,3.861832905968608731e+00
9.882564468853102881e+03,3.861832911171045435e+00
9.882564486868794120e+03,3.861832916371660485e+00
9.882564504884485359e+03,3.861832921570453880e+00
9.882564522900174779e+03,3.861832926767425178e+00
9.882564540915866019e+03,3.861832931962575266e+00
9.882564558931555439e+03,3.861832937155901924e+00
9.882564576947246678e+03,3.861832942347408260e+00
9.882564594962936098e+03,3.861832947537092497e+00
9.882564612978627338e+03,3.861832952724955081e+00
9.882564630994318577e+03,3.861832957910995567e+00
9.882564649010007997e+03,3.861832963095213511e+00
9.882564667025699237e+03,3.861832968277610245e+00
9.882564685041388657e+03,3.861832973458183993e+00
9.882564703057079896e+03,3.861832978636936975e+00
9.882564721072769316e+03,3.861832983813867859e+00
9.882564739088460556e+03,3.861832988988976645e+00
9.882564757104151795e+03,3.861832994162263777e+00
9.882564775119841215e+03,3.861832999333728811e+00
9.882564793135532454e+03,3.861833004503371303e+00
9.882564811151221875e+03,3.861833009671191697e+00
9.882564829166913114e+03,3.861833014837190881e+00
9.882564847182602534e+03,3.861833020001367967e+00
9.882564865198293774e+03,3.861833025163722954e+00
9.882564883213985013e+03,3.861833030324256288e+00
9.882564901229674433e+03,3.861833035482966192e+00
9.882564919245365672e+03,3.861833040639855774e+00
9.882564937261055093e+03,3.861833045794921482e+00
9.882564955276746332e+03,3.861833050948166424e+00
9.882564973292435752e+03,3.861833056099589268e+00
9.882564991308126991e+03,3.861833061249189569e+00
9.882565009323818231e+03,3.861833066396967773e+00
9.882565027339507651e+03,3.861833071542923879e+00
9.882565045355198890e+03,3.861833076687057442e+00
9.882565063370888311e+03,3.861833081829369796e+00
9.882565081386579550e+03,3.861833086969859163e+00
9.882565099402268970e+03,3.861833092108526877e+00
9.882565117417960209e+03,3.861833097245372493e+00
9.882565135433649630e+03,3.861833102380395122e+00
9.882565153449340869e+03,3.861833107513596097e+00
9.882565171465032108e+03,3.861833112644974975e+00
9.882565189480721529e+03,3.861833117774531754e+00
9.882565207496412768e+03,3.861833122902265991e+00
9.882565225512102188e+03,3.861833128028178130e+00
9.882565243527793427e+03,3.861833133152267727e+00
9.882565261543482848e+03,3.861833138274535226e+00
9.882565279559174087e+03,3.861833143394980628e+00
9.882565297574865326e+03,3.861833148513603930e+00
9.882565315590554746e+03,3.861833153630403803e+00
9.882565333606245986e+03,3.861833158745382466e+00
9.882565351621935406e+03,3.861833163858538587e+00
9.882565369637626645e+03,3.861833168969871721e+00
9.882565387653316066e+03,3.861833174079382758e+00
9.882565405669007305e+03,3.861833179187072140e+00
9.882565423684698544e+03,3.861833184292938537e+00
9.882565441700387964e+03,3.861833189396982835e+00
9.882565459716079204e+03,3.861833194499205035e+00
9.882565477731768624e+03,3.861833199599603805e+00
9.882565495747459863e+03,3.861833204698180921e+00
9.882565513763149283e+03,3.861833209794935495e+00
9.882565531778840523e+03,3.861833214889867527e+00
9.882565549794531762e+03,3.861833219982977461e+00
9.882565567810221182e+03,3.861833225074264853e+00
9.882565585825912422e+03,3.861833230163729258e+00
9.882565603841601842e+03,3.861833235251371566e+00
9.882565621857293081e+03,3.861833240337191331e+00
9.882565639872982501e+03,3.861833245421188110e+00
9.882565657888673741e+03,3.861833250503362791e+00
9.882565675904364980e+03,3.861833255583715374e+00
9.882565693920054400e+03,3.861833260662245415e+00
9.882565711935745639e+03,3.861833265738952470e+00
9.882565729951435060e+03,3.861833270813836094e+00
9.882565747967126299e+03,3.861833275886898509e+00
9.882565765982815719e+03,3.861833280958137937e+00
9.882565783998506959e+03,3.861833286027555268e+00
9.882565802014198198e+03,3.861833291095149168e+00
9.882565820029887618e+03,3.861833296160920970e+00
9.882565838045578857e+03,3.861833301224869341e+00
9.882565856061268278e+03,3.861833306286995615e+00
9.882565874076959517e+03,3.861833311347299791e+00
9.882565892092648937e+03,3.861833316405780092e+00
9.882565910108340177e+03,3.861833321462438740e+00
9.882565928124031416e+03,3.861833326517274401e+00
9.882565946139720836e+03,3.861833331570287076e+00
9.882565964155412075e+03,3.861833336621478097e+00
9.882565982171101496e+03,3.861833341670845243e+00
9.882566000186792735e+03,3.861833346718390292e+00
9.882566018202482155e+03,3.861833351764112354e+00
9.882566036218173394e+03,3.861833356808011875e+00
9.882566054233864634e+03,3.861833361850088409e+00
9.882566072249554054e+03,3.861833366890341512e+00
9.882566090265245293e+03,3.861833371928772518e+00
9.882566108280934714e+03,3.861833376965380538e+00
9.882566126296625953e+03,3.861833382000166459e+00
9.882566144312315373e+03,3.861833387033128950e+00
9.882566162328006612e+03,3.861833392064268455e+00
9.882566180343697852e+03,3.861833397093585862e+00
9.882566198359387272e+03,3.861833402121079839e+00
9.882566216375078511e+03,3.861833407146750829e+00
9.882566234390767931e+03,3.861833412170598834e+00
9.882566252406459171e+03,3.861833417192624740e+00
9.882566270422148591e+03,3.861833422212827216e+00
9.882566288437839830e+03,3.861833427231207594e+00
9.882566306453531070e+03,3.861833432247763653e+00
9.882566324469220490e+03,3.861833437262498059e+00
9.882566342484911729e+03,3.861833442275409034e+00
9.882566360500601149e+03,3.861833447286497023e+00
9.882566378516292389e+03,3.861833452295761582e+00
9.882566396531981809e+03,3.861833457303203154e+00
9.882566414547673048e+03,3.861833462308822629e+00
9.882566432563364287e+03,3.861833467312619117e+00
9.882566450579053708e+03,3.861833472314592175e+00
9.882566468594744947e+03,3.861833477314742247e+00
9.882566486610434367e+03,3.861833482313069332e+00
9.882566504626125607e+03,3.861833487309572988e+00
9.882566522641815027e+03,3.861833492304254101e+00
9.882566540657506266e+03,3.861833497297112228e+00
9.882566558673197505e+03,3.861833502288146924e+00
9.882566576688886926e+03,3.861833507277358191e+00
9.882566594704578165e+03,3.861833512264747359e+00
9.882566612720267585e+03,3.861833517250312653e+00
9.882566630735958825e+03,3.861833522234055849e+00
9.882566648751648245e+03,3.861833527215974726e+00
9.882566666767339484e+03,3.861833532196070617e+00
9.882566684783030723e+03,3.861833537174343967e+00
9.882566702798720144e+03,3.861833542150793885e+00
9.882566720814411383e+03,3.861833547125420374e+00
9.882566738830100803e+03,3.861833552098223876e+00
9.882566756845792042e+03,3.861833557069204836e+00
9.882566774861481463e+03,3.861833562038361478e+00
9.882566792877172702e+03,3.861833567005695578e+00
9.882566810892863941e+03,3.861833571971206691e+00
9.882566828908553362e+03,3.861833576934893486e+00
9.882566846924244601e+03,3.861833581896758183e+00
9.882566864939934021e+03,3.861833586856799005e+00
9.882566882955625260e+03,3.861833591815016842e+00
9.882566900971314681e+03,3.861833596771411248e+00
9.882566918987005920e+03,3.861833601725983112e+00
9.882566937002697159e+03,3.861833606678731101e+00
9.882566955018386579e+03,3.861833611629655660e+00
9.882566973034077819e+03,3.861833616578757233e+00
9.882566991049767239e+03,3.861833621526034488e+00
9.882567009065458478e+03,3.861833626471489644e+00
9.882567027081147899e+03,3.861833631415120482e+00
9.882567045096839138e+03,3.861833636356928778e+00
9.882567063112530377e+03,3.861833641296913644e+00
9.882567081128219797e+03,3.861833646235074191e+00
9.882567099143911037e+03,3.861833651171412196e+00
9.882567117159600457e+03,3.861833656105925883e+00
9.882567135175291696e+03,3.861833661038617471e+00
9.882567153190981116e+03,3.861833665969484297e+00
9.882567171206672356e+03,3.861833670898529025e+00
9.882567189222363595e+03,3.861833675825750323e+00
9.882567207238053015e+03,3.861833680751146858e+00
9.882567225253744255e+03,3.861833685674721295e+00
9.882567243269433675e+03,3.861833690596470969e+00
9.882567261285124914e+03,3.861833695516398102e+00
9.882567279300814334e+03,3.861833700434500471e+00
9.882567297316505574e+03,3.861833705350780743e+00
9.882567315332196813e+03,3.861833710265238029e+00
9.882567333347886233e+03,3.861833715177870108e+00
9.882567351363577473e+03,3.861833720088679200e+00
9.882567369379266893e+03,3.861833724997664419e+00
9.882567387394958132e+03,3.861833729904826651e+00
9.882567405410647552e+03,3.861833734810165453e+00
9.882567423426338792e+03,3.861833739713680380e+00
9.882567441442030031e+03,3.861833744615371433e+00
9.882567459457719451e+03,3.861833749515239500e+00
9.882567477473410690e+03,3.861833754413283248e+00
9.882567495489100111e+03,3.861833759309503122e+00
9.882567513504791350e+03,3.861833764203900898e+00
9.882567531520480770e+03,3.861833769096473024e+00
9.882567549536172010e+03,3.861833773987223051e+00
9.882567567551863249e+03,3.861833778876149648e+00
9.882567585567552669e+03,3.861833783763251482e+00
9.882567603583243908e+03,3.861833788648530330e+00
9.882567621598933329e+03,3.861833793531983972e+00
9.882567639614624568e+03,3.861833798413615959e+00
9.882567657630313988e+03,3.861833803293422740e+00
9.882567675646005227e+03,3.861833808171406535e+00
9.882567693661696467e+03,3.861833813047566011e+00
9.882567711677385887e+03,3.861833817921902057e+00
9.882567729693077126e+03,3.861833822794414672e+00
9.882567747708766547e+03,3.861833827665103414e+00
9.882567765724457786e+03,3.861833832533968280e+00
9.882567783740147206e+03,3.861833837401008829e+00
9.882567801755838445e+03,3.861833842266225947e+00
9.882567819771527866e+03,3.861833847129618746e+00
9.882567837787219105e+03,3.861833851991188560e+00
9.882567855802910344e+03,3.861833856850934055e+00
9.882567873818599764e+03,3.861833861708856119e+00
9.882567891834291004e+03,3.861833866564953865e+00
9.882567909849980424e+03,3.861833871419227737e+00
9.882567927865671663e+03,3.861833876271678623e+00
9.882567945881361084e+03,3.861833881122304746e+00
9.882567963897052323e+03,3.861833885971107438e+00
9.882567981912743562e+03,3.861833890818085369e+00
9.882567999928432982e+03,3.861833895663240313e+00
9.882568017944124222e+03,3.861833900506570494e+00
9.882568035959813642e+03,3.861833905348077245e+00
9.882568053975504881e+03,3.861833910187760566e+00
9.882568071991194302e+03,3.861833915025618680e+00
9.882568090006885541e+03,3.861833919861653808e+00
9.882568108022576780e+03,3.861833924695864173e+00
9.882568126038266200e+03,3.861833929528251108e+00
9.882568144053957440e+03,3.861833934358813281e+00
9.882568162069646860e+03,3.861833939187552467e+00
9.882568180085338099e+03,3.861833944014466891e+00
9.882568198101027519e+03,3.861833948839557440e+00
9.882568216116718759e+03,3.861833953662825003e+00
9.882568234132409998e+03,3.861833958484267360e+00
9.882568252148099418e+03,3.861833963303884953e+00
9.882568270163790658e+03,3.861833968121679561e+00
9.882568288179480078e+03,3.861833972937650294e+00
9.882568306195171317e+03,3.861833977751795821e+00
9.882568324210860737e+03,3.861833982564117473e+00
9.882568342226551977e+03,3.861833987374616584e+00
9.882568360242243216e+03,3.861833992183290043e+00
9.882568378257932636e+03,3.861833996990139184e+00
9.882568396273623875e+03,3.861834001795165339e+00
9.882568414289313296e+03,3.861834006598366287e+00
9.882568432305004535e+03,3.861834011399743360e+00
9.882568450320693955e+03,3.861834016199296560e+00
9.882568468336385195e+03,3.861834020997024997e+00
9.882568486352076434e+03,3.861834025792930447e+00
9.882568504367765854e+03,3.861834030587009803e+00
9.882568522383457093e+03,3.861834035379266172e+00
9.882568540399146514e+03,3.861834040169697779e+00
9.882568558414837753e+03,3.861834044958305512e+00
9.882568576430527173e+03,3.861834049745089370e+00
9.882568594446218412e+03,3.861834054530048022e+00
9.882568612461909652e+03,3.861834059313183243e+00
9.882568630477599072e+03,3.861834064094493257e+00
9.882568648493290311e+03,3.861834068873980286e+00
9.882568666508979732e+03,3.861834073651641219e+00
9.882568684524670971e+03,3.861834078427478723e+00
9.882568702540360391e+03,3.861834083201491907e+00
9.882568720556051630e+03,3.861834087973680774e+00
9.882568738571742870e+03,3.861834092744046210e+00
9.882568756587432290e+03,3.861834097512585551e+00
9.882568774603123529e+03,3.861834102279301462e+00
9.882568792618812950e+03,3.861834107044192610e+00
9.882568810634504189e+03,3.861834111807259440e+00
9.882568828650193609e+03,3.861834116568502395e+00
9.882568846665884848e+03,3.861834121327920588e+00
9.882568864681576088e+03,3.861834126085514018e+00
9.882568882697265508e+03,3.861834130841283574e+00
9.882568900712956747e+03,3.861834135595227924e+00
9.882568918728646167e+03,3.861834140347348843e+00
9.882568936744337407e+03,3.861834145097644555e+00
9.882568954760026827e+03,3.861834149846115505e+00
9.882568972775718066e+03,3.861834154592762580e+00
9.882568990791409306e+03,3.861834159337585337e+00
9.882569008807098726e+03,3.861834164080582887e+00
9.882569026822789965e+03,3.861834168821756119e+00
9.882569044838479385e+03,3.861834173561104588e+00
9.882569062854170625e+03,3.861834178298629183e+00
9.882569080869860045e+03,3.861834183034329016e+00
9.882569098885551284e+03,3.861834187768204085e+00
9.882569116901242523e+03,3.861834192500255281e+00
9.882569134916931944e+03,3.861834197230481269e+00
9.882569152932623183e+03,3.861834201958882495e+00
9.882569170948312603e+03,3.861834206685458959e+00
9.882569188964003843e+03,3.861834211410211548e+00
9.882569206979693263e+03,3.861834216133139375e+00
9.882569224995384502e+03,3.861834220854242439e+00
9.882569243011075741e+03,3.861834225573520296e+00
9.882569261026765162e+03,3.861834230290973391e+00
9.882569279042456401e+03,3.861834235006603055e+00
9.882569297058145821e+03,3.861834239720407513e+00
9.882569315073837060e+03,3.861834244432386765e+00
9.882569333089526481e+03,3.861834249142541697e+00
9.882569351105217720e+03,3.861834253850871868e+00
9.882569369120908959e+03,3.861834258557377719e+00
9.882569387136598380e+03,3.861834263262057920e+00
9.882569405152289619e+03,3.861834267964914691e+00
9.882569423167979039e+03,3.861834272665945367e+00
9.882569441183670278e+03,3.861834277365151724e+00
9.882569459199359699e+03,3.861834282062533763e+00
9.882569477215050938e+03,3.861834286758091039e+00
9.882569495230742177e+03,3.861834291451823109e+00
9.882569513246431598e+03,3.861834296143729528e+00
9.882569531262122837e+03,3.861834300833812961e+00
9.882569549277812257e+03,3.861834305522070299e+00
9.882569567293503496e+03,3.861834310208502874e+00
9.882569585309192917e+03,3.861834314893111131e+00
9.882569603324884156e+03,3.861834319575894625e+00
9.882569621340575395e+03,3.861834324256852913e+00
9.882569639356264815e+03,3.861834328935985994e+00
9.882569657371956055e+03,3.861834333613294756e+00
9.882569675387645475e+03,3.861834338288778756e+00
9.882569693403336714e+03,3.861834342962437105e+00
9.882569711419026135e+03,3.861834347634270692e+00
9.882569729434717374e+03,3.861834352304279960e+00
9.882569747450408613e+03,3.861834356972464022e+00
9.882569765466098033e+03,3.861834361638822877e+00
9.882569783481789273e+03,3.861834366303356969e+00
9.882569801497478693e+03,3.861834370966066743e+00
9.882569819513169932e+03,3.861834375626950422e+00
9.882569837528859352e+03,3.861834380286009338e+00
9.882569855544550592e+03,3.861834384943243936e+00
9.882569873560241831e+03,3.861834389598653328e+00
9.882569891575931251e+03,3.861834394252237068e+00
9.882569909591622491e+03,3.861834398903996490e+00
9.882569927607311911e+03,3.861834403553930262e+00
9.882569945623003150e+03,3.861834408202039270e+00
9.882569963638692570e+03,3.861834412848322629e+00
9.882569981654383810e+03,3.861834417492782112e+00
9.882569999670075049e+03,3.861834422135415945e+00
9.882570017685764469e+03,3.861834426776225015e+00
9.882570035701455708e+03,3.861834431415208879e+00
9.882570053717145129e+03,3.861834436052366648e+00
9.882570071732836368e+03,3.861834440687700098e+00
9.882570089748525788e+03,3.861834445321209230e+00
9.882570107764217028e+03,3.861834449952892268e+00
9.882570125779908267e+03,3.861834454582750542e+00
9.882570143795597687e+03,3.861834459210783166e+00
9.882570161811288926e+03,3.861834463836990583e+00
9.882570179826978347e+03,3.861834468461372794e+00
9.882570197842669586e+03,3.861834473083931130e+00
9.882570215858359006e+03,3.861834477704662483e+00
9.882570233874050246e+03,3.861834482323569517e+00
9.882570251889741485e+03,3.861834486940651345e+00
9.882570269905430905e+03,3.861834491555907523e+00
9.882570287921122144e+03,3.861834496169338937e+00
9.882570305936811565e+03,3.861834500780944701e+00
9.882570323952502804e+03,3.861834505390725703e+00
9.882570341968192224e+03,3.861834509998681053e+00
9.882570359983883463e+03,3.861834514604811197e+00
9.882570377999572884e+03,3.861834519209116134e+00
9.882570396015264123e+03,3.861834523811595865e+00
9.882570414030955362e+03,3.861834528412250389e+00
9.882570432046644783e+03,3.861834533011078818e+00
9.882570450062336022e+03,3.861834537608082485e+00
9.882570468078025442e+03,3.861834542203260501e+00
9.882570486093716681e+03,3.861834546796613754e+00
9.882570504109406102e+03,3.861834551388141357e+00
9.882570522125097341e+03,3.861834555977844197e+00
9.882570540140788580e+03,3.861834560565720942e+00
9.882570558156478000e+03,3.861834565151771592e+00
9.882570576172169240e+03,3.861834569735998368e+00
9.882570594187858660e+03,3.861834574318399049e+00
9.882570612203549899e+03,3.861834578898974080e+00
9.882570630219239320e+03,3.861834583477723903e+00
9.882570648234930559e+03,3.861834588054648520e+00
9.882570666250621798e+03,3.861834592629747487e+00
9.882570684266311218e+03,3.861834597203020802e+00
9.882570702282002458e+03,3.861834601774468467e+00
9.882570720297691878e+03,3.861834606344091370e+00
9.882570738313383117e+03,3.861834610911888177e+00
9.882570756329072537e+03,3.861834615477859778e+00
9.882570774344763777e+03,3.861834620042005284e+00
9.882570792360455016e+03,3.861834624604326471e+00
9.882570810376144436e+03,3.861834629164820676e+00
9.882570828391835676e+03,3.861834633723490562e+00
9.882570846407525096e+03,3.861834638280334353e+00
9.882570864423216335e+03,3.861834642835352494e+00
9.882570882438905755e+03,3.861834647388544983e+00
9.882570900454596995e+03,3.861834651939912710e+00
9.882570918470288234e+03,3.861834656489453899e+00
9.882570936485977654e+03,3.861834661037170324e+00
9.882570954501668893e+03,3.861834665583061099e+00
9.882570972517358314e+03,3.861834670127124891e+00
9.882570990533049553e+03,3.861834674669364365e+00
9.882571008548738973e+03,3.861834679209778187e+00
9.882571026564430213e+03,3.861834683748365915e+00
9.882571044580121452e+03,3.861834688285128436e+00
9.882571062595810872e+03,3.861834692820063974e+00
9.882571080611502111e+03,3.861834697353175638e+00
9.882571098627191532e+03,3.861834701884459875e+00
9.882571116642882771e+03,3.861834706413919793e+00
9.882571134658572191e+03,3.861834710941553617e+00
9.882571152674263431e+03,3.861834715467361789e+00
9.882571170689954670e+03,3.861834719991344311e+00
9.882571188705644090e+03,3.861834724513500294e+00
9.882571206721335329e+03,3.861834729033831071e+00
9.882571224737024750e+03,3.861834733552335752e+00
9.882571242752715989e+03,3.861834738069015671e+00
9.882571260768405409e+03,3.861834742583869051e+00
9.882571278784096648e+03,3.861834747096896336e+00
9.882571296799787888e+03,3.861834751608099303e+00
9.882571314815477308e+03,3.861834756117474399e+00
9.882571332831168547e+03,3.861834760625025176e+00
9.882571350846857968e+03,3.861834765130748970e+00
9.882571368862549207e+03,3.861834769634648001e+00
9.882571386878238627e+03,3.861834774136720938e+00
9.882571404893929866e+03,3.861834778636967780e+00
9.882571422909621106e+03,3.861834783135388971e+00
9.882571440925310526e+03,3.861834787631983623e+00
9.882571458941001765e+03,3.861834792126753513e+00
9.882571476956691185e+03,3.861834796619696863e+00
9.882571494972382425e+03,3.861834801110814563e+00
9.882571512988071845e+03,3.861834805600105724e+00
9.882571531003763084e+03,3.861834810087571235e+00
9.882571549019454324e+03,3.861834814573211538e+00
9.882571567035143744e+03,3.861834819057024859e+00
9.882571585050834983e+03,3.861834823539013417e+00
9.882571603066524403e+03,3.861834828019174548e+00
9.882571621082215643e+03,3.861834832497510472e+00
9.882571639097905063e+03,3.861834836974020302e+00
9.882571657113596302e+03,3.861834841448704037e+00
9.882571675129287541e+03,3.861834845921562565e+00
9.882571693144976962e+03,3.861834850392594110e+00
9.882571711160668201e+03,3.861834854861800448e+00
9.882571729176357621e+03,3.861834859329179803e+00
9.882571747192048861e+03,3.861834863794733508e+00
9.882571765207738281e+03,3.861834868258461118e+00
9.882571783223429520e+03,3.861834872720363521e+00
9.882571801239120759e+03,3.861834877180439385e+00
9.882571819254810180e+03,3.861834881638687822e+00
9.882571837270501419e+03,3.861834886095111941e+00
9.882571855286190839e+03,3.861834890549709076e+00
9.882571873301882079e+03,3.861834895002480561e+00
9.882571891317571499e+03,3.861834899453425507e+00
9.882571909333262738e+03,3.861834903902544802e+00
9.882571927348953977e+03,3.861834908349837558e+00
9.882571945364643398e+03,3.861834912795303776e+00
9.882571963380334637e+03,3.861834917238945231e+00
9.882571981396024057e+03,3.861834921680759258e+00
9.882571999411715296e+03,3.861834926120747191e+00
9.882572017427404717e+03,3.861834930558909029e+00
9.882572035443095956e+03,3.861834934995245217e+00
9.882572053458787195e+03,3.861834939429754865e+00
9.882572071474476616e+03,3.861834943862437974e+00
9.882572089490167855e+03,3.861834948293294989e+00
9.882572107505857275e+03,3.861834952722325909e+00
9.882572125521548514e+03,3.861834957149531178e+00
9.882572143537237935e+03,3.861834961574909020e+00
9.882572161552929174e+03,3.861834965998460767e+00
9.882572179568620413e+03,3.861834970420187307e+00
9.882572197584309833e+03,3.861834974840086865e+00
9.882572215600001073e+03,3.861834979258160327e+00
9.882572233615690493e+03,3.861834983674407251e+00
9.882572251631381732e+03,3.861834988088827192e+00
9.882572269647071153e+03,3.861834992501421926e+00
9.882572287662762392e+03,3.861834996912189677e+00
9.882572305678453631e+03,3.861835001321132221e+00
9.882572323694143051e+03,3.861835005728246895e+00
9.882572341709834291e+03,3.861835010133536361e+00
9.882572359725523711e+03,3.861835014536997956e+00
9.882572377741214950e+03,3.861835018938635233e+00
9.882572395756904371e+03,3.861835023338444639e+00
9.882572413772595610e+03,3.861835027736427950e+00
9.882572431788286849e+03,3.861835032132585166e+00
9.882572449803976269e+03,3.861835036526915399e+00
9.882572467819667509e+03,3.861835040919419537e+00
9.882572485835356929e+03,3.861835045310097581e+00
9.882572503851048168e+03,3.861835049698948641e+00
9.882572521866737588e+03,3.861835054085973606e+00
9.882572539882428828e+03,3.861835058471172477e+00
9.882572557898120067e+03,3.861835062854543921e+00
9.882572575913809487e+03,3.861835067236089269e+00
9.882572593929500727e+03,3.861835071615808523e+00
9.882572611945190147e+03,3.861835075993700794e+00
9.882572629960881386e+03,3.861835080369766970e+00
9.882572647976570806e+03,3.861835084744005719e+00
9.882572665992262046e+03,3.861835089116418374e+00
9.882572684007953285e+03,3.861835093487004933e+00
9.882572702023642705e+03,3.861835097855764509e+00
9.882572720039333944e+03,3.861835102222697991e+00
9.882572738055023365e+03,3.861835106587804489e+00
9.882572756070714604e+03,3.861835110951084005e+00
9.882572774086404024e+03,3.861835115312536981e+00
9.882572792102095264e+03,3.861835119672164751e+00
9.882572810117786503e+03,3.861835124029964650e+00
9.882572828133475923e+03,3.861835128385938454e+00
9.882572846149167162e+03,3.861835132740085275e+00
9.882572864164856583e+03,3.861835137092405112e+00
9.882572882180547822e+03,3.861835141442898856e+00
9.882572900196237242e+03,3.861835145791566504e+00
9.882572918211928481e+03,3.861835150138406281e+00
9.882572936227619721e+03,3.861835154483420851e+00
9.882572954243309141e+03,3.861835158826606662e+00
9.882572972259000380e+03,3.861835163167967266e+00
9.882572990274689801e+03,3.861835167507500888e+00
9.882573008290381040e+03,3.861835171845207526e+00
9.882573026306070460e+03,3.861835176181087625e+00
9.882573044321761699e+03,3.861835180515141630e+00
9.882573062337451120e+03,3.861835184847367763e+00
9.882573080353142359e+03,3.861835189177768246e+00
9.882573098368833598e+03,3.861835193506340858e+00
9.882573116384523018e+03,3.861835197833087374e+00
9.882573134400214258e+03,3.861835202158007352e+00
9.882573152415903678e+03,3.861835206481099902e+00
9.882573170431594917e+03,3.861835210802365470e+00
9.882573188447284338e+03,3.861835215121804943e+00
9.882573206462975577e+03,3.861835219439416989e+00
9.882573224478666816e+03,3.861835223755203383e+00
9.882573242494356236e+03,3.861835228069161463e+00
9.882573260510047476e+03,3.861835232381293892e+00
9.882573278525736896e+03,3.861835236691598006e+00
9.882573296541428135e+03,3.861835241000076024e+00
9.882573314557117556e+03,3.861835245306727060e+00
9.882573332572808795e+03,3.861835249611551557e+00
9.882573350588500034e+03,3.861835253914549515e+00
9.882573368604189454e+03,3.861835258215719602e+00
9.882573386619880694e+03,3.861835262515063594e+00
9.882573404635570114e+03,3.861835266812580159e+00
9.882573422651261353e+03,3.861835271108270184e+00
9.882573440666950773e+03,3.861835275402132783e+00
9.882573458682642013e+03,3.861835279694169287e+00
9.882573476698333252e+03,3.861835283984377920e+00
9.882573494714022672e+03,3.861835288272760014e+00
9.882573512729713912e+03,3.861835292559314681e+00
9.882573530745403332e+03,3.861835296844042364e+00
9.882573548761094571e+03,3.861835301126943953e+00
9.882573566776783991e+03,3.861835305408017671e+00
9.882573584792475231e+03,3.861835309687264406e+00
9.882573602808166470e+03,3.861835313964685046e+00
9.882573620823855890e+03,3.861835318240277370e+00
9.882573638839547129e+03,3.861835322514043600e+00
9.882573656855236550e+03,3.861835326785981959e+00
9.882573674870927789e+03,3.861835331056093779e+00
9.882573692886617209e+03,3.861835335324378615e+00
9.882573710902308449e+03,3.861835339590836469e+00
9.882573728917999688e+03,3.861835343855466895e+00
9.882573746933689108e+03,3.861835348118269895e+00
9.882573764949380347e+03,3.861835352379246356e+00
9.882573782965069768e+03,3.861835356638395389e+00
9.882573800980761007e+03,3.861835360895717884e+00
9.882573818996450427e+03,3.861835365151212063e+00
9.882573837012141666e+03,3.861835369404879703e+00
9.882573855027832906e+03,3.861835373656721249e+00
9.882573873043522326e+03,3.861835377906734035e+00
9.882573891059213565e+03,3.861835382154920282e+00
9.882573909074902986e+03,3.861835386401279546e+00
9.882573927090594225e+03,3.861835390645811827e+00
9.882573945106283645e+03,3.861835394888516237e+00
9.882573963121974884e+03,3.861835399129393664e+00
9.882573981137666124e+03,3.861835403368444108e+00
9.882573999153355544e+03,3.861835407605667125e+00
9.882574017169046783e+03,3.861835411841063159e+00
9.882574035184736204e+03,3.861835416074631322e+00
9.882574053200427443e+03,3.861835420306372946e+00
9.882574071216116863e+03,3.861835424536286254e+00
9.882574089231808102e+03,3.861835428764373912e+00
9.882574107247499342e+03,3.861835432990633254e+00
9.882574125263188762e+03,3.861835437215065170e+00
9.882574143278880001e+03,3.861835441437669658e+00
9.882574161294569421e+03,3.861835445658446719e+00
9.882574179310260661e+03,3.861835449877397686e+00
9.882574197325950081e+03,3.861835454094519893e+00
9.882574215341641320e+03,3.861835458309815561e+00
9.882574233357332560e+03,3.861835462523284246e+00
9.882574251373021980e+03,3.861835466734925504e+00
9.882574269388713219e+03,3.861835470944738891e+00
9.882574287404402639e+03,3.861835475152724406e+00
9.882574305420093879e+03,3.861835479358883383e+00
9.882574323435783299e+03,3.861835483563214932e+00
9.882574341451474538e+03,3.861835487765718611e+00
9.882574359467165777e+03,3.861835491966394862e+00
9.882574377482855198e+03,3.861835496165244130e+00
9.882574395498546437e+03,3.861835500362265972e+00
9.882574413514235857e+03,3.861835504557459497e+00
9.882574431529927097e+03,3.861835508750826484e+00
9.882574449545616517e+03,3.861835512942365600e+00
9.882574467561307756e+03,3.861835517132077733e+00
9.882574485576998995e+03,3.861835521319961995e+00
9.882574503592688416e+03,3.861835525506018385e+00
9.882574521608379655e+03,3.861835529690247792e+00
9.882574539624069075e+03,3.861835533872649773e+00
9.882574557639760314e+03,3.861835538053224326e+00
9.882574575655449735e+03,3.861835542231970564e+00
9.882574593671140974e+03,3.861835546408890263e+00
9.882574611686832213e+03,3.861835550583982535e+00
9.882574629702521634e+03,3.861835554757245603e+00
9.882574647718212873e+03,3.861835558928683021e+00
9.882574665733902293e+03,3.861835563098291679e+00
9.882574683749593532e+03,3.861835567266073355e+00
9.882574701765282953e+03,3.861835571432027159e+00
9.882574719780974192e+03,3.861835575596153092e+00
9.882574737796665431e+03,3.861835579758452042e+00
9.882574755812354852e+03,3.861835583918922676e+00
9.882574773828046091e+03,3.861835588077566772e+00
9.882574791843735511e+03,3.861835592234381664e+00
9.882574809859426750e+03,3.861835596389370018e+00
9.882574827875116171e+03,3.861835600542530056e+00
9.882574845890807410e+03,3.861835604693863555e+00
9.882574863906498649e+03,3.861835608843368739e+00
9.882574881922188069e+03,3.861835612991046052e+00
9.882574899937879309e+03,3.861835617136895493e+00
9.882574917953568729e+03,3.861835621280917952e+00
9.882574935969259968e+03,3.861835625423112095e+00
9.882574953984949389e+03,3.861835629563478811e+00
9.882574972000640628e+03,3.861835633702018100e+00
9.882574990016331867e+03,3.861835637838729074e+00
9.882575008032021287e+03,3.861835641973612621e+00
9.882575026047712527e+03,3.861835646106667852e+00
9.882575044063401947e+03,3.861835650237895656e+00
9.882575062079093186e+03,3.861835654367296478e+00
9.882575080094782606e+03,3.861835658494868539e+00
9.882575098110473846e+03,3.861835662620612730e+00
9.882575116126165085e+03,3.861835666744530382e+00
9.882575134141854505e+03,3.861835670866618830e+00
9.882575152157545745e+03,3.861835674986880740e+00
9.882575170173235165e+03,3.861835679105313446e+00
9.882575188188926404e+03,3.861835683221919613e+00
9.882575206204615824e+03,3.861835687336696576e+00
9.882575224220307064e+03,3.861835691449646557e+00
9.882575242235998303e+03,3.861835695560768666e+00
9.882575260251687723e+03,3.861835699670062905e+00
9.882575278267378962e+03,3.861835703777528828e+00
9.882575296283068383e+03,3.861835707883166879e+00
9.882575314298759622e+03,3.861835711986977948e+00
9.882575332314449042e+03,3.861835716088959813e+00
9.882575350330140282e+03,3.861835720189114696e+00
9.882575368345831521e+03,3.861835724287441707e+00
9.882575386361520941e+03,3.861835728383940403e+00
9.882575404377212180e+03,3.861835732478611227e+00
9.882575422392901601e+03,3.861835736571453737e+00
9.882575440408592840e+03,3.861835740662469263e+00
9.882575458424282260e+03,3.861835744751656030e+00
9.882575476439973500e+03,3.861835748839014482e+00
9.882575494455664739e+03,3.861835752924546394e+00
9.882575512471354159e+03,3.861835757008248660e+00
9.882575530487045398e+03,3.861835761090123942e+00
9.882575548502734819e+03,3.861835765170170909e+00
9.882575566518426058e+03,3.861835769248390005e+00
9.882575584534115478e+03,3.861835773324780785e+00
9.882575602549806717e+03,3.861835777399344138e+00
9.882575620565497957e+03,3.861835781472079177e+00
9.882575638581187377e+03,3.861835785542985011e+00
9.882575656596878616e+03,3.861835789612064307e+00
9.882575674612568037e+03,3.861835793679314399e+00
9.882575692628259276e+03,3.861835797744737508e+00
9.882575710643948696e+03,3.861835801808331414e+00
9.882575728659639935e+03,3.861835805870098337e+00
9.882575746675329356e+03,3.861835809930036501e+00
9.882575764691020595e+03,3.861835813988146349e+00
9.882575782706711834e+03,3.861835818044428770e+00
9.882575800722401254e+03,3.861835822098882431e+00
9.882575818738092494e+03,3.861835826151508222e+00
9.882575836753781914e+03,3.861835830202306141e+00
9.882575854769473153e+03,3.861835834251275301e+00
9.882575872785162574e+03,3.861835838298416590e+00
9.882575890800853813e+03,3.861835842343729563e+00
9.882575908816545052e+03,3.861835846387214222e+00
9.882575926832234472e+03,3.861835850428870565e+00
9.882575944847925712e+03,3.861835854468699925e+00
9.882575962863615132e+03,3.861835858506699637e+00
9.882575980879306371e+03,3.861835862542872366e+00
9.882575998894995791e+03,3.861835866577215892e+00
9.882576016910687031e+03,3.861835870609731103e+00
9.882576034926378270e+03,3.861835874640418886e+00
9.882576052942067690e+03,3.861835878669277466e+00
9.882576070957758930e+03,3.861835882696308619e+00
9.882576088973448350e+03,3.861835886721511013e+00
9.882576106989139589e+03,3.861835890744884647e+00
9.882576125004829009e+03,3.861835894766430410e+00
9.882576143020520249e+03,3.861835898786148746e+00
9.882576161036211488e+03,3.861835902804037879e+00
9.882576179051900908e+03,3.861835906820098696e+00
9.882576197067592148e+03,3.861835910834331642e+00
9.882576215083281568e+03,3.861835914846735829e+00
9.882576233098972807e+03,3.861835918857312144e+00
9.882576251114662227e+03,3.861835922866059256e+00
9.882576269130353467e+03,3.861835926872978941e+00
9.882576287146044706e+03,3.861835930878069423e+00
9.882576305161734126e+03,3.861835934881331589e+00
9.882576323177425365e+03,3.861835938882766328e+00
9.882576341193114786e+03,3.861835942882371420e+00
9.882576359208806025e+03,3.861835946880149084e+00
9.882576377224495445e+03,3.861835950876097545e+00
9.882576395240186685e+03,3.861835954870218579e+00
9.882576413255877924e+03,3.861835958862510410e+00
9.882576431271567344e+03,3.861835962852973925e+00
9.882576449287258583e+03,3.861835966841608681e+00
9.882576467302948004e+03,3.861835970828416009e+00
9.882576485318639243e+03,3.861835974813393690e+00
9.882576503334328663e+03,3.861835978796543500e+00
9.882576521350019902e+03,3.861835982777864551e+00
9.882576539365711142e+03,3.861835986757357730e+00
9.882576557381400562e+03,3.861835990735021706e+00
9.882576575397091801e+03,3.861835994710856923e+00
9.882576593412781222e+03,3.861835998684864713e+00
9.882576611428472461e+03,3.861836002657043299e+00
9.882576629444161881e+03,3.861836006627392681e+00
9.882576647459853120e+03,3.861836010595914637e+00
9.882576665475544360e+03,3.861836014562607833e+00
9.882576683491233780e+03,3.861836018527472270e+00
9.882576701506925019e+03,3.861836022490507947e+00
9.882576719522614439e+03,3.861836026451715309e+00
9.882576737538305679e+03,3.861836030411093468e+00
9.882576755553995099e+03,3.861836034368643755e+00
9.882576773569686338e+03,3.861836038324365283e+00
9.882576791585377578e+03,3.861836042278258940e+00
9.882576809601066998e+03,3.861836046230322506e+00
9.882576827616758237e+03,3.861836050180558644e+00
9.882576845632447657e+03,3.861836054128964690e+00
9.882576863648138897e+03,3.861836058075543310e+00
9.882576881663828317e+03,3.861836062020293170e+00
9.882576899679519556e+03,3.861836065963213382e+00
9.882576917695210796e+03,3.861836069904306612e+00
9.882576935710900216e+03,3.861836073843569750e+00
9.882576953726591455e+03,3.861836077781005017e+00
9.882576971742280875e+03,3.861836081716610636e+00
9.882576989757972115e+03,3.861836085650388384e+00
9.882577007773661535e+03,3.861836089582336484e+00
9.882577025789352774e+03,3.861836093512456713e+00
9.882577043805044013e+03,3.861836097440748627e+00
9.882577061820733434e+03,3.861836101367210894e+00
9.882577079836424673e+03,3.861836105291844401e+00
9.882577097852114093e+03,3.861836109214650037e+00
9.882577115867805333e+03,3.861836113135626469e+00
9.882577133883494753e+03,3.861836117054773698e+00
9.882577151899185992e+03,3.861836120972091724e+00
9.882577169914877231e+03,3.861836124887582766e+00
9.882577187930566652e+03,3.861836128801243273e+00
9.882577205946257891e+03,3.861836132713075909e+00
9.882577223961947311e+03,3.861836136623078453e+00
9.882577241977638550e+03,3.861836140531253569e+00
9.882577259993327971e+03,3.861836144437599039e+00
9.882577278009019210e+03,3.861836148342115749e+00
9.882577296024710449e+03,3.861836152244804587e+00
9.882577314040399870e+03,3.861836156145663335e+00
9.882577332056091109e+03,3.861836160044693766e+00
9.882577350071780529e+03,3.861836163941894995e+00
9.882577368087471768e+03,3.861836167837267464e+00
9.882577386103161189e+03,3.861836171730811174e+00
9.882577404118852428e+03,3.861836175622526124e+00
9.882577422134543667e+03,3.861836179512411871e+00
9.882577440150233087e+03,3.861836183400468858e+00
9.882577458165924327e+03,3.861836187286697086e+00
9.882577476181613747e+03,3.861836191171095667e+00
9.882577494197304986e+03,3.861836195053665932e+00
9.882577512212994407e+03,3.861836198934406994e+00
9.882577530228685646e+03,3.861836202813318852e+00
9.882577548244376885e+03,3.861836206690401951e+00
9.882577566260066305e+03,3.861836210565656291e+00
9.882577584275757545e+03,3.861836214439080983e+00
9.882577602291446965e+03,3.861836218310677804e+00
9.882577620307138204e+03,3.861836222180444977e+00
9.882577638322827625e+03,3.861836226048382947e+00
9.882577656338518864e+03,3.861836229914492158e+00
9.882577674354210103e+03,3.861836233778772165e+00
9.882577692369899523e+03,3.861836237641222969e+00
9.882577710385590763e+03,3.861836241501845457e+00
9.882577728401280183e+03,3.861836245360638298e+00
9.882577746416971422e+03,3.861836249217601935e+00
9.882577764432660842e+03,3.861836253072736369e+00
9.882577782448352082e+03,3.861836256926042488e+00
9.882577800464043321e+03,3.861836260777518515e+00
9.882577818479732741e+03,3.861836264627166670e+00
9.882577836495423981e+03,3.861836268474984735e+00
9.882577854511113401e+03,3.861836272320973595e+00
9.882577872526804640e+03,3.861836276165134141e+00
9.882577890542494060e+03,3.861836280007464595e+00
9.882577908558185300e+03,3.861836283847967177e+00
9.882577926573876539e+03,3.861836287686639668e+00
9.882577944589565959e+03,3.861836291523482956e+00
9.882577962605257198e+03,3.861836295358497040e+00
9.882577980620946619e+03,3.861836299191682365e+00
9.882577998636637858e+03,3.861836303023038486e+00
9.882578016652327278e+03,3.861836306852565404e+00
9.882578034668018518e+03,3.861836310680263118e+00
9.882578052683709757e+03,3.861836314506131629e+00
9.882578070699399177e+03,3.861836318330170492e+00
9.882578088715090416e+03,3.861836322152381040e+00
9.882578106730779837e+03,3.861836325972761497e+00
9.882578124746471076e+03,3.861836329791312750e+00
9.882578142762160496e+03,3.861836333608034355e+00
9.882578160777851735e+03,3.861836337422927201e+00
9.882578178793542975e+03,3.861836341235991288e+00
9.882578196809232395e+03,3.861836345047225283e+00
9.882578214824923634e+03,3.861836348856630519e+00
9.882578232840613055e+03,3.861836352664206107e+00
9.882578250856304294e+03,3.861836356469952936e+00
9.882578268871993714e+03,3.861836360273869673e+00
9.882578286887684953e+03,3.861836364075957650e+00
9.882578304903376193e+03,3.861836367876216869e+00
9.882578322919065613e+03,3.861836371674645552e+00
9.882578340934756852e+03,3.861836375471245919e+00
9.882578358950446273e+03,3.861836379266015307e+00
9.882578376966137512e+03,3.861836383058956823e+00
9.882578394981826932e+03,3.861836386850069136e+00
9.882578412997518171e+03,3.861836390639351357e+00
9.882578431013207592e+03,3.861836394426804375e+00
9.882578449028898831e+03,3.861836398212427302e+00
9.882578467044590070e+03,3.861836401996222357e+00
9.882578485060279490e+03,3.861836405778186432e+00
9.882578503075970730e+03,3.861836409558322192e+00
9.882578521091660150e+03,3.861836413336627860e+00
9.882578539107351389e+03,3.861836417113104769e+00
9.882578557123040810e+03,3.861836420887751586e+00
9.882578575138732049e+03,3.861836424660569200e+00
9.882578593154423288e+03,3.861836428431557611e+00
9.882578611170112708e+03,3.861836432200715485e+00
9.882578629185803948e+03,3.861836435968044601e+00
9.882578647201493368e+03,3.861836439733544513e+00
9.882578665217184607e+03,3.861836443497214777e+00
9.882578683232874027e+03,3.861836447259054950e+00
9.882578701248565267e+03,3.861836451019066363e+00
9.882578719264256506e+03,3.861836454777248573e+00
9.882578737279945926e+03,3.861836458533599803e+00
9.882578755295637166e+03,3.861836462288123162e+00
9.882578773311326586e+03,3.861836466040816429e+00
9.882578791327017825e+03,3.861836469791679605e+00
9.882578809342707245e+03,3.861836473540713577e+00
9.882578827358398485e+03,3.861836477287917457e+00
9.882578845374089724e+03,3.861836481033292579e+00
9.882578863389779144e+03,3.861836484776837608e+00
9.882578881405470383e+03,3.861836488518553434e+00
9.882578899421159804e+03,3.861836492258439613e+00
9.882578917436851043e+03,3.861836495996495700e+00
9.882578935452540463e+03,3.861836499732722583e+00
9.882578953468231703e+03,3.861836503467119375e+00
9.882578971483922942e+03,3.861836507199687407e+00
9.882578989499612362e+03,3.861836510930424904e+00
9.882579007515303601e+03,3.861836514659333641e+00
9.882579025530993022e+03,3.861836518386411843e+00
9.882579043546684261e+03,3.861836522111660397e+00
9.882579061562373681e+03,3.861836525835080192e+00
9.882579079578064920e+03,3.861836529556669895e+00
9.882579097593756160e+03,3.861836533276429506e+00
9.882579115609445580e+03,3.861836536994359470e+00
9.882579133625136819e+03,3.861836540710460230e+00
9.882579151640826240e+03,3.861836544424730899e+00
9.882579169656517479e+03,3.861836548137171476e+00
9.882579187672206899e+03,3.861836551847783294e+00
9.882579205687898138e+03,3.861836555556565020e+00
9.882579223703589378e+03,3.861836559263516655e+00
9.882579241719278798e+03,3.861836562968638642e+00
9.882579259734970037e+03,3.861836566671930981e+00
9.882579277750659458e+03,3.861836570373392785e+00
9.882579295766350697e+03,3.861836574073026274e+00
9.882579313782040117e+03,3.861836577770829226e+00
9.882579331797731356e+03,3.861836581466802087e+00
9.882579349813422596e+03,3.861836585160945745e+00
9.882579367829112016e+03,3.861836588853259311e+00
9.882579385844803255e+03,3.861836592543742785e+00
9.882579403860492675e+03,3.861836596232396612e+00
9.882579421876183915e+03,3.861836599919220347e+00
9.882579439891873335e+03,3.861836603604214435e+00
9.882579457907564574e+03,3.861836607287378875e+00
9.882579475923255814e+03,3.861836610968713668e+00
9.882579493938945234e+03,3.861836614648217925e+00
9.882579511954636473e+03,3.861836618325892534e+00
9.882579529970325893e+03,3.861836622001737496e+00
9.882579547986017133e+03,3.861836625675753254e+00
9.882579566001706553e+03,3.861836629347937144e+00
9.882579584017397792e+03,3.861836633018293163e+00
9.882579602033089031e+03,3.861836636686818203e+00
9.882579620048778452e+03,3.861836640353513150e+00
9.882579638064469691e+03,3.861836644018378895e+00
9.882579656080159111e+03,3.861836647681414103e+00
9.882579674095850351e+03,3.861836651342620108e+00
9.882579692111539771e+03,3.861836655001995133e+00
9.882579710127231010e+03,3.861836658659541399e+00
9.882579728142922249e+03,3.861836662315256241e+00
9.882579746158611670e+03,3.861836665969141436e+00
9.882579764174302909e+03,3.861836669621197871e+00
9.882579782189992329e+03,3.861836673271422882e+00
9.882579800205683568e+03,3.861836676919818245e+00
9.882579818221372989e+03,3.861836680566383961e+00
9.882579836237064228e+03,3.861836684211120030e+00
9.882579854252755467e+03,3.861836687854025563e+00
9.882579872268444888e+03,3.861836691495101004e+00
9.882579890284136127e+03,3.861836695134346353e+00
9.882579908299825547e+03,3.861836698771762055e+00
9.882579926315516786e+03,3.861836702407347666e+00
9.882579944331206207e+03,3.861836706041102296e+00
9.882579962346897446e+03,3.861836709673028167e+00
9.882579980362588685e+03,3.861836713303123059e+00
9.882579998378278106e+03,3.861836716931387858e+00
9.882580016393969345e+03,3.861836720557822566e+00
9.882580034409658765e+03,3.861836724182427627e+00
9.882580052425350004e+03,3.861836727805202596e+00
9.882580070441039425e+03,3.861836731426146585e+00
9.882580088456730664e+03,3.861836735045261815e+00
9.882580106472421903e+03,3.861836738662546065e+00
9.882580124488111323e+03,3.861836742278000223e+00
9.882580142503802563e+03,3.861836745891623401e+00
9.882580160519491983e+03,3.861836749503417821e+00
9.882580178535183222e+03,3.861836753113381260e+00
9.882580196550872643e+03,3.861836756721515052e+00
9.882580214566563882e+03,3.861836760327818308e+00
9.882580232582255121e+03,3.861836763932291028e+00
9.882580250597944541e+03,3.861836767534934101e+00
9.882580268613635781e+03,3.861836771135746638e+00
9.882580286629325201e+03,3.861836774734729527e+00
9.882580304645016440e+03,3.861836778331881437e+00
9.882580322660705860e+03,3.861836781927203699e+00
9.882580340676397100e+03,3.861836785520695425e+00
9.882580358692088339e+03,3.861836789112357060e+00
9.882580376707777759e+03,3.861836792702188159e+00
9.882580394723468999e+03,3.861836796290189611e+00
9.882580412739158419e+03,3.861836799876360082e+00
9.882580430754849658e+03,3.861836803460700462e+00
9.882580448770539078e+03,3.861836807043210307e+00
9.882580466786230318e+03,3.861836810623890948e+00
9.882580484801921557e+03,3.861836814202740609e+00
9.882580502817610977e+03,3.861836817779759290e+00
9.882580520833302216e+03,3.861836821354948324e+00
9.882580538848991637e+03,3.861836824928306378e+00
9.882580556864682876e+03,3.861836828499834784e+00
9.882580574880372296e+03,3.861836832069533099e+00
9.882580592896063536e+03,3.861836835637400434e+00
9.882580610911754775e+03,3.861836839203437677e+00
9.882580628927444195e+03,3.861836842767644384e+00
9.882580646943135434e+03,3.861836846330021000e+00
9.882580664958824855e+03,3.861836849890567080e+00
9.882580682974516094e+03,3.861836853449282625e+00
9.882580700990205514e+03,3.861836857006167634e+00
9.882580719005896754e+03,3.861836860561222995e+00
9.882580737021587993e+03,3.861836864114447820e+00
9.882580755037277413e+03,3.861836867665841222e+00
9.882580773052968652e+03,3.861836871215405420e+00
9.882580791068658073e+03,3.861836874763138194e+00
9.882580809084349312e+03,3.861836878309040877e+00
9.882580827100038732e+03,3.861836881853113468e+00
9.882580845115729971e+03,3.861836885395355523e+00
9.882580863131421211e+03,3.861836888935766599e+00
9.882580881147110631e+03,3.861836892474347582e+00
9.882580899162801870e+03,3.861836896011097586e+00
9.882580917178491291e+03,3.861836899546017055e+00
9.882580935194182530e+03,3.861836903079107319e+00
9.882580953209871950e+03,3.861836906610366160e+00
9.882580971225563189e+03,3.861836910139794021e+00
9.882580989241252610e+03,3.861836913667391791e+00
9.882581007256943849e+03,3.861836917193159469e+00
9.882581025272635088e+03,3.861836920717096611e+00
9.882581043288324508e+03,3.861836924239201885e+00
9.882581061304015748e+03,3.861836927759478399e+00
9.882581079319705168e+03,3.861836931277923046e+00
9.882581097335396407e+03,3.861836934794537601e+00
9.882581115351085828e+03,3.861836938309321177e+00
9.882581133366777067e+03,3.861836941822275104e+00
9.882581151382468306e+03,3.861836945333398052e+00
9.882581169398157726e+03,3.861836948842690465e+00
9.882581187413848966e+03,3.861836952350151453e+00
9.882581205429538386e+03,3.861836955855783238e+00
9.882581223445229625e+03,3.861836959359583599e+00
9.882581241460919045e+03,3.861836962861552536e+00
9.882581259476610285e+03,3.861836966361692269e+00
9.882581277492301524e+03,3.861836969860000579e+00
9.882581295507990944e+03,3.861836973356478353e+00
9.882581313523682184e+03,3.861836976851125591e+00
9.882581331539371604e+03,3.861836980343941406e+00
9.882581349555062843e+03,3.861836983834928017e+00
9.882581367570752263e+03,3.861836987324082759e+00
9.882581385586443503e+03,3.861836990811407411e+00
9.882581403602134742e+03,3.861836994296900638e+00
9.882581421617824162e+03,3.861836997780564218e+00
9.882581439633515402e+03,3.861837001262396374e+00
9.882581457649204822e+03,3.861837004742397994e+00
9.882581475664896061e+03,3.861837008220568634e+00
9.882581493680585481e+03,3.861837011696908739e+00
9.882581511696276721e+03,3.861837015171418752e+00
9.882581529711967960e+03,3.861837018644096897e+00
9.882581547727657380e+03,3.861837022114944507e+00
9.882581565743348619e+03,3.861837025583962024e+00
9.882581583759038040e+03,3.861837029051147674e+00
9.882581601774729279e+03,3.861837032516503676e+00
9.882581619790418699e+03,3.861837035980028254e+00
9.882581637806109939e+03,3.861837039441722741e+00
9.882581655821801178e+03,3.861837042901585804e+00
9.882581673837490598e+03,3.861837046359617887e+00
9.882581691853181837e+03,3.861837049815819434e+00
9.882581709868871258e+03,3.861837053270190445e+00
9.882581727884562497e+03,3.861837056722729589e+00
9.882581745900251917e+03,3.861837060173438640e+00
9.882581763915943156e+03,3.861837063622317157e+00
9.882581781931634396e+03,3.861837067069364693e+00
9.882581799947323816e+03,3.861837070514580805e+00
9.882581817963015055e+03,3.861837073957966826e+00
9.882581835978704476e+03,3.861837077399520979e+00
9.882581853994395715e+03,3.861837080839245040e+00
9.882581872010085135e+03,3.861837084277137677e+00
9.882581890025776374e+03,3.861837087713199779e+00
9.882581908041467614e+03,3.861837091147430456e+00
9.882581926057157034e+03,3.861837094579830598e+00
9.882581944072848273e+03,3.861837098010400204e+00
9.882581962088537693e+03,3.861837101439138831e+00
9.882581980104228933e+03,3.861837104866046477e+00
9.882581998119918353e+03,3.861837108291122256e+00
9.882582016135609592e+03,3.861837111714367499e+00
9.882582034151300832e+03,3.861837115135782650e+00
9.882582052166990252e+03,3.861837118555365489e+00
9.882582070182681491e+03,3.861837121973118236e+00
9.882582088198370911e+03,3.861837125389040004e+00
9.882582106214062151e+03,3.861837128803130348e+00
9.882582124229751571e+03,3.861837132215389712e+00
9.882582142245442810e+03,3.861837135625818984e+00
9.882582160261134050e+03,3.861837139034416833e+00
9.882582178276823470e+03,3.861837142441182813e+00
9.882582196292514709e+03,3.861837145846117814e+00
9.882582214308204129e+03,3.861837149249222279e+00
9.882582232323895369e+03,3.861837152650495764e+00
9.882582250339584789e+03,3.861837156049938713e+00
9.882582268355276028e+03,3.861837159447549794e+00
9.882582286370967267e+03,3.861837162843329896e+00
9.882582304386656688e+03,3.861837166237279462e+00
9.882582322402347927e+03,3.861837169629397160e+00
9.882582340418037347e+03,3.861837173019684322e+00
9.882582358433728587e+03,3.861837176408140060e+00
9.882582376449418007e+03,3.861837179794764818e+00
9.882582394465109246e+03,3.861837183179559041e+00
9.882582412480800485e+03,3.861837186562520952e+00
9.882582430496489906e+03,3.861837189943652771e+00
9.882582448512181145e+03,3.861837193322953166e+00
9.882582466527870565e+03,3.861837196700421693e+00
9.882582484543561804e+03,3.861837200076060572e+00
9.882582502559251225e+03,3.861837203449866696e+00
9.882582520574942464e+03,3.861837206821842727e+00
9.882582538590633703e+03,3.861837210191986891e+00
9.882582556606323124e+03,3.861837213560300519e+00
9.882582574622014363e+03,3.861837216926782723e+00
9.882582592637703783e+03,3.861837220291433503e+00
9.882582610653395022e+03,3.861837223654253304e+00
9.882582628669084443e+03,3.861837227015241680e+00
9.882582646684775682e+03,3.861837230374399521e+00
9.882582664700466921e+03,3.861837233731725494e+00
9.882582682716156341e+03,3.861837237087220043e+00
9.882582700731847581e+03,3.861837240440884500e+00
9.882582718747537001e+03,3.861837243792716201e+00
9.882582736763228240e+03,3.861837247142717366e+00
9.882582754778917661e+03,3.861837250490887552e+00
9.882582772794608900e+03,3.861837253837226314e+00
9.882582790810300139e+03,3.861837257181734095e+00
9.882582808825989559e+03,3.861837260524409121e+00
9.882582826841680799e+03,3.861837263865254499e+00
9.882582844857370219e+03,3.861837267204268009e+00
9.882582862873061458e+03,3.861837270541450096e+00
9.882582880888750879e+03,3.861837273876801202e+00
9.882582898904442118e+03,3.861837277210320440e+00
9.882582916920133357e+03,3.861837280542009143e+00
9.882582934935822777e+03,3.861837283871865978e+00
9.882582952951514017e+03,3.861837287199890945e+00
9.882582970967203437e+03,3.861837290526085376e+00
9.882582988982894676e+03,3.861837293850448383e+00
9.882583006998584096e+03,3.861837297172979966e+00
9.882583025014275336e+03,3.861837300493680125e+00
9.882583043029966575e+03,3.861837303812548861e+00
9.882583061045655995e+03,3.861837307129586616e+00
9.882583079061347235e+03,3.861837310444792504e+00
9.882583097077036655e+03,3.861837313758166967e+00
9.882583115092727894e+03,3.861837317069710451e+00
9.882583133108417314e+03,3.861837320379422067e+00
9.882583151124108554e+03,3.861837323687302259e+00
9.882583169139799793e+03,3.861837326993351471e+00
9.882583187155489213e+03,3.861837330297568371e+00
9.882583205171180452e+03,3.861837333599955180e+00
9.882583223186869873e+03,3.861837336900509676e+00
9.882583241202561112e+03,3.861837340199232749e+00
9.882583259218250532e+03,3.861837343496123953e+00
9.882583277233941772e+03,3.861837346791184622e+00
9.882583295249633011e+03,3.861837350084412979e+00
9.882583313265322431e+03,3.861837353375810800e+00
9.882583331281013670e+03,3.861837356665376753e+00
9.882583349296703091e+03,3.861837359953110838e+00
9.882583367312394330e+03,3.861837363239013499e+00
9.882583385328083750e+03,3.861837366523084292e+00
9.882583403343774989e+03,3.861837369805324549e+00
9.882583421359466229e+03,3.861837373085732494e+00
9.882583439375155649e+03,3.861837376364309460e+00
9.882583457390846888e+03,3.861837379641054557e+00
9.882583475406536309e+03,3.861837382915968675e+00
9.882583493422227548e+03,3.861837386189050036e+00
9.882583511437916968e+03,3.861837389460300862e+00
9.882583529453608207e+03,3.861837392729720264e+00
9.882583547469299447e+03,3.861837395997307354e+00
9.882583565484988867e+03,3.861837399263062576e+00
9.882583583500680106e+03,3.861837402526987262e+00
9.882583601516369527e+03,3.861837405789079636e+00
9.882583619532060766e+03,3.861837409049340586e+00
9.882583637547750186e+03,3.861837412307769668e+00
9.882583655563441425e+03,3.861837415564367770e+00
9.882583673579130846e+03,3.861837418819133561e+00
9.882583691594822085e+03,3.861837422072068371e+00
9.882583709610513324e+03,3.861837425323170869e+00
9.882583727626202744e+03,3.861837428572442388e+00
9.882583745641893984e+03,3.861837431819882038e+00
9.882583763657583404e+03,3.861837435065489377e+00
9.882583781673274643e+03,3.861837438309265735e+00
9.882583799688964064e+03,3.861837441551210670e+00
9.882583817704655303e+03,3.861837444791322849e+00
9.882583835720346542e+03,3.861837448029604047e+00
9.882583853736035962e+03,3.861837451266053822e+00
9.882583871751727202e+03,3.861837454500672173e+00
9.882583889767416622e+03,3.861837457733457324e+00
9.882583907783107861e+03,3.861837460964412383e+00
9.882583925798797281e+03,3.861837464193534242e+00
9.882583943814488521e+03,3.861837467420825565e+00
9.882583961830179760e+03,3.861837470646284576e+00
9.882583979845869180e+03,3.861837473869911719e+00
9.882583997861560420e+03,3.861837477091707882e+00
9.882584015877249840e+03,3.861837480311670845e+00
9.882584033892941079e+03,3.861837483529803716e+00
9.882584051908630499e+03,3.861837486746103387e+00
9.882584069924321739e+03,3.861837489960572078e+00
9.882584087940012978e+03,3.861837493173208902e+00
9.882584105955702398e+03,3.861837496384013413e+00
9.882584123971393637e+03,3.861837499592986944e+00
9.882584141987083058e+03,3.861837502800128163e+00
9.882584160002774297e+03,3.861837506005437515e+00
9.882584178018463717e+03,3.861837509208915442e+00
9.882584196034154957e+03,3.861837512410561501e+00
9.882584214049846196e+03,3.861837515610375693e+00
9.882584232065535616e+03,3.861837518808357572e+00
9.882584250081226855e+03,3.861837522004508028e+00
9.882584268096916276e+03,3.861837525198826615e+00
9.882584286112607515e+03,3.861837528391313334e+00
9.882584304128296935e+03,3.861837531581967742e+00
9.882584322143988175e+03,3.861837534770790281e+00
9.882584340159679414e+03,3.861837537957781841e+00
9.882584358175368834e+03,3.861837541142940200e+00
9.882584376191060073e+03,3.861837544326268024e+00
9.882584394206749494e+03,3.861837547507763091e+00
9.882584412222440733e+03,3.861837550687426290e+00
9.882584430238130153e+03,3.861837553865258066e+00
9.882584448253821392e+03,3.861837557041257085e+00
9.882584466269512632e+03,3.861837560215425125e+00
9.882584484285202052e+03,3.861837563387760408e+00
9.882584502300893291e+03,3.861837566558264268e+00
9.882584520316582712e+03,3.861837569726935815e+00
9.882584538332273951e+03,3.861837572893775494e+00
9.882584556347963371e+03,3.861837576058782862e+00
9.882584574363654610e+03,3.861837579221958805e+00
9.882584592379345850e+03,3.861837582383302436e+00
9.882584610395035270e+03,3.861837585542815088e+00
9.882584628410726509e+03,3.861837588700494539e+00
9.882584646426415929e+03,3.861837591856341678e+00
9.882584664442107169e+03,3.861837595010358282e+00
9.882584682457796589e+03,3.861837598162542129e+00
9.882584700473487828e+03,3.861837601312893220e+00
9.882584718489179068e+03,3.861837604461413775e+00
9.882584736504868488e+03,3.861837607608101131e+00
9.882584754520559727e+03,3.861837610752957062e+00
9.882584772536249147e+03,3.861837613895980237e+00
9.882584790551940387e+03,3.861837617037171988e+00
9.882584808567629807e+03,3.861837620176531427e+00
9.882584826583321046e+03,3.861837623314058554e+00
9.882584844599012285e+03,3.861837626449753813e+00
9.882584862614701706e+03,3.861837629583617648e+00
9.882584880630392945e+03,3.861837632715648727e+00
9.882584898646082365e+03,3.861837635845847050e+00
9.882584916661773605e+03,3.861837638974214837e+00
9.882584934677463025e+03,3.861837642100748980e+00
9.882584952693154264e+03,3.861837645225451698e+00
9.882584970708845503e+03,3.861837648348322549e+00
9.882584988724534924e+03,3.861837651469361088e+00
9.882585006740226163e+03,3.861837654588566870e+00
9.882585024755915583e+03,3.861837657705941229e+00
9.882585042771606822e+03,3.861837660821482832e+00
9.882585060787296243e+03,3.861837663935193010e+00
9.882585078802987482e+03,3.861837667047070433e+00
9.882585096818678721e+03,3.861837670157115987e+00
9.882585114834368142e+03,3.861837673265329229e+00
9.882585132850059381e+03,3.861837676371710604e+00
9.882585150865748801e+03,3.861837679476258778e+00
9.882585168881440040e+03,3.861837682578976416e+00
9.882585186897129461e+03,3.861837685679859966e+00
9.882585204912820700e+03,3.861837688778913424e+00
9.882585222928511939e+03,3.861837691876132794e+00
9.882585240944201360e+03,3.861837694971521184e+00
9.882585258959892599e+03,3.861837698065076374e+00
9.882585276975582019e+03,3.861837701156799252e+00
9.882585294991273258e+03,3.861837704246690706e+00
9.882585313006962679e+03,3.861837707334749403e+00
9.882585331022653918e+03,3.861837710420976677e+00
9.882585349038345157e+03,3.861837713505370306e+00
9.882585367054034577e+03,3.861837716587932068e+00
9.882585385069725817e+03,3.861837719668662405e+00
9.882585403085415237e+03,3.861837722747559098e+00
9.882585421101106476e+03,3.861837725824624368e+00
9.882585439116795897e+03,3.861837728899857325e+00
9.882585457132487136e+03,3.861837731973257970e+00
9.882585475148178375e+03,3.861837735044826747e+00
9.882585493163867795e+03,3.861837738114562324e+00
9.882585511179559035e+03,3.861837741182466033e+00
9.882585529195248455e+03,3.861837744248536985e+00
9.882585547210939694e+03,3.861837747312776070e+00
9.882585565226629114e+03,3.861837750375182399e+00
9.882585583242320354e+03,3.861837753435756859e+00
9.882585601258011593e+03,3.861837756494498120e+00
9.882585619273701013e+03,3.861837759551407956e+00
9.882585637289392253e+03,3.861837762606484592e+00
9.882585655305081673e+03,3.861837765659729360e+00
9.882585673320772912e+03,3.861837768711141816e+00
9.882585691336462332e+03,3.861837771760721516e+00
9.882585709352153572e+03,3.861837774808469348e+00
9.882585727367844811e+03,3.861837777854383980e+00
9.882585745383534231e+03,3.861837780898466743e+00
9.882585763399225470e+03,3.861837783940717195e+00
9.882585781414914891e+03,3.861837786981134446e+00
9.882585799430606130e+03,3.861837790019719829e+00
9.882585817446295550e+03,3.861837793056472456e+00
9.882585835461986790e+03,3.861837796091393660e+00
9.882585853477678029e+03,3.861837799124481219e+00
9.882585871493367449e+03,3.861837802155736465e+00
9.882585889509058688e+03,3.861837805185160288e+00
9.882585907524748109e+03,3.861837808212750467e+00
9.882585925540439348e+03,3.861837811238508777e+00
9.882585943556128768e+03,3.861837814262433888e+00
9.882585961571820008e+03,3.861837817284527130e+00
9.882585979587511247e+03,3.861837820304788060e+00
9.882585997603200667e+03,3.861837823323216234e+00
9.882586015618891906e+03,3.861837826339812096e+00
9.882586033634581327e+03,3.861837829354574314e+00
9.882586051650272566e+03,3.861837832367505108e+00
9.882586069665961986e+03,3.861837835378603145e+00
9.882586087681653225e+03,3.861837838387868871e+00
9.882586105697344465e+03,3.861837841395301840e+00
9.882586123713033885e+03,3.861837844400901609e+00
9.882586141728725124e+03,3.861837847404669510e+00
9.882586159744414545e+03,3.861837850406604655e+00
9.882586177760105784e+03,3.861837853406707932e+00
9.882586195775795204e+03,3.861837856404977121e+00
9.882586213791486443e+03,3.861837859401415329e+00
9.882586231807177683e+03,3.861837862396019450e+00
9.882586249822867103e+03,3.861837865388792146e+00
9.882586267838558342e+03,3.861837868379731642e+00
9.882586285854247762e+03,3.861837871368838382e+00
9.882586303869939002e+03,3.861837874356112810e+00
9.882586321885628422e+03,3.861837877341554481e+00
9.882586339901319661e+03,3.861837880325163841e+00
9.882586357917009082e+03,3.861837883306940444e+00
9.882586375932700321e+03,3.861837886286884736e+00
9.882586393948391560e+03,3.861837889264995383e+00
9.882586411964080980e+03,3.861837892241273273e+00
9.882586429979772220e+03,3.861837895215720184e+00
9.882586447995461640e+03,3.861837898188333007e+00
9.882586466011152879e+03,3.861837901159113517e+00
9.882586484026842299e+03,3.861837904128060828e+00
9.882586502042533539e+03,3.861837907095176270e+00
9.882586520058224778e+03,3.861837910060459400e+00
9.882586538073914198e+03,3.861837913023908886e+00
9.882586556089605438e+03,3.861837915985526060e+00
9.882586574105294858e+03,3.861837918945309589e+00
9.882586592120986097e+03,3.861837921903261694e+00
9.882586610136675517e+03,3.861837924859380156e+00
9.882586628152366757e+03,3.861837927813666305e+00
9.882586646168057996e+03,3.861837930766119698e+00
9.882586664183747416e+03,3.861837933716739890e+00
9.882586682199438656e+03,3.861837936665528215e+00
9.882586700215128076e+03,3.861837939612483339e+00
9.882586718230819315e+03,3.861837942557605707e+00
9.882586736246508735e+03,3.861837945500894875e+00
9.882586754262199975e+03,3.861837948442351287e+00
9.882586772277891214e+03,3.861837951381975387e+00
9.882586790293580634e+03,3.861837954319766730e+00
9.882586808309271873e+03,3.861837957255724874e+00
9.882586826324961294e+03,3.861837960189850261e+00
9.882586844340652533e+03,3.861837963122143336e+00
9.882586862356341953e+03,3.861837966052603210e+00
9.882586880372033193e+03,3.861837968981230329e+00
9.882586898387724432e+03,3.861837971908024691e+00
9.882586916403413852e+03,3.861837974832985854e+00
9.882586934419105091e+03,3.861837977756114260e+00
9.882586952434794512e+03,3.861837980677409465e+00
9.882586970450485751e+03,3.861837983596873247e+00
9.882586988466175171e+03,3.861837986514502497e+00
9.882587006481866410e+03,3.861837989430299878e+00
9.882587024497557650e+03,3.861837992344264059e+00
9.882587042513247070e+03,3.861837995256395928e+00
9.882587060528938309e+03,3.861837998166694153e+00
9.882587078544627730e+03,3.861838001075159177e+00
9.882587096560318969e+03,3.861838003981792333e+00
9.882587114576008389e+03,3.861838006886591845e+00
9.882587132591699628e+03,3.861838009789558157e+00
9.882587150607390868e+03,3.861838012690692157e+00
9.882587168623080288e+03,3.861838015589993400e+00
9.882587186638771527e+03,3.861838018487461444e+00
9.882587204654460947e+03,3.861838021383095843e+00
9.882587222670152187e+03,3.861838024276898818e+00
9.882587240685841607e+03,3.861838027168867260e+00
9.882587258701532846e+03,3.861838030059003390e+00
9.882587276717224086e+03,3.861838032947307209e+00
9.882587294732913506e+03,3.861838035833776939e+00
9.882587312748604745e+03,3.861838038718414801e+00
9.882587330764294165e+03,3.861838041601219018e+00
9.882587348779985405e+03,3.861838044482189591e+00
9.882587366795674825e+03,3.861838047361327853e+00
9.882587384811366064e+03,3.861838050238633802e+00
9.882587402827057304e+03,3.861838053114106106e+00
9.882587420842746724e+03,3.861838055987744767e+00
9.882587438858437963e+03,3.861838058859551559e+00
9.882587456874127383e+03,3.861838061729524263e+00
9.882587474889818623e+03,3.861838064597664655e+00
9.882587492905508043e+03,3.861838067463970958e+00
9.882587510921199282e+03,3.861838070328445394e+00
9.882587528936890521e+03,3.861838073191086629e+00
9.882587546952579942e+03,3.861838076051894220e+00
9.882587564968271181e+03,3.861838078910869498e+00
9.882587582983960601e+03,3.861838081768010689e+00
9.882587600999651841e+03,3.861838084623320011e+00
9.882587619015341261e+03,3.861838087476794801e+00
9.882587637031032500e+03,3.861838090328438167e+00
9.882587655046723739e+03,3.861838093178247444e+00
9.882587673062413160e+03,3.861838096026223965e+00
9.882587691078104399e+03,3.861838098872366842e+00
9.882587709093793819e+03,3.861838101716676519e+00
9.882587727109485058e+03,3.861838104559153884e+00
9.882587745125174479e+03,3.861838107399797604e+00
9.882587763140865718e+03,3.861838110238608124e+00
9.882587781156556957e+03,3.861838113075585888e+00
9.882587799172246378e+03,3.861838115910729563e+00
9.882587817187937617e+03,3.861838118744041815e+00
9.882587835203627037e+03,3.861838121575519533e+00
9.882587853219318276e+03,3.861838124405164496e+00
9.882587871235007697e+03,3.861838127232976259e+00
9.882587889250698936e+03,3.861838130058954821e+00
9.882587907266390175e+03,3.861838132883099739e+00
9.882587925282079595e+03,3.861838135705411901e+00
9.882587943297770835e+03,3.861838138525891306e+00
9.882587961313460255e+03,3.861838141344536623e+00
9.882587979329151494e+03,3.861838144161349184e+00
9.882587997344840915e+03,3.861838146976328989e+00
9.882588015360532154e+03,3.861838149789475150e+00
9.882588033376223393e+03,3.861838152600788110e+00
9.882588051391912813e+03,3.861838155410266538e+00
9.882588069407604053e+03,3.861838158217913541e+00
9.882588087423293473e+03,3.861838161023726457e+00
9.882588105438984712e+03,3.861838163827706616e+00
9.882588123454674133e+03,3.861838166629853575e+00
9.882588141470365372e+03,3.861838169430166889e+00
9.882588159486056611e+03,3.861838172228647004e+00
9.882588177501746031e+03,3.861838175025293474e+00
9.882588195517437271e+03,3.861838177820106743e+00
9.882588213533126691e+03,3.861838180613087257e+00
9.882588231548817930e+03,3.861838183404233682e+00
9.882588249564507350e+03,3.861838186193547795e+00
9.882588267580198590e+03,3.861838188981028264e+00
9.882588285595889829e+03,3.861838191766675532e+00
9.882588303611579249e+03,3.861838194550488268e+00
9.882588321627270489e+03,3.861838197332468692e+00
9.882588339642959909e+03,3.861838200112615471e+00
9.882588357658651148e+03,3.861838202890929939e+00
9.882588375674340568e+03,3.861838205667409873e+00
9.882588393690031808e+03,3.861838208442056608e+00
9.882588411705723047e+03,3.861838211214871031e+00
9.882588429721412467e+03,3.861838213985850921e+00
9.882588447737103706e+03,3.861838216754997610e+00
9.882588465752793127e+03,3.861838219522310656e+00
9.882588483768484366e+03,3.861838222287791389e+00
9.882588501784173786e+03,3.861838225051437590e+00
9.882588519799865026e+03,3.861838227813251478e+00
9.882588537815556265e+03,3.861838230573230835e+00
9.882588555831245685e+03,3.861838233331377435e+00
9.882588573846936924e+03,3.861838236087690834e+00
9.882588591862626345e+03,3.861838238842170146e+00
9.882588609878317584e+03,3.861838241594817145e+00
9.882588627894007004e+03,3.861838244345629612e+00
9.882588645909698243e+03,3.861838247094608878e+00
9.882588663925389483e+03,3.861838249841754944e+00
9.882588681941078903e+03,3.861838252587067366e+00
9.882588699956770142e+03,3.861838255330546144e+00
9.882588717972459563e+03,3.861838258072191721e+00
9.882588735988150802e+03,3.861838260812004098e+00
9.882588754003840222e+03,3.861838263549982830e+00
9.882588772019531461e+03,3.861838266286127475e+00
9.882588790035222701e+03,3.861838269020439363e+00
9.882588808050912121e+03,3.861838271752917162e+00
9.882588826066603360e+03,3.861838274483562650e+00
9.882588844082292781e+03,3.861838277212373605e+00
9.882588862097984020e+03,3.861838279939351359e+00
9.882588880113673440e+03,3.861838282664495470e+00
9.882588898129364679e+03,3.861838285387806380e+00
9.882588916145054100e+03,3.861838288109282757e+00
9.882588934160745339e+03,3.861838290828926823e+00
9.882588952176436578e+03,3.861838293546736800e+00
9.882588970192125998e+03,3.861838296262713133e+00
9.882588988207817238e+03,3.861838298976855821e+00
9.882589006223506658e+03,3.861838301689165753e+00
9.882589024239197897e+03,3.861838304399641597e+00
9.882589042254887318e+03,3.861838307108283797e+00
9.882589060270578557e+03,3.861838309815092352e+00
9.882589078286269796e+03,3.861838312520067262e+00
9.882589096301959216e+03,3.861838315223208973e+00
9.882589114317650456e+03,3.861838317924516595e+00
9.882589132333339876e+03,3.861838320623991017e+00
9.882589150349031115e+03,3.861838323321632238e+00
9.882589168364720535e+03,3.861838326017438927e+00
9.882589186380411775e+03,3.861838328711412860e+00
9.882589204396103014e+03,3.861838331403552260e+00
9.882589222411792434e+03,3.861838334093858904e+00
9.882589240427483674e+03,3.861838336782331460e+00
9.882589258443173094e+03,3.861838339468970371e+00
9.882589276458864333e+03,3.861838342153775638e+00
9.882589294474553753e+03,3.861838344836747261e+00
9.882589312490244993e+03,3.861838347517885683e+00
9.882589330505936232e+03,3.861838350197190017e+00
9.882589348521625652e+03,3.861838352874660707e+00
9.882589366537316891e+03,3.861838355550297308e+00
9.882589384553006312e+03,3.861838358224100709e+00
9.882589402568697551e+03,3.861838360896070466e+00
9.882589420584386971e+03,3.861838363566206578e+00
9.882589438600078211e+03,3.861838366234508602e+00
9.882589456615769450e+03,3.861838368900977425e+00
9.882589474631458870e+03,3.861838371565611716e+00
9.882589492647150109e+03,3.861838374228412807e+00
9.882589510662839530e+03,3.861838376889380697e+00
9.882589528678530769e+03,3.861838379548514055e+00
9.882589546694220189e+03,3.861838382205814213e+00
9.882589564709911429e+03,3.861838384861280726e+00
9.882589582725602668e+03,3.861838387514913151e+00
9.882589600741292088e+03,3.861838390166711044e+00
9.882589618756983327e+03,3.861838392816676624e+00
9.882589636772672748e+03,3.861838395464808116e+00
9.882589654788363987e+03,3.861838398111105075e+00
9.882589672804053407e+03,3.861838400755568834e+00
9.882589690819744646e+03,3.861838403398199393e+00
9.882589708835435886e+03,3.861838406038995419e+00
9.882589726851125306e+03,3.861838408677956913e+00
9.882589744866816545e+03,3.861838411315085651e+00
9.882589762882505966e+03,3.861838413950380300e+00
9.882589780898197205e+03,3.861838416583841305e+00
9.882589798913886625e+03,3.861838419215468665e+00
9.882589816929577864e+03,3.861838421845261493e+00
9.882589834945269104e+03,3.861838424473221565e+00
9.882589852960958524e+03,3.861838427099346660e+00
9.882589870976649763e+03,3.861838429723638999e+00
9.882589888992339183e+03,3.861838432346096806e+00
9.882589907008030423e+03,3.861838434966720968e+00
9.882589925023719843e+03,3.861838437585510597e+00
9.882589943039411082e+03,3.861838440202467027e+00
9.882589961055102322e+03,3.861838442817589812e+00
9.882589979070791742e+03,3.861838445430878952e+00
9.882589997086482981e+03,3.861838448042333560e+00
9.882590015102172401e+03,3.861838450651954080e+00
9.882590033117863641e+03,3.861838453259741399e+00
9.882590051133553061e+03,3.861838455865694630e+00
9.882590069149244300e+03,3.861838458469813329e+00
9.882590087164935539e+03,3.861838461072098383e+00
9.882590105180624960e+03,3.861838463672550237e+00
9.882590123196316199e+03,3.861838466271167114e+00
9.882590141212005619e+03,3.861838468867950791e+00
9.882590159227696859e+03,3.861838471462900824e+00
9.882590177243386279e+03,3.861838474056016324e+00
9.882590195259077518e+03,3.861838476647298180e+00
9.882590213274768757e+03,3.861838479236745947e+00
9.882590231290458178e+03,3.861838481824360070e+00
9.882590249306149417e+03,3.861838484410139660e+00
9.882590267321838837e+03,3.861838486994085606e+00
9.882590285337530077e+03,3.861838489576197908e+00
9.882590303353219497e+03,3.861838492156475677e+00
9.882590321368910736e+03,3.861838494734919802e+00
9.882590339384601975e+03,3.861838497311529839e+00
9.882590357400291396e+03,3.861838499886305787e+00
9.882590375415982635e+03,3.861838502459248090e+00
9.882590393431672055e+03,3.861838505030355417e+00
9.882590411447363294e+03,3.861838507599630432e+00
9.882590429463052715e+03,3.861838510167070027e+00
9.882590447478743954e+03,3.861838512732675976e+00
9.882590465494435193e+03,3.861838515296448282e+00
9.882590483510124614e+03,3.861838517858386055e+00
9.882590501525815853e+03,3.861838520418489296e+00
9.882590519541505273e+03,3.861838522976759780e+00
9.882590537557196512e+03,3.861838525533195288e+00
9.882590555572885933e+03,3.861838528087797151e+00
9.882590573588577172e+03,3.861838530640565370e+00
9.882590591604268411e+03,3.861838533191498612e+00
9.882590609619957831e+03,3.861838535740598211e+00
9.882590627635649071e+03,3.861838538287863720e+00
9.882590645651338491e+03,3.861838540833294697e+00
9.882590663667029730e+03,3.861838543376892474e+00
9.882590681682719151e+03,3.861838545918655274e+00
9.882590699698410390e+03,3.861838548458584874e+00
9.882590717714101629e+03,3.861838550996680386e+00
9.882590735729791049e+03,3.861838553532941365e+00
9.882590753745482289e+03,3.861838556067367811e+00
9.882590771761171709e+03,3.861838558599960169e+00
9.882590789776862948e+03,3.861838561130719327e+00
9.882590807792552368e+03,3.861838563659643953e+00
9.882590825808243608e+03,3.861838566186734045e+00
9.882590843823934847e+03,3.861838568711990494e+00
9.882590861839624267e+03,3.861838571235412410e+00
9.882590879855315507e+03,3.861838573756999793e+00
9.882590897871004927e+03,3.861838576276753976e+00
9.882590915886696166e+03,3.861838578794673182e+00
9.882590933902385586e+03,3.861838581310759189e+00
9.882590951918076826e+03,3.861838583825010662e+00
9.882590969933768065e+03,3.861838586337428048e+00
9.882590987949457485e+03,3.861838588848010012e+00
9.882591005965148724e+03,3.861838591356758776e+00
9.882591023980838145e+03,3.861838593863673008e+00
9.882591041996529384e+03,3.861838596368753596e+00
9.882591060012218804e+03,3.861838598871999206e+00
9.882591078027910044e+03,3.861838601373412061e+00
9.882591096043601283e+03,3.861838603872989495e+00
9.882591114059290703e+03,3.861838606370732840e+00
9.882591132074981942e+03,3.861838608866641653e+00
9.882591150090671363e+03,3.861838611360717266e+00
9.882591168106362602e+03,3.861838613852957902e+00
9.882591186122052022e+03,3.861838616343364006e+00
9.882591204137743262e+03,3.861838618831936909e+00
9.882591222153434501e+03,3.861838621318674392e+00
9.882591240169123921e+03,3.861838623803577786e+00
9.882591258184815160e+03,3.861838626286647980e+00
9.882591276200504581e+03,3.861838628767883197e+00
9.882591294216195820e+03,3.861838631247283882e+00
9.882591312231885240e+03,3.861838633724850034e+00
9.882591330247576479e+03,3.861838636200582542e+00
9.882591348263267719e+03,3.861838638674480961e+00
9.882591366278957139e+03,3.861838641146544848e+00
9.882591384294648378e+03,3.861838643616774203e+00
9.882591402310337799e+03,3.861838646085168580e+00
9.882591420326029038e+03,3.861838648551729758e+00
9.882591438341718458e+03,3.861838651016456403e+00
9.882591456357409697e+03,3.861838653479348515e+00
9.882591474373100937e+03,3.861838655940406984e+00
9.882591492388790357e+03,3.861838658399630031e+00
9.882591510404481596e+03,3.861838660857018990e+00
9.882591528420171016e+03,3.861838663312574305e+00
9.882591546435862256e+03,3.861838665766294643e+00
9.882591564451551676e+03,3.861838668218180448e+00
9.882591582467242915e+03,3.861838670668232609e+00
9.882591600482932336e+03,3.861838673116448906e+00
9.882591618498623575e+03,3.861838675562832446e+00
9.882591636514314814e+03,3.861838678007381453e+00
9.882591654530004234e+03,3.861838680450095485e+00
9.882591672545695474e+03,3.861838682890974983e+00
9.882591690561384894e+03,3.861838685330020393e+00
9.882591708577076133e+03,3.861838687767231715e+00
9.882591726592765554e+03,3.861838690202608504e+00
9.882591744608456793e+03,3.861838692636150316e+00
9.882591762624148032e+03,3.861838695067858929e+00
9.882591780639837452e+03,3.861838697497732120e+00
9.882591798655528692e+03,3.861838699925771223e+00
9.882591816671218112e+03,3.861838702351975350e+00
9.882591834686909351e+03,3.861838704776345832e+00
9.882591852702598771e+03,3.861838707198881337e+00
9.882591870718290011e+03,3.861838709619582755e+00
9.882591888733981250e+03,3.861838712038449639e+00
9.882591906749670670e+03,3.861838714455481547e+00
9.882591924765361910e+03,3.861838716870679811e+00
9.882591942781051330e+03,3.861838719284042210e+00
9.882591960796742569e+03,3.861838721695571408e+00
9.882591978812431989e+03,3.861838724105266074e+00
9.882591996828123229e+03,3.861838726513125764e+00
9.882592014843814468e+03,3.861838728919151364e+00
9.882592032859503888e+03,3.861838731323342433e+00
9.882592050875195127e+03,3.861838733725698525e+00
9.882592068890884548e+03,3.861838736126220528e+00
9.882592086906575787e+03,3.861838738524907999e+00
9.882592104922265207e+03,3.861838740921760493e+00
9.882592122937956447e+03,3.861838743316779787e+00
9.882592140953647686e+03,3.861838745709962772e+00
9.882592158969337106e+03,3.861838748101312557e+00
9.882592176985028345e+03,3.861838750490827366e+00
9.882592195000717766e+03,3.861838752878507641e+00
9.882592213016409005e+03,3.861838755264352940e+00
9.882592231032098425e+03,3.861838757648364151e+00
9.882592249047789664e+03,3.861838760030540829e+00
9.882592267063480904e+03,3.861838762410883419e+00
9.882592285079170324e+03,3.861838764789390588e+00
9.882592303094861563e+03,3.861838767166062780e+00
9.882592321110550984e+03,3.861838769540901772e+00
9.882592339126242223e+03,3.861838771913905788e+00
9.882592357141931643e+03,3.861838774285074383e+00
9.882592375157622882e+03,3.861838776654408889e+00
9.882592393173314122e+03,3.861838779021908863e+00
9.882592411189003542e+03,3.861838781387573860e+00
9.882592429204694781e+03,3.861838783751404769e+00
9.882592447220384202e+03,3.861838786113400701e+00
9.882592465236075441e+03,3.861838788473562989e+00
9.882592483251764861e+03,3.861838790831889412e+00
9.882592501267456100e+03,3.861838793188381302e+00
9.882592519283147340e+03,3.861838795543039105e+00
9.882592537298836760e+03,3.861838797895861930e+00
9.882592555314527999e+03,3.861838800246850223e+00
9.882592573330217419e+03,3.861838802596003539e+00
9.882592591345908659e+03,3.861838804943322767e+00
9.882592609361598079e+03,3.861838807288807018e+00
9.882592627377289318e+03,3.861838809632456737e+00
9.882592645392980558e+03,3.861838811974271923e+00
9.882592663408669978e+03,3.861838814314252577e+00
9.882592681424361217e+03,3.861838816652397810e+00
9.882592699440050637e+03,3.861838818988708955e+00
9.882592717455741877e+03,3.861838821323184678e+00
9.882592735471431297e+03,3.861838823655826314e+00
9.882592753487122536e+03,3.861838825986633861e+00
9.882592771502813775e+03,3.861838828315605099e+00
9.882592789518503196e+03,3.861838830642743581e+00
9.882592807534194435e+03,3.861838832968045310e+00
9.882592825549883855e+03,3.861838835291513394e+00
9.882592843565575095e+03,3.861838837613146946e+00
9.882592861581264515e+03,3.861838839932945522e+00
9.882592879596955754e+03,3.861838842250909565e+00
9.882592897612646993e+03,3.861838844567038631e+00
9.882592915628336414e+03,3.861838846881332721e+00
9.882592933644027653e+03,3.861838849193792278e+00
9.882592951659717073e+03,3.861838851504417303e+00
9.882592969675408312e+03,3.861838853813206462e+00
9.882592987691097733e+03,3.861838856120161978e+00
9.882593005706788972e+03,3.861838858425282961e+00
9.882593023722480211e+03,3.861838860728568079e+00
9.882593041738169632e+03,3.861838863030018665e+00
9.882593059753860871e+03,3.861838865329635606e+00
9.882593077769550291e+03,3.861838867627416683e+00
9.882593095785241530e+03,3.861838869923363227e+00
9.882593113800930951e+03,3.861838872217474350e+00
9.882593131816622190e+03,3.861838874509751385e+00
9.882593149832313429e+03,3.861838876800194331e+00
9.882593167848002849e+03,3.861838879088800969e+00
9.882593185863694089e+03,3.861838881375573518e+00
9.882593203879383509e+03,3.861838883660510646e+00
9.882593221895074748e+03,3.861838885943614130e+00
9.882593239910764169e+03,3.861838888224882194e+00
9.882593257926455408e+03,3.861838890504314836e+00
9.882593275942146647e+03,3.861838892781913835e+00
9.882593293957836067e+03,3.861838895057676524e+00
9.882593311973527307e+03,3.861838897331605569e+00
9.882593329989216727e+03,3.861838899603699193e+00
9.882593348004907966e+03,3.861838901873958285e+00
9.882593366020597387e+03,3.861838904142381956e+00
9.882593384036288626e+03,3.861838906408971095e+00
9.882593402051979865e+03,3.861838908673724813e+00
9.882593420067669285e+03,3.861838910936644442e+00
9.882593438083360525e+03,3.861838913197728651e+00
9.882593456099049945e+03,3.861838915456977883e+00
9.882593474114741184e+03,3.861838917714393027e+00
9.882593492130430604e+03,3.861838919969971862e+00
9.882593510146121844e+03,3.861838922223717052e+00
9.882593528161813083e+03,3.861838924475627266e+00
9.882593546177502503e+03,3.861838926725702059e+00
9.882593564193193743e+03,3.861838928973942320e+00
9.882593582208883163e+03,3.861838931220346716e+00
9.882593600224574402e+03,3.861838933464917023e+00
9.882593618240263822e+03,3.861838935707651910e+00
9.882593636255955062e+03,3.861838937948552708e+00
9.882593654271646301e+03,3.861838940187618530e+00
9.882593672287335721e+03,3.861838942424848042e+00
9.882593690303026960e+03,3.861838944660243467e+00
9.882593708318716381e+03,3.861838946893803914e+00
9.882593726334407620e+03,3.861838949125529830e+00
9.882593744350097040e+03,3.861838951355420324e+00
9.882593762365788280e+03,3.861838953583474954e+00
9.882593780381479519e+03,3.861838955809695939e+00
9.882593798397168939e+03,3.861838958034081504e+00
9.882593816412860178e+03,3.861838960256632092e+00
9.882593834428549599e+03,3.861838962477347703e+00
9.882593852444240838e+03,3.861838964696227894e+00
9.882593870459930258e+03,3.861838966913273108e+00
9.882593888475621497e+03,3.861838969128484234e+00
9.882593906491312737e+03,3.861838971341859938e+00
9.882593924507002157e+03,3.861838973553399779e+00
9.882593942522693396e+03,3.861838975763105530e+00
9.882593960538382817e+03,3.861838977970974973e+00
9.882593978554074056e+03,3.861838980177010328e+00
9.882593996569763476e+03,3.861838982381210705e+00
9.882594014585454715e+03,3.861838984583576107e+00
9.882594032601145955e+03,3.861838986784106975e+00
9.882594050616835375e+03,3.861838988982801979e+00
9.882594068632526614e+03,3.861838991179661562e+00
9.882594086648216035e+03,3.861838993374686613e+00
9.882594104663907274e+03,3.861838995567876243e+00
9.882594122679596694e+03,3.861838997759231784e+00
9.882594140695287933e+03,3.861838999948751017e+00
9.882594158710979173e+03,3.861839002136436161e+00
9.882594176726668593e+03,3.861839004322285440e+00
9.882594194742359832e+03,3.861839006506299299e+00
9.882594212758049252e+03,3.861839008688479513e+00
9.882594230773740492e+03,3.861839010868823419e+00
9.882594248789429912e+03,3.861839013047332791e+00
9.882594266805121151e+03,3.861839015224006744e+00
9.882594284820810572e+03,3.861839017398845275e+00
9.882594302836501811e+03,3.861839019571849274e+00
9.882594320852193050e+03,3.861839021743017852e+00
9.882594338867882470e+03,3.861839023912351010e+00
9.882594356883573710e+03,3.861839026079850079e+00
9.882594374899263130e+03,3.861839028245512839e+00
9.882594392914954369e+03,3.861839030409340623e+00
9.882594410930643789e+03,3.861839032571333430e+00
9.882594428946335029e+03,3.861839034731492148e+00
9.882594446962026268e+03,3.861839036889814558e+00
9.882594464977715688e+03,3.861839039046301547e+00
9.882594482993406928e+03,3.861839041200953559e+00
9.882594501009096348e+03,3.861839043353771039e+00
9.882594519024787587e+03,3.861839045504753098e+00
9.882594537040477007e+03,3.861839047653899293e+00
9.882594555056168247e+03,3.861839049801210955e+00
9.882594573071859486e+03,3.861839051946688084e+00
9.882594591087548906e+03,3.861839054090328904e+00
9.882594609103240145e+03,3.861839056232134304e+00
9.882594627118929566e+03,3.861839058372105171e+00
9.882594645134620805e+03,3.861839060510240618e+00
9.882594663150310225e+03,3.861839062646541088e+00
9.882594681166001465e+03,3.861839064781006137e+00
9.882594699181692704e+03,3.861839066913635765e+00
9.882594717197382124e+03,3.861839069044430861e+00
9.882594735213073363e+03,3.861839071173389648e+00
9.882594753228762784e+03,3.861839073300513903e+00
9.882594771244454023e+03,3.860157733612590292e+00
9.882594789260143443e+03,3.860157733612590292e+00
9.882594807275834683e+03,3.860157733612590292e+00
9.882594825291525922e+03,3.860157733612590292e+00
9.882594843307215342e+03,3.860157733612590292e+00
9.882594861322906581e+03,3.860157733612590292e+00
9.882594879338596002e+03,3.860157733612590292e+00
9.882594897354287241e+03,3.860157733612590292e+00
9.882594915369976661e+03,3.860157733612590292e+00
9.882594933385667900e+03,3.860157733612590292e+00
9.882594951401359140e+03,3.860157733612590292e+00
9.882594969417048560e+03,3.860157733612590292e+00
9.882594987432739799e+03,3.860157733612590292e+00
9.882595005448429220e+03,3.860157733612590292e+00
9.882595023464120459e+03,3.860157733612590292e+00
9.882595041479809879e+03,3.860157733612590292e+00
9.882595059495501118e+03,3.860157733612590292e+00
9.882595077511192358e+03,3.860157733612590292e+00
9.882595095526881778e+03,3.860157733612590292e+00
9.882595113542573017e+03,3.860157733612590292e+00
9.882595131558262437e+03,3.860157733612590292e+00
9.882595149573953677e+03,3.860157733612590292e+00
9.882595167589643097e+03,3.860157733612590292e+00
9.882595185605334336e+03,3.860157733612590292e+00
9.882595203621025576e+03,3.860157733612590292e+00
9.882595221636714996e+03,3.860157733612590292e+00
9.882595239652406235e+03,3.860157733612590292e+00
9.882595257668095655e+03,3.860157733612590292e+00
9.882595275683786895e+03,3.860157733612590292e+00
9.882595293699476315e+03,3.860157733612590292e+00
9.882595311715167554e+03,3.860157733612590292e+00
9.882595329730858793e+03,3.860157733612590292e+00
9.882595347746548214e+03,3.860157733612590292e+00
9.882595365762239453e+03,3.860157733612590292e+00
9.882595383777928873e+03,3.860157733612590292e+00
9.882595401793620113e+03,3.860157733612590292e+00
9.882595419809309533e+03,3.860157733612590292e+00
9.882595437825000772e+03,3.860157733612590292e+00
9.882595455840692011e+03,3.860157733612590292e+00
9.882595473856381432e+03,3.860157733612590292e+00
9.882595491872072671e+03,3.860157733612590292e+00
9.882595509887762091e+03,3.860157733612590292e+00
9.882595527903453331e+03,3.860157733612590292e+00
9.882595545919142751e+03,3.860157733612590292e+00
9.882595563934833990e+03,3.860157733612590292e+00
9.882595581950525229e+03,3.860157733612590292e+00
9.882595599966214650e+03,3.860157733612590292e+00
9.882595617981905889e+03,3.860157733612590292e+00
9.882595635997595309e+03,3.860157733612590292e+00
9.882595654013286548e+03,3.860157733612590292e+00
9.882595672028975969e+03,3.860157733612590292e+00
9.882595690044667208e+03,3.860157733612590292e+00
9.882595708060358447e+03,3.860157733612590292e+00
9.882595726076047868e+03,3.860157733612590292e+00
9.882595744091739107e+03,3.860157733612590292e+00
9.882595762107428527e+03,3.860157733612590292e+00
9.882595780123119766e+03,3.860157733612590292e+00
9.882595798138809187e+03,3.860157733612590292e+00
9.882595816154500426e+03,3.860157733612590292e+00
9.882595834170191665e+03,3.860157733612590292e+00
9.882595852185881085e+03,3.860157733612590292e+00
9.882595870201572325e+03,3.860157733612590292e+00
9.882595888217261745e+03,3.860157733612590292e+00
9.882595906232952984e+03,3.860157733612590292e+00
9.882595924248642405e+03,3.860157733612590292e+00
9.882595942264333644e+03,3.860157733612590292e+00
9.882595960280024883e+03,3.860157733612590292e+00
9.882595978295714303e+03,3.860157733612590292e+00
9.882595996311405543e+03,3.860157733612590292e+00
9.882596014327094963e+03,3.860157733612590292e+00
9.882596032342786202e+03,3.860157733612590292e+00
9.882596050358475622e+03,3.860157733612590292e+00
9.882596068374166862e+03,3.860157733612590292e+00
9.882596086389858101e+03,3.860157733612590292e+00
9.882596104405547521e+03,3.860157733612590292e+00
9.882596122421238761e+03,3.860157733612590292e+00
9.882596140436928181e+03,3.860157733612590292e+00
9.882596158452619420e+03,3.860157733612590292e+00
9.882596176468308840e+03,3.860157733612590292e+00
9.882596194484000080e+03,3.860157733612590292e+00
9.882596212499691319e+03,3.860157733612590292e+00
9.882596230515380739e+03,3.860157733612590292e+00
9.882596248531071979e+03,3.860157733612590292e+00
9.882596266546761399e+03,3.860157733612590292e+00
9.882596284562452638e+03,3.860157733612590292e+00
9.882596302578142058e+03,3.860157733612590292e+00
9.882596320593833298e+03,3.860157733612590292e+00
9.882596338609524537e+03,3.860157733612590292e+00
9.882596356625213957e+03,3.860157733612590292e+00
9.882596374640905196e+03,3.860157733612590292e+00
9.882596392656594617e+03,3.860157733612590292e+00
9.882596410672285856e+03,3.860157733612590292e+00
9.882596428687975276e+03,3.860157733612590292e+00
9.882596446703666516e+03,3.860157733612590292e+00
9.882596464719357755e+03,3.860157733612590292e+00
9.882596482735047175e+03,3.860157733612590292e+00
9.882596500750738414e+03,3.860157733612590292e+00
9.882596518766427835e+03,3.860157733612590292e+00
9.882596536782119074e+03,3.860157733612590292e+00
9.882596554797808494e+03,3.860157733612590292e+00
9.882596572813499733e+03,3.860157733612590292e+00
9.882596590829190973e+03,3.860157733612590292e+00
9.882596608844880393e+03,3.860157733612590292e+00
9.882596626860571632e+03,3.860157733612590292e+00
9.882596644876261053e+03,3.860157733612590292e+00
9.882596662891952292e+03,3.860157733612590292e+00
9.882596680907641712e+03,3.860157733612590292e+00
9.882596698923332951e+03,3.860157733612590292e+00
9.882596716939024191e+03,3.860157733612590292e+00
9.882596734954713611e+03,3.860157733612590292e+00
9.882596752970404850e+03,3.860157733612590292e+00
9.882596770986094270e+03,3.860157733612590292e+00
9.882596789001785510e+03,3.860157733612590292e+00
9.882596807017474930e+03,3.860157733612590292e+00
9.882596825033166169e+03,3.860157733612590292e+00
9.882596843048857409e+03,3.860157733612590292e+00
9.882596861064546829e+03,3.860157733612590292e+00
9.882596879080238068e+03,3.860157733612590292e+00
9.882596897095927488e+03,3.860157733612590292e+00
9.882596915111618728e+03,3.860157733612590292e+00
9.882596933127308148e+03,3.860157733612590292e+00
9.882596951142999387e+03,3.860157733612590292e+00
9.882596969158688808e+03,3.860157733612590292e+00
9.882596987174380047e+03,3.860157733612590292e+00
9.882597005190071286e+03,3.860157733612590292e+00
9.882597023205760706e+03,3.860157733612590292e+00
9.882597041221451946e+03,3.860157733612590292e+00
9.882597059237141366e+03,3.860157733612590292e+00
9.882597077252832605e+03,3.860157733612590292e+00
9.882597095268522025e+03,3.860157733612590292e+00
9.882597113284213265e+03,3.860157733612590292e+00
9.882597131299904504e+03,3.860157733612590292e+00
9.882597149315593924e+03,3.860157733612590292e+00
9.882597167331285164e+03,3.860157733612590292e+00
9.882597185346974584e+03,3.860157733612590292e+00
9.882597203362665823e+03,3.860157733612590292e+00
9.882597221378355243e+03,3.860157733612590292e+00
9.882597239394046483e+03,3.860157733612590292e+00
9.882597257409737722e+03,3.860157733612590292e+00
9.882597275425427142e+03,3.860157733612590292e+00
9.882597293441118381e+03,3.860157733612590292e+00
9.882597311456807802e+03,3.860157733612590292e+00
9.882597329472499041e+03,3.860157733612590292e+00
9.882597347488188461e+03,3.860157733612590292e+00
9.882597365503879701e+03,3.860157733612590292e+00
9.882597383519570940e+03,3.860157733612590292e+00
9.882597401535260360e+03,3.860157733612590292e+00
9.882597419550951599e+03,3.860157733612590292e+00
9.882597437566641020e+03,3.860157733612590292e+00
9.882597455582332259e+03,3.860157733612590292e+00
9.882597473598021679e+03,3.860157733612590292e+00
9.882597491613712918e+03,3.860157733612590292e+00
9.882597509629404158e+03,3.860157733612590292e+00
9.882597527645093578e+03,3.860157733612590292e+00
9.882597545660784817e+03,3.860157733612590292e+00
9.882597563676474238e+03,3.860157733612590292e+00
9.882597581692165477e+03,3.860157733612590292e+00
9.882597599707854897e+03,3.860157733612590292e+00
9.882597617723546136e+03,3.860157733612590292e+00
9.882597635739237376e+03,3.860157733612590292e+00
9.882597653754926796e+03,3.860157733612590292e+00
9.882597671770618035e+03,3.860157733612590292e+00
9.882597689786307456e+03,3.860157733612590292e+00
9.882597707801998695e+03,3.860157733612590292e+00
9.882597725817688115e+03,3.860157733612590292e+00
9.882597743833379354e+03,3.860157733612590292e+00
9.882597761849070594e+03,3.860157733612590292e+00
9.882597779864760014e+03,3.860157733612590292e+00
9.882597797880451253e+03,3.860157733612590292e+00
9.882597815896140673e+03,3.860157733612590292e+00
9.882597833911831913e+03,3.860157733612590292e+00
9.882597851927521333e+03,3.860157733612590292e+00
9.882597869943212572e+03,3.860157733612590292e+00
9.882597887958903812e+03,3.860157733612590292e+00
9.882597905974593232e+03,3.860157733612590292e+00
9.882597923990284471e+03,3.860157733612590292e+00
9.882597942005973891e+03,3.860157733612590292e+00
9.882597960021665131e+03,3.860157733612590292e+00
9.882597978037354551e+03,3.860157733612590292e+00
9.882597996053045790e+03,3.860157733612590292e+00
9.882598014068737029e+03,3.860157733612590292e+00
9.882598032084426450e+03,3.860157733612590292e+00
9.882598050100117689e+03,3.860157733612590292e+00
9.882598068115807109e+03,3.860157733612590292e+00
9.882598086131498349e+03,3.860157733612590292e+00
9.882598104147187769e+03,3.860157733612590292e+00
9.882598122162879008e+03,3.860157733612590292e+00
9.882598140178570247e+03,3.860157733612590292e+00
9.882598158194259668e+03,3.860157733612590292e+00
9.882598176209950907e+03,3.860157733612590292e+00
9.882598194225640327e+03,3.860157733612590292e+00
9.882598212241331566e+03,3.860157733612590292e+00
9.882598230257020987e+03,3.860157733612590292e+00
9.882598248272712226e+03,3.860157733612590292e+00
9.882598266288403465e+03,3.860157733612590292e+00
9.882598284304092886e+03,3.860157733612590292e+00
9.882598302319784125e+03,3.860157733612590292e+00
9.882598320335473545e+03,3.860157733612590292e+00
9.882598338351164784e+03,3.860157733612590292e+00
9.882598356366854205e+03,3.860157733612590292e+00
9.882598374382545444e+03,3.860157733612590292e+00
9.882598392398236683e+03,3.860157733612590292e+00
9.882598410413926104e+03,3.860157733612590292e+00
9.882598428429617343e+03,3.860157733612590292e+00
9.882598446445306763e+03,3.860157733612590292e+00
9.882598464460998002e+03,3.860157733612590292e+00
9.882598482476687423e+03,3.860157733612590292e+00
9.882598500492378662e+03,3.860157733612590292e+00
9.882598518508069901e+03,3.860157733612590292e+00
9.882598536523759321e+03,3.860157733612590292e+00
9.882598554539450561e+03,3.860157733612590292e+00
9.882598572555139981e+03,3.860157733612590292e+00
9.882598590570831220e+03,3.860157733612590292e+00
9.882598608586520641e+03,3.860157733612590292e+00
9.882598626602211880e+03,3.860157733612590292e+00
9.882598644617903119e+03,3.860157733612590292e+00
9.882598662633592539e+03,3.860157733612590292e+00
9.882598680649283779e+03,3.860157733612590292e+00
9.882598698664973199e+03,3.860157733612590292e+00
9.882598716680664438e+03,3.860157733612590292e+00
9.882598734696353858e+03,3.860157733612590292e+00
9.882598752712045098e+03,3.860157733612590292e+00
9.882598770727736337e+03,3.860157733612590292e+00
9.882598788743425757e+03,3.860157733612590292e+00
9.882598806759116997e+03,3.860157733612590292e+00
9.882598824774806417e+03,3.860157733612590292e+00
9.882598842790497656e+03,3.860157733612590292e+00
9.882598860806187076e+03,3.860157733612590292e+00
9.882598878821878316e+03,3.860157733612590292e+00
9.882598896837569555e+03,3.860157733612590292e+00
9.882598914853258975e+03,3.860157733612590292e+00
9.882598932868950214e+03,3.860157733612590292e+00
9.882598950884639635e+03,3.860157733612590292e+00
9.882598968900330874e+03,3.860157733612590292e+00
9.882598986916020294e+03,3.860157733612590292e+00
9.882599004931711534e+03,3.860157733612590292e+00
9.882599022947402773e+03,3.860157733612590292e+00
9.882599040963092193e+03,3.860157733612590292e+00
9.882599058978783432e+03,3.860157733612590292e+00
9.882599076994472853e+03,3.860157733612590292e+00
9.882599095010164092e+03,3.860157733612590292e+00
9.882599113025853512e+03,3.860157733612590292e+00
9.882599131041544751e+03,3.860157733612590292e+00
9.882599149057235991e+03,3.860157733612590292e+00
9.882599167072925411e+03,3.860157733612590292e+00
9.882599185088616650e+03,3.860157733612590292e+00
9.882599203104306071e+03,3.860157733612590292e+00
9.882599221119997310e+03,3.860157733612590292e+00
9.882599239135686730e+03,3.860157733612590292e+00
9.882599257151377969e+03,3.860157733612590292e+00
9.882599275167069209e+03,3.860157733612590292e+00
9.882599293182758629e+03,3.860157733612590292e+00
9.882599311198449868e+03,3.860157733612590292e+00
9.882599329214139289e+03,3.860157733612590292e+00
9.882599347229830528e+03,3.860157733612590292e+00
9.882599365245519948e+03,3.860157733612590292e+00
9.882599383261211187e+03,3.860157733612590292e+00
9.882599401276902427e+03,3.860157733612590292e+00
9.882599419292591847e+03,3.860157733612590292e+00
9.882599437308283086e+03,3.860157733612590292e+00
9.882599455323972506e+03,3.860157733612590292e+00
9.882599473339663746e+03,3.860157733612590292e+00
9.882599491355353166e+03,3.860157733612590292e+00
9.882599509371044405e+03,3.860157733612590292e+00
9.882599527386733826e+03,3.860157733612590292e+00
9.882599545402425065e+03,3.860157733612590292e+00
9.882599563418116304e+03,3.860157733612590292e+00
9.882599581433805724e+03,3.860157733612590292e+00
9.882599599449496964e+03,3.860157733612590292e+00
9.882599617465186384e+03,3.860157733612590292e+00
9.882599635480877623e+03,3.860157733612590292e+00
9.882599653496567043e+03,3.860157733612590292e+00
9.882599671512258283e+03,3.860157733612590292e+00
9.882599689527949522e+03,3.860157733612590292e+00
9.882599707543638942e+03,3.860157733612590292e+00
9.882599725559330182e+03,3.860157733612590292e+00
9.882599743575019602e+03,3.860157733612590292e+00
9.882599761590710841e+03,3.860157733612590292e+00
9.882599779606400261e+03,3.860157733612590292e+00
9.882599797622091501e+03,3.860157733612590292e+00
9.882599815637782740e+03,3.860157733612590292e+00
9.882599833653472160e+03,3.860157733612590292e+00
9.882599851669163399e+03,3.860157733612590292e+00
9.882599869684852820e+03,3.860157733612590292e+00
9.882599887700544059e+03,3.860157733612590292e+00
9.882599905716233479e+03,3.860157733612590292e+00
9.882599923731924719e+03,3.860157733612590292e+00
9.882599941747615958e+03,3.860157733612590292e+00
9.882599959763305378e+03,3.860157733612590292e+00
9.882599977778996617e+03,3.860157733612590292e+00
9.882599995794686038e+03,3.860157733612590292e+00
9.882600013810377277e+03,3.860157733612590292e+00
9.882600031826066697e+03,3.860157733612590292e+00
9.882600049841757937e+03,3.860157733612590292e+00
9.882600067857449176e+03,3.860157733612590292e+00
9.882600085873138596e+03,3.860157733612590292e+00
9.882600103888829835e+03,3.860157733612590292e+00
9.882600121904519256e+03,3.860157733612590292e+00
9.882600139920210495e+03,3.860157733612590292e+00
9.882600157935899915e+03,3.860157733612590292e+00
9.882600175951591154e+03,3.860157733612590292e+00
9.882600193967282394e+03,3.860157733612590292e+00
9.882600211982971814e+03,3.860157733612590292e+00
9.882600229998663053e+03,3.860157733612590292e+00
9.882600248014352474e+03,3.860157733612590292e+00
9.882600266030043713e+03,3.860157733612590292e+00
9.882600284045733133e+03,3.860157733612590292e+00
9.882600302061424372e+03,3.860157733612590292e+00
9.882600320077115612e+03,3.860157733612590292e+00
9.882600338092805032e+03,3.860157733612590292e+00
9.882600356108496271e+03,3.860157733612590292e+00
9.882600374124185691e+03,3.860157733612590292e+00
9.882600392139876931e+03,3.860157733612590292e+00
9.882600410155566351e+03,3.860157733612590292e+00
9.882600428171257590e+03,3.860157733612590292e+00
9.882600446186948830e+03,3.860157733612590292e+00
9.882600464202638250e+03,3.860157733612590292e+00
9.882600482218329489e+03,3.860157733612590292e+00
9.882600500234018909e+03,3.860157733612590292e+00
9.882600518249710149e+03,3.860157733612590292e+00
9.882600536265399569e+03,3.860157733612590292e+00
9.882600554281090808e+03,3.860157733612590292e+00
9.882600572296782047e+03,3.860157733612590292e+00
9.882600590312471468e+03,3.860157733612590292e+00
9.882600608328162707e+03,3.860157733612590292e+00
9.882600626343852127e+03,3.860157733612590292e+00
9.882600644359543367e+03,3.860157733612590292e+00
9.882600662375232787e+03,3.860157733612590292e+00
9.882600680390924026e+03,3.860157733612590292e+00
9.882600698406615265e+03,3.860157733612590292e+00
9.882600716422304686e+03,3.860157733612590292e+00
9.882600734437995925e+03,3.860157733612590292e+00
9.882600752453685345e+03,3.860157733612590292e+00
9.882600770469376585e+03,3.860157733612590292e+00
9.882600788485066005e+03,3.860157733612590292e+00
9.882600806500757244e+03,3.860157733612590292e+00
9.882600824516448483e+03,3.860157733612590292e+00
9.882600842532137904e+03,3.860157733612590292e+00
9.882600860547829143e+03,3.860157733612590292e+00
9.882600878563518563e+03,3.860157733612590292e+00
9.882600896579209802e+03,3.860157733612590292e+00
9.882600914594899223e+03,3.860157733612590292e+00
9.882600932610590462e+03,3.860157733612590292e+00
9.882600950626281701e+03,3.860157733612590292e+00
9.882600968641971122e+03,3.860157733612590292e+00
9.882600986657662361e+03,3.860157733612590292e+00
9.882601004673351781e+03,3.860157733612590292e+00
9.882601022689043020e+03,3.860157733612590292e+00
9.882601040704732441e+03,3.860157733612590292e+00
9.882601058720423680e+03,3.860157733612590292e+00
9.882601076736114919e+03,3.860157733612590292e+00
9.882601094751804339e+03,3.860157733612590292e+00
9.882601112767495579e+03,3.860157733612590292e+00
9.882601130783184999e+03,3.860157733612590292e+00
9.882601148798876238e+03,3.860157733612590292e+00
9.882601166814565659e+03,3.860157733612590292e+00
9.882601184830256898e+03,3.860157733612590292e+00
9.882601202845948137e+03,3.860157733612590292e+00
9.882601220861637557e+03,3.860157733612590292e+00
9.882601238877328797e+03,3.860157733612590292e+00
9.882601256893018217e+03,3.860157733612590292e+00
9.882601274908709456e+03,3.860157733612590292e+00
9.882601292924398876e+03,3.860157733612590292e+00
9.882601310940090116e+03,3.860157733612590292e+00
9.882601328955781355e+03,3.860157733612590292e+00
9.882601346971470775e+03,3.860157733612590292e+00
9.882601364987162015e+03,3.860157733612590292e+00
9.882601383002851435e+03,3.860157733612590292e+00
9.882601401018542674e+03,3.860157733612590292e+00
9.882601419034232094e+03,3.860157733612590292e+00
9.882601437049923334e+03,3.860157733612590292e+00
9.882601455065614573e+03,3.860157733612590292e+00
9.882601473081303993e+03,3.860157733612590292e+00
9.882601491096995233e+03,3.860157733612590292e+00
9.882601509112684653e+03,3.860157733612590292e+00
9.882601527128375892e+03,3.860157733612590292e+00
9.882601545144065312e+03,3.860157733612590292e+00
9.882601563159756552e+03,3.860157733612590292e+00
9.882601581175447791e+03,3.860157733612590292e+00
9.882601599191137211e+03,3.860157733612590292e+00
9.882601617206828450e+03,3.860157733612590292e+00
9.882601635222517871e+03,3.860157733612590292e+00
9.882601653238209110e+03,3.860157733612590292e+00
9.882601671253898530e+03,3.860157733612590292e+00
9.882601689269589770e+03,3.860157733612590292e+00
9.882601707285281009e+03,3.860157733612590292e+00
9.882601725300970429e+03,3.860157733612590292e+00
9.882601743316661668e+03,3.860157733612590292e+00
9.882601761332351089e+03,3.860157733612590292e+00
9.882601779348042328e+03,3.860157733612590292e+00
9.882601797363731748e+03,3.860157733612590292e+00
9.882601815379422987e+03,3.860157733612590292e+00
9.882601833395114227e+03,3.860157733612590292e+00
9.882601851410803647e+03,3.860157733612590292e+00
9.882601869426494886e+03,3.860157733612590292e+00
9.882601887442184307e+03,3.860157733612590292e+00
9.882601905457875546e+03,3.860157733612590292e+00
9.882601923473564966e+03,3.860157733612590292e+00
9.882601941489256205e+03,3.860157733612590292e+00
9.882601959504947445e+03,3.860157733612590292e+00
9.882601977520636865e+03,3.860157733612590292e+00
9.882601995536328104e+03,3.860157733612590292e+00
9.882602013552017524e+03,3.860157733612590292e+00
9.882602031567708764e+03,3.860157733612590292e+00
9.882602049583398184e+03,3.860157733612590292e+00
9.882602067599089423e+03,3.860157733612590292e+00
9.882602085614780663e+03,3.860157733612590292e+00
9.882602103630470083e+03,3.860157733612590292e+00
9.882602121646161322e+03,3.860157733612590292e+00
9.882602139661850742e+03,3.860157733612590292e+00
9.882602157677541982e+03,3.860157733612590292e+00
9.882602175693231402e+03,3.860157733612590292e+00
9.882602193708922641e+03,3.860157733612590292e+00
9.882602211724612062e+03,3.860157733612590292e+00
9.882602229740303301e+03,3.860157733612590292e+00
9.882602247755994540e+03,3.860157733612590292e+00
9.882602265771683960e+03,3.860157733612590292e+00
9.882602283787375200e+03,3.860157733612590292e+00
9.882602301803064620e+03,3.860157733612590292e+00
9.882602319818755859e+03,3.860157733612590292e+00
9.882602337834445279e+03,3.860157733612590292e+00
9.882602355850136519e+03,3.860157733612590292e+00
9.882602373865827758e+03,3.860157733612590292e+00
9.882602391881517178e+03,3.860157733612590292e+00
9.882602409897208418e+03,3.860157733612590292e+00
9.882602427912897838e+03,3.860157733612590292e+00
9.882602445928589077e+03,3.860157733612590292e+00
9.882602463944278497e+03,3.860157733612590292e+00
9.882602481959969737e+03,3.860157733612590292e+00
9.882602499975660976e+03,3.860157733612590292e+00
9.882602517991350396e+03,3.860157733612590292e+00
9.882602536007041635e+03,3.860157733612590292e+00
9.882602554022731056e+03,3.860157733612590292e+00
9.882602572038422295e+03,3.860157733612590292e+00
9.882602590054111715e+03,3.860157733612590292e+00
9.882602608069802955e+03,3.860157733612590292e+00
9.882602626085494194e+03,3.860157733612590292e+00
9.882602644101183614e+03,3.860157733612590292e+00
9.882602662116874853e+03,3.860157733612590292e+00
9.882602680132564274e+03,3.860157733612590292e+00
9.882602698148255513e+03,3.860157733612590292e+00
9.882602716163944933e+03,3.860157733612590292e+00
9.882602734179636172e+03,3.860157733612590292e+00
9.882602752195327412e+03,3.860157733612590292e+00
9.882602770211016832e+03,3.860157733612590292e+00
9.882602788226708071e+03,3.860157733612590292e+00
9.882602806242397492e+03,3.860157733612590292e+00
9.882602824258088731e+03,3.860157733612590292e+00
9.882602842273778151e+03,3.860157733612590292e+00
9.882602860289469390e+03,3.860157733612590292e+00
9.882602878305160630e+03,3.860157733612590292e+00
9.882602896320850050e+03,3.860157733612590292e+00
9.882602914336541289e+03,3.860157733612590292e+00
9.882602932352230710e+03,3.860157733612590292e+00
9.882602950367921949e+03,3.860157733612590292e+00
9.882602968383611369e+03,3.860157733612590292e+00
9.882602986399302608e+03,3.860157733612590292e+00
9.882603004414993848e+03,3.860157733612590292e+00
9.882603022430683268e+03,3.860157733612590292e+00
9.882603040446374507e+03,3.860157733612590292e+00
9.882603058462063927e+03,3.860157733612590292e+00
9.882603076477755167e+03,3.860157733612590292e+00
9.882603094493444587e+03,3.860157733612590292e+00
9.882603112509135826e+03,3.860157733612590292e+00
9.882603130524827066e+03,3.860157733612590292e+00
9.882603148540516486e+03,3.860157733612590292e+00
9.882603166556207725e+03,3.860157733612590292e+00
9.882603184571897145e+03,3.860157733612590292e+00
9.882603202587588385e+03,3.860157733612590292e+00
9.882603220603277805e+03,3.860157733612590292e+00
9.882603238618969044e+03,3.860157733612590292e+00
9.882603256634660283e+03,3.860157733612590292e+00
9.882603274650349704e+03,3.860157733612590292e+00
9.882603292666040943e+03,3.860157733612590292e+00
9.882603310681730363e+03,3.860157733612590292e+00
9.882603328697421603e+03,3.860157733612590292e+00
9.882603346713111023e+03,3.860157733612590292e+00
9.882603364728802262e+03,3.860157733612590292e+00
9.882603382744493501e+03,3.860157733612590292e+00
9.882603400760182922e+03,3.860157733612590292e+00
9.882603418775874161e+03,3.860157733612590292e+00
9.882603436791563581e+03,3.860157733612590292e+00
9.882603454807254820e+03,3.860157733612590292e+00
9.882603472822944241e+03,3.860157733612590292e+00
9.882603490838635480e+03,3.860157733612590292e+00
9.882603508854326719e+03,3.860157733612590292e+00
9.882603526870016140e+03,3.860157733612590292e+00
9.882603544885707379e+03,3.860157733612590292e+00
9.882603562901396799e+03,3.860157733612590292e+00
9.882603580917088038e+03,3.860157733612590292e+00
9.882603598932777459e+03,3.860157733612590292e+00
9.882603616948468698e+03,3.860157733612590292e+00
9.882603634964159937e+03,3.860157733612590292e+00
9.882603652979849358e+03,3.860157733612590292e+00
9.882603670995540597e+03,3.860157733612590292e+00
9.882603689011230017e+03,3.860157733612590292e+00
9.882603707026921256e+03,3.860157733612590292e+00
9.882603725042610677e+03,3.860157733612590292e+00
9.882603743058301916e+03,3.860157733612590292e+00
9.882603761073993155e+03,3.860157733612590292e+00
9.882603779089682575e+03,3.860157733612590292e+00
9.882603797105373815e+03,3.860157733612590292e+00
9.882603815121063235e+03,3.860157733612590292e+00
9.882603833136754474e+03,3.860157733612590292e+00
9.882603851152443895e+03,3.860157733612590292e+00
9.882603869168135134e+03,3.860157733612590292e+00
9.882603887183826373e+03,3.860157733612590292e+00
9.882603905199515793e+03,3.860157733612590292e+00
9.882603923215207033e+03,3.860157733612590292e+00
9.882603941230896453e+03,3.860157733612590292e+00
9.882603959246587692e+03,3.860157733612590292e+00
9.882603977262277112e+03,3.860157733612590292e+00
9.882603995277968352e+03,3.860157733612590292e+00
9.882604013293659591e+03,3.860157733612590292e+00
9.882604031309349011e+03,3.860157733612590292e+00
9.882604049325040251e+03,3.860157733612590292e+00
9.882604067340729671e+03,3.860157733612590292e+00
9.882604085356420910e+03,3.860157733612590292e+00
9.882604103372110330e+03,3.860157733612590292e+00
9.882604121387801570e+03,3.860157733612590292e+00
9.882604139403492809e+03,3.860157733612590292e+00
9.882604157419182229e+03,3.860157733612590292e+00
9.882604175434873468e+03,3.860157733612590292e+00
9.882604193450562889e+03,3.860157733612590292e+00
9.882604211466254128e+03,3.860157733612590292e+00
9.882604229481943548e+03,3.860157733612590292e+00
9.882604247497634788e+03,3.860157733612590292e+00
9.882604265513326027e+03,3.860157733612590292e+00
9.882604283529015447e+03,3.860157733612590292e+00
9.882604301544706686e+03,3.860157733612590292e+00
9.882604319560396107e+03,3.860157733612590292e+00
9.882604337576087346e+03,3.860157733612590292e+00
9.882604355591776766e+03,3.860157733612590292e+00
9.882604373607468006e+03,3.860157733612590292e+00
9.882604391623159245e+03,3.860157733612590292e+00
9.882604409638848665e+03,3.860157733612590292e+00
9.882604427654539904e+03,3.860157733612590292e+00
9.882604445670229325e+03,3.860157733612590292e+00
9.882604463685920564e+03,3.860157733612590292e+00
9.882604481701609984e+03,3.860157733612590292e+00
9.882604499717301223e+03,3.860157733612590292e+00
9.882604517732992463e+03,3.860157733612590292e+00
9.882604535748681883e+03,3.860157733612590292e+00
9.882604553764373122e+03,3.860157733612590292e+00
9.882604571780062543e+03,3.860157733612590292e+00
9.882604589795753782e+03,3.860157733612590292e+00
9.882604607811443202e+03,3.860157733612590292e+00
9.882604625827134441e+03,3.860157733612590292e+00
9.882604643842825681e+03,3.860157733612590292e+00
9.882604661858515101e+03,3.860157733612590292e+00
9.882604679874206340e+03,3.860157733612590292e+00
9.882604697889895760e+03,3.860157733612590292e+00
9.882604715905587000e+03,3.860157733612590292e+00
9.882604733921276420e+03,3.860157733612590292e+00
9.882604751936967659e+03,3.860157733612590292e+00
9.882604769952658899e+03,3.860157733612590292e+00
9.882604787968348319e+03,3.860157733612590292e+00
9.882604805984039558e+03,3.860157733612590292e+00
9.882604823999728978e+03,3.860157733612590292e+00
9.882604842015420218e+03,3.860157733612590292e+00
9.882604860031109638e+03,3.860157733612590292e+00
9.882604878046800877e+03,3.860157733612590292e+00
9.882604896062490297e+03,3.860157733612590292e+00
9.882604914078181537e+03,3.860157733612590292e+00
9.882604932093872776e+03,3.860157733612590292e+00
9.882604950109562196e+03,3.860157733612590292e+00
9.882604968125253436e+03,3.860157733612590292e+00
9.882604986140942856e+03,3.860157733612590292e+00
9.882605004156634095e+03,3.860157733612590292e+00
9.882605022172323515e+03,3.860157733612590292e+00
9.882605040188014755e+03,3.860157733612590292e+00
9.882605058203705994e+03,3.860157733612590292e+00
9.882605076219395414e+03,3.860157733612590292e+00
9.882605094235086653e+03,3.860157733612590292e+00
9.882605112250776074e+03,3.860157733612590292e+00
9.882605130266467313e+03,3.860157733612590292e+00
9.882605148282156733e+03,3.860157733612590292e+00
9.882605166297847973e+03,3.860157733612590292e+00
9.882605184313539212e+03,3.860157733612590292e+00
9.882605202329228632e+03,3.860157733612590292e+00
9.882605220344919871e+03,3.860157733612590292e+00
9.882605238360609292e+03,3.860157733612590292e+00
9.882605256376300531e+03,3.860157733612590292e+00
9.882605274391989951e+03,3.860157733612590292e+00
9.882605292407681191e+03,3.860157733612590292e+00
9.882605310423372430e+03,3.860157733612590292e+00
9.882605328439061850e+03,3.860157733612590292e+00
9.882605346454753089e+03,3.860157733612590292e+00
9.882605364470442510e+03,3.860157733612590292e+00
9.882605382486133749e+03,3.860157733612590292e+00
9.882605400501823169e+03,3.860157733612590292e+00
9.882605418517514408e+03,3.860157733612590292e+00
9.882605436533205648e+03,3.860157733612590292e+00
9.882605454548895068e+03,3.860157733612590292e+00
9.882605472564586307e+03,3.860157733612590292e+00
9.882605490580275728e+03,3.860157733612590292e+00
9.882605508595966967e+03,3.860157733612590292e+00
9.882605526611656387e+03,3.860157733612590292e+00
9.882605544627347626e+03,3.860157733612590292e+00
9.882605562643038866e+03,3.860157733612590292e+00
9.882605580658728286e+03,3.860157733612590292e+00
9.882605598674419525e+03,3.860157733612590292e+00
9.882605616690108945e+03,3.860157733612590292e+00
9.882605634705800185e+03,3.860157733612590292e+00
9.882605652721489605e+03,3.860157733612590292e+00
9.882605670737180844e+03,3.860157733612590292e+00
9.882605688752872084e+03,3.860157733612590292e+00
9.882605706768561504e+03,3.860157733612590292e+00
9.882605724784252743e+03,3.860157733612590292e+00
9.882605742799942163e+03,3.860157733612590292e+00
9.882605760815633403e+03,3.860157733612590292e+00
9.882605778831322823e+03,3.860157733612590292e+00
9.882605796847014062e+03,3.860157733612590292e+00
9.882605814862705301e+03,3.860157733612590292e+00
9.882605832878394722e+03,3.860157733612590292e+00
9.882605850894085961e+03,3.860157733612590292e+00
9.882605868909775381e+03,3.860157733612590292e+00
9.882605886925466621e+03,3.860157733612590292e+00
9.882605904941156041e+03,3.860157733612590292e+00
9.882605922956847280e+03,3.860157733612590292e+00
9.882605940972538519e+03,3.860157733612590292e+00
9.882605958988227940e+03,3.860157733612590292e+00
9.882605977003919179e+03,3.860157733612590292e+00
9.882605995019608599e+03,3.860157733612590292e+00
9.882606013035299839e+03,3.860157733612590292e+00
9.882606031050989259e+03,3.860157733612590292e+00
9.882606049066680498e+03,3.860157733612590292e+00
9.882606067082371737e+03,3.860157733612590292e+00
9.882606085098061158e+03,3.860157733612590292e+00
9.882606103113752397e+03,3.860157733612590292e+00
9.882606121129441817e+03,3.860157733612590292e+00
9.882606139145133056e+03,3.860157733612590292e+00
9.882606157160822477e+03,3.860157733612590292e+00
9.882606175176513716e+03,3.860157733612590292e+00
9.882606193192204955e+03,3.860157733612590292e+00
9.882606211207894376e+03,3.860157733612590292e+00
9.882606229223585615e+03,3.860157733612590292e+00
9.882606247239275035e+03,3.860157733612590292e+00
9.882606265254966274e+03,3.860157733612590292e+00
9.882606283270655695e+03,3.860157733612590292e+00
9.882606301286346934e+03,3.860157733612590292e+00
9.882606319302038173e+03,3.860157733612590292e+00
9.882606337317727593e+03,3.860157733612590292e+00
9.882606355333418833e+03,3.860157733612590292e+00
9.882606373349108253e+03,3.860157733612590292e+00
9.882606391364799492e+03,3.860157733612590292e+00
9.882606409380488913e+03,3.860157733612590292e+00
9.882606427396180152e+03,3.860157733612590292e+00
9.882606445411871391e+03,3.860157733612590292e+00
9.882606463427560811e+03,3.860157733612590292e+00
9.882606481443252051e+03,3.860157733612590292e+00
9.882606499458941471e+03,3.860157733612590292e+00
9.882606517474632710e+03,3.860157733612590292e+00
9.882606535490322130e+03,3.860157733612590292e+00
9.882606553506013370e+03,3.860157733612590292e+00
9.882606571521704609e+03,3.860157733612590292e+00
9.882606589537394029e+03,3.860157733612590292e+00
9.882606607553085269e+03,3.860157733612590292e+00
9.882606625568774689e+03,3.860157733612590292e+00
9.882606643584465928e+03,3.860157733612590292e+00
9.882606661600155348e+03,3.860157733612590292e+00
9.882606679615846588e+03,3.860157733612590292e+00
9.882606697631537827e+03,3.860157733612590292e+00
9.882606715647227247e+03,3.860157733612590292e+00
9.882606733662918487e+03,3.860157733612590292e+00
9.882606751678607907e+03,3.860157733612590292e+00
9.882606769694299146e+03,3.860157733612590292e+00
9.882606787709988566e+03,3.860157733612590292e+00
9.882606805725679806e+03,3.860157733612590292e+00
9.882606823741371045e+03,3.860157733612590292e+00
9.882606841757060465e+03,3.860157733612590292e+00
9.882606859772751704e+03,3.860157733612590292e+00
9.882606877788441125e+03,3.860157733612590292e+00
9.882606895804132364e+03,3.860157733612590292e+00
9.882606913819821784e+03,3.860157733612590292e+00
9.882606931835513024e+03,3.860157733612590292e+00
9.882606949851204263e+03,3.860157733612590292e+00
9.882606967866893683e+03,3.860157733612590292e+00
9.882606985882584922e+03,3.860157733612590292e+00
9.882607003898274343e+03,3.860157733612590292e+00
9.882607021913965582e+03,3.860157733612590292e+00
9.882607039929655002e+03,3.860157733612590292e+00
9.882607057945346241e+03,3.860157733612590292e+00
9.882607075961037481e+03,3.860157733612590292e+00
9.882607093976726901e+03,3.860157733612590292e+00
9.882607111992418140e+03,3.860157733612590292e+00
9.882607130008107561e+03,3.860157733612590292e+00
9.882607148023798800e+03,3.860157733612590292e+00
9.882607166039488220e+03,3.860157733612590292e+00
9.882607184055179459e+03,3.860157733612590292e+00
9.882607202070870699e+03,3.860157733612590292e+00
9.882607220086560119e+03,3.860157733612590292e+00
9.882607238102251358e+03,3.860157733612590292e+00
9.882607256117940778e+03,3.860157733612590292e+00
9.882607274133632018e+03,3.860157733612590292e+00
9.882607292149321438e+03,3.860157733612590292e+00
9.882607310165012677e+03,3.860157733612590292e+00
9.882607328180703917e+03,3.860157733612590292e+00
9.882607346196393337e+03,3.860157733612590292e+00
9.882607364212084576e+03,3.860157733612590292e+00
9.882607382227773996e+03,3.860157733612590292e+00
9.882607400243465236e+03,3.860157733612590292e+00
9.882607418259154656e+03,3.860157733612590292e+00
9.882607436274845895e+03,3.860157733612590292e+00
9.882607454290535316e+03,3.860157733612590292e+00
9.882607472306226555e+03,3.860157733612590292e+00
9.882607490321917794e+03,3.860157733612590292e+00
9.882607508337607214e+03,3.860157733612590292e+00
9.882607526353298454e+03,3.860157733612590292e+00
9.882607544368987874e+03,3.860157733612590292e+00
9.882607562384679113e+03,3.860157733612590292e+00
9.882607580400368533e+03,3.860157733612590292e+00
9.882607598416059773e+03,3.860157733612590292e+00
9.882607616431751012e+03,3.860157733612590292e+00
9.882607634447440432e+03,3.860157733612590292e+00
9.882607652463131672e+03,3.860157733612590292e+00
9.882607670478821092e+03,3.860157733612590292e+00
9.882607688494512331e+03,3.860157733612590292e+00
9.882607706510201751e+03,3.860157733612590292e+00
9.882607724525892991e+03,3.860157733612590292e+00
9.882607742541584230e+03,3.860157733612590292e+00
9.882607760557273650e+03,3.860157733612590292e+00
9.882607778572964889e+03,3.860157733612590292e+00
9.882607796588654310e+03,3.860157733612590292e+00
9.882607814604345549e+03,3.860157733612590292e+00
9.882607832620034969e+03,3.860157733612590292e+00
9.882607850635726209e+03,3.860157733612590292e+00
9.882607868651417448e+03,3.860157733612590292e+00
9.882607886667106868e+03,3.860157733612590292e+00
9.882607904682798107e+03,3.860157733612590292e+00
9.882607922698487528e+03,3.860157733612590292e+00
9.882607940714178767e+03,3.860157733612590292e+00
9.882607958729868187e+03,3.860157733612590292e+00
9.882607976745559426e+03,3.860157733612590292e+00
9.882607994761250666e+03,3.860157733612590292e+00
9.882608012776940086e+03,3.860157733612590292e+00
9.882608030792631325e+03,3.860157733612590292e+00
9.882608048808320746e+03,3.860157733612590292e+00
9.882608066824011985e+03,3.860157733612590292e+00
9.882608084839701405e+03,3.860157733612590292e+00
9.882608102855392644e+03,3.860157733612590292e+00
9.882608120871083884e+03,3.860157733612590292e+00
9.882608138886773304e+03,3.860157733612590292e+00
9.882608156902464543e+03,3.860157733612590292e+00
9.882608174918153964e+03,3.860157733612590292e+00
9.882608192933845203e+03,3.860157733612590292e+00
9.882608210949534623e+03,3.860157733612590292e+00
9.882608228965225862e+03,3.860157733612590292e+00
9.882608246980917102e+03,3.860157733612590292e+00
9.882608264996606522e+03,3.860157733612590292e+00
9.882608283012297761e+03,3.860157733612590292e+00
9.882608301027987181e+03,3.860157733612590292e+00
9.882608319043678421e+03,3.860157733612590292e+00
9.882608337059367841e+03,3.860157733612590292e+00
9.882608355075059080e+03,3.860157733612590292e+00
9.882608373090750320e+03,3.860157733612590292e+00
9.882608391106439740e+03,3.860157733612590292e+00
9.882608409122130979e+03,3.860157733612590292e+00
9.882608427137820399e+03,3.860157733612590292e+00
9.882608445153511639e+03,3.860157733612590292e+00
9.882608463169201059e+03,3.860157733612590292e+00
9.882608481184892298e+03,3.860157733612590292e+00
9.882608499200583537e+03,3.860157733612590292e+00
9.882608517216272958e+03,3.860157733612590292e+00
9.882608535231964197e+03,3.860157733612590292e+00
9.882608553247653617e+03,3.860157733612590292e+00
9.882608571263344857e+03,3.860157733612590292e+00
9.882608589279034277e+03,3.860157733612590292e+00
9.882608607294725516e+03,3.860157733612590292e+00
9.882608625310416755e+03,3.860157733612590292e+00
9.882608643326106176e+03,3.860157733612590292e+00
9.882608661341797415e+03,3.860157733612590292e+00
9.882608679357486835e+03,3.860157733612590292e+00
9.882608697373178074e+03,3.860157733612590292e+00
9.882608715388867495e+03,3.860157733612590292e+00
9.882608733404558734e+03,3.860157733612590292e+00
9.882608751420249973e+03,3.860157733612590292e+00
9.882608769435939394e+03,3.860157733612590292e+00
9.882608787451630633e+03,3.860157733612590292e+00
9.882608805467320053e+03,3.860157733612590292e+00
9.882608823483011292e+03,3.860157733612590292e+00
9.882608841498700713e+03,3.860157733612590292e+00
9.882608859514391952e+03,3.860157733612590292e+00
9.882608877530083191e+03,3.860157733612590292e+00
9.882608895545772612e+03,3.860157733612590292e+00
9.882608913561463851e+03,3.860157733612590292e+00
9.882608931577153271e+03,3.860157733612590292e+00
9.882608949592844510e+03,3.860157733612590292e+00
9.882608967608533931e+03,3.860157733612590292e+00
9.882608985624225170e+03,3.860157733612590292e+00
9.882609003639916409e+03,3.860157733612590292e+00
9.882609021655605829e+03,3.860157733612590292e+00
9.882609039671297069e+03,3.860157733612590292e+00
9.882609057686986489e+03,3.860157733612590292e+00
9.882609075702677728e+03,3.860157733612590292e+00
9.882609093718367149e+03,3.860157733612590292e+00
9.882609111734058388e+03,3.860157733612590292e+00
9.882609129749749627e+03,3.860157733612590292e+00
9.882609147765439047e+03,3.860157733612590292e+00
9.882609165781130287e+03,3.860157733612590292e+00
9.882609183796819707e+03,3.860157733612590292e+00
9.882609201812510946e+03,3.860157733612590292e+00
9.882609219828200366e+03,3.860157733612590292e+00
9.882609237843891606e+03,3.860157733612590292e+00
9.882609255859582845e+03,3.860157733612590292e+00
9.882609273875272265e+03,3.860157733612590292e+00
9.882609291890963505e+03,3.860157733612590292e+00
9.882609309906652925e+03,3.860157733612590292e+00
9.882609327922344164e+03,3.860157733612590292e+00
9.882609345938033584e+03,3.860157733612590292e+00
9.882609363953724824e+03,3.860157733612590292e+00
9.882609381969416063e+03,3.860157733612590292e+00
9.882609399985105483e+03,3.860157733612590292e+00
9.882609418000796722e+03,3.860157733612590292e+00
9.882609436016486143e+03,3.860157733612590292e+00
9.882609454032177382e+03,3.860157733612590292e+00
9.882609472047866802e+03,3.860157733612590292e+00
9.882609490063558042e+03,3.860157733612590292e+00
9.882609508079249281e+03,3.860157733612590292e+00
9.882609526094938701e+03,3.860157733612590292e+00
9.882609544110629940e+03,3.860157733612590292e+00
9.882609562126319361e+03,3.860157733612590292e+00
9.882609580142010600e+03,3.860157733612590292e+00
9.882609598157700020e+03,3.860157733612590292e+00
9.882609616173391260e+03,3.860157733612590292e+00
9.882609634189082499e+03,3.860157733612590292e+00
9.882609652204771919e+03,3.860157733612590292e+00
9.882609670220463158e+03,3.860157733612590292e+00
9.882609688236152579e+03,3.860157733612590292e+00
9.882609706251843818e+03,3.860157733612590292e+00
9.882609724267533238e+03,3.860157733612590292e+00
9.882609742283224477e+03,3.860157733612590292e+00
9.882609760298915717e+03,3.860157733612590292e+00
9.882609778314605137e+03,3.860157733612590292e+00
9.882609796330296376e+03,3.860157733612590292e+00
9.882609814345985797e+03,3.860157733612590292e+00
9.882609832361677036e+03,3.860157733612590292e+00
9.882609850377366456e+03,3.860157733612590292e+00
9.882609868393057695e+03,3.860157733612590292e+00
9.882609886408748935e+03,3.860157733612590292e+00
9.882609904424438355e+03,3.860157733612590292e+00
9.882609922440129594e+03,3.860157733612590292e+00
9.882609940455819014e+03,3.860157733612590292e+00
9.882609958471510254e+03,3.860157733612590292e+00
9.882609976487199674e+03,3.860157733612590292e+00
9.882609994502890913e+03,3.860157733612590292e+00
9.882610012518582153e+03,3.860157733612590292e+00
9.882610030534271573e+03,3.860157733612590292e+00
9.882610048549962812e+03,3.860157733612590292e+00
9.882610066565652232e+03,3.860157733612590292e+00
9.882610084581343472e+03,3.860157733612590292e+00
9.882610102597032892e+03,3.860157733612590292e+00
9.882610120612724131e+03,3.860157733612590292e+00
9.882610138628413551e+03,3.860157733612590292e+00
9.882610156644104791e+03,3.860157733612590292e+00
9.882610174659796030e+03,3.860157733612590292e+00
9.882610192675485450e+03,3.860157733612590292e+00
9.882610210691176690e+03,3.860157733612590292e+00
9.882610228706866110e+03,3.860157733612590292e+00
9.882610246722557349e+03,3.860157733612590292e+00
9.882610264738246769e+03,3.860157733612590292e+00
9.882610282753938009e+03,3.860157733612590292e+00
9.882610300769629248e+03,3.860157733612590292e+00
9.882610318785318668e+03,3.860157733612590292e+00
9.882610336801009908e+03,3.860157733612590292e+00
9.882610354816699328e+03,3.860157733612590292e+00
9.882610372832390567e+03,3.860157733612590292e+00
9.882610390848079987e+03,3.860157733612590292e+00
9.882610408863771227e+03,3.860157733612590292e+00
9.882610426879462466e+03,3.860157733612590292e+00
9.882610444895151886e+03,3.860157733612590292e+00
9.882610462910843125e+03,3.860157733612590292e+00
9.882610480926532546e+03,3.860157733612590292e+00
9.882610498942223785e+03,3.860157733612590292e+00
9.882610516957913205e+03,3.860157733612590292e+00
9.882610534973604445e+03,3.860157733612590292e+00
9.882610552989295684e+03,3.860157733612590292e+00
9.882610571004985104e+03,3.860157733612590292e+00
9.882610589020676343e+03,3.860157733612590292e+00
9.882610607036365764e+03,3.860157733612590292e+00
9.882610625052057003e+03,3.860157733612590292e+00
9.882610643067746423e+03,3.860157733612590292e+00
9.882610661083437662e+03,3.860157733612590292e+00
9.882610679099128902e+03,3.860157733612590292e+00
9.882610697114818322e+03,3.860157733612590292e+00
9.882610715130509561e+03,3.860157733612590292e+00
9.882610733146198982e+03,3.860157733612590292e+00
9.882610751161890221e+03,3.860157733612590292e+00
9.882610769177579641e+03,3.860157733612590292e+00
9.882610787193270880e+03,3.860157733612590292e+00
9.882610805208962120e+03,3.860157733612590292e+00
9.882610823224651540e+03,3.860157733612590292e+00
9.882610841240342779e+03,3.860157733612590292e+00
9.882610859256032199e+03,3.860157733612590292e+00
9.882610877271723439e+03,3.860157733612590292e+00
9.882610895287412859e+03,3.860157733612590292e+00
9.882610913303104098e+03,3.860157733612590292e+00
9.882610931318795338e+03,3.860157733612590292e+00
9.882610949334484758e+03,3.860157733612590292e+00
9.882610967350175997e+03,3.860157733612590292e+00
9.882610985365865417e+03,3.860157733612590292e+00
9.882611003381556657e+03,3.860157733612590292e+00
9.882611021397246077e+03,3.860157733612590292e+00
9.882611039412937316e+03,3.860157733612590292e+00
9.882611057428628555e+03,3.860157733612590292e+00
9.882611075444317976e+03,3.860157733612590292e+00
9.882611093460009215e+03,3.860157733612590292e+00
9.882611111475698635e+03,3.860157733612590292e+00
9.882611129491389875e+03,3.860157733612590292e+00
9.882611147507079295e+03,3.860157733612590292e+00
9.882611165522770534e+03,3.860157733612590292e+00
9.882611183538461773e+03,3.860157733612590292e+00
9.882611201554151194e+03,3.860157733612590292e+00
9.882611219569842433e+03,3.860157733612590292e+00
9.882611237585531853e+03,3.860157733612590292e+00
9.882611255601223093e+03,3.860157733612590292e+00
9.882611273616912513e+03,3.860157733612590292e+00
9.882611291632603752e+03,3.860157733612590292e+00
9.882611309648294991e+03,3.860157733612590292e+00
9.882611327663984412e+03,3.860157733612590292e+00
9.882611345679675651e+03,3.860157733612590292e+00
9.882611363695365071e+03,3.860157733612590292e+00
9.882611381711056310e+03,3.860157733612590292e+00
9.882611399726745731e+03,3.860157733612590292e+00
9.882611417742436970e+03,3.860157733612590292e+00
9.882611435758128209e+03,3.860157733612590292e+00
9.882611453773817630e+03,3.860157733612590292e+00
9.882611471789508869e+03,3.860157733612590292e+00
9.882611489805198289e+03,3.860157733612590292e+00
9.882611507820889528e+03,3.860157733612590292e+00
9.882611525836578949e+03,3.860157733612590292e+00
9.882611543852270188e+03,3.860157733612590292e+00
9.882611561867961427e+03,3.860157733612590292e+00
9.882611579883650847e+03,3.860157733612590292e+00
9.882611597899342087e+03,3.860157733612590292e+00
9.882611615915031507e+03,3.860157733612590292e+00
9.882611633930722746e+03,3.860157733612590292e+00
9.882611651946412167e+03,3.860157733612590292e+00
9.882611669962103406e+03,3.860157733612590292e+00
9.882611687977794645e+03,3.860157733612590292e+00
9.882611705993484065e+03,3.860157733612590292e+00
9.882611724009175305e+03,3.860157733612590292e+00
9.882611742024864725e+03,3.860157733612590292e+00
9.882611760040555964e+03,3.860157733612590292e+00
9.882611778056245385e+03,3.860157733612590292e+00
9.882611796071936624e+03,3.860157733612590292e+00
9.882611814087627863e+03,3.860157733612590292e+00
9.882611832103317283e+03,3.860157733612590292e+00
9.882611850119008523e+03,3.860157733612590292e+00
9.882611868134697943e+03,3.860157733612590292e+00
9.882611886150389182e+03,3.860157733612590292e+00
9.882611904166078602e+03,3.860157733612590292e+00
9.882611922181769842e+03,3.860157733612590292e+00
9.882611940197461081e+03,3.860157733612590292e+00
9.882611958213150501e+03,3.860157733612590292e+00
9.882611976228841741e+03,3.860157733612590292e+00
9.882611994244531161e+03,3.860157733612590292e+00
9.882612012260222400e+03,3.860157733612590292e+00
9.882612030275911820e+03,3.860157733612590292e+00
9.882612048291603060e+03,3.860157733612590292e+00
9.882612066307294299e+03,3.860157733612590292e+00
9.882612084322983719e+03,3.860157733612590292e+00
9.882612102338674958e+03,3.860157733612590292e+00
9.882612120354364379e+03,3.860157733612590292e+00
9.882612138370055618e+03,3.860157733612590292e+00
9.882612156385745038e+03,3.860157733612590292e+00
9.882612174401436278e+03,3.860157733612590292e+00
9.882612192417127517e+03,3.860157733612590292e+00
9.882612210432816937e+03,3.860157733612590292e+00
9.882612228448508176e+03,3.860157733612590292e+00
9.882612246464197597e+03,3.860157733612590292e+00
9.882612264479888836e+03,3.860157733612590292e+00
9.882612282495578256e+03,3.860157733612590292e+00
9.882612300511269495e+03,3.860157733612590292e+00
9.882612318526960735e+03,3.860157733612590292e+00
9.882612336542650155e+03,3.860157733612590292e+00
9.882612354558341394e+03,3.860157733612590292e+00
9.882612372574030815e+03,3.860157733612590292e+00
9.882612390589722054e+03,3.860157733612590292e+00
9.882612408605411474e+03,3.860157733612590292e+00
9.882612426621102713e+03,3.860157733612590292e+00
9.882612444636793953e+03,3.860157733612590292e+00
9.882612462652483373e+03,3.860157733612590292e+00
9.882612480668174612e+03,3.860157733612590292e+00
9.882612498683864033e+03,3.860157733612590292e+00
9.882612516699555272e+03,3.860157733612590292e+00
9.882612534715244692e+03,3.860157733612590292e+00
9.882612552730935931e+03,3.860157733612590292e+00
9.882612570746627171e+03,3.860157733612590292e+00
9.882612588762316591e+03,3.860157733612590292e+00
9.882612606778007830e+03,3.860157733612590292e+00
9.882612624793697250e+03,3.860157733612590292e+00
9.882612642809388490e+03,3.860157733612590292e+00
9.882612660825077910e+03,3.860157733612590292e+00
9.882612678840769149e+03,3.860157733612590292e+00
9.882612696856460389e+03,3.860157733612590292e+00
9.882612714872149809e+03,3.860157733612590292e+00
9.882612732887841048e+03,3.860157733612590292e+00
9.882612750903530468e+03,3.860157733612590292e+00
9.882612768919221708e+03,3.860157733612590292e+00
9.882612786934911128e+03,3.860157733612590292e+00
9.882612804950602367e+03,3.860157733612590292e+00
9.882612822966291787e+03,3.860157733612590292e+00
9.882612840981983027e+03,3.860157733612590292e+00
9.882612858997674266e+03,3.860157733612590292e+00
9.882612877013363686e+03,3.860157733612590292e+00
9.882612895029054926e+03,3.860157733612590292e+00
9.882612913044744346e+03,3.860157733612590292e+00
9.882612931060435585e+03,3.860157733612590292e+00
9.882612949076125005e+03,3.860157733612590292e+00
9.882612967091816245e+03,3.860157733612590292e+00
9.882612985107507484e+03,3.860157733612590292e+00
9.882613003123196904e+03,3.860157733612590292e+00
9.882613021138888143e+03,3.860157733612590292e+00
9.882613039154577564e+03,3.860157733612590292e+00
9.882613057170268803e+03,3.860157733612590292e+00
9.882613075185958223e+03,3.860157733612590292e+00
9.882613093201649463e+03,3.860157733612590292e+00
9.882613111217340702e+03,3.860157733612590292e+00
9.882613129233030122e+03,3.860157733612590292e+00
9.882613147248721361e+03,3.860157733612590292e+00
9.882613165264410782e+03,3.860157733612590292e+00
9.882613183280102021e+03,3.860157733612590292e+00
9.882613201295791441e+03,3.860157733612590292e+00
9.882613219311482680e+03,3.860157733612590292e+00
9.882613237327173920e+03,3.860157733612590292e+00
9.882613255342863340e+03,3.860157733612590292e+00
9.882613273358554579e+03,3.860157733612590292e+00
9.882613291374244000e+03,3.860157733612590292e+00
9.882613309389935239e+03,3.860157733612590292e+00
9.882613327405624659e+03,3.860157733612590292e+00
9.882613345421315898e+03,3.860157733612590292e+00
9.882613363437007138e+03,3.860157733612590292e+00
9.882613381452696558e+03,3.860157733612590292e+00
9.882613399468387797e+03,3.860157733612590292e+00
9.882613417484077218e+03,3.860157733612590292e+00
9.882613435499768457e+03,3.860157733612590292e+00
9.882613453515457877e+03,3.860157733612590292e+00
9.882613471531149116e+03,3.860157733612590292e+00
9.882613489546840356e+03,3.860157733612590292e+00
9.882613507562529776e+03,3.860157733612590292e+00
9.882613525578221015e+03,3.860157733612590292e+00
9.882613543593910435e+03,3.860157733612590292e+00
9.882613561609601675e+03,3.860157733612590292e+00
9.882613579625291095e+03,3.860157733612590292e+00
9.882613597640982334e+03,3.860157733612590292e+00
9.882613615656673574e+03,3.860157733612590292e+00
9.882613633672362994e+03,3.860157733612590292e+00
9.882613651688054233e+03,3.860157733612590292e+00
9.882613669703743653e+03,3.860157733612590292e+00
9.882613687719434893e+03,3.860157733612590292e+00
9.882613705735124313e+03,3.860157733612590292e+00
9.882613723750815552e+03,3.860157733612590292e+00
9.882613741766506791e+03,3.860157733612590292e+00
9.882613759782196212e+03,3.860157733612590292e+00
9.882613777797887451e+03,3.860157733612590292e+00
9.882613795813576871e+03,3.860157733612590292e+00
9.882613813829268111e+03,3.860157733612590292e+00
9.882613831844957531e+03,3.860157733612590292e+00
9.882613849860648770e+03,3.860157733612590292e+00
9.882613867876340009e+03,3.860157733612590292e+00
9.882613885892029430e+03,3.860157733612590292e+00
9.882613903907720669e+03,3.860157733612590292e+00
9.882613921923410089e+03,3.860157733612590292e+00
9.882613939939101328e+03,3.860157733612590292e+00
9.882613957954790749e+03,3.860157733612590292e+00
9.882613975970481988e+03,3.860157733612590292e+00
9.882613993986173227e+03,3.860157733612590292e+00
9.882614012001862648e+03,3.860157733612590292e+00
9.882614030017553887e+03,3.860157733612590292e+00
9.882614048033243307e+03,3.860157733612590292e+00
9.882614066048934546e+03,3.860157733612590292e+00
9.882614084064623967e+03,3.860157733612590292e+00
9.882614102080315206e+03,3.860157733612590292e+00
9.882614120096006445e+03,3.860157733612590292e+00
9.882614138111695866e+03,3.860157733612590292e+00
9.882614156127387105e+03,3.860157733612590292e+00
9.882614174143076525e+03,3.860157733612590292e+00
9.882614192158767764e+03,3.860157733612590292e+00
9.882614210174457185e+03,3.860157733612590292e+00
9.882614228190148424e+03,3.860157733612590292e+00
9.882614246205839663e+03,3.860157733612590292e+00
9.882614264221529083e+03,3.860157733612590292e+00
9.882614282237220323e+03,3.860157733612590292e+00
9.882614300252909743e+03,3.860157733612590292e+00
9.882614318268600982e+03,3.860157733612590292e+00
9.882614336284290403e+03,3.860157733612590292e+00
9.882614354299981642e+03,3.860157733612590292e+00
9.882614372315672881e+03,3.860157733612590292e+00
9.882614390331362301e+03,3.860157733612590292e+00
9.882614408347053541e+03,3.860157733612590292e+00
9.882614426362742961e+03,3.860157733612590292e+00
9.882614444378434200e+03,3.860157733612590292e+00
9.882614462394123620e+03,3.860157733612590292e+00
9.882614480409814860e+03,3.860157733612590292e+00
9.882614498425506099e+03,3.860157733612590292e+00
9.882614516441195519e+03,3.860157733612590292e+00
9.882614534456886759e+03,3.860157733612590292e+00
9.882614552472576179e+03,3.860157733612590292e+00
9.882614570488267418e+03,3.860157733612590292e+00
9.882614588503956838e+03,3.860157733612590292e+00
9.882614606519648078e+03,3.860157733612590292e+00
9.882614624535339317e+03,3.860157733612590292e+00
9.882614642551028737e+03,3.860157733612590292e+00
9.882614660566719976e+03,3.860157733612590292e+00
9.882614678582409397e+03,3.860157733612590292e+00
9.882614696598100636e+03,3.860157733612590292e+00
9.882614714613790056e+03,3.860157733612590292e+00
9.882614732629481296e+03,3.860157733612590292e+00
9.882614750645172535e+03,3.860157733612590292e+00
9.882614768660861955e+03,3.860157733612590292e+00
9.882614786676553194e+03,3.860157733612590292e+00
9.882614804692242615e+03,3.860157733612590292e+00
9.882614822707933854e+03,3.860157733612590292e+00
9.882614840723623274e+03,3.860157733612590292e+00
9.882614858739314514e+03,3.860157733612590292e+00
9.882614876755005753e+03,3.860157733612590292e+00
9.882614894770695173e+03,3.860157733612590292e+00
9.882614912786386412e+03,3.860157733612590292e+00
9.882614930802075833e+03,3.860157733612590292e+00
9.882614948817767072e+03,3.860157733612590292e+00
9.882614966833456492e+03,3.860157733612590292e+00
9.882614984849147731e+03,3.860157733612590292e+00
9.882615002864838971e+03,3.860157733612590292e+00
9.882615020880528391e+03,3.860157733612590292e+00
9.882615038896219630e+03,3.860157733612590292e+00
9.882615056911909051e+03,3.860157733612590292e+00
9.882615074927600290e+03,3.860157733612590292e+00
9.882615092943289710e+03,3.860157733612590292e+00
9.882615110958980949e+03,3.860157733612590292e+00
9.882615128974672189e+03,3.860157733612590292e+00
9.882615146990361609e+03,3.860157733612590292e+00
9.882615165006052848e+03,3.860157733612590292e+00
9.882615183021742268e+03,3.860157733612590292e+00
9.882615201037433508e+03,3.860157733612590292e+00
9.882615219053122928e+03,3.860157733612590292e+00
9.882615237068814167e+03,3.860157733612590292e+00
9.882615255084505407e+03,3.860157733612590292e+00
9.882615273100194827e+03,3.860157733612590292e+00
9.882615291115886066e+03,3.860157733612590292e+00
9.882615309131575486e+03,3.860157733612590292e+00
9.882615327147266726e+03,3.860157733612590292e+00
9.882615345162956146e+03,3.860157733612590292e+00
9.882615363178647385e+03,3.860157733612590292e+00
9.882615381194338624e+03,3.860157733612590292e+00
9.882615399210028045e+03,3.860157733612590292e+00
9.882615417225719284e+03,3.860157733612590292e+00
9.882615435241408704e+03,3.860157733612590292e+00
9.882615453257099944e+03,3.860157733612590292e+00
9.882615471272789364e+03,3.860157733612590292e+00
9.882615489288480603e+03,3.860157733612590292e+00
9.882615507304170023e+03,3.860157733612590292e+00
9.882615525319861263e+03,3.860157733612590292e+00
9.882615543335552502e+03,3.860157733612590292e+00
9.882615561351241922e+03,3.860157733612590292e+00
9.882615579366933162e+03,3.860157733612590292e+00
9.882615597382622582e+03,3.860157733612590292e+00
9.882615615398313821e+03,3.860157733612590292e+00
9.882615633414003241e+03,3.860157733612590292e+00
9.882615651429694481e+03,3.860157733612590292e+00
9.882615669445385720e+03,3.860157733612590292e+00
9.882615687461075140e+03,3.860157733612590292e+00
9.882615705476766379e+03,3.860157733612590292e+00
9.882615723492455800e+03,3.860157733612590292e+00
9.882615741508147039e+03,3.860157733612590292e+00
9.882615759523836459e+03,3.860157733612590292e+00
9.882615777539527699e+03,3.860157733612590292e+00
9.882615795555218938e+03,3.860157733612590292e+00
9.882615813570908358e+03,3.860157733612590292e+00
9.882615831586599597e+03,3.860157733612590292e+00
9.882615849602289018e+03,3.860157733612590292e+00
9.882615867617980257e+03,3.860157733612590292e+00
9.882615885633669677e+03,3.860157733612590292e+00
9.882615903649360916e+03,3.860157733612590292e+00
9.882615921665052156e+03,3.860157733612590292e+00
9.882615939680741576e+03,3.860157733612590292e+00
9.882615957696432815e+03,3.860157733612590292e+00
9.882615975712122236e+03,3.860157733612590292e+00
9.882615993727813475e+03,3.860157733612590292e+00
9.882616011743502895e+03,3.860157733612590292e+00
9.882616029759194134e+03,3.860157733612590292e+00
9.882616047774885374e+03,3.860157733612590292e+00
9.882616065790574794e+03,3.860157733612590292e+00
9.882616083806266033e+03,3.860157733612590292e+00
9.882616101821955453e+03,3.860157733612590292e+00
9.882616119837646693e+03,3.860157733612590292e+00
9.882616137853336113e+03,3.860157733612590292e+00
9.882616155869027352e+03,3.860157733612590292e+00
9.882616173884718592e+03,3.860157733612590292e+00
9.882616191900408012e+03,3.860157733612590292e+00
9.882616209916099251e+03,3.860157733612590292e+00
9.882616227931788671e+03,3.860157733612590292e+00
9.882616245947479911e+03,3.860157733612590292e+00
9.882616263963169331e+03,3.860157733612590292e+00
9.882616281978860570e+03,3.860157733612590292e+00
9.882616299994551810e+03,3.860157733612590292e+00
9.882616318010241230e+03,3.860157733612590292e+00
9.882616336025932469e+03,3.860157733612590292e+00
9.882616354041621889e+03,3.860157733612590292e+00
9.882616372057313129e+03,3.860157733612590292e+00
9.882616390073002549e+03,3.860157733612590292e+00
9.882616408088693788e+03,3.860157733612590292e+00
9.882616426104385027e+03,3.860157733612590292e+00
9.882616444120074448e+03,3.860157733612590292e+00
9.882616462135765687e+03,3.860157733612590292e+00
9.882616480151455107e+03,3.860157733612590292e+00
9.882616498167146347e+03,3.860157733612590292e+00
9.882616516182835767e+03,3.860157733612590292e+00
9.882616534198527006e+03,3.860157733612590292e+00
9.882616552214218245e+03,3.860157733612590292e+00
9.882616570229907666e+03,3.860157733612590292e+00
9.882616588245598905e+03,3.860157733612590292e+00
9.882616606261288325e+03,3.860157733612590292e+00
9.882616624276979564e+03,3.860157733612590292e+00
9.882616642292668985e+03,3.860157733612590292e+00
9.882616660308360224e+03,3.860157733612590292e+00
9.882616678324051463e+03,3.860157733612590292e+00
9.882616696339740884e+03,3.860157733612590292e+00
9.882616714355432123e+03,3.860157733612590292e+00
9.882616732371121543e+03,3.860157733612590292e+00
9.882616750386812782e+03,3.860157733612590292e+00
9.882616768402502203e+03,3.860157733612590292e+00
9.882616786418193442e+03,3.860157733612590292e+00
9.882616804433884681e+03,3.860157733612590292e+00
9.882616822449574101e+03,3.860157733612590292e+00
9.882616840465265341e+03,3.860157733612590292e+00
9.882616858480954761e+03,3.860157733612590292e+00
9.882616876496646000e+03,3.860157733612590292e+00
9.882616894512335421e+03,3.860157733612590292e+00
9.882616912528026660e+03,3.860157733612590292e+00
9.882616930543717899e+03,3.860157733612590292e+00
9.882616948559407319e+03,3.860157733612590292e+00
9.882616966575098559e+03,3.860157733612590292e+00
9.882616984590787979e+03,3.860157733612590292e+00
9.882617002606479218e+03,3.860157733612590292e+00
9.882617020622168639e+03,3.860157733612590292e+00
9.882617038637859878e+03,3.860157733612590292e+00
9.882617056653551117e+03,3.860157733612590292e+00
9.882617074669240537e+03,3.860157733612590292e+00
9.882617092684931777e+03,3.860157733612590292e+00
9.882617110700621197e+03,3.860157733612590292e+00
9.882617128716312436e+03,3.860157733612590292e+00
9.882617146732001856e+03,3.860157733612590292e+00
9.882617164747693096e+03,3.860157733612590292e+00
9.882617182763384335e+03,3.860157733612590292e+00
9.882617200779073755e+03,3.860157733612590292e+00
9.882617218794764995e+03,3.860157733612590292e+00
9.882617236810454415e+03,3.860157733612590292e+00
9.882617254826145654e+03,3.860157733612590292e+00
9.882617272841835074e+03,3.860157733612590292e+00
9.882617290857526314e+03,3.860157733612590292e+00
9.882617308873217553e+03,3.860157733612590292e+00
9.882617326888906973e+03,3.860157733612590292e+00
9.882617344904598212e+03,3.860157733612590292e+00
9.882617362920287633e+03,3.860157733612590292e+00
9.882617380935978872e+03,3.860157733612590292e+00
9.882617398951668292e+03,3.860157733612590292e+00
9.882617416967359532e+03,3.860157733612590292e+00
9.882617434983050771e+03,3.860157733612590292e+00
9.882617452998740191e+03,3.860157733612590292e+00
9.882617471014431430e+03,3.860157733612590292e+00
9.882617489030120851e+03,3.860157733612590292e+00
9.882617507045812090e+03,3.860157733612590292e+00
9.882617525061501510e+03,3.860157733612590292e+00
9.882617543077192749e+03,3.860157733612590292e+00
9.882617561092883989e+03,3.860157733612590292e+00
9.882617579108573409e+03,3.860157733612590292e+00
9.882617597124264648e+03,3.860157733612590292e+00
9.882617615139954069e+03,3.860157733612590292e+00
9.882617633155645308e+03,3.860157733612590292e+00
9.882617651171334728e+03,3.860157733612590292e+00
9.882617669187025967e+03,3.860157733612590292e+00
9.882617687202717207e+03,3.860157733612590292e+00
9.882617705218406627e+03,3.860157733612590292e+00
9.882617723234097866e+03,3.860157733612590292e+00
9.882617741249787287e+03,3.860157733612590292e+00
9.882617759265478526e+03,3.860157733612590292e+00
9.882617777281167946e+03,3.860157733612590292e+00
9.882617795296859185e+03,3.860157733612590292e+00
9.882617813312550425e+03,3.860157733612590292e+00
9.882617831328239845e+03,3.860157733612590292e+00
9.882617849343931084e+03,3.860157733612590292e+00
9.882617867359620504e+03,3.860157733612590292e+00
9.882617885375311744e+03,3.860157733612590292e+00
9.882617903391001164e+03,3.860157733612590292e+00
9.882617921406692403e+03,3.860157733612590292e+00
9.882617939422383643e+03,3.860157733612590292e+00
9.882617957438073063e+03,3.860157733612590292e+00
9.882617975453764302e+03,3.860157733612590292e+00
9.882617993469453722e+03,3.860157733612590292e+00
9.882618011485144962e+03,3.860157733612590292e+00
9.882618029500834382e+03,3.860157733612590292e+00
9.882618047516525621e+03,3.860157733612590292e+00
9.882618065532215041e+03,3.860157733612590292e+00
9.882618083547906281e+03,3.860157733612590292e+00
9.882618101563597520e+03,3.860157733612590292e+00
9.882618119579286940e+03,3.860157733612590292e+00
9.882618137594978180e+03,3.860157733612590292e+00
9.882618155610667600e+03,3.860157733612590292e+00
9.882618173626358839e+03,3.860157733612590292e+00
9.882618191642048259e+03,3.860157733612590292e+00
9.882618209657739499e+03,3.860157733612590292e+00
9.882618227673430738e+03,3.860157733612590292e+00
9.882618245689120158e+03,3.860157733612590292e+00
9.882618263704811397e+03,3.860157733612590292e+00
9.882618281720500818e+03,3.860157733612590292e+00
9.882618299736192057e+03,3.860157733612590292e+00
9.882618317751881477e+03,3.860157733612590292e+00
9.882618335767572717e+03,3.860157733612590292e+00
9.882618353783263956e+03,3.860157733612590292e+00
9.882618371798953376e+03,3.860157733612590292e+00
9.882618389814644615e+03,3.860157733612590292e+00
9.882618407830334036e+03,3.860157733612590292e+00
9.882618425846025275e+03,3.860157733612590292e+00
9.882618443861714695e+03,3.860157733612590292e+00
9.882618461877405935e+03,3.860157733612590292e+00
9.882618479893097174e+03,3.860157733612590292e+00
9.882618497908786594e+03,3.860157733612590292e+00
9.882618515924477833e+03,3.860157733612590292e+00
9.882618533940167254e+03,3.860157733612590292e+00
9.882618551955858493e+03,3.860157733612590292e+00
9.882618569971547913e+03,3.860157733612590292e+00
9.882618587987239152e+03,3.860157733612590292e+00
9.882618606002930392e+03,3.860157733612590292e+00
9.882618624018619812e+03,3.860157733612590292e+00
9.882618642034311051e+03,3.860157733612590292e+00
9.882618660050000472e+03,3.860157733612590292e+00
9.882618678065691711e+03,3.860157733612590292e+00
9.882618696081381131e+03,3.860157733612590292e+00
9.882618714097072370e+03,3.860157733612590292e+00
9.882618732112763610e+03,3.860157733612590292e+00
9.882618750128453030e+03,3.860157733612590292e+00
9.882618768144144269e+03,3.860157733612590292e+00
9.882618786159833689e+03,3.860157733612590292e+00
9.882618804175524929e+03,3.860157733612590292e+00
9.882618822191214349e+03,3.860157733612590292e+00
9.882618840206905588e+03,3.860157733612590292e+00
9.882618858222596828e+03,3.860157733612590292e+00
9.882618876238286248e+03,3.860157733612590292e+00
9.882618894253977487e+03,3.860157733612590292e+00
9.882618912269666907e+03,3.860157733612590292e+00
9.882618930285358147e+03,3.860157733612590292e+00
9.882618948301047567e+03,3.860157733612590292e+00
9.882618966316738806e+03,3.860157733612590292e+00
9.882618984332430045e+03,3.860157733612590292e+00
9.882619002348119466e+03,3.860157733612590292e+00
9.882619020363810705e+03,3.860157733612590292e+00
9.882619038379500125e+03,3.860157733612590292e+00
9.882619056395191365e+03,3.860157733612590292e+00
9.882619074410880785e+03,3.860157733612590292e+00
9.882619092426572024e+03,3.860157733612590292e+00
9.882619110442263263e+03,3.860157733612590292e+00
9.882619128457952684e+03,3.860157733612590292e+00
9.882619146473643923e+03,3.860157733612590292e+00
9.882619164489333343e+03,3.860157733612590292e+00
9.882619182505024582e+03,3.860157733612590292e+00
9.882619200520714003e+03,3.860157733612590292e+00
9.882619218536405242e+03,3.860157733612590292e+00
9.882619236552096481e+03,3.860157733612590292e+00
9.882619254567785902e+03,3.860157733612590292e+00
9.882619272583477141e+03,3.860157733612590292e+00
9.882619290599166561e+03,3.860157733612590292e+00
9.882619308614857800e+03,3.860157733612590292e+00
9.882619326630547221e+03,3.860157733612590292e+00
9.882619344646238460e+03,3.860157733612590292e+00
9.882619362661929699e+03,3.860157733612590292e+00
9.882619380677619120e+03,3.860157733612590292e+00
9.882619398693310359e+03,3.860157733612590292e+00
9.882619416708999779e+03,3.860157733612590292e+00
9.882619434724691018e+03,3.860157733612590292e+00
9.882619452740380439e+03,3.860157733612590292e+00
9.882619470756071678e+03,3.860157733612590292e+00
9.882619488771762917e+03,3.860157733612590292e+00
9.882619506787452337e+03,3.860157733612590292e+00
9.882619524803143577e+03,3.860157733612590292e+00
9.882619542818832997e+03,3.860157733612590292e+00
9.882619560834524236e+03,3.860157733612590292e+00
9.882619578850213657e+03,3.860157733612590292e+00
9.882619596865904896e+03,3.860157733612590292e+00
9.882619614881596135e+03,3.860157733612590292e+00
9.882619632897285555e+03,3.860157733612590292e+00
9.882619650912976795e+03,3.860157733612590292e+00
9.882619668928666215e+03,3.860157733612590292e+00
9.882619686944357454e+03,3.860157733612590292e+00
9.882619704960046874e+03,3.860157733612590292e+00
9.882619722975738114e+03,3.860157733612590292e+00
9.882619740991429353e+03,3.860157733612590292e+00
9.882619759007118773e+03,3.860157733612590292e+00
9.882619777022810013e+03,3.860157733612590292e+00
9.882619795038499433e+03,3.860157733612590292e+00
9.882619813054190672e+03,3.860157733612590292e+00
9.882619831069880092e+03,3.860157733612590292e+00
9.882619849085571332e+03,3.860157733612590292e+00
9.882619867101262571e+03,3.860157733612590292e+00
9.882619885116951991e+03,3.860157733612590292e+00
9.882619903132643230e+03,3.860157733612590292e+00
9.882619921148332651e+03,3.860157733612590292e+00
9.882619939164023890e+03,3.860157733612590292e+00
9.882619957179713310e+03,3.860157733612590292e+00
9.882619975195404550e+03,3.860157733612590292e+00
9.882619993211095789e+03,3.860157733612590292e+00
9.882620011226785209e+03,3.860157733612590292e+00
9.882620029242476448e+03,3.860157733612590292e+00
9.882620047258165869e+03,3.860157733612590292e+00
9.882620065273857108e+03,3.860157733612590292e+00
9.882620083289546528e+03,3.860157733612590292e+00
9.882620101305237768e+03,3.860157733612590292e+00
9.882620119320929007e+03,3.860157733612590292e+00
9.882620137336618427e+03,3.860157733612590292e+00
9.882620155352309666e+03,3.860157733612590292e+00
9.882620173367999087e+03,3.860157733612590292e+00
9.882620191383690326e+03,3.860157733612590292e+00
9.882620209399379746e+03,3.860157733612590292e+00
9.882620227415070985e+03,3.860157733612590292e+00
9.882620245430762225e+03,3.860157733612590292e+00
9.882620263446451645e+03,3.860157733612590292e+00
9.882620281462142884e+03,3.860157733612590292e+00
9.882620299477832305e+03,3.860157733612590292e+00
9.882620317493523544e+03,3.860157733612590292e+00
9.882620335509212964e+03,3.860157733612590292e+00
9.882620353524904203e+03,3.860157733612590292e+00
9.882620371540595443e+03,3.860157733612590292e+00
9.882620389556284863e+03,3.860157733612590292e+00
9.882620407571976102e+03,3.860157733612590292e+00
9.882620425587665522e+03,3.860157733612590292e+00
9.882620443603356762e+03,3.860157733612590292e+00
9.882620461619046182e+03,3.860157733612590292e+00
9.882620479634737421e+03,3.860157733612590292e+00
9.882620497650428661e+03,3.860157733612590292e+00
9.882620515666118081e+03,3.860157733612590292e+00
9.882620533681809320e+03,3.860157733612590292e+00
9.882620551697498740e+03,3.860157733612590292e+00
9.882620569713189980e+03,3.860157733612590292e+00
9.882620587728879400e+03,3.860157733612590292e+00
9.882620605744570639e+03,3.860157733612590292e+00
9.882620623760261878e+03,3.860157733612590292e+00
9.882620641775951299e+03,3.860157733612590292e+00
9.882620659791642538e+03,3.860157733612590292e+00
9.882620677807331958e+03,3.860157733612590292e+00
9.882620695823023198e+03,3.860157733612590292e+00
9.882620713838712618e+03,3.860157733612590292e+00
9.882620731854403857e+03,3.860157733612590292e+00
9.882620749870093277e+03,3.860157733612590292e+00
9.882620767885784517e+03,3.860157733612590292e+00
9.882620785901475756e+03,3.860157733612590292e+00
9.882620803917165176e+03,3.860157733612590292e+00
9.882620821932856416e+03,3.860157733612590292e+00
9.882620839948545836e+03,3.860157733612590292e+00
9.882620857964237075e+03,3.860157733612590292e+00
9.882620875979926495e+03,3.860157733612590292e+00
9.882620893995617735e+03,3.860157733612590292e+00
9.882620912011308974e+03,3.860157733612590292e+00
9.882620930026998394e+03,3.860157733612590292e+00
9.882620948042689633e+03,3.860157733612590292e+00
9.882620966058379054e+03,3.860157733612590292e+00
9.882620984074070293e+03,3.860157733612590292e+00
9.882621002089759713e+03,3.860157733612590292e+00
9.882621020105450953e+03,3.860157733612590292e+00
9.882621038121142192e+03,3.860157733612590292e+00
9.882621056136831612e+03,3.860157733612590292e+00
9.882621074152522851e+03,3.860157733612590292e+00
9.882621092168212272e+03,3.860157733612590292e+00
9.882621110183903511e+03,3.860157733612590292e+00
9.882621128199592931e+03,3.860157733612590292e+00
9.882621146215284170e+03,3.860157733612590292e+00
9.882621164230975410e+03,3.860157733612590292e+00
9.882621182246664830e+03,3.860157733612590292e+00
9.882621200262356069e+03,3.860157733612590292e+00
9.882621218278045490e+03,3.860157733612590292e+00
9.882621236293736729e+03,3.860157733612590292e+00
9.882621254309426149e+03,3.860157733612590292e+00
9.882621272325117388e+03,3.860157733612590292e+00
9.882621290340808628e+03,3.860157733612590292e+00
9.882621308356498048e+03,3.860157733612590292e+00
9.882621326372189287e+03,3.860157733612590292e+00
9.882621344387878707e+03,3.860157733612590292e+00
9.882621362403569947e+03,3.860157733612590292e+00
9.882621380419259367e+03,3.860157733612590292e+00
9.882621398434950606e+03,3.860157733612590292e+00
9.882621416450641846e+03,3.860157733612590292e+00
9.882621434466331266e+03,3.860157733612590292e+00
9.882621452482022505e+03,3.860157733612590292e+00
9.882621470497711925e+03,3.860157733612590292e+00
9.882621488513403165e+03,3.860157733612590292e+00
9.882621506529092585e+03,3.860157733612590292e+00
9.882621524544783824e+03,3.860157733612590292e+00
9.882621542560475064e+03,3.860157733612590292e+00
9.882621560576164484e+03,3.860157733612590292e+00
9.882621578591855723e+03,3.860157733612590292e+00
9.882621596607545143e+03,3.860157733612590292e+00
9.882621614623236383e+03,3.860157733612590292e+00
9.882621632638925803e+03,3.860157733612590292e+00
9.882621650654617042e+03,3.860157733612590292e+00
9.882621668670308281e+03,3.860157733612590292e+00
9.882621686685997702e+03,3.860157733612590292e+00
9.882621704701688941e+03,3.860157733612590292e+00
9.882621722717378361e+03,3.860157733612590292e+00
9.882621740733069601e+03,3.860157733612590292e+00
9.882621758748759021e+03,3.860157733612590292e+00
9.882621776764450260e+03,3.860157733612590292e+00
9.882621794780141499e+03,3.860157733612590292e+00
9.882621812795830920e+03,3.860157733612590292e+00
9.882621830811522159e+03,3.860157733612590292e+00
9.882621848827211579e+03,3.860157733612590292e+00
9.882621866842902818e+03,3.860157733612590292e+00
9.882621884858592239e+03,3.860157733612590292e+00
9.882621902874283478e+03,3.860157733612590292e+00
9.882621920889974717e+03,3.860157733612590292e+00
9.882621938905664138e+03,3.860157733612590292e+00
9.882621956921355377e+03,3.860157733612590292e+00
9.882621974937044797e+03,3.860157733612590292e+00
9.882621992952736036e+03,3.860157733612590292e+00
9.882622010968425457e+03,3.860157733612590292e+00
9.882622028984116696e+03,3.860157733612590292e+00
9.882622046999807935e+03,3.860157733612590292e+00
9.882622065015497355e+03,3.860157733612590292e+00
9.882622083031188595e+03,3.860157733612590292e+00
9.882622101046878015e+03,3.860157733612590292e+00
9.882622119062569254e+03,3.860157733612590292e+00
9.882622137078258675e+03,3.860157733612590292e+00
9.882622155093949914e+03,3.860157733612590292e+00
9.882622173109641153e+03,3.860157733612590292e+00
9.882622191125330573e+03,3.860157733612590292e+00
9.882622209141021813e+03,3.860157733612590292e+00
9.882622227156711233e+03,3.860157733612590292e+00
9.882622245172402472e+03,3.860157733612590292e+00
9.882622263188091893e+03,3.860157733612590292e+00
9.882622281203783132e+03,3.860157733612590292e+00
9.882622299219474371e+03,3.860157733612590292e+00
9.882622317235163791e+03,3.860157733612590292e+00
9.882622335250855031e+03,3.860157733612590292e+00
9.882622353266544451e+03,3.860157733612590292e+00
9.882622371282235690e+03,3.860157733612590292e+00
9.882622389297925110e+03,3.860157733612590292e+00
9.882622407313616350e+03,3.860157733612590292e+00
9.882622425329307589e+03,3.860157733612590292e+00
9.882622443344997009e+03,3.860157733612590292e+00
9.882622461360688249e+03,3.860157733612590292e+00
9.882622479376377669e+03,3.860157733612590292e+00
9.882622497392068908e+03,3.860157733612590292e+00
9.882622515407758328e+03,3.860157733612590292e+00
9.882622533423449568e+03,3.860157733612590292e+00
9.882622551439140807e+03,3.860157733612590292e+00
9.882622569454830227e+03,3.860157733612590292e+00
9.882622587470521466e+03,3.860157733612590292e+00
9.882622605486210887e+03,3.860157733612590292e+00
9.882622623501902126e+03,3.860157733612590292e+00
9.882622641517591546e+03,3.860157733612590292e+00
9.882622659533282786e+03,3.860157733612590292e+00
9.882622677548974025e+03,3.860157733612590292e+00
9.882622695564663445e+03,3.860157733612590292e+00
9.882622713580354684e+03,3.860157733612590292e+00
9.882622731596044105e+03,3.860157733612590292e+00
9.882622749611735344e+03,3.860157733612590292e+00
9.882622767627424764e+03,3.860157733612590292e+00
9.882622785643116003e+03,3.860157733612590292e+00
9.882622803658807243e+03,3.860157733612590292e+00
9.882622821674496663e+03,3.860157733612590292e+00
9.882622839690187902e+03,3.860157733612590292e+00
9.882622857705877323e+03,3.860157733612590292e+00
9.882622875721568562e+03,3.860157733612590292e+00
9.882622893737257982e+03,3.860157733612590292e+00
9.882622911752949221e+03,3.860157733612590292e+00
9.882622929768640461e+03,3.860157733612590292e+00
9.882622947784329881e+03,3.860157733612590292e+00
9.882622965800021120e+03,3.860157733612590292e+00
9.882622983815710541e+03,3.860157733612590292e+00
9.882623001831401780e+03,3.860157733612590292e+00
9.882623019847091200e+03,3.860157733612590292e+00
9.882623037862782439e+03,3.860157733612590292e+00
9.882623055878473679e+03,3.860157733612590292e+00
9.882623073894163099e+03,3.860157733612590292e+00
9.882623091909854338e+03,3.860157733612590292e+00
9.882623109925543758e+03,3.860157733612590292e+00
9.882623127941234998e+03,3.860157733612590292e+00
9.882623145956924418e+03,3.860157733612590292e+00
9.882623163972615657e+03,3.860157733612590292e+00
9.882623181988306897e+03,3.860157733612590292e+00
9.882623200003996317e+03,3.860157733612590292e+00
9.882623218019687556e+03,3.860157733612590292e+00
9.882623236035376976e+03,3.860157733612590292e+00
9.882623254051068216e+03,3.860157733612590292e+00
9.882623272066757636e+03,3.860157733612590292e+00
9.882623290082448875e+03,3.860157733612590292e+00
9.882623308098140114e+03,3.860157733612590292e+00
9.882623326113829535e+03,3.860157733612590292e+00
9.882623344129520774e+03,3.860157733612590292e+00
9.882623362145210194e+03,3.860157733612590292e+00
9.882623380160901434e+03,3.860157733612590292e+00
9.882623398176590854e+03,3.860157733612590292e+00
9.882623416192282093e+03,3.860157733612590292e+00
9.882623434207971513e+03,3.860157733612590292e+00
9.882623452223662753e+03,3.860157733612590292e+00
9.882623470239353992e+03,3.860157733612590292e+00
9.882623488255043412e+03,3.860157733612590292e+00
9.882623506270734651e+03,3.860157733612590292e+00
9.882623524286424072e+03,3.860157733612590292e+00
9.882623542302115311e+03,3.860157733612590292e+00
9.882623560317804731e+03,3.860157733612590292e+00
9.882623578333495971e+03,3.860157733612590292e+00
9.882623596349187210e+03,3.860157733612590292e+00
9.882623614364876630e+03,3.860157733612590292e+00
9.882623632380567869e+03,3.860157733612590292e+00
9.882623650396257290e+03,3.860157733612590292e+00
9.882623668411948529e+03,3.860157733612590292e+00
9.882623686427637949e+03,3.860157733612590292e+00
9.882623704443329189e+03,3.860157733612590292e+00
9.882623722459020428e+03,3.860157733612590292e+00
9.882623740474709848e+03,3.860157733612590292e+00
9.882623758490401087e+03,3.860157733612590292e+00
9.882623776506090508e+03,3.860157733612590292e+00
9.882623794521781747e+03,3.860157733612590292e+00
9.882623812537471167e+03,3.860157733612590292e+00
9.882623830553162406e+03,3.860157733612590292e+00
9.882623848568853646e+03,3.860157733612590292e+00
9.882623866584543066e+03,3.860157733612590292e+00
9.882623884600234305e+03,3.860157733612590292e+00
9.882623902615923726e+03,3.860157733612590292e+00
9.882623920631614965e+03,3.860157733612590292e+00
9.882623938647304385e+03,3.860157733612590292e+00
9.882623956662995624e+03,3.860157733612590292e+00
9.882623974678686864e+03,3.860157733612590292e+00
9.882623992694376284e+03,3.860157733612590292e+00
9.882624010710067523e+03,3.860157733612590292e+00
9.882624028725756943e+03,3.860157733612590292e+00
9.882624046741448183e+03,3.860157733612590292e+00
9.882624064757137603e+03,3.860157733612590292e+00
9.882624082772828842e+03,3.860157733612590292e+00
9.882624100788520082e+03,3.860157733612590292e+00
9.882624118804209502e+03,3.860157733612590292e+00
9.882624136819900741e+03,3.860157733612590292e+00
9.882624154835590161e+03,3.860157733612590292e+00
9.882624172851281401e+03,3.860157733612590292e+00
9.882624190866970821e+03,3.860157733612590292e+00
9.882624208882662060e+03,3.860157733612590292e+00
9.882624226898353299e+03,3.860157733612590292e+00
9.882624244914042720e+03,3.860157733612590292e+00
9.882624262929733959e+03,3.860157733612590292e+00
9.882624280945423379e+03,3.860157733612590292e+00
9.882624298961114619e+03,3.860157733612590292e+00
9.882624316976804039e+03,3.860157733612590292e+00
9.882624334992495278e+03,3.860157733612590292e+00
9.882624353008186517e+03,3.860157733612590292e+00
9.882624371023875938e+03,3.860157733612590292e+00
9.882624389039567177e+03,3.860157733612590292e+00
9.882624407055256597e+03,3.860157733612590292e+00
9.882624425070947837e+03,3.860157733612590292e+00
9.882624443086637257e+03,3.860157733612590292e+00
9.882624461102328496e+03,3.860157733612590292e+00
9.882624479118019735e+03,3.860157733612590292e+00
9.882624497133709156e+03,3.860157733612590292e+00
9.882624515149400395e+03,3.860157733612590292e+00
9.882624533165089815e+03,3.860157733612590292e+00
9.882624551180781054e+03,3.860157733612590292e+00
9.882624569196470475e+03,3.860157733612590292e+00
9.882624587212161714e+03,3.860157733612590292e+00
9.882624605227852953e+03,3.860157733612590292e+00
9.882624623243542374e+03,3.860157733612590292e+00
9.882624641259233613e+03,3.860157733612590292e+00
9.882624659274923033e+03,3.860157733612590292e+00
9.882624677290614272e+03,3.860157733612590292e+00
9.882624695306303693e+03,3.860157733612590292e+00
9.882624713321994932e+03,3.860157733612590292e+00
9.882624731337686171e+03,3.860157733612590292e+00
9.882624749353375591e+03,3.860157733612590292e+00
9.882624767369066831e+03,3.860157733612590292e+00
9.882624785384756251e+03,3.860157733612590292e+00
9.882624803400447490e+03,3.860157733612590292e+00
9.882624821416136911e+03,3.860157733612590292e+00
9.882624839431828150e+03,3.860157733612590292e+00
9.882624857447519389e+03,3.860157733612590292e+00
9.882624875463208809e+03,3.860157733612590292e+00
9.882624893478900049e+03,3.860157733612590292e+00
9.882624911494589469e+03,3.860157733612590292e+00
9.882624929510280708e+03,3.860157733612590292e+00
9.882624947525970128e+03,3.860157733612590292e+00
9.882624965541661368e+03,3.860157733612590292e+00
9.882624983557352607e+03,3.860157733612590292e+00
9.882625001573042027e+03,3.860157733612590292e+00
9.882625019588733267e+03,3.860157733612590292e+00
9.882625037604422687e+03,3.860157733612590292e+00
9.882625055620113926e+03,3.860157733612590292e+00
9.882625073635803346e+03,3.860157733612590292e+00
9.882625091651494586e+03,3.860157733612590292e+00
9.882625109667185825e+03,3.860157733612590292e+00
9.882625127682875245e+03,3.860157733612590292e+00
9.882625145698566484e+03,3.860157733612590292e+00
9.882625163714255905e+03,3.860157733612590292e+00
9.882625181729947144e+03,3.860157733612590292e+00
9.882625199745636564e+03,3.860157733612590292e+00
9.882625217761327804e+03,3.860157733612590292e+00
9.882625235777019043e+03,3.860157733612590292e+00
9.882625253792708463e+03,3.860157733612590292e+00
9.882625271808399702e+03,3.860157733612590292e+00
9.882625289824089123e+03,3.860157733612590292e+00
9.882625307839780362e+03,3.860157733612590292e+00
9.882625325855469782e+03,3.860157733612590292e+00
9.882625343871161022e+03,3.860157733612590292e+00
9.882625361886852261e+03,3.860157733612590292e+00
9.882625379902541681e+03,3.860157733612590292e+00
9.882625397918232920e+03,3.860157733612590292e+00
9.882625415933922341e+03,3.860157733612590292e+00
9.882625433949613580e+03,3.860157733612590292e+00
9.882625451965303000e+03,3.860157733612590292e+00
9.882625469980994239e+03,3.860157733612590292e+00
9.882625487996685479e+03,3.860157733612590292e+00
9.882625506012374899e+03,3.860157733612590292e+00
9.882625524028066138e+03,3.860157733612590292e+00
9.882625542043755559e+03,3.860157733612590292e+00
9.882625560059446798e+03,3.860157733612590292e+00
9.882625578075136218e+03,3.860157733612590292e+00
9.882625596090827457e+03,3.860157733612590292e+00
9.882625614106518697e+03,3.860157733612590292e+00
9.882625632122208117e+03,3.860157733612590292e+00
9.882625650137899356e+03,3.860157733612590292e+00
9.882625668153588776e+03,3.860157733612590292e+00
9.882625686169280016e+03,3.860157733612590292e+00
9.882625704184969436e+03,3.860157733612590292e+00
9.882625722200660675e+03,3.860157733612590292e+00
9.882625740216351915e+03,3.860157733612590292e+00
9.882625758232041335e+03,3.860157733612590292e+00
9.882625776247732574e+03,3.860157733612590292e+00
9.882625794263421994e+03,3.860157733612590292e+00
9.882625812279113234e+03,3.860157733612590292e+00
9.882625830294802654e+03,3.860157733612590292e+00
9.882625848310493893e+03,3.860157733612590292e+00
9.882625866326185132e+03,3.860157733612590292e+00
9.882625884341874553e+03,3.860157733612590292e+00
9.882625902357565792e+03,3.860157733612590292e+00
9.882625920373255212e+03,3.860157733612590292e+00
9.882625938388946452e+03,3.860157733612590292e+00
9.882625956404635872e+03,3.860157733612590292e+00
9.882625974420327111e+03,3.860157733612590292e+00
9.882625992436018350e+03,3.860157733612590292e+00
9.882626010451707771e+03,3.860157733612590292e+00
9.882626028467399010e+03,3.860157733612590292e+00
9.882626046483088430e+03,3.860157733612590292e+00
9.882626064498779670e+03,3.860157733612590292e+00
9.882626082514469090e+03,3.860157733612590292e+00
9.882626100530160329e+03,3.860157733612590292e+00
9.882626118545849749e+03,3.860157733612590292e+00
9.882626136561540989e+03,3.860157733612590292e+00
9.882626154577232228e+03,3.860157733612590292e+00
9.882626172592921648e+03,3.860157733612590292e+00
9.882626190608612887e+03,3.860157733612590292e+00
9.882626208624302308e+03,3.860157733612590292e+00
9.882626226639993547e+03,3.860157733612590292e+00
9.882626244655682967e+03,3.860157733612590292e+00
9.882626262671374207e+03,3.860157733612590292e+00
9.882626280687065446e+03,3.860157733612590292e+00
9.882626298702754866e+03,3.860157733612590292e+00
9.882626316718446105e+03,3.860157733612590292e+00
9.882626334734135526e+03,3.860157733612590292e+00
9.882626352749826765e+03,3.860157733612590292e+00
9.882626370765516185e+03,3.860157733612590292e+00
9.882626388781207424e+03,3.860157733612590292e+00
9.882626406796898664e+03,3.860157733612590292e+00
9.882626424812588084e+03,3.860157733612590292e+00
9.882626442828279323e+03,3.860157733612590292e+00
9.882626460843968744e+03,3.860157733612590292e+00
9.882626478859659983e+03,3.860157733612590292e+00
9.882626496875349403e+03,3.860157733612590292e+00
9.882626514891040642e+03,3.860157733612590292e+00
9.882626532906731882e+03,3.860157733612590292e+00
9.882626550922421302e+03,3.860157733612590292e+00
9.882626568938112541e+03,3.860157733612590292e+00
9.882626586953801961e+03,3.860157733612590292e+00
9.882626604969493201e+03,3.860157733612590292e+00
9.882626622985182621e+03,3.860157733612590292e+00
9.882626641000873860e+03,3.860157733612590292e+00
9.882626659016565100e+03,3.860157733612590292e+00
9.882626677032254520e+03,3.860157733612590292e+00
9.882626695047945759e+03,3.860157733612590292e+00
9.882626713063635179e+03,3.860157733612590292e+00
9.882626731079326419e+03,3.860157733612590292e+00
9.882626749095015839e+03,3.860157733612590292e+00
9.882626767110707078e+03,3.860157733612590292e+00
9.882626785126398318e+03,3.860157733612590292e+00
9.882626803142087738e+03,3.860157733612590292e+00
9.882626821157778977e+03,3.860157733612590292e+00
9.882626839173468397e+03,3.860157733612590292e+00
9.882626857189159637e+03,3.860157733612590292e+00
9.882626875204849057e+03,3.860157733612590292e+00
9.882626893220540296e+03,3.860157733612590292e+00
9.882626911236231535e+03,3.860157733612590292e+00
9.882626929251920956e+03,3.860157733612590292e+00
9.882626947267612195e+03,3.860157733612590292e+00
9.882626965283301615e+03,3.860157733612590292e+00
9.882626983298992855e+03,3.860157733612590292e+00
9.882627001314682275e+03,3.860157733612590292e+00
9.882627019330373514e+03,3.860157733612590292e+00
9.882627037346064753e+03,3.860157733612590292e+00
9.882627055361754174e+03,3.860157733612590292e+00
9.882627073377445413e+03,3.860157733612590292e+00
9.882627091393134833e+03,3.860157733612590292e+00
9.882627109408826072e+03,3.860157733612590292e+00
9.882627127424515493e+03,3.860157733612590292e+00
9.882627145440206732e+03,3.860157733612590292e+00
9.882627163455897971e+03,3.860157733612590292e+00
9.882627181471587392e+03,3.860157733612590292e+00
9.882627199487278631e+03,3.860157733612590292e+00
9.882627217502968051e+03,3.860157733612590292e+00
9.882627235518659290e+03,3.860157733612590292e+00
9.882627253534348711e+03,3.860157733612590292e+00
9.882627271550039950e+03,3.860157733612590292e+00
9.882627289565731189e+03,3.860157733612590292e+00
9.882627307581420609e+03,3.860157733612590292e+00
9.882627325597111849e+03,3.860157733612590292e+00
9.882627343612801269e+03,3.860157733612590292e+00
9.882627361628492508e+03,3.860157733612590292e+00
9.882627379644181929e+03,3.860157733612590292e+00
9.882627397659873168e+03,3.860157733612590292e+00
9.882627415675564407e+03,3.860157733612590292e+00
9.882627433691253827e+03,3.860157733612590292e+00
9.882627451706945067e+03,3.860157733612590292e+00
9.882627469722634487e+03,3.860157733612590292e+00
9.882627487738325726e+03,3.860157733612590292e+00
9.882627505754015147e+03,3.860157733612590292e+00
9.882627523769706386e+03,3.860157733612590292e+00
9.882627541785397625e+03,3.860157733612590292e+00
9.882627559801087045e+03,3.860157733612590292e+00
9.882627577816778285e+03,3.860157733612590292e+00
9.882627595832467705e+03,3.860157733612590292e+00
9.882627613848158944e+03,3.860157733612590292e+00
9.882627631863848364e+03,3.860157733612590292e+00
9.882627649879539604e+03,3.860157733612590292e+00
9.882627667895230843e+03,3.860157733612590292e+00
9.882627685910920263e+03,3.860157733612590292e+00
9.882627703926611503e+03,3.860157733612590292e+00
9.882627721942300923e+03,3.860157733612590292e+00
9.882627739957992162e+03,3.860157733612590292e+00
9.882627757973681582e+03,3.860157733612590292e+00
9.882627775989372822e+03,3.860157733612590292e+00
9.882627794005064061e+03,3.860157733612590292e+00
9.882627812020753481e+03,3.860157733612590292e+00
9.882627830036444720e+03,3.860157733612590292e+00
9.882627848052134141e+03,3.860157733612590292e+00
9.882627866067825380e+03,3.860157733612590292e+00
9.882627884083514800e+03,3.860157733612590292e+00
9.882627902099206040e+03,3.860157733612590292e+00
9.882627920114897279e+03,3.860157733612590292e+00
9.882627938130586699e+03,3.860157733612590292e+00
9.882627956146277938e+03,3.860157733612590292e+00
9.882627974161967359e+03,3.860157733612590292e+00
9.882627992177658598e+03,3.860157733612590292e+00
9.882628010193348018e+03,3.860157733612590292e+00
9.882628028209039257e+03,3.860157733612590292e+00
9.882628046224730497e+03,3.860157733612590292e+00
9.882628064240419917e+03,3.860157733612590292e+00
9.882628082256111156e+03,3.860157733612590292e+00
9.882628100271800577e+03,3.860157733612590292e+00
9.882628118287491816e+03,3.860157733612590292e+00
9.882628136303181236e+03,3.860157733612590292e+00
9.882628154318872475e+03,3.860157733612590292e+00
9.882628172334563715e+03,3.860157733612590292e+00
9.882628190350253135e+03,3.860157733612590292e+00
9.882628208365944374e+03,3.860157733612590292e+00
9.882628226381633795e+03,3.860157733612590292e+00
9.882628244397325034e+03,3.860157733612590292e+00
9.882628262413014454e+03,3.860157733612590292e+00
9.882628280428705693e+03,3.860157733612590292e+00
9.882628298444396933e+03,3.860157733612590292e+00
9.882628316460086353e+03,3.860157733612590292e+00
9.882628334475777592e+03,3.860157733612590292e+00
9.882628352491467012e+03,3.860157733612590292e+00
9.882628370507158252e+03,3.860157733612590292e+00
9.882628388522847672e+03,3.860157733612590292e+00
9.882628406538538911e+03,3.860157733612590292e+00
9.882628424554230151e+03,3.860157733612590292e+00
9.882628442569919571e+03,3.860157733612590292e+00
9.882628460585610810e+03,3.860157733612590292e+00
9.882628478601300230e+03,3.860157733612590292e+00
9.882628496616991470e+03,3.860157733612590292e+00
9.882628514632680890e+03,3.860157733612590292e+00
9.882628532648372129e+03,3.860157733612590292e+00
9.882628550664063368e+03,3.860157733612590292e+00
9.882628568679752789e+03,3.860157733612590292e+00
9.882628586695444028e+03,3.860157733612590292e+00
9.882628604711133448e+03,3.860157733612590292e+00
9.882628622726824688e+03,3.860157733612590292e+00
9.882628640742514108e+03,3.860157733612590292e+00
9.882628658758205347e+03,3.860157733612590292e+00
9.882628676773894767e+03,3.860157733612590292e+00
9.882628694789586007e+03,3.860157733612590292e+00
9.882628712805277246e+03,3.860157733612590292e+00
9.882628730820966666e+03,3.860157733612590292e+00
9.882628748836657905e+03,3.860157733612590292e+00
9.882628766852347326e+03,3.860157733612590292e+00
9.882628784868038565e+03,3.860157733612590292e+00
9.882628802883727985e+03,3.860157733612590292e+00
9.882628820899419225e+03,3.860157733612590292e+00
9.882628838915110464e+03,3.860157733612590292e+00
9.882628856930799884e+03,3.860157733612590292e+00
9.882628874946491123e+03,3.860157733612590292e+00
9.882628892962180544e+03,3.860157733612590292e+00
9.882628910977871783e+03,3.860157733612590292e+00
9.882628928993561203e+03,3.860157733612590292e+00
9.882628947009252443e+03,3.860157733612590292e+00
9.882628965024943682e+03,3.860157733612590292e+00
9.882628983040633102e+03,3.860157733612590292e+00
9.882629001056324341e+03,3.860157733612590292e+00
9.882629019072013762e+03,3.860157733612590292e+00
9.882629037087705001e+03,3.860157733612590292e+00
9.882629055103394421e+03,3.860157733612590292e+00
9.882629073119085660e+03,3.860157733612590292e+00
9.882629091134776900e+03,3.860157733612590292e+00
9.882629109150466320e+03,3.860157733612590292e+00
9.882629127166157559e+03,3.860157733612590292e+00
9.882629145181846980e+03,3.860157733612590292e+00
9.882629163197538219e+03,3.860157733612590292e+00
9.882629181213227639e+03,3.860157733612590292e+00
9.882629199228918878e+03,3.860157733612590292e+00
9.882629217244610118e+03,3.860157733612590292e+00
9.882629235260299538e+03,3.860157733612590292e+00
9.882629253275990777e+03,3.860157733612590292e+00
9.882629271291680197e+03,3.860157733612590292e+00
9.882629289307371437e+03,3.860157733612590292e+00
9.882629307323060857e+03,3.860157733612590292e+00
9.882629325338752096e+03,3.860157733612590292e+00
9.882629343354443336e+03,3.860157733612590292e+00
9.882629361370132756e+03,3.860157733612590292e+00
9.882629379385823995e+03,3.860157733612590292e+00
9.882629397401513415e+03,3.860157733612590292e+00
9.882629415417204655e+03,3.860157733612590292e+00
9.882629433432894075e+03,3.860157733612590292e+00
9.882629451448585314e+03,3.860157733612590292e+00
9.882629469464276553e+03,3.860157733612590292e+00
9.882629487479965974e+03,3.860157733612590292e+00
9.882629505495657213e+03,3.860157733612590292e+00
9.882629523511346633e+03,3.860157733612590292e+00
9.882629541527037873e+03,3.860157733612590292e+00
9.882629559542727293e+03,3.860157733612590292e+00
9.882629577558418532e+03,3.860157733612590292e+00
9.882629595574109771e+03,3.860157733612590292e+00
9.882629613589799192e+03,3.860157733612590292e+00
9.882629631605490431e+03,3.860157733612590292e+00
9.882629649621179851e+03,3.860157733612590292e+00
9.882629667636871091e+03,3.860157733612590292e+00
9.882629685652560511e+03,3.860157733612590292e+00
9.882629703668251750e+03,3.860157733612590292e+00
9.882629721683942989e+03,3.860157733612590292e+00
9.882629739699632410e+03,3.860157733612590292e+00
9.882629757715323649e+03,3.860157733612590292e+00
9.882629775731013069e+03,3.860157733612590292e+00
9.882629793746704308e+03,3.860157733612590292e+00
9.882629811762393729e+03,3.860157733612590292e+00
9.882629829778084968e+03,3.860157733612590292e+00
9.882629847793776207e+03,3.860157733612590292e+00
9.882629865809465628e+03,3.860157733612590292e+00
9.882629883825156867e+03,3.860157733612590292e+00
9.882629901840846287e+03,3.860157733612590292e+00
9.882629919856537526e+03,3.860157733612590292e+00
9.882629937872226947e+03,3.860157733612590292e+00
9.882629955887918186e+03,3.860157733612590292e+00
9.882629973903609425e+03,3.860157733612590292e+00
9.882629991919298845e+03,3.860157733612590292e+00
9.882630009934990085e+03,3.860157733612590292e+00
9.882630027950679505e+03,3.860157733612590292e+00
9.882630045966370744e+03,3.860157733612590292e+00
9.882630063982060165e+03,3.860157733612590292e+00
9.882630081997751404e+03,3.860157733612590292e+00
9.882630100013442643e+03,3.860157733612590292e+00
9.882630118029132063e+03,3.860157733612590292e+00
9.882630136044823303e+03,3.860157733612590292e+00
9.882630154060512723e+03,3.860157733612590292e+00
9.882630172076203962e+03,3.860157733612590292e+00
9.882630190091893382e+03,3.860157733612590292e+00
9.882630208107584622e+03,3.860157733612590292e+00
9.882630226123275861e+03,3.860157733612590292e+00
9.882630244138965281e+03,3.860157733612590292e+00
9.882630262154656521e+03,3.860157733612590292e+00
9.882630280170345941e+03,3.860157733612590292e+00
9.882630298186037180e+03,3.860157733612590292e+00
9.882630316201726600e+03,3.860157733612590292e+00
9.882630334217417840e+03,3.860157733612590292e+00
9.882630352233109079e+03,3.860157733612590292e+00
9.882630370248798499e+03,3.860157733612590292e+00
9.882630388264489739e+03,3.860157733612590292e+00
9.882630406280179159e+03,3.860157733612590292e+00
9.882630424295870398e+03,3.860157733612590292e+00
9.882630442311559818e+03,3.860157733612590292e+00
9.882630460327251058e+03,3.860157733612590292e+00
9.882630478342942297e+03,3.860157733612590292e+00
9.882630496358631717e+03,3.860157733612590292e+00
9.882630514374322956e+03,3.860157733612590292e+00
9.882630532390012377e+03,3.860157733612590292e+00
9.882630550405703616e+03,3.860157733612590292e+00
9.882630568421393036e+03,3.860157733612590292e+00
9.882630586437084276e+03,3.860157733612590292e+00
9.882630604452775515e+03,3.860157733612590292e+00
9.882630622468464935e+03,3.860157733612590292e+00
9.882630640484156174e+03,3.860157733612590292e+00
9.882630658499845595e+03,3.860157733612590292e+00
9.882630676515536834e+03,3.860157733612590292e+00
9.882630694531226254e+03,3.860157733612590292e+00
9.882630712546917493e+03,3.860157733612590292e+00
9.882630730562608733e+03,3.860157733612590292e+00
9.882630748578298153e+03,3.860157733612590292e+00
9.882630766593989392e+03,3.860157733612590292e+00
9.882630784609678813e+03,3.860157733612590292e+00
9.882630802625370052e+03,3.860157733612590292e+00
9.882630820641059472e+03,3.860157733612590292e+00
9.882630838656750711e+03,3.860157733612590292e+00
9.882630856672441951e+03,3.860157733612590292e+00
9.882630874688131371e+03,3.860157733612590292e+00
9.882630892703822610e+03,3.860157733612590292e+00
9.882630910719512030e+03,3.860157733612590292e+00
9.882630928735203270e+03,3.860157733612590292e+00
9.882630946750892690e+03,3.860157733612590292e+00
9.882630964766583929e+03,3.860157733612590292e+00
9.882630982782275169e+03,3.860157733612590292e+00
9.882631000797964589e+03,3.860157733612590292e+00
9.882631018813655828e+03,3.860157733612590292e+00
9.882631036829345248e+03,3.860157733612590292e+00
9.882631054845036488e+03,3.860157733612590292e+00
9.882631072860725908e+03,3.860157733612590292e+00
9.882631090876417147e+03,3.860157733612590292e+00
9.882631108892108386e+03,3.860157733612590292e+00
9.882631126907797807e+03,3.860157733612590292e+00
9.882631144923489046e+03,3.860157733612590292e+00
9.882631162939178466e+03,3.860157733612590292e+00
9.882631180954869706e+03,3.860157733612590292e+00
9.882631198970559126e+03,3.860157733612590292e+00
9.882631216986250365e+03,3.860157733612590292e+00
9.882631235001941604e+03,3.860157733612590292e+00
9.882631253017631025e+03,3.860157733612590292e+00
9.882631271033322264e+03,3.860157733612590292e+00
9.882631289049011684e+03,3.860157733612590292e+00
9.882631307064702924e+03,3.860157733612590292e+00
9.882631325080392344e+03,3.860157733612590292e+00
9.882631343096083583e+03,3.860157733612590292e+00
9.882631361111773003e+03,3.860157733612590292e+00
9.882631379127464243e+03,3.860157733612590292e+00
9.882631397143155482e+03,3.860157733612590292e+00
9.882631415158844902e+03,3.860157733612590292e+00
9.882631433174536141e+03,3.860157733612590292e+00
9.882631451190225562e+03,3.860157733612590292e+00
9.882631469205916801e+03,3.860157733612590292e+00
9.882631487221606221e+03,3.860157733612590292e+00
9.882631505237297461e+03,3.860157733612590292e+00
9.882631523252988700e+03,3.860157733612590292e+00
9.882631541268678120e+03,3.860157733612590292e+00
9.882631559284369359e+03,3.860157733612590292e+00
9.882631577300058780e+03,3.860157733612590292e+00
9.882631595315750019e+03,3.860157733612590292e+00
9.882631613331439439e+03,3.860157733612590292e+00
9.882631631347130678e+03,3.860157733612590292e+00
9.882631649362821918e+03,3.860157733612590292e+00
9.882631667378511338e+03,3.860157733612590292e+00
9.882631685394202577e+03,3.860157733612590292e+00
9.882631703409891998e+03,3.860157733612590292e+00
9.882631721425583237e+03,3.860157733612590292e+00
9.882631739441272657e+03,3.860157733612590292e+00
9.882631757456963896e+03,3.860157733612590292e+00
9.882631775472655136e+03,3.860157733612590292e+00
9.882631793488344556e+03,3.860157733612590292e+00
9.882631811504035795e+03,3.860157733612590292e+00
9.882631829519725216e+03,3.860157733612590292e+00
9.882631847535416455e+03,3.860157733612590292e+00
9.882631865551105875e+03,3.860157733612590292e+00
9.882631883566797114e+03,3.860157733612590292e+00
9.882631901582488354e+03,3.860157733612590292e+00
9.882631919598177774e+03,3.860157733612590292e+00
9.882631937613869013e+03,3.860157733612590292e+00
9.882631955629558433e+03,3.860157733612590292e+00
9.882631973645249673e+03,3.860157733612590292e+00
9.882631991660939093e+03,3.860157733612590292e+00
9.882632009676630332e+03,3.860157733612590292e+00
9.882632027692321572e+03,3.860157733612590292e+00
9.882632045708010992e+03,3.860157733612590292e+00
9.882632063723702231e+03,3.860157733612590292e+00
9.882632081739391651e+03,3.860157733612590292e+00
9.882632099755082891e+03,3.860157733612590292e+00
9.882632117770772311e+03,3.860157733612590292e+00
9.882632135786463550e+03,3.860157733612590292e+00
9.882632153802154789e+03,3.860157733612590292e+00
9.882632171817844210e+03,3.860157733612590292e+00
9.882632189833535449e+03,3.860157733612590292e+00
9.882632207849224869e+03,3.860157733612590292e+00
9.882632225864916109e+03,3.860157733612590292e+00
9.882632243880605529e+03,3.860157733612590292e+00
9.882632261896296768e+03,3.860157733612590292e+00
9.882632279911988007e+03,3.860157733612590292e+00
9.882632297927677428e+03,3.860157733612590292e+00
9.882632315943368667e+03,3.860157733612590292e+00
9.882632333959058087e+03,3.860157733612590292e+00
9.882632351974749326e+03,3.860157733612590292e+00
9.882632369990438747e+03,3.860157733612590292e+00
9.882632388006129986e+03,3.860157733612590292e+00
9.882632406021821225e+03,3.860157733612590292e+00
9.882632424037510646e+03,3.860157733612590292e+00
9.882632442053201885e+03,3.860157733612590292e+00
9.882632460068891305e+03,3.860157733612590292e+00
9.882632478084582544e+03,3.860157733612590292e+00
9.882632496100271965e+03,3.860157733612590292e+00
9.882632514115963204e+03,3.860157733612590292e+00
9.882632532131654443e+03,3.860157733612590292e+00
9.882632550147343864e+03,3.860157733612590292e+00
9.882632568163035103e+03,3.860157733612590292e+00
9.882632586178724523e+03,3.860157733612590292e+00
9.882632604194415762e+03,3.860157733612590292e+00
9.882632622210105183e+03,3.860157733612590292e+00
9.882632640225796422e+03,3.860157733612590292e+00
9.882632658241487661e+03,3.860157733612590292e+00
9.882632676257177081e+03,3.860157733612590292e+00
9.882632694272868321e+03,3.860157733612590292e+00
9.882632712288557741e+03,3.860157733612590292e+00
9.882632730304248980e+03,3.860157733612590292e+00
9.882632748319938401e+03,3.860157733612590292e+00
9.882632766335629640e+03,3.860157733612590292e+00
9.882632784351320879e+03,3.860157733612590292e+00
9.882632802367010299e+03,3.860157733612590292e+00
9.882632820382701539e+03,3.860157733612590292e+00
9.882632838398390959e+03,3.860157733612590292e+00
9.882632856414082198e+03,3.860157733612590292e+00
9.882632874429771618e+03,3.860157733612590292e+00
9.882632892445462858e+03,3.860157733612590292e+00
9.882632910461154097e+03,3.860157733612590292e+00
9.882632928476843517e+03,3.860157733612590292e+00
9.882632946492534757e+03,3.860157733612590292e+00
9.882632964508224177e+03,3.860157733612590292e+00
9.882632982523915416e+03,3.860157733612590292e+00
9.882633000539604836e+03,3.860157733612590292e+00
9.882633018555296076e+03,3.860157733612590292e+00
9.882633036570987315e+03,3.860157733612590292e+00
9.882633054586676735e+03,3.860157733612590292e+00
9.882633072602367974e+03,3.860157733612590292e+00
9.882633090618057395e+03,3.860157733612590292e+00
9.882633108633748634e+03,3.860157733612590292e+00
9.882633126649438054e+03,3.860157733612590292e+00
9.882633144665129294e+03,3.860157733612590292e+00
9.882633162680820533e+03,3.860157733612590292e+00
9.882633180696509953e+03,3.860157733612590292e+00
9.882633198712201192e+03,3.860157733612590292e+00
9.882633216727890613e+03,3.860157733612590292e+00
9.882633234743581852e+03,3.860157733612590292e+00
9.882633252759271272e+03,3.860157733612590292e+00
9.882633270774962511e+03,3.860157733612590292e+00
9.882633288790653751e+03,3.860157733612590292e+00
9.882633306806343171e+03,3.860157733612590292e+00
9.882633324822034410e+03,3.860157733612590292e+00
9.882633342837723831e+03,3.860157733612590292e+00
9.882633360853415070e+03,3.860157733612590292e+00
9.882633378869104490e+03,3.860157733612590292e+00
9.882633396884795729e+03,3.860157733612590292e+00
9.882633414900486969e+03,3.860157733612590292e+00
9.882633432916176389e+03,3.860157733612590292e+00
9.882633450931867628e+03,3.860157733612590292e+00
9.882633468947557049e+03,3.860157733612590292e+00
9.882633486963248288e+03,3.860157733612590292e+00
9.882633504978937708e+03,3.860157733612590292e+00
9.882633522994628947e+03,3.860157733612590292e+00
9.882633541010320187e+03,3.860157733612590292e+00
9.882633559026009607e+03,3.860157733612590292e+00
9.882633577041700846e+03,3.860157733612590292e+00
9.882633595057390266e+03,3.860157733612590292e+00
9.882633613073081506e+03,3.860157733612590292e+00
9.882633631088770926e+03,3.860157733612590292e+00
9.882633649104462165e+03,3.860157733612590292e+00
9.882633667120153405e+03,3.860157733612590292e+00
9.882633685135842825e+03,3.860157733612590292e+00
9.882633703151534064e+03,3.860157733612590292e+00
9.882633721167223484e+03,3.860157733612590292e+00
9.882633739182914724e+03,3.860157733612590292e+00
9.882633757198604144e+03,3.860157733612590292e+00
9.882633775214295383e+03,3.860157733612590292e+00
9.882633793229986622e+03,3.860157733612590292e+00
9.882633811245676043e+03,3.860157733612590292e+00
9.882633829261367282e+03,3.860157733612590292e+00
9.882633847277056702e+03,3.860157733612590292e+00
9.882633865292747942e+03,3.860157733612590292e+00
9.882633883308437362e+03,3.860157733612590292e+00
9.882633901324128601e+03,3.860157733612590292e+00
9.882633919339819840e+03,3.860157733612590292e+00
9.882633937355509261e+03,3.860157733612590292e+00
9.882633955371200500e+03,3.860157733612590292e+00
9.882633973386889920e+03,3.860157733612590292e+00
9.882633991402581159e+03,3.860157733612590292e+00
9.882634009418270580e+03,3.860157733612590292e+00
9.882634027433961819e+03,3.860157733612590292e+00
9.882634045449651239e+03,3.860157733612590292e+00
9.882634063465342479e+03,3.860157733612590292e+00
9.882634081481033718e+03,3.860157733612590292e+00
9.882634099496723138e+03,3.860157733612590292e+00
9.882634117512414377e+03,3.860157733612590292e+00
9.882634135528103798e+03,3.860157733612590292e+00
9.882634153543795037e+03,3.860157733612590292e+00
9.882634171559484457e+03,3.860157733612590292e+00
9.882634189575175697e+03,3.860157733612590292e+00
9.882634207590866936e+03,3.860157733612590292e+00
9.882634225606556356e+03,3.860157733612590292e+00
9.882634243622247595e+03,3.860157733612590292e+00
9.882634261637937016e+03,3.860157733612590292e+00
9.882634279653628255e+03,3.860157733612590292e+00
9.882634297669317675e+03,3.860157733612590292e+00
9.882634315685008914e+03,3.860157733612590292e+00
9.882634333700700154e+03,3.860157733612590292e+00
9.882634351716389574e+03,3.860157733612590292e+00
9.882634369732080813e+03,3.860157733612590292e+00
9.882634387747770234e+03,3.860157733612590292e+00
9.882634405763461473e+03,3.860157733612590292e+00
9.882634423779150893e+03,3.860157733612590292e+00
9.882634441794842132e+03,3.860157733612590292e+00
9.882634459810533372e+03,3.860157733612590292e+00
9.882634477826222792e+03,3.860157733612590292e+00
9.882634495841914031e+03,3.860157733612590292e+00
9.882634513857603451e+03,3.860157733612590292e+00
9.882634531873294691e+03,3.860157733612590292e+00
9.882634549888984111e+03,3.860157733612590292e+00
9.882634567904675350e+03,3.860157733612590292e+00
9.882634585920366590e+03,3.860157733612590292e+00
9.882634603936056010e+03,3.860157733612590292e+00
9.882634621951747249e+03,3.860157733612590292e+00
9.882634639967436669e+03,3.860157733612590292e+00
9.882634657983127909e+03,3.860157733612590292e+00
9.882634675998817329e+03,3.860157733612590292e+00
9.882634694014508568e+03,3.860157733612590292e+00
9.882634712030199807e+03,3.860157733612590292e+00
9.882634730045889228e+03,3.860157733612590292e+00
9.882634748061580467e+03,3.860157733612590292e+00
9.882634766077269887e+03,3.860157733612590292e+00
9.882634784092961127e+03,3.860157733612590292e+00
9.882634802108650547e+03,3.860157733612590292e+00
9.882634820124341786e+03,3.860157733612590292e+00
9.882634838140033025e+03,3.860157733612590292e+00
9.882634856155722446e+03,3.860157733612590292e+00
9.882634874171413685e+03,3.860157733612590292e+00
9.882634892187103105e+03,3.860157733612590292e+00
9.882634910202794345e+03,3.860157733612590292e+00
9.882634928218483765e+03,3.860157733612590292e+00
9.882634946234175004e+03,3.860157733612590292e+00
9.882634964249866243e+03,3.860157733612590292e+00
9.882634982265555664e+03,3.860157733612590292e+00
9.882635000281246903e+03,3.860157733612590292e+00
9.882635018296936323e+03,3.860157733612590292e+00
9.882635036312627562e+03,3.860157733612590292e+00
9.882635054328316983e+03,3.860157733612590292e+00
9.882635072344008222e+03,3.860157733612590292e+00
9.882635090359699461e+03,3.860157733612590292e+00
9.882635108375388882e+03,3.860157733612590292e+00
9.882635126391080121e+03,3.860157733612590292e+00
9.882635144406769541e+03,3.860157733612590292e+00
9.882635162422460780e+03,3.860157733612590292e+00
9.882635180438150201e+03,3.860157733612590292e+00
9.882635198453841440e+03,3.860157733612590292e+00
9.882635216469532679e+03,3.860157733612590292e+00
9.882635234485222099e+03,3.860157733612590292e+00
9.882635252500913339e+03,3.860157733612590292e+00
9.882635270516602759e+03,3.860157733612590292e+00
9.882635288532293998e+03,3.860157733612590292e+00
9.882635306547983419e+03,3.860157733612590292e+00
9.882635324563674658e+03,3.860157733612590292e+00
9.882635342579365897e+03,3.860157733612590292e+00
9.882635360595055317e+03,3.860157733612590292e+00
9.882635378610746557e+03,3.860157733612590292e+00
9.882635396626435977e+03,3.860157733612590292e+00
9.882635414642127216e+03,3.860157733612590292e+00
9.882635432657816636e+03,3.860157733612590292e+00
9.882635450673507876e+03,3.860157733612590292e+00
9.882635468689199115e+03,3.860157733612590292e+00
9.882635486704888535e+03,3.860157733612590292e+00
9.882635504720579775e+03,3.860157733612590292e+00
9.882635522736269195e+03,3.860157733612590292e+00
9.882635540751960434e+03,3.860157733612590292e+00
9.882635558767649854e+03,3.860157733612590292e+00
9.882635576783341094e+03,3.860157733612590292e+00
9.882635594799032333e+03,3.860157733612590292e+00
9.882635612814721753e+03,3.860157733612590292e+00
9.882635630830412993e+03,3.860157733612590292e+00
9.882635648846102413e+03,3.860157733612590292e+00
9.882635666861793652e+03,3.860157733612590292e+00
9.882635684877483072e+03,3.860157733612590292e+00
9.882635702893174312e+03,3.860157733612590292e+00
9.882635720908865551e+03,3.860157733612590292e+00
9.882635738924554971e+03,3.860157733612590292e+00
9.882635756940246210e+03,3.860157733612590292e+00
9.882635774955935631e+03,3.860157733612590292e+00
9.882635792971626870e+03,3.860157733612590292e+00
9.882635810987316290e+03,3.860157733612590292e+00
9.882635829003007530e+03,3.860157733612590292e+00
9.882635847018698769e+03,3.860157733612590292e+00
9.882635865034388189e+03,3.860157733612590292e+00
9.882635883050079428e+03,3.860157733612590292e+00
9.882635901065768849e+03,3.860157733612590292e+00
9.882635919081460088e+03,3.860157733612590292e+00
9.882635937097149508e+03,3.860157733612590292e+00
9.882635955112840747e+03,3.860157733612590292e+00
9.882635973128531987e+03,3.860157733612590292e+00
9.882635991144221407e+03,3.860157733612590292e+00
9.882636009159912646e+03,3.860157733612590292e+00
9.882636027175602067e+03,3.860157733612590292e+00
9.882636045191293306e+03,3.860157733612590292e+00
9.882636063206982726e+03,3.860157733612590292e+00
9.882636081222673965e+03,3.860157733612590292e+00
9.882636099238365205e+03,3.860157733612590292e+00
9.882636117254054625e+03,3.860157733612590292e+00
9.882636135269745864e+03,3.860157733612590292e+00
9.882636153285435284e+03,3.860157733612590292e+00
9.882636171301126524e+03,3.860157733612590292e+00
9.882636189316815944e+03,3.860157733612590292e+00
9.882636207332507183e+03,3.860157733612590292e+00
9.882636225348198423e+03,3.860157733612590292e+00
9.882636243363887843e+03,3.860157733612590292e+00
9.882636261379579082e+03,3.860157733612590292e+00
9.882636279395268502e+03,3.860157733612590292e+00
9.882636297410959742e+03,3.860157733612590292e+00
9.882636315426649162e+03,3.860157733612590292e+00
9.882636333442340401e+03,3.860157733612590292e+00
9.882636351458031641e+03,3.860157733612590292e+00
9.882636369473721061e+03,3.860157733612590292e+00
9.882636387489412300e+03,3.860157733612590292e+00
9.882636405505101720e+03,3.860157733612590292e+00
9.882636423520792960e+03,3.860157733612590292e+00
9.882636441536482380e+03,3.860157733612590292e+00
9.882636459552173619e+03,3.861839072911491311e+00
9.882636477567864858e+03,3.861839070784031325e+00
9.882636495583554279e+03,3.861839068654736362e+00
9.882636513599245518e+03,3.861839066523605979e+00
9.882636531614934938e+03,3.861839064390640619e+00
9.882636549630626178e+03,3.861839062255839394e+00
9.882636567646315598e+03,3.861839060119203637e+00
9.882636585662006837e+03,3.861839057980732459e+00
9.882636603677696257e+03,3.861839055840425861e+00
9.882636621693387497e+03,3.861839053698283841e+00
9.882636639709078736e+03,3.861839051554307289e+00
9.882636657724768156e+03,3.861839049408495317e+00
9.882636675740459395e+03,3.861839047260847924e+00
9.882636693756148816e+03,3.861839045111365998e+00
9.882636711771840055e+03,3.861839042960047763e+00
9.882636729787529475e+03,3.861839040806895440e+00
9.882636747803220715e+03,3.861839038651907252e+00
9.882636765818911954e+03,3.861839036495083644e+00
9.882636783834601374e+03,3.861839034336425946e+00
9.882636801850292613e+03,3.861839032175932385e+00
9.882636819865982034e+03,3.861839030013603402e+00
9.882636837881673273e+03,3.861839027849439443e+00
9.882636855897362693e+03,3.861839025683440507e+00
9.882636873913053932e+03,3.861839023515606595e+00
9.882636891928745172e+03,3.861839021345937262e+00
9.882636909944434592e+03,3.861839019174432952e+00
9.882636927960125831e+03,3.861839017001093666e+00
9.882636945975815252e+03,3.861839014825918959e+00
9.882636963991506491e+03,3.861839012648909275e+00
9.882636982007195911e+03,3.861839010470064615e+00
9.882637000022887150e+03,3.861839008289383646e+00
9.882637018038578390e+03,3.861839006106868588e+00
9.882637036054267810e+03,3.861839003922518554e+00
9.882637054069959049e+03,3.861839001736333543e+00
9.882637072085648470e+03,3.861838999548313112e+00
9.882637090101339709e+03,3.861838997358457704e+00
9.882637108117029129e+03,3.861838995166767319e+00
9.882637126132720368e+03,3.861838992973241513e+00
9.882637144148411608e+03,3.861838990777880731e+00
9.882637162164101028e+03,3.861838988580684973e+00
9.882637180179792267e+03,3.861838986381653793e+00
9.882637198195481687e+03,3.861838984180788081e+00
9.882637216211172927e+03,3.861838981978087393e+00
9.882637234226862347e+03,3.861838979773551284e+00
9.882637252242553586e+03,3.861838977567179754e+00
9.882637270258244826e+03,3.861838975358974135e+00
9.882637288273934246e+03,3.861838973148933540e+00
9.882637306289625485e+03,3.861838970937056637e+00
9.882637324305314905e+03,3.861838968723345644e+00
9.882637342321006145e+03,3.861838966507799675e+00
9.882637360336695565e+03,3.861838964290418286e+00
9.882637378352386804e+03,3.861838962071201919e+00
9.882637396368078043e+03,3.861838959850150577e+00
9.882637414383767464e+03,3.861838957627265145e+00
9.882637432399458703e+03,3.861838955402543405e+00
9.882637450415148123e+03,3.861838953175987577e+00
9.882637468430839363e+03,3.861838950947596327e+00
9.882637486446528783e+03,3.861838948717370545e+00
9.882637504462220022e+03,3.861838946485309343e+00
9.882637522477911261e+03,3.861838944251412720e+00
9.882637540493600682e+03,3.861838942015681564e+00
9.882637558509291921e+03,3.861838939778115432e+00
9.882637576524981341e+03,3.861838937538714767e+00
9.882637594540672580e+03,3.861838935297479125e+00
9.882637612556362001e+03,3.861838933054408063e+00
9.882637630572053240e+03,3.861838930809501580e+00
9.882637648587744479e+03,3.861838928562761453e+00
9.882637666603433900e+03,3.861838926314185017e+00
9.882637684619125139e+03,3.861838924063774492e+00
9.882637702634814559e+03,3.861838921811529435e+00
9.882637720650505798e+03,3.861838919557448957e+00
9.882637738666195219e+03,3.861838917301533503e+00
9.882637756681886458e+03,3.861838915043783516e+00
9.882637774697577697e+03,3.861838912784197220e+00
9.882637792713267118e+03,3.861838910522777724e+00
9.882637810728958357e+03,3.861838908259523251e+00
9.882637828744647777e+03,3.861838905994433357e+00
9.882637846760339016e+03,3.861838903727508487e+00
9.882637864776028437e+03,3.861838901458748641e+00
9.882637882791719676e+03,3.861838899188154262e+00
9.882637900807410915e+03,3.861838896915724906e+00
9.882637918823100335e+03,3.861838894641460573e+00
9.882637936838791575e+03,3.861838892365360820e+00
9.882637954854480995e+03,3.861838890087426979e+00
9.882637972870172234e+03,3.861838887807658161e+00
9.882637990885861655e+03,3.861838885526054810e+00
9.882638008901552894e+03,3.861838883242616927e+00
9.882638026917244133e+03,3.861838880957343179e+00
9.882638044932933553e+03,3.861838878670234898e+00
9.882638062948624793e+03,3.861838876381292085e+00
9.882638080964314213e+03,3.861838874090514295e+00
9.882638098980005452e+03,3.861838871797901085e+00
9.882638116995694872e+03,3.861838869503454230e+00
9.882638135011386112e+03,3.861838867207171511e+00
9.882638153027077351e+03,3.861838864909055147e+00
9.882638171042766771e+03,3.861838862609103362e+00
9.882638189058458011e+03,3.861838860307316601e+00
9.882638207074147431e+03,3.861838858003695307e+00
9.882638225089838670e+03,3.861838855698239481e+00
9.882638243105528090e+03,3.861838853390948234e+00
9.882638261121219330e+03,3.861838851081822455e+00
9.882638279136910569e+03,3.861838848770861699e+00
9.882638297152599989e+03,3.861838846458066854e+00
9.882638315168291228e+03,3.861838844143437033e+00
9.882638333183980649e+03,3.861838841826971791e+00
9.882638351199671888e+03,3.861838839508672461e+00
9.882638369215361308e+03,3.861838837188539042e+00
9.882638387231052548e+03,3.861838834866569314e+00
9.882638405246743787e+03,3.861838832542765498e+00
9.882638423262433207e+03,3.861838830217127594e+00
9.882638441278124446e+03,3.861838827889654269e+00
9.882638459293813867e+03,3.861838825560346855e+00
9.882638477309505106e+03,3.861838823229204021e+00
9.882638495325194526e+03,3.861838820896227542e+00
9.882638513340885766e+03,3.861838818561415643e+00
9.882638531356577005e+03,3.861838816224768323e+00
9.882638549372266425e+03,3.861838813886287358e+00
9.882638567387957664e+03,3.861838811545971861e+00
9.882638585403647085e+03,3.861838809203820944e+00
9.882638603419338324e+03,3.861838806859835049e+00
9.882638621435027744e+03,3.861838804514015067e+00
9.882638639450718983e+03,3.861838802166360995e+00
9.882638657466410223e+03,3.861838799816871504e+00
9.882638675482099643e+03,3.861838797465547035e+00
9.882638693497790882e+03,3.861838795112389366e+00
9.882638711513480303e+03,3.861838792757395389e+00
9.882638729529171542e+03,3.861838790400568211e+00
9.882638747544860962e+03,3.861838788041906056e+00
9.882638765560552201e+03,3.861838785681408481e+00
9.882638783576243441e+03,3.861838783319076818e+00
9.882638801591932861e+03,3.861838780954909733e+00
9.882638819607624100e+03,3.861838778588909005e+00
9.882638837623313520e+03,3.861838776221073743e+00
9.882638855639004760e+03,3.861838773851403062e+00
9.882638873654694180e+03,3.861838771479898291e+00
9.882638891670385419e+03,3.861838769106559432e+00
9.882638909686076659e+03,3.861838766731385597e+00
9.882638927701766079e+03,3.861838764354377229e+00
9.882638945717457318e+03,3.861838761975533885e+00
9.882638963733146738e+03,3.861838759594856008e+00
9.882638981748837978e+03,3.861838757212344042e+00
9.882638999764527398e+03,3.861838754827997100e+00
9.882639017780218637e+03,3.861838752441816069e+00
9.882639035795909876e+03,3.861838750053799618e+00
9.882639053811599297e+03,3.861838747663949967e+00
9.882639071827290536e+03,3.861838745272264894e+00
9.882639089842979956e+03,3.861838742878744846e+00
9.882639107858671196e+03,3.861838740483390708e+00
9.882639125874360616e+03,3.861838738086202927e+00
9.882639143890051855e+03,3.861838735687179280e+00
9.882639161905743094e+03,3.861838733286321546e+00
9.882639179921432515e+03,3.861838730883630166e+00
9.882639197937123754e+03,3.861838728479103366e+00
9.882639215952813174e+03,3.861838726072742478e+00
9.882639233968504413e+03,3.861838723664546613e+00
9.882639251984193834e+03,3.861838721254516660e+00
9.882639269999885073e+03,3.861838718842652618e+00
9.882639288015574493e+03,3.861838716428953155e+00
9.882639306031265733e+03,3.861838714013419604e+00
9.882639324046956972e+03,3.861838711596051965e+00
9.882639342062646392e+03,3.861838709176849793e+00
9.882639360078337631e+03,3.861838706755812645e+00
9.882639378094027052e+03,3.861838704332940964e+00
9.882639396109718291e+03,3.861838701908235194e+00
9.882639414125407711e+03,3.861838699481695336e+00
9.882639432141098951e+03,3.861838697053321390e+00
9.882639450156790190e+03,3.861838694623112023e+00
9.882639468172479610e+03,3.861838692191068567e+00
9.882639486188170849e+03,3.861838689757190579e+00
9.882639504203860270e+03,3.861838687321478503e+00
9.882639522219551509e+03,3.861838684883932338e+00
9.882639540235240929e+03,3.861838682444550752e+00
9.882639558250932168e+03,3.861838680003335078e+00
9.882639576266623408e+03,3.861838677560284872e+00
9.882639594282312828e+03,3.861838675115401021e+00
9.882639612298004067e+03,3.861838672668682637e+00
9.882639630313693488e+03,3.861838670220129721e+00
9.882639648329384727e+03,3.861838667769741829e+00
9.882639666345074147e+03,3.861838665317520736e+00
9.882639684360765386e+03,3.861838662863464222e+00
9.882639702376456626e+03,3.861838660407573620e+00
9.882639720392146046e+03,3.861838657949848930e+00
9.882639738407837285e+03,3.861838655490290151e+00
9.882639756423526705e+03,3.861838653028896839e+00
9.882639774439217945e+03,3.861838650565668996e+00
9.882639792454907365e+03,3.861838648100607063e+00
9.882639810470598604e+03,3.861838645633710154e+00
9.882639828486289844e+03,3.861838643164980045e+00
9.882639846501979264e+03,3.861838640694414515e+00
9.882639864517670503e+03,3.861838638222014897e+00
9.882639882533359923e+03,3.861838635747781634e+00
9.882639900549051163e+03,3.861838633271713395e+00
9.882639918564740583e+03,3.861838630793811955e+00
9.882639936580431822e+03,3.861838628314075095e+00
9.882639954596123061e+03,3.861838625832504146e+00
9.882639972611812482e+03,3.861838623349099109e+00
9.882639990627503721e+03,3.861838620863859539e+00
9.882640008643193141e+03,3.861838618376786769e+00
9.882640026658884381e+03,3.861838615887879023e+00
9.882640044674573801e+03,3.861838613397136744e+00
9.882640062690265040e+03,3.861838610904560376e+00
9.882640080705956279e+03,3.861838608410149476e+00
9.882640098721645700e+03,3.861838605913904487e+00
9.882640116737336939e+03,3.861838603415826299e+00
9.882640134753026359e+03,3.861838600915912689e+00
9.882640152768717599e+03,3.861838598414164991e+00
9.882640170784407019e+03,3.861838595910583649e+00
9.882640188800098258e+03,3.861838593405167774e+00
9.882640206815789497e+03,3.861838590897916923e+00
9.882640224831478918e+03,3.861838588388833315e+00
9.882640242847170157e+03,3.861838585877915175e+00
9.882640260862859577e+03,3.861838583365162059e+00
9.882640278878550816e+03,3.861838580850575298e+00
9.882640296894240237e+03,3.861838578334154448e+00
9.882640314909931476e+03,3.861838575815899066e+00
9.882640332925622715e+03,3.861838573295809596e+00
9.882640350941312136e+03,3.861838570773886037e+00
9.882640368957003375e+03,3.861838568250129278e+00
9.882640386972692795e+03,3.861838565724537098e+00
9.882640404988384034e+03,3.861838563197111274e+00
9.882640423004073455e+03,3.861838560667851805e+00
9.882640441019764694e+03,3.861838558136756916e+00
9.882640459035455933e+03,3.861838555603828382e+00
9.882640477051145353e+03,3.861838553069065760e+00
9.882640495066836593e+03,3.861838550532469938e+00
9.882640513082526013e+03,3.861838547994038695e+00
9.882640531098217252e+03,3.861838545453774252e+00
9.882640549113906673e+03,3.861838542911675720e+00
9.882640567129597912e+03,3.861838540367742656e+00
